time_s,dt_ms,instant_freq_hz,in_motion_window,A1_position_deg,A2_position_deg,A3_position_deg,A4_position_deg,A5_position_deg,A6_position_deg,A1_position_rad,A2_position_rad,A3_position_rad,A4_position_rad,A5_position_rad,A6_position_rad,A1_position_filtered_rad,A2_position_filtered_rad,A3_position_filtered_rad,A4_position_filtered_rad,A5_position_filtered_rad,A6_position_filtered_rad,A1_velocity_rad_s,A2_velocity_rad_s,A3_velocity_rad_s,A4_velocity_rad_s,A5_velocity_rad_s,A6_velocity_rad_s,A1_acceleration_rad_s2,A2_acceleration_rad_s2,A3_acceleration_rad_s2,A4_acceleration_rad_s2,A5_acceleration_rad_s2,A6_acceleration_rad_s2,A1_jerk_rad_s3,A2_jerk_rad_s3,A3_jerk_rad_s3,A4_jerk_rad_s3,A5_jerk_rad_s3,A6_jerk_rad_s3,A1_delta_q_rad,A2_delta_q_rad,A3_delta_q_rad,A4_delta_q_rad,A5_delta_q_rad,A6_delta_q_rad,X_mm,Y_mm,Z_mm,A_deg,B_deg,C_deg
0.0,,,0,0.0,-89.963005,89.963928,-0.004953,-0.006861,0.000177,0.0,-1.5701506422381213,1.5701667516271172,-8.644615785127915e-05,-0.00011974703997933095,3.0892327760299633e-06,0.0,-1.5701506422381215,1.5701667516271163,-8.644615785127909e-05,-0.00011974703997933091,3.089232776029961e-06,0.0,-3.6927133230851035e-15,4.9236177641134715e-15,-2.25385334660956e-19,-1.502568897739707e-19,9.391055610873168e-21,0.0,1.1416508939165855e-14,-4.671402424358979e-15,-2.9433226976013734e-20,-7.160509102697134e-19,7.188959448364528e-21,0.0,-3.586557074619672e-14,2.884371097203136e-14,-4.524152100095727e-19,1.1871420970110642e-18,-4.614229939394514e-20,,,,,,,525.294312,-1e-06,890.001465,38.800598,89.992378,38.800598
0.180391424,180.391424,5.543500781944046,0,0.0,-89.963005,89.963928,-0.004953,-0.006861,0.000177,0.0,-1.5701506422381213,1.5701667516271172,-8.644615785127915e-05,-0.00011974703997933095,3.0892327760299633e-06,0.0,-1.5701506422381222,1.5701667516271172,-8.644615785127913e-05,-0.00011974703997933094,3.089232776029963e-06,0.0,-1.7763568394002505e-15,0.0,-5.421010862427522e-20,0.0,6.776263578034403e-21,0.0,7.687892602527647e-15,-2.5511099836991594e-15,-1.905418887045466e-20,-5.44160894896482e-19,7.6218740904287605e-22,0.0,-3.22939960104438e-14,1.1430994303522866e-14,5.705904337052651e-19,2.6954315049726228e-18,-6.640854372671485e-20,0.0,0.0,0.0,0.0,0.0,0.0,525.294312,-1e-06,890.001465,38.800598,89.992378,38.800598
0.29546624,115.074816,8.689998687462598,0,0.0,-89.963005,89.963928,-0.004953,-0.006861,0.000177,0.0,-1.5701506422381213,1.5701667516271172,-8.644615785127915e-05,-0.00011974703997933095,3.0892327760299633e-06,0.0,-1.5701506422381222,1.5701667516271174,-8.644615785127915e-05,-0.00011974703997933097,3.0892327760299637e-06,0.0,-8.881784197001252e-16,4.440892098500626e-15,-2.710505431213761e-19,-4.336808689942018e-19,1.3552527156068805e-20,0.0,1.9540114025580906e-15,-4.0106258387945837e-16,5.207204112434916e-20,-1.3305434292666416e-19,-9.106324943745872e-21,0.0,-1.9300374800291815e-14,-1.2572009561991459e-14,1.63303226690236e-18,3.8659781036590686e-18,-7.271157742272948e-20,0.0,0.0,0.0,0.0,0.0,0.0,525.294312,-1e-06,890.001465,38.800598,89.992378,38.800598
0.407711232,112.24499199999998,8.909083444898817,0,0.0,-89.963005,89.963928,-0.004953,-0.006861,0.000177,0.0,-1.5701506422381213,1.5701667516271172,-8.644615785127915e-05,-0.00011974703997933095,3.0892327760299633e-06,0.0,-1.5701506422381224,1.5701667516271183,-8.64461578512792e-05,-0.00011974703997933103,3.0892327760299654e-06,0.0,-1.7763568394002505e-15,5.329070518200751e-15,-2.710505431213761e-19,-3.2526065174565133e-19,8.470329472543003e-21,0.0,-5.708122300429581e-17,-1.1178688018495723e-15,2.383110026825222e-19,4.085657070537199e-19,-1.849953226909448e-20,0.0,9.603814467142277e-16,-2.445451006614003e-14,1.5518375729706744e-18,3.032062809777157e-18,-3.687527970321799e-20,0.0,0.0,0.0,0.0,0.0,0.0,525.294312,-1e-06,890.001465,38.800598,89.992378,38.800598
0.519745536,112.03430399999998,8.925837572035082,0,0.0,-89.963005,89.963928,-0.004953,-0.006861,0.000177,0.0,-1.5701506422381213,1.5701667516271172,-8.644615785127915e-05,-0.00011974703997933095,3.0892327760299633e-06,0.0,-1.5701506422381224,1.5701667516271183,-8.64461578512792e-05,-0.00011974703997933103,3.0892327760299654e-06,0.0,-4.440892098500626e-16,0.0,0.0,0.0,0.0,0.0,1.6022685616629627e-15,-5.963626466004462e-15,4.329433984860833e-19,7.3592691556268795e-19,-2.1661800400990595e-20,0.0,1.1811106791635069e-14,-1.681024407597997e-14,5.486561467907066e-19,1.2304610097763504e-18,2.0900256471117204e-21,0.0,0.0,0.0,0.0,0.0,0.0,525.294312,-1e-06,890.001465,38.800598,89.992378,38.800598
0.698951936,179.2064000000001,5.5801578515053,0,0.0,-89.963005,89.963928,-0.004953,-0.006861,0.000177,0.0,-1.5701506422381213,1.5701667516271172,-8.644615785127915e-05,-0.00011974703997933095,3.0892327760299633e-06,0.0,-1.5701506422381224,1.5701667516271183,-8.64461578512792e-05,-0.00011974703997933103,3.0892327760299654e-06,0.0,-1.7763568394002505e-15,1.7763568394002505e-15,-1.0842021724855044e-19,-1.0842021724855044e-19,6.776263578034403e-21,0.0,6.633757219866892e-15,-1.0850111543214011e-14,5.50986528222921e-19,5.985695053641484e-19,-1.4096562238138742e-20,0.0,1.1264026912962352e-14,3.601749309688129e-15,-8.789311861302941e-19,-8.585635351849169e-19,2.727198566047762e-20,0.0,0.0,0.0,0.0,0.0,0.0,525.294312,-1e-06,890.001465,38.800598,89.992378,38.800598
0.813260288,114.308352,8.748267143244266,0,0.0,-89.963005,89.963928,-0.004953,-0.006861,0.000177,0.0,-1.5701506422381213,1.5701667516271172,-8.644615785127915e-05,-0.00011974703997933095,3.0892327760299633e-06,0.0,-1.5701506422381224,1.5701667516271183,-8.64461578512792e-05,-0.00011974703997933103,3.0892327760299654e-06,0.0,8.881784197001252e-16,-8.881784197001252e-16,5.421010862427522e-20,1.0842021724855044e-19,-1.6940658945086007e-21,0.0,6.680812825657259e-15,-4.698007487463947e-15,1.1174789800461124e-19,2.7030519864375565e-19,-5.22833960328801e-21,0.0,-5.7013381136136085e-15,2.3372714938161468e-14,-1.5653678536598074e-18,-1.742710625326961e-18,4.327342902365643e-20,0.0,0.0,0.0,0.0,0.0,0.0,525.294312,-1e-06,890.001465,38.800598,89.992378,38.800598
0.923804928,110.54463999999997,9.04611928719475,0,0.0,-89.963005,89.963928,-0.004953,-0.006861,0.000177,0.0,-1.5701506422381213,1.5701667516271172,-8.644615785127915e-05,-0.00011974703997933095,3.0892327760299633e-06,0.0,-1.5701506422381224,1.5701667516271183,-8.64461578512792e-05,-0.00011974703997933103,3.0892327760299654e-06,0.0,8.881784197001252e-16,-8.881784197001252e-16,0.0,0.0,0.0,0.0,4.101084581182382e-15,-1.844364524845783e-16,-1.1753414506394542e-19,2.3223225120901885e-19,-7.964855545629734e-21,0.0,-2.9290917592907995e-14,3.7613037837594977e-14,-1.6252890583856884e-18,-1.7205091518913003e-18,4.563971641685844e-20,0.0,0.0,0.0,0.0,0.0,0.0,525.294312,-1e-06,890.001465,38.800598,89.992378,38.800598
1.0349632,111.15827199999995,8.996181588717036,0,0.0,-89.963005,89.963928,-0.004953,-0.006861,0.000177,0.0,-1.5701506422381213,1.5701667516271172,-8.644615785127915e-05,-0.00011974703997933095,3.0892327760299633e-06,0.0,-1.5701506422381224,1.5701667516271183,-8.64461578512792e-05,-0.00011974703997933103,3.0892327760299654e-06,0.0,1.7763568394002505e-15,-4.440892098500626e-16,2.710505431213761e-20,5.421010862427522e-20,0.0,0.0,2.627464423483372e-16,8.896650337236254e-16,-3.176850009009226e-20,8.43443683792139e-20,-5.6616462387622975e-21,0.0,-2.929538223349787e-14,2.5401423341467752e-14,-7.62003250253193e-19,-1.2497590125282493e-18,3.034141716794768e-20,0.0,0.0,0.0,0.0,0.0,0.0,525.294312,-1e-06,890.001465,38.800598,89.992378,38.800598
1.211824896,176.86169600000002,5.65413553424253,0,0.0,-89.963005,89.963928,-0.004953,-0.006861,0.000177,0.0,-1.5701506422381213,1.5701667516271172,-8.644615785127915e-05,-0.00011974703997933095,3.0892327760299633e-06,0.0,-1.5701506422381224,1.5701667516271183,-8.64461578512792e-05,-0.00011974703997933103,3.0892327760299654e-06,0.0,0.0,0.0,-1.0842021724855044e-19,1.0842021724855044e-19,0.0,0.0,-5.2771050623763066e-15,4.923627238628095e-15,-1.6121276664372337e-19,-1.7198472121868558e-19,7.769151949704774e-21,0.0,-7.140637135615232e-15,-3.614628463645372e-15,6.704555151942003e-19,-1.6266530029269397e-18,2.2652372820353265e-20,0.0,0.0,0.0,0.0,0.0,0.0,525.294312,-1e-06,890.001465,38.800598,89.992378,38.800598
1.320957696,109.13280000000003,9.163148017827819,0,0.0,-89.963005,89.963928,-0.004953,-0.006861,0.000177,0.0,-1.5701506422381213,1.5701667516271172,-8.644615785127915e-05,-0.00011974703997933095,3.0892327760299633e-06,0.0,-1.5701506422381224,1.5701667516271183,-8.64461578512792e-05,-0.00011974703997933103,3.0892327760299654e-06,0.0,0.0,8.881784197001252e-16,0.0,0.0,0.0,0.0,-4.0464686957506626e-15,3.2997776499934428e-15,-7.140265333393894e-20,-2.5435192471876837e-19,5.154401756257933e-21,0.0,8.719090419988302e-15,-1.1027932758112437e-14,6.570085824511504e-19,-9.577034805118e-19,5.0679818620490374e-21,0.0,0.0,0.0,0.0,0.0,0.0,525.294312,-1e-06,890.001465,38.800598,89.992378,38.800598
1.432132352,111.17465599999998,8.994855805985136,0,0.0,-89.963005,89.963928,-0.004953,-0.006861,0.000177,0.0,-1.5701506422381213,1.5701667516271172,-8.644615785127915e-05,-0.00011974703997933095,3.0892327760299633e-06,0.0,-1.5701506422381224,1.5701667516271183,-8.64461578512792e-05,-0.00011974703997933103,3.0892327760299654e-06,0.0,-1.7763568394002505e-15,8.881784197001252e-16,-5.421010862427522e-20,-1.0842021724855044e-19,3.3881317890172014e-21,0.0,-7.133165594954224e-16,-5.22157676931082e-16,1.263464543890749e-19,-5.303067214440976e-19,2.168857911452721e-21,0.0,2.3319593446130266e-14,-1.8064557538636593e-14,5.87797755242254e-19,7.351283241486687e-19,-3.858990165956958e-20,0.0,0.0,0.0,0.0,0.0,0.0,525.294312,-1e-06,890.001465,38.800598,89.992378,38.800598
1.540832,108.69964799999998,9.199661805712564,0,0.0,-89.963005,89.963928,-0.004953,-0.006861,0.000177,0.0,-1.5701506422381213,1.5701667516271172,-8.644615785127915e-05,-0.00011974703997933095,3.0892327760299633e-06,0.0,-1.5701506422381224,1.5701667516271183,-8.64461578512792e-05,-0.00011974703997933103,3.0892327760299654e-06,0.0,4.440892098500626e-16,8.881784197001252e-16,-5.421010862427522e-20,0.0,1.6940658945086007e-21,0.0,2.1217859724941633e-15,-1.7198031126302146e-15,1.677397400271236e-19,-3.066487621719315e-19,-1.4260521358336754e-21,0.0,1.7710149409613235e-14,-1.548270921072364e-14,5.789796170633148e-19,1.2582954654517032e-18,-4.5473730328257725e-20,0.0,0.0,0.0,0.0,0.0,0.0,525.294312,-1e-06,890.001465,38.800598,89.992378,38.800598
1.719012864,178.18086399999999,5.612274952264235,0,0.0,-89.963005,89.963928,-0.004953,-0.006861,0.000177,0.0,-1.5701506422381213,1.5701667516271172,-8.644615785127915e-05,-0.00011974703997933095,3.0892327760299633e-06,0.0,-1.5701506422381224,1.5701667516271183,-8.64461578512792e-05,-0.00011974703997933103,3.0892327760299654e-06,0.0,0.0,0.0,0.0,-1.0842021724855044e-19,0.0,0.0,3.086825879618191e-15,-1.51185058877459e-15,2.6198129776751998e-20,2.299573410519728e-19,-8.150504136867534e-21,0.0,-6.479044051908461e-15,4.660334532996314e-15,-1.5555850416842105e-19,1.6585160031418777e-18,-1.262819431464412e-20,0.0,0.0,0.0,0.0,0.0,0.0,525.294312,-1e-06,890.001465,38.800598,89.992378,38.800598
1.83377536,114.762496,8.713648054500315,0,0.0,-89.963005,89.963928,-0.004953,-0.006861,0.000177,0.0,-1.5701506422381213,1.5701667516271172,-8.644615785127915e-05,-0.00011974703997933095,3.0892327760299633e-06,0.0,-1.5701506422381224,1.5701667516271183,-8.64461578512792e-05,-0.00011974703997933103,3.0892327760299654e-06,0.0,0.0,0.0,0.0,-1.0842021724855044e-19,0.0,0.0,1.0933421059697327e-15,-2.4071235280952753e-15,1.9307343416047554e-19,1.5737478396440702e-19,-1.0585720087953389e-20,0.0,-1.457832063321552e-14,1.026753421848421e-14,-4.567563475296272e-19,1.0755213935169518e-18,5.723472439907075e-21,0.0,0.0,0.0,0.0,0.0,0.0,525.294312,-1e-06,890.001465,38.800598,89.992378,38.800598
1.94769408,113.91872000000004,8.77818851897212,0,0.0,-89.963005,89.963928,-0.004953,-0.006861,0.000177,0.0,-1.5701506422381213,1.5701667516271172,-8.644615785127915e-05,-0.00011974703997933095,3.0892327760299633e-06,0.0,-1.5701506422381224,1.5701667516271183,-8.64461578512792e-05,-0.00011974703997933103,3.0892327760299654e-06,0.0,8.881784197001252e-16,8.881784197001252e-16,0.0,1.0842021724855044e-19,-1.6940658945086007e-21,0.0,-2.5050332035841026e-15,5.55509370173998e-16,1.0204757171111938e-19,1.8120416331106408e-19,-4.250576752930116e-21,0.0,-1.5762690844409548e-14,1.1391928752127254e-14,-6.426857511463696e-19,-7.031611352482804e-19,3.6250369948699684e-20,0.0,0.0,0.0,0.0,0.0,0.0,525.294312,-1e-06,890.001465,38.800598,89.992378,38.800598
2.061656576,113.96249599999986,8.774816585273818,0,0.0,-89.963005,89.963928,-0.004953,-0.006861,0.000177,0.0,-1.5701506422381213,1.5701667516271172,-8.644615785127915e-05,-0.00011974703997933095,3.0892327760299633e-06,0.0,-1.5701506422381224,1.5701667516271183,-8.64461578512792e-05,-0.00011974703997933103,3.0892327760299654e-06,0.0,-4.440892098500626e-16,-4.440892098500626e-16,-2.710505431213761e-20,-5.421010862427522e-20,-8.470329472543003e-22,0.0,-2.8882653384728757e-15,2.439749923896624e-15,-8.775052490553171e-20,2.083512999020974e-19,7.527076486480213e-22,0.0,-1.0123305749053239e-14,9.53874275641344e-15,-7.936363375152882e-19,-1.3112980700685688e-18,4.7388501735415885e-20,0.0,0.0,0.0,0.0,0.0,0.0,525.294312,-1e-06,890.001465,38.800598,89.992378,38.800598
2.243378432,181.72185600000023,5.502915400555884,0,0.0,-89.963005,89.963928,-0.004953,-0.006861,0.000177,0.0,-1.5701506422381213,1.5701667516271172,-8.644615785127915e-05,-0.00011974703997933095,3.0892327760299633e-06,0.0,-1.5701506422381224,1.5701667516271183,-8.64461578512792e-05,-0.00011974703997933103,3.0892327760299654e-06,0.0,0.0,0.0,1.0842021724855044e-19,0.0,-3.3881317890172014e-21,0.0,-2.6530109035144313e-15,1.49171809320565e-15,-1.5199276861477533e-19,-1.6479547843035026e-19,5.003115278602895e-21,0.0,2.174693856103626e-15,-3.7995708883803914e-15,-6.992276390935806e-19,-1.4858632876389895e-18,3.190093545174412e-20,0.0,0.0,0.0,0.0,0.0,0.0,525.294312,-1e-06,890.001465,38.800598,89.992378,38.800598
2.352775168,109.39673599999989,9.14104055170349,0,0.0,-89.963005,89.963928,-0.004953,-0.006861,0.000177,0.0,-1.5701506422381213,1.5701667516271172,-8.644615785127915e-05,-0.00011974703997933095,3.0892327760299633e-06,0.0,-1.5701506422381224,1.5701667516271183,-8.64461578512792e-05,-0.00011974703997933103,3.0892327760299654e-06,0.0,-1.7763568394002505e-15,1.7763568394002505e-15,-1.0842021724855044e-19,0.0,1.6940658945086007e-21,0.0,-3.216168364423024e-15,2.4424515177937957e-15,-2.6361334517614195e-19,-3.430268243947051e-19,1.2408356127900493e-20,0.0,8.202502280620865e-15,-1.1497562241212214e-14,-8.492179366896957e-20,-1.0476381768711334e-18,8.627835956416878e-21,0.0,0.0,0.0,0.0,0.0,0.0,525.294312,-1e-06,890.001465,38.800598,89.992378,38.800598
2.467899392,115.12422400000011,8.68626919040079,0,0.0,-89.963005,89.963928,-0.004953,-0.006861,0.000177,0.0,-1.5701506422381213,1.5701667516271172,-8.644615785127915e-05,-0.00011974703997933095,3.0892327760299633e-06,0.0,-1.5701506422381224,1.5701667516271183,-8.64461578512792e-05,-0.00011974703997933103,3.0892327760299654e-06,0.0,0.0,0.0,0.0,0.0,-1.6940658945086007e-21,0.0,-1.9276191242696352e-15,1.7029015157890296e-16,-2.5719669854680786e-19,-3.786818808726874e-19,1.1457483996484113e-20,0.0,1.4966597892843377e-14,-1.2967870470418392e-14,9.029064879311711e-19,7.633251708229378e-19,-3.2115673432454647e-20,0.0,0.0,0.0,0.0,0.0,0.0,525.294312,-1e-06,890.001465,38.800598,89.992378,38.800598
2.577663232,109.76383999999983,9.110468438421993,0,0.0,-89.963005,89.963928,-0.004953,-0.006861,0.000177,0.0,-1.5701506422381213,1.5701667516271172,-8.644615785127915e-05,-0.00011974703997933095,3.0892327760299633e-06,0.0,-1.5701506422381224,1.5701667516271183,-8.64461578512792e-05,-0.00011974703997933103,3.0892327760299654e-06,0.0,-1.3322676295501878e-15,1.3322676295501878e-15,-1.0842021724855044e-19,-1.0842021724855044e-19,3.3881317890172014e-21,0.0,1.567093361402557e-16,-2.338895259350295e-15,-7.021595162182574e-20,-2.4468510420126183e-19,3.2112022402799584e-21,0.0,1.4903613166338104e-14,-8.037940481660951e-15,1.2011554521395652e-18,1.5782974911492504e-18,-4.511007242961719e-20,0.0,0.0,0.0,0.0,0.0,0.0,525.294312,-1e-06,890.001465,38.800598,89.992378,38.800598
2.7578432,180.17996800000003,5.550006535687696,0,0.0,-89.963005,89.963928,-0.004953,-0.006861,0.000177,0.0,-1.5701506422381213,1.5701667516271172,-8.644615785127915e-05,-0.00011974703997933095,3.0892327760299633e-06,0.0,-1.5701506422381224,1.5701667516271183,-8.64461578512792e-05,-0.00011974703997933103,3.0892327760299654e-06,0.0,-1.7763568394002505e-15,0.0,-5.421010862427522e-20,-2.168404344971009e-19,3.3881317890172014e-21,0.0,2.8862060245563844e-15,-2.0912598344431668e-15,1.557017531221564e-19,1.9096513826766005e-19,-5.194431087384162e-21,0.0,1.3863416905911093e-15,1.0078051589189332e-14,6.991480274171212e-19,1.40222707970865e-18,-1.88658796569181e-20,0.0,0.0,0.0,0.0,0.0,0.0,525.294312,-1e-06,890.001465,38.800598,89.992378,38.800598
2.868680704,110.83750400000002,9.022216884277723,0,0.0,-89.963005,89.963928,-0.004953,-0.006861,0.000177,0.0,-1.5701506422381213,1.5701667516271172,-8.644615785127915e-05,-0.00011974703997933095,3.0892327760299633e-06,0.0,-1.5701506422381224,1.5701667516271183,-8.64461578512792e-05,-0.00011974703997933103,3.0892327760299654e-06,0.0,0.0,0.0,0.0,0.0,-1.6940658945086007e-21,0.0,3.1082816602859623e-15,-7.366253529701408e-16,2.684002329767924e-19,3.0897170638655304e-19,-7.115184897887555e-21,0.0,-5.178576058105736e-15,1.527609151435398e-14,2.7867415849048944e-20,7.160801178567268e-19,6.668030169687136e-21,0.0,0.0,0.0,0.0,0.0,0.0,525.294312,-1e-06,890.001465,38.800598,89.992378,38.800598
2.97453184,105.85113600000007,9.447229739697828,0,0.0,-89.963005,89.963928,-0.004953,-0.006861,0.000177,0.0,-1.5701506422381213,1.5701667516271172,-8.644615785127915e-05,-0.00011974703997933095,3.0892327760299633e-06,0.0,-1.5701506422381224,1.5701667516271183,-8.64461578512792e-05,-0.00011974703997933103,3.0892327760299654e-06,0.0,0.0,0.0,0.0,0.0,0.0,0.0,4.525245046519639e-16,2.6306396562704054e-15,1.6938691968782651e-19,2.614234110328816e-19,-1.5529306430050522e-21,0.0,-7.06163019060733e-15,8.188621985879394e-15,-6.535515361581778e-19,-5.010499194534635e-19,2.2390183359678967e-20,0.0,0.0,0.0,0.0,0.0,0.0,525.294312,-1e-06,890.001465,38.800598,89.992378,38.800598
3.087738624,113.20678399999994,8.83339288217922,0,0.0,-89.963005,89.963928,-0.004953,-0.006861,0.000177,0.0,-1.5701506422381213,1.5701667516271172,-8.644615785127915e-05,-0.00011974703997933095,3.0892327760299633e-06,0.0,-1.5701506422381224,1.5701667516271183,-8.64461578512792e-05,-0.00011974703997933103,3.0892327760299654e-06,0.0,4.440892098500626e-16,0.0,2.710505431213761e-20,0.0,-8.470329472543003e-22,0.0,-1.7607916914162274e-15,3.6639627511826445e-15,-8.503344470656154e-20,9.554043654027211e-20,5.79327126739401e-21,0.0,-4.401425169331334e-15,5.780332238182791e-18,-7.22475299538191e-19,-8.87395550714573e-19,1.6867864970435466e-20,0.0,0.0,0.0,0.0,0.0,0.0,525.294312,-1e-06,890.001465,38.800598,89.992378,38.800598
3.26752512,179.78649600000017,5.562153010646578,0,0.0,-89.963005,89.963928,-0.004953,-0.006861,0.000177,0.0,-1.5701506422381213,1.5701667516271172,-8.644615785127915e-05,-0.00011974703997933095,3.0892327760299633e-06,0.0,-1.5701506422381224,1.5701667516271183,-8.64461578512792e-05,-0.00011974703997933103,3.0892327760299654e-06,0.0,-1.7763568394002505e-15,1.7763568394002505e-15,0.0,-1.0842021724855044e-19,3.3881317890172014e-21,0.0,1.6576596502367293e-15,-7.473511770249811e-16,-6.271488635741465e-21,-2.901518724234187e-20,-3.566973398498221e-23,0.0,6.2072278893968686e-15,-1.0482150671612603e-14,-1.1115743397327374e-19,-8.138391161792131e-19,-5.44882601267388e-21,0.0,0.0,0.0,0.0,0.0,0.0,525.294312,-1e-06,890.001465,38.800598,89.992378,38.800598
3.377460992,109.93587199999988,9.096212017129414,0,0.0,-89.963005,89.963928,-0.004953,-0.006861,0.000177,0.0,-1.5701506422381213,1.5701667516271172,-8.644615785127915e-05,-0.00011974703997933095,3.0892327760299633e-06,0.0,-1.5701506422381224,1.5701667516271183,-8.64461578512792e-05,-0.00011974703997933103,3.0892327760299654e-06,0.0,-8.881784197001252e-16,8.881784197001252e-16,-5.421010862427522e-20,0.0,1.6940658945086007e-21,0.0,1.2199573904513727e-15,-4.357131546871535e-16,-3.1465542530197706e-20,-2.1272648991520146e-20,-8.4491410729979435e-22,0.0,3.0746557281000606e-15,-8.93101395290607e-15,1.4286730484304608e-19,-7.531309136438064e-19,-6.243653357457034e-21,0.0,0.0,0.0,0.0,0.0,0.0,525.294312,-1e-06,890.001465,38.800598,89.992378,38.800598
3.491712,114.2510080000001,8.752658007183614,0,0.0,-89.963005,89.963928,-0.004953,-0.006861,0.000177,0.0,-1.5701506422381213,1.5701667516271172,-8.644615785127915e-05,-0.00011974703997933095,3.0892327760299633e-06,0.0,-1.5701506422381224,1.5701667516271183,-8.64461578512792e-05,-0.00011974703997933103,3.0892327760299654e-06,0.0,8.881784197001252e-16,0.0,0.0,0.0,0.0,0.0,1.2797217410061705e-15,-7.987167939064986e-16,-1.4653819011317914e-20,-1.1565618346262611e-19,1.1871458266272525e-22,0.0,-7.291894548849217e-15,-1.3327785822343856e-15,-1.5695435984980984e-20,2.5180083283074875e-20,1.1626712737282026e-21,0.0,0.0,0.0,0.0,0.0,0.0,525.294312,-1e-06,890.001465,38.800598,89.992378,38.800598
3.603044864,111.33286399999997,8.982073792694313,0,0.0,-89.963005,89.963928,-0.004953,-0.006861,0.000177,0.0,-1.5701506422381213,1.5701667516271172,-8.644615785127915e-05,-0.00011974703997933095,3.0892327760299633e-06,0.0,-1.5701506422381224,1.5701667516271183,-8.64461578512792e-05,-0.00011974703997933103,3.0892327760299654e-06,0.0,4.440892098500626e-16,0.0,2.710505431213761e-20,-5.421010862427522e-20,0.0,0.0,1.0616290508081241e-15,-1.2631449175494945e-15,3.573158344778145e-20,-1.7285861613791313e-19,-1.0207483584337527e-22,0.0,-3.90486330503672e-15,-3.501307458075169e-15,-6.596351124490046e-20,7.470596667368878e-19,-9.524480157140254e-21,0.0,0.0,0.0,0.0,0.0,0.0,525.294312,-1e-06,890.001465,38.800598,89.992378,38.800598
3.780012288,176.96742399999988,5.6507575089074065,0,0.0,-89.963005,89.963928,-0.004953,-0.006861,0.000177,0.0,-1.5701506422381213,1.5701667516271172,-8.644615785127915e-05,-0.00011974703997933095,3.0892327760299633e-06,0.0,-1.5701506422381224,1.5701667516271183,-8.64461578512792e-05,-0.00011974703997933103,3.0892327760299654e-06,0.0,-1.7763568394002505e-15,1.7763568394002505e-15,-5.421010862427522e-20,-1.0842021724855044e-19,3.3881317890172014e-21,0.0,-2.5311068222132684e-15,-4.228511667360122e-16,-8.365172354145533e-20,-1.8506671897595906e-20,1.8965793187579177e-21,0.0,1.1719102550483173e-14,-1.3366895416746101e-14,3.4760740146726626e-19,1.2533740503414362e-18,-4.814947173310029e-20,0.0,0.0,0.0,0.0,0.0,0.0,525.294312,-1e-06,890.001465,38.800598,89.992378,38.800598
3.89335936,113.34707199999983,8.822459922034877,0,0.0,-89.963005,89.963928,-0.004953,-0.006861,0.000177,0.0,-1.5701506422381213,1.5701667516271172,-8.644615785127915e-05,-0.00011974703997933095,3.0892327760299633e-06,0.0,-1.5701506422381224,1.5701667516271183,-8.64461578512792e-05,-0.00011974703997933103,3.0892327760299654e-06,0.0,0.0,0.0,0.0,-1.0842021724855044e-19,1.6940658945086007e-21,0.0,2.5657569654463023e-15,-4.60719693929749e-15,1.4508770321668595e-20,3.988880414463891e-19,-1.1084029073238884e-20,0.0,1.3539391716298223e-14,-8.690418698041991e-15,4.275670167965886e-19,1.058215016703992e-18,-4.085108829614303e-20,0.0,0.0,0.0,0.0,0.0,0.0,525.294312,-1e-06,890.001465,38.800598,89.992378,38.800598
4.004068864,110.7095039999999,9.032648181677347,0,0.0,-89.963005,89.963928,-0.004953,-0.006861,0.000177,0.0,-1.5701506422381213,1.5701667516271172,-8.644615785127915e-05,-0.00011974703997933095,3.0892327760299633e-06,0.0,-1.5701506422381224,1.5701667516271183,-8.64461578512792e-05,-0.00011974703997933103,3.0892327760299654e-06,0.0,-8.881784197001252e-16,0.0,-5.421010862427522e-20,0.0,0.0,0.0,6.948552623495313e-15,-6.8583202221617894e-15,1.6821460826055326e-19,4.317601861108473e-19,-2.0346458101957082e-20,0.0,9.272162858167036e-15,3.149061328457065e-15,3.958387712208225e-19,-8.269921178430765e-20,4.1335506360892004e-21,0.0,0.0,0.0,0.0,0.0,0.0,525.294312,-1e-06,890.001465,38.800598,89.992378,38.800598
4.115599872,111.53100800000004,8.966116400561893,0,0.0,-89.963005,89.963928,-0.004953,-0.006861,0.000177,0.0,-1.5701506422381213,1.5701667516271172,-8.644615785127915e-05,-0.00011974703997933095,3.0892327760299633e-06,0.0,-1.5701506422381224,1.5701667516271183,-8.64461578512792e-05,-0.00011974703997933103,3.0892327760299654e-06,0.0,1.3322676295501878e-15,-1.3322676295501878e-15,2.710505431213761e-20,5.421010862427522e-20,-2.541098841762901e-21,0.0,4.140164995972341e-15,-3.5820457615161345e-15,1.5165037982377525e-19,1.4947527207090431e-19,-1.2395975861181168e-20,0.0,1.2936951514950734e-16,1.0279469279048933e-14,2.0544919722701814e-19,-9.549650284664437e-19,3.757142989876081e-20,0.0,0.0,0.0,0.0,0.0,0.0,525.294312,-1e-06,890.001465,38.800598,89.992378,38.800598
4.2953344,179.734528,5.5637612379074985,0,0.0,-89.963005,89.963928,-0.004953,-0.006861,0.000177,0.0,-1.5701506422381213,1.5701667516271172,-8.644615785127915e-05,-0.00011974703997933095,3.0892327760299633e-06,0.0,-1.5701506422381224,1.5701667516271183,-8.64461578512792e-05,-0.00011974703997933103,3.0892327760299654e-06,0.0,1.7763568394002505e-15,-1.7763568394002505e-15,5.421010862427522e-20,1.0842021724855044e-19,-6.776263578034403e-21,0.0,1.7803915357380837e-15,6.236525090052741e-16,8.688379964683717e-20,4.974938485715297e-20,3.606202765702707e-21,0.0,-1.1283388798869893e-14,1.4066587375503259e-14,-1.2907422217069855e-19,-5.645284811418224e-19,5.492984556008351e-20,0.0,0.0,0.0,0.0,0.0,0.0,525.294312,-1e-06,890.001465,38.800598,89.992378,38.800598
4.40779008,112.45568000000006,8.892392096157344,0,0.0,-89.963005,89.963928,-0.004953,-0.006861,0.000177,0.0,-1.5701506422381213,1.5701667516271172,-8.644615785127915e-05,-0.00011974703997933095,3.0892327760299633e-06,0.0,-1.5701506422381224,1.5701667516271183,-8.64461578512792e-05,-0.00011974703997933103,3.0892327760299654e-06,0.0,0.0,0.0,0.0,-1.0842021724855044e-19,0.0,0.0,1.3063752966352438e-15,3.7166136557170876e-16,8.068510404121039e-20,-9.345273433599628e-20,7.93352058526497e-21,0.0,-7.508748171879246e-15,6.1732329564626165e-15,-1.2826261218870454e-19,-8.302248235970741e-20,3.1418349199715505e-20,0.0,0.0,0.0,0.0,0.0,0.0,525.294312,-1e-06,890.001465,38.800598,89.992378,38.800598
4.5189312,111.14112000000009,8.997569936311594,0,0.0,-89.963005,89.963928,-0.004953,-0.006861,0.000177,0.0,-1.5701506422381213,1.5701667516271172,-8.644615785127915e-05,-0.00011974703997933095,3.0892327760299633e-06,0.0,-1.5701506422381224,1.5701667516271183,-8.64461578512792e-05,-0.00011974703997933103,3.0892327760299654e-06,0.0,8.881784197001252e-16,-8.881784197001252e-16,5.421010862427522e-20,1.0842021724855044e-19,-1.6940658945086007e-21,0.0,4.523428070450241e-16,4.523428070450245e-16,8.553480128492535e-20,-1.597875854819901e-20,6.302740777570212e-21,0.0,-7.092086290232585e-15,1.752478800643129e-16,-1.8178037123064283e-19,-3.055131840019892e-19,-5.5962824872196625e-21,0.0,0.0,0.0,0.0,0.0,0.0,525.294312,-1e-06,890.001465,38.800598,89.992378,38.800598
4.633028864,114.09766399999998,8.764421329432302,0,0.0,-89.963005,89.963928,-0.004953,-0.006861,0.000177,0.0,-1.5701506422381213,1.5701667516271172,-8.644615785127915e-05,-0.00011974703997933095,3.0892327760299633e-06,0.0,-1.5701506422381224,1.5701667516271183,-8.64461578512792e-05,-0.00011974703997933103,3.0892327760299654e-06,0.0,1.7763568394002505e-15,-8.881784197001252e-16,2.710505431213761e-20,5.421010862427522e-20,0.0,0.0,1.6956868732546085e-15,-1.5423204546238586e-16,1.1572623830145042e-19,1.925641584971144e-19,7.249694723915681e-22,0.0,-1.2050995467384011e-14,6.510172519118524e-15,-3.6487676492481034e-19,-6.289304032591721e-19,-8.856925168356881e-21,0.0,0.0,0.0,0.0,0.0,0.0,525.294312,-1e-06,890.001465,38.800598,89.992378,38.800598
4.811407872,178.37900800000028,5.606040818435308,0,0.0,-89.963005,89.963928,-0.004953,-0.006861,0.000177,0.0,-1.5701506422381213,1.5701667516271172,-8.644615785127915e-05,-0.00011974703997933095,3.0892327760299633e-06,0.0,-1.5701506422381224,1.5701667516271183,-8.64461578512792e-05,-0.00011974703997933103,3.0892327760299654e-06,0.0,1.7763568394002505e-15,-1.7763568394002505e-15,1.0842021724855044e-19,0.0,-3.3881317890172014e-21,0.0,-2.173885668627433e-15,9.91958277650328e-16,-4.383151382648949e-20,-2.5180755331706684e-19,3.5774633258150015e-21,0.0,-1.6457875923922832e-14,1.4907118617734026e-14,-1.0160056269624592e-18,-9.5388090334874e-19,1.718953402958435e-20,0.0,0.0,0.0,0.0,0.0,0.0,525.294312,-1e-06,890.001465,38.800598,89.992378,38.800598
4.924911872,113.50399999999982,8.81026219340289,0,0.0,-89.963005,89.963928,-0.004953,-0.006861,0.000177,0.0,-1.5701506422381213,1.5701667516271172,-8.644615785127915e-05,-0.00011974703997933095,3.0892327760299633e-06,0.0,-1.5701506422381224,1.5701667516271183,-8.64461578512792e-05,-0.00011974703997933103,3.0892327760299654e-06,0.0,8.881784197001252e-16,0.0,5.421010862427522e-20,1.0842021724855044e-19,-1.6940658945086007e-21,0.0,-5.8000534854768674e-15,5.815831237939784e-15,-1.4827341076627122e-19,-3.867178846956867e-19,8.192214431384672e-21,0.0,-1.02353309721194e-14,8.411671658918422e-15,-9.639728963774491e-19,-4.904904552258981e-19,1.1977501268771473e-20,0.0,0.0,0.0,0.0,0.0,0.0,525.294312,-1e-06,890.001465,38.800598,89.992378,38.800598
5.03762048,112.70860800000015,8.872436788501536,0,0.0,-89.963005,89.963928,-0.004953,-0.006861,0.000177,0.0,-1.5701506422381213,1.5701667516271172,-8.644615785127915e-05,-0.00011974703997933095,3.0892327760299633e-06,0.0,-1.5701506422381224,1.5701667516271183,-8.64461578512792e-05,-0.00011974703997933103,3.0892327760299654e-06,0.0,8.881784197001252e-16,-8.881784197001252e-16,5.421010862427522e-20,0.0,0.0,0.0,-5.9748120376983265e-15,7.106910096421844e-15,-2.9992304989750465e-19,-2.6128344124222614e-19,9.928454718781979e-21,0.0,1.0176120152147087e-14,-8.187958598837823e-15,-1.324246824570639e-20,1.3038176803368376e-18,-2.1136167514877788e-20,0.0,0.0,0.0,0.0,0.0,0.0,525.294312,-1e-06,890.001465,38.800598,89.992378,38.800598
5.15160576,113.98527999999963,8.773062627033974,0,0.0,-89.963005,89.963928,-0.004953,-0.006861,0.000177,0.0,-1.5701506422381213,1.5701667516271172,-8.644615785127915e-05,-0.00011974703997933095,3.0892327760299633e-06,0.0,-1.5701506422381224,1.5701667516271183,-8.64461578512792e-05,-0.00011974703997933103,3.0892327760299654e-06,0.0,-8.881784197001252e-16,8.881784197001252e-16,-2.710505431213761e-20,-1.0842021724855044e-19,2.541098841762901e-21,0.0,-2.714285078751005e-15,1.9573419151782246e-15,-2.9609652990816153e-19,-1.1727724301836796e-19,6.0481990667201826e-21,0.0,2.036149374162063e-14,-1.8235004002862155e-14,6.506138676595597e-19,1.9228620491739843e-18,-3.6765453723038715e-20,0.0,0.0,0.0,0.0,0.0,0.0,525.294312,-1e-06,890.001465,38.800598,89.992378,38.800598
5.327421184,175.8154240000005,5.687783115092321,0,0.0,-89.963005,89.963928,-0.004953,-0.006861,0.000177,0.0,-1.5701506422381213,1.5701667516271172,-8.644615785127915e-05,-0.00011974703997933095,3.0892327760299633e-06,0.0,-1.5701506422381224,1.5701667516271183,-8.64461578512792e-05,-0.00011974703997933103,3.0892327760299654e-06,0.0,0.0,1.7763568394002505e-15,0.0,0.0,0.0,0.0,2.035143073955502e-15,-1.8661275779882345e-15,2.776823416474887e-20,3.4789811457329165e-19,-7.356623502853779e-21,0.0,1.3149227086072354e-14,-1.896892715105578e-14,1.1227090663205552e-18,7.939922402535091e-19,-3.1658312134338904e-20,0.0,0.0,0.0,0.0,0.0,0.0,525.294312,-1e-06,890.001465,38.800598,89.992378,38.800598
5.439731456,112.31027199999932,8.90390506756146,0,0.0,-89.963005,89.963928,-0.004953,-0.006861,0.000177,0.0,-1.5701506422381213,1.5701667516271172,-8.644615785127915e-05,-0.00011974703997933095,3.0892327760299633e-06,0.0,-1.5701506422381224,1.5701667516271183,-8.64461578512792e-05,-0.00011974703997933103,3.0892327760299654e-06,0.0,0.0,-8.881784197001252e-16,-5.421010862427522e-20,0.0,0.0,0.0,2.8865148264046536e-15,-2.5391108927912914e-15,1.3019826354662097e-19,3.710605810523441e-19,-7.240298627660985e-21,0.0,9.558248075180603e-16,-1.811270370247169e-15,6.487570675316334e-19,-6.883024431169594e-19,-3.601773847140024e-21,0.0,0.0,0.0,0.0,0.0,0.0,525.294312,-1e-06,890.001465,38.800598,89.992378,38.800598
5.54865536,108.92390400000008,9.180721249212656,0,0.0,-89.963005,89.963928,-0.004953,-0.006861,0.000177,0.0,-1.5701506422381213,1.5701667516271172,-8.644615785127915e-05,-0.00011974703997933095,3.0892327760299633e-06,0.0,-1.5701506422381224,1.5701667516271183,-8.64461578512792e-05,-0.00011974703997933103,3.0892327760299654e-06,0.0,1.7763568394002505e-15,-1.7763568394002505e-15,5.421010862427522e-20,2.168404344971009e-19,-3.3881317890172014e-21,0.0,6.932128666562813e-16,-2.545504814647771e-15,1.1349773564475635e-19,5.691344304896593e-20,-2.8370882138523346e-21,0.0,-1.1527915801432458e-14,1.479466130422102e-14,-6.009160570281007e-19,-2.1597204203976725e-18,3.6307397649573165e-20,0.0,0.0,0.0,0.0,0.0,0.0,525.294312,-1e-06,890.001465,38.800598,89.992378,38.800598
5.662374144,113.71878400000045,8.793621993003336,0,0.0,-89.963005,89.963928,-0.004953,-0.006861,0.000177,0.0,-1.5701506422381213,1.5701667516271172,-8.644615785127915e-05,-0.00011974703997933095,3.0892327760299633e-06,0.0,-1.5701506422381224,1.5701667516271183,-8.64461578512792e-05,-0.00011974703997933103,3.0892327760299654e-06,0.0,0.0,8.881784197001252e-16,2.710505431213761e-20,-2.710505431213761e-20,0.0,0.0,-1.5175455641481554e-15,4.407181045702772e-16,3.723828162311288e-20,-1.6624220171268046e-19,1.3540744199080463e-22,0.0,-1.0144558002042157e-14,9.76051779207539e-15,-8.493944312231047e-19,-1.5788138595100858e-18,3.317417470524911e-20,0.0,0.0,0.0,0.0,0.0,0.0,525.294312,-1e-06,890.001465,38.800598,89.992378,38.800598
5.87193856,209.56441600000008,4.771802480054627,0,0.0,-89.963005,89.963928,-0.004953,-0.006861,0.000177,0.0,-1.5701506422381213,1.5701667516271172,-8.644615785127915e-05,-0.00011974703997933095,3.0892327760299633e-06,0.0,-1.5701506422381224,1.5701667516271183,-8.64461578512792e-05,-0.00011974703997933103,3.0892327760299654e-06,0.0,0.0,0.0,0.0,0.0,0.0,0.0,-1.7824083543674925e-15,3.7290003594605986e-15,-2.46153496726789e-19,-5.110701044276674e-19,8.530691252239409e-21,0.0,1.1993497439796669e-15,-4.0388057828077735e-15,2.722678603252789e-20,9.133809565373994e-19,-1.3917631184519786e-21,0.0,0.0,0.0,0.0,0.0,0.0,525.294312,-1e-06,890.001465,38.800598,89.992378,38.800598
5.98446208,112.52351999999988,8.887030906960616,0,0.0,-89.963005,89.963928,-0.004953,-0.006861,0.000177,0.0,-1.5701506422381213,1.5701667516271172,-8.644615785127915e-05,-0.00011974703997933095,3.0892327760299633e-06,0.0,-1.5701506422381224,1.5701667516271183,-8.64461578512792e-05,-0.00011974703997933103,3.0892327760299654e-06,0.0,0.0,0.0,0.0,0.0,-1.6940658945086007e-21,0.0,-3.1382664981692276e-16,-1.3085935437630345e-15,-1.1982778533528505e-19,-2.624369804994625e-20,1.8603655970697732e-21,0.0,3.628332926070808e-15,-1.0237313310006958e-14,4.349112233146428e-19,1.6110783873462211e-18,-7.324435464748702e-21,0.0,0.0,0.0,0.0,0.0,0.0,525.294312,-1e-06,890.001465,38.800598,89.992378,38.800598
6.093702656,109.24057599999948,9.15410771909519,0,0.0,-89.963005,89.963928,-0.004953,-0.006861,0.000177,0.0,-1.5701506422381213,1.5701667516271172,-8.644615785127915e-05,-0.00011974703997933095,3.0892327760299633e-06,0.0,-1.5701506422381224,1.5701667516271183,-8.64461578512792e-05,-0.00011974703997933103,3.0892327760299654e-06,0.0,8.881784197001252e-16,0.0,0.0,0.0,0.0,0.0,8.053168547192791e-16,-4.093708635841579e-15,1.4505973407428317e-19,4.42668312235943e-19,-4.1728599170514875e-21,0.0,4.308988197865126e-15,-1.0698681173862322e-14,8.852724417762831e-19,1.5507725101954282e-18,-1.479174070839544e-20,0.0,0.0,0.0,0.0,0.0,0.0,525.294312,-1e-06,890.001465,38.800598,89.992378,38.800598
6.207449344,113.74668799999998,8.791464767747788,0,0.0,-89.963005,89.963928,-0.004953,-0.006861,0.000177,0.0,-1.5701506422381213,1.5701667516271172,-8.644615785127915e-05,-0.00011974703997933095,3.0892327760299633e-06,0.0,-1.5701506422381224,1.5701667516271183,-8.64461578512792e-05,-0.00011974703997933103,3.0892327760299654e-06,0.0,0.0,4.440892098500626e-16,-5.421010862427522e-20,-5.421010862427522e-20,1.6940658945086007e-21,0.0,-7.852746286984855e-16,-1.0258089780357945e-15,8.865820312902572e-20,1.5534149873281854e-19,2.385819073544734e-21,0.0,3.687285048474631e-15,1.0843737439495051e-15,6.323952736870216e-19,3.704122262958408e-19,-9.179063206250632e-21,0.0,0.0,0.0,0.0,0.0,0.0,525.294312,-1e-06,890.001465,38.800598,89.992378,38.800598
6.38488192,177.43257600000018,5.635943649941705,0,0.0,-89.963005,89.963928,-0.004953,-0.006861,0.000177,0.0,-1.5701506422381213,1.5701667516271172,-8.644615785127915e-05,-0.00011974703997933095,3.0892327760299633e-06,0.0,-1.5701506422381224,1.5701667516271183,-8.64461578512792e-05,-0.00011974703997933103,3.0892327760299654e-06,0.0,0.0,-1.7763568394002505e-15,1.0842021724855044e-19,2.168404344971009e-19,-3.3881317890172014e-21,0.0,7.04037733730673e-17,-1.0801191518608823e-15,9.495554118682412e-20,1.3576783072167772e-19,1.1904406685375408e-21,0.0,2.8676868690453217e-15,2.2652887630262176e-14,-6.843552348014433e-19,-2.04291139995452e-18,1.3999639217354926e-20,0.0,0.0,0.0,0.0,0.0,0.0,525.294312,-1e-06,890.001465,38.800598,89.992378,38.800598
6.492610304,107.72838400000052,9.282604666194521,0,0.0,-89.963005,89.963928,-0.004953,-0.006861,0.000177,0.0,-1.5701506422381213,1.5701667516271172,-8.644615785127915e-05,-0.00011974703997933095,3.0892327760299633e-06,0.0,-1.5701506422381224,1.5701667516271183,-8.64461578512792e-05,-0.00011974703997933103,3.0892327760299654e-06,0.0,0.0,0.0,0.0,0.0,1.6940658945086007e-21,0.0,1.6627109610310637e-15,1.6911386893390775e-15,9.594926318489542e-20,-5.2964600983116486e-20,-7.496036186319951e-22,0.0,2.1791697812437563e-15,1.6505024950355418e-14,-7.228831508420283e-19,-1.6967167640675122e-18,2.2911533899379597e-21,0.0,0.0,0.0,0.0,0.0,0.0,525.294312,-1e-06,890.001465,38.800598,89.992378,38.800598
6.60763392,115.02361599999932,8.693866831660081,0,0.0,-89.963005,89.963928,-0.004953,-0.006861,0.000177,0.0,-1.5701506422381213,1.5701667516271172,-8.644615785127915e-05,-0.00011974703997933095,3.0892327760299633e-06,0.0,-1.5701506422381224,1.5701667516271183,-8.64461578512792e-05,-0.00011974703997933103,3.0892327760299654e-06,0.0,0.0,0.0,0.0,0.0,1.6940658945086007e-21,0.0,1.852555817928587e-15,5.3473736368402335e-15,-1.0820849001052544e-19,-4.2661350328511303e-19,2.602987088661686e-21,0.0,-3.533771420834429e-15,-5.605002584899967e-16,-3.409833204943898e-19,-5.459978017436237e-19,-1.0130049418082307e-20,0.0,0.0,0.0,0.0,0.0,0.0,525.294312,-1e-06,890.001465,38.800598,89.992378,38.800598
6.7185984,110.96448000000069,9.01189281470966,0,0.0,-89.963005,89.963928,-0.004953,-0.006861,0.000177,0.0,-1.5701506422381213,1.5701667516271172,-8.644615785127915e-05,-0.00011974703997933095,3.0892327760299633e-06,0.0,-1.5701506422381224,1.5701667516271183,-8.64461578512792e-05,-0.00011974703997933103,3.0892327760299654e-06,0.0,1.3322676295501878e-15,0.0,5.421010862427522e-20,5.421010862427522e-20,-8.470329472543003e-22,0.0,-1.3772071388620311e-17,4.078040585264747e-15,-1.5334068044652392e-19,-3.697608257565779e-19,1.777663844568724e-21,0.0,-6.895471886658916e-15,-7.453936369429288e-15,-1.8042099874622334e-19,-8.167495366904501e-20,-5.378773541534069e-21,0.0,0.0,0.0,0.0,0.0,0.0,525.294312,-1e-06,890.001465,38.800598,89.992378,38.800598
6.899910912,181.31251199999986,5.515339173062699,0,0.0,-89.963005,89.963928,-0.004953,-0.006861,0.000177,0.0,-1.5701506422381213,1.5701667516271172,-8.644615785127915e-05,-0.00011974703997933095,3.0892327760299633e-06,0.0,-1.5701506422381224,1.5701667516271183,-8.64461578512792e-05,-0.00011974703997933103,3.0892327760299654e-06,0.0,0.0,1.7763568394002505e-15,0.0,-1.0842021724855044e-19,0.0,0.0,-8.455607947037174e-16,-1.921026804471765e-15,3.397447914573859e-20,-9.485676832042935e-21,-4.5115720025403825e-21,0.0,9.203480079049249e-16,-1.966120202900635e-14,4.808688734309601e-19,1.420697794055144e-18,-1.2634786661870413e-20,0.0,0.0,0.0,0.0,0.0,0.0,525.294312,-1e-06,890.001465,38.800598,89.992378,38.800598
7.011777792,111.86688000000001,8.939196301890247,0,0.0,-89.963005,89.963928,-0.004953,-0.006861,0.000177,0.0,-1.5701506422381213,1.5701667516271172,-8.644615785127915e-05,-0.00011974703997933095,3.0892327760299633e-06,0.0,-1.5701506422381224,1.5701667516271183,-8.64461578512792e-05,-0.00011974703997933103,3.0892327760299654e-06,0.0,0.0,0.0,0.0,0.0,0.0,0.0,-1.1285896260903976e-15,-1.5179514110190354e-15,-2.280815897925609e-20,-1.146530178733314e-19,-1.0918516641916307e-21,0.0,6.9103013645059546e-15,-1.4458829909642034e-14,6.054035056403371e-19,1.5407258200938297e-18,-1.0284161772240211e-20,0.0,0.0,0.0,0.0,0.0,0.0,525.294312,-1e-06,890.001465,38.800598,89.992378,38.800598
7.124016896,112.23910399999949,8.909550810384273,0,0.0,-89.963005,89.963928,-0.004953,-0.006861,0.000177,0.0,-1.5701506422381213,1.5701667516271172,-8.644615785127915e-05,-0.00011974703997933095,3.0892327760299633e-06,0.0,-1.5701506422381224,1.5701667516271183,-8.64461578512792e-05,-0.00011974703997933103,3.0892327760299654e-06,0.0,-8.881784197001252e-16,8.881784197001252e-16,0.0,-1.0842021724855044e-19,0.0,0.0,1.2413452977582316e-15,-2.4681305787041816e-15,4.665383167189612e-20,1.2839158161362374e-19,-2.721929885036475e-21,0.0,6.070506923756801e-15,5.491183699817517e-15,2.0153876403577145e-19,6.495745495617662e-19,5.402726304387127e-21,0.0,0.0,0.0,0.0,0.0,0.0,525.294312,-1e-06,890.001465,38.800598,89.992378,38.800598
7.235801344,111.78444800000076,8.945788237018384,0,0.0,-89.963005,89.963928,-0.004953,-0.006861,0.000177,0.0,-1.5701506422381213,1.5701667516271172,-8.644615785127915e-05,-0.00011974703997933095,3.0892327760299633e-06,0.0,-1.5701506422381224,1.5701667516271183,-8.64461578512792e-05,-0.00011974703997933103,3.0892327760299654e-06,0.0,1.3322676295501878e-15,-1.3322676295501878e-15,5.421010862427522e-20,5.421010862427522e-20,-1.6940658945086007e-21,0.0,2.756610127923019e-15,-2.630026005105742e-15,1.1586835765572382e-19,2.9729782717513335e-19,-3.219518886163133e-21,0.0,5.348674699266279e-16,1.1054765731021753e-14,-4.4138439280731374e-20,1.4603804790550427e-19,1.3200568466665445e-20,0.0,0.0,0.0,0.0,0.0,0.0,525.294312,-1e-06,890.001465,38.800598,89.992378,38.800598
7.42385536,188.0540159999997,5.317621081806631,0,0.0,-89.963005,89.963928,-0.004953,-0.006861,0.000177,0.0,-1.5701506422381213,1.5701667516271172,-8.644615785127915e-05,-0.00011974703997933095,3.0892327760299633e-06,0.0,-1.5701506422381224,1.5701667516271183,-8.64461578512792e-05,-0.00011974703997933103,3.0892327760299654e-06,0.0,0.0,1.7763568394002505e-15,0.0,-1.0842021724855044e-19,0.0,0.0,6.31859543070621e-16,1.0424781234752702e-15,4.3963893402919726e-20,1.1091473485709453e-19,1.4691463640701712e-22,0.0,-4.5882400729068205e-15,8.191658370311244e-16,-2.8881195162436996e-19,-4.887056343611237e-19,2.1787873005168e-20,0.0,0.0,0.0,0.0,0.0,0.0,525.294312,-1e-06,890.001465,38.800598,89.992378,38.800598
7.534686976,110.83161599999957,9.02269619528063,0,0.0,-89.963005,89.963928,-0.004953,-0.006861,0.000177,0.0,-1.5701506422381213,1.5701667516271172,-8.644615785127915e-05,-0.00011974703997933095,3.0892327760299633e-06,0.0,-1.5701506422381224,1.5701667516271183,-8.64461578512792e-05,-0.00011974703997933103,3.0892327760299654e-06,0.0,8.881784197001252e-16,-8.881784197001252e-16,5.421010862427522e-20,1.0842021724855044e-19,-1.6940658945086007e-21,0.0,-1.1942734384612662e-15,1.2510616967091986e-15,2.9709258988524938e-21,7.535344016125352e-20,3.3005575886743966e-21,0.0,-2.961955762167501e-15,-5.226235579556586e-15,-2.9444990311915397e-19,-4.887452130250935e-19,1.078289455003421e-20,0.0,0.0,0.0,0.0,0.0,0.0,525.294312,-1e-06,890.001465,38.800598,89.992378,38.800598
7.650440192,115.75321599999988,8.639068827254018,0,0.0,-89.963005,89.963928,-0.004953,-0.006861,0.000177,0.0,-1.5701506422381213,1.5701667516271172,-8.644615785127915e-05,-0.00011974703997933095,3.0892327760299633e-06,0.0,-1.5701506422381224,1.5701667516271183,-8.64461578512792e-05,-0.00011974703997933103,3.0892327760299654e-06,0.0,-8.881784197001252e-16,1.7763568394002505e-15,0.0,-1.0842021724855044e-19,3.3881317890172014e-21,0.0,-5.505573717284363e-16,-2.086845899254495e-15,-3.294223691700094e-20,1.4430213159333627e-20,6.638393169167894e-21,0.0,5.444347746790441e-16,-1.1280803143126413e-14,-1.1288692182156262e-19,1.7646586848745396e-19,-9.637810954043857e-21,0.0,0.0,0.0,0.0,0.0,0.0,525.294312,-1e-06,890.001465,38.800598,89.992378,38.800598
7.76272,112.27980800000026,8.906320894314298,0,0.0,-89.963005,89.963928,-0.004953,-0.006861,0.000177,0.0,-1.5701506422381213,1.5701667516271172,-8.644615785127915e-05,-0.00011974703997933095,3.0892327760299633e-06,0.0,-1.5701506422381224,1.5701667516271183,-8.64461578512792e-05,-0.00011974703997933103,3.0892327760299654e-06,0.0,8.881784197001252e-16,-4.440892098500626e-16,5.421010862427522e-20,5.421010862427522e-20,-2.541098841762901e-21,0.0,1.7203499593698006e-15,-3.9473320561695334e-15,-3.7762449581676833e-20,7.654263059759073e-20,1.6870916872502615e-21,0.0,5.843757950314576e-16,-7.904583912706561e-15,-1.3707118345632807e-19,3.3910683832325387e-19,-9.115357804047731e-21,0.0,0.0,0.0,0.0,0.0,0.0,525.294312,-1e-06,890.001465,38.800598,89.992378,38.800598
7.945074688,182.3546880000002,5.483818436299257,0,0.0,-89.963005,89.963928,-0.004953,-0.006861,0.000177,0.0,-1.5701506422381213,1.5701667516271172,-8.644615785127915e-05,-0.00011974703997933095,3.0892327760299633e-06,0.0,-1.5701506422381224,1.5701667516271183,-8.64461578512792e-05,-0.00011974703997933103,3.0892327760299654e-06,0.0,0.0,0.0,0.0,0.0,3.3881317890172014e-21,0.0,6.541353225444587e-16,-3.0266094703761618e-15,3.749234093133319e-20,2.397535987048871e-19,-5.72215464436564e-21,0.0,-2.0760834645900497e-15,6.5100515685454484e-15,-1.6196296734376483e-19,-6.500451253114297e-20,-7.728923077883115e-21,0.0,0.0,0.0,0.0,0.0,0.0,525.294312,-1e-06,890.001465,38.800598,89.992378,38.800598
8.059982336,114.90764799999909,8.702640924301296,0,0.0,-89.963005,89.963928,-0.004953,-0.006861,0.000177,0.0,-1.5701506422381213,1.5701667516271172,-8.644615785127915e-05,-0.00011974703997933095,3.0892327760299633e-06,0.0,-1.5701506422381224,1.5701667516271183,-8.64461578512792e-05,-0.00011974703997933103,3.0892327760299654e-06,0.0,8.881784197001252e-16,-8.881784197001252e-16,0.0,0.0,0.0,0.0,-1.7458210485377282e-15,-1.0127703575496815e-15,-1.199986527407208e-19,1.0675279267797895e-19,3.1305852163589456e-21,0.0,-4.782086324035166e-15,1.1808317723579713e-14,-1.0451576486868017e-19,-6.382836947016777e-19,-3.552753854583455e-23,0.0,0.0,0.0,0.0,0.0,0.0,525.294312,-1e-06,890.001465,38.800598,89.992378,38.800598
8.171955712,111.97337600000168,8.930694382207294,0,0.0,-89.963005,89.963928,-0.004953,-0.006861,0.000177,0.0,-1.5701506422381213,1.5701667516271172,-8.644615785127915e-05,-0.00011974703997933095,3.0892327760299633e-06,0.0,-1.5701506422381224,1.5701667516271183,-8.64461578512792e-05,-0.00011974703997933103,3.0892327760299654e-06,0.0,0.0,0.0,0.0,1.0842021724855044e-19,-1.6940658945086007e-21,0.0,-8.398141670340536e-16,1.7002199856454766e-16,-1.4228033935511894e-19,-3.746058276025048e-20,2.9644179865739837e-21,0.0,-9.81679949524245e-16,8.722209366638605e-15,4.5142068709340256e-20,-1.0125038600712827e-18,3.3376252005748134e-21,0.0,0.0,0.0,0.0,0.0,0.0,525.294312,-1e-06,890.001465,38.800598,89.992378,38.800598
8.28694656,114.9908479999997,8.696344251674729,0,0.0,-89.963005,89.963928,-0.004953,-0.006861,0.000177,0.0,-1.5701506422381213,1.5701667516271172,-8.644615785127915e-05,-0.00011974703997933095,3.0892327760299633e-06,0.0,-1.5701506422381224,1.5701667516271183,-8.64461578512792e-05,-0.00011974703997933103,3.0892327760299654e-06,0.0,-4.440892098500626e-16,-4.440892098500626e-16,2.710505431213761e-20,0.0,1.6940658945086007e-21,0.0,3.7146507508398844e-16,-1.9000171166523485e-16,6.5193970816437445e-21,-6.691430373183071e-20,-2.7257453763211184e-21,0.0,5.550422416141634e-15,1.3399878273343983e-15,3.7558542220287187e-19,-3.737687071647378e-19,-1.2221718043549415e-20,0.0,0.0,0.0,0.0,0.0,0.0,525.294312,-1e-06,890.001465,38.800598,89.992378,38.800598
8.468005632,181.05907200000004,5.523059347172617,0,0.0,-89.963005,89.963928,-0.004953,-0.006861,0.000177,0.0,-1.5701506422381213,1.5701667516271172,-8.644615785127915e-05,-0.00011974703997933095,3.0892327760299633e-06,0.0,-1.5701506422381224,1.5701667516271183,-8.64461578512792e-05,-0.00011974703997933103,3.0892327760299654e-06,0.0,0.0,0.0,-1.0842021724855044e-19,0.0,3.3881317890172014e-21,0.0,-3.145163906451129e-16,6.109026577562946e-16,1.8423603551777855e-20,-1.9164843854856312e-19,-1.3194223675128513e-21,0.0,4.998142224307249e-15,-6.786858392308347e-15,9.514246677067842e-19,1.1919272594504234e-18,-2.624595060363003e-20,0.0,0.0,0.0,0.0,0.0,0.0,525.294312,-1e-06,890.001465,38.800598,89.992378,38.800598
8.577547008,109.54137599999925,9.128970590984789,0,0.0,-89.963005,89.963928,-0.004953,-0.006861,0.000177,0.0,-1.5701506422381213,1.5701667516271172,-8.644615785127915e-05,-0.00011974703997933095,3.0892327760299633e-06,0.0,-1.5701506422381224,1.5701667516271183,-8.64461578512792e-05,-0.00011974703997933103,3.0892327760299654e-06,0.0,8.881784197001252e-16,-8.881784197001252e-16,5.421010862427522e-20,0.0,-1.6940658945086007e-21,0.0,2.0598334441580736e-15,-1.3253053142451738e-15,1.4790645204848456e-19,1.2846870252580166e-19,-8.20426906856212e-21,0.0,6.145178966978851e-15,-1.0161469500149057e-14,8.104679470858898e-19,1.5449650828470867e-18,-1.3286242900154143e-20,0.0,0.0,0.0,0.0,0.0,0.0,525.294312,-1e-06,890.001465,38.800598,89.992378,38.800598
8.691575296,114.02828800000009,8.769753694802462,0,0.0,-89.963005,89.963928,-0.004953,-0.006861,0.000177,0.0,-1.5701506422381213,1.5701667516271172,-8.644615785127915e-05,-0.00011974703997933095,3.0892327760299633e-06,0.0,-1.5701506422381224,1.5701667516271183,-8.64461578512792e-05,-0.00011974703997933103,3.0892327760299654e-06,0.0,-1.7763568394002505e-15,1.7763568394002505e-15,-5.421010862427522e-20,-1.0842021724855044e-19,1.6940658945086007e-21,0.0,2.3022674423135156e-15,-2.458901372117773e-15,3.064919309573176e-19,4.2540605708267e-19,-9.827547473052958e-21,0.0,9.393254600337275e-15,-5.803356613968558e-15,1.5283527072060004e-19,7.213792972487007e-19,7.759620771377791e-21,0.0,0.0,0.0,0.0,0.0,0.0,525.294312,-1e-06,890.001465,38.800598,89.992378,38.800598
8.807728384,116.15308800000079,8.609327717572116,0,0.0,-89.963005,89.963928,-0.004953,-0.006861,0.000177,0.0,-1.5701506422381213,1.5701667516271172,-8.644615785127915e-05,-0.00011974703997933095,3.0892327760299633e-06,0.0,-1.5701506422381224,1.5701667516271183,-8.64461578512792e-05,-0.00011974703997933103,3.0892327760299654e-06,0.0,1.3322676295501878e-15,-1.7763568394002505e-15,8.131516293641283e-20,1.6263032587282567e-19,-3.3881317890172014e-21,0.0,1.7082561750192685e-15,-2.5966241953166456e-15,2.3672689644777946e-19,3.514702443789722e-19,-4.787078943216873e-21,0.0,4.433023373157928e-15,5.504504033104817e-15,-5.033022259061205e-19,-6.242029028205876e-19,1.9509771579893818e-20,0.0,0.0,0.0,0.0,0.0,0.0,525.294312,-1e-06,890.001465,38.800598,89.992378,38.800598
8.99713536,189.40697599999902,5.279636585296654,0,0.0,-89.963005,89.963928,-0.004953,-0.006861,0.000177,0.0,-1.5701506422381213,1.5701667516271172,-8.644615785127915e-05,-0.00011974703997933095,3.0892327760299633e-06,0.0,-1.5701506422381224,1.5701667516271183,-8.64461578512792e-05,-0.00011974703997933103,3.0892327760299654e-06,0.0,8.881784197001252e-16,-8.881784197001252e-16,5.421010862427522e-20,1.0842021724855044e-19,0.0,0.0,4.265859550472846e-15,-1.927084746285269e-15,6.469040351986454e-20,9.623532357240825e-20,3.342976319213202e-23,0.0,-1.0706239443841853e-14,2.00216958121753e-14,-1.4579640654228358e-18,-2.2479868851333562e-18,2.642414817239331e-20,0.0,0.0,0.0,0.0,0.0,0.0,525.294312,-1e-06,890.001465,38.800598,89.992378,38.800598
9.119398144,122.26278400000012,8.179103790078909,0,0.0,-89.963005,89.963928,-0.004953,-0.006861,0.000177,0.0,-1.5701506422381213,1.5701667516271172,-8.644615785127915e-05,-0.00011974703997933095,3.0892327760299633e-06,0.0,-1.5701506422381224,1.5701667516271183,-8.64461578512792e-05,-0.00011974703997933103,3.0892327760299654e-06,0.0,8.881784197001252e-16,-8.881784197001252e-16,5.421010862427522e-20,1.0842021724855044e-19,-1.6940658945086007e-21,0.0,1.8481773360376784e-15,4.0391668292242976e-15,-1.8626396392000272e-19,-4.031062090724994e-19,3.399784965416614e-21,0.0,-1.7194905545659582e-14,1.881573459672684e-14,-1.2769505668834543e-18,-1.8356593275655617e-18,1.782131835246997e-20,0.0,0.0,0.0,0.0,0.0,0.0,525.294312,-1e-06,890.001465,38.800598,89.992378,38.800598
9.233245696,113.8475519999993,8.783675910747789,0,0.0,-89.963005,89.963928,-0.004953,-0.006861,0.000177,0.0,-1.5701506422381213,1.5701667516271172,-8.644615785127915e-05,-0.00011974703997933095,3.0892327760299633e-06,0.0,-1.5701506422381224,1.5701667516271183,-8.64461578512792e-05,-0.00011974703997933103,3.0892327760299654e-06,0.0,8.881784197001252e-16,0.0,0.0,0.0,0.0,0.0,-3.748233460160531e-15,7.59552096356857e-15,-4.225940927859152e-19,-6.548785600148238e-19,5.311679929211711e-21,0.0,-2.331826011769262e-14,8.569932302764681e-15,-4.2954878115223635e-19,-3.610696241062063e-19,7.499590453544587e-21,0.0,0.0,0.0,0.0,0.0,0.0,525.294312,-1e-06,890.001465,38.800598,89.992378,38.800598
9.349085952,115.84025600000025,8.63257760756328,0,0.0,-89.963005,89.963928,-0.004953,-0.006861,0.000177,0.0,-1.5701506422381213,1.5701667516271172,-8.644615785127915e-05,-0.00011974703997933095,3.0892327760299633e-06,0.0,-1.5701506422381224,1.5701667516271183,-8.64461578512792e-05,-0.00011974703997933103,3.0892327760299654e-06,0.0,1.3322676295501878e-15,4.440892098500626e-16,0.0,-2.710505431213761e-20,0.0,0.0,-4.088997412579712e-15,3.700746043338934e-15,-2.441290403508075e-19,-3.2382893898941666e-19,2.2086480550250362e-21,0.0,-1.8490983291717928e-14,-1.680150310511601e-15,1.9474964925898286e-19,5.411765074049167e-19,4.3760676721479275e-21,0.0,0.0,0.0,0.0,0.0,0.0,525.294312,-1e-06,890.001465,38.800598,89.992378,38.800598
9.54683392,197.74796799999984,5.056941975757753,0,0.0,-89.963005,89.963928,-0.004953,-0.006861,0.000177,0.0,-1.5701506422381213,1.5701667516271172,-8.644615785127915e-05,-0.00011974703997933095,3.0892327760299633e-06,0.0,-1.5701506422381224,1.5701667516271183,-8.64461578512792e-05,-0.00011974703997933103,3.0892327760299654e-06,0.0,0.0,1.7763568394002505e-15,-1.0842021724855044e-19,-1.0842021724855044e-19,0.0,0.0,-4.9241435939816584e-15,2.256824406012784e-15,-9.196081050739151e-20,-8.702812208060499e-20,4.779214579772824e-21,0.0,7.747427716659816e-15,-1.0890401836278899e-14,1.045013314491515e-18,1.130549918234919e-18,5.729960232532911e-21,0.0,0.0,0.0,0.0,0.0,0.0,525.294312,-1e-06,890.001465,38.800598,89.992378,38.800598
9.659464192,112.63027200000053,8.878607697937507,0,0.0,-89.963005,89.963928,-0.004953,-0.006861,0.000177,0.0,-1.5701506422381213,1.5701667516271172,-8.644615785127915e-05,-0.00011974703997933095,3.0892327760299633e-06,0.0,-1.5701506422381224,1.5701667516271183,-8.64461578512792e-05,-0.00011974703997933103,3.0892327760299654e-06,0.0,-1.7763568394002505e-15,8.881784197001252e-16,-5.421010862427522e-20,-5.421010862427522e-20,1.6940658945086007e-21,0.0,-5.858079956799369e-15,2.5471074316296495e-15,-1.0067542991571761e-19,-1.5178877216627353e-19,6.593301119254431e-21,0.0,1.4682365373255435e-14,-9.863318676081266e-15,9.51713244575036e-19,8.003991876417788e-19,2.134212614063295e-21,0.0,0.0,0.0,0.0,0.0,0.0,525.294312,-1e-06,890.001465,38.800598,89.992378,38.800598
9.77981184,120.34764800000097,8.30926085069807,0,0.0,-89.963005,89.963928,-0.004953,-0.006861,0.000177,0.0,-1.5701506422381213,1.5701667516271172,-8.644615785127915e-05,-0.00011974703997933095,3.0892327760299633e-06,0.0,-1.5701506422381224,1.5701667516271183,-8.64461578512792e-05,-0.00011974703997933103,3.0892327760299654e-06,0.0,0.0,8.881784197001252e-16,0.0,0.0,0.0,0.0,-1.2988259402901787e-15,8.9802605997521e-16,7.696847595494862e-20,-6.296545532716074e-20,5.854023867620934e-21,0.0,1.9703617850115405e-14,-1.3396741613673876e-14,4.827512592440862e-19,7.335914675776803e-19,-2.0109917623288627e-20,0.0,0.0,0.0,0.0,0.0,0.0,525.294312,-1e-06,890.001465,38.800598,89.992378,38.800598
9.892411648,112.5998079999988,8.881009814865854,0,0.0,-89.963005,89.963928,-0.004953,-0.006861,0.000177,0.0,-1.5701506422381213,1.5701667516271172,-8.644615785127915e-05,-0.00011974703997933095,3.0892327760299633e-06,0.0,-1.5701506422381224,1.5701667516271183,-8.64461578512792e-05,-0.00011974703997933103,3.0892327760299654e-06,0.0,-1.7763568394002505e-15,2.220446049250313e-15,-1.0842021724855044e-19,-1.6263032587282567e-19,4.235164736271502e-21,0.0,1.6589865625142105e-15,3.154382771793503e-16,1.2014234859063747e-19,4.2525170111707236e-20,3.069057605035106e-21,0.0,2.04708993856005e-14,-1.6533283733030492e-14,3.1537610558249e-19,1.1161791559821508e-18,-3.414157862819911e-20,0.0,0.0,0.0,0.0,0.0,0.0,525.294312,-1e-06,890.001465,38.800598,89.992378,38.800598
10.074809856,182.3982080000004,5.482510003607041,0,0.0,-89.963005,89.963928,-0.004953,-0.006861,0.000177,0.0,-1.5701506422381213,1.5701667516271172,-8.644615785127915e-05,-0.00011974703997933095,3.0892327760299633e-06,0.0,-1.5701506422381224,1.5701667516271183,-8.64461578512792e-05,-0.00011974703997933103,3.0892327760299654e-06,0.0,-8.881784197001252e-16,1.7763568394002505e-15,-5.421010862427522e-20,-1.0842021724855044e-19,1.6940658945086007e-21,0.0,1.835080017800673e-15,-3.971041041007756e-15,8.494215953907377e-20,1.7729399739159006e-19,-4.421351008297433e-21,0.0,7.832523123597475e-15,-1.1136809800675612e-14,-1.1667767322451704e-19,5.288048479154195e-19,-3.33875367750571e-20,0.0,0.0,0.0,0.0,0.0,0.0,525.294312,-1e-06,890.001465,38.800598,89.992378,38.800598
10.196912896,122.10304000000072,8.18980428333311,0,0.0,-89.963005,89.963928,-0.004953,-0.006861,0.000177,0.0,-1.5701506422381213,1.5701667516271172,-8.644615785127915e-05,-0.00011974703997933095,3.0892327760299633e-06,0.0,-1.5701506422381224,1.5701667516271183,-8.64461578512792e-05,-0.00011974703997933103,3.0892327760299654e-06,0.0,0.0,8.881784197001252e-16,0.0,0.0,1.6940658945086007e-21,0.0,4.53253107516748e-15,-5.807479024874422e-15,1.0383474382699924e-19,4.82265284627958e-19,-9.96964074064536e-21,0.0,-1.0059647655937569e-15,-5.0757840821151955e-15,-2.593345521260455e-19,-3.460640064221115e-19,-1.6611088052254233e-20,0.0,0.0,0.0,0.0,0.0,0.0,525.294312,-1e-06,890.001465,38.800598,89.992378,38.800598
10.307853568,110.9406719999999,9.01382677761318,0,0.0,-89.963005,89.963928,-0.004953,-0.006861,0.000177,0.0,-1.5701506422381213,1.5701667516271172,-8.644615785127915e-05,-0.00011974703997933095,3.0892327760299633e-06,0.0,-1.5701506422381224,1.5701667516271183,-8.64461578512792e-05,-0.00011974703997933103,3.0892327760299654e-06,0.0,-8.881784197001252e-16,8.881784197001252e-16,-5.421010862427522e-20,0.0,0.0,0.0,3.835492822163822e-15,-4.1979733736966614e-15,5.62008356435861e-20,2.772055048822057e-19,-1.0258405462238454e-20,0.0,-9.236359554340736e-15,9.056768933966775e-15,-1.5687805341567275e-19,-9.68845534848566e-19,1.7100970320661744e-20,0.0,0.0,0.0,0.0,0.0,0.0,525.294312,-1e-06,890.001465,38.800598,89.992378,38.800598
10.423182592,115.32902399999934,8.67084421004036,0,0.0,-89.963005,89.963928,-0.004953,-0.006861,0.000177,0.0,-1.5701506422381213,1.5701667516271172,-8.644615785127915e-05,-0.00011974703997933095,3.0892327760299633e-06,0.0,-1.5701506422381224,1.5701667516271183,-8.64461578512792e-05,-0.00011974703997933103,3.0892327760299654e-06,0.0,1.3322676295501878e-15,-1.7763568394002505e-15,2.710505431213761e-20,5.421010862427522e-20,-1.6940658945086007e-21,0.0,8.344024138428471e-16,-2.4465216894430838e-15,2.4109347490123903e-20,-1.3865108650373685e-19,-4.570833367513892e-21,0.0,-1.3049957622128078e-14,1.701642034381613e-14,-2.7043832221721935e-20,-9.377730466802927e-19,3.138283470556869e-20,0.0,0.0,0.0,0.0,0.0,0.0,525.294312,-1e-06,890.001465,38.800598,89.992378,38.800598
10.608068096,184.88550400000037,5.4087528679371095,0,0.0,-89.963005,89.963928,-0.004953,-0.006861,0.000177,0.0,-1.5701506422381213,1.5701667516271172,-8.644615785127915e-05,-0.00011974703997933095,3.0892327760299633e-06,0.0,-1.5701506422381224,1.5701667516271183,-8.64461578512792e-05,-0.00011974703997933103,3.0892327760299654e-06,0.0,0.0,1.7763568394002505e-15,-1.0842021724855044e-19,0.0,0.0,0.0,-4.3698534656526735e-16,-5.829808526488664e-16,6.435406344302982e-20,-6.786148753229994e-20,2.2219858810657524e-21,0.0,-9.423929715204715e-15,1.0830447330654697e-14,2.652752356624309e-19,-8.994134232418061e-20,2.1616141859636674e-20,0.0,0.0,0.0,0.0,0.0,0.0,525.294312,-1e-06,890.001465,38.800598,89.992378,38.800598
10.718466048,110.39795199999958,9.058139049536026,0,0.0,-89.963005,89.963928,-0.004953,-0.006861,0.000177,0.0,-1.5701506422381213,1.5701667516271172,-8.644615785127915e-05,-0.00011974703997933095,3.0892327760299633e-06,0.0,-1.5701506422381224,1.5701667516271183,-8.64461578512792e-05,-0.00011974703997933103,3.0892327760299654e-06,0.0,0.0,-8.881784197001252e-16,5.421010862427522e-20,-1.0842021724855044e-19,-1.6940658945086007e-21,0.0,-2.4158985637046343e-15,2.362889261369105e-15,8.22947597281522e-20,4.5008684903929596e-20,3.59902759748533e-21,0.0,-3.2541061425036677e-15,6.007632152364941e-15,1.8870347584482084e-19,2.692356148618122e-19,1.0339966600583457e-20,0.0,0.0,0.0,0.0,0.0,0.0,525.294312,-1e-06,890.001465,38.800598,89.992378,38.800598
10.831713024,113.246976000001,8.830257860483544,0,0.0,-89.963005,89.963928,-0.004953,-0.006861,0.000177,0.0,-1.5701506422381213,1.5701667516271172,-8.644615785127915e-05,-0.00011974703997933095,3.0892327760299633e-06,0.0,-1.5701506422381224,1.5701667516271183,-8.64461578512792e-05,-0.00011974703997933103,3.0892327760299654e-06,0.0,0.0,8.881784197001252e-16,-5.421010862427522e-20,0.0,1.6940658945086007e-21,0.0,-1.5654515449580215e-15,1.824891655339822e-15,1.448880628534484e-19,3.368874558618174e-20,1.7651368025971757e-21,0.0,5.566685801803954e-15,-1.8465250923002617e-15,-7.67437157934418e-20,-1.7792330095411538e-19,-1.7641486061162515e-21,0.0,0.0,0.0,0.0,0.0,0.0,525.294312,-1e-06,890.001465,38.800598,89.992378,38.800598
10.943545088,111.83206399999968,8.941979287800706,0,0.0,-89.963005,89.963928,-0.004953,-0.006861,0.000177,0.0,-1.5701506422381213,1.5701667516271172,-8.644615785127915e-05,-0.00011974703997933095,3.0892327760299633e-06,0.0,-1.5701506422381224,1.5701667516271183,-8.64461578512792e-05,-0.00011974703997933103,3.0892327760299654e-06,0.0,-4.440892098500626e-16,-4.440892098500626e-16,2.710505431213761e-20,5.421010862427522e-20,-8.470329472543003e-22,0.0,4.850672753748467e-16,-9.015087602162678e-16,1.0946380714330386e-19,-3.8909929185576007e-22,-3.043443505459356e-22,0.0,9.97426299108752e-15,-8.124669776190474e-15,-1.3347366351235957e-19,-4.275379354447714e-19,-4.3686870210325116e-21,0.0,0.0,0.0,0.0,0.0,0.0,525.294312,-1e-06,890.001465,38.800598,89.992378,38.800598
11.139858432,196.313344,5.093897234005651,0,0.0,-89.963005,89.963928,-0.004953,-0.006861,0.000177,0.0,-1.5701506422381213,1.5701667516271172,-8.644615785127915e-05,-0.00011974703997933095,3.0892327760299633e-06,0.0,-1.5701506422381224,1.5701667516271183,-8.64461578512792e-05,-0.00011974703997933103,3.0892327760299654e-06,0.0,0.0,1.7763568394002505e-15,0.0,0.0,0.0,0.0,4.899249672559903e-16,-1.8721259158726354e-16,-1.5003943738794444e-20,-1.783216309606625e-19,2.7034171882338815e-21,0.0,9.942488160326506e-15,-1.459899449979511e-14,-2.3713909851881604e-19,4.818886621060102e-19,-5.285718563024984e-21,0.0,0.0,0.0,0.0,0.0,0.0,525.294312,-1e-06,890.001465,38.800598,89.992378,38.800598
11.25108736,111.22892799999917,8.990466940398882,0,0.0,-89.963005,89.963928,-0.004953,-0.006861,0.000177,0.0,-1.5701506422381213,1.5701667516271172,-8.644615785127915e-05,-0.00011974703997933095,3.0892327760299633e-06,0.0,-1.5701506422381224,1.5701667516271183,-8.64461578512792e-05,-0.00011974703997933103,3.0892327760299654e-06,0.0,0.0,0.0,0.0,-1.0842021724855044e-19,0.0,0.0,3.2321597160766793e-15,-2.7181789524537697e-15,6.806531948878075e-20,-7.871237359746787e-20,1.888986516000765e-21,0.0,5.325720339333034e-15,-9.970655053949009e-15,-5.50564000204585e-20,8.998992758498434e-19,-1.1027368965752778e-20,0.0,0.0,0.0,0.0,0.0,0.0,525.294312,-1e-06,890.001465,38.800598,89.992378,38.800598
11.367664384,116.5770239999997,8.578019627606917,0,0.0,-89.963005,89.963928,-0.004953,-0.006861,0.000177,0.0,-1.5701506422381213,1.5701667516271172,-8.644615785127915e-05,-0.00011974703997933095,3.0892327760299633e-06,0.0,-1.5701506422381224,1.5701667516271183,-8.64461578512792e-05,-0.00011974703997933103,3.0892327760299654e-06,0.0,0.0,0.0,-5.421010862427522e-20,0.0,0.0,0.0,3.9116565644000216e-15,-5.326724860940487e-15,3.841089234793648e-20,2.4096719696430415e-19,-2.3655911435912505e-21,0.0,-4.628393975243253e-15,1.9340403708370675e-15,-4.281798980427748e-21,7.263856185901605e-19,-1.7157104611564628e-20,0.0,0.0,0.0,0.0,0.0,0.0,525.294312,-1e-06,890.001465,38.800598,89.992378,38.800598
11.479422976,111.75859200000104,8.947857897135915,0,0.0,-89.963005,89.963928,-0.004953,-0.006861,0.000177,0.0,-1.5701506422381213,1.5701667516271172,-8.644615785127915e-05,-0.00011974703997933095,3.0892327760299633e-06,0.0,-1.5701506422381224,1.5701667516271183,-8.64461578512792e-05,-0.00011974703997933103,3.0892327760299654e-06,0.0,8.881784197001252e-16,0.0,2.710505431213761e-20,0.0,2.541098841762901e-21,0.0,1.3043119419508263e-15,-3.6803153289616175e-15,1.5467944795956183e-20,2.545652679696958e-19,-2.876167929431147e-21,0.0,-1.0717498676800964e-14,8.621839094528147e-15,-3.730476692790915e-19,2.2682001882877425e-20,-7.770166427082193e-21,0.0,0.0,0.0,0.0,0.0,0.0,525.294312,-1e-06,890.001465,38.800598,89.992378,38.800598
11.657704192,178.28121600000026,5.609115881282741,0,0.0,-89.963005,89.963928,-0.004953,-0.006861,0.000177,0.0,-1.5701506422381213,1.5701667516271172,-8.644615785127915e-05,-0.00011974703997933095,3.0892327760299633e-06,0.0,-1.5701506422381224,1.5701667516271183,-8.64461578512792e-05,-0.00011974703997933103,3.0892327760299654e-06,0.0,1.7763568394002505e-15,-1.7763568394002505e-15,5.421010862427522e-20,1.0842021724855044e-19,-3.3881317890172014e-21,0.0,-9.129098474396392e-17,1.5721790270785795e-16,5.1078295059822386e-20,9.843995096336759e-20,-4.440342691979343e-21,0.0,-7.465432317761785e-15,1.1279712438407749e-14,-3.6766968236091223e-19,-8.901492123831221e-19,1.6461008955703306e-20,0.0,0.0,0.0,0.0,0.0,0.0,525.294312,-1e-06,890.001465,38.800598,89.992378,38.800598
11.769224192,111.51999999999873,8.967001434720332,0,0.0,-89.963005,89.963928,-0.004953,-0.006861,0.000177,0.0,-1.5701506422381213,1.5701667516271172,-8.644615785127915e-05,-0.00011974703997933095,3.0892327760299633e-06,0.0,-1.5701506422381224,1.5701667516271183,-8.64461578512792e-05,-0.00011974703997933103,3.0892327760299654e-06,0.0,0.0,0.0,-5.421010862427522e-20,0.0,0.0,0.0,-2.316888411526456e-15,1.546886284411376e-15,-2.2474186474279695e-19,-1.6582034548807546e-19,8.152775758267036e-22,0.0,9.056423936898746e-17,5.8942038156463e-15,-3.4447269109940044e-20,-9.295565532368254e-19,1.966164192312218e-20,0.0,0.0,0.0,0.0,0.0,0.0,525.294312,-1e-06,890.001465,38.800598,89.992378,38.800598
11.8794112,110.18700800000047,9.07548011467918,0,0.0,-89.963005,89.963928,-0.004953,-0.006861,0.000177,0.0,-1.5701506422381213,1.5701667516271172,-8.644615785127915e-05,-0.00011974703997933095,3.0892327760299633e-06,0.0,-1.5701506422381224,1.5701667516271183,-8.64461578512792e-05,-0.00011974703997933103,3.0892327760299654e-06,0.0,0.0,0.0,0.0,0.0,0.0,0.0,-1.3814976873522468e-15,7.986720420835501e-16,-2.0805213012679517e-19,-2.120632820080922e-19,6.383564352456099e-21,0.0,1.2124094854565533e-15,1.462461040404833e-15,2.1938085897704186e-19,-7.171810791971223e-19,1.9824390784168356e-20,0.0,0.0,0.0,0.0,0.0,0.0,525.294312,-1e-06,890.001465,38.800598,89.992378,38.800598
11.991237632,111.82643200000086,8.942429639532739,0,0.0,-89.963005,89.963928,-0.004953,-0.006861,0.000177,0.0,-1.5701506422381213,1.5701667516271172,-8.644615785127915e-05,-0.00011974703997933095,3.0892327760299633e-06,0.0,-1.5701506422381224,1.5701667516271183,-8.64461578512792e-05,-0.00011974703997933103,3.0892327760299654e-06,0.0,8.881784197001252e-16,-4.440892098500626e-16,-2.710505431213761e-20,5.421010862427522e-20,-8.470329472543003e-22,0.0,1.8719734799469456e-15,-1.2757760532119382e-15,1.0973534016759975e-19,1.5810091196303467e-21,1.8365968062074325e-21,0.0,-4.4658991016565215e-15,4.497193069066205e-15,3.5343115508803445e-19,-4.039320605782651e-19,1.2225616294897132e-20,0.0,0.0,0.0,0.0,0.0,0.0,525.294312,-1e-06,890.001465,38.800598,89.992378,38.800598
12.175066624,183.8289919999987,5.439838347152592,0,0.0,-89.963005,89.963928,-0.004953,-0.006861,0.000177,0.0,-1.5701506422381213,1.5701667516271172,-8.644615785127915e-05,-0.00011974703997933095,3.0892327760299633e-06,0.0,-1.5701506422381224,1.5701667516271183,-8.64461578512792e-05,-0.00011974703997933103,3.0892327760299654e-06,0.0,0.0,0.0,-1.0842021724855044e-19,-1.0842021724855044e-19,3.3881317890172014e-21,0.0,-1.78132047494551e-15,2.003661855080013e-15,6.6232977882921014e-21,-2.8505452937564283e-19,3.876266502360607e-21,0.0,-2.1952378270820718e-14,1.9110113175942587e-14,-1.144559859673023e-19,-4.0854687521175236e-19,-6.907793253662232e-21,0.0,0.0,0.0,0.0,0.0,0.0,525.294312,-1e-06,890.001465,38.800598,89.992378,38.800598
12.283190528,108.12390400000105,9.248648661446689,0,0.0,-89.963005,89.963928,-0.004953,-0.006861,0.000177,0.0,-1.5701506422381213,1.5701667516271172,-8.644615785127915e-05,-0.00011974703997933095,3.0892327760299633e-06,0.0,-1.5701506422381224,1.5701667516271183,-8.64461578512792e-05,-0.00011974703997933103,3.0892327760299654e-06,0.0,1.7763568394002505e-15,-1.7763568394002505e-15,1.0842021724855044e-19,1.0842021724855044e-19,-3.3881317890172014e-21,0.0,-5.7011647564372924e-15,5.316605427837256e-15,-3.6028077845013866e-20,-3.33526660612575e-19,5.932020597614146e-21,0.0,-1.9246583143021078e-14,1.4376229425232847e-14,-5.14602391262695e-19,-2.4743395976157908e-20,-1.1061426295973057e-20,0.0,0.0,0.0,0.0,0.0,0.0,525.294312,-1e-06,890.001465,38.800598,89.992378,38.800598
12.395163136,111.9726080000003,8.930755636235581,0,0.0,-89.963005,89.963928,-0.004953,-0.006861,0.000177,0.0,-1.5701506422381213,1.5701667516271172,-8.644615785127915e-05,-0.00011974703997933095,3.0892327760299633e-06,0.0,-1.5701506422381224,1.5701667516271183,-8.64461578512792e-05,-0.00011974703997933103,3.0892327760299654e-06,0.0,-8.881784197001252e-16,1.7763568394002505e-15,-5.421010862427522e-20,-1.0842021724855044e-19,1.6940658945086007e-21,0.0,-7.68807577448399e-15,6.480448313392003e-15,-6.225893669566911e-20,-1.7188956253931766e-19,-1.2223147836146242e-22,0.0,9.597055056982553e-15,-1.4233930559343436e-14,6.955075680246711e-20,1.5406068451818008e-18,-2.7876653431631996e-20,0.0,0.0,0.0,0.0,0.0,0.0,525.294312,-1e-06,890.001465,38.800598,89.992378,38.800598
12.508688384,113.52524799999841,8.808613217035333,0,0.0,-89.963005,89.963928,-0.004953,-0.006861,0.000177,0.0,-1.5701506422381213,1.5701667516271172,-8.644615785127915e-05,-0.00011974703997933095,3.0892327760299633e-06,0.0,-1.5701506422381224,1.5701667516271183,-8.64461578512792e-05,-0.00011974703997933103,3.0892327760299654e-06,0.0,-1.7763568394002505e-15,1.3322676295501878e-15,-5.421010862427522e-20,-1.6263032587282567e-19,3.3881317890172014e-21,0.0,-6.066959830637123e-15,4.404364377523026e-15,-1.5108222717189862e-19,-1.4140863502728403e-19,6.427326580072435e-23,0.0,2.5159872373810595e-14,-2.8743348642891455e-14,6.7874193919013905e-19,1.922707143535754e-18,-3.0848775208690306e-20,0.0,0.0,0.0,0.0,0.0,0.0,525.294312,-1e-06,890.001465,38.800598,89.992378,38.800598
12.69185152,183.163136000001,5.459613882129615,0,0.0,-89.963005,89.963928,-0.004953,-0.006861,0.000177,0.0,-1.5701506422381213,1.5701667516271172,-8.644615785127915e-05,-0.00011974703997933095,3.0892327760299633e-06,0.0,-1.5701506422381224,1.5701667516271183,-8.64461578512792e-05,-0.00011974703997933103,3.0892327760299654e-06,0.0,-1.7763568394002505e-15,1.7763568394002505e-15,-5.421010862427522e-20,0.0,0.0,0.0,3.799219733459874e-15,-4.895354103688305e-15,1.2663460654721508e-19,4.2812340379894835e-19,-6.6888770508171296e-21,0.0,2.3780856580483743e-14,-2.3326596890233688e-14,5.197846557697115e-19,6.033794685494224e-19,1.205139554349859e-20,0.0,0.0,0.0,0.0,0.0,0.0,525.294312,-1e-06,890.001465,38.800598,89.992378,38.800598
12.804030976,112.17945599999979,8.91428819194846,0,0.0,-89.963005,89.963928,-0.004953,-0.006861,0.000177,0.0,-1.5701506422381213,1.5701667516271172,-8.644615785127915e-05,-0.00011974703997933095,3.0892327760299633e-06,0.0,-1.5701506422381224,1.5701667516271183,-8.64461578512792e-05,-0.00011974703997933103,3.0892327760299654e-06,0.0,-1.7763568394002505e-15,8.881784197001252e-16,-5.421010862427522e-20,-1.0842021724855044e-19,0.0,0.0,5.474340645966211e-15,-7.643322978783098e-15,2.9245953206804274e-19,4.572016955470672e-19,-8.14603349486631e-21,0.0,1.5420847032123124e-14,-9.699734434627803e-15,3.0616293916085895e-19,-2.973309557614655e-19,1.8810948378446712e-20,0.0,0.0,0.0,0.0,0.0,0.0,525.294312,-1e-06,890.001465,38.800598,89.992378,38.800598
12.911113728,107.08275200000017,9.338572097960261,0,0.0,-89.963005,89.963928,-0.004953,-0.006861,0.000177,0.0,-1.5701506422381213,1.5701667516271172,-8.644615785127915e-05,-0.00011974703997933095,3.0892327760299633e-06,0.0,-1.5701506422381224,1.5701667516271183,-8.64461578512792e-05,-0.00011974703997933103,3.0892327760299654e-06,0.0,0.0,0.0,0.0,5.421010862427522e-20,1.6940658945086007e-21,0.0,2.310168803388521e-15,-3.903944699850908e-15,1.2924141626716258e-19,2.9360358208934326e-20,3.899451498502048e-21,0.0,-4.118002307226642e-15,1.2248618096720927e-14,-2.0280158622616158e-19,-1.4207748848141171e-18,1.1119099741873518e-20,0.0,0.0,0.0,0.0,0.0,0.0,525.294312,-1e-06,890.001465,38.800598,89.992378,38.800598
13.03205504,120.94131199999936,8.268473224434718,0,0.0,-89.963005,89.963928,-0.004953,-0.006861,0.000177,0.0,-1.5701506422381213,1.5701667516271172,-8.644615785127915e-05,-0.00011974703997933095,3.0892327760299633e-06,0.0,-1.5701506422381224,1.5701667516271183,-8.64461578512792e-05,-0.00011974703997933103,3.0892327760299654e-06,0.0,4.440892098500626e-16,-8.881784197001252e-16,2.710505431213761e-20,5.421010862427522e-20,-1.6940658945086007e-21,0.0,1.749507905401884e-15,-9.29963830117298e-16,8.183663350564548e-21,-4.148723348759587e-20,5.7876441679387216e-21,0.0,-1.2994800694124672e-14,1.8312027549818892e-14,-4.856294772628139e-19,-1.3757888805632937e-18,7.399268489897268e-21,0.0,0.0,0.0,0.0,0.0,0.0,525.294312,-1e-06,890.001465,38.800598,89.992378,38.800598
13.210948864,178.89382400000108,5.589907899783024,0,0.0,-89.963005,89.963928,-0.004953,-0.006861,0.000177,0.0,-1.5701506422381213,1.5701667516271172,-8.644615785127915e-05,-0.00011974703997933095,3.0892327760299633e-06,0.0,-1.5701506422381224,1.5701667516271183,-8.64461578512792e-05,-0.00011974703997933103,3.0892327760299654e-06,0.0,-1.7763568394002505e-15,0.0,0.0,-1.0842021724855044e-19,3.3881317890172014e-21,0.0,1.5739441980133798e-15,2.082668909491187e-17,6.232355257337368e-20,-1.7310431661695854e-19,-5.56237420818602e-21,0.0,-9.451436936785395e-15,7.757439852253317e-15,-5.163898532854524e-20,-7.280513355327994e-20,-9.560798985096191e-21,0.0,0.0,0.0,0.0,0.0,0.0,525.294312,-1e-06,890.001465,38.800598,89.992378,38.800598
13.32519168,114.24281599999908,8.753285633295384,0,0.0,-89.963005,89.963928,-0.004953,-0.006861,0.000177,0.0,-1.5701506422381213,1.5701667516271172,-8.644615785127915e-05,-0.00011974703997933095,3.0892327760299633e-06,0.0,-1.5701506422381224,1.5701667516271183,-8.64461578512792e-05,-0.00011974703997933103,3.0892327760299654e-06,0.0,0.0,8.881784197001252e-16,-5.421010862427522e-20,0.0,1.6940658945086007e-21,0.0,-4.945392789513868e-17,-7.064846842163049e-18,6.867471273731109e-20,-1.1850130415472804e-19,-2.2769342814630812e-21,0.0,-7.85783047465372e-15,7.748839512680131e-16,1.7657046505343804e-19,3.810532502899235e-19,-1.0109030638819135e-20,0.0,0.0,0.0,0.0,0.0,0.0,525.294312,-1e-06,890.001465,38.800598,89.992378,38.800598
13.43523456,110.04287999999995,9.08736667015622,0,0.0,-89.963005,89.963928,-0.004953,-0.006861,0.000177,0.0,-1.5701506422381213,1.5701667516271172,-8.644615785127915e-05,-0.00011974703997933095,3.0892327760299633e-06,0.0,-1.5701506422381224,1.5701667516271183,-8.64461578512792e-05,-0.00011974703997933103,3.0892327760299654e-06,0.0,8.881784197001252e-16,-8.881784197001252e-16,5.421010862427522e-20,0.0,-1.6940658945086007e-21,0.0,-2.0011125387706055e-15,7.553143827612029e-16,2.94697213716526e-20,1.2488437098622278e-20,2.2065804125095627e-21,0.0,-1.271076472383686e-15,-2.992286511430145e-15,-8.361865570681705e-20,8.407587646941818e-19,7.003123955042248e-21,0.0,0.0,0.0,0.0,0.0,0.0,525.294312,-1e-06,890.001465,38.800598,89.992378,38.800598
13.546383872,111.14931200000022,8.99690679146982,0,0.0,-89.963005,89.963928,-0.004953,-0.006861,0.000177,0.0,-1.5701506422381213,1.5701667516271172,-8.644615785127915e-05,-0.00011974703997933095,3.0892327760299633e-06,0.0,-1.5701506422381224,1.5701667516271183,-8.64461578512792e-05,-0.00011974703997933103,3.0892327760299654e-06,0.0,0.0,-4.440892098500626e-16,5.421010862427522e-20,-5.421010862427522e-20,-8.470329472543003e-22,0.0,-1.363943829445774e-15,2.750101281208001e-16,6.707513696809791e-20,-3.7274966247717357e-20,-2.1343416778678825e-22,0.0,6.3030802697634015e-15,-7.657923804141054e-16,-3.6481583010650817e-19,7.656286018420615e-19,9.19621617542962e-21,0.0,0.0,0.0,0.0,0.0,0.0,525.294312,-1e-06,890.001465,38.800598,89.992378,38.800598
13.724091136,177.70726400000035,5.627231985294635,0,0.0,-89.963005,89.963928,-0.004953,-0.006861,0.000177,0.0,-1.5701506422381213,1.5701667516271172,-8.644615785127915e-05,-0.00011974703997933095,3.0892327760299633e-06,0.0,-1.5701506422381224,1.5701667516271183,-8.64461578512792e-05,-0.00011974703997933103,3.0892327760299654e-06,0.0,-1.7763568394002505e-15,0.0,0.0,0.0,3.3881317890172014e-21,0.0,1.4338949052936109e-15,-8.979740177734763e-16,3.797936039783342e-21,1.6108659503419232e-19,-1.5429877395043536e-21,0.0,1.597892692698072e-14,4.77233511960752e-15,-3.516088183839284e-19,-2.481343004731241e-19,-9.77459204093651e-21,0.0,0.0,0.0,0.0,0.0,0.0,525.294312,-1e-06,890.001465,38.800598,89.992378,38.800598
13.836116224,112.02508799999933,8.926571876471153,0,0.0,-89.963005,89.963928,-0.004953,-0.006861,0.000177,0.0,-1.5701506422381213,1.5701667516271172,-8.644615785127915e-05,-0.00011974703997933095,3.0892327760299633e-06,0.0,-1.5701506422381224,1.5701667516271183,-8.64461578512792e-05,-0.00011974703997933103,3.0892327760299654e-06,0.0,-8.881784197001252e-16,8.881784197001252e-16,0.0,-1.0842021724855044e-19,1.6940658945086007e-21,0.0,3.216851734978278e-15,9.481000191996708e-16,-1.3853454431350257e-19,1.6127329415354543e-19,-3.567209861373865e-22,0.0,6.496512366173996e-15,8.930812068623113e-15,-4.2854148970317707e-19,-7.464659936870567e-19,-6.160325800465226e-24,0.0,0.0,0.0,0.0,0.0,0.0,525.294312,-1e-06,890.001465,38.800598,89.992378,38.800598
13.947845888,111.72966400000028,8.950174592845794,0,0.0,-89.963005,89.963928,-0.004953,-0.006861,0.000177,0.0,-1.5701506422381213,1.5701667516271172,-8.644615785127915e-05,-0.00011974703997933095,3.0892327760299633e-06,0.0,-1.5701506422381224,1.5701667516271183,-8.64461578512792e-05,-0.00011974703997933103,3.0892327760299654e-06,0.0,2.6645352591003757e-15,-1.7763568394002505e-15,1.0842021724855044e-19,1.0842021724855044e-19,-3.3881317890172014e-21,0.0,4.160732192672225e-15,2.740578117578723e-15,-1.27040935491986e-19,-1.2658267527762445e-19,-1.6178724638053777e-21,0.0,-1.3416622079324726e-14,8.028262969527747e-15,-2.38014381333311e-19,-1.0800209466379984e-18,9.838442430568109e-21,0.0,0.0,0.0,0.0,0.0,0.0,525.294312,-1e-06,890.001465,38.800598,89.992378,38.800598
14.059787008,111.9411200000009,8.933267775058816,0,0.0,-89.963005,89.963928,-0.004953,-0.006861,0.000177,0.0,-1.5701506422381213,1.5701667516271172,-8.644615785127915e-05,-0.00011974703997933095,3.0892327760299633e-06,0.0,-1.5701506422381224,1.5701667516271183,-8.64461578512792e-05,-0.00011974703997933103,3.0892327760299654e-06,0.0,0.0,0.0,-2.710505431213761e-20,0.0,0.0,0.0,1.597836139911445e-15,2.819276701311823e-15,-8.016746488903857e-20,-2.208370832072477e-19,-1.1006310186069885e-21,0.0,-1.6086010380491842e-14,-1.0110453955446372e-15,1.0692877701163962e-19,-6.631007533300546e-19,7.1360976243990285e-22,0.0,0.0,0.0,0.0,0.0,0.0,525.294312,-1e-06,890.001465,38.800598,89.992378,38.800598
14.238835968,179.04895999999937,5.585064554410166,0,0.0,-89.963005,89.963928,-0.004953,-0.006861,0.000177,0.0,-1.5701506422381213,1.5701667516271172,-8.644615785127915e-05,-0.00011974703997933095,3.0892327760299633e-06,0.0,-1.5701506422381224,1.5701667516271183,-8.64461578512792e-05,-0.00011974703997933103,3.0892327760299654e-06,0.0,0.0,1.7763568394002505e-15,-5.421010862427522e-20,-1.0842021724855044e-19,3.3881317890172014e-21,0.0,-4.677941800560332e-15,2.1214917332921345e-15,-1.4398762231271103e-19,-2.207761190133219e-19,3.776493520176769e-21,0.0,-8.95752462405331e-15,-1.7492918233301386e-14,8.37184835017199e-21,1.065701316907335e-18,-6.588213319227646e-21,0.0,0.0,0.0,0.0,0.0,0.0,525.294312,-1e-06,890.001465,38.800598,89.992378,38.800598
14.3508032,111.96723199999958,8.931184437961312,0,0.0,-89.963005,89.963928,-0.004953,-0.006861,0.000177,0.0,-1.5701506422381213,1.5701667516271172,-8.644615785127915e-05,-0.00011974703997933095,3.0892327760299633e-06,0.0,-1.5701506422381224,1.5701667516271183,-8.64461578512792e-05,-0.00011974703997933103,3.0892327760299654e-06,0.0,0.0,8.881784197001252e-16,0.0,-1.0842021724855044e-19,0.0,0.0,-2.1068378599205275e-15,-1.4708768407887875e-15,-3.575640730279542e-20,-2.5605358081626016e-20,-3.522778939501014e-21,0.0,5.588541303722785e-16,-1.7730079817920397e-14,6.33648386518619e-20,1.369542719877054e-18,-8.118837653373194e-21,0.0,0.0,0.0,0.0,0.0,0.0,525.294312,-1e-06,890.001465,38.800598,89.992378,38.800598
14.463769856,112.96665600000111,8.85216961720094,0,0.0,-89.963005,89.963928,-0.004953,-0.006861,0.000177,0.0,-1.5701506422381213,1.5701667516271172,-8.644615785127915e-05,-0.00011974703997933095,3.0892327760299633e-06,0.0,-1.5701506422381224,1.5701667516271183,-8.64461578512792e-05,-0.00011974703997933103,3.0892327760299654e-06,0.0,0.0,0.0,0.0,0.0,0.0,0.0,7.400500826713998e-16,-4.883261285149836e-15,-4.1348112727638345e-20,2.7528801354386633e-19,-6.0574452694386655e-21,0.0,1.5520582297491257e-14,-7.289846990931773e-15,5.783269868228277e-19,7.971871477676847e-19,-9.448184240998391e-21,0.0,0.0,0.0,0.0,0.0,0.0,525.294312,-1e-06,890.001465,38.800598,89.992378,38.800598
14.57586304,112.09318399999901,8.921149032576404,0,0.0,-89.963005,89.963928,-0.004953,-0.006861,0.000177,0.0,-1.5701506422381213,1.5701667516271172,-8.644615785127915e-05,-0.00011974703997933095,3.0892327760299633e-06,0.0,-1.5701506422381224,1.5701667516271183,-8.64461578512792e-05,-0.00011974703997933103,3.0892327760299654e-06,0.0,0.0,-8.881784197001252e-16,-2.710505431213761e-20,0.0,-1.6940658945086007e-21,0.0,-2.880136781260291e-16,-3.065210556492425e-15,-1.0735531781800074e-19,2.5781587193993174e-19,-8.89391854268765e-22,0.0,1.4524056844249445e-14,1.8216031231402546e-15,7.621845008091569e-19,2.85029180282864e-19,-2.124420263669449e-21,0.0,0.0,0.0,0.0,0.0,0.0,525.294312,-1e-06,890.001465,38.800598,89.992378,38.800598
14.757145088,181.28204799999992,5.516266012175682,0,0.0,-89.963005,89.963928,-0.004953,-0.006861,0.000177,0.0,-1.5701506422381213,1.5701667516271172,-8.644615785127915e-05,-0.00011974703997933095,3.0892327760299633e-06,0.0,-1.5701506422381224,1.5701667516271183,-8.64461578512792e-05,-0.00011974703997933103,3.0892327760299654e-06,0.0,0.0,0.0,-5.421010862427522e-20,0.0,0.0,0.0,2.55871230574074e-15,-9.503556736488062e-16,1.8657445275228632e-19,6.053421644644875e-20,-3.023931390311466e-21,0.0,2.3233132970238326e-15,1.0398259238283656e-14,7.421400257674255e-19,-3.0517904955879563e-19,-3.38442609705077e-22,0.0,0.0,0.0,0.0,0.0,0.0,525.294312,-1e-06,890.001465,38.800598,89.992378,38.800598
14.871609856,114.4647679999995,8.736312644254033,0,0.0,-89.963005,89.963928,-0.004953,-0.006861,0.000177,0.0,-1.5701506422381213,1.5701667516271172,-8.644615785127915e-05,-0.00011974703997933095,3.0892327760299633e-06,0.0,-1.5701506422381224,1.5701667516271183,-8.64461578512792e-05,-0.00011974703997933103,3.0892327760299654e-06,0.0,0.0,0.0,-5.421010862427522e-20,0.0,1.6940658945086007e-21,0.0,2.5870667728118906e-15,-3.5258804551889696e-16,2.744921259335583e-19,1.1935587629508164e-19,-2.0607402151570065e-21,0.0,5.571079348175937e-16,9.278862058452956e-15,2.2413254280689044e-19,-4.525080496583646e-19,-5.885865959398809e-22,0.0,0.0,0.0,0.0,0.0,0.0,525.294312,-1e-06,890.001465,38.800598,89.992378,38.800598
14.982669568,111.0597120000012,9.004165254813458,0,0.0,-89.963005,89.963928,-0.004953,-0.006861,0.000177,0.0,-1.5701506422381213,1.5701667516271172,-8.644615785127915e-05,-0.00011974703997933095,3.0892327760299633e-06,0.0,-1.5701506422381224,1.5701667516271183,-8.64461578512792e-05,-0.00011974703997933103,3.0892327760299654e-06,0.0,8.881784197001252e-16,-8.881784197001252e-16,1.0842021724855044e-19,1.0842021724855044e-19,-3.3881317890172014e-21,0.0,1.6506974039399946e-15,-1.559774552341208e-16,2.230147178961771e-19,1.8607763495188256e-19,-2.6437450670230765e-21,0.0,-4.714023347313852e-15,3.00945969138053e-15,-9.81628124479282e-19,-4.45240154912285e-19,1.3495803674074469e-20,0.0,0.0,0.0,0.0,0.0,0.0,525.294312,-1e-06,890.001465,38.800598,89.992378,38.800598
15.099804672,117.13510399999905,8.537150400276317,0,0.0,-89.963005,89.963928,-0.004953,-0.006861,0.000177,0.0,-1.5701506422381213,1.5701667516271172,-8.644615785127915e-05,-0.00011974703997933095,3.0892327760299633e-06,0.0,-1.5701506422381224,1.5701667516271183,-8.64461578512792e-05,-0.00011974703997933103,3.0892327760299654e-06,0.0,1.3322676295501878e-15,-8.881784197001252e-16,5.421010862427522e-20,0.0,-1.6940658945086007e-21,0.0,8.784579436458793e-16,2.1138320435224985e-16,5.587461046969952e-20,3.076577465839608e-20,-3.931011920384931e-21,0.0,-9.618421345033743e-15,-2.674382612770254e-16,-1.3163799549958277e-18,-6.274914479828213e-19,1.8781721692823315e-20,0.0,0.0,0.0,0.0,0.0,0.0,525.294312,-1e-06,890.001465,38.800598,89.992378,38.800598
15.2797376,179.93292800000125,5.5576264506738475,0,0.0,-89.963005,89.963928,-0.004953,-0.006861,0.000177,0.0,-1.5701506422381213,1.5701667516271172,-8.644615785127915e-05,-0.00011974703997933095,3.0892327760299633e-06,0.0,-1.5701506422381224,1.5701667516271183,-8.64461578512792e-05,-0.00011974703997933103,3.0892327760299654e-06,0.0,0.0,0.0,0.0,1.0842021724855044e-19,0.0,0.0,-1.9205467957148166e-16,7.430903948245484e-16,-2.826345195423046e-19,-1.3859932045057233e-19,6.220680676850685e-21,0.0,-1.2052597620729422e-14,-1.017213973438484e-15,-7.902893611220557e-19,-1.1853740005837758e-18,1.7320859342403217e-20,0.0,0.0,0.0,0.0,0.0,0.0,525.294312,-1e-06,890.001465,38.800598,89.992378,38.800598
15.389502976,109.76537599999858,9.110340951230494,0,0.0,-89.963005,89.963928,-0.004953,-0.006861,0.000177,0.0,-1.5701506422381213,1.5701667516271172,-8.644615785127915e-05,-0.00011974703997933095,3.0892327760299633e-06,0.0,-1.5701506422381224,1.5701667516271183,-8.64461578512792e-05,-0.00011974703997933103,3.0892327760299654e-06,0.0,8.881784197001252e-16,0.0,0.0,0.0,-1.6940658945086007e-21,0.0,-2.014457646784856e-15,-5.450215165409158e-16,-2.471810837102234e-19,-2.300941676281023e-19,5.226116432843416e-21,0.0,-1.0367448018200355e-14,-1.8343419715209694e-15,-6.589727090570008e-20,-6.2624180004602745e-19,1.1740790103101178e-20,0.0,0.0,0.0,0.0,0.0,0.0,525.294312,-1e-06,890.001465,38.800598,89.992378,38.800598
15.50280704,113.30406400000115,8.825808754750314,0,0.0,-89.963005,89.963928,-0.004953,-0.006861,0.000177,0.0,-1.5701506422381213,1.5701667516271172,-8.644615785127915e-05,-0.00011974703997933095,3.0892327760299633e-06,0.0,-1.5701506422381224,1.5701667516271183,-8.64461578512792e-05,-0.00011974703997933103,3.0892327760299654e-06,0.0,0.0,0.0,-5.421010862427522e-20,0.0,0.0,0.0,-4.3563498098552416e-15,-1.7077702910206382e-17,-1.3551407489571036e-19,-3.609737843826503e-19,2.7921878619488626e-21,0.0,-5.2115774967967126e-15,3.446396251528873e-15,9.286859808518812e-19,5.171363751279214e-19,-1.1645187314321092e-20,0.0,0.0,0.0,0.0,0.0,0.0,525.294312,-1e-06,890.001465,38.800598,89.992378,38.800598
15.617611776,114.80473599999996,8.710442050056196,0,0.0,-89.963005,89.963928,-0.004953,-0.006861,0.000177,0.0,-1.5701506422381213,1.5701667516271172,-8.644615785127915e-05,-0.00011974703997933095,3.0892327760299633e-06,0.0,-1.5701506422381224,1.5701667516271183,-8.64461578512792e-05,-0.00011974703997933103,3.0892327760299654e-06,0.0,8.881784197001252e-16,-1.3322676295501878e-15,0.0,0.0,0.0,0.0,-2.8720003796136038e-15,3.62268559720074e-16,-6.705450212710116e-20,-1.9321516792265664e-19,3.770855382876298e-21,0.0,2.728290956395188e-16,1.019054224070615e-14,8.898351149976259e-19,8.77685611669131e-19,-1.9139393467995373e-20,0.0,0.0,0.0,0.0,0.0,0.0,525.294312,-1e-06,890.001465,38.800598,89.992378,38.800598
15.795187456,177.57568000000035,5.631401777540697,0,0.0,-89.963005,89.963928,-0.004953,-0.006861,0.000177,0.0,-1.5701506422381213,1.5701667516271172,-8.644615785127915e-05,-0.00011974703997933095,3.0892327760299633e-06,0.0,-1.5701506422381224,1.5701667516271183,-8.64461578512792e-05,-0.00011974703997933103,3.0892327760299654e-06,0.0,-1.7763568394002505e-15,0.0,-5.421010862427522e-20,-1.0842021724855044e-19,0.0,0.0,-1.801988005916349e-15,1.5492727473848826e-15,1.339201062432345e-19,1.2110170096109236e-19,-3.093939572717894e-22,0.0,1.2940620427147126e-14,1.0885624109814574e-14,2.7186371197032944e-19,9.898677034531188e-19,-5.756307925651777e-21,0.0,0.0,0.0,0.0,0.0,0.0,525.294312,-1e-06,890.001465,38.800598,89.992378,38.800598
15.907358208,112.17075199999904,8.914979904922172,0,0.0,-89.963005,89.963928,-0.004953,-0.006861,0.000177,0.0,-1.5701506422381213,1.5701667516271172,-8.644615785127915e-05,-0.00011974703997933095,3.0892327760299633e-06,0.0,-1.5701506422381224,1.5701667516271183,-8.64461578512792e-05,-0.00011974703997933103,3.0892327760299654e-06,0.0,-8.881784197001252e-16,8.881784197001252e-16,-5.421010862427522e-20,0.0,1.6940658945086007e-21,0.0,-1.88397013962025e-15,5.619085853212117e-15,4.6748662874266755e-20,9.157401135505891e-20,-1.4308439274227952e-21,0.0,1.2805686885382686e-14,4.761762868353248e-15,-2.970042711107498e-20,4.040052014108963e-19,-2.0461063168687936e-22,0.0,0.0,0.0,0.0,0.0,0.0,525.294312,-1e-06,890.001465,38.800598,89.992378,38.800598
16.020315648,112.95744000000063,8.852891850240182,0,0.0,-89.963005,89.963928,-0.004953,-0.006861,0.000177,0.0,-1.5701506422381213,1.5701667516271172,-8.644615785127915e-05,-0.00011974703997933095,3.0892327760299633e-06,0.0,-1.5701506422381224,1.5701667516271183,-8.64461578512792e-05,-0.00011974703997933103,3.0892327760299654e-06,0.0,8.881784197001252e-16,-8.881784197001252e-16,5.421010862427522e-20,1.0842021724855044e-19,-1.6940658945086007e-21,0.0,1.777187327513584e-15,4.5579496083598966e-15,2.0158519206993484e-21,1.394442557357599e-19,4.156322264134199e-22,0.0,1.2086228757034987e-14,-1.312414550845491e-14,-1.9561137084936263e-19,-2.2308592071179537e-19,5.177920023754578e-21,0.0,0.0,0.0,0.0,0.0,0.0,525.294312,-1e-06,890.001465,38.800598,89.992378,38.800598
16.130496256,110.18060800000029,9.076007277070003,0,0.0,-89.963005,89.963928,-0.004953,-0.006861,0.000177,0.0,-1.5701506422381213,1.5701667516271172,-8.644615785127915e-05,-0.00011974703997933095,3.0892327760299633e-06,0.0,-1.5701506422381224,1.5701667516271183,-8.64461578512792e-05,-0.00011974703997933103,3.0892327760299654e-06,0.0,-1.7763568394002505e-15,1.7763568394002505e-15,-2.710505431213761e-20,-5.421010862427522e-20,8.470329472543003e-22,0.0,2.5033668231535165e-15,8.927360562209704e-16,3.7324764736922333e-20,3.1209693791456994e-20,1.8451463305661316e-21,0.0,1.305316163377998e-14,-2.4423810488713733e-14,5.2944701434960036e-20,-1.4093109771653702e-20,2.8690293627656227e-21,0.0,0.0,0.0,0.0,0.0,0.0,525.294312,-1e-06,890.001465,38.800598,89.992378,38.800598
16.310810368,180.3141119999978,5.545877629367202,0,0.0,-89.963005,89.963928,-0.004953,-0.006861,0.000177,0.0,-1.5701506422381213,1.5701667516271172,-8.644615785127915e-05,-0.00011974703997933095,3.0892327760299633e-06,0.0,-1.5701506422381224,1.5701667516271183,-8.64461578512792e-05,-0.00011974703997933103,3.0892327760299654e-06,0.0,0.0,1.7763568394002505e-15,-5.421010862427522e-20,0.0,0.0,0.0,1.598682143354273e-15,-2.2208853268137795e-15,-7.425331469713028e-21,-3.3272389751519687e-20,1.932907444060898e-21,0.0,-1.4019704907292854e-15,-1.951073642542322e-14,1.3546997710840697e-19,-1.480490803869739e-19,-7.393381543728616e-21,0.0,0.0,0.0,0.0,0.0,0.0,525.294312,-1e-06,890.001465,38.800598,89.992378,38.800598
16.428015872,117.20550400000107,8.532022523447285,0,0.0,-89.963005,89.963928,-0.004953,-0.006861,0.000177,0.0,-1.5701506422381213,1.5701667516271172,-8.644615785127915e-05,-0.00011974703997933095,3.0892327760299633e-06,0.0,-1.5701506422381224,1.5701667516271183,-8.64461578512792e-05,-0.00011974703997933103,3.0892327760299654e-06,0.0,0.0,0.0,0.0,0.0,1.6940658945086007e-21,0.0,5.383057074838347e-15,-6.8736914146826496e-15,1.7291239713588792e-19,2.519848206697764e-19,-1.8942331003082988e-21,0.0,-9.851860174146046e-15,-3.59477424235538e-15,-1.8095316457749713e-19,-3.71061505283583e-19,-3.489386289529166e-21,0.0,0.0,0.0,0.0,0.0,0.0,525.294312,-1e-06,890.001465,38.800598,89.992378,38.800598
16.541537536,113.5216640000003,8.808891314348575,0,0.0,-89.963005,89.963928,-0.004953,-0.006861,0.000177,0.0,-1.5701506422381213,1.5701667516271172,-8.644615785127915e-05,-0.00011974703997933095,3.0892327760299633e-06,0.0,-1.5701506422381224,1.5701667516271183,-8.64461578512792e-05,-0.00011974703997933103,3.0892327760299654e-06,0.0,0.0,0.0,0.0,0.0,0.0,0.0,2.309987876485142e-15,-5.356820879128055e-15,1.0310858807243517e-19,9.416543199377402e-20,-2.2238546644581084e-21,0.0,-1.2832328110080727e-14,1.7845731572124362e-14,-4.812411446165411e-19,-3.644871884609326e-19,6.832691754577203e-21,0.0,0.0,0.0,0.0,0.0,0.0,525.294312,-1e-06,890.001465,38.800598,89.992378,38.800598
16.651819008,110.28147200000049,9.067706314257354,0,0.0,-89.963005,89.963928,-0.004953,-0.006861,0.000177,0.0,-1.5701506422381213,1.5701667516271172,-8.644615785127915e-05,-0.00011974703997933095,3.0892327760299633e-06,0.0,-1.5701506422381224,1.5701667516271183,-8.64461578512792e-05,-0.00011974703997933103,3.0892327760299654e-06,0.0,1.7763568394002505e-15,-1.7763568394002505e-15,5.421010862427522e-20,1.0842021724855044e-19,-8.470329472543003e-22,0.0,-2.3255951914102236e-15,-1.6119888680702173e-16,-1.2051063293037794e-19,-2.0532550556667926e-19,8.372044121716279e-22,0.0,-1.0871559770365423e-14,2.1651132070626732e-14,-4.940896843777329e-19,-3.268643415279777e-19,7.385629507713867e-21,0.0,0.0,0.0,0.0,0.0,0.0,525.294312,-1e-06,890.001465,38.800598,89.992378,38.800598
16.855218176,203.39916800000069,4.916440956139981,0,0.0,-89.963005,89.963928,-0.004953,-0.006861,0.000177,0.0,-1.5701506422381213,1.5701667516271172,-8.644615785127915e-05,-0.00011974703997933095,3.0892327760299633e-06,0.0,-1.5701506422381224,1.5701667516271183,-8.64461578512792e-05,-0.00011974703997933103,3.0892327760299654e-06,0.0,0.0,0.0,0.0,0.0,0.0,0.0,-9.46623176042192e-16,2.965260431287005e-15,-7.992210684237914e-20,-3.4302608067885837e-20,3.851518363181516e-21,0.0,3.469653724430159e-15,7.258596548538983e-15,1.527531308980099e-19,2.427930431090751e-19,-2.250643029330386e-21,0.0,0.0,0.0,0.0,0.0,0.0,525.294312,-1e-06,890.001465,38.800598,89.992378,38.800598
16.983646208,128.42803199999864,7.78646207083521,0,0.0,-89.963005,89.963928,-0.004953,-0.006861,0.000177,0.0,-1.5701506422381213,1.5701667516271172,-8.644615785127915e-05,-0.00011974703997933095,3.0892327760299633e-06,0.0,-1.5701506422381224,1.5701667516271183,-8.64461578512792e-05,-0.00011974703997933103,3.0892327760299654e-06,0.0,-8.881784197001252e-16,8.881784197001252e-16,-1.0842021724855044e-19,-1.0842021724855044e-19,1.6940658945086007e-21,0.0,-1.5212709569012042e-16,2.467280541311535e-15,-6.239635123116894e-20,4.1254708774659393e-20,3.2317478136666143e-22,0.0,1.1183853624859203e-14,-3.841018914832425e-15,8.231363726200211e-19,4.2051675744448104e-19,-1.0404398860610463e-20,0.0,0.0,0.0,0.0,0.0,0.0,525.294312,-1e-06,890.001465,38.800598,89.992378,38.800598
17.105822208,122.17599999999962,8.184913567312755,0,0.0,-89.963005,89.963928,-0.004953,-0.006861,0.000177,0.0,-1.5701506422381213,1.5701667516271172,-8.644615785127915e-05,-0.00011974703997933095,3.0892327760299633e-06,0.0,-1.5701506422381224,1.5701667516271183,-8.64461578512792e-05,-0.00011974703997933103,3.0892327760299654e-06,0.0,0.0,0.0,0.0,0.0,0.0,0.0,2.2842876217388383e-15,-2.7569471087692696e-16,9.858542542644206e-20,9.049680381811043e-20,-4.513778203920288e-21,0.0,7.72595825798964e-15,-1.1960142424890573e-14,9.305305004758737e-19,-2.5865894542711613e-19,-1.892948365645923e-20,0.0,0.0,0.0,0.0,0.0,0.0,525.294312,-1e-06,890.001465,38.800598,89.992378,38.800598
17.220047616,114.22540799999936,8.754619637690466,0,0.0,-89.963005,89.963928,-0.004953,-0.006861,0.000177,0.0,-1.5701506422381213,1.5701667516271172,-8.644615785127915e-05,-0.00011974703997933095,3.0892327760299633e-06,0.0,-1.5701506422381224,1.5701667516271183,-8.64461578512792e-05,-0.00011974703997933103,3.0892327760299654e-06,0.0,1.3322676295501878e-15,4.440892098500626e-16,2.710505431213761e-20,1.0842021724855044e-19,8.470329472543003e-22,0.0,2.563681156229471e-15,-1.0662338122327821e-15,2.339262403629832e-19,1.6695108441576625e-20,-1.6879137093004026e-21,0.0,5.132610999983278e-16,-9.375066061842451e-15,3.6507347581014567e-19,-5.823029582721459e-19,-1.395617353938694e-20,0.0,0.0,0.0,0.0,0.0,0.0,525.294312,-1e-06,890.001465,38.800598,89.992378,38.800598
17.400760832,180.7132160000009,5.533629593532302,0,0.0,-89.963005,89.963928,-0.004953,-0.006861,0.000177,0.0,-1.5701506422381213,1.5701667516271172,-8.644615785127915e-05,-0.00011974703997933095,3.0892327760299633e-06,0.0,-1.5701506422381224,1.5701667516271183,-8.64461578512792e-05,-0.00011974703997933103,3.0892327760299654e-06,0.0,8.881784197001252e-16,-8.881784197001252e-16,0.0,0.0,-3.3881317890172014e-21,0.0,1.025567895318633e-15,-1.1184729286882378e-15,2.401287219542385e-19,-1.7273517209721358e-19,-4.437044901949876e-21,0.0,-5.681226680376456e-15,-2.0966853394581352e-15,-6.043877961074006e-19,2.881619087534672e-19,-7.351081183520047e-22,0.0,0.0,0.0,0.0,0.0,0.0,525.294312,-1e-06,890.001465,38.800598,89.992378,38.800598
17.519718656,118.95782399999888,8.406340721229142,0,0.0,-89.963005,89.963928,-0.004953,-0.006861,0.000177,0.0,-1.5701506422381213,1.5701667516271172,-8.644615785127915e-05,-0.00011974703997933095,3.0892327760299633e-06,0.0,-1.5701506422381224,1.5701667516271183,-8.64461578512792e-05,-0.00011974703997933103,3.0892327760299654e-06,0.0,0.0,8.881784197001252e-16,5.421010862427522e-20,-1.0842021724855044e-19,1.6940658945086007e-21,0.0,3.106549207371743e-16,-1.4354716340557198e-15,3.5959951759227207e-20,-1.310289949165861e-19,-5.4391061267866844e-21,0.0,-6.57342421045929e-15,-6.4335550588968866e-18,-8.805807894227902e-19,7.200454768897204e-19,1.937115165473619e-21,0.0,0.0,0.0,0.0,0.0,0.0,525.294312,-1e-06,890.001465,38.800598,89.992378,38.800598
17.634524928,114.8062720000027,8.710325512529284,0,0.0,-89.963005,89.963928,-0.004953,-0.006861,0.000177,0.0,-1.5701506422381213,1.5701667516271172,-8.644615785127915e-05,-0.00011974703997933095,3.0892327760299633e-06,0.0,-1.5701506422381224,1.5701667516271183,-8.64461578512792e-05,-0.00011974703997933103,3.0892327760299654e-06,0.0,0.0,0.0,5.421010862427522e-20,-1.0842021724855044e-19,0.0,0.0,-4.678127375325171e-16,-1.1852455497051375e-15,-1.4019732805333794e-19,1.5168000504789206e-19,-2.27919419225207e-21,0.0,-5.612628106556958e-15,4.590101239843738e-15,-7.028681416974863e-19,3.604303088125785e-19,2.3705167869748498e-20,0.0,0.0,0.0,0.0,0.0,0.0,525.294312,-1e-06,890.001465,38.800598,89.992378,38.800598
17.75138432,116.85939199999851,8.557292510986304,0,0.0,-89.963005,89.963928,-0.004953,-0.006861,0.000177,0.0,-1.5701506422381213,1.5701667516271172,-8.644615785127915e-05,-0.00011974703997933095,3.0892327760299633e-06,0.0,-1.5701506422381224,1.5701667516271183,-8.64461578512792e-05,-0.00011974703997933103,3.0892327760299654e-06,0.0,2.220446049250313e-15,-1.3322676295501878e-15,1.0842021724855044e-19,1.0842021724855044e-19,-5.082197683525802e-21,0.0,8.541522133052139e-18,-1.4249631493063495e-15,-7.433783689550704e-20,2.7312399071223886e-19,-1.709709731113211e-21,0.0,-4.873404124185429e-15,7.177655815482605e-15,-3.0974965137369546e-19,-2.2629031727939234e-19,3.900137092934375e-20,0.0,0.0,0.0,0.0,0.0,0.0,525.294312,-1e-06,890.001465,38.800598,89.992378,38.800598
17.961658368,210.27404799999871,4.75569862049741,0,0.0,-89.963005,89.963928,-0.004953,-0.006861,0.000177,0.0,-1.5701506422381213,1.5701667516271172,-8.644615785127915e-05,-0.00011974703997933095,3.0892327760299633e-06,0.0,-1.5701506422381224,1.5701667516271183,-8.64461578512792e-05,-0.00011974703997933103,3.0892327760299654e-06,0.0,0.0,0.0,-1.0842021724855044e-19,0.0,0.0,0.0,-1.3507526819060323e-15,7.803552214887604e-16,-3.2184932555360825e-20,-7.432714506817778e-20,5.861586657739104e-21,0.0,-4.109636934768068e-15,7.930291531090869e-15,3.9867789970597985e-19,-4.755114602752025e-19,3.017805225522976e-20,0.0,0.0,0.0,0.0,0.0,0.0,525.294312,-1e-06,890.001465,38.800598,89.992378,38.800598
18.072686336,111.02796800000192,9.00673963518798,0,0.0,-89.963005,89.963928,-0.004953,-0.006861,0.000177,0.0,-1.5701506422381213,1.5701667516271172,-8.644615785127915e-05,-0.00011974703997933095,3.0892327760299633e-06,0.0,-1.5701506422381224,1.5701667516271183,-8.64461578512792e-05,-0.00011974703997933103,3.0892327760299654e-06,0.0,0.0,-8.881784197001252e-16,5.421010862427522e-20,0.0,-1.6940658945086007e-21,0.0,-2.5961281723199896e-15,2.6025995616655e-15,-8.90786879734295e-20,-2.9167813834286403e-19,1.5520233820982666e-20,0.0,4.495712436410614e-16,4.923377060226238e-15,2.0440049353326833e-19,3.2989876333942024e-20,1.0832136535094066e-20,0.0,0.0,0.0,0.0,0.0,0.0,525.294312,-1e-06,890.001465,38.800598,89.992378,38.800598
18.187619328,114.93299199999996,8.700721895415377,0,0.0,-89.963005,89.963928,-0.004953,-0.006861,0.000177,0.0,-1.5701506422381213,1.5701667516271172,-8.644615785127915e-05,-0.00011974703997933095,3.0892327760299633e-06,0.0,-1.5701506422381224,1.5701667516271183,-8.64461578512792e-05,-0.00011974703997933103,3.0892327760299654e-06,0.0,0.0,0.0,5.421010862427522e-20,-1.0842021724855044e-19,1.6940658945086007e-21,0.0,-1.91424740484821e-15,1.5294872048851044e-15,7.086832823095629e-21,-2.7732108755799345e-20,1.14207665703809e-20,0.0,7.957325876785706e-15,-7.322318445817271e-15,-3.597400319980562e-20,1.0433135653457667e-18,-3.3152393985081086e-20,0.0,0.0,0.0,0.0,0.0,0.0,525.294312,-1e-06,890.001465,38.800598,89.992378,38.800598
18.297595136,109.9758080000015,9.092908869557807,0,0.0,-89.963005,89.963928,-0.004953,-0.006861,0.000177,0.0,-1.5701506422381213,1.5701667516271172,-8.644615785127915e-05,-0.00011974703997933095,3.0892327760299633e-06,0.0,-1.5701506422381224,1.5701667516271183,-8.64461578512792e-05,-0.00011974703997933103,3.0892327760299654e-06,0.0,4.440892098500626e-16,0.0,0.0,0.0,1.6940658945086007e-21,0.0,-4.0252346718716123e-16,8.044401856153364e-16,2.554521975014202e-20,2.9842927667057553e-19,2.046954465699707e-21,0.0,7.493151947690526e-15,-1.278937040009143e-14,1.883046642171539e-19,1.019375198776509e-18,-5.0789592225562004e-20,0.0,0.0,0.0,0.0,0.0,0.0,525.294312,-1e-06,890.001465,38.800598,89.992378,38.800598
18.477261056,179.66591999999793,5.5658858396740545,0,0.0,-89.963005,89.963928,-0.004953,-0.006861,0.000177,0.0,-1.5701506422381213,1.5701667516271172,-8.644615785127915e-05,-0.00011974703997933095,3.0892327760299633e-06,0.0,-1.5701506422381224,1.5701667516271183,-8.64461578512792e-05,-0.00011974703997933103,3.0892327760299654e-06,0.0,0.0,0.0,-5.421010862427522e-20,0.0,3.3881317890172014e-21,0.0,2.055556631727388e-15,-1.8231196031561414e-15,-9.922341917900196e-20,2.2972705294363336e-19,-5.4136156265585274e-21,0.0,2.6307972323543903e-15,-7.718435774703861e-15,4.695162994269394e-19,-6.084736835078426e-19,-3.955486349215214e-20,0.0,0.0,0.0,0.0,0.0,0.0,525.294312,-1e-06,890.001465,38.800598,89.992378,38.800598
18.593381376,116.12032000000028,8.611757184272292,0,0.0,-89.963005,89.963928,-0.004953,-0.006861,0.000177,0.0,-1.5701506422381213,1.5701667516271172,-8.644615785127915e-05,-0.00011974703997933095,3.0892327760299633e-06,0.0,-1.5701506422381224,1.5701667516271183,-8.64461578512792e-05,-0.00011974703997933103,3.0892327760299654e-06,0.0,-8.881784197001252e-16,0.0,0.0,1.0842021724855044e-19,0.0,0.0,-1.439432812589247e-16,-3.302164451446753e-15,1.195237134904484e-19,5.97843071942887e-20,-8.072011867991659e-21,0.0,-2.538439873416056e-15,-2.748352444504097e-16,3.771073808234797e-19,-1.2129666540249825e-18,-1.5525141292065046e-20,0.0,0.0,0.0,0.0,0.0,0.0,525.294312,-1e-06,890.001465,38.800598,89.992378,38.800598
18.704864,111.48262400000064,8.970007738605025,0,0.0,-89.963005,89.963928,-0.004953,-0.006861,0.000177,0.0,-1.5701506422381213,1.5701667516271172,-8.644615785127915e-05,-0.00011974703997933095,3.0892327760299633e-06,0.0,-1.5701506422381224,1.5701667516271183,-8.64461578512792e-05,-0.00011974703997933103,3.0892327760299654e-06,0.0,8.881784197001252e-16,0.0,0.0,0.0,0.0,0.0,-1.2185744011941585e-15,-1.5175431320940278e-15,2.0878367828359836e-19,-1.8638949447929673e-19,-8.007435921490155e-21,0.0,-7.383577922662158e-15,1.1325658383885545e-14,6.222549393763304e-21,-7.02856186468106e-19,1.6965667008659906e-20,0.0,0.0,0.0,0.0,0.0,0.0,525.294312,-1e-06,890.001465,38.800598,89.992378,38.800598
18.815437312,110.57331199999965,9.043773600631617,0,0.0,-89.963005,89.963928,-0.004953,-0.006861,0.000177,0.0,-1.5701506422381213,1.5701667516271172,-8.644615785127915e-05,-0.00011974703997933095,3.0892327760299633e-06,0.0,-1.5701506422381224,1.5701667516271183,-8.64461578512792e-05,-0.00011974703997933103,3.0892327760299654e-06,0.0,8.881784197001252e-16,-1.7763568394002505e-15,2.710505431213761e-20,0.0,-8.470329472543003e-22,0.0,7.156228083553024e-16,-2.1644736001746368e-16,1.2380041649406323e-19,-1.3498858762846312e-19,-6.059386352975771e-21,0.0,-1.0699918509650584e-15,1.2014525853175623e-14,-3.450292141690822e-19,9.695665022276244e-20,2.5077849035007315e-20,0.0,0.0,0.0,0.0,0.0,0.0,525.294312,-1e-06,890.001465,38.800598,89.992378,38.800598
18.998658816,183.2215039999987,5.457874638994379,0,0.0,-89.963005,89.963928,-0.004953,-0.006861,0.000177,0.0,-1.5701506422381213,1.5701667516271172,-8.644615785127915e-05,-0.00011974703997933095,3.0892327760299633e-06,0.0,-1.5701506422381224,1.5701667516271183,-8.64461578512792e-05,-0.00011974703997933103,3.0892327760299654e-06,0.0,-1.7763568394002505e-15,0.0,5.421010862427522e-20,0.0,0.0,0.0,-1.4280042538744004e-15,2.0459076011686e-15,-6.522727994895444e-20,2.514255156633299e-20,1.4447895830309545e-21,0.0,1.6207671850241624e-14,-4.926343566891091e-15,-5.937967011261307e-19,8.608889340604255e-19,2.6588328977322102e-20,0.0,0.0,0.0,0.0,0.0,0.0,525.294312,-1e-06,890.001465,38.800598,89.992378,38.800598
19.1094144,110.75558399999963,9.028890137042692,0,0.0,-89.963005,89.963928,-0.004953,-0.006861,0.000177,0.0,-1.5701506422381213,1.5701667516271172,-8.644615785127915e-05,-0.00011974703997933095,3.0892327760299633e-06,0.0,-1.5701506422381224,1.5701667516271183,-8.64461578512792e-05,-0.00011974703997933103,3.0892327760299654e-06,0.0,8.881784197001252e-16,0.0,0.0,0.0,-1.6940658945086007e-21,0.0,1.6403928918748718e-15,1.1640678420240343e-15,-1.0479696796576472e-19,1.141137993936729e-19,2.167685727624123e-21,0.0,1.1052621588718821e-14,-9.967297841947453e-15,-3.636844855693716e-19,4.801773557306699e-19,2.1989631979345756e-20,0.0,0.0,0.0,0.0,0.0,0.0,525.294312,-1e-06,890.001465,38.800598,89.992378,38.800598
19.22197632,112.56192000000098,8.883999135764487,0,0.0,-89.963005,89.963928,-0.004953,-0.006861,0.000177,0.0,-1.5701506422381213,1.5701667516271172,-8.644615785127915e-05,-0.00011974703997933095,3.0892327760299633e-06,0.0,-1.5701506422381224,1.5701667516271183,-8.64461578512792e-05,-0.00011974703997933103,3.0892327760299654e-06,0.0,0.0,0.0,5.421010862427522e-20,1.0842021724855044e-19,0.0,0.0,6.150839366912856e-15,-2.5849141355373496e-15,-6.256957363802955e-20,1.3760697229449537e-19,3.7157885864637786e-21,0.0,-4.756546580441996e-15,-2.8715516917764686e-15,3.3562761967652256e-20,-4.752683987405692e-19,4.962684798273041e-21,0.0,0.0,0.0,0.0,0.0,0.0,525.294312,-1e-06,890.001465,38.800598,89.992378,38.800598
19.336069888,114.09356800000126,8.764735975300457,0,0.0,-89.963005,89.963928,-0.004953,-0.006861,0.000177,0.0,-1.5701506422381213,1.5701667516271172,-8.644615785127915e-05,-0.00011974703997933095,3.0892327760299633e-06,0.0,-1.5701506422381224,1.5701667516271183,-8.64461578512792e-05,-0.00011974703997933103,3.0892327760299654e-06,0.0,8.881784197001252e-16,-4.440892098500626e-16,-5.421010862427522e-20,-5.421010862427522e-20,8.470329472543003e-22,0.0,3.0021371930061012e-15,-2.666870574902055e-15,-2.957482011581706e-20,3.5361812079978493e-20,4.209389559788678e-21,0.0,-1.4133016467701223e-14,8.495020949980438e-15,1.5006041615162112e-19,-7.200988777532442e-19,-3.824450639056696e-21,0.0,0.0,0.0,0.0,0.0,0.0,525.294312,-1e-06,890.001465,38.800598,89.992378,38.800598
19.511721728,175.65184000000045,5.693080129419638,0,0.0,-89.963005,89.963928,-0.004953,-0.006861,0.000177,0.0,-1.5701506422381213,1.5701667516271172,-8.644615785127915e-05,-0.00011974703997933095,3.0892327760299633e-06,0.0,-1.5701506422381224,1.5701667516271183,-8.64461578512792e-05,-0.00011974703997933103,3.0892327760299654e-06,0.0,1.7763568394002505e-15,-1.7763568394002505e-15,5.421010862427522e-20,1.0842021724855044e-19,0.0,0.0,-3.567375184454725e-15,1.8697401184471473e-15,-6.594764176184202e-20,-2.0272297432436235e-19,2.0829156097728934e-21,0.0,-2.2216840770431167e-14,1.9816480124443938e-14,9.518218079776489e-20,-6.378866778919202e-19,-1.713597415549248e-20,0.0,0.0,0.0,0.0,0.0,0.0,525.294312,-1e-06,890.001465,38.800598,89.992378,38.800598
19.623738368,112.01664000000022,8.927245095014436,0,0.0,-89.963005,89.963928,-0.004953,-0.006861,0.000177,0.0,-1.5701506422381213,1.5701667516271172,-8.644615785127915e-05,-0.00011974703997933095,3.0892327760299633e-06,0.0,-1.5701506422381224,1.5701667516271183,-8.64461578512792e-05,-0.00011974703997933103,3.0892327760299654e-06,0.0,0.0,0.0,0.0,0.0,1.6940658945086007e-21,0.0,-4.924520290151703e-15,6.0723638852827696e-15,-5.74111601349177e-20,-1.6091279188514375e-19,1.4421301789089013e-21,0.0,-9.088873233552321e-15,1.1300103426758216e-14,1.230158410531178e-19,-3.1527900068314605e-19,-2.0319989509251813e-20,0.0,0.0,0.0,0.0,0.0,0.0,525.294312,-1e-06,890.001465,38.800598,89.992378,38.800598
19.735196928,111.4585599999991,8.971944371073949,0,0.0,-89.963005,89.963928,-0.004953,-0.006861,0.000177,0.0,-1.5701506422381213,1.5701667516271172,-8.644615785127915e-05,-0.00011974703997933095,3.0892327760299633e-06,0.0,-1.5701506422381224,1.5701667516271183,-8.64461578512792e-05,-0.00011974703997933103,3.0892327760299654e-06,0.0,-8.881784197001252e-16,8.881784197001252e-16,0.0,0.0,0.0,0.0,-3.9866997735586075e-15,6.165963784700609e-15,-9.325172926382899e-23,-1.5236395910598813e-19,-1.6569101764861425e-21,0.0,1.3899698884462533e-14,-8.653437841574693e-15,1.9085553338683124e-19,3.4795904272693963e-19,-7.35090068752982e-21,0.0,0.0,0.0,0.0,0.0,0.0,525.294312,-1e-06,890.001465,38.800598,89.992378,38.800598
19.84576512,110.56819199999879,9.044192384008694,0,0.0,-89.963005,89.963928,-0.004953,-0.006861,0.000177,0.0,-1.5701506422381213,1.5701667516271172,-8.644615785127915e-05,-0.00011974703997933095,3.0892327760299633e-06,0.0,-1.5701506422381224,1.5701667516271183,-8.64461578512792e-05,-0.00011974703997933103,3.0892327760299654e-06,0.0,-8.881784197001252e-16,8.881784197001252e-16,-2.710505431213761e-20,-5.421010862427522e-20,1.6940658945086007e-21,0.0,-1.0171778950418965e-15,1.158853671145254e-15,4.197708146016833e-22,-1.4398025466608346e-19,-4.844380914542642e-21,0.0,1.47089648906793e-14,-1.4057002808984023e-14,8.156257771909547e-20,4.463557886897183e-19,2.737575232051438e-21,0.0,0.0,0.0,0.0,0.0,0.0,525.294312,-1e-06,890.001465,38.800598,89.992378,38.800598
20.032012544,186.24742400000116,5.369201777523612,0,0.0,-89.963005,89.963928,-0.004953,-0.006861,0.000177,0.0,-1.5701506422381213,1.5701667516271172,-8.644615785127915e-05,-0.00011974703997933095,3.0892327760299633e-06,0.0,-1.5701506422381224,1.5701667516271183,-8.64461578512792e-05,-0.00011974703997933103,3.0892327760299654e-06,0.0,0.0,1.7763568394002505e-15,0.0,0.0,0.0,0.0,1.3731930864075887e-15,-6.473895202451525e-16,-6.6703629771299206e-21,-5.448321393288063e-20,1.5052850548455922e-21,0.0,-5.104491418162205e-15,9.881758275299765e-16,-5.745222467269508e-19,-2.339734208732501e-19,2.2313431661519477e-20,0.0,0.0,0.0,0.0,0.0,0.0,525.294312,-1e-06,890.001465,38.800598,89.992378,38.800598
20.14363008,111.61753600000068,8.95916569955454,0,0.0,-89.963005,89.963928,-0.004953,-0.006861,0.000177,0.0,-1.5701506422381213,1.5701667516271172,-8.644615785127915e-05,-0.00011974703997933095,3.0892327760299633e-06,0.0,-1.5701506422381224,1.5701667516271183,-8.64461578512792e-05,-0.00011974703997933103,3.0892327760299654e-06,0.0,0.0,-8.881784197001252e-16,5.421010862427522e-20,0.0,-1.6940658945086007e-21,0.0,-9.348919809921529e-16,1.318620075646782e-15,-5.755012482530913e-20,-4.6646269754087756e-20,2.897060108808697e-21,0.0,-8.02975568216625e-15,8.409683139435271e-15,-4.876843801062398e-19,-2.0762631620772894e-19,2.4759248981256764e-20,0.0,0.0,0.0,0.0,0.0,0.0,525.294312,-1e-06,890.001465,38.800598,89.992378,38.800598
20.255721472,112.09139199999996,8.921291654581294,0,0.0,-89.963005,89.963928,-0.004953,-0.006861,0.000177,0.0,-1.5701506422381213,1.5701667516271172,-8.644615785127915e-05,-0.00011974703997933095,3.0892327760299633e-06,0.0,-1.5701506422381224,1.5701667516271183,-8.64461578512792e-05,-0.00011974703997933103,3.0892327760299654e-06,0.0,-8.881784197001252e-16,8.881784197001252e-16,-5.421010862427522e-20,0.0,0.0,0.0,-4.439278643312933e-15,3.508224539618776e-15,-1.9601660319617316e-19,-1.6411917850438862e-19,4.14842174535358e-21,0.0,2.01080659360097e-15,-2.0837399971112973e-15,2.0210350201302482e-19,4.0720021240384795e-19,-4.714741388484335e-21,0.0,0.0,0.0,0.0,0.0,0.0,525.294312,-1e-06,890.001465,38.800598,89.992378,38.800598
20.3708416,115.12012799999738,8.686578249808955,0,0.0,-89.963005,89.963928,-0.004953,-0.006861,0.000177,0.0,-1.5701506422381213,1.5701667516271172,-8.644615785127915e-05,-0.00011974703997933095,3.0892327760299633e-06,0.0,-1.5701506422381224,1.5701667516271183,-8.64461578512792e-05,-0.00011974703997933103,3.0892327760299654e-06,0.0,-8.881784197001252e-16,2.220446049250313e-15,-2.710505431213761e-20,-1.0842021724855044e-19,3.3881317890172014e-21,0.0,-2.995034792618963e-15,3.9465207720153976e-15,-1.8185760295205444e-19,-2.1265241156697458e-19,6.177781564688808e-21,0.0,1.2190801106816483e-14,-1.6355798528017627e-14,5.498904032514304e-19,7.937675374899128e-19,-2.4414630770207756e-20,0.0,0.0,0.0,0.0,0.0,0.0,525.294312,-1e-06,890.001465,38.800598,89.992378,38.800598
20.550884864,180.0432640000018,5.554220567785252,0,0.0,-89.963005,89.963928,-0.004953,-0.006861,0.000177,0.0,-1.5701506422381213,1.5701667516271172,-8.644615785127915e-05,-0.00011974703997933095,3.0892327760299633e-06,0.0,-1.5701506422381224,1.5701667516271183,-8.64461578512792e-05,-0.00011974703997933103,3.0892327760299654e-06,0.0,-1.7763568394002505e-15,1.7763568394002505e-15,-5.421010862427522e-20,0.0,0.0,0.0,3.13856709345306e-15,-2.8053807494038157e-15,1.2988954338701855e-19,1.7433727753887288e-19,-2.056339264662438e-21,0.0,1.476341979116851e-14,-1.9106201615613677e-14,5.6620883686981055e-19,7.4944273687166e-19,-1.1411449811927981e-20,0.0,0.0,0.0,0.0,0.0,0.0,525.294312,-1e-06,890.001465,38.800598,89.992378,38.800598
20.663362304,112.47743999999926,8.890671764933542,0,0.0,-89.963005,89.963928,-0.004953,-0.006861,0.000177,0.0,-1.5701506422381213,1.5701667516271172,-8.644615785127915e-05,-0.00011974703997933095,3.0892327760299633e-06,0.0,-1.5701506422381224,1.5701667516271183,-8.64461578512792e-05,-0.00011974703997933103,3.0892327760299654e-06,0.0,-8.881784197001252e-16,1.7763568394002505e-15,-5.421010862427522e-20,-1.0842021724855044e-19,1.6940658945086007e-21,0.0,5.067518687221694e-15,-7.693815072995727e-15,1.7198371793720095e-19,3.2059282052905677e-19,-7.86995192362422e-21,0.0,5.172042311773848e-15,-9.371277746711738e-15,3.022911220250116e-19,-4.4402193200682456e-21,-8.141334008829086e-22,0.0,0.0,0.0,0.0,0.0,0.0,525.294312,-1e-06,890.001465,38.800598,89.992378,38.800598
20.776160256,112.79795200000109,8.865409187570979,0,0.0,-89.963005,89.963928,-0.004953,-0.006861,0.000177,0.0,-1.5701506422381213,1.5701667516271172,-8.644615785127915e-05,-0.00011974703997933095,3.0892327760299633e-06,0.0,-1.5701506422381224,1.5701667516271183,-8.64461578512792e-05,-0.00011974703997933103,3.0892327760299654e-06,0.0,8.881784197001252e-16,0.0,5.421010862427522e-20,1.0842021724855044e-19,0.0,0.0,2.772992444075592e-15,-4.729977983686412e-15,4.980510891508612e-20,1.3152042481865522e-19,-1.1881483221604218e-21,0.0,-1.0719649712945175e-14,1.0742681265551637e-14,-2.270998227607385e-19,-1.4479466603960022e-18,1.3616479251613726e-20,0.0,0.0,0.0,0.0,0.0,0.0,525.294312,-1e-06,890.001465,38.800598,89.992378,38.800598
20.885858816,109.69855999999822,9.115889944225486,0,0.0,-89.963005,89.963928,-0.004953,-0.006861,0.000177,0.0,-1.5701506422381213,1.5701667516271172,-8.644615785127915e-05,-0.00011974703997933095,3.0892327760299633e-06,0.0,-1.5701506422381224,1.5701667516271183,-8.64461578512792e-05,-0.00011974703997933103,3.0892327760299654e-06,0.0,0.0,-4.440892098500626e-16,-2.710505431213761e-20,0.0,0.0,0.0,-1.0879939352103425e-15,5.024914037314791e-17,-1.9068329144101945e-20,-1.6481448968922857e-19,5.52270528709655e-21,0.0,-1.3198502726967256e-14,1.612182098388511e-14,-2.986431234470192e-19,-1.4789622246789839e-18,1.511453755233472e-20,0.0,0.0,0.0,0.0,0.0,0.0,525.294312,-1e-06,890.001465,38.800598,89.992378,38.800598
21.063777536,177.91872000000097,5.620544032690852,0,0.0,-89.963005,89.963928,-0.004953,-0.006861,0.000177,0.0,-1.5701506422381213,1.5701667516271172,-8.644615785127915e-05,-0.00011974703997933095,3.0892327760299633e-06,0.0,-1.5701506422381224,1.5701667516271183,-8.64461578512792e-05,-0.00011974703997933103,3.0892327760299654e-06,0.0,0.0,0.0,0.0,0.0,0.0,0.0,7.221307664797646e-17,-1.7328487182815126e-16,5.276330154082979e-20,-3.208683010633487e-19,7.711166014112563e-23,0.0,2.5742573909168215e-15,-2.252322808743264e-15,7.940516197321011e-20,6.888148040927324e-19,-1.6512901741981218e-20,0.0,0.0,0.0,0.0,0.0,0.0,525.294312,-1e-06,890.001465,38.800598,89.992378,38.800598
21.175021824,111.24428800000175,8.989225586126132,0,0.0,-89.963005,89.963928,-0.004953,-0.006861,0.000177,0.0,-1.5701506422381213,1.5701667516271172,-8.644615785127915e-05,-0.00011974703997933095,3.0892327760299633e-06,0.0,-1.5701506422381224,1.5701667516271183,-8.64461578512792e-05,-0.00011974703997933103,3.0892327760299654e-06,0.0,-1.7763568394002505e-15,1.7763568394002505e-15,-5.421010862427522e-20,-1.0842021724855044e-19,3.3881317890172014e-21,0.0,5.575455562023401e-16,-1.5370700287360424e-15,9.353202054036208e-20,-1.6060026991139805e-19,-2.2065424923504607e-21,0.0,7.758151124926427e-15,-7.460784548824859e-15,4.348603454463855e-21,1.604157282314352e-18,-2.4400742849685107e-20,0.0,0.0,0.0,0.0,0.0,0.0,525.294312,-1e-06,890.001465,38.800598,89.992378,38.800598
21.284924416,109.90259199999741,9.098966473875553,0,0.0,-89.963005,89.963928,-0.004953,-0.006861,0.000177,0.0,-1.5701506422381213,1.5701667516271172,-8.644615785127915e-05,-0.00011974703997933095,3.0892327760299633e-06,0.0,-1.5701506422381224,1.5701667516271183,-8.64461578512792e-05,-0.00011974703997933103,3.0892327760299654e-06,0.0,0.0,0.0,5.421010862427522e-20,-1.0842021724855044e-19,0.0,0.0,9.294285938896087e-16,-3.1359441196264695e-15,4.175791223956894e-20,2.99637047173267e-19,-4.3609143111337225e-21,0.0,-1.6602564532614012e-15,1.9922559019536484e-15,-2.684097365805118e-19,1.4559882690956475e-18,-2.334862999584732e-21,0.0,0.0,0.0,0.0,0.0,0.0,525.294312,-1e-06,890.001465,38.800598,89.992378,38.800598
21.396475904,111.55148799999992,8.964470290167718,0,0.0,-89.963005,89.963928,-0.004953,-0.006861,0.000177,0.0,-1.5701506422381213,1.5701667516271172,-8.644615785127915e-05,-0.00011974703997933095,3.0892327760299633e-06,0.0,-1.5701506422381224,1.5701667516271183,-8.64461578512792e-05,-0.00011974703997933103,3.0892327760299654e-06,0.0,1.7763568394002505e-15,-1.7763568394002505e-15,5.421010862427522e-20,5.421010862427522e-20,-1.6940658945086007e-21,0.0,2.611957234043973e-15,-2.7659852821596226e-15,-1.9720376977672706e-20,3.787436437957814e-19,-4.6478727615921954e-21,0.0,-8.688828980172768e-15,1.0089557480523299e-14,-3.2533473962713367e-19,4.863633754553999e-19,1.4273688467739465e-20,0.0,0.0,0.0,0.0,0.0,0.0,525.294312,-1e-06,890.001465,38.800598,89.992378,38.800598
21.57942528,182.94937599999983,5.465992953154434,0,0.0,-89.963005,89.963928,-0.004953,-0.006861,0.000177,0.0,-1.5701506422381213,1.5701667516271172,-8.644615785127915e-05,-0.00011974703997933095,3.0892327760299633e-06,0.0,-1.5701506422381224,1.5701667516271183,-8.64461578512792e-05,-0.00011974703997933103,3.0892327760299654e-06,0.0,-1.7763568394002505e-15,0.0,-5.421010862427522e-20,0.0,0.0,0.0,-1.864130973192618e-15,2.2987199453831415e-15,-7.005416630899874e-20,1.0561550582868669e-19,1.6426591932604929e-21,0.0,-5.346410135613181e-15,1.4211896161495106e-14,-3.0048845810938367e-19,-1.5174394408211079e-18,1.6608377222275916e-20,0.0,0.0,0.0,0.0,0.0,0.0,525.294312,-1e-06,890.001465,38.800598,89.992378,38.800598
21.690952448,111.52716800000206,8.966425113564988,0,0.0,-89.963005,89.963928,-0.004953,-0.006861,0.000177,0.0,-1.5701506422381213,1.5701667516271172,-8.644615785127915e-05,-0.00011974703997933095,3.0892327760299633e-06,0.0,-1.5701506422381224,1.5701667516271183,-8.64461578512792e-05,-0.00011974703997933103,3.0892327760299654e-06,0.0,8.881784197001252e-16,0.0,0.0,1.0842021724855044e-19,0.0,0.0,-3.4063278765486466e-15,3.027086185212775e-15,-4.6712080575314186e-20,-2.1614670283841584e-20,3.612377182365342e-21,0.0,-3.539321098002924e-15,8.000218025302945e-15,-2.469991798636381e-19,-1.5234350462997331e-18,1.3359384057346989e-20,0.0,0.0,0.0,0.0,0.0,0.0,525.294312,-1e-06,890.001465,38.800598,89.992378,38.800598
21.803838464,112.88601599999737,8.85849315472364,0,0.0,-89.963005,89.963928,-0.004953,-0.006861,0.000177,0.0,-1.5701506422381213,1.5701667516271172,-8.644615785127915e-05,-0.00011974703997933095,3.0892327760299633e-06,0.0,-1.5701506422381224,1.5701667516271183,-8.64461578512792e-05,-0.00011974703997933103,3.0892327760299654e-06,0.0,0.0,8.881784197001252e-16,0.0,-1.0842021724855044e-19,0.0,0.0,-1.7365656341601998e-16,2.2571230412516684e-15,-8.095190262752493e-20,-2.4166315242598994e-19,2.151318028143205e-21,0.0,4.136970734873518e-15,-6.98959998253685e-15,-3.7352809326616835e-20,-3.887064877476091e-19,2.5231099302348014e-21,0.0,0.0,0.0,0.0,0.0,0.0,525.294312,-1e-06,890.001465,38.800598,89.992378,38.800598
21.91594496,112.10649600000266,8.920089697567358,0,0.0,-89.963005,89.963928,-0.004953,-0.006861,0.000177,0.0,-1.5701506422381213,1.5701667516271172,-8.644615785127915e-05,-0.00011974703997933095,3.0892327760299633e-06,0.0,-1.5701506422381224,1.5701667516271183,-8.64461578512792e-05,-0.00011974703997933103,3.0892327760299654e-06,0.0,-8.881784197001252e-16,-4.440892098500626e-16,2.710505431213761e-20,5.421010862427522e-20,0.0,0.0,2.0936025149072413e-16,1.4785147652372077e-15,-1.3654793492609372e-19,-2.0907017997981643e-19,1.673502473100978e-21,0.0,8.839614849158658e-15,-1.1095576315250694e-14,2.1318425770364234e-19,2.812745955268752e-19,-3.86972261830341e-21,0.0,0.0,0.0,0.0,0.0,0.0,525.294312,-1e-06,890.001465,38.800598,89.992378,38.800598
22.0994368,183.49183999999852,5.449833627479064,0,0.0,-89.963005,89.963928,-0.004953,-0.006861,0.000177,0.0,-1.5701506422381213,1.5701667516271172,-8.644615785127915e-05,-0.00011974703997933095,3.0892327760299633e-06,0.0,-1.5701506422381224,1.5701667516271183,-8.64461578512792e-05,-0.00011974703997933103,3.0892327760299654e-06,0.0,0.0,0.0,-5.421010862427522e-20,0.0,0.0,0.0,-9.353905683116873e-17,-1.6024777958968078e-15,-1.6437214889549955e-20,8.695392999970738e-20,1.8267346866313935e-21,0.0,8.52292789711478e-15,-1.3100437319271928e-14,1.1823389238341635e-18,1.3699363513331468e-18,-1.2825266057415299e-20,0.0,0.0,0.0,0.0,0.0,0.0,525.294312,-1e-06,890.001465,38.800598,89.992378,38.800598
22.215755008,116.31820799999915,8.597106310303605,0,0.0,-89.963005,89.963928,-0.004953,-0.006861,0.000177,0.0,-1.5701506422381213,1.5701667516271172,-8.644615785127915e-05,-0.00011974703997933095,3.0892327760299633e-06,0.0,-1.5701506422381224,1.5701667516271183,-8.64461578512792e-05,-0.00011974703997933103,3.0892327760299654e-06,0.0,-8.881784197001252e-16,1.7763568394002505e-15,-1.0842021724855044e-19,-1.0842021724855044e-19,1.6940658945086007e-21,0.0,1.0855896974036846e-15,-9.448878630166781e-16,9.604039017809333e-20,4.640496788864467e-20,2.060134540674059e-21,0.0,6.760134025866122e-15,-9.556975444258865e-15,1.0705826684318435e-18,1.2180892540849178e-18,-1.5197886800020544e-20,0.0,0.0,0.0,0.0,0.0,0.0,525.294312,-1e-06,890.001465,38.800598,89.992378,38.800598
22.335692288,119.93728000000203,8.337691166582927,0,0.0,-89.963005,89.963928,-0.004953,-0.006861,0.000177,0.0,-1.5701506422381213,1.5701667516271172,-8.644615785127915e-05,-0.00011974703997933095,3.0892327760299633e-06,0.0,-1.5701506422381224,1.5701667516271183,-8.64461578512792e-05,-0.00011974703997933103,3.0892327760299654e-06,0.0,0.0,-8.881784197001252e-16,5.421010862427522e-20,1.0842021724855044e-19,0.0,0.0,3.278028097521087e-15,-2.695522121123816e-15,3.4007137006864736e-19,2.7808448020340303e-19,-3.484824314806382e-21,0.0,2.368137829078913e-16,6.97571047018329e-15,-2.484719133598349e-19,3.5712722826578967e-20,-1.051279412857918e-20,0.0,0.0,0.0,0.0,0.0,0.0,525.294312,-1e-06,890.001465,38.800598,89.992378,38.800598
22.4474688,111.77651199999872,8.946423377390873,0,0.0,-89.963005,89.963928,-0.004953,-0.006861,0.000177,0.0,-1.5701506422381213,1.5701667516271172,-8.644615785127915e-05,-0.00011974703997933095,3.0892327760299633e-06,0.0,-1.5701506422381224,1.5701667516271183,-8.64461578512792e-05,-0.00011974703997933103,3.0892327760299654e-06,0.0,0.0,-4.440892098500626e-16,2.710505431213761e-20,-5.421010862427522e-20,8.470329472543003e-22,0.0,3.4743219640467772e-15,-3.5436373736529717e-15,3.351629656748083e-19,3.591020051148696e-19,-4.637089207571103e-21,0.0,-4.8710895210507755e-15,1.4513438073401616e-14,-9.67855196649977e-19,-5.856318481907826e-19,-7.212405207409466e-22,0.0,0.0,0.0,0.0,0.0,0.0,525.294312,-1e-06,890.001465,38.800598,89.992378,38.800598
22.623877632,176.4088319999999,5.668650422219226,0,0.0,-89.963005,89.963928,-0.004953,-0.006861,0.000177,0.0,-1.5701506422381213,1.5701667516271172,-8.644615785127915e-05,-0.00011974703997933095,3.0892327760299633e-06,0.0,-1.5701506422381224,1.5701667516271183,-8.64461578512792e-05,-0.00011974703997933103,3.0892327760299654e-06,0.0,0.0,0.0,5.421010862427522e-20,1.0842021724855044e-19,0.0,0.0,-8.337229160465094e-16,2.7852960468623156e-15,-2.381404335683715e-19,-1.1070623028399793e-19,-1.6408521723211838e-23,0.0,-1.4541488435125026e-14,1.9366702731449938e-14,-1.679118298093634e-18,-2.209931418367125e-18,3.605863891234313e-20,0.0,0.0,0.0,0.0,0.0,0.0,525.294312,-1e-06,890.001465,38.800598,89.992378,38.800598
22.733415168,109.53753600000127,9.129290620522891,0,0.0,-89.963005,89.963928,-0.004953,-0.006861,0.000177,0.0,-1.5701506422381213,1.5701667516271172,-8.644615785127915e-05,-0.00011974703997933095,3.0892327760299633e-06,0.0,-1.5701506422381224,1.5701667516271183,-8.64461578512792e-05,-0.00011974703997933103,3.0892327760299654e-06,0.0,1.7763568394002505e-15,-8.881784197001252e-16,5.421010862427522e-20,1.0842021724855044e-19,-1.6940658945086007e-21,0.0,-1.143054396121197e-15,4.7140460115339196e-15,-2.94468030940411e-19,-1.404966496328346e-19,2.0446910421034655e-21,0.0,-9.254992874185782e-15,1.0522950273694084e-14,-1.1017816647994564e-18,-1.9485927368255975e-18,2.704945438697155e-20,0.0,0.0,0.0,0.0,0.0,0.0,525.294312,-1e-06,890.001465,38.800598,89.992378,38.800598
22.847622656,114.20748799999814,8.755993302295698,0,0.0,-89.963005,89.963928,-0.004953,-0.006861,0.000177,0.0,-1.5701506422381213,1.5701667516271172,-8.644615785127915e-05,-0.00011974703997933095,3.0892327760299633e-06,0.0,-1.5701506422381224,1.5701667516271183,-8.64461578512792e-05,-0.00011974703997933103,3.0892327760299654e-06,0.0,-1.7763568394002505e-15,1.7763568394002505e-15,-5.421010862427522e-20,-1.0842021724855044e-19,3.3881317890172014e-21,0.0,-1.5547680667389285e-15,4.038290686115985e-15,-2.430514913479939e-19,-4.729434735224438e-19,7.95865358169929e-21,0.0,8.929898810102907e-15,-1.6605985574479644e-14,1.0368118010700347e-18,4.439783990788841e-19,-1.7703370936248582e-20,0.0,0.0,0.0,0.0,0.0,0.0,525.294312,-1e-06,890.001465,38.800598,89.992378,38.800598
22.955793408,108.17075200000303,9.244643136066689,0,0.0,-89.963005,89.963928,-0.004953,-0.006861,0.000177,0.0,-1.5701506422381213,1.5701667516271172,-8.644615785127915e-05,-0.00011974703997933095,3.0892327760299633e-06,0.0,-1.5701506422381224,1.5701667516271183,-8.64461578512792e-05,-0.00011974703997933103,3.0892327760299654e-06,0.0,4.440892098500626e-16,0.0,-5.421010862427522e-20,5.421010862427522e-20,-8.470329472543003e-22,0.0,-1.2852698332953798e-15,1.6610777028583347e-15,-2.012087782116963e-19,-5.226108593585753e-19,7.130737709691101e-21,0.0,1.167168782299111e-14,-2.4096751707782994e-14,1.6550040613149802e-18,1.417244614358265e-18,-2.949881571301467e-20,0.0,0.0,0.0,0.0,0.0,0.0,525.294312,-1e-06,890.001465,38.800598,89.992378,38.800598
23.131527424,175.73401599999983,5.690417955280786,0,0.0,-89.963005,89.963928,-0.004953,-0.006861,0.000177,0.0,-1.5701506422381213,1.5701667516271172,-8.644615785127915e-05,-0.00011974703997933095,3.0892327760299633e-06,0.0,-1.5701506422381224,1.5701667516271183,-8.64461578512792e-05,-0.00011974703997933103,3.0892327760299654e-06,0.0,0.0,1.7763568394002505e-15,0.0,-1.0842021724855044e-19,3.3881317890172014e-21,0.0,3.615919739388507e-15,-4.771334138407498e-15,2.4464021769968124e-19,3.0346643655984042e-19,-1.09718626530916e-20,0.0,2.0209386058776578e-15,-1.740432503565203e-14,9.23874263942757e-19,2.031230855158006e-18,-3.41689793521916e-20,0.0,0.0,0.0,0.0,0.0,0.0,525.294312,-1e-06,890.001465,38.800598,89.992378,38.800598
23.243658752,112.13132800000025,8.918114302543511,0,0.0,-89.963005,89.963928,-0.004953,-0.006861,0.000177,0.0,-1.5701506422381213,1.5701667516271172,-8.644615785127915e-05,-0.00011974703997933095,3.0892327760299633e-06,0.0,-1.5701506422381224,1.5701667516271183,-8.64461578512792e-05,-0.00011974703997933103,3.0892327760299654e-06,0.0,0.0,0.0,-5.421010862427522e-20,-1.0842021724855044e-19,1.6940658945086007e-21,0.0,1.8976782474323446e-15,-4.153451915583832e-15,2.8761325389116364e-19,2.995049885207492e-19,-7.225063230068763e-21,0.0,-2.1586853172936482e-15,-7.175850985979783e-15,2.9040139298690457e-19,1.4742192927549203e-18,-1.9143006068677143e-20,0.0,0.0,0.0,0.0,0.0,0.0,525.294312,-1e-06,890.001465,38.800598,89.992378,38.800598
23.356228352,112.56959999999694,8.883393029734735,0,0.0,-89.963005,89.963928,-0.004953,-0.006861,0.000177,0.0,-1.5701506422381213,1.5701667516271172,-8.644615785127915e-05,-0.00011974703997933095,3.0892327760299633e-06,0.0,-1.5701506422381224,1.5701667516271183,-8.64461578512792e-05,-0.00011974703997933103,3.0892327760299654e-06,0.0,8.881784197001252e-16,-8.881784197001252e-16,5.421010862427522e-20,1.0842021724855044e-19,-1.6940658945086007e-21,0.0,-1.4093229864639405e-15,-2.8435536692827913e-15,1.0297150510566493e-19,1.9648898041377169e-19,-2.0273292023272427e-21,0.0,-8.74860876346771e-15,1.425750443412784e-14,-1.1234670010825163e-18,-1.1336845447844521e-18,3.480484228772143e-20,0.0,0.0,0.0,0.0,0.0,0.0,525.294312,-1e-06,890.001465,38.800598,89.992378,38.800598
23.467926784,111.69843200000074,8.952677151278126,0,0.0,-89.963005,89.963928,-0.004953,-0.006861,0.000177,0.0,-1.5701506422381213,1.5701667516271172,-8.644615785127915e-05,-0.00011974703997933095,3.0892327760299633e-06,0.0,-1.5701506422381224,1.5701667516271183,-8.64461578512792e-05,-0.00011974703997933103,3.0892327760299654e-06,0.0,0.0,-4.440892098500626e-16,5.421010862427522e-20,5.421010862427522e-20,-2.541098841762901e-21,0.0,-2.8684195549585784e-16,-3.234913515168023e-15,3.075920416733745e-20,2.67836759889598e-19,-6.2403897268008406e-21,0.0,-7.253533382517661e-15,1.8880497696277472e-14,-1.4470327612901388e-18,-1.972502955522749e-18,4.533667724221457e-20,0.0,0.0,0.0,0.0,0.0,0.0,525.294312,-1e-06,890.001465,38.800598,89.992378,38.800598
23.647729664,179.80288000000044,5.5616461760790346,0,0.0,-89.963005,89.963928,-0.004953,-0.006861,0.000177,0.0,-1.5701506422381213,1.5701667516271172,-8.644615785127915e-05,-0.00011974703997933095,3.0892327760299633e-06,0.0,-1.5701506422381224,1.5701667516271183,-8.64461578512792e-05,-0.00011974703997933103,3.0892327760299654e-06,0.0,0.0,0.0,0.0,0.0,3.3881317890172014e-21,0.0,-3.0359948697708613e-16,2.095982453052875e-15,-2.0410433451155242e-19,-3.0059337298495407e-19,6.0142192312321934e-21,0.0,6.1237189801758255e-15,1.1220267467054292e-14,-1.8725083722998366e-19,-9.249983960409325e-19,4.684169092675099e-21,0.0,0.0,0.0,0.0,0.0,0.0,525.294312,-1e-06,890.001465,38.800598,89.992378,38.800598
23.75700992,109.28025600000169,9.150783834181214,0,0.0,-89.963005,89.963928,-0.004953,-0.006861,0.000177,0.0,-1.5701506422381213,1.5701667516271172,-8.644615785127915e-05,-0.00011974703997933095,3.0892327760299633e-06,0.0,-1.5701506422381224,1.5701667516271183,-8.64461578512792e-05,-0.00011974703997933103,3.0892327760299654e-06,0.0,0.0,-8.881784197001252e-16,0.0,0.0,-1.6940658945086007e-21,0.0,-1.999876022168488e-16,2.8963530350648555e-15,-2.7095643944069304e-19,-4.0175234247914553e-19,8.472322137357734e-21,0.0,5.109882024763537e-15,8.97901364470731e-15,3.6416897594487627e-19,-4.823344419230345e-19,-2.1686467281333032e-21,0.0,0.0,0.0,0.0,0.0,0.0,525.294312,-1e-06,890.001465,38.800598,89.992378,38.800598
23.867770624,110.76070399999693,9.028472769548555,0,0.0,-89.963005,89.963928,-0.004953,-0.006861,0.000177,0.0,-1.5701506422381213,1.5701667516271172,-8.644615785127915e-05,-0.00011974703997933095,3.0892327760299633e-06,0.0,-1.5701506422381224,1.5701667516271183,-8.64461578512792e-05,-0.00011974703997933103,3.0892327760299654e-06,0.0,8.881784197001252e-16,-8.881784197001252e-16,0.0,1.0842021724855044e-19,-1.6940658945086007e-21,0.0,5.66757087273152e-16,1.8035956198519497e-15,-2.522567334777639e-20,-1.2811661294099723e-19,-1.5385004202601357e-21,0.0,-9.074654732044486e-16,-1.7477205836037002e-15,8.271589854598572e-19,9.090720755710243e-19,-2.320136153539446e-20,0.0,0.0,0.0,0.0,0.0,0.0,525.294312,-1e-06,890.001465,38.800598,89.992378,38.800598
23.979951872,112.1812480000024,8.914145793778106,0,0.0,-89.963005,89.963928,-0.004953,-0.006861,0.000177,0.0,-1.5701506422381213,1.5701667516271172,-8.644615785127915e-05,-0.00011974703997933095,3.0892327760299633e-06,0.0,-1.5701506422381224,1.5701667516271183,-8.64461578512792e-05,-0.00011974703997933103,3.0892327760299654e-06,0.0,0.0,1.3322676295501878e-15,-5.421010862427522e-20,-1.6263032587282567e-19,3.3881317890172014e-21,0.0,1.212230302430138e-15,1.457999960008666e-15,1.129126928697231e-19,-5.93261702477485e-20,-3.8284915148599494e-21,0.0,-2.85595151417867e-15,-8.401287500156434e-15,7.571132314925343e-19,1.4363230553911601e-18,-3.327376081339733e-20,0.0,0.0,0.0,0.0,0.0,0.0,525.294312,-1e-06,890.001465,38.800598,89.992378,38.800598
24.155378432,175.42655999999823,5.700391092432127,0,0.0,-89.963005,89.963928,-0.004953,-0.006861,0.000177,0.0,-1.5701506422381213,1.5701667516271172,-8.644615785127915e-05,-0.00011974703997933095,3.0892327760299633e-06,0.0,-1.5701506422381224,1.5701667516271183,-8.64461578512792e-05,-0.00011974703997933103,3.0892327760299654e-06,0.0,0.0,0.0,0.0,0.0,0.0,0.0,-1.187664656290611e-15,1.2240600455776454e-15,4.969770547322529e-20,2.4568711013605744e-20,-1.3936986626217006e-21,0.0,-7.516897387729964e-15,-6.784943168890835e-15,-1.6991173680707713e-19,-1.2485887924861263e-19,1.5407223464804851e-21,0.0,0.0,0.0,0.0,0.0,0.0,525.294312,-1e-06,890.001465,38.800598,89.992378,38.800598
24.268081408,112.70297600000134,8.872880162454521,0,0.0,-89.963005,89.963928,-0.004953,-0.006861,0.000177,0.0,-1.5701506422381213,1.5701667516271172,-8.644615785127915e-05,-0.00011974703997933095,3.0892327760299633e-06,0.0,-1.5701506422381224,1.5701667516271183,-8.64461578512792e-05,-0.00011974703997933103,3.0892327760299654e-06,0.0,8.881784197001252e-16,0.0,5.421010862427522e-20,0.0,-1.6940658945086007e-21,0.0,-1.6995172941444044e-15,-5.278431704486205e-16,4.5253665253079825e-20,1.7989687167870876e-19,-6.710063661696676e-21,0.0,-1.060656798959642e-14,-1.8900682703613593e-15,-5.429647239128679e-19,-7.968668508664675e-19,1.8176530585720248e-20,0.0,0.0,0.0,0.0,0.0,0.0,525.294312,-1e-06,890.001465,38.800598,89.992378,38.800598
24.382648064,114.56665600000093,8.728543146096468,0,0.0,-89.963005,89.963928,-0.004953,-0.006861,0.000177,0.0,-1.5701506422381213,1.5701667516271172,-8.644615785127915e-05,-0.00011974703997933095,3.0892327760299633e-06,0.0,-1.5701506422381224,1.5701667516271183,-8.64461578512792e-05,-0.00011974703997933103,3.0892327760299654e-06,0.0,8.881784197001252e-16,0.0,0.0,0.0,0.0,0.0,-2.070690857268382e-15,-8.144669180746266e-16,-3.530273722786569e-20,-1.076483527861938e-19,-2.0333956830174886e-21,0.0,-5.134540467120439e-15,5.936455693033015e-15,-4.503752108931508e-19,-8.838835045791097e-19,2.3151591218566748e-20,0.0,0.0,0.0,0.0,0.0,0.0,525.294312,-1e-06,890.001465,38.800598,89.992378,38.800598
24.495628288,112.98022399999752,8.851106544097682,0,0.0,-89.963005,89.963928,-0.004953,-0.006861,0.000177,0.0,-1.5701506422381213,1.5701667516271172,-8.644615785127915e-05,-0.00011974703997933095,3.0892327760299633e-06,0.0,-1.5701506422381224,1.5701667516271183,-8.64461578512792e-05,-0.00011974703997933103,3.0892327760299654e-06,0.0,-1.3322676295501878e-15,8.881784197001252e-16,-2.710505431213761e-20,0.0,-8.470329472543003e-22,0.0,-3.098101988253328e-15,3.6282055106032446e-16,-8.51758553351705e-20,-3.40703421340682e-19,3.275526103881429e-21,0.0,4.0801596896070925e-15,5.9713689489531485e-15,-1.8323249059742993e-19,-3.711200180489797e-19,1.7749202380913108e-20,0.0,0.0,0.0,0.0,0.0,0.0,525.294312,-1e-06,890.001465,38.800598,89.992378,38.800598
24.672048128,176.41984000000122,5.668296717648044,0,0.0,-89.963005,89.963928,-0.004953,-0.006861,0.000177,0.0,-1.5701506422381213,1.5701667516271172,-8.644615785127915e-05,-0.00011974703997933095,3.0892327760299633e-06,0.0,-1.5701506422381224,1.5701667516271183,-8.64461578512792e-05,-0.00011974703997933103,3.0892327760299654e-06,0.0,0.0,0.0,0.0,-1.0842021724855044e-19,0.0,0.0,-2.607500889042377e-15,3.5918926379324764e-15,-9.046549628914347e-20,-1.5731901497447961e-19,5.137875786272253e-21,0.0,2.8102103910358416e-05,-2.879445767513554e-05,-1.1655787596175466e-08,-2.5899160038911465e-06,1.6084986882860933e-07,0.0,0.0,0.0,0.0,0.0,0.0,525.294312,-1e-06,890.001465,38.800598,89.992378,38.800598
24.786763264,114.71513600000094,8.717245473169223,0,0.0,-89.963005,89.963928,-0.004953,-0.006861,0.000177,0.0,-1.5701506422381213,1.5701667516271172,-8.644615785127915e-05,-0.00011974703997933095,3.0892327760299633e-06,0.0,-1.5701506422381224,1.5701667516271183,-8.64461578512792e-05,-0.00011974703997933103,3.0892327760299654e-06,0.0,-8.881784197001252e-16,0.0,0.0,-1.0842021724855044e-19,0.0,0.0,1.362590742904752e-15,1.4197609820806303e-15,-3.255577063447282e-20,7.183385041422251e-20,2.044739100882641e-21,0.0,-5.131507329119818e-05,5.389573976541008e-05,2.1703058387365678e-08,5.071499177494133e-06,-3.1959342508340866e-07,0.0,0.0,0.0,0.0,0.0,0.0,525.294312,-1e-06,890.001465,38.800598,89.992378,38.800598
24.89986944,113.10617599999873,8.841250189556504,0,0.0,-89.963005,89.963928,-0.004953,-0.006861,0.000177,0.0,-1.5701506422381213,1.5701667516271172,-8.644615785127915e-05,-0.00011974703997933095,3.0892327760299633e-06,0.0,-1.5701506422381224,1.5701667516271183,-8.64461578512792e-05,-0.00011974703997933103,3.0892327760299654e-06,0.0,0.0,8.881784197001252e-16,0.0,0.0,0.0,0.0,4.782008898819038e-15,-1.106136672055279e-15,1.6668753486103e-20,4.137009431222434e-19,-1.9548654798959204e-21,0.0,-0.00023839501245300897,0.00024080805653840177,9.746442765221991e-08,2.1058215403745206e-05,-1.2961367831279438e-06,0.0,0.0,0.0,0.0,0.0,0.0,525.294312,-1e-06,890.001465,38.800598,89.992378,38.800598
25.011801088,111.93164799999877,8.93402373562847,0,0.0,-89.963005,89.963928,-0.004953,-0.006861,0.000177,0.0,-1.5701506422381213,1.5701667516271172,-8.644615785127915e-05,-0.00011974703997933095,3.0892327760299633e-06,0.0,-1.5701506422381224,1.5701667516271183,-8.64461578512792e-05,-0.00011974703997933103,3.0892327760299654e-06,0.0,-8.881784197001252e-16,2.220446049250313e-15,-8.131516293641283e-20,-5.421010862427522e-20,2.541098841762901e-21,0.0,3.319233450286682e-15,3.5852700894776474e-16,2.5223323534945543e-20,3.481850086415737e-19,-4.792044745465103e-22,0.0,-8.331987553389853e-05,7.709123454613826e-05,3.1875175768914777e-08,5.5235199985855145e-06,-3.1405135715084877e-07,0.0,0.0,0.0,0.0,0.0,0.0,525.294312,-1e-06,890.001465,38.800598,89.992378,38.800598
25.192201216,180.40012800000227,5.5432333174397055,0,0.0,-89.963005,89.963928,-0.004953,-0.006861,0.000177,0.0,-1.5701506422381213,1.5701667516271172,-8.644615785127915e-05,-0.00011974703997933095,3.0892327760299633e-06,0.0,-1.5701506422381224,1.5701667516271183,-8.64461578512792e-05,-0.00011974703997933103,3.0892327760299654e-06,0.0,1.7763568394002505e-15,-1.7763568394002505e-15,5.421010862427522e-20,1.0842021724855044e-19,-3.3881317890172014e-21,0.0,-5.585934229248665e-05,5.723555337723153e-05,2.3168536828866418e-08,5.148048883338823e-06,-3.19725808236165e-07,0.0,0.0012434675840454275,-0.0012652103755891137,-5.08176260097212e-07,-0.00011207740468458199,6.93686498468341e-06,0.0,0.0,0.0,0.0,0.0,0.0,525.294312,-1e-06,890.001465,38.800598,89.992378,38.800598
25.307461888,115.26067199999801,8.67598620282222,0,0.0,-89.963005,89.963928,-0.004953,-0.006861,0.000177,0.0,-1.5701506422381213,1.5701667516271172,-8.644615785127915e-05,-0.00011974703997933095,3.0892327760299633e-06,0.0,-1.5701506422381224,1.5701667516271183,-8.64461578512792e-05,-0.00011974703997933103,3.0892327760299654e-06,0.0,8.881784197001252e-16,8.881784197001252e-16,0.0,0.0,1.6940658945086007e-21,0.0,3.568536674495614e-05,-3.966940531972482e-05,-1.579008075424699e-08,-4.096028264452356e-06,2.652897131955488e-07,0.0,0.0015348748754699974,-0.0015135015677782242,-6.208511678041285e-07,-0.00012619302339833563,7.625279394415512e-06,0.0,0.0,0.0,0.0,0.0,0.0,525.294312,-1e-06,890.001465,38.800598,89.992378,38.800598
25.420214528,112.75264000000007,8.86897193715375,0,0.0,-89.963005,89.963928,-0.004953,-0.006861,0.000177,0.0,-1.5701506422381213,1.5701667516271172,-8.644615785127915e-05,-0.00011974703997933095,3.0892327760299633e-06,0.0,-1.5701506422381224,1.5701667516271183,-8.64461578512792e-05,-0.00011974703997933103,3.0892327760299654e-06,0.0,0.0,0.0,5.421010862427522e-20,0.0,0.0,0.0,0.00039116660063072043,-0.0003974337774020999,-1.604408392961321e-07,-3.514407167939801e-05,2.1718614426251755e-06,0.0,-0.0002476431697007327,0.0003428271042023995,1.1130743795132947e-07,4.509288974544269e-05,-3.1448713823638916e-06,0.0,0.0,0.0,0.0,0.0,0.0,525.294312,-1e-06,890.001465,38.800598,89.992378,38.800598
25.532221696,112.00716800000166,8.928000036568957,0,0.0,-89.963005,89.963928,-0.004953,-0.006861,0.000177,0.0,-1.5701506422381213,1.5701667516271172,-8.644615785127915e-05,-0.00011974703997933095,3.0892327760299633e-06,0.0,-1.5701506422381224,1.5701667516271183,-8.64461578512792e-05,-0.00011974703997933103,3.0892327760299654e-06,0.0,0.0,-8.881784197001252e-16,-2.710505431213761e-20,0.0,8.470329472543003e-22,0.0,0.00041371148213086267,-0.00040808418396393834,-1.6640197793544146e-07,-3.400687924396939e-05,2.056800323349632e-06,0.0,-0.0029993127811545183,0.0030760502832498935,1.229671659639035e-06,0.0002764270092515339,-1.7204325680858814e-05,0.0,0.0,0.0,0.0,0.0,0.0,525.294312,-1e-06,890.001465,38.800598,89.992378,38.800598
25.716238336,184.0166399999994,5.434291159756005,0,0.0,-89.963005,89.963928,-0.004953,-0.006861,0.000177,0.0,-1.5701506422381213,1.5701667516271172,-8.644615785127915e-05,-0.00011974703997933095,3.0892327760299633e-06,0.0,-1.5701506422381224,1.5701667516271183,-8.64461578512792e-05,-0.00011974703997933103,3.0892327760299654e-06,0.0,0.00011079576757921927,-0.00011352545177345519,-4.5954279378069684e-08,-1.021104087778205e-05,6.341690554158092e-07,0.0,-0.0005588230346921121,0.0005930850860857552,2.310630593002216e-07,5.6506663332471915e-05,-3.5927846910433903e-06,0.0,-0.010130285544933943,0.01001754309683111,4.114322619005891e-06,0.0008405844387456443,-5.0893255994071145e-05,0.0,0.0,0.0,0.0,0.0,0.0,525.294312,-1e-06,890.001465,38.800598,89.992378,38.800598
25.828548352,112.31001599999857,8.903925363166298,0,0.0,-89.963005,89.963928,-0.004953,-0.006861,0.000177,0.0,-1.5701506422381213,1.5701667516271172,-8.644615785127915e-05,-0.00011974703997933095,3.0892327760299633e-06,0.0,-1.5701306041960912,1.5701462199062415,-8.645446894295537e-05,-0.00012159376454977456,3.2039258411610214e-06,0.0,8.738624228588066e-05,-8.226747592399164e-05,-3.392849274674956e-08,-6.163024987754489e-06,3.5723169437788483e-07,0.0,-0.001979885239110528,0.0019898327940636147,8.068802946577917e-07,0.00017225804469983954,-1.0566363657921029e-05,0.0,-0.01068935286086563,0.010380770421890395,4.322004188642807e-06,0.000839656867731459,-5.002555067823428e-05,0.0,0.0,0.0,0.0,0.0,0.0,525.294312,-1e-06,890.001465,38.800598,89.992378,38.800598
25.94384128,115.29292800000235,8.673558884721704,0,0.0,-89.963005,89.963928,-0.004953,-0.006861,0.000177,0.0,-1.5701506422381213,1.5701667516271172,-8.644615785127915e-05,-0.00011974703997933095,3.0892327760299633e-06,0.0,-1.570131303158901,1.5701486351094827,-8.645363783378775e-05,-0.00012108761906669621,3.166525928618286e-06,0.0,-0.00034527755802837845,0.00035688698382596584,1.4249057735267988e-07,3.255738990134559e-05,-2.0353203772587647e-06,0.0,-0.003664368851682898,0.003605842621554876,1.4874502589819987e-06,0.00029967229320409925,-1.8066429658890893e-05,0.0,-0.0031049121517121945,0.0026759521200513357,1.227018970361777e-06,0.00015960583140646088,-7.960807447221476e-06,0.0,0.0,0.0,0.0,0.0,0.0,674.972046,-2.331061,885.20282,-1e-06,-0.010586,0.004776
26.07169792,127.85663999999741,7.821259810988465,0,0.0,-89.963005,89.963928,-0.004953,-0.006861,0.000177,0.0,-1.5701506422381213,1.5701667516271172,-8.644615785127915e-05,-0.00011974703997933095,3.0892327760299633e-06,0.0,-1.5702235463031964,1.5702418980247266,-8.641623792124501e-05,-0.00011293111369570938,2.663704882210395e-06,0.0,-0.0008191645044681728,0.0008179188752031052,3.3249916653427486e-07,6.98965552488606e-05,-4.266855276411579e-06,0.0,-0.00350163613478811,0.0034001386284255126,1.4165189465129985e-06,0.0002750110943788819,-1.6380701994602668e-05,0.0,0.00563895939735027,-0.00587176060713855,-2.3130260404258362e-06,-0.0005410604181667277,3.404728726907125e-05,0.0,0.0,0.0,0.0,0.0,0.0,674.971863,-2.331061,885.20282,-1e-06,-0.010578,0.004777
26.255044608,183.3466880000003,5.454148154560601,0,0.0,-89.97506,89.97628,-0.004948,-0.00575,0.000108,0.0,-1.5703610416794491,1.5703823346963235,-8.635889138867942e-05,-0.00010035643198967394,1.8849555921538758e-06,0.0,-1.5703994264563566,1.5704151252774237,-8.634476253283001e-05,-9.851136963756572e-05,1.793533583716079e-06,0.0,-0.0014632746998284318,0.0014300627594661108,5.935335467826684e-07,0.00011723341961561646,-7.024216535485857e-06,0.0,-0.0009547721191178193,0.0008203421058560825,3.776376846850924e-07,4.8531357401847145e-05,-2.400514545890261e-06,0.0,0.018374937877488347,-0.018000769962719362,-7.457267161810263e-06,-0.001482488707898516,8.903216055876174e-05,0.0,0.0002103994413278354,0.00021558306920632653,8.726646259972102e-08,1.9390607989657008e-05,1.2042771838760874e-06,674.850281,-2.331055,885.202271,-1e-06,-0.009559,0.004861
26.367288576,112.24396800000136,8.90916472233045,0,0.0,-89.992722,89.993355,-0.004941,-0.004388,2.7e-05,0.0,-1.5706693017319364,1.5706803496661015,-8.623671834103983e-05,-7.658504757751118e-05,4.7123889803846896e-07,0.0,-1.5705983025690755,1.5706089856463161,-8.626414494357121e-05,-8.270117994199993e-05,8.485624601362912e-07,0.0,-0.0015864310328659315,0.001538672987552836,6.422869042706572e-07,0.00012420474912995522,-7.388081047142411e-06,0.0,0.0015305195025615281,-0.0015954041314841646,-6.273581813591506e-07,-0.00014715548316414465,9.271964210896188e-06,0.0,0.018551433572394492,-0.017917002975336157,-7.508876183690082e-06,-0.0014354941842275046,8.49218219985127e-05,0.0,0.00030826005248729693,0.00029801496977799324,1.2217304763959588e-07,2.377138441216276e-05,1.4137166941154069e-06,674.718201,-2.331049,885.201721,-1e-06,-0.008745,0.004924
26.482107904,114.81932799999939,8.70933506944062,0,0.0,-89.999886,89.999916,-0.004938,-0.003919,1e-06,0.0,-1.5707943371195494,1.5707948607183249,-8.618435846347998e-05,-6.839945338565777e-05,1.7453292519943295e-08,0.0,-1.5707586808740412,1.5707635195916152,-8.619931842849713e-05,-7.03957776062723e-05,1.213419384719867e-07,0.0,-0.0009605915873578397,0.0009131523768575178,3.869825654403123e-07,7.062309173746812e-05,-4.114922820255036e-06,0.0,0.0039738287330307615,-0.0038906812577996323,-1.6135904787114696e-06,-0.00032002114519129635,1.9211446643664365e-05,0.0,0.006824573532682472,-0.006220706868148488,-2.7326079980227004e-06,-0.00044372979404767887,2.4079349613758602e-05,0.0,0.00012503538761299282,0.0001145110522233761,5.2359877559846166e-08,8.185594191853412e-06,4.5378560551852565e-07,674.677612,-2.331047,885.201538,-1e-06,-0.008562,0.004937
26.599133184,117.02528000000001,8.54516220768709,0,0.0,-90.0,90.0,-0.004938,-0.003916,1e-06,0.0,-1.5707963267948966,1.5707963267948966,-8.618435846347998e-05,-6.834709350809795e-05,1.7453292519943295e-08,0.0,-1.570819067603942,1.5708187675735323,-8.617521626263627e-05,-6.649039562764308e-05,-9.557755427588007e-08,0.0,-0.000305263377488707,0.0002763165586996408,1.2222030181330084e-07,1.905323609977384e-05,-1.0400924297955939e-06,0.0,0.00371776267572617,-0.0035942801197424647,-1.5074666698189202e-06,-0.00028822980323812844,1.7092240679545668e-05,0.0,-0.002180698970015257,0.0025006498106992965,9.141493953357283e-07,0.00027020415452902203,-1.760376787642168e-05,0.0,1.989675347147113e-06,1.4660765716989488e-06,0.0,5.235987755981906e-08,0.0,674.677551,-2.331047,885.201538,-1e-06,-0.008562,0.004937
26.798998272,199.86508799999925,5.003375076691752,0,0.0,-90.0,90.0,-0.004938,-0.003916,1e-06,0.0,-1.5707963267948966,1.5707963267948966,-8.618435846347998e-05,-6.834709350809795e-05,1.7453292519943295e-08,0.0,-1.5708081401806062,1.570807162796225,-8.617937180847434e-05,-6.757000643637672e-05,-2.5764384196106787e-08,0.0,8.341378368825758e-05,-7.960636476411764e-05,-3.48058298915775e-08,-6.191079706328894e-06,3.637916495525641e-07,0.0,0.0013908708091338324,-0.0012997058287292627,-5.58609099354346e-07,-9.673331450342181e-05,5.5241673035755225e-06,4.831253889217306e-09,-0.010348397739383832,0.010052644059583112,4.20058239601552e-06,0.0007534081159368701,-4.854135936978441e-05,0.0,0.0,0.0,0.0,0.0,0.0,674.677551,-2.331047,885.201538,-1e-06,-0.008562,0.004937
26.915109376,116.11110400000157,8.612440718847926,0,0.0,-90.0,90.0,-0.004938,-0.003916,1e-06,0.0,-1.5707963267948966,1.5707963267948966,-8.618435846347998e-05,-6.834709350809795e-05,1.7453292519943295e-08,0.0,-1.5707965162877877,1.5707964664212377,-8.618435846348004e-05,-6.834210685309231e-05,1.7453292519943304e-08,0.0,5.0782404561466876e-05,-4.657980686317842e-05,-2.1433649371571228e-08,-3.340237269203205e-06,1.8575829455303183e-07,0.0,0.00037157060705260886,-0.0003174836502320601,-1.4588393482249304e-07,-1.3141298838425378e-05,9.03936412108824e-07,-9.168721818764892e-09,-0.009906007198612145,0.00949922917830696,4.009180672595342e-06,0.0014379281213234717,-4.397048139199045e-05,0.0,0.0,0.0,0.0,0.0,0.0,674.677551,-2.331047,885.201538,-1e-06,-0.008562,0.004937
27.030788864,115.67948800000138,8.644574913747785,0,0.0,-90.0,90.0,-0.004938,-0.003916,1e-06,0.0,-1.5707963267948966,1.5707963267948966,-8.618435846347998e-05,-6.834709350809795e-05,1.7453292519943295e-08,0.0,-1.5707963267948977,1.5707963267948977,-8.618435846348004e-05,-6.834709350809801e-05,1.7453292519943304e-08,0.0,8.095791637074967e-07,-5.965320148959563e-07,0.0,-2.1304714857030543e-08,0.0,0.0,-0.0003929923319814365,0.00038087649457463883,1.6160102062787946e-07,5.832367654248283e-05,-1.8287932488314575e-06,-3.28699499979439e-08,-0.0034415523680823394,0.0031856451469941347,1.3937096197349181e-06,0.0016686809786692757,-1.2872890703966683e-05,0.0,0.0,0.0,0.0,0.0,0.0,674.677551,-2.331047,885.201538,-1e-06,-0.008562,0.004937
27.143825664,113.03679999999972,8.846676480579799,0,0.0,-90.0,90.0,-0.004938,-0.003916,1e-06,0.0,-1.5707963267948966,1.5707963267948966,-8.618435846347998e-05,-6.834709350809795e-05,1.7453292519943295e-08,0.0,-1.5707963267948977,1.5707963267948977,-8.618435846348004e-05,-6.834709350809801e-05,1.7453292519943304e-08,0.0,1.3322676295501878e-15,-1.3322676295501878e-15,5.421010862427522e-20,2.710505431213761e-20,-6.617444900424222e-24,0.0,-0.0003181479441290825,0.0002932658691341282,1.2956954690775317e-07,3.2101622350937884e-05,-1.1982266235011675e-06,-6.631750954891793e-09,0.00013542660989017868,-0.00023550338795327348,-3.505150825568749e-08,-0.0011843018650369718,2.5252547800449445e-06,0.0,0.0,0.0,0.0,0.0,0.0,674.677551,-2.331047,885.201538,-1e-06,-0.008562,0.004937
27.329995776,186.17011199999922,5.371431478754249,0,0.0,-90.0,90.0,-0.004938,-0.003916,1e-06,0.0,-1.5707963267948966,1.5707963267948966,-8.618435846347998e-05,-6.834709350809795e-05,1.7453292519943295e-08,0.0,-1.5707963267948977,1.5707963267948977,-8.618435846348004e-05,-6.834709350809801e-05,1.7453292519943304e-08,0.0,-1.7763568394002505e-15,1.7763568394002505e-15,-1.0842021724855044e-19,-4.521028044816855e-08,1.3234889800848443e-23,-9.311943582703846e-09,1.6564334602461162e-05,-1.6026718811827418e-05,-3.304299311929398e-09,0.00020922094378652444,1.242692432572322e-07,1.5702867733930625e-07,0.0011931291045223572,-0.0011319924279134764,-4.2658475912821305e-07,-0.016259577354252226,2.9862957857988905e-06,0.0,0.0,0.0,0.0,0.0,0.0,674.677551,-2.331047,885.201538,-1e-06,-0.008562,0.004937
27.444006912,114.01113599999846,8.771073029217195,0,0.0,-90.0,90.0,-0.004938,-0.003916,1e-06,0.0,-1.5707963267948966,1.5707963267948966,-8.618435846347998e-05,-6.834709350809795e-05,1.7453292519943295e-08,0.0,-1.5707963267948977,1.5707963267948977,-8.618435846348004e-05,-6.835540459977417e-05,1.7453292519943304e-08,0.0,0.0,0.0,-5.421010862427522e-20,-1.3216776114097608e-05,-7.165054715706771e-09,8.194879399051318e-09,2.081428668504274e-05,-1.9160630870683164e-05,7.541126251034164e-09,-0.001256530419588444,-7.047831475675486e-08,1.9541148926846323e-07,0.0009211499943932245,-0.0008501748712440334,-3.968788453687699e-07,-0.014170530597138636,1.7602944655273505e-06,0.0,0.0,0.0,0.0,0.0,0.0,674.677551,-2.331047,885.201538,-1e-06,-0.008562,0.004937
27.559335424,115.32851200000138,8.67088270418323,0,0.0,-90.0,90.0,-0.004938,-0.003916,1e-06,0.0,-1.5707963267948966,1.5707963267948966,-8.618435846347998e-05,-6.834709350809795e-05,1.7453292519943295e-08,0.0,-1.5707963267948977,1.5707963267948977,-8.618435846348004e-05,-7.14130552274347e-05,1.579107418471061e-08,0.0,-8.881784197001252e-16,8.881784197001252e-16,-5.421010862427522e-20,-8.550841709547549e-05,-3.7271450021698874e-09,5.3600740778415034e-08,3.36586510464206e-07,-2.935854458725919e-07,1.0290620237288285e-08,-0.004482808597338148,-5.660051778607481e-07,3.540610357597474e-08,-5.400137751943424e-06,1.3873187314798017e-05,-2.489186906536938e-07,0.013630755006068364,1.958547930522881e-06,0.0,0.0,0.0,0.0,0.0,0.0,674.677551,-2.331047,885.201538,-1e-06,-0.008562,0.004937
27.676270336,116.93491200000139,8.551765960194917,0,0.0,-90.0,90.0,-0.004938,-0.003916,1e-06,0.0,-1.5707963267948966,1.5707963267948966,-8.618435846347998e-05,-6.834709350809795e-05,1.7453292519943295e-08,0.0,-1.5707963267948977,1.5707963267948977,-8.618435846348004e-05,-8.840674437768618e-05,1.6622183352326958e-08,0.0,-4.440892098500626e-16,4.440892098500626e-16,3.1210199226460247e-09,-0.00014810851896240526,-3.3353767451937662e-09,4.824129145104763e-08,3.3032576264660345e-15,-1.28433904740664e-07,-2.5358684957333426e-08,-0.002644498902620151,-2.7595412082050165e-07,-2.7635534968720914e-07,-0.00020655998725067163,0.0001915653737126621,-3.18431180280675e-07,0.04773926293080179,5.902404657067234e-06,0.0,0.0,0.0,0.0,0.0,0.0,674.677551,-2.331047,885.201538,-1e-06,-0.008562,0.004937
27.874116352,197.84601599999974,5.0544358699646565,0,0.0,-90.0,90.0,-0.004938,-0.003911,1e-06,0.0,-1.5707963267948966,1.5707963267948966,-8.618435846347998e-05,-6.825982704549823e-05,1.7453292519943295e-08,0.0,-1.5707963267948977,1.5707963267948977,-8.618269624514481e-05,-0.0001186408336772337,1.2466637514245213e-08,1.797423878675805e-08,0.0,0.0,-1.3809617889319614e-09,-0.000943499933560084,-1.1562692748989623e-07,-5.8317149779108194e-08,-1.702210461335585e-15,7.2913340866787e-08,-1.2851435583591397e-07,0.013167675372659574,1.9069386739122044e-06,-1.2942359186511927e-06,3.886836179127393e-06,-2.0821852063588977e-06,-6.799322766239622e-07,0.14901284875997955,1.9987688209925873e-05,0.0,0.0,0.0,0.0,8.726646259972102e-08,0.0,674.677551,-2.331047,885.201416,-1e-06,-0.008492,0.004937
27.990550016,116.43366399999877,8.588581391718554,0,0.0,-90.0,90.0,-0.004938,-0.002064,2e-06,0.0,-1.5707963267948966,1.5707963267948966,-8.618435846347998e-05,-3.602359576116296e-05,3.490658503988659e-08,3.324436670465392e-09,-1.5707963267948977,1.5707963267948977,-8.618352735431242e-05,-0.00028267518787133717,-7.479982508547139e-09,6.581747639779481e-09,0.0,-5.979662631716565e-08,-2.9675105533294183e-08,0.0008889654322410907,1.697977065490957e-07,-2.384553883177238e-07,-1.660563418965069e-15,3.4174288107628e-07,-2.221265863395247e-07,0.033440429976805,4.614888039116166e-06,-1.92135738820424e-06,8.13580276246206e-06,-4.929773250437739e-06,-8.158114384433385e-07,0.2073157491829894,2.725731700447535e-05,0.0,0.0,0.0,0.0,3.223623128433527e-05,1.7453292519943295e-08,674.677368,-2.331046,885.190796,0.0,-0.005365,0.004937
28.103453184,112.903167999999,8.8571473920024,1,0.0,-90.0,90.0,-0.004938,0.010945,3e-06,0.0,-1.5707963267948966,1.5707963267948966,-8.618435846347998e-05,0.00019102628663077937,5.235987755982989e-08,1.6622183352326973e-09,-1.5707963267948977,1.570796313497151,-8.618934511848573e-05,6.925300250079956e-05,4.903544088936449e-08,-4.969497135940311e-08,-1.7763568394002505e-15,2.467572723929834e-08,-6.837352534345455e-08,0.008276274430100643,1.1864650581772123e-06,-5.555030836259728e-07,-1.2135956943632636e-15,6.952993210128405e-07,-3.2529748252892004e-07,0.06534288143251693,8.7808504180131e-06,-1.9240379581904735e-06,3.605757854553023e-08,2.1886952010775693e-06,-6.554373285859178e-07,0.1891051479801147,2.411026194638134e-05,0.0,0.0,0.0,0.0,0.00022704988239194234,1.7453292519943298e-08,674.676147,-2.331039,885.126892,1e-06,0.012189,0.004934
28.219787008,116.33382400000158,8.595952282974782,1,0.0,-90.0,90.0,-0.004939,0.054206,1e-05,0.0,-1.5707963267948966,1.5707963267948966,-8.620181175599993e-05,0.0009460731743360462,1.7453292519943297e-07,-8.311091676163476e-09,-1.5707963267948977,1.570796333443771,-8.619931842849713e-05,0.0016504897226592937,2.692793703076967e-07,-1.0860937529098107e-07,-8.881784197001252e-16,1.9164167142093902e-07,-9.399390176948038e-08,0.015162325696924987,2.0849855795418023e-06,-7.074458398541849e-07,6.7482758500277285e-16,8.895003914206208e-07,-3.5402562775950715e-07,0.07996159630389772,1.0585240238471163e-05,-1.110485395304595e-06,5.724567982669577e-08,6.56253136894686e-07,-2.916187508050623e-07,0.09660866644731869,1.1802317176271904e-05,0.0,0.0,0.0,1.7453292519944204e-08,0.0007550468877052668,1.2217304763960308e-07,674.671875,-2.331017,884.916626,6e-06,0.068266,0.004927
28.398908928,179.12192000000005,5.582789644059196,1,-2e-06,-90.0,90.0,-0.00494,0.263288,3.9e-05,-3.490658503988659e-08,-1.5707963267948966,1.5707963267948966,-8.621926504851988e-05,0.004595242480990831,6.806784082777885e-07,-3.407547587227026e-08,-1.5707963267948977,1.5707963733370107,-8.621843393935231e-05,0.004799422732417477,6.956383732948832e-07,-2.373889837084566e-07,0.0,2.68546639148326e-07,-1.4963785714943844e-07,0.02838173137998726,3.820782722692546e-06,-7.931217938715578e-07,-3.556252853982481e-08,9.091897248105314e-07,-3.848380382202502e-07,0.08506723445007952,1.10404495267827e-05,7.357760434045902e-07,6.55448047465828e-07,-2.241238267658528e-06,3.621382814521262e-07,-0.08738928618025854,-1.1992451299233732e-05,3.490658503988659e-08,0.0,0.0,1.7453292519957757e-08,0.0036491693066547847,5.061454830783556e-07,674.650269,-2.330917,883.971985,2.9e-05,0.31514,0.004895
28.51586048,116.95155199999974,8.550549205195688,1,-4e-06,-90.0,90.000008,-0.004941,0.546052,7.6e-05,-6.981317007977318e-08,-1.5707963267948966,1.5707964664212366,-8.623671834103983e-05,0.009530405287100077,1.3264502315156905e-06,-6.898206091215688e-08,-1.5707963267948977,1.570796408243596,-8.623921166854273e-05,0.008943538326116988,1.2524815155978363e-06,-3.622303323285914e-07,0.0,4.0776111376317203e-07,-2.1588430961671417e-07,0.04289461029232575,5.712850245333447e-06,-6.673593191705703e-07,6.380767243797202e-08,4.113502265378213e-07,-3.278217041227932e-07,0.06960782097454174,8.991768063048264e-06,1.7686080773227724e-06,3.610435126544237e-07,-3.6621197695864577e-06,7.385789089910383e-07,-0.18519520631473563,-2.4290697710398665e-05,3.490658503988659e-08,0.0,1.3962634004549557e-07,1.7453292519944204e-08,0.004935162806109246,6.45771823237902e-07,674.618408,-2.330794,882.835022,5.6e-05,0.602095,0.004857
28.62778752,111.92703999999765,8.934391546493332,1,-7e-06,-90.0,90.000008,-0.004943,0.839369,0.000115,-1.2217304763960308e-07,-1.5707963267948966,1.5707964664212366,-8.627162492607972e-05,0.014649752689172284,2.007128639793479e-06,-1.1635528346628872e-07,-1.5707963267948977,1.5707964655901283,-8.626746938024168e-05,0.01454372393711364,1.9938308931116186e-06,-4.451793994944753e-07,8.881784197001252e-16,5.008782508753029e-07,-2.634007122736051e-07,0.05173465096468531,6.841093273765462e-06,-2.8028375567175423e-07,2.1196455197561217e-07,-2.685055578639541e-07,-1.6556632197266992e-07,0.03165429605618025,4.1011869283669e-06,2.274714379138751e-06,-9.514862286859908e-07,-3.649777187450079e-06,9.670288867523478e-07,-0.2239798777747826,-2.8709276729145084e-05,5.23598775598299e-08,0.0,0.0,3.490658503988841e-08,0.005119347402072207,6.806784082777884e-07,674.579102,-2.330666,881.659607,8.4e-05,0.895414,0.004821
28.739873792,112.08627200000265,8.921699171152524,1,-9e-06,-90.0,90.000008,-0.004944,1.112457,0.000151,-1.5707963267948966e-07,-1.5707963267948966,1.5707964664212366,-8.628907821859965e-05,0.01941603743685856,2.6354471705114377e-06,-1.6871516102611862e-07,-1.5707963267948977,1.5707965204433338,-8.629822041944349e-05,0.02053333073525193,2.785046820682382e-06,-4.0083267947764294e-07,0.0,3.6076268150608826e-07,-2.401722172303152e-07,0.04551048734351047,6.024625774368048e-06,-5.253240950724151e-08,8.35989287794702e-08,-4.174279755192172e-07,-7.488954124834665e-08,0.010305208563807206,1.3937235544620696e-06,1.870163960252188e-06,-1.8817174350623388e-06,-1.9876443483190733e-06,8.614069040977178e-07,-0.18295252956303104,-2.333996267263212e-05,3.490658503988658e-08,0.0,0.0,1.7453292519930652e-08,0.004766284747686277,6.283185307179588e-07,674.53717,-2.330547,880.565491,0.00011,1.168504,0.004786
28.925503744,185.62995199999932,5.387061674185014,1,-1.3e-05,-90.0,90.000015,-0.004947,1.577719,0.000213,-2.2689280275926283e-07,-1.5707963267948966,1.5707965885942845,-8.634143809615948e-05,0.027536391221272417,3.717551306747922e-06,-2.2273725692118125e-07,-1.5707963267948977,1.5707965478699362,-8.633229589531576e-05,0.026544462429722325,3.5854049490969256e-06,-3.5891245678964937e-07,7.218363329286603e-08,1.7354117609613695e-07,-2.1875612687965876e-07,0.04276256771309653,5.692572763440289e-06,9.230954647282825e-08,-5.302929050809035e-07,-4.955270668783318e-07,9.271302120832361e-09,-0.003832402676827662,-3.5826968158132554e-07,9.055633101497342e-07,-3.1956563017384344e-06,1.3914182706855952e-06,6.41543243670984e-07,-0.11688796661226761,-1.5227114743554105e-05,6.981317007977317e-08,0.0,1.221730479006311e-07,5.2359877559832613e-08,0.008120353784413857,1.0821041362364843e-06,674.453613,-2.330344,878.701904,0.000155,1.643883,0.004727
29.039598336,114.09459200000072,8.764657311715473,1,-1.6e-05,-90.0,90.000015,-0.004948,1.871036,0.000252,-2.792526803190927e-07,-1.5707963267948966,1.5707965885942845,-8.635889138867942e-05,0.03265573862334462,4.398229715025711e-06,-2.684482611400804e-07,-1.570796313497151,1.5707965694787747,-8.63597224978471e-05,0.03215136922055749,4.331740981616405e-06,-4.160336541146127e-07,-3.2411603179127724e-08,2.6267404429347607e-07,-2.6914141950794713e-07,0.05109210193525182,6.815287683229213e-06,1.7376269429232708e-07,-8.894500853396531e-07,-2.743391047452664e-07,7.675533215435758e-08,-0.01465194764254621,-1.831836968817061e-06,2.1020214627308773e-07,-1.7057081320225576e-06,2.4505671057297493e-06,3.6161277362652785e-07,-0.0516740809510933,-7.003334827504209e-06,5.235987755982989e-08,0.0,0.0,1.7453292519944204e-08,0.005119347402072205,6.806784082777888e-07,674.390991,-2.330212,877.486877,0.000183,1.937202,0.00469
29.151410688,111.81235199999762,8.943555717350632,1,-1.8e-05,-90.0,90.000015,-0.00495,2.154239,0.00029,-3.141592653589793e-07,-1.5707963267948966,1.5707965885942845,-8.639379797371933e-05,0.03759856342487013,5.061454830783556e-06,-3.1665259286182855e-07,-1.570796333443771,1.5707966068786872,-8.639296686455176e-05,0.038077713651075165,5.123788018354784e-06,-4.1548030359400165e-07,-2.585563043666639e-07,2.8938657870014595e-07,-2.669252965765154e-07,0.05052508361907565,6.7530124635439175e-06,1.8696147988509288e-07,-1.032823978758613e-06,2.563837274122013e-07,1.2834866351448615e-07,-0.023941771810350537,-3.107275571275115e-06,-9.802704516720019e-07,2.579164045029185e-06,2.7560497967303255e-06,-3.841381339894207e-07,0.09561492645117815,1.2228198388935073e-05,3.490658503988661e-08,0.0,0.0,3.490658503990196e-08,0.004942824801525504,6.63225115757845e-07,674.329163,-2.330093,876.393677,0.00021,2.220406,0.004654
29.268006912,116.59622400000202,8.576607077772799,1,-2e-05,-90.0,90.000015,-0.004951,2.447556,0.000329,-3.4906585039886593e-07,-1.5707963267948966,1.5707965885942845,-8.641125126623926e-05,0.04271791082694233,5.742133239061343e-06,-3.6319470624834406e-07,-1.5707963733370107,1.5707966351363987,-8.64203934670831e-05,0.04366752037078662,5.870955160041882e-06,-3.426804729195773e-07,-3.078226757935454e-07,2.1862841892428264e-07,-2.1250912512411663e-07,0.041421569592301255,5.527676493860804e-06,2.8589301528758172e-08,-6.368796570853666e-07,4.500448655050444e-07,5.484155376579926e-08,-0.008378798243417349,-1.0388873455518738e-06,-1.9139480805805788e-06,4.427179142328175e-06,2.349162400535166e-06,-1.081577403295787e-06,0.22269280708197087,2.9523777462120604e-05,3.490658503988661e-08,0.0,0.0,1.7453292519930652e-08,0.005119347402072205,6.806784082777876e-07,674.256897,-2.329965,875.219849,0.000237,2.503611,0.004619
29.451355648,183.34873599999923,5.454087231885821,1,-2.4e-05,-90.000008,90.000023,-0.004954,2.902704,0.00039,-4.188790204786391e-07,-1.5707964664212366,1.5707967282206245,-8.646361114379909e-05,0.05066174201080948,6.806784082777885e-06,-4.0973681963485947e-07,-1.5707964198791242,1.5707966683807655,-8.645280672462014e-05,0.04938227936719418,6.630588939243223e-06,-3.2115211756273e-07,-3.16566561409104e-07,3.3486220196721206e-07,-1.9557296847754835e-07,0.0376088932583048,5.036457632577074e-06,-4.6577760758042386e-07,7.202830591952724e-07,6.466275183968317e-07,-2.612167152384471e-07,0.05688297646876428,7.550942191449311e-06,-3.9989924513920585e-06,4.515293259890723e-06,1.3387229812706362e-06,-2.5556176700435634e-06,0.4946906899933762,6.709677329374864e-05,6.981317007977317e-08,1.3962634004549557e-07,1.3962634004549557e-07,5.2359877559832613e-08,0.007943831183867149,1.0646508437165414e-06,674.129944,-2.329762,873.358765,0.000281,2.968875,0.004562
29.563728384,112.37273600000108,8.898955703988468,1,-2.7e-05,-90.000008,90.000023,-0.004955,3.196021,0.000429,-4.7123889803846896e-07,-1.5707964664212366,1.5707967282206245,-8.648106443631903e-05,0.05578108941288169,7.487462491055674e-06,-4.5046116884806064e-07,-1.5707964597723643,1.5707967165850973,-8.647607778131339e-05,0.05405203743393517,7.258076360793567e-06,-4.6716134187268153e-07,-2.6465381708362656e-07,4.871476830814458e-07,-2.798996327676431e-07,0.055283830447852206,7.434974768419458e-06,-9.588803966900651e-07,1.0878423344379114e-06,9.549957443609533e-07,-5.874105600576449e-07,0.11832509616024964,1.5966183798827547e-05,-5.192318138600828e-06,2.022189730041569e-06,2.0966150448086055e-06,-3.3775175819892896e-06,0.6307949498549756,8.555173357629439e-05,5.235987755982986e-08,0.0,0.0,1.7453292519944204e-08,0.005119347402072212,6.806784082777892e-07,674.045288,-2.329638,872.22644,0.000308,3.25208,0.004526
29.680583424,116.8550400000008,8.55761120786911,1,-2.9e-05,-90.000008,90.000023,-0.004957,3.489513,0.000468,-5.061454830783556e-07,-1.5707964664212366,1.5707967282206245,-8.651597102135891e-05,0.06090349114114489,8.168140899333462e-06,-5.177810114249848e-07,-1.5707964797189842,1.5707967805805032,-8.651763323969421e-05,0.06218038815075983,8.351816025376681e-06,-6.93013060226289e-07,-2.5554308891173605e-08,6.090774995470838e-07,-4.2587905137977987e-07,0.08407760640042997,1.1235760844477553e-05,-1.7497040570773237e-06,8.178666973811603e-07,1.1876298534721197e-06,-1.0950506394725875e-06,0.21156874845805013,2.876450320065106e-05,-5.110456472217845e-06,-4.025952085014445e-06,3.5622333652805256e-06,-3.346150088099218e-06,0.5901244296871445,7.934933288112912e-05,3.490658503988661e-08,0.0,0.0,3.4906585039874856e-08,0.005122401728263198,6.806784082777884e-07,673.951538,-2.32951,871.047791,0.000337,3.560303,0.004489
29.794851328,114.26790399999831,8.751363812536676,1,-3.3e-05,-90.000008,90.000031,-0.004959,3.976127,0.000535,-5.759586531581288e-07,-1.5707964664212366,1.5707968678469648,-8.65508776063988e-05,0.06939650762744458,9.337511498169663e-06,-6.100341290303993e-07,-1.5707964664212377,1.5707968570425468,-8.65741486630921e-05,0.07341001109101655,9.845319199583257e-06,-7.644558856723701e-07,9.593022420872899e-08,6.704122115230859e-07,-4.7181141492504e-07,0.09272465108337902,1.2438619696648409e-05,-2.0731403220615425e-06,3.1989519806718575e-07,1.3249775063229431e-06,-1.3059124935419954e-06,0.24693478894526072,3.341615995600108e-05,-3.2999901060953794e-06,-5.862265055393196e-06,2.9913472966721927e-06,-2.1649633455234616e-06,0.36524139897573216,4.78731971915685e-05,6.981317007977322e-08,0.0,1.3962634026754017e-07,3.490658503988841e-08,0.008493016486299687,1.1693705988362007e-06,673.770691,-2.329275,868.827454,0.000392,4.140638,0.004412
29.980238592,185.38726399999916,5.394113804926775,1,-4.4e-05,-90.000008,90.000038,-0.004966,5.325997,0.000715,-7.67944870877505e-07,-1.5707964664212366,1.5707969900200125,-8.66730506540384e-05,0.09295618360134043,1.2479104151759457e-05,-7.388560500109333e-07,-1.5707964547857092,1.5707969817089218,-8.66547662523509e-05,0.08893074374790326,1.196132314033448e-05,-1.1334158392322264e-06,-7.514516298101626e-08,9.183965801184968e-07,-7.027241961429353e-07,0.1353341599929811,1.8329858773980022e-05,-2.511476265187458e-06,-1.0009274250595895e-06,2.2296488068771103e-06,-1.6023655564241917e-06,0.2924119192587582,3.91055682926574e-05,1.4280706403740304e-06,-3.950092998482478e-06,7.611571000389765e-08,8.786254179956844e-07,-0.1774274254514856,-2.7927765755326003e-05,1.919862177193762e-07,0.0,1.221730476785865e-07,1.2217304763960943e-07,0.023559675973895855,3.141592653589794e-06,673.210938,-2.328682,863.403687,0.000523,5.503442,0.004248
30.091016448,110.77785600000212,9.027074869547763,1,-5.2e-05,-90.000008,90.000046,-0.004971,6.21716,0.000834,-9.075712110370513e-07,-1.5707964664212366,1.5707971296463525,-8.676031711663811e-05,0.10850991212329066,1.4556045961632708e-05,-8.934423551875741e-07,-1.5707964722390018,1.5707970997264236,-8.675034380662677e-05,0.10733933807837982,1.4449663988177827e-05,-1.585096021470407e-06,-1.7086802728272232e-07,1.2495013415048106e-06,-9.863033419196376e-07,0.18795474920511507,2.5275114376533666e-05,-2.3311814885833224e-06,-1.403930194307118e-06,2.135877931084116e-06,-1.4851635607606967e-06,0.2711498197871449,3.5685936663007025e-05,3.593637539063733e-06,-1.6096695896851702e-06,-1.913337106148079e-06,2.2899706987735565e-06,-0.4168614013737827,-5.942130641252366e-05,1.3962634015954633e-07,0.0,1.3962634004549557e-07,8.726646259970747e-08,0.015553728521950222,2.0769418098732502e-06,672.769958,-2.328289,859.795471,0.000611,6.459403,0.004137
30.207874816,116.85836799999905,8.557367496352578,1,-6.2e-05,-90.000008,90.000053,-0.004977,7.416162,0.001003,-1.0821041362364843e-06,-1.5707964664212366,1.5707972518194,-8.686503687175778e-05,0.1294364447612877,1.7505652397503126e-05,-1.1020507562592773e-06,-1.5707964938478405,1.5707972684415843,-8.688082794594255e-05,0.13198817679867275,1.774999849278234e-05,-1.9011800415534086e-06,-3.610809296006323e-07,1.658769764212309e-06,-1.1979165925892453e-06,0.22552809585603484,3.013525522367536e-05,-1.345882812870007e-06,-9.944871425132491e-07,1.2416124370535573e-06,-8.521356449047489e-07,0.15975264167672532,2.0122337954685553e-05,4.505166024918467e-06,3.021456521820045e-06,-3.990316689296949e-06,2.9198146359270198e-06,-0.5014755769809287,-6.696640274703388e-05,1.7453292519943304e-07,0.0,1.221730474565419e-07,1.0471975511966523e-07,0.020926532637997056,2.949606435870418e-06,672.042908,-2.327722,854.580566,0.00074,7.764904,0.003977
30.321755648,113.88083199999954,8.781109010513763,1,-7.4e-05,-90.000015,90.000061,-0.004985,8.882101,0.001191,-1.2915436464758038e-06,-1.5707965885942845,1.5707973914457403,-8.700466321191732e-05,0.15502190694468088,2.0786871391252463e-05,-1.3314368865213893e-06,-1.5707965545188096,1.5707974812055314,-8.70262720502754e-05,0.1592916804267599,2.139191886527718e-05,-1.785706745167496e-06,-4.870552099411896e-07,1.5963825643616758e-06,-1.1198960860644817e-06,0.21199642434674765,2.8219501994577676e-05,-8.922714146013389e-07,-4.929613493483136e-07,8.97767530522025e-07,-5.565508861436702e-07,0.10941914621788162,1.3712903425538284e-05,2.8849557115380144e-06,4.281015247101056e-06,-2.6710900564664514e-06,1.8985789074919753e-06,-0.3120137186155736,-3.928503368059104e-05,2.0943951023931944e-07,1.221730479006311e-07,1.3962634026754017e-07,1.3962634015954008e-07,0.025585462183393165,3.2812189937493376e-06,671.108215,-2.327106,848.782715,0.000884,9.231512,0.003815
30.502143488,180.38784000000163,5.543610921889141,1,-9.4e-05,-90.000015,90.000084,-0.004997,11.20841,0.001501,-1.6406094968746697e-06,-1.5707965885942845,1.5707977928714683,-8.721410272215664e-05,0.19562365841345764,2.6197392072434885e-05,-1.5882496193148409e-06,-1.5707966293186346,1.5707976914761508,-8.718335168295487e-05,0.18960164085110992,2.5407838363199374e-05,-1.7637744951904963e-06,-4.2541772238280373e-07,1.443027642267225e-06,-1.099168682536537e-06,0.2101778368398226,2.7802304402221558e-05,-8.707993472450895e-07,1.264232560263777e-07,7.525364006622933e-07,-5.272966150434284e-07,0.10949780849297008,1.4815117887872125e-05,-2.2070893638087624e-06,1.8408350893763964e-06,3.540872958259231e-06,-1.2829598219773812e-06,0.25163685271050407,3.775597218455491e-05,3.490658503988659e-07,0.0,4.0142572799162224e-07,2.094395102393169e-07,0.04060175146877676,5.410520681182422e-06,669.273132,-2.326096,839.840881,0.001111,11.507262,0.003561
30.61938816,117.24467199999822,8.52917222541264,1,-0.000106,-90.000023,90.000092,-0.005005,12.674996,0.001696,-1.8500490071139893e-06,-1.5707967282206245,1.5707979324978083,-8.735372906231619e-05,0.2212204128771112,2.960078411382383e-05,-1.8209601862474183e-06,-1.5707966800162938,1.57079788180015,-8.732962689645538e-05,0.21745597205334483,2.9089651975739793e-05,-2.1957122490129264e-06,-4.231460994930103e-07,1.8938240176069598e-06,-1.3700339435163415e-06,0.2622744320152335,3.4918974945722346e-05,-1.2817176359383216e-06,3.644238148199904e-07,1.3633925074957281e-06,-7.833016536353549e-07,0.15714419882082753,2.1529659625965913e-05,-3.571210555743457e-06,6.334625108402096e-08,4.319433295557519e-06,-2.0084238437346803e-06,0.37782566418381014,5.276746212570441e-05,2.0943951023931965e-07,1.3962634004549557e-07,1.3962634004549557e-07,1.3962634015955364e-07,0.02559675446365356,3.4033920413889437e-06,667.926025,-2.325462,834.119446,0.001259,13.024429,0.003397
30.735838976,116.4508160000004,8.587316382566152,1,-0.000119,-90.000023,90.000099,-0.005012,14.142526,0.001891,-2.0769418098732523e-06,-1.5707967282206245,1.5707980546708562,-8.74759021099558e-05,0.24683364324890358,3.3004176155212776e-05,-2.1010439757341275e-06,-1.5707967282206257,1.5707981336262282,-8.75033287124872e-05,0.250854908440992,3.3562681515850984e-05,-2.4776182178033253e-06,-4.081793418819757e-07,2.210997321228092e-06,-1.5460473640880766e-06,0.2961413678890443,3.9615948681910446e-05,-2.0335354597638925e-06,3.5138235600747516e-08,2.485688300473017e-06,-1.2244974260768764e-06,0.23692403169526743,3.221993191566909e-05,-2.213363728188881e-06,-1.5952969009385934e-06,9.890298251890182e-07,-1.0220173868230965e-06,0.1866354526388463,2.286547599140984e-05,2.26892802759263e-07,0.0,1.221730479006311e-07,1.2217304763960943e-07,0.02561323037179239,3.403392041388947e-06,666.430481,-2.32483,828.417175,0.001416,14.501824,0.003241
30.855677184,119.83820800000089,8.34458405786569,1,-0.000133,-90.000023,90.000114,-0.005022,15.956173,0.002136,-2.3212879051524585e-06,-1.5707967282206245,1.5707983164702437,-8.765043503515524e-05,0.2784877548678212,3.7280232822598876e-05,-2.406892149416944e-06,-1.5707967764249573,1.5707984045678165,-8.769531493020658e-05,0.2874950833158804,3.845874562227889e-05,-2.3211248715185263e-06,-3.5212169757770084e-07,2.1072994371706955e-06,-1.4433606042295885e-06,0.2770132116696654,3.701028568428253e-05,-2.1003028833646236e-06,-3.4001562378787654e-07,2.303545579496575e-06,-1.2157137646966736e-06,0.23514679454420384,3.1537973865874167e-05,2.1092222174074937e-07,-1.507235810669899e-06,-2.6934626743110305e-06,4.1072314891362334e-07,-0.08703436117044011,-1.4779603455482967e-05,2.4434609527920616e-07,0.0,2.6179938750203746e-07,1.7453292519944204e-07,0.031654111618917596,4.2760566673861e-06,664.330444,-2.324025,820.815918,0.001619,16.471813,0.003037
31.040019712,184.3425279999984,5.424684205263849,1,-0.000163,-90.000031,90.000145,-0.00504,19.433794,0.002599,-2.844886680750757e-06,-1.5707968678469648,1.570798857522312,-8.796459430051421e-05,0.33918369145431887,4.536110725933263e-05,-2.7692557464976718e-06,-1.5707968271226167,1.5707987494781213,-8.791638996879252e-05,0.33041243790310315,4.419090555132884e-05,-2.7428822059757372e-06,-4.4574304780553575e-07,2.6193422399956034e-06,-1.6864839810038575e-06,0.3238265893052166,4.322031549076422e-05,-1.4656726751774791e-06,-3.631775464930594e-07,6.704669686133766e-07,-7.563149209446592e-07,0.14999637370577767,1.931339839921192e-05,5.0943422290782034e-06,4.707352341914046e-07,-9.211035140360388e-06,3.0429345432306727e-06,-0.5982128385998224,-8.100163833940516e-05,5.235987755982986e-07,1.3962634026754017e-07,5.410520682591624e-07,3.141592653589686e-07,0.06069593658649769,8.080874436733753e-06,659.774597,-2.322549,807.903931,0.001986,19.884409,0.002698
31.151960832,111.9411200000009,8.933267775058816,1,-0.000181,-90.000031,90.00016,-0.005051,21.557814,0.002882,-3.1590459461097367e-06,-1.5707968678469648,1.5707991193216997,-8.815658051823358e-05,0.3762548338325289,5.0300389042476575e-05,-3.12912601607555e-06,-1.5707968886246952,1.5707990935573166,-8.813829611654608e-05,0.37284865591321037,4.9853252310299015e-05,-3.277757010467113e-06,-6.174438738071331e-07,2.934992652470214e-06,-1.9884299370062663e-06,0.38244836852450614,5.095278961549416e-05,-9.017407833906215e-07,-2.0247244992385595e-07,-2.5057054265454286e-07,-4.40225781509613e-07,0.08636462509217657,1.0952111936426409e-05,5.984581309390149e-06,1.2596163360270283e-06,-8.215555624500146e-06,3.3186699589999704e-06,-0.658400851566136,-8.643587261028764e-05,3.141592653589796e-07,0.0,2.6179938772408207e-07,1.919862177193727e-07,0.03707114237821002,4.939281783143946e-06,656.605408,-2.321662,800.008118,0.002231,22.084301,0.002505
31.269036544,117.07571199999833,8.541481259580246,1,-0.0002,-90.000038,90.000175,-0.005062,23.757694,0.003175,-3.490658503988659e-06,-1.5707969900200125,1.5707993811210876,-8.834856673595296e-05,0.41464998298130173,5.541420375081996e-05,-3.5205784340228497e-06,-1.5707969692422843,1.5707994201832194,-8.837183779264628e-05,0.41803478726615717,5.5863833810500446e-05,-3.232133084316122e-06,-5.574732080404488e-07,2.5962143110902502e-06,-1.94285297541849e-06,0.37451931596047827,4.976439403439164e-05,3.2553289644966226e-08,6.847286496636432e-08,-1.229088710008409e-06,2.311542064335569e-08,-0.009550289977290793,-1.225632870607363e-06,3.5616545554833197e-06,1.0394841941243648e-06,-5.45759948104817e-07,1.660756891018085e-06,-0.3418080432839814,-4.132289759287891e-05,3.316125578789225e-07,1.221730476785865e-07,2.6179938794612667e-07,1.919862177193727e-07,0.038395149148772845,5.113814708343388e-06,653.016602,-2.320755,791.685791,0.002484,24.284193,0.002316
31.385946368,116.90982400000038,8.553601107123356,1,-0.000219,-90.000038,90.000191,-0.005074,25.957573,0.003468,-3.822271061867582e-06,-1.5707969900200125,1.570799660373768,-8.855800624619229e-05,0.45304511467678205,6.052801845916335e-05,-3.885435358606426e-06,-1.5707970191088345,1.5707997010981183,-8.859291283123223e-05,0.4604845506934782,6.149792285777167e-05,-2.737523026759143e-06,-4.3463858911962916e-07,2.1360807620496303e-06,-1.6584098962305136e-06,0.3187275846912889,4.242915866508541e-05,2.9029067313091566e-07,1.2317569691446574e-07,-9.92755562467117e-07,1.2657082445774574e-07,-0.030857370970430176,-3.6511595308202314e-06,1.3819511944836849e-06,3.6846013783540586e-07,3.59288041459281e-06,4.78597882253362e-07,-0.10545041829425557,-1.1220485901467356e-05,3.316125578789225e-07,0.0,2.7925268031303574e-07,2.0943951023933045e-07,0.03839513169548031,5.113814708343388e-06,649.121094,-2.31986,784.057983,0.002738,26.408226,0.002138
31.568054016,182.10764800000234,5.491257566513555,1,-0.000249,-90.000046,90.000214,-0.005092,29.447035,0.003932,-4.34586983746588e-06,-1.5707971296463525,1.570800061799496,-8.887216551155127e-05,0.5139477157000084,6.862634618841703e-05,-4.275225558218494e-06,-1.5707971005575327,1.5708000144262744,-8.882894783483527e-05,0.5059408615079611,6.758995305639949e-05,-2.8272917413368875e-06,-4.5052475350360055e-07,2.2179458110116457e-06,-1.733737796867944e-06,0.330764619916867,4.417143723848925e-05,-8.829809048837222e-08,-1.900332020112874e-08,7.476972782898743e-07,-1.1703655940396617e-07,0.018037522816742424,3.3627200336569106e-06,-3.617907647973653e-07,-4.4213859396056034e-07,5.549972640512363e-06,-1.3860861458399205e-07,0.03576885572428677,1.3087291253450655e-06,5.235987755982982e-07,1.3962634004549557e-07,4.0142572799162224e-07,3.1415926535898213e-07,0.060902601023226366,8.098327729253684e-06,642.327393,-2.318472,771.847412,0.003175,29.973568,0.001884
31.678255616,110.2015999999999,9.074278413380576,1,-0.000267,-90.000046,90.000229,-0.005103,31.571056,0.004215,-4.6600291028248595e-06,-1.5707971296463525,1.5708003235988837,-8.906415172927064e-05,0.5510188755315109,7.356562797156099e-05,-4.632602500293523e-06,-1.5707971504240827,1.5708002920167363,-8.90491917642536e-05,0.5478035360681512,7.317251333527851e-05,-3.251498646109626e-06,-5.715789050952935e-07,2.6389345766375527e-06,-1.9940546310865553e-06,0.3805946018477373,5.092138819678022e-05,-9.624414458685668e-08,-4.6952180841818083e-08,1.135263204475996e-06,-9.683396055738751e-08,0.01436872544264678,2.078546734704252e-06,-5.482427676212898e-07,-5.630685002353833e-07,3.6865062508302433e-06,-2.3917635207592195e-07,0.043158166028659475,4.699502231801471e-07,3.141592653589796e-07,0.0,2.6179938772408207e-07,1.919862177193727e-07,0.03707115983150244,4.939281783143952e-06,637.832153,-2.317647,764.626526,0.003457,32.021744,0.001752
31.793981696,115.72607999999818,8.641094557078368,1,-0.000285,-90.000053,90.000244,-0.005114,33.69508,0.004508,-4.974188368183839e-06,-1.5707972518194,1.5708005853982714,-8.925613794699001e-05,0.5880900877228908,7.867944267990437e-05,-5.009926062391345e-06,-1.5707972310416718,1.5708006119937659,-8.927940900368335e-05,0.5919358833297483,7.909749059121544e-05,-3.208909624526337e-06,-5.587686198182951e-07,2.823407141860912e-06,-1.957170908806281e-06,0.3751458791252973,5.023311508859437e-05,1.1052837992851219e-07,-5.2464239277e-08,9.124064843193646e-07,6.109166532703336e-08,-0.0161310678353499,-3.3693285634732776e-06,4.944836667956401e-08,-2.4611926505115207e-07,-2.343307408216826e-06,-7.056860591616624e-08,-0.01609456137789534,-6.0460177460520875e-06,3.141592653589796e-07,1.221730474565419e-07,2.6179938772408207e-07,1.919862177193727e-07,0.03707121219137999,5.113814708343381e-06,632.897095,-2.31681,757.329529,0.003763,34.221634,0.001627
31.907932416,113.95072000000184,8.775723400431202,1,-0.000304,-90.000053,90.000259,-0.005126,35.894958,0.004791,-5.305800926062762e-06,-1.5707972518194,1.5708008471976593,-8.946557745722934e-05,0.6264852019650788,8.361872446304833e-05,-5.369796331969224e-06,-1.5707972792460034,1.5708009402818872,-8.949882182393405e-05,0.6339877075320688,8.47132952367991e-05,-2.7559912565512084e-06,-4.3594043708239383e-07,2.5139460868572883e-06,-1.6887738739648436e-06,0.32206691187148184,4.293482441417861e-05,1.3969562210037522e-07,-7.978705690176961e-08,5.380280204913903e-07,5.87368744941443e-08,-0.01774075982484391,-3.563569653226018e-06,3.629499453804827e-07,7.471586238532997e-08,-4.760533366492753e-06,9.593149041432122e-08,-0.03675175047567076,-5.500556429107261e-06,3.3161255787892294e-07,0.0,2.6179938794612667e-07,2.0943951023933045e-07,0.038395114242188,4.939281783143966e-06,627.869324,-2.31602,750.469543,0.004073,36.421528,0.00152
32.091707392,183.77497600000225,5.4414372498679455,1,-0.000334,-90.000061,90.00029,-0.005144,39.384422,0.005265,-5.82939970166106e-06,-1.5707973914457403,1.5708013882497276,-8.977973672258831e-05,0.6873878378948902,9.189158511750144e-05,-5.757093204078442e-06,-1.5707973631880296,1.5708012935032833,-8.973901237337517e-05,0.6792548745221857,9.072221451866531e-05,-2.801829891544302e-06,-4.855678668036489e-07,2.5569726833651885e-06,-1.7266167974386076e-06,0.32685806539967155,4.3114292893041764e-05,-3.675370224577782e-08,-8.523577146324306e-08,-3.5881572457405173e-07,-1.3185459511951137e-07,0.009390431656395304,8.226639741342324e-07,4.982517442264346e-07,6.448626988742464e-07,-4.960722675232809e-06,4.565278196064848e-07,-0.03694237887787789,6.415938846048876e-07,5.235987755982982e-07,1.3962634026754017e-07,5.410520682591624e-07,3.141592653589686e-07,0.06090263592981138,8.272860654453106e-06,618.868591,-2.314739,739.39032,0.004634,39.911011,0.001393
32.204025856,112.31846399999768,8.903255657057603,1,-0.000352,-90.000061,90.000305,-0.005155,41.508442,0.005538,-6.14355896702004e-06,-1.5707973914457403,1.570801650049115,-8.997172294030768e-05,0.7244589802731002,9.665633397544598e-05,-6.11945680115917e-06,-1.570797419703453,1.570801624284732,-8.996174963029636e-05,0.721495801824523,9.627984152251582e-05,-3.250694757792493e-06,-6.219995203338158e-07,2.9156947851660675e-06,-2.0122287129129414e-06,0.38077599537467943,5.054642472662995e-05,6.584277787931245e-08,1.2231554535217643e-08,-8.975153368947074e-07,-2.352941396298894e-08,-0.0007207875092081206,1.5790242420126192e-07,6.12205033710839e-08,5.625509575037303e-07,-2.9289792473801743e-06,4.022129214599129e-07,0.0033221500882117914,4.884394066822299e-06,3.141592653589796e-07,0.0,2.6179938750203746e-07,1.919862177193727e-07,0.037071142378209965,4.7647488579445374e-06,613.391235,-2.314029,733.064392,0.004997,42.035046,0.001346
32.317196544,113.17068799999674,8.83621030915734,1,-0.00037,-90.000069,90.00032,-0.005167,43.632462,0.005821,-6.457718232379019e-06,-1.5707975310720803,1.570801911848503,-9.0181162450547e-05,0.76153012265131,0.00010159561575858992,-6.490131489916061e-06,-1.5707975036454789,1.570801950910635,-9.01927979788937e-05,0.7651237622300402,0.00010212170786169113,-3.1710652342128584e-06,-5.817771464577959e-07,2.6665199488462576e-06,-1.979140128831108e-06,0.37326712815178587,4.977804299314767e-05,2.6886483548619067e-07,1.7290549991427827e-07,-1.167499918456667e-06,2.2522609304115868e-07,-0.025630845605449037,-2.4987135751661617e-06,-9.568980587560542e-07,-1.5872536757644252e-07,2.5570328350757756e-06,-1.2820401840496848e-07,0.1004419526997734,1.255533424942377e-05,3.141592653589796e-07,1.3962634004549557e-07,2.6179938794612667e-07,2.094395102393169e-07,0.037071142378209854,4.939281783143939e-06,607.483887,-2.313314,727.168518,0.005369,44.159077,0.001325
32.432164608,114.96806400000281,8.69806766512112,1,-0.000389,-90.000069,90.000336,-0.005178,45.83234,0.006114,-6.789330790257942e-06,-1.5707975310720803,1.5708021911011834,-9.037314866826639e-05,0.7999252368934979,0.0001067094304669333,-6.842521776985393e-06,-1.5707975518498105,1.5708022318255337,-9.041304190831202e-05,0.806608154128153,0.00010762946831548468,-2.6982400149059504e-06,-4.3041615604977324e-07,2.1694932672566836e-06,-1.6783024608169647e-06,0.3173895538104281,4.22273055965499e-05,1.67403529378577e-07,1.3712830649154816e-07,-7.308954103410317e-07,1.9396233795940228e-07,-0.017075665906977733,-1.8536037049617375e-06,-1.1378509222382142e-06,-5.281614625297859e-07,4.926538752705698e-06,-4.597273298630243e-07,0.1166878762547609,1.2716305371625024e-05,3.3161255787892294e-07,0.0,2.7925268031303574e-07,1.9198621771938625e-07,0.03839511424218789,5.113814708343381e-06,601.130249,-2.312574,720.861877,0.005814,46.358971,0.001335
32.61217664,180.0120320000005,5.555184222352411,1,-0.000417,-90.000076,90.000359,-0.005196,49.17009,0.006568,-7.278022980816354e-06,-1.5707976532451282,1.5708025925269113,-9.068730793362537e-05,0.8581799640019386,0.00011463322527098757,-7.224831994088913e-06,-1.5707976324674,1.5708025451536898,-9.064824580274746e-05,0.8514970417806295,0.00011363007650567471,-2.757098343603891e-06,-4.374414981356267e-07,2.1977710797926875e-06,-1.6693942296883233e-06,0.32432283227408476,4.319216154061102e-05,-4.683005702443762e-07,-1.8829844872634287e-07,8.456806903915844e-07,-2.2664948848462697e-07,0.05477633290069406,6.3832342079618316e-06,-3.302710605458943e-07,-4.170586002051819e-07,4.822454128995597e-06,-5.761581746218255e-07,0.024155991296358453,1.0803233884363518e-06,4.886921905584115e-07,1.221730479006311e-07,4.0142572799162224e-07,3.1415926535898213e-07,0.05825472710844071,7.923794804054276e-06,590.819092,-2.311539,712.097473,0.006537,49.772594,0.001425
32.7240256,111.84895999999611,8.940628504726684,1,-0.000436,-90.000076,90.000374,-0.005207,51.369968,0.006851,-7.609635538695278e-06,-1.5707976532451282,1.5708028543262988,-9.087929415134474e-05,0.8965750782441264,0.00011957250705413152,-7.577222281158244e-06,-1.5707976806717316,1.5708028227441517,-9.086017864048964e-05,0.8929814411587249,0.00011914614805114441,-3.239308637792868e-06,-5.906159934454536e-07,2.6709131901725414e-06,-1.9725544071779225e-06,0.38042647930244566,5.050651920011299e-05,-3.769004013948527e-07,-1.9289221540394463e-07,1.228245978202624e-06,-2.2123532912247274e-07,0.044513543225964236,5.263703040846819e-06,3.980149251135302e-07,2.5332762308221515e-08,2.4264264028844663e-06,-1.1639208938152064e-07,-0.06147574576224272,-7.74237719344033e-06,3.316125578789238e-07,0.0,2.6179938750203746e-07,1.919862177193727e-07,0.03839511424218778,4.939281783143952e-06,584.139648,-2.310914,706.832581,0.00705,51.896629,0.001537
32.835904,111.87840000000193,8.93827584234296,1,-0.000454,-90.000084,90.000389,-0.005218,53.493988,0.007134,-7.923794804054255e-06,-1.5707977928714683,1.5708031161256868,-9.107128036906413e-05,0.9336462206223365,0.00012451178883727548,-7.94955918825037e-06,-1.5707977646137579,1.5708031427211813,-9.108956477075174e-05,0.9366094148619889,0.0001249298367485866,-3.2971988030205198e-06,-6.31683553464768e-07,2.927739375380156e-06,-2.029293345554516e-06,0.38758069499863623,5.130146361683732e-05,1.2117704973894378e-07,1.0740875951675715e-08,8.687375137150727e-07,1.474777204114644e-08,-0.016148492668339065,-2.113878601547837e-06,1.2218206635529293e-06,7.354494062983552e-07,-3.127579250840317e-06,7.876089692714151e-07,-0.1582873449910519,-1.699989823580727e-05,3.141592653589779e-07,1.3962634004549557e-07,2.6179938794612667e-07,1.9198621771938625e-07,0.037071142378210076,4.939281783143952e-06,577.269043,-2.310294,701.645081,0.007633,54.02066,0.001701
32.945549568,109.6455679999977,9.120295678526842,1,-0.000472,-90.000084,90.000404,-0.005229,55.618011,0.007417,-8.237954069413236e-06,-1.5707977928714683,1.5708033779250747,-9.126326658678349e-05,0.970717415360424,0.00012945107062041942,-8.307767239493014e-06,-1.5707978211291809,1.5708034710093024,-9.130980870017008e-05,0.9788503687598195,0.0001305123970274656,-2.8214697503326863e-06,-4.912927042965975e-07,2.5869124939958965e-06,-1.7386162123510186e-06,0.3324975779058037,4.4061344387184105e-05,2.0522941316193156e-07,9.795623267606676e-08,4.088753247236197e-07,8.80911387731669e-08,-0.02798926895878806,-3.415027538144447e-06,1.0648115290076216e-06,7.201092617777078e-07,-5.083237048681609e-06,8.617311668760058e-07,-0.1362231499672249,-1.4698783986052734e-05,3.1415926535898043e-07,0.0,2.6179938794612667e-07,1.9198621771935914e-07,0.03707119473808751,4.939281783143939e-06,570.216675,-2.309743,696.89978,0.008257,56.144695,0.001925
33.131988992,186.43942399999958,5.363672438721985,1,-0.000502,-90.000092,90.000435,-0.005248,59.107475,0.007881,-8.761552845011533e-06,-1.5707979324978083,1.5708039189771428,-9.159487914466241e-05,1.0316200512902354,0.00013754939834967312,-8.692570784099382e-06,-1.5707979050712066,1.570803824230699,-9.154833703127596e-05,1.0241175423988098,0.00013655456067603646,-2.7127288435498277e-06,-4.293439079816608e-07,2.488402389033695e-06,-1.6637203102152836e-06,0.31776433676366356,4.233982943210586e-05,-2.4695303449837557e-08,8.029906804144183e-08,-4.4836119112197884e-07,7.688996016556028e-08,-0.002322528387397993,3.884324220111593e-07,8.448547389225003e-09,-1.200539680906734e-07,-4.391454455728293e-06,1.233216802688567e-07,0.011659838827708699,4.249024760225777e-07,5.235987755982973e-07,1.3962634004549557e-07,5.410520680371178e-07,3.3161255787892633e-07,0.06090263592981138,8.098327729253704e-06,558.26178,-2.308866,689.83197,0.009416,59.558319,0.00246
33.24776192,115.77292800000549,8.63759790198925,1,-0.00052,-90.000092,90.00045,-0.005259,61.307354,0.008174,-9.075712110370514e-06,-1.5707979324978083,1.5708041807765305,-9.178686536238179e-05,1.0700151829857156,0.0001426632130580165,-9.053272162844876e-06,-1.5707979532755387,1.5708041550121474,-9.176858096069429e-05,1.0662954558351676,0.0001421703653216201,-3.251109251331946e-06,-5.722720075596044e-07,2.892897631667779e-06,-1.980527168299795e-06,0.37992339743291215,5.058133591190599e-05,2.0475007371015388e-08,5.4950950300446455e-08,-9.119172854080196e-07,8.639559551900159e-08,-0.00681362742471836,-5.60433071989248e-07,-1.0748221488325794e-07,-2.769654277165726e-07,-2.60665891955235e-06,-1.6268086528391505e-07,0.032798774934305164,2.7927128952848744e-06,3.1415926535898043e-07,0.0,2.6179938772408207e-07,1.919862177193727e-07,0.038395131695480256,5.113814708343381e-06,550.506226,-2.308354,685.652039,0.010293,61.758213,0.002933
33.35933952,111.57759999999683,8.962372375817623,1,-0.000539,-90.000099,90.000465,-0.00527,63.431374,0.008457,-9.407324668249437e-06,-1.5707980546708562,1.5708044425759184,-9.197885158010117e-05,1.1070863253639256,0.00014760249484116044,-9.4305957249427e-06,-1.570798033893128,1.5708044816380502,-9.199796709095641e-05,1.1103647426886718,0.0001480371649358239,-3.260218343556017e-06,-5.837354937199279e-07,2.7150924459817816e-06,-1.971795022239907e-06,0.38138798224778636,5.078156501308272e-05,1.6131186972552375e-07,9.172306459250646e-09,-1.1091913483050537e-06,8.402959704401105e-08,-0.017419508809778383,-2.561330403031938e-06,-2.3724112106617245e-07,-1.7252265204749647e-07,1.915242312323187e-06,-5.111393244297884e-07,0.03445939680179541,4.1404466501194755e-06,3.3161255787892294e-07,1.221730479006311e-07,2.6179938794612667e-07,1.9198621771938625e-07,0.037071142378209965,4.939281783143939e-06,542.870422,-2.30789,681.902039,0.011265,63.958103,0.003519
33.471639552,112.30003200000027,8.904716963927468,1,-0.000557,-90.000099,90.000481,-0.005281,65.555397,0.00874,-9.721483933608415e-06,-1.5707980546708562,1.5708047218285985,-9.217083779782055e-05,1.144157520102013,0.0001525417766243044,-9.782986012012031e-06,-1.570798083759678,1.570804762552949,-9.220989992869856e-05,1.151660013202366,0.00015353661429794125,-2.745271489286637e-06,-4.468864984730203e-07,2.208063059949694e-06,-1.663331368824037e-06,0.3212964696491185,4.278436881944013e-05,1.8190756657259219e-07,6.758837652668696e-09,-7.727226309740264e-07,6.26103218721641e-08,-0.017540346037548615,-2.414323519018169e-06,-3.969987234443847e-07,-8.200928959757542e-08,4.167488279352443e-06,-5.338223206131479e-07,0.03988097668451526,5.848050814407614e-06,3.1415926535897874e-07,0.0,2.7925268009099113e-07,1.919862177193727e-07,0.03707119473808751,4.939281783143966e-06,535.100159,-2.307458,678.437927,0.012437,66.082138,0.004266
33.65205632,180.41676800000062,5.542722060069254,1,-0.000586,-90.000107,90.000504,-0.005299,68.969002,0.009194,-1.0227629416686772e-05,-1.5707981942971962,1.5708051232543268,-9.248499706317951e-05,1.2037361667145543,0.00016046557142835867,-1.0164465119947934e-05,-1.5707981652083765,1.570805075881105,-9.2445103823134e-05,1.19617062317942,0.00015946242266304584,-2.7152358549870607e-06,-4.403964837251806e-07,2.149199154644066e-06,-1.6762901625949492e-06,0.3185318218096267,4.232342824131701e-05,-1.1947151613241316e-07,2.9609405116601944e-08,4.445167163369876e-07,-1.2390156214410502e-07,0.010197196301994227,1.9622615649469402e-06,0.0006309772753322908,-0.0012786717666475312,-0.00034319615301195596,4.2866727378969797e-07,0.01388833347896045,0.0008860072472377007,5.061454830783565e-07,1.3962634004549557e-07,4.0142572821366684e-07,3.141592653589686e-07,0.0595786466125412,7.923794804054262e-06,522.357422,-2.306829,673.380127,0.014716,69.495766,0.00593
33.767129088,115.07276799999744,8.690153347141369,1,-0.000604,-90.000107,90.000519,-0.00531,71.093025,0.009477,-1.054178868204575e-05,-1.5707981942971962,1.5708053850537145,-9.267698328089889e-05,1.2408073614526416,0.0001654048532115026,-1.0521010952855349e-05,-1.5707982150749265,1.5708053534715671,-9.266534775255233e-05,1.2380963498366113,0.00016502836075857252,-3.1985636186507933e-06,-5.685012611778006e-07,2.6019435965807247e-06,-1.964689058967515e-06,0.3749293269808325,5.0026740491238746e-05,-2.0126908024113138e-07,-7.50406132339098e-09,9.557262630901778e-07,-1.4407073116301133e-07,0.01701163729671462,2.817228128647846e-06,-0.0007688579763790257,0.0016903498603173107,0.0004803086909560025,-7.471036327306255e-07,0.061417831180946694,-0.001392376593270079,3.1415926535897874e-07,0.0,2.6179938772408207e-07,1.919862177193727e-07,0.03707119473808729,4.939281783143939e-06,514.28717,-2.306481,670.693604,0.016533,71.619797,0.007375
33.881779712,114.65062399999937,8.722150522268466,1,-0.000623,-90.000114,90.000534,-0.005322,73.2929,0.00977,-1.0873401239924672e-05,-1.5707983164702437,1.5708056468531022,-9.288642279113822e-05,1.279202423334952,0.000170518667919846,-1.0899165624120787e-05,-1.5707982956925155,1.5708056734485967,-9.289639610114968e-05,1.282291736728572,0.00017095333801450945,-3.2413700087377924e-06,-5.622208707478649e-07,2.831477327269738e-06,-1.9818497672109366e-06,0.37804695223768814,5.0620039996000896e-05,1.507088532940796e-08,-4.212821129956288e-08,1.000000639438869e-06,1.997537216968679e-08,-0.0011063793416357104,6.898085936645252e-08,-0.006107638908773454,0.012031006078875755,0.0032599299769598762,-4.631868121103789e-06,0.18675308421514888,-0.0077234856851173695,3.3161255787892125e-07,1.221730474565419e-07,2.6179938772408207e-07,2.0943951023933045e-07,0.038395061882310344,5.113814708343381e-06,505.82843,-2.306154,668.308472,0.018802,73.819687,0.009361
33.99608832,114.30860800000175,8.74824755105044,1,-0.000642,-90.000114,90.000549,-0.005333,75.492783,0.010063,-1.1205013797803595e-05,-1.5707983164702437,1.5708059086524901,-9.307840900885759e-05,1.3175976248436023,0.0001756324826281894,-1.1263191439536746e-05,-1.5707983438968474,1.570806001736718,-9.311913335807086e-05,1.3246587657315843,0.0001766190092101501,-2.7910089810980927e-06,-4.391814241166969e-07,2.519055402938619e-06,-1.7102903407221765e-06,0.324681425706145,4.3376137566555504e-05,6.375232916889869e-08,-7.726256403426929e-08,6.791943760108947e-07,1.9565537840820403e-08,0.0016086932182718394,-2.230466530945424e-08,-0.0037928649822618864,0.006845876800000801,0.0017600528893350106,-2.5920161895658782e-06,0.15239610000753018,-0.0032613519398352686,3.3161255787892294e-07,0.0,2.6179938794612667e-07,1.919862177193727e-07,0.03839520150865039,5.113814708343408e-06,497.28006,-2.305864,666.159302,0.021844,76.019577,0.012079
34.175957504,179.86918400000462,5.5595960228516645,1,-0.000671,-90.000122,90.00058,-0.005351,78.906387,0.010527,-1.1711159280881951e-05,-1.5707984560965842,1.5708064497045582,-9.339256827421657e-05,1.3771762540028507,0.00018373081035744307,-1.165381274831643e-05,-1.5707984278388736,1.5708063549581142,-9.335932390751198e-05,1.3700520061646644,0.0001826694839503971,-2.7419913975364863e-06,-4.816947676289374e-07,2.52868382943916e-06,-1.6842515855133335e-06,0.32207626343615114,4.285320228829509e-05,-0.0012494887914232488,0.0025300891220740055,0.0006886230378343696,-1.218455934572024e-06,0.07218871063498766,-0.0017384136472827416,0.026516717148578926,-0.05315794794917444,-0.014838597284840573,1.8864286548871017e-05,-0.23864628000120897,0.0361590596134993,5.061454830783565e-07,1.3962634048958478e-07,5.410520680371178e-07,3.1415926535898213e-07,0.059578629159248386,8.098327729253677e-06,483.567566,-2.305478,663.428101,0.029174,79.433205,0.018826
34.290991104,115.03359999999674,8.693112273283878,1,-0.00069,-90.000122,90.000595,-0.005363,81.106262,0.01081,-1.2042771838760873e-05,-1.5707984560965842,1.5708067115039461,-9.360200778445589e-05,1.4155713158851613,0.00018867009214058704,-1.201118969039146e-05,-1.5707984843542968,1.5708066874017812,-9.357873672776269e-05,1.4122299337298783,0.00018827697750430463,-3.2229303329877213e-06,-6.142524817676076e-07,2.9173799296344782e-06,-1.99999257044129e-06,0.3824273903763755,5.084329824648129e-05,-3.6049609735034415e-05,-0.00024910161936925445,-0.0001086995436571757,3.58828340453757e-08,0.034010205128814475,0.0007348631462879746,0.04960944447537201,-0.09496954689670589,-0.025032566103001266,3.3663980980243136e-05,-0.9089399768685784,0.055758432926313335,3.3161255787892125e-07,0.0,2.6179938794612667e-07,2.094395102393169e-07,0.038395061882310566,4.939281783143966e-06,475.147522,-2.305289,662.176514,0.036522,81.557236,0.02634
34.40502144,114.03033599999901,8.769596188859854,1,-0.000708,-90.00013,90.00061,-0.005374,83.230286,0.011093,-1.2356931104119853e-05,-1.5707985957229242,1.5708069733033336,-9.379399400217528e-05,1.4526425280765414,0.00019360937392373098,-1.2391837689159748e-05,-1.5707985682963228,1.570807023169885,-9.38172650588686e-05,1.4576208246173417,0.0001943116611703669,-3.303765014098631e-06,-6.400537611028767e-07,2.7267694617805205e-06,-2.047215524651378e-06,0.38934854745677505,5.151067760691161e-05,0.009606662163556724,-0.019129841419033886,-0.005235476161192534,7.112141415623688e-06,-0.17146130493659983,0.01267887123722368,0.039224903707753764,-0.06856829239949018,-0.015559799358490034,2.6468122041901417e-05,-1.8880545960457296,0.026417579955803214,3.1415926535898043e-07,1.3962634004549557e-07,2.6179938750203746e-07,1.9198621771938625e-07,0.0370712121913801,4.939281783143939e-06,466.686066,-2.305134,661.237915,0.048694,83.757126,0.038903
34.51787776,112.85631999999879,8.860824099173273,1,-0.000726,-90.00013,90.000626,-0.005385,85.430168,0.011386,-1.2671090369478832e-05,-1.5707985957229242,1.570807252556014,-9.398598021989465e-05,1.491037712131899,0.00019872318863207436,-1.2760850159581405e-05,-1.5707986297984011,1.5708073065781112,-9.404332675246023e-05,1.5005882726474242,0.00019996735905599615,-2.7424733960509584e-06,-4.66216289130017e-07,2.1056268963981495e-06,-1.6673802288937902e-06,0.31668238321462816,4.1736232559017245e-05,0.013125041827527887,-0.024986388866470893,-0.006626577516946938,9.56327589301702e-06,-0.3769265652265228,0.014447114275840871,-0.038675663816226516,0.08277272510450018,0.02484286584014833,-2.0451329823011745e-05,-2.0111220589653027,-0.06715289418367817,3.1415926535897874e-07,0.0,2.7925268031303574e-07,1.919862177193727e-07,0.03839518405535758,5.113814708343381e-06,457.891174,-2.305011,660.597168,0.074207,85.881157,0.066452
34.69492224,177.04447999999928,5.648298100002915,1,-0.000755,-90.000137,90.000648,-0.005403,88.767906,0.01183,-1.3177235852557188e-05,-1.5707987178959717,1.5708076365284496,-9.430013948525362e-05,1.5492922298008296,0.00020647245051092918,-1.3099942699968877e-05,-1.5707986904693703,1.5708075667152805,-9.4245286280191e-05,1.5388673698675768,0.00020502964499594735,0.002471355868087419,-0.005011193981303563,-0.0013622029449651407,4.773274355862698e-07,0.22339238596182653,0.0034884228676341903,-0.0005054037696658464,0.003743362951386813,0.0019938487433400843,8.36924081768463e-07,-0.7270385461629552,-0.008082522165339919,-0.2799734427142399,0.5418182176234178,0.14354949467725106,-0.00016169374752507388,-1.391488913634832,-0.33133754634269386,5.061454830783565e-07,1.221730474565419e-07,3.8397243562471317e-07,3.141592653589686e-07,0.05825451766893064,7.74926187885482e-06,444.515167,-2.304896,660.270935,0.362192,89.21875,0.427079
34.815149824,120.22758400000555,8.317558805805778,1,-0.000768,-90.000137,90.000656,-0.00541,90.020973,0.011987,-1.3404128655316451e-05,-1.5707987178959717,1.5708077761547898,-9.442231253289323e-05,1.5711623746989174,0.00020921261743656028,0.00048595368585111675,-1.5718102816416077,1.570532456283053,-9.405579338997447e-05,1.5663115545133572,0.0009069096481396294,0.003836688409838991,-0.007010051109450188,-0.0018107260751438758,1.1245132672558166e-06,0.1622328219147544,0.003525248257914032,-0.04566410673572813,0.09044819912143201,0.024781202980190133,-2.493705858307568e-05,-0.8980025468959436,-0.05955634636862683,-0.4925183763591049,0.9327063784428077,0.23938421709362162,-0.00027365202558732565,-0.7350193065058743,-0.524936141614794,2.268928027592628e-07,0.0,1.3962634026754017e-07,1.2217304763960943e-07,0.021870144898087807,2.7401669256311046e-06,440.095184,-2.304878,660.320679,163.359207,89.981125,163.318298
34.930706432,115.55660799999856,8.653767337996046,1,-0.000769,-90.000137,90.000656,-0.00541,90.022194,0.011987,-1.3421581947836395e-05,-1.5707987178959717,1.5708077761547898,-9.442231253289323e-05,1.5711836851690841,0.00020921261743656028,0.0008944089351495123,-1.572464410267526,1.570376251808327,-9.39760069098833e-05,1.5777242242611265,0.0010574127139757715,-0.0070451356445853895,0.014659496830676133,0.004199283183523583,-5.2354208814445235e-06,0.013278156350138737,-0.010961753279890196,-0.13313153080097448,0.2554200693132683,0.0667264005256879,-7.350162044622075e-05,-0.8828356246126919,-0.1509990415892531,-0.5971054007421606,1.106834266080325,0.2740307965638523,-0.0003142222197037228,0.4209160833152139,-0.5657647886581925,1.7453292519944204e-08,0.0,0.0,0.0,2.1310470166735485e-05,0.0,440.094757,-2.304878,660.320679,163.328232,89.98114,163.315475
35.047674624,116.96819200000164,8.549332796389518,1,-0.000769,-90.000137,90.000656,-0.00541,90.022194,0.011987,-1.3421581947836395e-05,-1.5707987178959717,1.5708077761547898,-9.442231253289323e-05,1.5711836851690841,0.00020921261743656028,-0.0011822660886809367,-1.5683438674231478,1.5715246610028466,-9.528999050388475e-05,1.5691562442212352,-0.0016768051322335292,-0.023196648006780365,0.045245189215576964,0.012210130950360831,-1.4041013844007792e-05,-0.08177017362928796,-0.028356075342688452,-0.18205113869412998,0.3450339461411074,0.08854832700412411,-9.885894588588051e-05,-0.7359456649147875,-0.19450946872446515,-0.4108552769177872,0.7476455474296072,0.17911784933206298,-0.00020488804058015338,1.024073030132161,-0.3452660816730562,0.0,0.0,0.0,0.0,0.0,0.0,440.094757,-2.304878,660.320679,163.328232,89.98114,163.315475
35.231556608,183.88198399999567,5.438270668213062,1,-0.301147,-89.391571,90.166267,-0.005608,89.090027,-0.40823,-0.005256006682503363,-1.56017723748028,1.5736982333823102,-9.7878064451842e-05,1.5549143018406464,-0.007124957605416451,-0.007020991666311826,-1.5571283417565922,1.5744613511711432,-9.868340923526231e-05,1.5516573612079023,-0.008330667621497513,-0.060992100424879236,0.11620211031523553,0.030006018211061303,-3.413017660292971e-05,-0.15794713703459173,-0.06672516705915083,-0.23913883114321527,0.44488672188141787,0.11078571125762551,-0.0001235753846359205,-0.5397051261236938,-0.2300168667302761,0.12600638626624772,-0.2607267172494532,-0.07443684313581472,8.788815662674418e-05,1.4720775614752788,0.2128236782095636,0.005242585100555527,0.010621480415691664,0.002890457227520349,3.4557519189487763e-06,0.016269383328437748,0.007334170222853011,447.270569,1.395712,651.346191,163.098587,89.98114,163.065689
35.343930368,112.3737600000041,8.898874612720652,1,-0.997511,-88.085205,90.508698,-0.00599,87.396049,-1.128255,-0.01740985127486116,-1.5373768495441718,1.5796747817932066,-0.00010454522219446034,1.5253488082842979,-0.019691764552088622,-0.01588289097000303,-1.5402788625135595,1.578797110565585,-0.00010359526441587492,1.529596672066501,-0.017926098058762732,-0.09411118769334628,0.1780375626983428,0.04549296613102172,-5.148586575831409e-05,-0.23014097355694485,-0.09930906825671522,-0.21041427036387209,0.3889888844371763,0.09579498658658685,-0.00010595036355172797,-0.3888674088857609,-0.1931031332637338,0.4134830239189327,-0.7901326289919811,-0.20350223329203673,0.00023440112234659712,1.598014493137244,0.4760785506263783,0.012153844592357795,0.02280038793610828,0.005976548410896454,6.667157742618334e-06,0.02956549355634852,0.012566806946672171,458.540619,7.321071,639.022339,162.816483,89.98114,162.784592
35.46340864,119.47827199999494,8.369722655513819,1,-1.693845,-86.778893,90.828278,-0.006359,85.758652,-1.824231,-0.029563172268443353,-1.5145774040858595,1.58525250501673,-0.00011098548713431942,1.49677083947202,-0.03183883726694867,-0.02906440287922761,-1.5154381323219923,1.5851102698248947,-0.00011073449216569935,1.4978028859030923,-0.03155972670629727,-0.12258866304938101,0.23007540835051898,0.058150224929020666,-6.528201402950591e-05,-0.2894894530043679,-0.12343525580074441,-0.095225026221331,0.17367343305195393,0.042315261783397506,-4.4778087565704915e-05,-0.16095061124698695,-0.07605772934425342,0.6446723463681449,-1.198301857342305,-0.29639488443008116,0.0003352545577527012,1.3363509847780726,0.6238287655376759,0.012153320993582194,0.02279944545831225,0.005577723223523456,6.440264939859086e-06,0.02857796881227781,0.012147072714860051,469.000397,13.306232,626.451416,162.543945,89.981133,162.513321
35.573959424,110.5507840000044,9.045616537644456,1,-2.366139,-85.51767,91.147842,-0.006703,84.23423,-2.496185,-0.04129691610984611,-1.492564910133979,1.5908299489875732,-0.0001169894197611799,1.470164656382183,-0.043566646988894654,-0.043871068979245864,-1.4877358101554052,1.5920820698017932,-0.00011851699841125883,1.4634076133519787,-0.04615950646343912,-0.11307533817313188,0.21170383925254654,0.053277449409343536,-5.9431851589559646e-05,-0.2628402009383053,-0.1115672730229569,-0.03537305925555956,0.06318656735347133,0.015430308235515888,-1.4794696399567293e-05,-0.06555060313928274,-0.020792983602357124,0.5532298258436648,-1.0193551598303596,-0.2489182085749011,0.00027771407421458845,0.9315422061564992,0.4981233128365873,0.011733743841402754,0.02201249395188043,0.005577443970843143,6.003932626860481e-06,0.026606183089836977,0.011727809721945981,478.685028,19.311798,614.088745,162.317978,89.981125,162.288681
35.760044032,186.0846080000016,5.373899597327209,1,-3.47062,-83.445663,91.672852,-0.007302,81.580597,-3.600117,-0.060573746085565594,-1.456401565859609,1.5999931020934688,-0.00012744394198062594,1.4238500233926084,-0.0628338951070207,-0.05837870864962911,-1.460519479905691,1.5989307002311608,-0.0001261415939149712,1.4296216493715928,-0.06050032922613508,-0.10300204311113065,0.19323194751579198,0.04896802041767501,-5.4277502235309475e-05,-0.24051438665467284,-0.101863678817604,0.01659018965822423,-0.030508572629926567,-0.0070100977456422076,9.208625967148366e-06,0.039186085124665926,0.016638799349858235,0.1542593655794833,-0.2789112960958674,-0.06788196900076679,6.638407618206485e-05,0.2378674323966566,0.09761895058165826,0.019276829975719487,0.03616334427437007,0.00916315310589555,1.0454522219446036e-05,0.04631463298957472,0.019267248118126044,493.690308,29.627686,593.321716,161.981491,89.98111,161.948349
35.87373824,113.6942079999983,8.795522811505181,1,-4.190979,-82.094269,92.015266,-0.007672,79.94313,-4.296125,-0.07314638243193942,-1.4328152910679126,1.6059693537983926,-0.00013390166021300497,1.3952708328498544,-0.0749815263272414,-0.07182881010855227,-1.4352870679100462,1.605343064836263,-0.00013323677287891198,1.3981814536168913,-0.07380420118256198,-0.12042716238956175,0.22592180645045268,0.05732812524931852,-6.367303347367933e-05,-0.28215249255773767,-0.11906196360534116,0.0258374461457333,-0.047199980361511296,-0.011104719806227153,1.2687653927872622e-05,0.0545005408869057,0.020528930240347576,0.029260697638949874,-0.04948877192872625,-0.01263845200025979,2.9560061102302893e-06,0.024209444606813485,-0.01406359824630414,0.01257263634637383,0.023586274791696393,0.005976251704923774,6.45771823237903e-06,0.02857919054275393,0.012147631220220695,502.559357,36.396294,579.952454,161.804565,89.981094,161.774353
35.988854272,115.11603199999598,8.686887331210608,1,-4.863385,-80.832832,92.334892,-0.008028,78.361954,-4.96821,-0.08488208104210443,-1.410799062111433,1.611547879873372,-0.00014011503235010478,1.3676741055963406,-0.08671162243050748,-0.08593976137323223,-1.4088148413336274,1.612050617808864,-0.00014071426205995626,1.365046189937107,-0.08774878433850519,-0.12036909183789352,0.2258133751137219,0.05721686611175514,-6.357696743040724e-05,-0.281770246422095,-0.11981750875042974,0.010138559248031753,-0.018732172006420522,-0.00467928685423491,3.6875514040512103e-06,0.01587291995476292,0.0038194818311849676,-0.06661192673107892,0.1224900830117246,0.028633386039487913,-3.9367361172904976e-05,-0.1551087312317651,-0.06707745201766933,0.011735698610165005,0.02201622895647959,0.00557852607497944,6.2133721370998115e-06,0.02759672725351381,0.011730096103266086,510.680664,43.109535,566.851929,161.662231,89.981079,161.635086
36.09943808,110.58380800000123,9.042915215941822,1,-5.535895,-79.571198,92.654564,-0.008385,76.780518,-5.640404,-0.0966195947946915,-1.3887793948563267,1.6171272087998072,-0.00014634585777972454,1.3400728404867717,-0.09844362094265825,-0.09901574319589872,-1.3842841672214588,1.6182662405895898,-0.00014759833929532247,1.3345319977325623,-0.10085870117959461,-0.10289030423736908,0.19302336053207103,0.04890865032513636,-5.428876872712416e-05,-0.24063981989608774,-0.1031939455064251,0.0012960304622375296,-0.0026543841748510877,-0.0009822096092728244,-7.225029591956245e-07,-0.0029941112906873846,-0.0032007270280170197,-0.07770214738337997,0.14154535672081422,0.03345911410488923,-3.981802436001687e-05,-0.17217136381717846,-0.057077528907922,0.011737513752587067,0.02201966725510629,0.005579328926435201,6.230825429619756e-06,0.02760126510956895,0.011731998512150774,518.361755,49.984138,553.571411,161.549866,89.981064,161.526016
36.278606592,179.16851200000394,5.5813378636530615,1,-6.617027,-77.542976,93.16848,-0.008959,74.238167,-6.721044,-0.11548890784336283,-1.3533802429949424,1.6260967350784865,-0.000156364047686172,1.2957004447954013,-0.11730434697140976,-0.11299313521734272,-1.3580623870816093,1.6249103923993395,-0.00015501349528879553,1.3016634054025176,-0.11488955845379137,-0.10219831638821542,0.1917256737387385,0.04858010491108189,-5.452376408967294e-05,-0.24163094385632178,-0.10294526139014548,0.0006756145553733495,-0.0012631161437666183,-0.00025692578437208624,-9.002219309834866e-07,-0.004084584828561999,0.00034219542238911327,-0.016945787291462924,0.030878922677503508,0.007221120830807174,-1.9664090662803798e-07,0.0007157923556646763,0.010385801731075445,0.01886931304867133,0.035399151861384315,0.008969526278679307,1.0018189906447458e-05,0.044372395691370414,0.01886072602875151,529.770142,61.336575,531.87262,161.436722,89.981041,161.418594
36.389864704,111.25811199999447,8.988108660337952,1,-7.265952,-76.325584,93.476952,-0.009303,72.712151,-7.393711,-0.12681478569186702,-1.3321327443075037,1.6314805871286984,-0.00016236798031303248,1.2690664411572876,-0.12904460089092246,-0.12603446976102964,-1.3335966234265404,1.63110961573397,-0.0001619873323142643,1.2707604560670556,-0.12804498517068114,-0.11942225705622944,0.22403856388335086,0.05676784659187195,-6.374504597057862e-05,-0.2825146759705657,-0.12008892254229753,-0.001373502695819151,0.0025818110549433726,0.0005744179375870573,-1.2079914486194687e-06,-0.00533848410623472,0.0011312337708073716,-0.005715605587830117,0.011776718882474495,0.0039113243770751045,5.206746230443958e-06,0.022369670601284752,0.01138473465025032,0.011325877848504196,0.021247498687438693,0.005383852050211857,6.003932626860481e-06,0.026634003638113635,0.011740253919512694,536.278564,68.568047,518.16394,161.41098,89.981026,161.39682
36.503837952,113.97324800000064,8.773988787263432,1,-7.963211,-75.017509,93.808395,-0.009673,71.072464,-8.066645,-0.13898425098103018,-1.3093025286944788,1.6372653587613861,-0.00016882569854541148,1.2404485043051392,-0.14078951483953797,-0.13990289422839827,-1.3075791340756373,1.637702055100201,-0.00016937672392354126,1.2380061013543182,-0.14194749924277794,-0.1187711068765197,0.22281786181517127,0.056458767987156655,-6.319412286606284e-05,-0.2801322533005388,-0.11872561930523695,-0.0026570601121073123,0.004891791141656943,0.0009632501422978668,1.4701630151106853e-07,0.0009327345760674621,0.0017095048984514527,-0.022937352796025226,0.04662724107295383,0.014643251390376718,-1.191984945401671e-05,-0.0569828536187559,-0.03568093369684504,0.012169465289163156,0.022830215613024896,0.005784771632687757,6.457718232379003e-06,0.028617936852148418,0.011744913948615515,542.329041,75.91169,504.306671,161.421417,89.981018,161.411102
36.618989056,115.15110399999884,8.684241533628805,1,-8.636738,-73.753952,94.128563,-0.010043,69.431984,-8.763945,-0.15073951473211,-1.2872492987578568,1.6428533445209113,-0.0001752834167777905,1.2118167269920226,-0.15295969571369444,-0.15324093142048756,-1.2825565522115405,1.6440424190558944,-0.00017646276068663822,1.2065925118973997,-0.15524020857197457,-0.1015734206000633,0.19055514061162793,0.048283914653944215,-5.392728502799009e-05,-0.23901548476765067,-0.10106316651716502,-0.0036609097622851694,0.006838544925560519,0.0017910279361628978,-1.7537545971476882e-07,-0.0005807106977071541,-0.0008607234595787161,-0.03818853096345379,0.07448772738941747,0.02168043661087419,-2.418992718678732e-05,-0.11061058583130123,-0.059872017878991234,0.011755263751079825,0.022053229936622065,0.005587985759525127,6.45771823237903e-06,0.028631777313116613,0.012170180874156472,548.108948,83.621117,489.807129,161.472015,89.98101,161.46344
36.799921152,180.93209600000648,5.526935364745701,1,-9.744057,-71.676582,94.654938,-0.010618,66.884506,-9.846778,-0.1700658771520011,-1.2509923524757023,1.6520403213710964,-0.00018531905997675791,1.1673548482699025,-0.17185869681294222,-0.1675655965898559,-1.2556829439559487,1.6508517928748385,-0.0001840566051511488,1.1729524823757553,-0.16943939952808956,-0.10542388735526598,0.1977795022443054,0.05000398517594995,-5.562870641181994e-05,-0.24646352909849423,-0.10478692342554918,-0.009964579282841557,0.019907198369955026,0.006149243451538833,-6.7835309908935676e-06,-0.031510206487140646,-0.01534461001796672,-0.0570941916325437,0.10296940260251311,0.026201876980813735,-3.411308195684665e-05,-0.14571206217680824,-0.060023455970701606,0.019326362419891108,0.03625694628215448,0.009186976850185102,1.0035643198967403e-05,0.04446187872212004,0.018899001099247775,556.08905,95.756775,467.03302,161.634399,89.981003,161.635468
36.90801152,108.09036799999916,9.251518137120302,1,-10.418663,-70.410988,94.975624,-0.010976,65.298012,-10.521132,-0.18183997300570998,-1.2289035701822173,1.6576373479361468,-0.00019156733869889761,1.1396653044067675,-0.18362839443693604,-0.1806561278096107,-1.2311245581708041,1.657055460150188,-0.00019095148680569403,1.142403009587045,-0.18246473106475397,-0.12258199231707856,0.22996942917746654,0.0583958731550176,-6.481220569385521e-05,-0.2871835228097268,-0.12225762955292185,-0.017242671720291147,0.03300688687317532,0.009307074167743429,-1.0808397700939193e-05,-0.04860254316525947,-0.022126126089511755,0.042556122818744595,-0.0918981070907445,-0.028338282954699444,2.80605941479494e-05,0.14023003276923418,0.07019342884786932,0.011774095853708866,0.022088782293484988,0.005597026565050456,6.2482787221397e-06,0.027689543863135047,0.011769697623993824,560.443359,103.391846,452.707306,161.789154,89.98101,161.788406
37.018470656,110.4591359999958,9.053121690179054,1,-11.069667,-69.189674,95.285088,-0.011322,63.767017,-11.171905,-0.19320213624936317,-1.207587619681515,1.6630385136525387,-0.000197606177910798,1.112944400825197,-0.19498652597001712,-0.19436289323278633,-1.2054099865026584,1.6636189835662596,-0.00019822618534983994,1.1101668522714256,-0.19616714230700044,-0.12071218273263051,0.2267021505633222,0.05785397103811096,-6.45233393690895e-05,-0.28626868750848367,-0.12184263872295575,-0.009216461980502633,0.014992485420590174,0.0033673332767198416,-3.913069822906925e-06,-0.014187485206115902,-0.00469441876103649,0.30670676979667777,-0.5963192919224098,-0.16306080206227294,0.00018453540701172992,0.8444515786129209,0.37322547762462255,0.01136216324365319,0.02131595050070234,0.005401165716391931,6.038839211900397e-06,0.026720903581570532,0.011358131533081073,564.19574,110.799538,438.7901,161.978943,89.981018,161.989212
37.130784256,112.31360000000024,8.903641233118677,1,-11.745352,-67.92205,95.606293,-0.01168,62.177948,-11.847362,-0.20499506420570104,-1.1854634072042145,1.668644598476407,-0.00020385445663293768,1.0852099147338232,-0.20677547457566045,-0.20753488146205917,-1.180644295495617,1.6699378891143541,-0.00020532053320461305,1.0786509798714667,-0.2095996948958494,-0.10392371512339665,0.1951458903500587,0.049672033238324254,-5.5628322889823985e-05,-0.24672271109808053,-0.10497198327598056,0.024888409967671776,-0.050875050632691765,-0.014526487592799897,1.64406234016899e-05,0.07841533714174326,0.036070991204892044,0.45511583472725303,-0.8709200597723035,-0.2315038920701872,0.00026173314242035247,1.179966913140949,0.5094873540053455,0.011792927956337879,0.022124212477300453,0.0056060848238681515,6.248278722139673e-06,0.027734486091373745,0.011788948605643335,567.622559,118.514992,424.258698,162.228577,89.981033,162.234375
37.316162048,185.37779200000415,5.39438942071323,1,-12.832663,-65.882187,96.134666,-0.01227,59.5639,-12.958507,-0.2239722211488531,-1.1498610815646055,1.677866447005047,-0.00021415189921970422,1.0395861703286504,-0.22616861329273286,-0.2227137789183053,-1.1522277305770179,1.6771298532341916,-0.00021332660781626134,1.0432814454163797,-0.22458381111424544,-0.10478780717922476,0.19535645623318576,0.04912694611662083,-5.448805366813016e-05,-0.23973955165584027,-0.10118672249217853,0.1344557407072613,-0.2585726515768816,-0.06888068845968848,7.810665850552516e-05,0.354207082263984,0.15342047982528606,0.6364840479125874,-1.1881181439778197,-0.3016454501637751,0.00033055670928503747,1.4501686974250116,0.6027749358806088,0.01897715694315205,0.03560232563960897,0.009221848528640164,1.0297442586766539e-05,0.045623744405172806,0.019393138717072406,572.222595,131.227707,400.189392,162.713425,89.981079,162.737091
37.427737088,111.57503999999818,8.962578010279147,1,-13.5344,-64.565674,96.456764,-0.01263,57.970375,-13.635864,-0.23621984228192053,-1.1268835950692973,1.6834881176191359,-0.00022043508452688384,1.0117739123658078,-0.23799072315416406,-0.2359437902030061,-1.1276058671669784,1.6833049486385767,-0.00022016497404740866,1.013245775950618,-0.23724076265456476,-0.09864591731142447,0.18297286460305529,0.04560568260271758,-5.041282867791633e-05,-0.2206262570063542,-0.09272236431418479,0.2166948809697335,-0.41156587050527266,-0.10703402844748228,0.00012008555262088644,0.5377236568034126,0.22977063862271194,0.48573723379133094,-0.8802961142076398,-0.2078133366417786,0.000231602991274294,0.9852243947527881,0.40813187952857777,0.012247621133067432,0.022977486495308286,0.005621670614088803,6.2831853071796155e-06,0.02781225796284259,0.011822109861431201,574.394714,138.966187,385.432495,163.091141,89.981117,163.106277
37.539379456,111.64236799999827,8.957172961433562,1,-14.147095,-63.448849,96.730804,-0.012925,56.711082,-14.149351,-0.2469133873424272,-1.1073913216507116,1.6882710179013012,-0.0002255838058202671,0.9897951032684909,-0.24695276197035218,-0.24473058050900148,-1.1113900804065415,1.6873085236720327,-0.00022457816372745145,0.9940403665101083,-0.2452782664904956,-0.0534443556976667,0.09801376445224719,0.02388957550994153,-2.6160600600211607e-05,-0.11306137950148276,-0.04697046994432641,0.2665237247183143,-0.49838715694001035,-0.12571609587201144,0.00013956274013868643,0.6148861628814678,0.2596815812684028,-0.07688560452741489,0.20748351578457047,0.09295425490247394,-8.227128273942906e-05,-0.4293111297951846,-0.16693026658670518,0.010693545060506682,0.019492273418585615,0.0047829002821653255,5.148721293383269e-06,0.021978809097316976,0.008962038816188123,575.670898,144.298874,375.716461,163.327911,89.98114,163.315491
37.655635712,116.25625599999978,8.601687637351764,1,-14.174181,-63.41087,96.737862,-0.012931,56.693707,-14.154307,-0.24738612722362238,-1.1067284630540968,1.6883942032399069,-0.00022568852557538674,0.9894918523109569,-0.247039260488081,-0.24788577093968264,-1.1057135349785518,1.6886366003841893,-0.00022600102262241065,0.9880346004564241,-0.24770959158722217,-0.01768790154767097,0.03171333341021709,0.007517919664549844,-7.899376889913877e-06,-0.033183402437842346,-0.01320371897882755,0.21908275147743922,-0.40251616584721805,-0.09718919253082978,0.00011009437378690457,0.477663798367669,0.20350598297772896,-0.41469858106648017,0.8488427107730614,0.2644007211602009,-0.00025654575595456734,-1.1982665176378795,-0.4708988470089831,0.0004727398811951722,0.000662858596614857,0.00012318533860566916,1.0471975511963812e-07,0.0003032509575339182,8.649851772882244e-05,575.678345,144.320847,375.692596,163.328262,89.98114,163.315491
37.84009856,184.46284800000257,5.421145834200641,1,-14.174181,-63.408573,96.740402,-0.012932,56.687305,-14.154305,-0.24738612722362238,-1.1066883728411783,1.6884385346029074,-0.00022570597886790672,0.9893801163322442,-0.247039225581496,-0.24838204866361388,-1.1048727832823728,1.688880210947855,-0.0002261880221851243,0.9873212503156581,-0.24788864491518425,0.004105853917296232,-0.007209176786661331,-0.0012266536787475246,1.9954264114344523e-06,0.008215980257152644,0.0041716710646055866,0.07923333621712975,-0.12646846096638292,-0.016542617715447266,3.193147819836389e-05,0.12230269275540463,0.06535943016634668,-0.632271675924124,1.2635094417884731,0.38028910872364013,-0.0003526393933001018,-1.6076792274693676,-0.6031180376304032,0.0,4.009021291850878e-05,4.433136300052709e-05,1.745329251997131e-08,0.00011173597871272367,3.490658501137389e-08,575.678345,144.320847,375.617035,163.328262,89.98114,163.315491
37.9544192,114.32063999999542,8.747326816925098,1,-14.174181,-63.396103,96.753601,-0.012936,56.659557,-14.154298,-0.24738612722362238,-1.1064707302834547,1.6886689006108782,-0.00022577579203798647,0.9888958223714007,-0.24703910340844837,-0.24743115006945066,-1.1065306349700388,1.688559502542255,-0.00022574670321712004,0.9891165990417962,-0.247047401202378,0.004336124862707624,-0.00459561528395902,0.0015708802425891122,1.0584079386103708e-06,0.001649889735224619,0.003697354271941622,0.01825556772226392,-0.0028803828352803023,0.02198708995321272,-2.1282941412696955e-06,-0.03370030300343031,0.009040876246764962,-0.5587150126063712,1.1233657016826888,0.34224268657232315,-0.00030677480150075227,-1.3924545472581444,-0.5054248980067805,0.0,0.0002176425577236074,0.00023036600797077256,6.981317007974971e-08,0.00048429396084348486,1.2217304762307535e-07,575.678345,144.320847,375.358917,163.328262,89.98114,163.315491
38.06748288,113.06368000000333,8.844573252878117,1,-14.174181,-63.367241,96.783638,-0.012945,56.596901,-14.15428,-0.24738612722362238,-1.105966993354744,1.6891931451582995,-0.00022593287167066596,0.9878022688752712,-0.247038789249183,-0.24738612722362252,-1.105942520514195,1.6892264634937213,-0.00022594035165317465,0.9877315473028718,-0.24703877096478147,0.00020001801962798993,0.00874711722528776,0.009207294432955315,-2.7598475740003153e-06,-0.019038917078789908,4.1904065760656195e-05,-0.021738797214386905,0.0801743385281948,0.049187175872535384,-2.345753874772553e-05,-0.13054831243017648,-0.02143327007317529,-0.19032281239102722,0.39649181435307695,0.12456936271573947,-0.00010275047076480899,-0.45821219929130896,-0.14919794529694164,0.0,0.0005037369287106408,0.000524244547421393,1.5707963267949784e-07,0.0010935534961294957,3.141592653799208e-07,575.678345,144.320847,374.764648,163.328262,89.98114,163.315491
38.181589504,114.10662400000149,8.763733120348798,1,-14.174181,-63.311638,96.840759,-0.012962,56.478882,-14.154247,-0.24738612722362238,-1.1049965379307578,1.6901900946803314,-0.000226229577643505,0.98574244874536,-0.24703821329052983,-0.24738612722362252,-1.1045361200740824,1.6906580590082507,-0.00022637585285700563,0.9847772966289728,-0.2470379539844697,1.1102230246251565e-16,0.012169297408769264,0.012295601586787441,-3.7511322230156024e-06,-0.025297005780010817,6.99004445647855e-06,-0.01909015726105205,0.0760217594766256,0.04804185367164483,-2.1607728922418788e-05,-0.12056655829890428,-0.015935869143573096,0.01587856092935825,-0.029210530104018667,-0.016102522728652355,1.3264558633541674e-05,0.08018877477383607,0.03491610029596727,0.0,0.0009704554239862162,0.000996949522031887,2.9670597283902437e-07,0.0020598201299112384,5.75958653159514e-07,575.678345,144.320847,373.749481,163.328262,89.98114,163.315491
38.361345536,179.75603200000023,5.56309565177762,1,-14.174181,-63.153595,96.999855,-0.013011,56.1507,-14.154157,-0.24738612722362238,-1.1022381672210284,1.6929668437070842,-0.00022708478897698223,0.98001459229958,-0.24703664249420304,-0.24738612722362252,-1.1023927967438825,1.6927973265257126,-0.00022703159799025493,0.9803980037363313,-0.24703674555174,0.0,0.017584133179636474,0.017375366453034502,-5.380554056053132e-06,-0.03583082680223715,9.85327169744643e-06,0.0003934303836745361,0.03581097918954834,0.032479692083188155,-1.0741836501795336e-05,-0.06668010620073997,0.0007005988782981125,0.06619970934773053,-0.1811996845832928,-0.09917200827409645,5.089677240847373e-05,0.2819113545066186,0.060322743412179754,0.0,0.0027583707097293964,0.002776749026752734,8.552113334772389e-07,0.00572785644578,1.5707963267885816e-06,575.678345,144.320847,370.899078,163.328262,89.98114,163.315491
38.479301632,117.95609600000034,8.477730561716768,1,-14.174181,-62.999641,97.150093,-0.013058,55.842857,-14.154072,-0.24738612722362238,-1.0995511630244128,1.6955889914686955,-0.00022790509372541955,0.9746417183703632,-0.24703515896433884,-0.24738612722362252,-1.099880492525409,1.6952705927154736,-0.00022780037397030005,0.9752838515976658,-0.24703534097724672,0.0,0.02466751982024462,0.02382571744061579,-7.533543606991341e-06,-0.04931784725452726,1.360427323482405e-05,0.001600180253796423,0.025776490153327183,0.022839321221598638,-7.871213021209961e-06,-0.046619050250915145,0.001452167689188935,0.05087704818610579,-0.182397034907766,-0.1204227425691074,5.058195666069964e-05,0.2972117136155851,0.04149542353202909,0.0,0.0026870041966156055,0.002622147761611293,8.203047484373234e-07,0.005372873929216815,1.4835298642046357e-06,575.678345,144.320847,368.325714,163.328262,89.98114,163.315491
38.592071424,112.7697919999946,8.867622988965413,1,-14.174181,-62.843075,97.298775,-0.013105,55.537586,-14.153988,-0.24738612722362238,-1.0968185708277356,1.6981839819071458,-0.0002287253984738569,0.9693137343095074,-0.24703369288776716,-0.24738612722362252,-1.0967355372041272,1.6982655428053106,-0.0002287594739497293,0.9690795759504056,-0.24703362390570643,2.220446049250313e-16,0.02851224513882311,0.026705569334438906,-8.689395515017314e-06,-0.05550377714025423,1.5427487633834502e-05,8.425251753997178e-05,0.013496710240828935,0.007953154760025949,-4.239958398731333e-06,-0.018762899388646087,2.1506817616749472e-05,0.0007998076731389083,-0.09026875711420171,-0.09233701068971294,2.580364376053176e-05,0.1786194549860923,-0.0014444918507789972,0.0,0.002732592196677208,0.002594990438450351,8.203047484373505e-07,0.005327984060855773,1.4660765716711932e-06,575.678345,144.320847,365.805725,163.328262,89.98114,163.315491
38.70428544,112.21401600000291,8.911542743465969,1,-14.174181,-62.685017,97.445572,-0.013154,55.221828,-14.1539,-0.24738612722362238,-1.0940599383186183,1.7007460728891959,-0.0002295806098073341,0.9638027175699952,-0.24703215699802542,-0.24738612722362252,-1.0934663909021465,1.7012787498702333,-0.0002297551427325337,0.9627969400063857,-0.24703187026536275,1.1102230246251565e-16,0.025147194505421133,0.023033226885364577,-7.676984920653525e-06,-0.048152288074067684,1.3455408854556872e-05,-1.7899609474100672e-16,0.005782093678922087,0.000382063251062284,-1.9828067996750883e-06,-0.0037313661095959433,2.1348579712134165e-06,-0.012620662408977912,-0.039125700732170345,-0.05608950583571803,1.174627226698387e-05,0.09155847631537649,-0.011076126918253007,0.0,0.0027586325091173425,0.0025620909820500692,8.552113334772118e-07,0.005511016739512153,1.5358897417494521e-06,575.678345,144.320847,363.195709,163.328262,89.98114,163.315491
38.889293824,185.00838399999964,5.405160449377267,1,-14.174181,-62.422138,97.682648,-0.013234,54.732712,-14.153762,-0.24738612722362238,-1.0894718342342682,1.704883829666654,-0.00023097687320892957,0.9552660329458106,-0.24702974844365766,-0.24738612722362252,-1.0900297619740356,1.7043751692472355,-0.00023081065137540643,0.9562784460850156,-0.24703004348741234,-2.220446049250313e-16,0.02415946581095696,0.021498122659371788,-7.4466330924171775e-06,-0.04548714311330215,1.2919170778280531e-05,-7.553231853057937e-16,0.0009135280646218047,-0.004314292564660566,-6.205905527640636e-07,0.003963872616545738,4.7076968407052094e-08,-4.8149185037644125e-05,-0.019474501277003436,-0.01695470013099023,5.580004681325305e-06,0.028157162856780233,0.00010682368343599187,0.0,0.004588104084350064,0.00413775677745809,1.396263401595455e-06,0.008536684624184665,2.4085543677554444e-06,575.678345,144.320847,359.145721,163.328262,89.98114,163.315491
39.006006016,116.71219200000138,8.56808515771847,1,-14.174181,-62.254364,97.829498,-0.013286,54.41806,-14.153673,-0.24738612722362238,-1.0865436255350271,1.7074468456732077,-0.0002318844444199666,0.9497743195478254,-0.24702819510062338,-0.24738612722362252,-1.0867989256491364,1.7072348388667506,-0.00023180798237654608,0.9502145904871699,-0.247028311455907,0.0,0.029123668012486448,0.025324590120876955,-9.006915734301527e-06,-0.0541324838023689,1.551024970325443e-05,-6.730336421672232e-16,-8.965436796744275e-05,-0.005228142713796499,-3.740096207593285e-07,0.0048468445488072665,-2.248960482316019e-07,0.0005917388895311263,-0.005970195512354183,-0.0027655476031986266,1.4882619956605424e-06,0.0009841118217816663,0.0005642856731970994,0.0,0.0029282086992410417,0.002563016006553731,9.075712110370444e-07,0.005491713397985154,1.5533430342828947e-06,575.678345,144.320847,356.445709,163.328262,89.98114,163.315491
39.11796608,111.96006400000158,8.931756237652614,1,-14.174181,-62.085014,97.974335,-0.013339,54.103855,-14.153583,-0.24738612722362238,-1.0835879104467747,1.7099747282019186,-0.00023280946892352363,0.9442904077715967,-0.2470266243042966,-0.24738612722362252,-1.0833834093872101,1.7101585404609754,-0.0002328659843469217,0.9439201170552759,-0.24702650296235829,0.0,0.02948797664837688,0.02479609869097299,-9.1589367047667e-06,-0.05411718857051184,1.5627080379054803e-05,1.0779207352419102e-16,0.00018257767336769815,-0.004454291662108881,-4.3742480269832383e-07,0.0032493507977054137,-1.7765233905227805e-07,3.634500748804164e-05,0.007777265402531651,0.00843543194328364,-2.7568744898185183e-06,-0.018478496394267206,1.1112026734087838e-05,0.0,0.002955715088252431,0.002527882528710945,9.250245035570157e-07,0.005483911776228756,1.5707963267885816e-06,575.678345,144.320847,353.92572,163.328262,89.98114,163.315491
39.233162752,115.19667199999617,8.680806334405505,1,-14.174181,-61.920017,98.112259,-0.01339,53.800911,-14.153492,-0.24738612722362238,-1.0807081695408618,1.712381956119439,-0.00023369958684204075,0.939003037522435,-0.24702503605467727,-0.24738612722362252,-1.0801072219283614,1.7128587867199587,-0.00023388658640475458,0.9379353198858906,-0.2470247651130888,-3.3306690738754696e-16,0.0250043901368735,0.020555256052090076,-7.816156457762552e-06,-0.04566036239673954,1.3273056484131018e-05,1.9325476447995268e-16,0.0006500300129445927,-0.003829938314650956,-5.751873474436809e-07,0.00233482384942052,-1.277765919743625e-07,3.487428716162591e-15,0.009957673202246612,0.009538850999266381,-3.360550576167062e-06,-0.01791829189237023,5.3982418952803834e-06,0.0,0.0028797409059129198,0.0024072279175204603,8.901179185171273e-07,0.005287370249161705,1.5882496193220241e-06,575.678345,144.320847,351.315735,163.328262,89.98114,163.315491
39.41194752,178.78476799999987,5.59331765891824,1,-14.174181,-61.651794,98.329979,-0.013474,53.314934,-14.153354,-0.24738612722362238,-1.076026795061285,1.7161818869668812,-0.00023516566341371596,0.9305211387834705,-0.2470226275003095,-0.24738612722362252,-1.0765900934284935,1.7157332268116003,-0.00023499445492518715,0.9315179436925076,-0.24702289511746164,0.0,0.02507680703481885,0.02019999805088446,-7.904777198736342e-06,-0.04541560340804729,1.327142614448995e-05,3.5773180685505776e-16,0.003129842647067893,-0.0019528040671153296,-1.491054814997e-06,-0.001461622407224139,1.4891154985388866e-06,1.308091087278589e-15,0.0017628563372601418,0.0013105501841732675,-6.409709137610626e-07,-0.0003729182086944921,1.935433109852094e-06,0.0,0.004681374479576839,0.0037999308474421234,1.4660765716752048e-06,0.008481898738964433,2.4085543677554444e-06,575.678345,144.320847,347.355713,163.328262,89.98114,163.315491
39.527703296,115.75577600000031,8.6388777696933,1,-14.174181,-61.476955,98.467712,-0.013529,53.002338,-14.153261,-0.24738612722362238,-1.0729752788503906,1.7185857813055307,-0.00023612559450231284,0.9250653093549063,-0.24702100434410518,-0.24738612722362252,-1.0732822648125246,1.718380450799017,-0.00023603749693054568,0.9255472404723867,-0.24702114812599132,0.0,0.029821477721682754,0.02336717419334633,-9.44065652434779e-06,-0.05323492262862839,1.5614495207261214e-05,1.0472171669587213e-15,0.0034527065915968963,-0.0017903620343269339,-1.5956333931027518e-06,-0.001573919971202875,1.7982375276781755e-06,-7.586103135750638e-17,1.3666096128992639e-06,-0.0005022366471806872,9.731007477417267e-08,0.0026748364190485605,8.904801514206508e-07,0.0,0.0030515162108943894,0.002403894338649515,9.59931088596877e-07,0.005455829428564263,1.623156204333398e-06,575.678345,144.320847,344.745728,163.328262,89.98114,163.315491
39.643881472,116.17817599999825,8.607468583428398,1,-14.174181,-61.306679,98.603432,-0.013585,52.69022,-14.153169,-0.24738612722362238,-1.0700034020132647,1.7209545421663373,-0.00023710297888342966,0.9196178226001666,-0.24701939864119332,-0.24738612722362252,-1.0696724260850088,1.7211532894571364,-0.00023718442758185622,0.91916955722174,-0.2470192731437092,0.0,0.03050432420975735,0.02308849954871306,-9.738784640080794e-06,-0.05361812903583463,1.603334277899826e-05,8.422245610001282e-16,0.0014460990997484519,-0.0034700619568603513,-8.586293705161702e-07,0.002229732470808543,7.415698043865341e-07,-2.025431857369921e-15,0.0013937683707718144,3.13514531981654e-05,3.66774230438212e-08,-0.00030264710902488446,-3.7171893317165815e-07,0.0,0.002971876837125853,0.002368760860806507,9.773843811168212e-07,0.0054474867547397166,1.6057029118554667e-06,575.678345,144.320847,342.135712,163.328262,89.98114,163.315491
39.760348416,116.46694400000257,8.586127236239477,1,-14.174181,-61.12265,98.737129,-0.013642,52.378578,-14.153075,-0.24738612722362238,-1.066791490044112,1.7232879950163762,-0.00023809781655706642,0.9141786436126664,-0.24701775803169645,-0.24738612722362252,-1.0661859106602205,1.7237514273060044,-0.00023830310052146782,0.9130739831736214,-0.24701741810804706,2.220446049250313e-16,0.02620364097253436,0.01943400470519485,-8.429629688062662e-06,-0.04575108553831919,1.3916404530300852e-05,3.8665953497426764e-17,0.0011231496750932352,-0.0036196259033197536,-7.090458616833029e-07,0.0025296233529050333,5.279860040471309e-07,-3.287302085708147e-15,0.002343589938051438,0.0003960391478328362,-2.0575898838453866e-07,-0.001852110167263536,-1.0042812338062016e-06,0.0,0.0032119119691527143,0.0023334528500389418,9.948376736367654e-07,0.005439178987500126,1.6406094968668405e-06,575.678345,144.320847,339.525726,163.328262,89.98114,163.315491
39.948058368,187.70995199999874,5.327368044929268,1,-14.174181,-60.831036,98.949524,-0.013736,51.874542,-14.152923,-0.24738612722362238,-1.0617018655992012,1.7269949870811496,-0.0002397384260539411,0.9053815558640843,-0.24701510513123343,-0.24738612722362252,-1.0623962847353479,1.7265299241553367,-0.00023952981765286955,0.9064786149786834,-0.24701541430384397,2.220446049250313e-16,0.026082829596725254,0.01876193302863527,-8.400522132194672e-06,-0.0448810444940424,1.3685655418260723e-05,-2.6659885610592983e-16,0.0041850533396732,-0.0015248465153260837,-1.638105276977186e-06,-0.0023896815903338142,1.5149235158124202e-06,-2.906509646403091e-15,0.0009927506828816077,2.526129901283397e-06,-2.4068387066518876e-07,7.615075859036985e-05,-9.442267235823587e-07,0.0,0.00508962444491079,0.003706992064773429,1.640609496874674e-06,0.008797087748582122,2.6529004630293507e-06,575.678345,144.320847,335.295715,163.328262,89.98114,163.315491
40.067588864,119.53049600000298,8.366065844819845,1,-14.174181,-60.655407,99.077927,-0.013794,51.56419,-14.152824,-0.24738612722362238,-1.0586365612872162,1.729236042200588,-0.00024075071702009783,0.8999648916239349,-0.24701337725527397,-0.24738612722362252,-1.0588299620527395,1.7290739518107379,-0.00024067591719501252,0.9003722140714384,-0.24701354929487182,0.0,0.031268767259788,0.021930661429965248,-1.0108968995060181e-05,-0.05322982723943204,1.6321007750619287e-05,-6.93167995878629e-16,0.004431559415612296,-0.0018069570318949707,-1.6826714687880238e-06,-0.0019494221976112946,1.2762631242525086e-06,-8.112196200754501e-16,-0.001041953206163685,-0.0008507234999674419,-2.7371491617225254e-08,0.002372201579296016,-5.147201724468686e-07,0.0,0.00306530431198504,0.0022410551194382844,1.0122909661567368e-06,0.005416664240149416,1.7278759594507864e-06,575.678345,144.320847,332.595734,163.328262,89.98114,163.315491
40.182732544,115.14367999999564,8.684801458491146,1,-14.174181,-60.465664,99.208641,-0.013856,51.243668,-14.152729,-0.24738612722362238,-1.0553249212046045,1.7315174318790398,-0.0002418328211563343,0.8943707273988576,-0.24701171919248457,-0.24738612722362252,-1.0550706516658648,1.731670910315697,-0.00024189764767140853,0.8940054083775775,-0.24701159037056375,-2.220446049250313e-16,0.03214635393582732,0.021723788017475876,-1.0463634239621161e-05,-0.05382392393178037,1.6651291127489642e-05,-7.809253499528941e-16,0.0020063405269972467,-0.003444410470561682,-1.002850711756988e-06,0.0020653196837874532,4.048170002524359e-07,1.7601203399721517e-15,-0.0031560159415816337,-0.0014457748563282795,9.17439345054752e-08,0.0031130451775951916,9.68129764739346e-07,0.0,0.0033116400826116443,0.0022813896784519283,1.0821041362364594e-06,0.005594164225077303,1.658062789400283e-06,575.678345,144.320847,329.985718,163.328262,89.98114,163.315491
40.296216832,113.48428800000221,8.81179251880208,1,-14.174181,-60.280712,99.328682,-0.013914,50.945007,-14.152636,-0.24738612722362238,-1.0520968998464562,1.7336125425664262,-0.000242845112122491,0.8891581096015587,-0.24701009603628019,-0.24738612722362252,-1.0514787507675138,1.7340433529901162,-0.00024306868048857997,0.8880617145431857,-0.24700974115266577,1.1102230246251565e-16,0.027699411163170762,0.018164257492800484,-9.036910210934428e-06,-0.04566421098266371,1.4225371743448179e-05,-2.0356528574691572e-16,0.0008235495528303716,-0.003798528327718362,-7.552051897794017e-07,0.003185206121161549,3.236488589391026e-07,2.510546815018133e-15,-0.0032182627789079862,-0.0008501466054448232,3.573524572960431e-08,0.0015149668521951545,1.5466650609287253e-06,0.0,0.0032280213581483697,0.0020951106873863257,1.0122909661567096e-06,0.0052126177972988685,1.6231562043889092e-06,575.678345,144.320847,327.465729,163.328262,89.98114,163.315491
40.479280128,183.06329600000026,5.462591474371785,1,-14.174181,-59.984264,99.521805,-0.014012,50.45541,-14.152482,-0.24738612722362238,-1.0469229061855039,1.7369831747777553,-0.00024455553478944545,0.8806130299436722,-0.24700740822923212,-0.24738612722362252,-1.047574943740757,1.7365590747294868,-0.0002443444330608711,0.8816838659018146,-0.24700774815288185,-2.220446049250313e-16,0.0274527957020112,0.017527089632695336,-9.023289970191018e-06,-0.04480841007508474,1.4194900511688147e-05,3.394283232078945e-16,0.0032106069369379764,-0.001987009136863685,-1.6926686913255342e-06,-0.001552334117695564,1.9744082912179244e-06,3.1564533909386964e-15,-0.0027787691521021073,-7.792110444472186e-05,3.4183711383558456e-07,0.0007297736941603156,-2.078582406983561e-07,0.0,0.005173993660952281,0.003370632211329161,1.7104226669544507e-06,0.008545079657886534,2.68780704806848e-06,575.678345,144.320847,323.325714,163.328262,89.98114,163.315491
40.593841664,114.56153600000363,8.728933243352886,1,-14.174181,-59.801979,99.636871,-0.014073,50.158043,-14.152387,-0.24738612722362238,-1.0437414327585062,1.738991455334855,-0.000245620185633162,0.8754229967068942,-0.24700575016644272,-0.24738612722362252,-1.0439905826647746,1.738838343417343,-0.0002455254391880539,0.8758358510170173,-0.24700588480612806,0.0,0.032340823073030656,0.02026344196542862,-1.0743666213720166e-05,-0.0525836799746493,1.6827433559907234e-05,4.623273618698231e-16,0.003007232197917875,-0.0020649786707704204,-1.6881121220387328e-06,-0.0014816909348690788,1.9415834601408386e-06,1.8200616574942503e-15,-0.0005539233654359692,0.00040342121180738863,-9.559811320579578e-08,-0.0009019265195166987,-2.974063665270217e-07,0.0,0.003181473426997705,0.002008280557099784,1.0646508437165423e-06,0.005190033236778024,1.658062789400283e-06,575.678345,144.320847,320.715729,163.328262,89.98114,163.315491
40.707984384,114.1427199999967,8.760961715298434,1,-14.174181,-59.611725,99.754059,-0.014136,49.85059,-14.152288,-0.24738612722362238,-1.0404208740434167,1.741036771778682,-0.0002467197430619184,0.87005692956176,-0.24700402229048327,-0.24738612722362252,-1.0401793404215613,1.7411931025820029,-0.000246801191760345,0.869659039372201,-0.24700390011743578,0.0,0.03318549786781588,0.02009413198875265,-1.113794641079309e-05,-0.05332751211694786,1.7262706903720115e-05,6.827535719232815e-16,0.0006998675431761914,-0.003504750885699917,-9.086083383263199e-07,0.002355030853216672,4.985495275929529e-07,-1.4675680629152123e-15,0.0059401595887829655,0.0023214415041163793,-2.0396480767655825e-06,-0.007734118906061942,2.2251082149146487e-06,0.0,0.0033205587150895166,0.0020453164438269944,1.0995574287564307e-06,0.005366067145134212,1.7278759594507864e-06,575.678345,144.320847,318.195709,163.328262,89.98114,163.315491
40.819848704,111.86432000000224,8.939400874201711,1,-14.174181,-59.426632,99.865288,-0.014198,49.554256,-14.152192,-0.24738612722362238,-1.0371903917710228,1.742978084052383,-0.0002478018471981549,0.8648849255761553,-0.24700234677440133,-0.24738612722362252,-1.0364895032811168,1.7433821759785526,-0.0002480428688567638,0.8637799060979499,-0.2470019827485861,1.1102230246251565e-16,0.02876884393953727,0.016971721730749678,-9.6945837348611e-06,-0.04574225372145557,1.4939130803193201e-05,5.470570765186485e-16,0.0008502649361987608,-0.003500462331755487,-9.019028541933007e-07,0.0024408199411589393,4.0409702586543535e-07,-2.701054344518281e-15,0.00906619173518751,0.0033654481416734907,-3.024642051090945e-06,-0.01106949437537643,3.8028366980284664e-06,0.0,0.003230482272393864,0.0019413122737008681,1.0821041362364865e-06,0.0051720039856046895,1.6755160819337256e-06,575.678345,144.320847,315.585724,163.328262,89.98114,163.315491
41.003429888,183.58118399999768,5.4471813407631835,1,-14.174181,-59.119576,100.043922,-0.014302,49.06855,-14.152033,-0.24738612722362238,-1.0318312535830192,1.7460958355083904,-0.000249616989620229,0.8564077566794637,-0.24699957170089065,-0.24738612722362252,-1.0324782920166293,1.7457153653669852,-0.0002493992390183137,0.8574352868633184,-0.24699990331344873,2.220446049250313e-16,0.02810988838767159,0.016119786166116867,-9.550268182811992e-06,-0.04423459594899182,1.4580183001600133e-05,-2.9012800644676193e-16,0.00539631096214413,-0.0011165118619680114,-2.443225198750771e-06,-0.004336551515902454,2.826504817756651e-06,-2.3360864306124475e-15,0.009377971479162098,0.003356590377263719,-2.814221344842749e-06,-0.00938462448884522,3.680989945159821e-06,0.0,0.005359138188003598,0.003117751456007456,1.8151424220740888e-06,0.00847716889669159,2.7750735106801816e-06,575.678345,144.320847,311.535736,163.328262,89.98114,163.315491
41.119523584,116.09369600000008,8.613732135808643,1,-14.174181,-58.924114,100.153923,-0.014369,48.763073,-14.151931,-0.24738612722362238,-1.0284197981204861,1.7480157151388769,-0.0002507863602190652,0.8510761772403489,-0.24699779146505363,-0.24738612722362252,-1.0287553218781085,1.747837153827543,-0.0002506666804989286,0.8515896830262162,-0.24699797181574318,0.0,0.03372272873915971,0.018842483438977098,-1.154059896053437e-05,-0.05262063305218545,1.7535208762797794e-05,-6.539798037118954e-16,0.0059574540463172565,-0.0011204303496248624,-2.6389034596863874e-06,-0.0045725229778636745,2.9999814026913213e-06,-8.868501273937939e-16,-0.023714480215257197,-0.012520905916857757,9.23246971118812e-06,0.04152139426904386,-1.4598676230608778e-05,0.0,0.003411455462533075,0.001919879630486454,1.1693705988362075e-06,0.005331579439114775,1.7802358370233584e-06,575.678345,144.320847,308.835724,163.328262,89.98114,163.315491
41.231965184,112.44160000000392,8.893505606465624,1,-14.174181,-58.734013,100.258209,-0.014434,48.468678,-14.151833,-0.24738612722362238,-1.0251019097591523,1.7498358492026114,-0.00025192082423286153,0.8459380151889401,-0.24699608104238668,-0.24738612722362252,-1.0247833497707513,1.7500174689956842,-0.0002520321928613223,0.8454259214575497,-0.24699590235391583,0.0,0.0349650878847525,0.018803892868263894,-1.2060011911958117e-05,-0.05378119280885496,1.8168245355276724e-05,-3.952774049381553e-16,0.0002108836867863173,-0.004270206966354856,-4.7474226052359624e-07,0.005292466858524941,-4.453372820732151e-07,2.0739633099846477e-15,-0.09346729200604978,-0.04534377048056933,3.4156333956826687e-05,0.1450148612039608,-5.1953217234088826e-05,0.0,0.003317888361333843,0.001820134063734491,1.134464013796319e-06,0.005138162051408823,1.7104226669450995e-06,575.678345,144.320847,306.315735,163.328262,89.98114,163.315491
41.34243456,110.46937599999751,9.052282507688126,1,-14.174181,-58.542572,100.360603,-0.0145,48.174828,-14.151733,-0.24738612722362238,-1.0217606339858418,1.7516229616368986,-0.0002530727415391778,0.8408093651819548,-0.2469943357131347,-0.24738612722362252,-1.0209598137607307,1.7520310420559637,-0.00025335531865616756,0.8395972132387162,-0.24699392098966022,-1.1102230246251565e-16,0.0297690641686863,0.015585194226937826,-1.0296909868830477e-05,-0.0452102285900815,1.5382924476448068e-05,1.279023212229838e-16,-0.009778068109721927,-0.008922621124766387,3.205186448968004e-06,0.02052972061492267,-5.965727876028945e-06,2.7338622526269887e-15,-0.11858842919687762,-0.056000744754425055,4.284475446187797e-05,0.1785667667535038,-6.395983548135569e-05,0.0,0.003341275773310448,0.001787112434287197,1.1519173063162633e-06,0.005128650006985258,1.745329251984229e-06,575.678345,144.320847,303.885712,163.328262,89.98114,163.315491
41.5252032,182.76863999999904,5.471398156707876,1,-14.174181,-58.232197,100.521133,-0.014608,47.704281,-14.151572,-0.24738612722362238,-1.0163435683199644,1.7544247386851253,-0.00025495769713133166,0.8325967707465731,-0.24699152573303898,-0.24738612722362252,-1.016983315432847,1.7540805514455413,-0.0002547291421102373,0.8336180867271814,-0.24699188144776288,0.0,0.027050555436315626,0.013718591501014288,-9.342127055190228e-06,-0.04022387134069394,1.3781940010781923e-05,3.8615669653685443e-16,-0.03606544517125737,-0.02096950411330352,1.2647415373616365e-05,0.05921955905107534,-1.9957295488201723e-05,1.4141044150118237e-16,-0.12375487592124987,-0.05400609685731779,4.389115290755594e-05,0.17401030583958538,-6.174020559226679e-05,0.0,0.0054170656658774075,0.0028017770482267057,1.8849555921538657e-06,0.008212594435381693,2.809980095719311e-06,575.678345,144.320847,299.76593,163.328262,89.98114,163.315491
41.639017472,113.81427199999905,8.786244312136956,1,-14.174181,-58.054642,100.609146,-0.014669,47.446026,-14.151484,-0.24738612722362238,-1.0132446489665858,1.7559608553196828,-0.0002560223479750482,0.8280893706868352,-0.24698998984329723,-0.24738612722362252,-1.0135293969407217,1.7558194578858886,-0.0002559217837657668,0.8285077884417263,-0.24699012697631004,2.220446049250313e-16,0.0264557245463779,0.013164527506169144,-9.107628432658728e-06,-0.038751052562975286,1.3296201248014228e-05,3.716547489651194e-16,-0.050664784667619936,-0.027418179296121302,1.7771007340938102e-05,0.07961520048796555,-2.7117718345215375e-05,-8.818916559441969e-16,-0.09151309812147015,-0.035711312160420255,3.2019113745992015e-05,0.11884696343922352,-4.2635230774670004e-05,0.0,0.003098919353378582,0.0015361166345575494,1.0646508437165423e-06,0.0045074000597379316,1.5358897417494521e-06,575.678345,144.320847,297.725647,163.328262,89.98114,163.315491
41.752773632,113.75616000000122,8.790732739220358,1,-14.174181,-57.930962,100.668983,-0.014711,47.269417,-14.151423,-0.24738612722362238,-1.0110860257477192,1.7570052079841987,-0.0002567553862608858,0.8250069621481804,-0.2469889251924535,-0.24738612722362252,-1.0109623226281028,1.7570766542837941,-0.0002568019283742725,0.8247987784438939,-0.24698885537928358,0.0,0.016893450737065052,0.008153767971387005,-5.75796153294496e-06,-0.024048887733435276,8.23462542443032e-06,-1.0368199210435613e-16,-0.056647210416955515,-0.028980153369822476,1.9748048668115007e-05,0.08536434417752532,-2.9055518119523124e-05,-1.2563166626891922e-15,0.009339777239640301,0.013585847517885413,-3.9835304898579665e-06,-0.033606324385847375,9.69896681409287e-06,0.0,0.0021586232188666177,0.0010443526645158574,7.330382858376024e-07,0.003082408538654824,1.0646508437350821e-06,575.678345,144.320847,296.288666,163.328262,89.98114,163.315491
41.869764096,116.99046399999702,8.547705221512972,1,-14.174181,-57.854736,100.705246,-0.014737,47.162235,-14.151386,-0.24738612722362238,-1.009755631072094,1.7576381167308495,-0.00025720917186640435,0.8231362833493079,-0.24698827942063029,-0.24738612722362252,-1.009668508391381,1.7576819003929098,-0.0002572374295781035,0.823014721166907,-0.24698824617626375,1.1102230246251565e-16,0.008403663276781437,0.003928805348323738,-2.8220794289188266e-06,-0.011572872338504014,3.953146830326659e-06,-2.6474874916266245e-16,-0.04893346168723681,-0.0243454510537434,1.696383498043032e-05,0.07198743260905799,-2.458882392078341e-05,-1.3194259603141545e-15,0.07118772290245146,0.04135838168116479,-2.571776255327008e-05,-0.12062619176084043,3.896391003067488e-05,0.0,0.001330394675625124,0.0006329087466507843,4.537856055185493e-07,0.0018706787988724827,6.457718232100174e-07,575.678345,144.320847,295.42923,163.328262,89.98114,163.315491
42.047904768,178.14067200000494,5.613541190638218,1,-14.174181,-57.797626,100.731956,-0.014756,47.084106,-14.15136,-0.24738612722362238,-1.0087588735362802,1.758104294174057,-0.0002575407844242833,0.8217726750580172,-0.24698782563502475,-0.24738612722362252,-1.0088917828521478,1.758044161763563,-0.00025749590452923217,0.8219504468156433,-0.24698788215044834,0.0,0.0034973604745474063,0.0016183702178942383,-1.1469986736199755e-06,-0.004719091552278343,1.6941109874935023e-06,6.331630526087836e-17,-0.028831594017289894,-0.013690162705637115,9.839770529788339e-06,0.040494177012138644,-1.4517710501073296e-05,-1.175245911167538e-15,0.11763379938534102,0.059939133896094,-4.163602070809763e-05,-0.1786640810214326,5.622479374904396e-05,0.0,0.0009967575358138525,0.0004661774432075383,3.316125578789399e-07,0.0013636082912906744,4.5378560553643865e-07,575.678345,144.320847,294.824127,163.328262,89.98114,163.315491
42.16010496,112.20019199999598,8.912640719902118,1,-14.174181,-57.787983,100.736343,-0.014759,47.071861,-14.151356,-0.24738612722362238,-1.0085905714365102,1.7581808617683423,-0.00025759314430184307,0.8215589594911105,-0.24698775582185467,-0.24738612722362252,-1.0085603523071764,1.7581964018475595,-0.00025760311761185463,0.8215096705619256,-0.24698771675972395,0.0,0.0018034400535542616,0.0008230422767274703,-5.654183722304199e-07,-0.0023626254352722142,8.05990128860401e-07,-4.094147632069236e-16,-0.016664286866029297,-0.007602332444409638,5.538736738620267e-06,0.022277971278775444,-8.890235829184668e-06,-6.422836781731338e-16,0.11790209549011622,0.058091727793533096,-4.128138129541758e-05,-0.17268202741518401,5.532464150384736e-05,0.0,0.00016830209977003463,7.656759428531501e-05,5.23598775597784e-08,0.00021371556690674698,6.981317007825893e-08,575.678345,144.320847,294.739197,163.328262,89.98114,163.315491
42.274773504,114.66854400000415,8.720787455014374,1,-14.174181,-57.786766,100.736855,-0.014759,47.070606,-14.151355,-0.24738612722362238,-1.0085693307795136,1.7581897978541126,-0.00025759314430184307,0.8215370556089979,-0.24698773836856217,-0.24738612722362252,-1.0084883807465885,1.7582282200309325,-0.0002576222331227098,0.8214222561618939,-0.24698770263086814,2.220446049250313e-16,8.483707050732647e-05,3.07861180690594e-05,-9.300366045870978e-10,-6.371019113204923e-05,-3.047740384509723e-07,-7.135376042680937e-16,-0.004052172409762713,-0.0017114582422152766,1.1467064934166999e-06,0.004664716561489327,-3.3856702568227715e-06,6.288610986452449e-16,0.06461446220219826,0.030301566355450796,-2.1734358010540107e-05,-0.08700120713783574,3.15132373625416e-05,0.0,2.1240656996601714e-05,8.936085770239188e-06,0.0,2.1903882112539463e-05,1.7453292505686946e-08,575.678345,144.320847,294.73291,163.328262,89.98114,163.315491
42.390085376,115.31187199999948,8.672133949919784,1,-14.174181,-57.786766,100.736862,-0.014759,47.070606,-14.151355,-0.24738612722362238,-1.0085693307795136,1.75818992002716,-0.00025759314430184307,0.8215370556089979,-0.24698773836856217,-0.24738612722362252,-1.0085415418133858,1.7582031637517472,-0.00025760311761185463,0.8214959198607472,-0.2469877874040032,-2.220446049250313e-16,-0.000273319215495782,-0.00012848782227115052,9.642117152874451e-08,0.00037676828150789987,-6.23042552438946e-07,-3.1515020832941355e-16,-0.0013592078121198873,-0.0005831539162709449,3.191951822048227e-07,0.001745142601005026,-2.0326536178352624e-06,1.9005219524997286e-15,0.013731632590169315,0.005343588104199297,-3.4283959821025394e-06,-0.010540818117040152,8.522014116009469e-06,0.0,0.0,1.221730474565419e-07,0.0,0.0,0.0,575.678345,144.320847,294.73291,163.328262,89.98114,163.315491
42.573064192,182.978815999995,5.465113513468288,1,-14.174181,-57.786766,100.736862,-0.014759,47.070606,-14.151365,-0.24738612722362238,-1.0085693307795136,1.75818992002716,-0.00025759314430184307,0.8215370556089979,-0.24698791290148736,-0.24738612722362252,-1.0085370538238807,1.7582054376664298,-0.0002576056109393575,0.8214887723219059,-0.24698786885270163,-2.220446049250313e-16,0.0003073159252657831,0.0001482851751770653,-1.3333289500955248e-07,-0.00047288774200282546,-4.459551035118636e-07,2.7516334747148624e-16,-0.0046710216088870745,-0.002279364615438439,1.8039509503030476e-06,0.008213166573500057,-2.4779147383545594e-06,3.380640086437471e-15,-0.05961315627356347,-0.02931274650425123,2.2941564710840487e-05,0.09635276746489188,-2.6489113445232283e-05,0.0,0.0,0.0,0.0,0.0,1.7453292519564734e-07,575.678345,144.320847,294.732971,163.328247,89.98114,163.315491
42.688475904,115.41171200000377,8.66463188761958,1,-14.174181,-57.787437,100.736496,-0.014759,47.072056,-14.151371,-0.24738612722362238,-1.0085810419387944,1.7581835321220978,-0.00025759314430184307,0.821562362883152,-0.24698801762124245,-0.24738612722362252,-1.00848100049718,1.7582324412343946,-0.0002576297131052184,0.821402615390045,-0.24698792038147,0.0,-0.0007254534059724094,-0.0003597825129739718,2.642715898099231e-07,0.00131988839161723,-1.0612836138790271e-06,6.885820998034088e-16,-0.012512703825724837,-0.006100937964599834,4.789397200047375e-06,0.02063931460021953,-6.002871630747979e-06,1.787755077742443e-15,-0.10225708950501254,-0.050655059375639494,3.730972670173326e-05,0.15672383273002288,-4.907717396814153e-05,0.0,1.1711159280780592e-05,6.387905062243959e-06,0.0,2.5307274154062753e-05,1.0471975508963283e-07,575.678345,144.320847,294.752563,163.328247,89.98114,163.315491
42.803615488,115.1395839999978,8.685110413461448,1,-14.174181,-57.795456,100.732452,-0.014756,47.085911,-14.151376,-0.24738612722362238,-1.0087209998915119,1.758112951007147,-0.0002575407844242833,0.8218041782510158,-0.2469881048877051,-0.24738612722362252,-1.0087036496565294,1.758122812117422,-0.00025754493997012155,0.8217919509729423,-0.2469881131987969,2.220446049250313e-16,-0.003976673861594726,-0.0019510007727223666,1.497346373974251e-06,0.006552064337977281,-2.5482921528485747e-06,8.33316043264083e-16,-0.030386497767909516,-0.014896753887069994,1.1238952581906375e-05,0.04760236340750337,-1.522287497443984e-05,-1.586252928402388e-15,-0.12459477328670093,-0.06341643936721887,4.2881589121864524e-05,0.18339439357846032,-6.394227897042813e-05,0.0,0.00013995795271748435,7.058111495084063e-05,5.23598775597784e-08,0.00024181536786382907,8.726646263945703e-08,575.678345,144.320847,294.897705,163.328247,89.98114,163.315491
42.916020224,112.404736000002,8.896422300213242,1,-14.174181,-57.820015,100.720322,-0.014747,47.125706,-14.15139,-0.24738612722362238,-1.0091496353025091,1.75790124256888,-0.0002573837047916038,0.8224987320268469,-0.24698834923380034,-0.24738612722362252,-1.0093748284870214,1.7577939006643377,-0.0002572931138923338,0.8228763639304465,-0.24698849550901403,1.1102230246251565e-16,-0.006633485615991308,-0.003262134051168264,2.4686260763907538e-06,0.010613745586383283,-3.7393936227481106e-06,3.8121992878694213e-16,-0.0410152976995487,-0.020408627061141313,1.4811020177832472e-05,0.0630061885560301,-2.09121326210617e-05,-2.5494128078290805e-15,-0.09687861175684684,-0.05110236601263336,3.1830462417211515e-05,0.13984972942427376,-5.091866125326003e-05,0.0,0.0004286354109972468,0.0002117084382668999,1.5707963267949784e-07,0.0006945537758310527,2.443460952461507e-07,575.678345,144.320847,295.283966,163.328247,89.98114,163.315491
43.098401024,182.38079999999712,5.483033301751148,1,-14.174181,-57.918198,100.671967,-0.01471,47.285126,-14.151447,-0.24738612722362238,-1.0108632519219947,1.7570572886090783,-0.0002567379329683659,0.8252811359203762,-0.24698934407147397,-0.24738612722362252,-1.0107806646040094,1.7570995214214318,-0.0002567753328809088,0.8250980691662443,-0.24698927758274075,0.0,-0.013919514631409946,-0.006888058605619918,5.06948308085127e-06,0.021682882403812442,-7.670021219263745e-06,-3.6016741632670205e-16,-0.053236683906798976,-0.027338445838785794,1.8396228415950913e-05,0.07977194278455133,-2.7312089533274626e-05,-1.9005518601375708e-15,-0.004378812583734154,-0.008131934075728764,-1.5908300224234495e-06,0.0041567421535742555,-1.3819836897774535e-06,0.0,0.0017136166194855473,0.0008439539598017465,6.457718232378814e-07,0.0027824038935293505,9.948376736290676e-07,575.678345,144.320847,296.768402,163.328247,89.98114,163.315491
43.215181568,116.78054400000093,8.56307023197282,1,-14.174181,-58.035282,100.613739,-0.014668,47.462257,-14.151509,-0.24738612722362238,-1.0129067532233997,1.756041018292227,-0.00025600489468252826,0.8283726550777263,-0.24699042617561023,-0.24738612722362252,-1.0128706465167225,1.7560647639122562,-0.00025601653021087507,0.8283406690103019,-0.2469904261756104,2.220446049250313e-16,-0.022958892630325245,-0.01153759618141681,8.210225771247866e-06,0.035349141416140206,-1.2398967517812665e-05,-3.1689358735013566e-16,-0.053050694723772926,-0.028006092414444406,1.7959797711681133e-05,0.07949123641335816,-2.704126006755699e-05,-1.1370998026643204e-15,0.061166532354915815,0.022604175193940965,-2.417904734854773e-05,-0.08914903768260157,3.297151032791775e-05,0.0,0.0020435013014050707,0.0010162703168512532,7.330382858376566e-07,0.0030915191573500644,1.0821041362685246e-06,575.678345,144.320847,298.454956,163.328247,89.98114,163.315491
43.331943168,116.7616000000038,8.564459548344383,1,-14.174181,-58.212692,100.524071,-0.014605,47.736847,-14.151606,-0.24738612722362238,-1.016003141849363,1.754476016458549,-0.0002549053372537718,0.8331651546707775,-0.24699211914498465,-0.24738612722362252,-1.0161423418305202,1.7544051078865872,-0.00025485796403121785,0.833353296177488,-0.24699217316708072,0.0,-0.030706714869126905,-0.015759090717062385,1.0764971400349828e-05,0.04683333864589523,-1.618825253912881e-05,-1.5928254758086922e-16,-0.03547777845682479,-0.020392468608423336,1.1600763821801887e-05,0.05435654497064335,-1.754008547419135e-05,2.9859921864412077e-17,0.12658782053084888,0.05525826650320309,-4.503296621540578e-05,-0.1801109068758358,6.598799724266654e-05,0.0,0.0030963886259631757,0.0015650018336781368,1.0995574287564307e-06,0.004792499593051169,1.692969374411657e-06,575.678345,144.320847,300.839752,163.328247,89.98114,163.315491
43.447788544,115.84537599999578,8.632196074878607,1,-14.174181,-58.412975,100.421295,-0.014535,48.040222,-14.15171,-0.24738612722362238,-1.0194987396351347,1.7526822368665191,-0.0002536836067773758,0.8384600472890154,-0.24699393428740674,-0.24738612722362252,-1.0200083392079144,1.7524019095620473,-0.0002535140605071822,0.8392273064948301,-0.24699418943792137,0.0,-0.029385071271734287,-0.015315044124165844,1.0186298054546132e-05,0.04483500939530938,-1.5338258417485484e-05,-1.805112509414221e-16,-0.019051170454970942,-0.012785700226851021,5.913835979399623e-06,0.030777926286327043,-9.004732546740516e-06,4.672284605716758e-16,0.12547471479806738,0.057083986966418046,-4.3498833182419355e-05,-0.1789816619259719,6.465003023935852e-05,0.0,0.003495597785771798,0.001793779592029754,1.22173047639604e-06,0.005294892618237901,1.8151424220902435e-06,575.678345,144.320847,303.449768,163.328247,89.98114,163.315491
43.626627328,178.83878399999986,5.59162826783703,1,-14.174181,-58.721447,100.257629,-0.014429,48.512344,-14.15187,-0.24738612722362238,-1.0248825916853466,1.74982572629295,-0.0002518335577702618,0.846700130660116,-0.24699672681420995,-0.24738612722362252,-1.0241627805019125,1.7502087961438342,-0.0002520828905205469,0.8456247535214827,-0.24699636195728555,0.0,-0.02952327912705588,-0.01593645705668223,1.0194150423476671e-05,0.04579532851267487,-1.540318048376399e-05,-3.540352297679766e-16,-0.0010549370828633053,-0.004600807291536849,-1.9242967136122885e-07,0.0054598922485048496,-2.1428871831166382e-07,9.062895880932227e-16,0.0782526264152941,0.03854725157983618,-2.7095275734822152e-05,-0.11755551765662492,3.99569445226358e-05,0.0,0.005383852050211857,0.002856510573569171,1.8500490071139773e-06,0.008240083371100604,2.792526803213624e-06,575.678345,144.320847,307.499786,163.328247,89.98114,163.315491
43.740056576,113.42924800000276,8.816068321284963,1,-14.174181,-58.911636,100.153336,-0.014364,48.80682,-14.151968,-0.24738612722362238,-1.0282020159364222,1.7480054700561676,-0.0002506990937564655,0.8518397064282188,-0.2469984372368769,-0.24738612722362252,-1.027964334505559,1.7481368617666957,-0.00025076890692654543,0.8515403807992841,-0.2469983433215411,0.0,-0.03353224590547654,-0.018613861157469103,1.1529032800529576e-05,0.05243809660194687,-1.7463374028192646e-05,-1.4892449446002571e-16,0.004882974934621143,-0.0016952787016265153,-2.2509459160033085e-06,-0.003730121625191596,2.839391194984722e-06,1.1535221985514586e-15,0.04588255114166932,0.024073811766352968,-1.6115198297128515e-05,-0.07187359282670881,2.324617892168081e-05,0.0,0.0033194242510756755,0.0018202562367823916,1.134464013796319e-06,0.005139575768102866,1.7104226669450995e-06,575.678345,144.320847,310.019775,163.328247,89.98114,163.315491
43.857638912,117.58233599999812,8.50467879801279,1,-14.174181,-59.107193,100.043327,-0.014297,49.122921,-14.152073,-0.24738612722362238,-1.0316151294617448,1.7460854507993413,-0.0002495297231576293,0.8573567096470653,-0.24700026983259146,-0.24738612722362252,-1.0319092656450382,1.7459058389660196,-0.0002494200167475041,0.85774097629515,-0.24700039616118513,0.0,-0.032766458712332636,-0.018846446999826405,1.114265474131391e-05,0.051702628340044576,-1.70101057344052e-05,2.709711253764142e-16,0.006489029016532227,-0.00014983143323622772,-2.9584405848031255e-06,-0.007938920457320697,3.935946276166063e-06,6.380183318989225e-16,-0.001821626529025521,0.00038530071742572634,3.107401950509385e-07,0.0008686958154676908,-1.4717506175344574e-06,0.0,0.0034131135253225864,0.0019200192568262775,1.1693705988362075e-06,0.005517003218846517,1.8325957145681748e-06,575.678345,144.320847,312.719788,163.328247,89.98114,163.315491
43.974599424,116.96051199999857,8.54989417282999,1,-14.174181,-59.301292,99.927391,-0.014229,49.429066,-14.152173,-0.24738612722362238,-1.035002796086573,1.744061985877749,-0.0002483428992662732,0.8626999478855835,-0.24700201516184345,-0.24738612722362252,-1.0356504453854214,1.7437164040369821,-0.000248155068594392,0.8636681418615254,-0.24700233347665485,-2.220446049250313e-16,-0.02820888926627818,-0.016597762553421713,9.518826562339541e-06,0.044716483234447324,-1.4579097861511237e-05,1.6973099922439722e-16,0.004313812573147585,-0.000996178672930191,-2.285395303734461e-06,-0.004828879566663738,2.780003362708133e-06,-4.2067606224783665e-16,-0.017597001933376773,-0.008644271165821516,6.07937464798008e-06,0.028117759132797533,-1.0172217979434824e-05,0.0,0.003387666624828256,0.002023464921592222,1.1868238913560975e-06,0.005343238238518122,1.745329251984229e-06,575.678345,144.320847,315.329773,163.328247,89.98114,163.315491
44.15109376,176.49433600000464,5.665904202160764,1,-14.174181,-59.606167,99.749428,-0.014129,49.905216,-14.152328,-0.24738612722362238,-1.040323868643591,1.7409559455810222,-0.0002465975700142788,0.8710103331189545,-0.24700472042218408,-0.24738612722362252,-1.0396230075802873,1.7413520613525104,-0.00024682030727120015,0.8699729717447571,-0.2470043780052072,2.220446049250313e-16,-0.027585451878976208,-0.016607119197971087,9.193271345113918e-06,0.04380851858298396,-1.4137375153211451e-05,-1.2919616890975906e-16,9.764622599045536e-05,-0.0037909727217486228,-6.589937863314178e-07,0.003630402853432857,3.797914665542462e-08,-2.1386549680885494e-15,-0.012575565450139221,-0.008841212256077584,5.318079228495528e-06,0.027649393243004233,-9.28821927742975e-06,0.0,0.0053210725570178585,0.0031060402967268974,1.7453292519943662e-06,0.00831038523337102,2.7052603406296782e-06,575.678345,144.320847,319.379761,163.328247,89.98114,163.315491
44.268213504,117.11974400000003,8.538270029005526,1,-14.174181,-59.789925,99.636238,-0.014068,50.202152,-14.152423,-0.24738612722362238,-1.0435310507704705,1.73898040740069,-0.0002455329191705623,0.8761928439866563,-0.24700637848497348,-0.24738612722362252,-1.0432484129825124,1.7391574843510524,-0.00024561686119649166,0.8757322499348373,-0.2470062322097601,0.0,-0.03205358903865463,-0.01977096885529228,1.0590780628059798e-05,0.05152195048897079,-1.64735216245937e-05,-4.157511308774312e-16,2.4629348496174597e-05,-0.004243922414904719,-5.076326638484276e-07,0.0048487101058111715,-3.5557363506740413e-07,-8.908161643082927e-16,-0.007214421114687826,-0.006405738798426298,3.6422749807000873e-06,0.018942508776989955,-6.235174941620068e-06,0.0,0.0032071821268795375,0.001975538180332137,1.0646508437165423e-06,0.005182510867701828,1.658062789400283e-06,575.678345,144.320847,321.89978,163.328247,89.98114,163.315491
44.383043328,114.82982399999742,8.708538994190416,1,-14.174181,-59.972301,99.521164,-0.014007,50.499592,-14.152517,-0.24738612722362238,-1.0467141124470878,1.73697198721725,-0.00024446826832684573,0.8813841513137883,-0.24700801909447032,-0.24738612722362252,-1.0470528401305512,1.736770878745308,-0.0002443652107900615,0.8819128190242005,-0.24700819612072322,-2.220446049250313e-16,-0.032293993608128346,-0.0207229458423992,1.0632062252715138e-05,0.053018548097995666,-1.675127689626521e-05,-5.529745685724494e-16,0.0008464169573067226,-0.00401817550451232,-6.453481142920021e-07,0.004197912391130626,-1.8110094491763048e-07,2.5110186832020556e-15,0.0013577847139794536,-0.0003564044826253887,-6.217976065706619e-08,-0.0008483622844214708,4.3535107907542187e-07,0.0,0.0031830616766173048,0.0020084201834400517,1.0646508437165423e-06,0.005191307327132022,1.640609496839085e-06,575.678345,144.320847,324.419769,163.328247,89.98114,163.315491
44.497465856,114.42252799999864,8.739537724599233,1,-14.174181,-60.159729,99.399986,-0.013946,50.808174,-14.152615,-0.24738612722362238,-1.0499853481575157,1.7348570321362682,-0.0002434036174831292,0.8867699232261774,-0.2470097295171373,-0.24738612722362252,-1.0506525675839338,1.7344066507539015,-0.00024317921800787295,0.8878875315149459,-0.2470100727652237,-1.1102230246251565e-16,-0.027383718067827356,-0.01806874451807028,9.003364049939874e-06,0.045509900856971486,-1.4270601668253668e-05,-1.387805721828573e-16,0.0008844132991436618,-0.0038082726981649093,-6.106721448201207e-07,0.0036809093533021336,-5.775813881894542e-08,3.4851154931381764e-15,0.004700316143719683,0.0027831347804026206,-1.786362105822746e-06,-0.009841986252782677,3.4650759554847512e-06,0.0,0.0032712357104278666,0.0021149550809818063,1.0646508437165423e-06,0.005385771912389092,1.710422666972855e-06,575.678345,144.320847,327.119781,163.328247,89.98114,163.315491
44.683727104,186.261248000001,5.368803284298807,1,-14.174181,-60.460304,99.199318,-0.013847,51.309395,-14.152771,-0.24738612722362238,-1.0552313715566977,1.7313547148328765,-0.00024167574152365482,0.8955178799563159,-0.2470124522307704,-0.24738612722362252,-1.054517166204599,1.7318275054117318,-0.00024191510096392848,0.8943308848564718,-0.24701208488051846,-2.220446049250313e-16,-0.027607744643027843,-0.018679309707792413,8.998294160432636e-06,0.046284412845468026,-1.4381770284677131e-05,9.15633195620977e-16,0.0008651172392128426,-0.0037392169217345395,-7.969041033078957e-07,0.0027236133193963563,3.861342436923404e-07,1.161049423104878e-15,0.009585826751126321,0.007030627718102117,-3.6146956791377186e-06,-0.019489138847716504,6.4601296518115426e-06,0.0,0.005246023399182009,0.0035023173033916777,1.7278759594743678e-06,0.008747956730138506,2.7227136331076096e-06,575.678345,144.320847,331.259766,163.328247,89.98114,163.315491
44.795455488,111.72838400000273,8.950277129220588,1,-14.174181,-60.637489,99.07724,-0.01379,51.608635,-14.152864,-0.24738612722362238,-1.0583238331918439,1.7292240517886268,-0.00024068090385001806,0.9007406032099837,-0.24701407538697473,-0.24738612722362252,-1.058061457014283,1.7294166297560745,-0.000240761521439277,0.9002857197092554,-0.24701393160508894,2.220446049250313e-16,-0.03193726996801782,-0.02212184025618491,1.0357756858141382e-05,0.05405615754804849,-1.664010752766565e-05,9.9201440463278e-16,0.0020438035055051484,-0.0030268789076167424,-1.248830857554014e-06,0.0007831081397924877,1.0853639521425602e-06,-1.093792296395447e-15,0.009231367176567539,0.006789129795821868,-3.2965043298094277e-06,-0.018067240450699587,5.701456585689696e-06,0.0,0.003092461635146204,0.002130663044249692,9.948376736367654e-07,0.005222723253667794,1.623156204333398e-06,575.678345,144.320847,333.779785,163.328247,89.98114,163.315491
44.908073216,112.61772799999648,8.87959664751922,1,-14.174181,-60.813263,98.953285,-0.013733,51.908348,-14.152955,-0.24738612722362238,-1.0613916682312443,1.7270606289143169,-0.0002396860661763813,0.9059715818710135,-0.24701566363659408,-0.24738612722362252,-1.061682552284365,1.726863585397314,-0.00023959131973127319,0.9064595285566491,-0.24701581822289942,0.0,-0.031144746572128845,-0.02234628219407586,9.999775854245985e-06,0.05348799358133949,-1.6237444716793448e-05,2.0718481387131435e-16,0.004634977680479269,-0.0012351111851038876,-2.0264396385010435e-06,-0.0035189797309548576,2.360593056900407e-06,-3.234971389942898e-15,0.0011900982939353766,0.0009124193436206886,4.6367240426192096e-08,-0.0013222029362877584,-1.8730794484467894e-07,0.0,0.003067835039400446,0.002163422874309928,9.948376736367654e-07,0.005230978661029728,1.5882496193497797e-06,575.678345,144.320847,336.389771,163.328247,89.98114,163.315491
45.019519488,111.44627200000201,8.97293361235073,1,-14.174181,-60.987617,98.827454,-0.013677,52.208523,-14.153046,-0.24738612722362238,-1.0644347195952666,1.7248644636632402,-0.00023870868179526444,0.9112106239531875,-0.24701725188621337,-0.24738612722362252,-1.0650422254902097,1.7244088778752655,-0.0002385200200142157,0.9122735602186919,-0.24701757103213393,2.220446049250313e-16,-0.02630820346094387,-0.019321434348168687,8.392394149983563e-06,0.045626896053718724,-1.3723516790409285e-05,-4.693782126643055e-16,0.00468590240487738,-0.0010718652732104803,-1.9710649033108635e-06,-0.0037731397488838386,2.3031809965473005e-06,-2.6236165318923717e-15,-0.003094512602077328,-0.0021859292697700037,1.7669868344755045e-06,0.0073486471339277715,-3.080706164309243e-06,0.0,0.0030430513640222756,0.002196165251076687,9.773843811168483e-07,0.005239042082174072,1.5882496192942686e-06,575.678345,144.320847,338.90976,163.328247,89.98114,163.315491
45.198821632,179.30214399999755,5.577178151310972,1,-14.174181,-61.264843,98.621269,-0.013589,52.691898,-14.153191,-0.24738612722362238,-1.0692732260674003,1.7212658565450156,-0.00023717279205350946,0.9196471092250151,-0.24701978261362875,-0.24738612722362252,-1.0686522055062841,1.7217246770098726,-0.00023736727159873183,0.9185673621143786,-0.24701945349439858,0.0,-0.026008925783576053,-0.019591595614892654,8.269208704991858e-06,0.045597619007041956,-1.3604824993018738e-05,-1.2241676771648992e-16,0.000986357819010436,-0.003582100790464768,-6.406146811229507e-07,0.0028508834174312825,9.918009098647599e-08,1.5215915594562388e-15,-9.110336451853378e-05,0.0003279963723079784,7.829269737780778e-07,0.002293861312486488,-1.3040174072280804e-06,0.0,0.004838506472133686,0.0035986071182245727,1.5358897417549816e-06,0.00843648527182761,2.5307274153785198e-06,575.678345,144.320847,342.869781,163.328247,89.98114,163.315491
45.311352064,112.53043199999979,8.886485035443584,1,-14.174181,-61.435471,98.490524,-0.013535,52.993252,-14.15328,-0.24738612722362238,-1.0722512464634932,1.7189839258144954,-0.0002362303142574325,0.9249067287390701,-0.24702133595666306,-0.24738612722362252,-1.0719939491940558,1.7191936479018533,-0.00023630677630085336,0.924439752599953,-0.24702120381030554,-2.220446049250313e-16,-0.030232911267376927,-0.023308602115549526,9.55315565833348e-06,0.053459014800642635,-1.584399488341326e-05,9.54387094787962e-17,0.0012987846300579753,-0.0035814418806461995,-6.624064513125632e-07,0.0029506673678487694,7.56357235098061e-08,2.0347109804209047e-15,0.0016451065749230002,0.0013702339306000365,1.575352339175696e-08,-0.001362142391025922,1.7393294553857882e-07,0.0,0.002978020396092962,0.0022819307305201875,9.424777960769599e-07,0.005259619514054958,1.5533430343106502e-06,575.678345,144.320847,345.389771,163.328247,89.98114,163.315491
45.425072128,113.7200639999989,8.793523014549216,1,-14.174181,-61.604656,98.357895,-0.013481,53.295044,-14.153369,-0.24738612722362238,-1.0752040817584798,1.716669113080868,-0.00023528783646135557,0.9301739927952488,-0.24702288929969732,-0.24738612722362252,-1.0754937000323381,1.7164491409241487,-0.0002352055566537617,0.9306655381835803,-0.24702303889934765,0.0,-0.029782546330886284,-0.023707942954068528,9.365807851004302e-06,0.05356027561255683,-1.5706606930399047e-05,3.1871795950983157e-16,0.0043250102470300394,-0.0013677411513156879,-1.6045188228719327e-06,-0.002159179295040059,1.667382459717416e-06,-4.902535198260273e-16,0.0002798161661678438,-0.0004039671434322746,-2.907643064895831e-07,-0.0017464634901732429,9.50679732165549e-07,0.0,0.0029528352949865777,0.002314812733627436,9.424777960769328e-07,0.005267264056178722,1.553343034255139e-06,575.678345,144.320847,347.999786,163.328247,89.98114,163.315491
45.540122368,115.05024000000219,8.691854967012507,1,-14.174181,-61.778362,98.218552,-0.013427,53.608074,-14.153461,-0.24738612722362238,-1.078235823388949,1.7142371189412617,-0.00023434535866527864,0.9356373969527667,-0.24702449500260915,-0.24738612722362252,-1.0788046552809956,1.713771114368762,-0.000234165007975906,0.9366895786656421,-0.24702479586412798,2.220446049250313e-16,-0.025220134525404614,-0.020579505492194006,7.931002854633226e-06,0.04609287293556896,-1.3417500109857983e-05,4.3012102416542533e-16,0.004773897062205913,-0.0008701696831472511,-1.7776057260379483e-06,-0.0034239007563591356,2.0650132723709797e-06,-1.661808600036665e-15,-0.004329766041973111,-0.004150239632790811,6.725812192656309e-07,0.004594219723216883,-7.591959213254046e-07,0.0,0.0030317416304692646,0.002431994139606264,9.424777960769328e-07,0.005463404157517893,1.605702911827711e-06,575.678345,144.320847,350.519775,163.328247,89.98114,163.315491
45.723995648,183.87328000000025,5.4385280993518945,1,-14.174181,-62.050697,97.993378,-0.013342,54.105545,-14.153605,-0.24738612722362238,-1.082988965807368,1.710307091251376,-0.00023286182880108343,0.9443199038359553,-0.24702700827673205,-0.24738612722362252,-1.0823963267932166,1.710779801212642,-0.0002330338683987802,0.9433231039135745,-0.2470267182196327,0.0,-0.024567120957704525,-0.02068950257076274,7.675371011880679e-06,0.04548077390783867,-1.3079948110616968e-05,-5.552424392687469e-16,0.00018819320122120953,-0.004565735982997324,-4.895267996632671e-07,0.003731354418170185,1.6493743614726998e-08,-1.3051408071230782e-05,-0.017981749831636532,-0.015520847506971552,4.6855844221382935e-06,0.029549275804619753,3.314400797247572e-05,0.0,0.004753142418418843,0.003930027689885707,1.4835298641952032e-06,0.008682506883188612,2.5132741229005884e-06,575.678345,144.320847,354.65976,163.328247,89.98114,163.315491
45.844100352,120.10470399999917,8.32606856097832,1,-14.174181,-62.220364,97.848816,-0.013288,54.430595,-14.153698,-0.24738612722362238,-1.085950213589349,1.7077840083781077,-0.0002319193510050065,0.9499930965695629,-0.24702863143293638,-0.24738612722362252,-1.0857418561832466,1.7079480477189581,-0.0002319924886117569,0.9495233295658609,-0.2470284951310331,0.0,-0.028381341578083585,-0.024419440944775772,8.800816044765179e-06,0.052876545058532454,-1.5077790884276965e-05,-4.840061989416869e-16,-0.0015079332472330842,-0.006034221748396018,-1.267151196475248e-07,0.0063005006251409534,-6.7812837817669e-07,-0.0014528581250790888,-0.012058952734886686,-0.010962561380214734,3.477681472250822e-06,0.020123122413316413,0.00044038524818158965,0.0,0.0029612477819811467,0.002523082873268301,9.424777960769328e-07,0.005673192733607557,1.623156204333398e-06,575.678345,144.320847,357.359772,163.328247,89.98114,163.315491
45.96405504,119.95468799999998,8.336481188630161,1,-14.174181,-62.394222,97.692047,-0.013234,54.756123,-14.15379,-0.24738612722362238,-1.0889846081202814,1.705047873163049,-0.00023097687320892957,0.9556746319769951,-0.24703023713584824,-0.24738612722362252,-1.089209376608009,1.7049179375557846,-0.00023092118889469945,0.9560162394537244,-0.24703033770005767,-2.220446049250313e-16,-0.028901719857921115,-0.025674126069824332,8.863921002702935e-06,0.054434472433561254,-1.5349607231707196e-05,3.480540873042915e-16,-0.0015289634008239378,-0.006179768503477179,-1.8811420063408272e-07,0.006537269982314131,-7.485907158487814e-07,0.0035256314326975844,0.020245236154763896,0.022349299982623437,-6.960269296376417e-06,-0.04326577228993104,-0.0016342905393795567,0.0,0.0030343945309323495,0.002736135215058777,9.424777960769328e-07,0.005681535407432214,1.6057029118554667e-06,575.678345,144.320847,360.14978,163.328247,89.98114,163.315491
46.076047872,111.99283199999854,8.929142893716742,1,-14.174181,-62.56068,97.548462,-0.013185,55.060371,-14.153875,-0.24738612722362238,-1.091889848286566,1.7025418421565728,-0.00023012166187545236,0.9609847613196028,-0.2470317206657124,-0.24738612722362252,-1.0924456184669342,1.7019993663984516,-0.00022993549342190643,0.9621445525541736,-0.24703205560270713,0.0,-0.025190150566942293,-0.022834936397055028,7.651104297766887e-06,0.0477591575516465,-1.3354323967984527e-05,4.008162520952258e-16,0.0008588912753676667,-0.003853904982146994,-7.992011995200136e-07,0.002107216778078236,4.17023938436021e-07,0.009396635017325492,0.044931941160686495,0.0501593544096149,-1.5462176259710287e-05,-0.0950593780790622,-0.003424733734543604,0.0,0.002905240166284573,0.0025060310064761726,8.552113334772118e-07,0.005310129342607661,1.4835298641768802e-06,575.678345,144.320847,362.579773,163.328247,89.98114,163.315491
46.25781248,181.76460800000172,5.501621085662565,1,-14.174181,-62.821465,97.308502,-0.013105,55.561077,-14.154016,-0.24738612722362238,-1.0964414051763796,1.6983537500834873,-0.0002287253984738569,0.9697237296040935,-0.24703418157995774,-0.24738612722362252,-1.0959307991303993,1.6988002909103928,-0.00022888414032487176,0.9687718261989473,-0.2470338973406226,2.220446049250313e-16,-0.024467117700084806,-0.022732357564352768,7.361505262784085e-06,0.04693729502297295,-1.2999848830075322e-05,2.7210103403891713e-05,0.01214707114441338,0.007432572134144791,-4.058029803138223e-06,-0.020679032993759117,-7.967083831621186e-05,0.004197086561897051,0.08882272036848546,0.09173548862006062,-2.6261051281969507e-05,-0.18143360838068057,0.0015025305453896178,0.0,0.004551556889813568,0.004188092073085459,1.396263401595455e-06,0.008738968284490722,2.4609142453280164e-06,575.678345,144.320847,366.719788,163.328247,89.98114,163.315491
46.37337216,115.55968000000405,8.6535372891303,1,-14.174181,-62.978237,97.159943,-0.013058,55.866383,-14.154099,-0.24738612722362238,-1.099177592751316,1.695760906400017,-0.00022790509372541955,0.9750523245301873,-0.24703563020323688,-0.24738612722362252,-1.0991470802404462,1.6957962858861744,-0.00022791756036293396,0.9749655849908005,-0.24703561025661702,0.0,-0.027008565885792812,-0.02562546662850984,8.123541767291907e-06,0.05221518061897257,-1.436115168784724e-05,0.003698417453810151,0.02437009093568436,0.022118728844779167,-8.601115347342715e-06,-0.047878404072189906,-0.0012388926652402322,-0.06424588685935848,0.12304199123155138,0.08242493860746153,-1.9204157283881694e-05,-0.20510995882662836,0.024899664813132032,0.0,0.002736187574936544,0.002592843683470347,8.203047484373505e-07,0.0053285949260938326,1.4486232791377507e-06,575.678345,144.320847,369.239777,163.328247,89.98114,163.315491
46.481980416,108.60825599999657,9.20740316463632,1,-14.174181,-63.135151,97.00853,-0.013011,56.171188,-14.154182,-0.24738612722362238,-1.1019162586937905,1.6931182510196947,-0.00022708478897698223,0.9803721753567286,-0.24703707882651604,-0.24738612722362252,-1.1019963601642568,1.693050896270534,-0.0002270598557019539,0.9804954413129243,-0.2470371228753021,-2.220446049250313e-16,-0.02193849919446489,-0.021289550745553498,6.5513770039503415e-06,0.042488446647388045,-1.1543671905700492e-05,-0.0018941772925332315,0.04033400564938608,0.034874288924789026,-1.173523094478607e-05,-0.07652521775419974,0.0014066562852870798,-0.16242921885944162,0.11594110780706662,0.014635417439068252,5.9296220891371346e-06,-0.12687246653055342,0.052797037331493844,0.0,0.0027386659424744053,0.0026426553803222674,8.203047484373234e-07,0.005319850826541295,1.4486232791655063e-06,575.678345,144.320847,371.694244,163.328247,89.98114,163.315491
46.597357056,115.37664000000092,8.667265748075105,1,-14.174181,-63.247375,96.899109,-0.012978,56.385765,-14.154241,-0.24738612722362238,-1.1038749369935486,1.6912084942988699,-0.0002265088303238241,0.9841172505057805,-0.2470381085707747,-0.24738612722362252,-1.104001007112076,1.6910834198491274,-0.00022646893708377864,0.9843647240648581,-0.24703816259287076,2.220446049250313e-16,-0.01392617347676861,-0.013676794050017094,4.09837177065464e-06,0.026805650475836718,-7.207165309996988e-06,-0.016762093189757868,0.04702761773562515,0.03253896071629572,-9.881031721841224e-06,-0.08022060895372896,0.006596459614684148,-0.10128477362858801,0.045456003754431845,-0.009340856460933702,9.588382544044971e-06,-0.030368425215732048,0.025053957608395735,0.0,0.001958678299758043,0.001909756720824829,5.759586531581316e-07,0.0037450751490518686,1.029744258668197e-06,575.678345,144.320847,373.421295,163.328247,89.98114,163.315491
46.77567104,178.31398399999898,5.608085117990553,1,-14.174181,-63.358406,96.78952,-0.012945,56.597378,-14.154297,-0.24738612722362238,-1.1058127935153304,1.6892958054249019,-0.00022593287167066596,0.9878105940958032,-0.24703908595515583,-0.24738612722362252,-1.10553385250095,1.689574983305397,-0.00022602013813326582,0.9872897462915503,-0.24703895048436167,-5.400660599086393e-05,-0.007941879304768307,-0.007928305480563225,2.3380988533889657e-06,0.015120785773485856,0.00016731267782432724,-0.04413228754148357,0.05024489241180898,0.019899862661711912,-4.60536711967649e-06,-0.06939202360225952,0.013028835377176046,0.30383845319464486,-0.14011201501672704,0.0914589688339617,-4.065302037978393e-05,0.05672233243778191,-0.1274008204372922,0.0,0.0019378565217818,0.0019126888739680048,5.759586531581316e-07,0.003693343590022713,9.773843811233807e-07,575.678345,144.320847,374.996277,163.328247,89.98114,163.315491
46.888085248,112.41420800000412,8.895672689345135,1,-14.174181,-63.391716,96.756538,-0.012936,56.661282,-14.154314,-0.24738612722362238,-1.1063941626891698,1.6887201609310094,-0.00022577579203798647,0.9889259293009977,-0.24703938266112865,-0.24739602573380884,-1.1063802524150321,1.6887213701948494,-0.00022576997427381333,0.9888986132359863,-0.24700797172124792,-0.008268855223930727,-0.0031438569419481865,-0.008890278883204594,2.992187603142603e-06,0.011378583762214234,0.0030457332104876222,0.004890982930851506,0.02926247482592105,0.03529714594223757,-1.1467062900713105e-05,-0.06303084718830038,-0.006764535174428946,0.8766817690765839,-0.3218384608144196,0.2911594068725742,-0.00012461137854993562,0.037795777943866515,-0.31172243315391945,0.0,0.0005813691738394411,0.0005756444938924687,1.5707963267949784e-07,0.0011153352051944676,2.967059728187227e-07,575.678345,144.320847,375.471344,163.328247,89.98114,163.315491
47.00425472,116.16947199999572,8.608113498183386,1,-14.174181,-63.406666,96.741852,-0.012932,56.686882,-14.154321,-0.24738612722362238,-1.1066550894123428,1.6884638418770612,-0.00022570597886790672,0.9893727335895082,-0.2470395048341763,-0.24933872097316453,-1.106218999783222,1.6875329081873236,-0.00022533031752414425,0.9898683057017568,-0.24632159273518944,-0.006841506044685586,0.00025215417719692823,-0.004116855650826423,1.3684001262874272e-06,0.0035102625772074347,0.001460370812152778,0.17718703322755286,-0.03122440145207235,0.09465250215710858,-3.68510201265757e-05,-0.06107876083159395,-0.06743945232135355,1.5688392364756703,-0.5027845412804697,0.5471470012723191,-0.0002272179089641213,-0.04221934736758848,-0.5055567373394605,0.0,0.00026092672317301613,0.0002563190539481841,6.981317007974971e-08,0.0004468042885105161,1.2217304765083092e-07,575.678345,144.320847,375.655029,163.328247,89.98114,163.315491
47.1193472,115.09248000000127,8.688664976199913,1,-14.174181,-63.410732,96.737976,-0.012931,56.693562,-14.154323,-0.24738612722362238,-1.106726054499729,1.688396192915254,-0.00022568852557538674,0.9894893215835414,-0.24703953974076134,-0.2489993915666643,-1.1063195033215345,1.687756190651859,-0.0002254483350259458,0.9897207738511948,-0.2466607068844153,0.017124065833544644,-0.004820425831321362,0.007879089096510139,-3.3951756755607994e-06,-0.0032835023584887324,-0.007690319169256998,0.32965365022836696,-0.07894318128853278,0.14796291164191172,-5.8940146200009294e-05,-0.06675938019987851,-0.11554408892189841,1.4120986707088004,-0.433878038475355,0.486967911942505,-0.00019984659025694724,-0.05492392237943555,-0.42797766168561047,0.0,7.09650873862433e-05,6.764896180722069e-05,1.745329251997131e-08,0.00011658799403324593,3.490658503912947e-08,575.678345,144.320847,375.6922,163.328247,89.98114,163.315491
47.299961344,180.6141440000033,5.536664946904611,1,-14.168226,-63.413582,96.74472,-0.012935,56.688042,-14.173217,-0.24728219286666614,-1.1067757963834108,1.6885138979200085,-0.00022575833874546652,0.9893929794088314,-0.24736930224963313,-0.24188861185253824,-1.1083089185316384,1.6908626157521298,-0.00022673322979908066,0.9885603858802423,-0.24939427563436473,0.09482815698342062,-0.025570228228108505,0.040597301189142954,-1.6556261235824458e-05,-0.014787596313902363,-0.0342705144839075,0.6032514333202516,-0.15704690611066885,0.24365637957649733,-9.731202344125921e-05,-0.0853361939102079,-0.1928664244776378,0.33431383708282514,-0.1026005370801133,0.060078188681837785,-2.271167916781115e-05,0.03329160816150345,-0.04114505466985707,0.00010393435695624231,4.974188368178645e-05,0.00011770500475449808,6.981317007977682e-08,9.634217470999573e-05,0.00032976250887178926,575.698425,143.10878,375.698547,163.072601,89.98114,163.310104
47.41207424,112.1128959999993,8.919580491436117,1,-12.990557,-63.733643,97.252884,-0.013145,56.500584,-14.614594,-0.22672799131799704,-1.1123619146406365,1.697383032860113,-0.00022942353017465461,0.9861212200996279,-0.2550727841422082,-0.22739770822746327,-1.1121886175747702,1.697042415234404,-0.00022924650392195246,0.9863205134291496,-0.25456813133119505,0.18052283931000823,-0.04780815514686676,0.07489993658696825,-3.027829089541161e-05,-0.026662997909720154,-0.06150080614993647,0.6022825003251061,-0.1568831217149109,0.23533620040088254,-9.359106867093456e-05,-0.07799929860426548,-0.1840395824063631,-0.5087649805866479,0.13134528346702046,-0.26358554549992996,0.0001079088309552318,0.1214759922234559,0.22501630412430318,0.020554201548669104,0.0055861182572256585,0.00886913494010444,3.665191429188093e-06,0.003271759309203537,0.007703481892575054,575.82251,127.654312,375.748444,161.001099,89.981148,163.282394
47.52799872,115.92447999999678,8.626305677627606,1,-11.410331,-64.159836,97.903526,-0.013405,56.276016,-15.129326,-0.1991478446923771,-1.1198003857395886,1.708738878011874,-0.0002339613862298399,0.9822017691050092,-0.2640565523075836,-0.2003251731614934,-1.1193133233541086,1.7080959402708986,-0.00023369875573287324,0.9824284042639273,-0.26353777978292187,0.27330073387887,-0.07156820610249692,0.11029695817337082,-4.42648903151903e-05,-0.038507747312790386,-0.0885554526463408,0.3621217327493671,-0.09163181841187631,0.13300099395072712,-5.218447287916341e-05,-0.04274035980039889,-0.09955041539894022,-1.5336789851692756,0.40413393800369934,-0.6254013442533457,0.00025095991465353713,0.21538303027174516,0.5029153575565728,0.027580146625619945,0.007438471098952126,0.011355845151761024,4.537856055185276e-06,0.003919450994618656,0.008983768165375439,575.464478,109.852188,375.785889,158.819427,89.981155,163.256592
47.639910912,111.91219199999836,8.935576920877528,1,-9.764028,-64.573753,98.558067,-0.013666,56.050102,-15.647153,-0.1704144368569169,-1.1270246002195659,1.72016277355117,-0.00023851669557754506,0.9782588259786588,-0.27309433841330827,-0.16544335185036504,-1.128414768266527,1.7220542483636359,-0.00023928547155759036,0.9775859383877189,-0.27465614463223725,0.26657946843585034,-0.06939561107090775,0.10619096304680209,-4.245175415059537e-05,-0.03674822558551383,-0.08429650596421079,0.187709924190131,-0.04619008381494716,0.06456719162948577,-2.492858498711741e-05,-0.02040248911250063,-0.04574916067418042,-1.5390664966059144,0.4028688120890012,-0.5983941252490136,0.0002385095008612386,0.19466800153437894,0.47126956987938745,0.02873340783546019,0.007224214479977231,0.011423895539296014,4.555309347705166e-06,0.003942943126350462,0.009037786105724643,574.573364,93.257904,375.801971,156.703644,89.981163,163.23465
47.824059392,184.1484800000046,5.4304005115870355,1,-7.131999,-65.259071,99.58168,-0.014075,55.696804,-16.456966,-0.12447686479894307,-1.1389856557427485,1.738028190667387,-0.0002456550922182019,0.9720926126379478,-0.28722824158876115,-0.13002190714777762,-1.1375786211663415,1.7359929672132923,-0.0002448397741247704,0.9727950486531254,-0.28561814044721157,0.24320233229960586,-0.06288087828365363,0.09559531977482116,-3.815153970001552e-05,-0.03295237574532628,-0.07549110899486378,-0.005244779019252022,0.0016794410536885018,-0.004492458681357836,2.087476559054218e-06,0.002150545073632243,0.00534885001158536,-0.6701598307038681,0.16565360352499908,-0.23220790267654712,9.045140336920954e-05,0.07294545403388636,0.16903269651751784,0.04593757205797383,0.011961055523182607,0.01786541711621692,7.138396640656827e-06,0.006166213340710991,0.014133903175452878,572.129028,66.080849,375.78772,153.207413,89.981171,163.205322
47.941447936,117.38854400000065,8.518718828304017,1,-5.459307,-65.694603,100.24659,-0.01434,55.467308,-16.983007,-0.09528288202717407,-1.1465871231405445,1.7496330593968223,-0.0002502802147359869,0.9680871518177909,-0.29640938903924463,-0.09766759021068908,-1.1459417145120137,1.748704092111375,-0.00024991618892057107,0.9684077929035487,-0.2956744699533609,0.28984920570739786,-0.07533156811988828,0.11433432539878474,-4.566301651493768e-05,-0.03946276676532001,-0.09045555683043838,-0.05333816110402889,0.013286300415850272,-0.02001903642925007,8.034953267072942e-06,0.006952288059722589,0.01601139608026081,-0.2999426138945732,0.07021127034519112,-0.08909044665844473,3.3546233207209356e-05,0.026380242031649136,0.05703194819131325,0.029193982771769003,0.007601467397795991,0.011604868729435447,4.625122517784997e-06,0.004005460820156848,0.009181147450483484,569.866577,49.614948,375.753723,151.066681,89.981178,163.191345
48.051984384,110.53644799999773,9.046789706866829,1,-3.775997,-66.132904,100.915718,-0.014608,55.236355,-17.512398,-0.06590358019542832,-1.154236918705328,1.761311546114107,-0.00025495769713133166,0.9640562615504326,-0.30564900501966996,-0.06414737338664826,-1.1546941708671856,1.7619721025383288,-0.00025521534097329294,0.9638282899679742,-0.3061715150422588,0.29259594993869525,-0.07629752597248185,0.11621985846566307,-4.641270606967106e-05,-0.040114015767067634,-0.09194862531393788,-0.02658104249301796,0.005856176819161285,-0.007218065051902256,2.827209258490695e-06,0.0022894156604571225,0.005092628680757272,0.11638537574092292,-0.030681110620261444,0.05198819643539066,-2.1278745762883822e-05,-0.018683331717367847,-0.044764844885457504,0.029379301831745752,0.0076497955647836235,0.011678486717284553,4.677482395344776e-06,0.004030890267358367,0.00923961598042533,567.063721,32.642632,375.697754,148.839264,89.981178,163.18132
48.163927296,111.9429119999964,8.933124769882994,1,-2.199018,-66.543518,101.542595,-0.014858,55.019985,-18.008356,-0.03838010441062067,-1.1614034849601123,1.7722526137691317,-0.0002593210202613175,0.9602798926478923,-0.31430510507127596,-0.03260119126645565,-1.1629081748637156,1.774549817792826,-0.00026023773367319855,0.9594869771020744,-0.31612260368784045,0.24766671256476272,-0.06448763297836502,0.09865665079669883,-3.939561177766825e-05,-0.034052318130425974,-0.07805421395822998,0.0006238288671748249,-0.0007560563523844044,0.0027836475846397535,-1.1142489432156678e-06,-0.001060151506817597,-0.002509101427642213,0.27153008174529075,-0.06797882318917,0.10122167656458343,-4.035779825933262e-05,-0.03465192358605909,-0.0794601827053709,0.027523475784807648,0.007166566254784179,0.010941067655024783,4.363323129985834e-06,0.0037763689025402947,0.008656100051605997,563.967407,16.931091,375.62323,146.678604,89.981178,163.174835
48.339351296,175.42399999999958,5.700474279460065,1,0.391577,-67.218056,102.572403,-0.015269,54.664536,-18.823112,0.006834307925081836,-1.1731763939899296,1.790226154032509,-0.0002664943234870142,0.954076137274971,-0.32852527987165486,0.0014604649225754929,-1.171777205084065,1.7880899208946193,-0.00026564492991771043,0.9548134524485858,-0.3268351961082505,0.24645686551948764,-0.06417283749655844,0.09797138730148447,-3.9103951014264485e-05,-0.033816181984845706,-0.0775129665029266,0.01921447013321087,-0.00466482771128085,0.007183133626845861,-2.810252056825453e-06,-0.0023947997240724717,-0.005393101240015519,0.265524995621627,-0.06823761510262841,0.10137641777475531,-4.1288062147184326e-05,-0.03601089206268247,-0.083591249289822,0.0452144123357025,0.011772909029817313,0.017973540263377386,7.1733032256966886e-06,0.006203755372921282,0.014220174800378904,557.915344,-9.020502,375.464447,143.262955,89.981178,163.17215
48.454003712,114.65241600000553,8.722014196368542,1,2.053855,-67.650887,103.233192,-0.015533,54.436451,-19.345922,0.035846532108548136,-1.180730720044629,1.80175909774347,-0.00027110199271227923,0.9500953030505597,-0.3376500357340065,0.0336355706209601,-1.180155010724222,1.8008801781898787,-0.0002707487713160424,0.9503987052699627,-0.3369546134490954,0.29126123812957166,-0.07583939319088895,0.11578277597103259,-4.622243398461263e-05,-0.03996438230528998,-0.09160616628599505,0.048329997520170975,-0.012567990649884231,0.01891219813889955,-7.627015826221667e-06,-0.00665292965962988,-0.015374331981874712,0.19550082938243435,-0.0501913072902906,0.07495560334572793,-3.049244027774539e-05,-0.027018125139113468,-0.06103075076413926,0.0290122241834663,0.007554326054699523,0.01153294371096103,4.607669225265053e-06,0.0039808342244113115,0.009124755862351619,553.414978,-24.426418,375.336151,141.076141,89.981178,163.175415
48.569495296,115.49158399999726,8.658639576716029,1,3.78706,-68.102188,103.92218,-0.015808,54.198635,-19.891048,0.06609666597057645,-1.188607408412172,1.8137842068502006,-0.0002759016481552636,0.9459446308366369,-0.3471642792722331,0.06851039648622459,-1.1892358491159385,1.8147437506419268,-0.00027628562059070255,0.9456134321711241,-0.34792343931920916,0.3003191815200945,-0.07819845804536651,0.11938478374151984,-4.7677151828022686e-05,-0.041208076962131024,-0.09445774657749628,0.08128967370458251,-0.021631291954929688,0.03352603437266133,-1.3695767864888898e-05,-0.012076361454835427,-0.028107861108835286,-0.07877913418867774,0.022259058550824586,-0.03585521646384163,1.5447538694788304e-05,0.01372589657247153,0.03551886419462663,0.030250133862028315,0.007876688367542961,0.012025109106730492,4.799655442984385e-06,0.004150672213922735,0.009514243538226608,548.222656,-40.814457,375.186096,138.87883,89.981178,163.183044
48.681858304,112.36300800000265,8.899726144746644,1,5.532308,-68.556618,104.615967,-0.016085,53.95916,-20.439976,0.09655698983442244,-1.1965387081320098,1.8258930743077346,-0.0002807362101832879,0.9417650036104234,-0.3567448802286205,0.10207485574458508,-1.1979755379720776,1.8280865916450049,-0.00028161386146429096,0.9410078614965073,-0.3584804381301314,0.2610072830325786,-0.0679624773809624,0.10375818388628844,-4.142770306594435e-05,-0.03581441922448669,-0.08209479726508195,0.05999066134377484,-0.015796095344329186,0.024547328115709033,-9.954372163246828e-06,-0.008691067837755043,-0.02009903914881106,-0.3991983260899978,0.10592471722207591,-0.16877334146681097,6.988794192587015e-05,0.06415025478917502,0.14633669806541771,0.030460323863845992,0.007931299719837748,0.012108867457534034,4.834562028024274e-06,0.004179627226213567,0.009580600956387408,542.491394,-57.018997,375.007233,136.591766,89.981171,163.194672
48.863119872,181.2615679999965,5.51688927241333,1,8.264985,-69.268173,105.702293,-0.016519,53.58419,-21.299496,0.14425120087794352,-1.2089576856910382,1.8448530397577545,-0.0002883109391369433,0.9352205425142204,-0.3717463342153622,0.13835958351288563,-1.2074235637184834,1.8425109400479371,-0.00028737095466836943,0.9360289690504348,-0.36989323669982155,0.27647076369892887,-0.07213751635326027,0.11035900759622663,-4.415505773510938e-05,-0.03824924831128662,-0.08785515802342037,-0.0620495938335377,0.01726533996469265,-0.027974697836611995,1.1867624387880388e-05,0.010828693680842993,0.02607043099494044,-1.2518648677961581,0.3249514173551059,-0.5247482176092956,0.00021443975616249622,0.20136903853799115,0.4331649460428606,0.047694211043521076,0.012418977559028432,0.018959965450019878,7.574728953655405e-06,0.0065444610962029914,0.015001453986741686,532.536255,-81.755013,374.681091,133.019562,89.981163,163.222443
48.97600896,112.88908800000286,8.858252092531519,1,9.980816,-69.714951,106.384399,-0.016791,53.348743,-21.839199,0.17419810123573037,-1.2167554328165133,1.856758035305363,-0.0002930582347023679,0.9311112171502772,-0.3811659285482531,0.17493396861717467,-1.21697421150047,1.8571334190586648,-0.0002932269498633942,0.9309530495956979,-0.38156120656169923,0.3096293014899856,-0.08057782459853158,0.1229282578131361,-4.9059493281018414e-05,-0.042366023359393434,-0.09708436948499788,-0.2155117996842717,0.057110734714029776,-0.09182302248029628,3.7850284772030174e-05,0.034907587185220273,0.07853927287849699,-1.5564160783242869,0.40354233112740023,-0.6354632277035406,0.0002566105797489708,0.23186495402665686,0.5123634900045464,0.029946900357786854,0.007797747125475096,0.011904995547608488,4.747295565424607e-06,0.00410932536394315,0.009419594332890913,525.69458,-96.867111,374.44751,130.782211,89.981155,163.245621
49.092071936,116.06297600000204,8.61601205193965,1,11.770829,-70.181053,107.096001,-0.017075,53.103111,-22.402248,0.20543972173923164,-1.224890447366644,1.8691778331691398,-0.0002980149697780318,0.9268241300020185,-0.3909929874483147,0.2091574425922499,-1.2258461190207577,1.8706131254572478,-0.00029858511066701676,0.9263459023069902,-0.39208052122074344,0.2515258272851234,-0.0650271424093063,0.0983260510367785,-3.892473961378067e-05,-0.03327338565725535,-0.0759357053210914,-0.47502123533235174,0.12357520267406144,-0.19722483359873538,8.024629828958309e-05,0.07391391687888879,0.1620199296089908,-1.1831077017766662,0.31067926260929485,-0.44716335935293183,0.0001745452647129513,0.13256123826709726,0.342154072142676,0.031241620503501266,0.00813501455013066,0.012419797863776783,4.956735075663883e-06,0.004287087148258761,0.00982705890006158,518.089355,-112.27005,374.180023,128.372253,89.981148,163.275665
49.20781056,115.73862399999513,8.640158016739875,1,13.511886,-70.634407,107.788147,-0.017352,52.864193,-22.949909,0.23582689885412655,-1.2328029673437302,1.8812580597736484,-0.00030284953180605606,0.9226542242597388,-0.40055147508307937,0.23326613598452645,-1.2320550006750248,1.8799370956937493,-0.000302254457642043,0.923236065503586,-0.39917274642270256,0.16251227768571663,-0.04179200765686586,0.06258010404273939,-2.4581708653582512e-05,-0.020755800567165528,-0.047307370341845845,-0.557850567362866,0.14591591468315515,-0.22638199515948018,9.1283348391406e-05,0.08042584029376422,0.18343146465090704,-0.47948479989226755,0.14106045606183593,-0.14001712544071515,4.8063360513234246e-05,-0.006658365381903397,0.09860365585886133,0.030387177114894914,0.007912519977086196,0.012080226604508582,4.834562028024274e-06,0.0041699057422797114,0.00955848763476469,510.249359,-126.881973,373.896576,126.192772,89.98114,163.308563
49.39119488,183.38432000000182,5.453028917630417,1,14.578259,-70.895752,108.162247,-0.017491,52.752251,-23.186817,0.254438618758496,-1.237364298077355,1.887787336505359,-0.0003052755394663282,0.9207004677884713,-0.40468629970739406,0.24976309611856862,-1.2362747039853006,1.886188776145712,-0.0003046929319398293,0.9212062101836039,-0.4037887899039404,0.07090184725075988,-0.018241809151365196,0.02586007562122994,-9.899197423629807e-06,-0.007633683591021345,-0.018420083487786787,-0.5007442862625584,0.13605166678087138,-0.18816375070207125,7.356120829408445e-05,0.05032660481497238,0.14944839259127998,0.8656970253293252,-0.15838063671362435,0.44151619073333437,-0.00018870698523896367,-0.2905583737217409,-0.3258530930332866,0.01861171990436944,0.004561330733624747,0.006529276731710665,2.426007660272136e-06,0.001953756471267498,0.0041348246243146924,507.022308,-132.061295,373.799438,125.539536,89.98114,163.315201
49.504158208,112.96332799999931,8.85243040998231,1,14.578259,-70.895035,108.162994,-0.017491,52.750237,-23.186815,0.254438618758496,-1.237351784066618,1.8878003741148714,-0.0003052755394663282,0.920665316857336,-0.404686264800809,0.2564463632501829,-1.2380035556669378,1.8885372994982876,-0.0003055747387666703,0.9205829190322408,-0.4053997952922646,0.02897597311009381,-0.006239870838106398,0.010589500657077977,-3.96572267897426e-06,-0.0045217164733712956,-0.0058656587152985384,-0.3851513443233246,0.11450123766179386,-0.13126992487519742,4.952301373395079e-05,0.014204705408961939,0.10846070000780524,1.392353171943423,-0.2596158421882685,0.6654143510632354,-0.0002795533894704961,-0.4106071284646597,-0.4694304297922785,0.0,1.2514010736985881e-05,1.3037609512434045e-05,0.0,3.5150931135263797e-05,3.490658506688504e-08,507.022308,-132.061295,373.775543,125.539536,89.98114,163.315201
49.62017536,116.01715199999774,8.619415170612182,1,14.578259,-70.886353,108.171211,-0.017496,52.730976,-23.186808,0.254438618758496,-1.23720025458096,1.887943787819508,-0.0003053628059289279,0.9203291489901094,-0.40468614262776137,0.25621116351129325,-1.237647400455339,1.8885504210498256,-0.0003055772320941731,0.920176990354812,-0.40507994043578,-0.009051971323897456,0.007019091668693633,0.0005754545521483578,-6.602763733831469e-07,-0.008344181636848802,0.0031467568392622436,-0.14424529163675281,0.06989452904795633,-0.020753613164573668,3.923671352090522e-06,-0.05181426571474608,0.03442675625013982,1.3672788200562487,-0.23565108942471313,0.6273172277653817,-0.0002612097601384098,-0.38704450133698964,-0.40696459231435284,0.0,0.0001515294856579974,0.00014341370463655245,8.726646259972102e-08,0.00033616786722656666,1.2217304762307535e-07,507.022308,-132.061295,373.598846,125.539536,89.98114,163.315201
49.732140032,111.96467199999915,8.931388643732262,1,14.578259,-70.859726,108.195816,-0.017508,52.675663,-23.186785,0.254438618758496,-1.2367355257610313,1.888373226081961,-0.0003055722454391672,0.9193637550209538,-0.40468574120203343,0.25443861875849616,-1.2364347797665294,1.8886648107601107,-0.0003057201828710031,0.9187191824882455,-0.4046854960248292,-0.009836436812082905,0.00992718747628274,0.003543071293986788,-2.278528139218537e-06,-0.014514842816819362,0.0021914121076951343,-0.027640809931152047,0.049174167877360495,0.03054427121482703,-1.7249062081077977e-05,-0.08176296372490482,0.0018883787808554597,0.9301759082792493,-0.15309872145111797,0.4110649438470193,-0.00017084193216815958,-0.24845940349878073,-0.25238527945559874,0.0,0.00046472881992865034,0.000429438262453008,2.0943951023927624e-07,0.0009653939691556257,4.014257279361111e-07,507.022308,-132.061295,373.104401,125.539536,89.98114,163.315201
49.915853312,183.7132800000063,5.443264634978841,1,14.578259,-70.749107,108.296021,-0.017559,52.454266,-23.186699,0.254438618758496,-1.2348048599957677,1.890122133258922,-0.00030646236335768435,0.9154996484169159,-0.4046842402188767,0.25443861875849616,-1.2348832834568249,1.8900757731584445,-0.0003064407545193265,0.9156020834529344,-0.4046842784498986,0.0,0.015132882912340051,0.013553346830333268,-6.8881061181650695e-06,-0.029638018828515023,1.159274956830103e-05,0.03835050563476304,0.04286047171633482,0.05821512328058561,-2.922630154920561e-05,-0.10060458377667889,-0.010812475104004533,0.15516929295809168,-0.052007431814272614,0.022634916305245084,-9.9499390045524e-06,0.04154633121151308,-0.025404863249641328,0.0,0.0019306657652635728,0.0017489071769609676,8.901179185171544e-07,0.003864106604037909,1.5009831567103227e-06,507.022308,-132.061295,371.321045,125.539536,89.98114,163.315201
50.027940352,112.0870399999987,8.921638041293727,1,14.578259,-70.623688,108.412254,-0.017619,52.19799,-23.186598,0.254438618758496,-1.232615885501209,1.8921507818083927,-0.0003075095609088809,0.9110267884230749,-0.4046824774363322,0.25443861875849616,-1.232729736652754,1.8919965686712334,-0.0003074156455729405,0.9114135326075883,-0.4046826395026201,-2.220446049250313e-16,0.023688424627338556,0.02068928486145616,-1.0762457202907359e-05,-0.045467867062179756,1.7809230385745778e-05,0.03479854715671816,0.04157376733517425,0.052202371483319514,-2.6984483579289643e-05,-0.09175891551481738,-0.008175940910467996,-0.06411954334215839,-0.05720019043080285,-0.11097119992254831,4.754557685430508e-05,0.17938222078068533,0.032067307732835074,0.0,0.002188974494558682,0.002028648549470713,1.0471975511965438e-06,0.00447285999384095,1.762782544545427e-06,507.022339,-132.061295,369.268585,125.539528,89.98114,163.315201
50.14014208,112.20172799999517,8.912518709159658,1,14.578259,-70.451561,108.55619,-0.017694,51.883953,-23.186476,0.254438618758496,-1.2296117026196287,1.8946629389205432,-0.0003088185578478767,0.9055458087999895,-0.4046803481346447,0.25443861875849616,-1.2295692088389985,1.8947169626786577,-0.000308855126651252,0.905402292868926,-0.4046802833081299,0.0,0.030522319647694474,0.025840345329392278,-1.3842775245754982e-05,-0.05711727678429046,2.2502745962826864e-05,0.002381653421796625,0.030574164032527773,0.022544294011740115,-1.4170683899809175e-05,-0.05031696078854525,-2.879714911477542e-05,-0.14305078944676425,-0.08840669000127359,-0.170032825690621,7.53337043953807e-05,0.262219515804738,0.039769344223553306,0.0,0.0030041828815803306,0.0025121571121504704,1.3089969389958153e-06,0.005480979623085469,2.1293016874701642e-06,507.022339,-132.061295,366.860535,125.539528,89.98114,163.315201
50.25189248,111.75040000000536,8.948513830822549,1,14.578259,-70.271149,108.708061,-0.017775,51.551628,-23.186344,0.254438618758496,-1.2264629192095207,1.8973135879088394,-0.0003102322745419921,0.8997456433632993,-0.40467804430003207,0.25443861875849616,-1.2258963188455907,1.8977821323509578,-0.00031051485165898185,0.8986251876945239,-0.404677601318846,0.0,0.02852800308741088,0.02364193427931527,-1.2884013293634538e-05,-0.05235199774567567,2.077717887705166e-05,-0.0052529140769874885,0.01792033052303807,0.007556382843748037,-7.090800008325439e-06,-0.022936510754837963,0.0011777470049065793,-0.10527826818103704,-0.0864009461936433,-0.13735301433722974,6.210952633546605e-05,0.22177673171518694,0.024037697079962422,0.0,0.003148783410108047,0.002650648988296256,1.4137166941153721e-06,0.005800165436690152,2.303834612638056e-06,507.022339,-132.061295,364.340546,125.539528,89.98114,163.315201
50.439432192,187.53971199999597,5.332203986748265,1,14.578259,-69.977654,108.948235,-0.017911,51.00602,-23.186127,0.254438618758496,-1.22134046512138,1.9015054149865243,-0.0003126059223247044,0.8902229873380781,-0.40467425693555525,0.25443861875849616,-1.2219117662387635,1.9010241229919957,-0.00031231170967936845,0.8914171673766773,-0.4046747190322527,-2.220446049250313e-16,0.028561572296967874,0.023065972633922627,-1.300491842103871e-05,-0.051560412518556475,2.072913457418224e-05,2.2070578522113345e-17,0.0034566127944787306,-0.0022215748031557403,-2.159112974772892e-06,0.0006782030020483498,1.4949557098669275e-06,0.010008539542045298,-0.05877047215791349,-0.04357227409386423,2.173334956501543e-05,0.09526681760456593,-0.003500511860529467,0.0,0.0051224540881407155,0.00419182707768484,2.3736477827123034e-06,0.009522656025221177,3.787364476814936e-06,507.022339,-132.061295,360.200531,125.539528,89.98114,163.315201
50.551865856,112.43366400000099,8.894133344262366,1,14.578259,-69.779564,109.105682,-0.017999,50.662289,-23.185987,0.254438618758496,-1.2178831424061043,1.904253383533912,-0.0003141418120664594,0.8842237496469055,-0.4046718134746025,0.25443861875849616,-1.2182073996478506,1.9040070560743785,-0.0003140046790538029,0.884735283210718,-0.4046720270696589,2.220446049250313e-16,0.033359103412308855,0.026398985358003557,-1.5283160378537107e-05,-0.05961289654881696,2.4176754884308593e-05,-1.8659964083915417e-16,5.395666749313799e-06,-0.005306977265953389,-8.816197312374045e-07,0.006222472762077852,-4.861508616169628e-07,0.022062313727528933,-0.035989059980688166,-0.017214755330666784,8.988509731873256e-06,0.044965836323940904,-0.005447467837233509,0.0,0.003457322715275657,0.0027479685473876803,1.5358897417550358e-06,0.00599923769117261,2.4434609527390627e-06,507.022339,-132.061295,357.590546,125.539528,89.98114,163.315201
50.668097792,116.23193599999837,8.603487427070078,1,14.578259,-69.586243,109.255852,-0.018088,50.318748,-23.185846,0.254438618758496,-1.2145090544428565,1.9068743444716318,-0.00031569515510073434,0.8782278280813116,-0.4046693525603572,0.25443861875849616,-1.2142805044084177,1.9070596460783173,-0.00031580818594753037,0.877784332438398,-0.40466918883185143,0.0,0.033603707246131265,0.025688815450534364,-1.550682811856936e-05,-0.05895257466908399,2.4199110009615055e-05,2.4469925918987337e-16,-0.0010280361648753733,-0.005834989484195405,-5.62965838449026e-07,0.006521120861382124,-2.6138122553523305e-07,0.00397442538653726,0.0033825916795267473,0.005411003660422978,-3.764530500626935e-06,-0.015191404206849755,-0.0006818830659922261,0.0,0.003374087963247785,0.0026209609377199072,1.5533430342749258e-06,0.00599592156559392,2.4609142453280164e-06,507.022339,-132.061295,354.98053,125.539528,89.98114,163.315201
50.780288512,112.19072000000097,8.913393193305039,1,14.578259,-69.397881,109.398941,-0.018176,49.987247,-23.185711,0.254438618758496,-1.211221517357215,1.9093717186450179,-0.0003172310448424894,0.872442044157658,-0.404666996365867,0.25443861875849616,-1.2105301118229115,1.909879523021996,-0.0003175468663261838,0.8712624301383314,-0.40466649770036667,-1.1102230246251565e-16,0.02911020886104554,0.021770235952987882,-1.3550766328722353e-05,-0.050659583428978916,2.0983441308075612e-05,2.973492818682026e-16,-0.0002627227513611746,-0.004985900520719851,-9.042941952521814e-07,0.004680126858611786,6.241470432142673e-07,-0.0027427837595257296,0.01482773609152779,0.011286519851396268,-6.898221468916609e-06,-0.029494713030996128,0.0006222005090595905,0.0,0.0032875370856415564,0.0024973741733860244,1.5358897417550358e-06,0.005785783923653587,2.3561944901828724e-06,507.022339,-132.061295,352.460541,125.539528,89.98114,163.315201
50.959569152,179.28064000000177,5.577847111656842,1,14.578259,-69.091652,109.624992,-0.018319,49.454899,-23.185488,0.254438618758496,-1.2058768130421251,1.9133170528724437,-0.0003197268656728412,0.8631508187912511,-0.40466310428163504,0.25443861875849616,-1.2065484273738218,1.9128186267313154,-0.00031941852417165576,0.864321002214854,-0.4046635962982625,0.0,0.029064409924326462,0.021182582630659752,-1.369535467044057e-05,-0.05029577803925189,2.1305052166908922e-05,2.97285478375671e-16,0.003450019026390083,-0.0021814026300347455,-2.814921748130097e-06,-0.0020068735698838824,3.410497272573782e-06,-1.8477462310576656e-15,0.007164759481352522,0.005877648531375868,-3.456897395691532e-06,-0.011462551868557904,1.3022143382468298e-06,0.0,0.005344704315089821,0.003945334227425823,2.4958208303518044e-06,0.009291225366406919,3.89208423196008e-06,507.022339,-132.061295,348.410553,125.539528,89.98114,163.315201
51.071772416,112.20326400000147,8.912396701757151,1,14.578259,-68.898941,109.763206,-0.018411,49.123932,-23.185349,0.254438618758496,-1.2025133715873144,1.915729342244795,-0.000321332568584676,0.8573743549258032,-0.4046606782739747,0.25443861875849616,-1.202805916196552,1.9155316579426238,-0.0003211838000436729,0.8578646445081823,-0.4046608461580269,2.220446049250313e-16,0.03397725329124679,0.024226434551769316,-1.6120794147571598e-05,-0.05821104870869398,2.4954314890246465e-05,1.545006446761625e-16,0.0037657563306456865,-0.002031719013594807,-2.9881573863532507e-06,-0.0022446926050851412,3.1367428492137605e-06,-2.2839459603444114e-15,0.0036051685041573415,0.0030220923210406408,-1.7108470151138029e-06,-0.004108037476526019,-2.631153675077192e-06,0.0,0.0033634414548107117,0.002412289372351273,1.6057029118348126e-06,0.005776463865447945,2.4260076603166425e-06,507.022339,-132.061295,345.890533,125.539528,89.98114,163.315201
51.187772416,115.99999999999966,8.62068965517244,1,14.578259,-68.704575,109.899544,-0.018503,48.793186,-23.185202,0.254438618758496,-1.1991210449333833,1.9181088892403793,-0.00032293827149651076,0.8516017482380019,-0.40465811263997437,0.25443861875849616,-1.1987899002899662,1.9183475397445338,-0.0003231003377841962,0.8510318816150431,-0.4046578982138094,0.0,0.03466956157472456,0.02390121352029695,-1.664508321053376e-05,-0.05857826246770026,2.534111472507483e-05,-4.957625606843308e-16,0.0020053957197922745,-0.0032762080282451866,-2.076058012441732e-06,0.0013537038963701842,6.264835479654663e-07,-9.447009722987377e-16,-0.0016143796129955493,-0.001052997815828037,7.849338641002141e-07,0.004668211374744915,-3.870328711508152e-06,0.0,0.003392326653931077,0.002379546995584292,1.6057029118347584e-06,0.005772606687801218,2.565634000362138e-06,507.022339,-132.061295,343.280548,125.539528,89.98114,163.315201
51.299028224,111.25580799999568,8.988294795360606,1,14.578259,-68.501518,110.038765,-0.018601,48.450867,-23.185053,0.254438618758496,-1.1955770317141612,1.920538754078298,-0.00032464869416346523,0.8456271545958675,-0.4046555120993889,0.25443861875849616,-1.1949275099263597,1.9209668201795167,-0.0003249653467563273,0.8445493747206306,-0.4046550865714953,0.0,0.030362938393087457,0.020480302235209358,-1.4688484607671163e-05,-0.050849725551338265,2.2094745592560194e-05,-5.232157959841419e-16,0.0017726232187238455,-0.003304821807155016,-1.9413022008888796e-06,0.0017011988305669495,2.6941450279924483e-07,-8.440033686790438e-18,-0.002614898615490152,-0.001964794093279547,1.2235997742795648e-06,0.0057480368874990515,-1.6446648351690184e-06,0.0,0.003544013219222153,0.0024298648379188492,1.7104226669544778e-06,0.005974593642134485,2.6005405854845343e-06,507.022339,-132.061295,340.670532,125.539528,89.98114,163.315201
51.479946752,180.9185279999994,5.527349857721611,1,14.578259,-68.182953,110.250801,-0.018756,47.920193,-23.184826,0.254438618758496,-1.1900170235825451,1.9242394804110567,-0.0003273539545040564,0.836365146041139,-0.40465155020198684,0.25443861875849616,-1.1907150538880256,1.9237710789197178,-0.0003270123686361663,0.8375317897707968,-0.40465202393421273,-2.220446049250313e-16,0.030232375962339297,0.01986711409022668,-1.476283128134929e-05,-0.05010561866045471,2.1856244446727402e-05,2.969532073435828e-17,0.0030049080511167503,-0.0024039541182303698,-2.604153408850582e-06,-0.0006078717703162373,2.3248873920094838e-06,6.365651910772548e-16,-0.0017214407158362144,-0.0008494417103354045,6.607604465725642e-07,0.0021288469321401834,3.6590766630653884e-06,0.0,0.0055600081316160566,0.0037007263327586415,2.705260340591189e-06,0.009262008554728474,3.961897402038339e-06,507.022339,-132.061295,336.710541,125.539528,89.98114,163.315201
51.593773056,113.82630400000693,8.785315562911883,1,14.578259,-67.982597,110.38028,-0.018854,47.590321,-23.184681,0.254438618758496,-1.1865201517064194,1.9264993152732466,-0.0003290643771710109,0.8306077935310003,-0.4046490194745715,0.25443861875849616,-1.1867761881832513,1.926345220153589,-0.00032893971079586866,0.8310179907851145,-0.40464918320307774,0.0,0.03559529706927034,0.022855081030947133,-1.7513091180081965e-05,-0.0584574250476364,2.578247434059655e-05,4.656766046721319e-17,0.002896610131518096,-0.0026949138902570696,-2.6210942069479075e-06,-0.0001998665943253597,2.812914397289074e-06,4.373873245539302e-16,-0.0011065390462188657,-0.0005254637437354728,3.0329728972931647e-07,0.0011146998119835453,4.015898456150939e-06,0.0,0.0034968718761256845,0.0022598348621898356,1.7104226669544778e-06,0.005757352510138647,2.530727415350764e-06,507.022339,-132.061295,334.190552,125.539528,89.98114,163.315201
51.707684608,113.91155199999758,8.77874089539243,1,14.578259,-67.773369,110.51239,-0.018958,47.248947,-23.184526,0.254438618758496,-1.182868434219057,1.928805069748056,-0.000330879519593085,0.8246496932502972,-0.40464631421423086,0.25443861875849616,-1.182608488204702,1.928976087081478,-0.0003310008615315572,0.824218611053911,-0.4046461521479434,0.0,0.03593602821304298,0.022311455120213708,-1.7881943641573058e-05,-0.058254136874686946,2.6291151517643385e-05,-2.3282674766519933e-16,0.001570957062866557,-0.003505753312075366,-1.963722193952652e-06,0.001936183817089765,2.1860180685899684e-06,-2.830955284922896e-17,0.0016801582051407093,0.0008091526428695844,-1.0684681262624352e-06,-0.0024149879202189336,2.0289857309162593e-06,0.0,0.0036517174873624825,0.0023057544748095182,1.8151424220740888e-06,0.005958100280703094,2.7052603406296782e-06,507.022339,-132.061295,331.580536,125.539528,89.98114,163.315201
51.821177856,113.4932479999975,8.811096850448955,1,14.578259,-67.56971,110.638016,-0.019059,46.919621,-23.184378,0.254438618758496,-1.1793139141177378,1.9309976570741665,-0.00033264230213759925,0.8189018702378743,-0.40464373112693786,0.25443861875849616,-1.1786036191342726,1.9314196070430207,-0.0003330063279530154,0.8177695213969103,-0.4046432042037259,-1.1102230246251565e-16,0.031018278384294273,0.018817328486945506,-1.5564837238257268e-05,-0.04984111102088806,2.282927975771898e-05,-3.2581469297731913e-16,0.0011279135058743228,-0.0035653815557334517,-1.7228229289401286e-06,0.002438798406276463,1.7728092592542293e-06,1.0615677397344298e-16,0.0027617324118190565,0.0014921949048481205,-1.6558442019535135e-06,-0.004100945084800879,8.394098998726163e-07,0.0,0.0035545201013191807,0.0021925873261103845,1.7627825445142562e-06,0.005747823012422937,2.583087293006603e-06,507.022339,-132.061295,329.060547,125.539528,89.98114,163.315201
51.999893248,178.71539200000086,5.595488943671931,1,14.578259,-67.239021,110.835945,-0.019226,46.390942,-23.184135,0.254438618758496,-1.1735423022676101,1.9344521698093464,-0.0003355570019884298,0.8096746810017234,-0.40463948997685556,0.25443861875849616,-1.1742615574390127,1.9340191295197622,-0.0003351954695005169,0.8108271418534356,-0.4046400094200856,-2.220446049250313e-16,0.03172799833284756,0.018736934133984917,-1.604778976970595e-05,-0.05047067790725546,2.33400316118626e-05,7.870908496734147e-17,0.004087543263478682,-0.001934976747106798,-3.307084643530006e-06,-0.0021224592189899583,3.4092336885778007e-06,1.1877150014191482e-15,0.0025131907997352765,0.0012763781497135106,-2.2006643568064633e-06,-0.004450788886521854,2.0917719611752124e-06,0.0,0.005771611850127645,0.0034545127351799376,2.9146998508305737e-06,0.009227189236150957,4.241150082295864e-06,507.022339,-132.061295,325.010529,125.539528,89.98114,163.315201
52.11159808,111.70483200000092,8.952164217927402,1,14.578259,-67.031166,110.956627,-0.019332,46.062374,-23.183981,0.254438618758496,-1.1699145481508773,1.9365584680572383,-0.00033740705099554374,0.8039400875850305,-0.40463680216980746,0.25443861875849616,-1.1701984791447018,1.9364047760255274,-0.00033725329579953496,0.8043776848461828,-0.4046370207515188,-2.220446049250313e-16,0.0366681103633093,0.021161370325092577,-1.8701411209650623e-05,-0.05783572990286867,2.7034611909781958e-05,2.354992705663053e-16,0.004085923530842195,-0.0020101524062919596,-3.4039818245440375e-06,-0.0020832317088565755,3.4450687079498165e-06,1.4468724085552118e-15,0.005052013323937135,0.0022947761936505193,-4.077348516851387e-06,-0.00826932639074319,5.1444216265002286e-06,0.0,0.003627754116732884,0.00210629824789188,1.850049007113923e-06,0.005734593416692801,2.6878070480962357e-06,507.022339,-132.061295,322.400543,125.539528,89.98114,163.315201
52.229980928,118.3828480000031,8.447169644034698,1,14.578259,-66.814209,111.079605,-0.019443,45.722397,-23.183821,0.254438618758496,-1.166127934165628,1.9387048390647559,-0.00033934436646525744,0.7980063695539777,-0.4046340096430043,0.25443861875849616,-1.1658206224087018,1.938885413322496,-0.0003395022772071048,0.7975184893570766,-0.4046337852435292,0.0,0.03719823527002575,0.020692117276663424,-1.9216130461955543e-05,-0.057896181874920405,2.755620362759892e-05,1.6021091031822504e-16,0.0022697526469730167,-0.003124270074855051,-2.7401980676347533e-06,0.0006448008946371986,2.7917062340512144e-06,4.272748876747411e-16,0.006169213351324561,0.002469153201317251,-4.932411302710519e-06,-0.00886941206092206,6.504845889070969e-06,0.0,0.0037866139852491543,0.002146371007517578,1.9373154697136983e-06,0.005933718031052804,2.7925268031858685e-06,507.022339,-132.061295,319.880554,125.539528,89.98114,163.315201
52.343994624,114.01369599999356,8.770876088431134,1,14.578259,-66.595543,111.200546,-0.019556,45.382759,-23.183659,0.254438618758496,-1.162311492503462,1.9408156577154103,-0.0003413165885200111,0.7920785681890893,-0.404631182209616,0.25443861875849616,-1.1615556053643892,1.9412158018730339,-0.00034171718313880236,0.7909224296793111,-0.40463061871760064,0.0,0.03270855812753126,0.01776897738056249,-1.7033176487981955e-05,-0.05048266911799759,2.4278003256106295e-05,2.91079047256258e-16,0.0026958076117759022,-0.0028820643837621576,-3.0843909563605195e-06,-4.6718869267645124e-05,3.31851355705624e-06,-4.272156419556446e-16,-0.003368735339979288,-0.0023035304693908706,8.969520171581732e-07,0.007106183898265773,-2.465934705956821e-06,0.0,0.0038164416621659925,0.0021108186506544335,1.972222054753641e-06,0.005927801364888463,2.8274333882527536e-06,507.022339,-132.061295,317.270538,125.539528,89.98114,163.315201
52.527475456,183.48083200000076,5.450160592251924,1,14.578259,-66.245224,111.388176,-0.01974,44.844761,-23.183399,0.254438618758496,-1.156197272521168,1.9440904189909274,-0.00034452799434368065,0.7826887317199448,-0.4046266443535609,0.25443861875849616,-1.1569418133578862,1.9436875197064158,-0.00034413571081656595,0.7838361560501015,-0.4046271962100484,-2.220446049250313e-16,0.03264154046117529,0.01722884312387052,-1.724251387417151e-05,-0.04993076496806115,2.451094945676857e-05,2.623089321267588e-16,0.0041909658788502335,-0.001982038549534673,-3.884976895103512e-06,-0.0019859297975751145,3.852051164837764e-06,-6.26448564334498e-16,-0.04312056976349802,-0.021063274978205832,2.517953175624256e-05,0.0708526413106861,-3.978325801680007e-05,0.0,0.006114219982294111,0.0032747612755170685,3.211405823669571e-06,0.009389836469144486,4.537856055142342e-06,507.022339,-132.061295,313.130554,125.539528,89.98114,163.315201
52.64399744,116.52198400000202,8.58207151707941,1,14.578259,-66.022202,111.503815,-0.019858,44.506065,-23.183231,0.254438618758496,-1.1523048043167852,1.9461087002846411,-0.00034658748286103396,0.7767773713566101,-0.40462371220041754,0.25443861875849616,-1.1525836879846345,1.945973115628365,-0.0003464453631933718,0.7771812388833038,-0.404623906679963,0.0,0.03870956757805022,0.0198847994211917,-2.0658433629536796e-05,-0.05865464521575303,2.9156234544469584e-05,-5.0507098081986785e-17,-0.003074602661975484,-0.005749024615276724,2.4072098142347313e-07,0.009962340196839503,-2.5007140317630033e-06,-1.1994273891223149e-15,-0.09892623337558892,-0.04572679301644353,5.756232489860992e-05,0.15297382440816304,-8.39949780819803e-05,0.0,0.0038924682043828263,0.0020182812937137307,2.0594885173533077e-06,0.005911360363334728,2.9321531433423864e-06,507.022339,-132.061295,310.430542,125.539528,89.98114,163.315201
52.757664256,113.6668159999985,8.797642400751448,1,14.578259,-65.805275,111.61351,-0.019975,44.179417,-23.183069,0.254438618758496,-1.1485187139303115,1.9480232392076162,-0.0003486295180858673,0.7710762882615557,-0.4046208847670293,0.25443861875849616,-1.1480386810661711,1.948263256886352,-0.000348886330818661,0.7703432092513693,-0.40462048999017497,2.220446049250313e-16,0.0376550277551857,0.018671973730478797,-2.0296562133042314e-05,-0.05613329990547289,2.8173384583052297e-05,-9.211678180354031e-17,-0.022272001024024324,-0.01482208952970944,1.1403987051166386e-05,0.03974323288703199,-1.8675822388326526e-05,-1.1178613153831777e-15,-0.16052716093040093,-0.07130927310468022,9.230522717508954e-05,0.2367506199340237,-0.00012647198139216417,0.0,0.003786090386473706,0.0019145389229751064,2.0420352248333635e-06,0.005701083095054349,2.8274333882527536e-06,507.022339,-132.061295,308.000549,125.539528,89.98114,163.315201
52.870232576,112.56832000000117,8.883494041662784,1,14.578259,-65.586807,111.721283,-0.020093,43.853195,-23.182899,0.254438618758496,-1.1447057280200645,1.9499042329023681,-0.00035068900660322063,0.7653826402691147,-0.4046179177073009,0.25443861875849616,-1.144059702708531,1.950200598951559,-0.000351039734671955,0.7644731134582068,-0.40461752874821066,-1.1102230246251565e-16,0.029435807289449833,0.014266707378159715,-1.5902135087682615e-05,-0.04322489507783689,2.178983658096545e-05,-9.144975675320124e-17,-0.03695227872033318,-0.02099084740864801,1.9935220809678316e-05,0.0608426893825135,-3.021167838126065e-05,4.09409617866745e-17,-0.14619768870903227,-0.06261315617703823,8.333748522913512e-05,0.20807054249459556,-0.00010999781150320719,0.0,0.0038129859102469243,0.0018809936947519201,2.0594885173533077e-06,0.005693647992440987,2.9670597284092715e-06,507.022339,-132.061295,305.395721,125.539528,89.98114,163.315201
53.053677056,183.44447999999858,5.451240615144199,1,14.578259,-65.287621,111.86306,-0.020255,43.418644,-23.182686,0.254438618758496,-1.1394839472441929,1.952378708355968,-0.00035351643999145143,0.7577982945512809,-0.40461420015599414,0.25443861875849616,-1.1404270641632204,1.9519377517515621,-0.0003529920101066858,0.7592109632167365,-0.40461488166551185,-2.220446049250313e-16,0.02215216778817375,0.010440909644128027,-1.1829509737992794e-05,-0.03157592042995727,1.586681312515381e-05,-2.6663803714882204e-16,-0.06174806291941566,-0.030972551873896678,3.3907594623929243e-05,0.09435565022124612,-4.7484412798527404e-05,1.3322609771169547e-15,-0.05981250166289309,-0.01872093550107029,3.246511766274594e-05,0.06611746108172406,-3.491721942291726e-05,0.0,0.005221780775871654,0.0024744754535999114,2.8274333882307985e-06,0.00758434571783384,3.7175513067366772e-06,507.022308,-132.061295,302.28537,125.539536,89.98114,163.315201
53.16575104,112.07398400000557,8.922677362838733,1,14.578259,-65.182617,111.912636,-0.02031,43.275234,-23.182613,0.254438618758496,-1.1376512817164286,1.953243972785937,-0.00035447637108004836,0.7552953178709957,-0.4046129260656402,0.25443861875849616,-1.137783491238377,1.9531744097797181,-0.00035439907792746025,0.7554741974971424,-0.4046130050210114,0.0,0.018014839081136103,0.008345340371707977,-9.521747653145089e-06,-0.025100985808037546,1.2530767735441373e-05,2.2576217852927376e-16,-0.0666664772835793,-0.03236677677790465,3.6416216601057096e-05,0.09902873995940151,-4.982639263911203e-05,9.829582765716553e-16,0.01752426604671231,0.01785152504363173,-1.1390712654513728e-05,-0.05075602427547771,2.4712548936381895e-05,0.0,0.0018326655277642878,0.000865264429968926,9.599310885969312e-07,0.002502976680285207,1.2740903539421033e-06,507.022308,-132.061295,301.25531,125.539536,89.98114,163.315201
53.279781376,114.03033599999901,8.769596188859854,1,14.578259,-65.121696,111.938934,-0.02034,43.196182,-23.182573,0.254438618758496,-1.1365880096828211,1.9537029594726263,-0.00035499996985564663,0.7539156001907092,-0.4046122279339394,0.25443861875849616,-1.1363758266812203,1.9538140563283903,-0.00035513294732246556,0.753568047790105,-0.4046120650365428,0.0,0.007289067339289801,0.003249914020354794,-3.718302940403659e-06,-0.009537301632891904,4.764526834399874e-06,5.330315593882402e-16,-0.05249840758989635,-0.024617088111242882,2.810053714525891e-05,0.07468000987385509,-3.759732791121138e-05,3.470591117939696e-16,0.13052960697710064,0.06714388604268355,-7.366000017485538e-05,-0.20780485181466132,0.00010304082015632622,0.0,0.0010632720336074541,0.0004589866866893111,5.235987755982719e-07,0.0013797176802864408,6.981317007825893e-07,507.022308,-132.061295,300.701996,125.539536,89.98114,163.315201
53.393967104,114.18572799999538,8.757661903246266,1,14.578259,-65.095795,111.95047,-0.020354,43.162243,-23.182556,0.254438618758496,-1.1361359519532621,1.9539043006551362,-0.00035524431595092585,0.7533232528958748,-0.40461193122796657,0.25443861875849616,-1.136121581244646,1.9539153585626128,-0.0003552468092784289,0.7532998646527894,-0.4046119187613293,0.0,0.0016808772393765992,0.0006686259513521975,-7.624792696047603e-07,-0.001817408268256715,9.989733903426057e-07,1.5773907373534133e-16,-0.034931947394967196,-0.015997339332586943,1.834834738243948e-05,0.04800206113758111,-2.4336479286607674e-05,8.360926344455604e-17,0.15294525791086966,0.07431768053967447,-8.467246836839336e-05,-0.2299119201213556,0.00011355065186155247,0.0,0.00045205772955903,0.00020134118250991762,2.4434609527921886e-07,0.0005923472948344832,2.9670597284647826e-07,507.022308,-132.061295,300.476837,125.539536,89.98114,163.315201
53.573521664,179.5545599999997,5.5693378101898485,1,14.578259,-65.088722,111.953499,-0.020357,43.153965,-23.182552,0.254438618758496,-1.1360125048152687,1.9539571666781792,-0.0003552966758284857,0.7531787745403947,-0.4046118614147965,0.25443861875849616,-1.1359738532523203,1.9539737082439437,-0.00035531745355767635,0.7531235365317879,-0.4046118190282292,0.0,0.00042384344282009323,0.00018176824167426275,-2.2417750827376237e-07,-0.0005453336157943411,1.8335808427139e-07,-3.9714486390534814e-17,-0.008114044686195141,-0.0033947260139046997,3.868609108849027e-06,0.009540357291367584,-5.600724636385341e-06,1.3667224829219276e-16,0.11079314792176226,0.05137789959485629,-5.7978403322211145e-05,-0.1535001281937918,7.564499442949716e-05,0.0,0.00012344713799339324,5.28660230429967e-05,5.2359877559832613e-08,0.00014447835548003773,6.981317007825893e-08,507.022308,-132.061295,300.43042,125.539536,89.98114,163.315201
53.686788352,113.26668800000306,8.828721115249463,1,14.578259,-65.088722,111.953499,-0.020357,43.153965,-23.182552,0.254438618758496,-1.1360125048152687,1.9539571666781792,-0.0003552966758284857,0.7531787745403947,-0.4046118614147965,0.25443861875849616,-1.1359543479512655,1.9539840646952813,-0.0003553307513043582,0.7530929708299305,-0.4046118248459934,0.0,9.056684330488451e-05,4.830738479277841e-05,-4.9124475509122745e-08,-0.00014394475414203356,-1.6956504822474017e-07,3.1309437947132265e-16,0.0005674978314006756,0.0005534696428944745,-5.501310329896736e-07,-0.0018974793090608592,-1.2776875084617057e-07,5.218724670768853e-16,0.05057673182973461,0.022129372122891795,-2.363242088216206e-05,-0.05996684848638981,2.9595424606222297e-05,0.0,0.0,0.0,0.0,0.0,0.0,507.022308,-132.061295,300.43042,125.539536,89.98114,163.315201
53.80366976,116.88140799999758,8.555680643409264,1,14.578259,-65.088722,111.953499,-0.020357,43.153965,-23.182552,0.254438618758496,-1.1360125048152687,1.9539571666781792,-0.0003552966758284857,0.7531787745403947,-0.4046118614147965,0.25443861875849616,-1.1359536090952154,1.9539845093386858,-0.00035532825797685534,0.7530913327137612,-0.4046118589214692,0.0,-0.00016606833507193386,-6.824652541226328e-05,9.948580173817917e-08,0.0002616604836975789,-4.884883331168766e-07,4.549699617324718e-16,-0.0009340895742809893,-0.0004196095338093801,9.820271477354105e-07,0.002494224279604812,-2.056751739037249e-06,-4.882711580463455e-16,-0.07292701080076319,-0.035933829397717304,4.3767635972770685e-05,0.12123258869711438,-5.9881499094939034e-05,0.0,0.0,0.0,0.0,0.0,0.0,507.022308,-132.061295,300.43042,125.539536,89.98114,163.315201
53.917333504,113.66374400000012,8.79788017540579,1,14.578259,-65.08876,111.953476,-0.020357,43.154087,-23.18256,0.254438618758496,-1.1360131680403842,1.9539567652524512,-0.0003552966758284857,0.7531809038420821,-0.40461200104113665,0.25443861875849616,-1.1359915400865161,1.9539687880776713,-0.00035530831135683255,0.7531515457418457,-0.4046119362146219,1.1102230246251565e-16,-0.0006697305545282362,-0.00032115612875838195,4.0330259361938056e-07,0.0011461733527970974,-9.570087547983164e-07,2.562137335145315e-16,-0.011139901803478527,-0.005350698241238871,6.843854357387705e-06,0.018353455861642286,-9.646825428921934e-06,-1.9798046173531483e-15,-0.12422189306336645,-0.05982837066973075,7.007243864590085e-05,0.1920259096637441,-9.47511259977019e-05,0.0,6.632251154936597e-07,4.0142572799162224e-07,0.0,2.129301687414653e-06,1.3962634015651787e-07,507.022308,-132.061295,300.433258,125.539513,89.98114,163.315186
54.099921152,182.58764800000193,5.476821739880178,1,14.578259,-65.101402,111.947304,-0.020349,43.175968,-23.182571,0.254438618758496,-1.1362338125644214,1.9538490435310183,-0.0003551570494883261,0.753562799335711,-0.40461219302735435,0.25443861875849616,-1.1362123807523168,1.9538565201890916,-0.00035516785390750534,0.753541624336339,-0.40461219219624545,2.220446049250313e-16,-0.0026340466770866655,-0.0012656401687927143,1.6603731814231627e-06,0.004493580577288547,-2.6826193217921457e-06,-2.5971644960799215e-16,-0.04055462464826489,-0.019391118737474063,2.3002567968536322e-05,0.06279659307532731,-3.195066397832662e-05,-2.9968752298604102e-15,-0.14653059774972138,-0.07086491798244958,7.757079573860701e-05,0.21519268625965454,-0.00010606621972528623,0.0,0.00022064452403713908,0.00010772172143291847,1.3962634015960785e-07,0.000381895493628881,1.9198621770133428e-07,507.022308,-132.061295,300.641876,125.539513,89.98114,163.315186
54.21360256,113.68140799999793,8.79651314663536,1,14.578259,-65.136215,111.930717,-0.020329,43.231663,-23.182602,0.254438618758496,-1.1368414140369183,1.95355954576799,-0.00035480798363792725,0.7545348604626093,-0.40461273407942244,0.25443861875849616,-1.1366126512385326,1.9536665793310335,-0.0003549160278297175,0.7542193016094126,-0.4046125878042092,0.0,-0.009008939489405954,-0.004299014430273473,5.2611449006447625e-06,0.014173454743644509,-7.586104070478328e-06,-8.545176709299649e-16,-0.056744767099477546,-0.02724935225965792,3.150109028511532e-05,0.08647570926357923,-4.359468770874683e-05,-1.8310337067115223e-15,-0.11257711318596991,-0.05688184177926589,5.6138695148157485e-05,0.16060298330878675,-7.725062144176578e-05,0.0,0.0006076014724969436,0.00028949776302833463,3.490658503988299e-07,0.0009720611268982937,5.41052068092629e-07,507.022308,-132.061295,301.150238,125.539513,89.98114,163.315186
54.331540736,117.93817600000267,8.479018702137443,1,14.578259,-65.210747,111.893669,-0.020284,43.353329,-23.182667,0.254438618758496,-1.1381422428350148,1.952912936186711,-0.0003540225854745298,0.7566583327503408,-0.40461386854343623,0.25443861875849616,-1.1383466242148608,1.9528379900864135,-0.00035392285237441606,0.7568956983597217,-0.40461398489871997,0.0,-0.02050208281828958,-0.009845515432179042,1.155195676128787e-05,0.0315952700892872,-1.6379443948055794e-05,-8.763220056801637e-16,-0.06589856562803842,-0.032194274947907976,3.5389697000352463e-05,0.09832074677334475,-4.8866566951142625e-05,1.0945092425639082e-15,0.009392115246356914,-0.002419099019331128,-1.254013872055475e-05,-0.02290147707350737,1.7507971029694878e-05,0.0,0.001300828798096454,0.0006466095812789341,7.85398163397435e-07,0.002123472287731465,1.1344640137855855e-06,507.022308,-132.061295,302.147156,125.539513,89.98114,163.315186
54.447065088,115.52435200000133,8.656183589759399,1,14.578259,-65.338486,111.834206,-0.020213,43.545189,-23.182766,0.254438618758496,-1.1403717089682197,1.9518751110535975,-0.00035278340170561383,0.7600069214532171,-0.40461559641939576,0.25443861875849616,-1.1413714069682697,1.9513814945412227,-0.0003522340385458197,0.7615530770554111,-0.4046163901286511,-2.220446049250313e-16,-0.024445555653340723,-0.011821476280297283,1.3570313267325567e-05,0.03745882755334118,-1.9255985817423493e-05,-4.0429999655679484e-16,-0.058136807979536326,-0.029230144570940843,3.0448386251119465e-05,0.08610026757026168,-4.22229127068653e-05,2.3140052215652353e-15,0.08147320287198455,0.031364487273386,-5.0616495882274483e-05,-0.12714054754942983,7.00490756957762e-05,0.0,0.0022294661332049603,0.001037825133113568,1.2391837689159843e-06,0.003348588702876354,1.7278759595340532e-06,507.022308,-132.061295,303.797791,125.539505,89.98114,163.315186
54.634596096,187.53100800000055,5.33245147383838,1,14.578259,-65.672714,111.671532,-0.020029,44.051041,-23.183025,0.254438618758496,-1.1462050880205754,1.9490359141462084,-0.0003495719958819443,0.7688357043810153,-0.4046201168221584,0.25443861875849616,-1.145426771738396,1.9494039409211585,-0.0003500083281949431,0.7677082557597035,-0.4046195250724314,-2.220446049250313e-16,-0.030835062309845007,-0.015158886915630276,1.67394414436659e-05,0.04650054561727357,-2.3425577095892436e-05,1.0040154216616307e-16,-0.032041825088795994,-0.018456801647167065,1.534579201310993e-05,0.04700622334048882,-2.1274734065703513e-05,1.886173559078783e-15,0.1490693807607812,0.06482862963568292,-8.255350748048013e-05,-0.21526496904798603,0.00011243828669738692,0.0,0.005833379052355703,0.0028391969073890966,3.2114058236695168e-06,0.008828782927798207,4.5204027626644105e-06,507.022339,-132.061295,307.72937,125.539505,89.98114,163.315186
54.752275968,117.67987199999652,8.49762990904706,1,14.578259,-65.898331,111.558952,-0.019908,44.400879,-23.183199,0.254438618758496,-1.1501428475190474,1.9470710224743133,-0.0003474601474870311,0.7749415293296074,-0.40462315369505686,0.25443861875849616,-1.149735568289222,1.9472793399871773,-0.00034767872919811446,0.774190535761313,-0.4046227772026042,0.0,-0.03836536925558143,-0.019283775332898045,2.05841451629996e-05,0.057873742363306224,-2.8929461663329548e-05,2.2585008641219857e-16,-0.016035930984009433,-0.01152581081694054,6.544218481009065e-06,0.023962925874083524,-9.16194720364633e-06,1.0755772060349566e-15,0.15432643216136452,0.0685296865849618,-8.298269460842284e-05,-0.2162742428446503,0.00011232143085393613,0.0,0.003937759498471971,0.0019648916718950638,2.1118483949131945e-06,0.00610582494859202,3.0368728984320192e-06,507.022339,-132.061295,310.429352,125.539505,89.98114,163.315186
54.867885312,115.60934399999923,8.649819862311533,1,14.578259,-66.129974,111.440323,-0.019785,44.739456,-23.183367,0.254438618758496,-1.1541857805582447,1.9450005558359649,-0.0003453133925070781,0.7808508127511321,-0.40462608584820026,0.25443861875849616,-1.1543698122301214,1.9449102915625989,-0.0003452095038611263,0.7811981249611878,-0.4046262686922174,-2.220446049250313e-16,-0.039086100114852584,-0.02034746078220806,2.065221428706348e-05,0.059249359348733766,-2.9112270784059646e-05,1.3794003068022857e-16,0.0031959639808628315,-0.002522266557738198,-3.255803108360327e-06,-0.0017017706065131644,3.6989114071421303e-06,-1.1521726735164763e-17,0.08562518113792117,0.0389091922970208,-4.369755666055544e-05,-0.11098825727144178,5.77967019100237e-05,0.0,0.004042933039197338,0.0020704666383484227,2.1467549799530287e-06,0.005909283421524747,2.9321531433978976e-06,507.022339,-132.061295,313.039368,125.539505,89.98114,163.315186
54.979975936,112.09062400000391,8.921352779693377,1,14.578259,-66.344559,111.327614,-0.019672,45.066711,-23.183525,0.254438618758496,-1.1579309953336367,1.9430334126893345,-0.0003433411704523245,0.7865624899947462,-0.4046288434684184,0.25443861875849616,-1.1586423973545146,1.9426452232059805,-0.0003429713268727355,0.787691073080073,-0.40462941360930765,0.0,-0.033137848803566516,-0.017681946580764496,1.7327009306713635e-05,0.05042475912599187,-2.4420524391111087e-05,8.094969799140448e-17,0.007906553935951494,-0.0001755894561816379,-5.42785069664594e-06,-0.007079546992722313,6.413445618309113e-06,-3.315008785186493e-16,0.028905134082802764,0.013511389157339435,-1.3438138750449555e-05,-0.031128515617602874,1.651910223226647e-05,0.0,0.003745214775392025,0.001967143146630379,1.9722220547535867e-06,0.0057116772436140995,2.7576202181189835e-06,507.022339,-132.061295,315.559357,125.539505,89.98114,163.315186
55.156596992,176.62105599999478,5.6618390957872515,1,14.578259,-66.678589,111.146637,-0.019498,45.581661,-23.183779,0.254438618758496,-1.1637609186340734,1.9398747681689528,-0.0003403042975538544,0.795550062977891,-0.4046332766047185,0.25443861875849616,-1.1631094670107847,1.9402250773586676,-0.0003406458834217449,0.7945095733087868,-0.40463271477492146,-2.220446049250313e-16,-0.031294592490668904,-0.017190985901223144,1.6324840468310035e-05,0.048679458496370565,-2.3306630911434922e-05,2.1488032511048982e-16,0.0025038296179481223,-0.002941984112637394,-2.5155753515487513e-06,0.0017446256305799768,2.456375266795765e-06,1.2488501142643195e-16,-0.014741870424787876,-0.007174184562879974,6.7834439823809715e-06,0.01919513366749411,-9.238178885435153e-06,0.0,0.005829923300436635,0.003158644520381726,3.0368728984700747e-06,0.008987572983144787,4.43313630010822e-06,507.022339,-132.061295,319.609375,125.539505,89.98114,163.315186
55.273244672,116.64767999999981,8.57282373725737,1,14.578259,-66.896606,111.024788,-0.019385,45.921497,-23.183933,0.254438618758496,-1.1675660331093938,1.9377481019286902,-0.0003383320754991008,0.8014813200946985,-0.4046359644117665,0.25443861875849616,-1.1672223545086202,1.9379510380096943,-0.00033849829733262435,0.8009640244510279,-0.4046357890477324,0.0,-0.03665765261819942,-0.020648424079039884,1.8969289910861784e-05,0.0577190205753797,-2.719625661518066e-05,1.333210955268028e-16,0.0012736337053803337,-0.003658461246033612,-2.0825890640879384e-06,0.003157911950399689,1.7599037590519651e-06,2.8011839564593183e-16,-0.01909095032282282,-0.009063660466358783,8.659540227607382e-06,0.021051591518227462,-1.1722667865665727e-05,0.0,0.0038051144753203925,0.002126666240262587,1.972222054753641e-06,0.005931257116807531,2.6878070480407246e-06,507.022339,-132.061295,322.129364,125.539505,89.98114,163.315186
55.38721152,113.966848000004,8.774481505358162,1,14.578259,-67.105484,110.905197,-0.019278,46.249935,-23.184093,0.254438618758496,-1.1712116419443745,1.9356608452229376,-0.00033646457319946686,0.8072136445833636,-0.4046387569385697,0.25443861875849616,-1.1715558416505978,1.9354693643195935,-0.0003362742492000829,0.8078077712829264,-0.4046389821691544,0.0,-0.0373251747619916,-0.02174799245988801,1.900192003317664e-05,0.0592384267712216,-2.731699786395758e-05,9.704680634999022e-17,0.0015687805885748474,-0.0034144728927119894,-2.6463657930289928e-06,0.000625613379775819,2.6692376299116495e-06,8.222636639068252e-18,-0.003134068266723542,-0.001226373274779884,1.7614994608187583e-06,-2.5235300867119167e-05,-3.438025754607116e-06,0.0,0.0036456088349807736,0.002087256705752605,1.8675022996339215e-06,0.005732324488665119,2.7925268031858685e-06,507.022339,-132.061295,324.739349,125.539505,89.98114,163.315186
55.498622208,111.41068799999942,8.975799521137551,1,14.578259,-67.320145,110.779327,-0.019166,46.602169,-23.18425,0.254438618758496,-1.174958183169998,1.9334639992934524,-0.00033450980443723317,0.8133612876208334,-0.40464149710549535,0.25443861875849616,-1.1756381434999559,1.9330493905118784,-0.0003342130984643944,0.8143191392742934,-0.40464194922888275,-1.1102230246251565e-16,-0.031883252895547276,-0.01901170751474268,1.6050009204218426e-05,0.050923040357348404,-2.3224072939753704e-05,2.698805274892359e-16,0.0017612464919126297,-0.0031657605063713443,-2.672761329449798e-06,-0.00031721165065984325,2.6669709349028218e-06,-2.371955615064083e-16,0.004855368102876169,0.0025571355990688877,-1.2150403094976749e-06,-0.007311673378565646,3.2015449337405643e-07,0.0,0.0037465412256234565,0.002196845929485214,1.9547687622336967e-06,0.00614764303746973,2.740166925641052e-06,507.022339,-132.061295,327.349365,125.539505,89.98114,163.315186
55.67886464,180.242432,5.548083150586872,1,14.578259,-67.649818,110.579987,-0.019005,47.119381,-23.184486,0.254438618758496,-1.1807120624749252,1.9299848599625269,-0.00033169982434152237,0.8223883399516582,-0.40464561608253,0.25443861875849616,-1.1799972312976235,1.9304127615041307,-0.0003320347613360719,0.8213043076421535,-0.4046451415191956,0.0,-0.030830481267249965,-0.018885465825166037,1.5284889830780414e-05,0.04942739015074693,-2.2327091581786362e-05,9.68970374709098e-17,0.002253021697454255,-0.0029322456969396865,-2.1648097593077317e-06,0.0009487740919503218,1.4082081632537757e-06,-1.0197843634883612e-15,0.005131403139235723,0.0032144482527209084,-2.539791686726952e-07,-0.00222059437290473,-3.061665090166138e-07,0.0,0.005753879304927212,0.0034791393309254737,2.8099800957108e-06,0.009027052330824792,4.118977034672788e-06,507.022339,-132.061295,331.309357,125.539505,89.98114,163.315186
55.793160192,114.29555200000152,8.74924686482976,1,14.578259,-67.852844,110.453484,-0.018904,47.448875,-23.184635,0.254438618758496,-1.1842555346420793,1.9277769660988766,-0.00032993704179700806,0.8281390951172245,-0.4046482166231155,0.25443861875849616,-1.1840026946111077,1.9279456845843406,-0.0003300558904079774,0.8277271949204268,-0.4046480279613347,0.0,-0.036106482912563465,-0.022646610064157358,1.7814070584840167e-05,0.05853682406413396,-2.6233289877053423e-05,1.546583201569558e-18,0.0027175879756859977,-0.0029030373965325817,-2.2086155107529785e-06,0.0011859589426780337,1.4438317503094752e-06,-1.1916179931008736e-15,0.0022262679450882495,0.0012816129202014408,2.602453911871245e-07,0.0008875352937665983,-3.9437911889675277e-07,0.0,0.003543472167154116,0.0022078938636502787,1.7627825445143104e-06,0.005750755165566335,2.6005405854845343e-06,507.022339,-132.061295,333.919373,125.539505,89.98114,163.315186
55.903757824,110.59763200000106,9.041784909101764,1,14.578259,-68.061409,110.320465,-0.018801,47.790413,-23.184788,0.254438618758496,-1.1878956805965013,1.9254553465811661,-0.00032813935266745386,0.8341000577379009,-0.40465088697687107,0.25443861875849616,-1.1881096080962465,1.925327417271433,-0.00032803213958483167,0.8344518039153658,-0.40465103408319403,2.220446049250313e-16,-0.03583273128978526,-0.02322294730437946,1.7624630759224087e-05,0.05926596097835324,-2.6251126457044194e-05,-2.096739622187048e-16,0.0032833674396519075,-0.002453741341028187,-2.5716826526580206e-06,5.2399286482957e-05,2.2402548215390923e-06,3.007060906458792e-17,-0.00522142028887757,-0.004101344971156695,1.4586438373384748e-06,0.006028222034940281,-1.1168806436078847e-06,0.0,0.0036401459544219694,0.0023216195177104826,1.7976891295541989e-06,0.005960962620676358,2.670353755562793e-06,507.022339,-132.061295,336.439362,125.539505,89.98114,163.315186
56.016005632,112.24780799999934,8.90885993960796,1,14.578259,-68.254021,110.194801,-0.018707,48.10865,-23.184927,0.254438618758496,-1.1912573941753526,1.92326209602994,-0.00032649874317057927,0.8396543411895699,-0.40465331298453133,0.25443861875849616,-1.1919835292684446,1.922772055780313,-0.0003261305618093254,0.8409292352260915,-0.4046538748143289,-2.220446049250313e-16,-0.030036929298014936,-0.01992093001503914,1.467814011581344e-05,0.05024279576394508,-2.1969004864841324e-05,-2.492767294046541e-16,0.003038218685881458,-0.002321044849691388,-2.6323436354603287e-06,-0.0005503444579390837,2.517114699352531e-06,1.101505100469385e-15,-0.006437463372740244,-0.005013810858417992,1.5585860110239439e-06,0.005547685927918369,-1.1190828004904629e-06,0.0,0.0033617135788512886,0.0021932505512261002,1.6406094968745926e-06,0.005554283451669084,2.4260076602611313e-06,507.022339,-132.061295,338.869354,125.539505,89.98114,163.315186
56.200300032,184.29439999999886,5.426100847339942,1,14.578259,-68.571648,109.981461,-0.01855,48.651352,-23.185163,0.254438618758496,-1.1968010311185846,1.919538610603735,-0.00032375857624494813,0.8491262779467283,-0.40465743196156606,0.25443861875849616,-1.1961650140236477,1.9199614191083594,-0.0003241101354228501,0.8479302927390181,-0.40465691334944576,0.0,-0.0301474001162374,-0.02053472871476103,1.4471905348133326e-05,0.05064096321455569,-2.1835371277756366e-05,2.498753790042326e-16,-3.329993959300115e-06,-0.004829341236862711,-1.4982943166467154e-06,0.0036393163535169415,8.240204195180637e-07,1.7467361827523913e-15,0.0007296727786767158,-0.0005452724910061137,1.1305283756706711e-07,-0.001639978256747103,2.20806360521867e-07,0.0,0.005543636943232011,0.003723485426204931,2.7401669256311317e-06,0.009471936757158406,4.1189770347282995e-06,507.022339,-132.061295,343.009369,125.539505,89.98114,163.315186
56.311874304,111.57427199999859,8.962639702457684,1,14.578259,-68.774086,109.841408,-0.018457,48.982002,-23.185305,0.254438618758496,-1.2003342407497368,1.9170942246264397,-0.00032213542004059343,0.8548972091184476,-0.40465991032910387,0.25443861875849616,-1.2000324816331596,1.9173133498829196,-0.0003222584241974008,0.8544351805722052,-0.40465971086290387,0.0,-0.03492024071213251,-0.024268689756928197,1.6583877019207393e-05,0.05896354270640991,-2.519721187388413e-05,5.069813360105241e-16,0.000521777645083682,-0.004690834136514388,-1.5805045122300023e-06,0.003100146212857896,9.621394067942769e-07,9.253292021985697e-16,0.0038266144960817415,0.0021819500178672964,-4.145955073269557e-07,-0.003592592866196314,5.0220381340162e-07,0.0,0.003533209631152223,0.002444385977295349,1.6231562043547026e-06,0.005770931171719229,2.4783675378059478e-06,507.022339,-132.061295,345.529358,125.539505,89.98114,163.315186
56.42712832,115.25401600000151,8.676487247090694,1,14.578259,-68.974754,109.699333,-0.018362,49.324696,-23.18545,0.254438618758496,-1.203836558053129,1.9146145480916685,-0.0003204773572511988,0.860878347745277,-0.4046624410565193,0.25443861875849616,-1.2040878389233036,1.9144525915103947,-0.00032034853533021844,0.8613098488206848,-0.4046626297183006,2.220446049250313e-16,-0.0347084658370731,-0.025046084370176303,1.6310004327436695e-05,0.059475773444078506,-2.5044863140699647e-05,4.589397505794853e-16,0.0036679713726534835,-0.0024389952201717274,-2.6236598311478687e-06,-0.001136212050027785,2.5489468860121883e-06,-1.4178555092093134e-15,0.005816887085213577,0.005491758929109945,-1.1668129797081206e-06,-0.00469283635457886,8.080516188166782e-07,0.0,0.0035023173033921218,0.0024796765347712135,1.6580627893946452e-06,0.005981138626829474,2.5307274154062753e-06,507.022339,-132.061295,348.22937,125.539505,89.98114,163.315186
56.537354496,110.22617599999762,9.072255214587337,1,14.578259,-69.166817,109.560249,-0.018271,49.655792,-23.185589,0.254438618758496,-1.2071886897743866,1.9121870743548248,-0.0003188891076318839,0.8666570630854601,-0.40466486706417953,0.25443861875849616,-1.20786325288141,1.9116681646971516,-0.00031857827280319564,0.8678474831861851,-0.4046653607430253,1.1102230246251565e-16,-0.02959234715157244,-0.021915809217709636,1.3885369503563211e-05,0.051455457593247544,-2.1455752592158817e-05,1.385381079316509e-16,0.003735951149293884,-0.0021710013463816444,-2.5206456334550777e-06,-0.0007371298019728106,2.3072300223026343e-06,-2.111627901283499e-15,0.002818713061112305,0.0035147475410032695,-5.690112042302637e-07,-0.0008013069241799347,-3.3918637973045443e-07,0.0,0.0033521317212577006,0.0024274737368437105,1.5882496193148684e-06,0.005778715340183038,2.4260076602611313e-06,507.022339,-132.061295,350.659363,125.539505,89.98114,163.315186
56.719691264,182.33676799999898,5.484357384244112,1,14.578259,-69.471992,109.332809,-0.018129,50.188339,-23.18581,0.254438618758496,-1.2125149983191605,1.9082174975040889,-0.000316410740094052,0.8759517616570783,-0.4046687242418265,0.25443861875849616,-1.211853714674419,1.9086811010022058,-0.0003167024594118856,0.8748602701427942,-0.4046682712873304,0.0,-0.02858433975209973,-0.021625897438184438,1.3312451053210106e-05,0.05020027070412336,-2.0715849315511292e-05,-3.329516421028923e-16,0.0019354962829171707,-0.0028217272355176293,-1.8188521581477183e-06,0.002081716758136065,9.829313010426162e-07,0.0033500856757175163,-0.010207369538023335,-0.008468813706855765,3.6763882173069952e-06,0.01734876046561529,-0.0009446110159641883,0.0,0.0053263085447738945,0.003969576850735956,2.4783675378319144e-06,0.009294698571618243,3.857177646948706e-06,507.022339,-132.061295,354.799377,125.539505,89.98114,163.315186
56.831624704,111.93344000000138,8.933880706248175,1,14.578259,-69.659698,109.183678,-0.018039,50.531803,-23.185951,0.254438618758496,-1.215791086044909,1.9056146705372974,-0.0003148399437672571,0.8819463393191481,-0.40467118515607176,0.25443861875849616,-1.2155135886671526,1.9059001191364624,-0.00031500450338244534,0.8812860372143334,-0.40467091670781086,2.220446049250313e-16,-0.0339495619046275,-0.026202617432623754,1.564931732557723e-05,0.06028877312682113,-2.4651628671712444e-05,-3.298782001684363e-16,0.0016241405248740015,-0.0034075617388078377,-1.8827626207707122e-06,0.0025010016999761353,9.82576478016092e-07,-0.006410055541660456,-0.0017451026147862446,-0.0010857827796184657,7.222908392739145e-07,-0.004260144791945778,0.0019023809934866145,0.0,0.0032760877257485,0.0026028269667914827,1.5707963267949242e-06,0.005994577662069789,2.4609142452725052e-06,507.022339,-132.061295,357.319366,125.539505,89.98114,163.315186
56.939686912,108.06220799999977,9.253928996157493,1,14.578259,-69.845726,109.04303,-0.017957,50.851753,-23.186081,0.254438618758496,-1.219037887145809,1.9031598998509525,-0.00031340877378062176,0.8875305202609041,-0.4046734540840994,0.25443861875849616,-1.2193129394003959,1.9029269690400914,-0.0003132633296762891,0.8881016119387772,-0.4046736867946666,0.0,-0.03332819620948513,-0.02646242024769574,1.519679060196311e-05,0.060098904172562584,-2.4271501258388284e-05,-1.6447923304588721e-16,0.0016556792651479524,-0.0038591495175371443,-1.9072361715111134e-06,0.0017387017477629718,1.3970438268587278e-06,-0.025324105078968352,0.026993806720266945,0.024681808676271903,-1.0070571932711762e-05,-0.06410021016378314,0.006947313710493961,0.0,0.003246801100899921,0.0024547706863449203,1.4311699866353163e-06,0.005584180941755945,2.268928027626682e-06,507.022339,-132.061295,359.749359,125.539505,89.98114,163.315186
57.055006976,115.32006400000228,8.671517906892422,1,14.578259,-70.030067,108.895348,-0.017873,51.183731,-23.186214,0.254438618758496,-1.222255244542228,1.900582362705022,-0.0003119426972089465,0.8933246294050898,-0.4046757753720045,0.25443861875849616,-1.2229310501574566,1.9000046504115216,-0.000311623551288582,0.8946664784272638,-0.40467631808629123,0.0,-0.027507609910259134,-0.022320235497396812,1.2425715938019959e-05,0.04990435184121034,-1.9946305277684928e-05,-2.014436545101684e-16,0.005354394871657474,-0.00041494665234258904,-3.4131116511822734e-06,-0.006512306690301839,4.52744098869774e-06,-0.007667407405060134,0.05424664437762268,0.048889790777162254,-2.3534078813883502e-05,-0.11397107915312768,0.001616174744526963,0.0,0.0032173573964189295,0.002577537145930453,1.466076571675259e-06,0.005794109144185766,2.3212879051159874e-06,507.022339,-132.061295,362.359375,125.539505,89.98114,163.315186
57.23871616,183.70918400000136,5.443385998600879,1,14.578259,-70.322784,108.654106,-0.01774,51.729485,-23.186432,0.254438618758496,-1.2273641199687881,1.8963718955109259,-0.00030962140930379403,0.9028498336110189,-0.40467958018977385,0.25443861875849616,-1.226852780053413,1.8967882438039905,-0.00030986575539907347,0.901779044194991,-0.4046791421952428,0.0,-0.027751701840672105,-0.02320314116982125,1.2441586258883858e-05,0.05066612649352553,-1.9984806796546906e-05,-0.0063544374295990145,0.01837769993084759,0.012057638023356201,-8.674513794229891e-06,-0.03419361606616966,0.0017941587868133958,0.12440483042465007,0.12303405087453835,0.10734144681490207,-6.577988534495964e-05,-0.23353940849412785,-0.03535021466340145,0.0,0.005108875426560244,0.004210467194096124,2.3212879051524708e-06,0.009525204205929061,3.8048177693483787e-06,507.022339,-132.061295,366.409363,125.539505,89.98114,163.315186
57.352657664,113.94150399999603,8.776433212607364,1,14.578259,-70.509087,108.496124,-0.017657,52.061703,-23.186562,0.254438618758496,-1.230615720725131,1.8936145894520402,-0.00030817278602463877,0.9086481315454095,-0.4046818491178014,0.25443861875849616,-1.2304674342274455,1.8937419793719261,-0.00030824509252222156,0.9083964991160582,-0.40468174522915573,0.0,-0.029428941164367117,-0.024967605234104795,1.3075368239822511e-05,0.05360286002832293,-2.09631043426306e-05,0.004331242248269942,0.03354204902797106,0.02541139700819442,-1.6422597653808753e-05,-0.06266041215706486,-0.0014226983056902461,0.1632365862046503,0.13481139875797857,0.1187548254882631,-7.223774917689886e-05,-0.2475815502957806,-0.04169791603240605,0.0,0.0032516007563427873,0.002757306058885689,1.4486232791552606e-06,0.005798297934390573,2.268928027571171e-06,507.022339,-132.061295,368.922058,125.539505,89.98114,163.315186
57.464048896,111.39123200000256,8.977367267111086,1,14.578259,-70.669678,108.358421,-0.017587,52.352253,-23.186674,0.254438618758496,-1.2334185624242013,1.8912112187121666,-0.00030695105554824273,0.9137191856870789,-0.40468380388656366,0.25443861875849616,-1.2334956577728085,1.8911533095186959,-0.0003069136556357002,0.9138800917463666,-0.4046838753619524,0.0,-0.02221989292357307,-0.019128715878540703,9.670119730484242e-06,0.03990600922006937,-1.5337434542850303e-05,0.041659603043081916,0.05568829239437169,0.044199441840684084,-2.930669139077715e-05,-0.10161660907755246,-0.011524030311930559,0.03546047687407633,0.06707553657956075,0.06711283888885392,-2.6280249647465893e-05,-0.1147749888056096,0.0016237607608483758,0.0,0.002802841699070413,0.0024033707398736226,1.22173047639604e-06,0.005071054141669418,1.9547687622467613e-06,507.022308,-132.061295,371.023529,125.539513,89.98114,163.315186
57.574771456,110.72255999999925,9.031583084784229,1,14.578259,-70.779007,108.263695,-0.01754,52.548306,-23.186749,0.254438618758496,-1.235326713442114,1.8895579381249223,-0.0003061307507998054,0.9171409560454913,-0.4046851128835027,0.25443861875849616,-1.235409399662092,1.8894877468001725,-0.00030609418199643054,0.9172726037376424,-0.4046851569322889,-1.1102230246251565e-16,-0.013404443866857463,-0.011665162753817793,5.728348079836855e-06,0.023785140657987203,-8.974933022765086e-06,0.04338738766334957,0.057255058370741505,0.04648577127898804,-2.9509094866095446e-05,-0.10348343310352086,-0.011087995467156265,-0.21934971608671994,-0.015047832415708715,0.0061460744525088234,3.343376099931371e-05,0.02987653052851097,0.069836612305479,0.0,0.0019081510179126404,0.0016532805872442324,8.203047484373234e-07,0.0034217703584124015,1.3089969390089884e-06,507.022308,-132.061295,372.415558,125.539513,89.98114,163.315186
57.760078848,185.30739199999857,5.3964387993761616,1,14.578259,-70.870872,108.183609,-0.017501,52.710979,-23.18681,0.254438618758496,-1.2369300601594588,1.8881601737401703,-0.0003054500723915276,0.9199801354995881,-0.40468617753434644,0.25443861875849616,-1.2366901230983145,1.8883735851211227,-0.000305551467709977,0.9195543175486697,-0.4046860138058406,0.012317551226270762,-0.005026811346980686,-0.00501314271026132,9.227189593232713e-07,0.0092140768145752,-0.0034514718123279664,-0.04019683193631844,0.03683172523926349,0.03408567408422551,-1.1202444662741453e-05,-0.06675286900386923,0.014604249210141482,-1.0099420959491916,-0.17145577608507218,-0.09482365508767485,0.00016857017154393113,0.27893279596095033,0.2636252150114909,0.0,0.0016033467173448557,0.0013977643847520316,6.80678408277824e-07,0.0028391794540968407,1.0646508437628377e-06,507.022308,-132.061295,373.54071,125.539513,89.98114,163.315186
57.872055808,111.97695999999979,8.930408541185631,1,14.578259,-70.890572,108.166573,-0.017493,52.744419,-23.186821,0.254438618758496,-1.2372738900221016,1.8878628394488004,-0.0003053104460513681,0.920563773601455,-0.4046863695205641,0.2566513687930129,-1.237125492986897,1.8878798505912444,-0.000305583880967514,0.9203763842485424,-0.4053057303566738,0.00900322104594653,-0.0028436930072741617,-0.002909449436661049,4.567359007218944e-07,0.005256871965592325,-0.0019751780358292503,-0.17787290404736175,0.016516531766710196,0.023542535694765943,1.0147316403803275e-05,-0.03477860308083261,0.05005780216147622,-1.4296384619559206,-0.23144001016201735,-0.12838255427538636,0.00022339652121115036,0.36316271571366093,0.34333306332846736,0.0,0.00034382986264280824,0.00029733429136991063,1.3962634015949943e-07,0.0005836381018669012,1.9198621764582313e-07,507.022308,-132.061295,373.756927,125.539513,89.98114,163.315186
57.98400128,111.94547200000216,8.932920484715815,1,14.578259,-70.895561,108.162392,-0.017491,52.752052,-23.186825,0.254438618758496,-1.2373609644984835,1.8877898672327744,-0.0003052755394663282,0.9206969945832597,-0.40468643933373416,0.25645531928257304,-1.2373269555113455,1.8877219996892576,-0.00030544924128236026,0.9207315803601615,-0.40512852458439125,-0.03406087044648176,-0.0030886560171792254,-0.0009223684302792634,4.721132105936932e-06,0.00437694848557868,0.010134960284452266,-0.4083136760590322,-0.01744779438976954,0.005322317553004929,4.389999810155156e-05,0.016369780662382476,0.10368090886583936,-1.3334769716046502,-0.19846669950507148,-0.10746366158150197,0.00018617652364519814,0.2928772332704378,0.27383296975434446,0.0,8.707447638189869e-05,7.297221602597936e-05,3.490658503988841e-08,0.00013322098180468256,6.981317007825893e-08,507.022308,-132.061295,373.798981,125.539513,89.98114,163.315186
58.099322112,115.32083200000187,8.671460157345932,1,14.578259,-70.895752,108.162247,-0.017491,52.752251,-23.186825,0.254438618758496,-1.237364298077355,1.887787336505359,-0.0003052755394663282,0.9207004677884713,-0.40468643933373416,0.24868907950564217,-1.2378362733381167,1.8876735692958422,-0.0003044868168662605,0.921379367623131,-0.4029437929021331,-0.0809937828400632,-0.005603890044335813,-0.0007977866284281099,9.92016566913115e-06,0.007143922877003606,0.02185053434782036,-0.5100073474380196,-0.03293341323448608,-0.0033232421597413657,5.746424889085545e-05,0.03858435439060101,0.12198913824794944,-0.7380505885170003,-0.1140609271160838,-0.06437562138835644,9.481414481234224e-05,0.16064976316326854,0.11759585061714573,0.0,3.33357887138952e-06,2.5307274154062753e-06,0.0,3.4732052115460377e-06,0.0,507.022308,-132.061295,373.7995,125.53952,89.98114,163.315186
58.284020992,184.69887999999912,5.414217996340881,1,13.247056,-70.997032,108.14225,-0.01732,52.889477,-22.814234,0.23120474339606997,-1.2391319675437749,1.887438323014838,-0.00030229102644541785,0.9230955133078129,-0.398183499620436,0.22969199173354155,-1.239222545145299,1.8874144527284362,-0.0003021888000178013,0.9231504521171205,-0.3980484668206461,-0.1737502622894771,-0.01269669340882551,-0.002400853399226577,2.0457701706008604e-05,0.015835233580632213,0.04263372664501208,-0.5445197677233062,-0.039812414187199094,-0.007852531763267716,5.919800729040146e-05,0.04635921005990263,0.1154575997960191,0.4053989320886915,0.014541880668822255,-0.008265292995623619,-5.1488206435523006e-05,-0.018322121273354947,-0.13682991812009065,0.02323387536242602,0.00176766946641993,0.00034901349052107733,2.9845130209103505e-06,0.0023950455193416653,0.006502939713298184,510.407806,-116.164139,375.13736,127.945869,89.981148,163.295837
58.410933248,126.91225599999711,7.879459648089643,1,11.368196,-71.133354,108.115639,-0.017102,53.057217,-22.362019,0.19841245021204929,-1.2415112352866784,1.8869738734475896,-0.0002984862086760702,0.9260231285951083,-0.39029085894352983,0.20145845700027165,-1.241286603931965,1.8870227293689004,-0.00029889345216820246,0.9257048387171869,-0.3912311584024787,-0.2592169509396792,-0.018911391511462483,-0.0035847953794334586,2.977410356628466e-05,0.023047825919416898,0.060885725089584675,-0.4634637647524391,-0.03486449137987238,-0.007577218667748744,4.918635917159107e-05,0.039951073018675405,0.0922701218516595,0.9649743453759326,0.06864477822237187,0.011585358869947195,-0.00011369263570219395,-0.0860781242598212,-0.24098573106497564,0.03279229318402069,0.0023792677429035347,0.0004644495672483373,3.8048177693476197e-06,0.0029276152872953487,0.007892640676906149,513.773071,-97.579041,376.63678,130.39151,89.981155,163.279739
58.545837312,134.9040640000041,7.4126751288973,1,9.228511,-71.288589,108.086349,-0.016862,53.241875,-21.880238,0.1610679020065144,-1.2442205971510119,1.8864626665096804,-0.00029429741847128383,0.9292460186852559,-0.38188219421997904,0.16121883891133618,-1.2442175087493457,1.88646768059129,-0.0002943306628379887,0.9292329012892641,-0.38198939566707346,-0.32996242345591886,-0.023943940470544156,-0.0045051385158352275,3.686858530104831e-05,0.028416131122043886,0.07393723855412526,-0.23140063539550026,-0.016843976392711624,-0.003345772093749984,2.341242146908302e-05,0.018247095743194497,0.042153232793316675,1.362149082671552,0.10281997153948602,0.0223242984771208,-0.00014634898048591336,-0.11945072524395035,-0.27924980163066415,0.03734454820553487,0.0027093618643334594,0.000511206937909181,4.188790204786392e-06,0.0032228900901476454,0.008408664723550785,516.656555,-78.881287,378.136597,133.000015,89.981155,163.266525
58.66403712,118.19980799999996,8.460250629171922,1,7.151949,-71.439255,108.058807,-0.016637,53.415485,-21.441904,0.12482505798471594,-1.2468502149218217,1.8859819679270962,-0.0002903704276542966,0.9322760847996432,-0.37423182269654226,0.1189365207102332,-1.2472773925673395,1.8858947072822618,-0.00028965733598848196,0.9328261253134099,-0.37268756700990624,-0.30431265393688667,-0.02203805179459062,-0.0041204577058557845,3.363786648197275e-05,0.025877162727443004,0.0669357251727345,-0.10091055565454532,-0.006954872869733099,-0.0011901429384549144,1.0026670677388316e-05,0.007238657254763761,0.017755035392133217,1.1773269108258415,0.08913594843691128,0.019693794345545287,-0.00012208121028395077,-0.1002951348642629,-0.2239448237432835,0.036242844021798476,0.0026296177708098334,0.00048069858258426024,3.926990816987229e-06,0.0030300661143872754,0.007650371523436783,518.704651,-60.683643,379.589996,135.375946,89.981163,163.256454
58.852461568,188.42444799999924,5.307166934091292,1,4.033887,-71.665474,108.016121,-0.016288,53.684574,-20.739862,0.0704046098033965,-1.2507984813023907,1.88523695668259,-0.0002842792285648364,0.9369725738305423,-0.3619788783092562,0.07763828729235639,-1.2502736732629542,1.885336693938251,-0.0002850912222215978,0.9363436145146569,-0.3636076237227634,-0.29057140970421164,-0.021081714286352415,-0.003972359545432624,3.2502227784616915e-05,0.02503965623392279,0.06492789783380282,0.055918437750290595,0.004000533801216122,0.0006598069164160461,-5.07434479835473e-06,-0.003932674258222912,-0.00892003425582405,0.4800760404816775,0.034448915683464906,0.006528043857714709,-4.920191279775919e-05,-0.037548975610794885,-0.08791150079468144,0.05442044818131944,0.003948266380568999,0.0007450112445062107,6.091199089460202e-06,0.0046964890308991425,0.01225294438728608,520.58252,-32.986557,381.794281,139.106934,89.981163,163.246368
58.9620928,109.63123199999814,9.121488299976571,1,2.213209,-71.797569,107.991188,-0.016084,53.841698,-20.329929,0.03862778408477118,-1.2531039739778125,1.88480179374019,-0.000280718756890768,0.9397149049644459,-0.3548241977466783,0.04122853494086216,-1.2529153005612363,1.884836717778524,-0.0002810005028985901,0.9394951771538212,-0.35542176191375796,-0.33005439506871315,-0.02394633668720747,-0.004541549120071764,3.717403352023678e-05,0.028627610265441916,0.0746229267099836,0.09028694318025199,0.006437720553097437,0.0011112292410375042,-8.714220989061169e-06,-0.006655037119266308,-0.015491681977172544,0.15209341527215875,0.009927274517442599,0.0015097613007854184,-1.5907355917047488e-05,-0.01062504361177008,-0.027174509414391375,0.031776825718625314,0.002305492675421794,0.0004351629423999803,3.560471674068401e-06,0.0027423311339035417,0.0071546805625778975,520.995605,-16.453098,383.10791,141.334686,89.981163,163.24295
59.076225024,114.13222400000222,8.761767404094224,1,0.39118,-71.929764,107.966248,-0.015879,53.99894,-19.919693,0.006827378967951419,-1.2554112119824867,1.8843665086247428,-0.0002771408319241796,0.9424592955868668,-0.3476642288364668,0.003803069946768145,-1.2556306173227556,1.8843206355542372,-0.000276774312781261,0.9427483312531986,-0.3469101468665054,-0.31963594976978316,-0.02319068336986785,-0.004395570396106052,3.599824014618655e-05,0.02770742838803919,0.07239380367817239,0.052806247291633746,0.0038167712652533575,0.0007102147773275364,-5.772964627276411e-06,-0.004440615316687088,-0.010629844277682488,-0.2900293839529608,-0.021402238599392415,-0.003909069554958005,3.0452086160854563e-05,0.02414087693227915,0.05888850733655046,0.031800405116819766,0.0023072380046742502,0.0004352851154472148,3.5779249665883993e-06,0.0027443906224209336,0.007159968910211478,520.880615,0.084433,384.468781,143.645981,89.981163,163.241791
59.190481408,114.25638399999372,8.752246176459208,1,-1.432216,-72.062057,107.940392,-0.015668,54.161922,-19.49448,-0.024996884799743106,-1.2577201604098274,1.8839152362933471,-0.0002734581872024716,0.9453038681083522,-0.3402428619641842,-0.03177061816425241,-1.2582116393094256,1.88383285093489,-0.00027277917101252924,0.9458230403965244,-0.3388883842382092,-0.27364809349353403,-0.019854302680638813,-0.003745847320353324,3.0671601082665e-05,0.02361197774871293,0.06160254021112721,0.01295707480702235,0.0009641767830958214,0.00023526129823855067,-1.9665163663393638e-06,-0.001538953809873199,-0.003864802811860718,-0.40964079370853435,-0.02955017978013699,-0.005292512163858849,4.3651647424007627e-05,0.03354200824691929,0.0835570904120078,0.031824263767694524,0.00230894842734064,0.0004512723313956357,3.6826447217080103e-06,0.0028445725214854,0.00742136687228262,520.204651,17.198891,385.783081,145.881393,89.981171,163.242783
59.374424064,183.94265600000637,5.436476898539322,1,-4.4308,-72.279617,107.90023,-0.015339,54.415081,-18.834002,-0.07733204849736475,-1.2615172987304664,1.8832142771591611,-0.0002677160539634102,0.9497223261894085,-0.3287153462271971,-0.07094155369889926,-1.2610536437035833,1.8832988142592557,-0.0002684091990092024,0.9491894613777011,-0.33010552674079496,-0.27801527540904847,-0.0201710293422126,-0.0038095451959936355,3.117073047671326e-05,0.02401428111006787,0.06265238658686179,-0.04087227762565271,-0.003086454243731815,-0.0005830103960740018,5.1339725314783295e-06,0.004087748302086164,0.0109600884258092,-0.251954319644088,-0.017867380386066056,-0.003379638489635004,2.5663978462820307e-05,0.01943909365086658,0.04672516911468162,0.052335163697621645,0.003797138320638993,0.0007009591341859966,5.742133239061372e-06,0.004418458081056342,0.01152751573698707,518.034729,43.684643,387.942993,149.561981,89.981163,163.248642
59.488963584,114.5395199999939,8.730611058960726,1,-6.323158,-72.416916,107.874321,-0.015127,54.578392,-18.407928,-0.11035992622381961,-1.263913618340162,1.8827620798032618,-0.0002640159559491822,0.9525726408441331,-0.3212789520700547,-0.10742579171621361,-1.263700705624712,1.8827978332885447,-0.00026431016859451863,0.9523474991883906,-0.32186631603432025,-0.32781455913245844,-0.023784086832732143,-0.004487956555255579,3.674624674125486e-05,0.028290891241417704,0.07381001753161254,-0.06390141165578833,-0.004677590040629814,-0.0009015988903522607,7.5440408347923966e-06,0.005852455331594508,0.015379573652688883,0.1653019660709584,0.012956774740157934,0.0023652562706582237,-2.46051777510259e-05,-0.019697600514656657,-0.057888735840037654,0.033027877726454866,0.002396319609695663,0.00045219735589929755,3.7000980142280087e-06,0.0028503146547245173,0.007436394157142423,515.915527,60.679016,389.258148,151.887512,89.981163,163.255157
59.603129344,114.16576000000589,8.759193649654225,1,-8.217042,-72.554321,107.848396,-0.014915,54.741833,-17.98151,-0.1434144376746599,-1.2663117879988648,1.8823096031946822,-0.00026031585793495426,0.955425224426885,-0.3138365539802856,-0.14590754493357963,-1.266492687220289,1.8822724800414936,-0.0002600058542154335,0.9556592007730805,-0.31322618657647916,-0.32874448423887254,-0.02388442337518537,-0.004516177512611463,3.7038977264691785e-05,0.028548966314405178,0.07458849217090924,-0.02165808491271526,-0.0013611693079916554,-0.00025553957972892366,9.324282598695537e-07,0.0005469686324336837,3.439075404898517e-05,1.0106867380192024,0.07431210830311295,0.013500837383535885,-0.0001231627913227675,-0.09514468741312544,-0.2600618748402449,0.03305451145084028,0.0023981696587027646,0.0004524766085796106,3.7000980142279545e-06,0.0028525835827519774,0.007442398089769098,513.233459,77.593018,390.620636,154.136658,89.981163,163.263779
59.719046656,115.91731200000055,8.626839104067521,1,-10.047082,-72.687096,107.822449,-0.014702,54.905411,-17.554745,-0.1753546611178569,-1.2686291489132002,1.8818567426136676,-0.0002565983066282063,0.9582801991107124,-0.306388099598012,-0.1830349467535639,-1.2691940912143425,1.8817590390821421,-0.0002557904685172834,0.9589145132629662,-0.3047086216186956,-0.28314781048451787,-0.020559283306377463,-0.0038926471680120756,3.189115631864166e-05,0.02457592656484131,0.06416752226069111,0.09565145926917462,0.007240219768069503,0.0013526702793472869,-1.336758723026662e-05,-0.010480525393292889,-0.029888138592200852,1.3876972907043332,0.10020995470755027,0.01763440854064184,-0.00016176494059531957,-0.12294693064850067,-0.3341998926361909,0.031940223443197024,0.0023173609143354312,0.00045286058101456916,3.717551306747953e-06,0.002854974683827338,0.007448454382273595,509.991089,94.407928,391.983459,156.470016,89.981155,163.274475
59.900149504,181.10284799999476,5.52172431876957,1,-13.056739,-72.905457,107.782135,-0.014372,55.159504,-16.891823,-0.2278830851235519,-1.2724402673211475,1.8811531305790183,-0.00025083872009662504,0.9627149585669823,-0.2948179280141061,-0.22380401878218353,-1.2721406682572969,1.8812059334377658,-0.00025128087017379716,0.962372957975618,-0.29572252551654166,-0.27382598897780874,-0.01974525520407866,-0.0037135620564967553,2.9863762986038047e-05,0.022886103100113964,0.05901444269832812,0.4234285086388583,0.03104002983692923,0.005727774247568686,-5.054323360413276e-05,-0.03908229051013311,-0.10558327843535673,1.6054279967908247,0.11182993424909779,0.018210673960499583,-0.00016903570882702458,-0.12383254188107679,-0.33160847627936413,0.05252842400569499,0.0038111184079472338,0.0007036120346493036,5.759586531581262e-06,0.004434759456269921,0.011570171583905886,503.857971,120.83091,394.145905,160.179306,89.981148,163.295074
60.011825152,111.67564800000207,8.954503671203067,1,-14.890651,-73.038513,107.757027,-0.014167,55.317772,-16.478907,-0.25989088771538615,-1.274762532610681,1.8807149133104277,-0.0002472607951300367,0.9654772562675287,-0.2876111842799412,-0.25773810303842226,-1.2745850392746274,1.8807458056381894,-0.0002476040432162624,0.9651897398687567,-0.2884850249254107,-0.24737155732452587,-0.017793100543008755,-0.0033540195704357956,2.6468721976454727e-05,0.020263946406832822,0.051742981333512406,0.6216506100336228,0.04494685773263631,0.008126190761364414,-7.116781673328958e-05,-0.05445685975513736,-0.1456316830939932,1.054119607541968,0.07963978221310633,0.02023031590223917,-0.00010374288774320011,-0.08978349752142534,-0.18540842366500238,0.03200780259183425,0.0023222652895336093,0.0004382172685906127,3.577924966588345e-06,0.002762297700546368,0.007206743734164911,499.371033,136.172333,395.415588,162.44194,89.98114,163.310303
60.125593088,113.76793600000212,8.789822819673738,1,-16.261179,-73.133316,107.740021,-0.014035,55.413692,-16.243418,-0.283811113806159,-1.2764171571014493,1.8804181026178335,-0.00024495696051740417,0.9671513760860416,-0.28350112587771226,-0.27933374255175636,-1.2761347121308182,1.8804530274872764,-0.0002453409329528431,0.9669203892395233,-0.28411258702118364,-0.12350515408030716,-0.008785334851999949,-0.0016404543359378465,1.2738826478042673e-05,0.009605140032072246,0.0242041073827306,0.6841301865199572,0.04943275914897855,0.00947661401760639,-7.468969409692279e-05,-0.05789294565750143,-0.1478939701237656,-0.4688852248352864,-0.011703157347396326,0.020469008161553642,5.805806816535356e-05,-0.0012011897534226212,0.15376630223081594,0.023920226090772823,0.0016546244907682528,0.0002968106925942404,2.3038346126325266e-06,0.0016741198185129536,0.004110058402228944,496.765015,144.047714,396.024963,163.328323,89.98114,163.315552
60.245894144,120.3010559999953,8.312478986053447,1,-16.264189,-73.133408,107.740021,-0.014035,55.413666,-16.243448,-0.283863648216644,-1.2764187628043613,1.8804181026178335,-0.00024495696051740417,0.9671509223004361,-0.28350164947648787,-0.2857554405128109,-1.276576410915712,1.8803743671601072,-0.00024471843218629846,0.9673626398809045,-0.28301084959308054,-0.03275166587380285,-0.0020698771811553662,-0.00021189581120140133,3.014010861073944e-06,0.0017598344323404014,0.0052463606424049125,0.5286069459376004,0.04135743524364981,0.011023162377849123,-5.722585555591253e-05,-0.050706314064001785,-0.108597669673196,-1.2741967047693596,-0.05506682931835308,0.024516480180446013,0.00013521568441255568,0.032309062078579684,0.3102360790829893,5.253441048502783e-05,1.605702911966489e-06,0.0,0.0,4.5378560553643865e-07,5.235987756146976e-07,496.765259,144.047348,396.024567,163.328323,89.98114,163.315552
60.424351488,178.45734400000168,5.60357997931422,1,-16.264189,-73.129944,107.744003,-0.014036,55.404938,-16.243446,-0.283863648216644,-1.276358304599072,1.880487601628648,-0.0002449744138099241,0.9669985899633221,-0.2835016145699028,-0.28613926334859946,-1.2765217721368147,1.8804535535793794,-0.00024475250766217076,0.9671693804039404,-0.2831101621519557,0.01132449471253949,0.0015520285045882432,0.00100866671114197,-1.4589355062535978e-06,-0.002709893673588759,-0.0023135590578768905,0.174028927150708,0.025845327358424007,0.017223951611783857,-2.2364631606628284e-05,-0.04291435704424407,-0.031839377863771876,-1.599632527275853,-0.04558248517779573,0.052309750985497463,0.00014658615027663465,-0.014825690059625418,0.3368600540827747,0.0,6.045820528921553e-05,6.949901081454435e-05,1.7453292519944204e-08,0.00015233233711398064,3.490658506688504e-08,496.765259,144.047348,395.936676,163.328323,89.98114,163.315552
60.538291712,113.94022400000381,8.776531806712672,1,-16.264189,-73.118477,107.756744,-0.01404,55.378685,-16.243439,-0.283863648216644,-1.276158167693746,1.8807099740286446,-0.0002450442269800039,0.966540388674796,-0.2835014923968552,-0.2838686514938332,-1.2762543004289466,1.8806095793656346,-0.0002450109826132994,0.9667422576116282,-0.28350159129884633,0.010118037007085023,0.003667673317703013,0.0034058318966607715,-2.060362071305572e-06,-0.007360028691663523,-0.0017387374877604334,0.021002964251136572,0.022876055351804866,0.02359889272757146,-9.187743681746517e-06,-0.04733280444541789,-0.0007147159556830408,-1.3142572695390626,-0.010446229077782226,0.06828594771880983,0.00010695574184149358,-0.0662261349130008,0.26212215552743356,0.0,0.0002001369053261648,0.0002223723999965621,6.981317007977682e-08,0.00045820128852613884,1.2217304762307535e-07,496.765259,144.047348,395.707184,163.328323,89.98114,163.315552
60.655312384,117.02067199999533,8.545498696162332,1,-16.264189,-73.09111,107.786758,-0.01405,55.318039,-16.24342,-0.283863648216644,-1.2756805234373527,1.8812338171503382,-0.0002452187599052033,0.9654819162966315,-0.2835011607842973,-0.28386364821664417,-1.275666439461399,1.8812528836257536,-0.00024522707099687964,0.9654469515339505,-0.28350114831766,2.095588471684451e-05,0.007563172073150604,0.008209844908215302,-2.781035249591968e-06,-0.016482069774405694,5.208022535674317e-06,-0.05830908354145025,0.02927505167908896,0.03458414778007518,-5.938345681111536e-06,-0.06562297620675347,0.012065504184498277,-0.3627245934826283,0.04741333494928615,0.06437280640857615,9.145604723261105e-06,-0.11234471982440108,0.061146155115509006,0.0,0.00047764425639318375,0.0005238431216936235,1.7453292519938783e-07,0.0010584723781644767,3.3161255785785215e-07,496.765259,144.047348,395.201569,163.328323,89.98114,163.315552
60.767803904,112.49151999999896,8.889558964089108,1,-16.264189,-73.04583,107.835899,-0.014067,55.219563,-16.243389,-0.283863648216644,-1.2748902383520495,1.8820914893980607,-0.00024551546587804233,0.9637631858624376,-0.28350061973222923,-0.28386364821664417,-1.2745410195775646,1.8824697438024276,-0.00024564096336235255,0.9630075056695473,-0.28350040863050086,-1.1102230246251565e-16,0.009843181331437467,0.010586655454871696,-3.61100503157069e-06,-0.021211895757309307,6.447061154490896e-06,-0.04277351152334307,0.03518252585106456,0.038990208677393126,-9.53621953124788e-06,-0.07564852883826848,0.007584550725844668,0.09111921579001653,0.05006829949366173,0.03689518147309319,-2.6840959113696278e-05,-0.08227737676580665,-0.027651243257814012,0.0,0.0007902850853032106,0.0008576722477224852,2.967059728390515e-07,0.0017187304341939047,5.41052068092629e-07,496.765259,144.047348,394.400909,163.328323,89.98114,163.315552
60.951140352,183.3364480000057,5.454452788351004,1,-16.264189,-72.91153,107.979332,-0.014116,54.932842,-16.243303,-0.283863648216644,-1.2725462611666212,1.8845948675040738,-0.00024637067721151954,0.9587589603778269,-0.2834991187490725,-0.28386364821664417,-1.2727846033292742,1.8843417324293483,-0.0002462825796397524,0.959260133334756,-0.28349926502428624,0.0,0.01575526884671774,0.016572098066424346,-5.6835238346297865e-06,-0.033101715360952966,1.0103113205595093e-05,0.0024730105429564228,0.04200439445751837,0.04120401194637671,-1.5187721589267826e-05,-0.0827964022735275,-0.00047856813371257656,0.16799201492129862,-0.0161844744593225,-0.03942423169488182,-6.918161544962497e-06,0.06505248154709442,-0.03261173028831027,0.0,0.0023439771854283364,0.0025033781060130877,8.552113334772118e-07,0.005004225484610658,1.5009831567103227e-06,496.765259,144.047348,392.177551,163.328323,89.98114,163.315552
61.064164352,113.0239999999958,8.847678369196252,1,-16.264189,-72.792427,108.104134,-0.014159,54.68251,-16.243227,-0.283863648216644,-1.2704675216676184,1.8867730733171477,-0.0002471211687898771,0.9543898427547245,-0.283497792298841,-0.28386364821664417,-1.2705736227261755,1.8866580253684035,-0.00024707712000399356,0.9546365990665904,-0.28349785380091963,0.0,0.023279528888021872,0.0241258776936899,-8.39643780962897e-06,-0.048262517841515695,1.473766555060152e-05,0.004229088558954234,0.039116375081611976,0.03657150642896645,-1.425779009943253e-05,-0.07427861572307931,-0.0007068648412364806,0.11549656534849345,-0.06298901285352251,-0.08615822211654599,1.3943245043169395e-05,0.15815414535430625,-0.020232404694490825,0.0,0.002078739499002724,0.00217820581307393,7.504915783575466e-07,0.0043691176231024365,1.326450231542431e-06,496.765289,144.047348,390.223724,163.328323,89.98114,163.315552
61.176089856,111.92550399999845,8.934514156845019,1,-16.264189,-72.633614,108.266731,-0.014216,54.357178,-16.243126,-0.283863648216644,-1.2676957119226486,1.8896109263210128,-0.00024811600646351385,0.9487117281926262,-0.2834960295162965,-0.28386364821664417,-1.2675560124448833,1.889760895814765,-0.00024816836634107385,0.9484195841780089,-0.2834959547164716,0.0,0.028543336773198646,0.0288615339085716,-1.0301081807955262e-05,-0.05800074273505729,1.7806988515278732e-05,8.91721318673348e-06,0.023270402035864904,0.01880941135051542,-8.388096023299888e-06,-0.03988501969333769,1.3074956695765893e-05,-0.005303134232037566,-0.0983944269737667,-0.1120078960105777,3.469922428734782e-05,0.21286973685902447,0.0017134261684486462,0.0,0.002771809744969822,0.0028378530038650762,9.948376736367654e-07,0.005678114562098324,1.7627825444899159e-06,496.765289,144.047363,387.749451,163.328323,89.98114,163.315552
61.288052224,111.96236800000037,8.931572436910201,1,-16.264189,-72.459282,108.440552,-0.014278,54.008957,-16.243019,-0.283863648216644,-1.264653044531062,1.892644675080122,-0.0002491981105997504,0.9426341252180391,-0.28349416201399685,-0.28386364821664417,-1.2641829991057891,1.893119856760053,-0.000249383447944129,0.9416507551886977,-0.28349386697024254,-1.1102230246251565e-16,0.02631791667268546,0.026029326763511218,-9.482635120017127e-06,-0.0525620381484222,1.6260390925948442e-05,2.8230097100344674e-16,0.011764262600333468,0.006349767643520972,-4.363184530435835e-06,-0.015958225587699465,5.859892463318666e-06,-0.030705031762086714,-0.08538049414954643,-0.09178003119694232,3.136035803957344e-05,0.17475830567813205,0.005427428206031876,0.0,0.003042667391586651,0.0030337487591092227,1.0821041362365407e-06,0.0060776029745870375,1.8675022996350599e-06,496.765289,144.047363,385.139435,163.328323,89.98114,163.315552
61.469245952,181.19372800000377,5.5189548282818,1,-16.264189,-72.19117,108.706383,-0.014377,53.468781,-16.242853,-0.283863648216644,-1.2599736073669547,1.897284301283991,-0.00025092598655922476,0.9332062754777862,-0.2834912647674385,-0.28386364821664417,-1.2605311087477191,1.896671635863337,-0.00025069992486563325,0.9344417051265926,-0.2834916204821624,0.0,0.026092935663508676,0.02498726471194601,-9.445725000772594e-06,-0.051035485889643795,1.594101207214038e-05,1.0733730555559235e-16,0.003467520119479428,-0.0028086554449993084,-1.689526373667652e-06,0.0004777248297051506,1.2046368899838234e-06,0.0005122395840556064,-0.0376225558378661,-0.037277583898229605,1.179622778640214e-05,0.06819112856838713,-0.0001267601763574217,0.0,0.004679437164107236,0.0046396262038690406,1.7278759594743678e-06,0.009427849740252903,2.8972465583310125e-06,496.765289,144.047363,381.089447,163.328323,89.98114,163.315552
61.583192832,113.9468800000003,8.776019141550847,1,-16.264189,-72.012093,108.869392,-0.01444,53.132782,-16.242746,-0.283863648216644,-1.2568481241023608,1.9001293450443746,-0.0002520255439879812,0.9273419866443777,-0.2834893972651389,-0.28386364821664417,-1.2571323750732148,1.8999047436095917,-0.00025193245976120834,0.9278202908014508,-0.28348955018922595,2.220446049250313e-16,0.030355114147149642,0.02833267903067327,-1.1028288100956886e-05,-0.058536044146745514,1.8422708122578513e-05,3.1335647228223936e-16,0.001200820398228039,-0.004831090050260639,-1.1099994545379763e-06,0.0038805336998731232,1.722965045771141e-07,0.0017848162319769353,-0.015530814256704823,-0.013077750030456081,3.910175309426581e-06,0.021727074047794025,-0.000315248687700285,0.0,0.0031254832645939423,0.0028450437603835255,1.0995574287564307e-06,0.005864288833408504,1.8675022996350599e-06,496.765289,144.047363,378.479431,163.328323,89.98114,163.315552
61.700186112,116.99327999999554,8.547499480312357,1,-16.264189,-71.83741,109.030563,-0.014504,52.796875,-16.242638,-0.283863648216644,-1.2537993306050998,1.9029423096531062,-0.00025314255470925757,0.9214793035138812,-0.2834875123095467,-0.28386364821664417,-1.2535176352949378,1.9032145353054144,-0.000253248105573545,0.9209207491178028,-0.2834873643721151,0.0,0.03105982929931006,0.028085658541654013,-1.1411296888380433e-05,-0.05905278023305982,1.8835538259542872e-05,2.38926718275081e-16,0.0007659576864428586,-0.004327697186554583,-1.0932388138325445e-06,0.0029810646010470787,3.63918908590058e-07,3.5490269756791683e-06,0.007900506519031254,0.009587118944625935,-3.3644528471058913e-06,-0.01995565736747572,6.672690506132956e-06,0.0,0.0030487934972609487,0.002812964608731594,1.1170107212763749e-06,0.005862683130496538,1.8849555921685024e-06,496.765289,144.047363,375.959442,163.328323,89.98114,163.315552
61.812102912,111.91680000000304,8.935209012408976,1,-16.264189,-71.654648,109.195541,-0.014572,52.449078,-16.242529,-0.283863648216644,-1.2506095319575696,1.9058217189464615,-0.0002543293786006137,0.9154091007353224,-0.28348560990066207,-0.28386364821664417,-1.250024084531046,1.9063358680108253,-0.00025454297365669126,0.9143032983522811,-0.2834852400570827,0.0,0.027372738987445633,0.024374101459831543,-1.0174382350498432e-05,-0.05182000324929392,1.6650269198170697e-05,-1.4878531139851061e-16,0.0020544068255700237,-0.0028742188907072766,-1.535017020907478e-06,0.0002715517194813305,1.276582481898536e-06,-6.716553038013075e-16,0.011469484618440468,0.011471019437191143,-3.863721790185181e-06,-0.021954144479286557,7.279363450430209e-06,0.0,0.0031897986475302176,0.002879409293355284,1.1868238913561517e-06,0.006070202778558742,1.9024088846464338e-06,496.765289,144.047363,373.439453,163.328323,89.98114,163.315552
61.99145472,179.35180799999983,5.575633784522545,1,-16.264189,-71.367363,109.447624,-0.014678,51.909618,-16.242355,-0.283863648216644,-1.2455954628159778,1.9102213972847664,-0.0002561794276077277,0.9059937475525138,-0.2834825730277636,-0.28386364821664417,-1.2462192493084057,1.9096969383111806,-0.0002559666636608181,0.9071098357426147,-0.2834829237558325,2.220446049250313e-16,0.02696747354875928,0.023447848732567778,-1.0100155248584037e-05,-0.05050934343840652,1.6366160829894838e-05,-3.823091334889447e-17,0.004916305967843121,-0.0008561645049127709,-2.4569925324486767e-06,-0.003924284572849324,2.8017228133469797e-06,-1.3460229595286824e-15,-0.00025458751053779316,-0.0014287834966872307,7.902693495123842e-07,0.004648903860222061,-9.726567592959478e-07,0.0,0.005014069141591859,0.004399678338304902,1.8500490071139773e-06,0.009415353182808617,3.0368728984875304e-06,496.765289,144.047363,369.389435,163.328323,89.98114,163.315552
62.108299008,116.8442880000029,8.55839867841871,1,-16.264189,-71.18634,109.607544,-0.014749,51.562126,-16.242241,-0.283863648216644,-1.2424360154441403,1.9130125278245558,-0.0002574186113766437,0.8999288680281737,-0.2834805833524163,-0.28386364821664417,-1.2426303171320012,1.91279504816423,-0.00025731139829402133,0.900416346799348,-0.28348074874314083,0.0,0.03222160780493244,0.027295834957618226,-1.2119767568659996e-05,-0.059524993870289755,1.952762761825433e-05,-9.797788093224902e-17,0.004033593559343823,-0.002133137304101737,-2.0206720822885284e-06,-0.0012465408874955952,2.0592740704250887e-06,-2.4482552396840915e-16,-0.006104181647429558,-0.005924525619205702,2.424501396251794e-06,0.013313358248986721,-3.905030480442942e-06,0.0,0.003159447371837487,0.0027911305397894104,1.2391837689159843e-06,0.006064879524340094,1.9896753472581352e-06,496.765289,144.047363,366.779449,163.328323,89.98114,163.315552
62.221412864,113.11385599999824,8.840649902342783,1,-16.264189,-70.990471,109.76548,-0.01482,51.214771,-16.242126,-0.283863648216644,-1.2390174564915515,1.9157690310319853,-0.0002586577951455596,0.8938663796049088,-0.2834785762237765,-0.28386364821664417,-1.238820685578355,1.9159681041175785,-0.00025874921715399765,0.8934380201221558,-0.2834784399218732,0.0,0.03315265553244906,0.027140550609752623,-1.2567331723972947e-05,-0.06020602286656329,2.0042599577552167e-05,-4.703884852028162e-16,0.0010300687920047624,-0.004496126082373708,-9.428500994467746e-07,0.004030441265803764,3.252465005240614e-07,1.0217818769805277e-15,-0.007478966404379066,-0.00525828771304925,1.7434239399248048e-06,0.010108088352512479,-3.0030825404629203e-06,0.0,0.0034185589525888016,0.0027565032074294837,1.23918376891593e-06,0.006062488423264956,2.007128639847089e-06,496.765289,144.047363,364.169434,163.328323,89.98114,163.315552
62.333726464,112.31360000000024,8.903641233118677,1,-16.264189,-70.805878,109.916077,-0.014891,50.879528,-16.242014,-0.283863648216644,-1.2357957008654177,1.9183974445256113,-0.0002598969789144756,0.8880152854606455,-0.2834766214550143,-0.28386364821664417,-1.2351559579080824,1.918914726871537,-0.0002601446494464254,0.886841884813456,-0.28347623000259653,0.0,0.028569263116980714,0.022830611615353824,-1.0878386656998492e-05,-0.051261158319885425,1.72159724676213e-05,-2.476835184817073e-16,0.0003288041236302608,-0.004521269170371572,-8.535384402586746e-07,0.004063012117379819,2.1773826620857779e-07,8.404599954286772e-16,-0.0027579037068069653,-0.0007965970999446181,-3.966358397437591e-07,-0.00037411101775868764,4.626865676685613e-07,0.0,0.0032217556261338043,0.0026284134936260806,1.2391837689159843e-06,0.005851094144263325,1.95476876219125e-06,496.765289,144.047363,361.649445,163.328323,89.98114,163.315552
62.513671936,179.945472,5.557239028498589,1,-16.264189,-70.505608,110.154205,-0.015006,50.341049,-16.241833,-0.283863648216644,-1.230555000720454,1.9225535621668004,-0.00026190410755426907,0.8786170539577989,-0.2834734624090682,-0.28386364821664417,-1.2311856048013836,1.9220413022135772,-0.00026165643702231957,0.8797708537263804,-0.28347384139484877,0.0,0.028035490814514397,0.02195445629793369,-1.0777281039218599e-05,-0.049891348529739865,1.692433676447891e-05,4.3983652326776085e-16,0.0024845280421952887,-0.0025837397719838395,-1.969094926919699e-06,-0.0008012548609646064,1.9635053116416184e-06,6.1410243044882795e-16,0.006718946890477926,0.005913844943003755,-3.348448935428165e-06,-0.01539861411556078,5.627167447920602e-06,0.0,0.005240700144963695,0.004156117641189061,2.007128639793475e-06,0.009398231502846577,3.1590459461106057e-06,496.765289,144.047363,357.599457,163.328323,89.98114,163.315552
62.629072128,115.40019199999563,8.665496847700547,1,-16.264189,-70.316544,110.299942,-0.015079,50.006191,-16.241718,-0.283863648216644,-1.2272552114234634,1.9250971526587795,-0.00026317819790822494,0.8727726793311558,-0.2834714552804284,-0.28386364821664417,-1.2275083872225405,1.9249137526298719,-0.0002630759714806083,0.8732292100902554,-0.2834716181778254,0.0,0.03308230415878022,0.025376555577366844,-1.288332340557705e-05,-0.058645253614723725,2.009930854107722e-05,4.366044762063295e-17,0.0036457510833906304,-0.0018702647142980616,-2.4979418219266e-06,-0.002739789532536535,2.759746451900689e-06,-7.390478525826708e-16,0.008724284397494453,0.006356469034514199,-3.326332042761901e-06,-0.014816367990518633,5.420074327495963e-06,0.0,0.003299789296990596,0.002543590491979053,1.2740903539558727e-06,0.005844374626643112,2.0071286397915777e-06,496.765289,144.047363,354.989441,163.328323,89.98114,163.315552
62.743837952,114.76582400000268,8.713395374567055,1,-16.264189,-70.118927,110.448921,-0.015156,49.659546,-16.241598,-0.283863648216644,-1.2238061441155499,1.9276973267251079,-0.0002645221014322606,0.86672258274558,-0.283469360885326,-0.28386364821664417,-1.2235727229502797,1.9278815088277446,-0.00026462100342320707,0.8662751875384518,-0.283469216272331,2.220446049250313e-16,0.034135359810361976,0.025313550613564217,-1.3464412735287928e-05,-0.05980505421667104,2.0840637282804053e-05,-2.774274104578172e-16,0.003737306019169079,-0.002031497849204464,-2.395252280999761e-06,-0.0024301529095397123,2.687135712766664e-06,-2.723775028065939e-15,0.0057716119073596365,0.0030236703767112013,-1.278821274441473e-06,-0.0043296870290965035,1.466926688880731e-06,0.0,0.0034490673079135004,0.002600174066328398,1.3439035240356495e-06,0.006050096585575759,2.094395102403279e-06,496.765289,144.047363,352.469452,163.328323,89.98114,163.315552
62.856164096,112.32614400000074,8.90264692073818,1,-16.264189,-69.926392,110.590858,-0.015232,49.325031,-16.241482,-0.283863648216644,-1.2204457744402228,1.9301745947055111,-0.0002658485516637763,0.8608841945982713,-0.2834673363033937,-0.28386364821664417,-1.2197557601826658,1.9306648909367645,-0.00026613362210826887,0.8596441581113499,-0.28346688501111583,0.0,0.029643690823399016,0.021504839605323234,-1.1767112686591487e-05,-0.0512995179976623,1.8066258457127837e-05,-2.918426541789736e-16,0.0033983630982287877,-0.002216310216467121,-2.07513874974356e-06,-0.001338611714276558,2.2242307669469513e-06,-1.859087182074092e-15,0.00045586012763840396,-0.0006673987283766728,6.981620803836094e-07,0.005043028443881309,-1.976719090786827e-06,0.0,0.0033603696753270462,0.002477267980403264,1.3264502315157053e-06,0.0058383881473087484,2.024581932269509e-06,496.765289,144.047363,349.949432,163.328323,89.98114,163.315552
63.039641344,183.47724800000265,5.450267054365158,1,-16.264189,-69.613419,110.815041,-0.015359,48.775864,-16.241287,-0.283863648216644,-1.2149833651203783,1.9340873261825096,-0.00026806511981380905,0.8512994223049715,-0.2834639329113523,-0.28386364821664417,-1.215616721003762,1.933629140685059,-0.0002677833738059873,0.8525497853233016,-0.28346437589253887,-2.220446049250313e-16,0.030094450727059296,0.02127304736839264,-1.2006310170464352e-05,-0.05157644939429762,1.8332113084884583e-05,-7.373297647107503e-16,0.0046618161524702995,-0.0014212591844836864,-2.5000156117791557e-06,-0.002211114272964221,2.461714518460636e-06,1.6110108021360476e-15,-0.010458840626774966,-0.007280740068568587,3.7176742348791045e-06,0.02182482158199446,-7.427913106263803e-06,0.0,0.005462409319844541,0.003912731476998443,2.2165681500327513e-06,0.009584772293299793,3.4033920414122676e-06,496.765289,144.047363,345.809448,163.328323,89.98114,163.315552
63.150688768,111.04742399999878,9.005161614554975,1,-16.264189,-69.409409,110.95694,-0.015438,48.441841,-16.241167,-0.283863648216644,-1.2114227189133848,1.936563930937797,-0.0002694439299228846,0.8454696211775824,-0.2834618385162499,-0.28386364821664417,-1.211768342309612,1.9363353784100314,-0.0002693192635477423,0.8459546556566947,-0.28346202717803115,0.0,0.035322991479532106,0.024433630137874474,-1.4170319273451408e-05,-0.05994499213421278,2.1526755457523805e-05,-3.4252649376006173e-16,0.003176105572314042,-0.002573566859083498,-2.04640203234644e-06,0.00039135740092732796,1.6176700118970193e-06,2.3015213232832566e-15,-0.009421936466932589,-0.006440212329811118,2.486448889450598e-06,0.018096926230587788,-5.536673496553462e-06,0.0,0.0035606462069934786,0.002476604755287548,1.378810109075538e-06,0.005829801127389067,2.094395102403279e-06,496.765289,144.047363,343.289459,163.328323,89.98114,163.315552
63.264326656,113.63788799999952,8.799881954863542,1,-16.264189,-69.210732,111.092033,-0.015519,48.108025,-16.241047,-0.283863648216644,-1.2079551511153999,1.9389217485841939,-0.000270857646617,0.839643432881745,-0.2834597441211475,-0.28386364821664417,-1.207676663886625,1.9391193514376694,-0.00027096901524546074,0.839078118243697,-0.28345953717496497,-2.220446049250313e-16,0.03572710836131332,0.02389669705455333,-1.4473081255358651e-05,-0.05945189259236949,2.166001804071449e-05,4.741475067083187e-16,-0.00037922984955091055,-0.00493823160442057,-8.944839052507785e-07,0.006324505086014343,-2.730652349263498e-07,2.449033352264188e-15,-0.0008808012639243256,-0.0006501504855219494,-1.3239947077240225e-06,-0.0009910465813072738,1.7145965153551785e-06,0.0,0.0034675677979849606,0.0023578176463967537,1.4137166941154264e-06,0.0058261882958373645,2.094395102403279e-06,496.765289,144.047348,340.76944,163.328323,89.98114,163.315552
63.375837184,111.51052799999661,8.967763115604926,1,-16.264189,-69.010384,111.225243,-0.0156,47.762508,-16.240921,-0.283863648216644,-1.2044584188656144,1.9412467016807755,-0.0002722713633111154,0.8336130236101318,-0.28345754500629,-0.28386364821664417,-1.2037232637447275,1.9417182190003863,-0.00027257804259396605,0.8325646849460486,-0.28345714939832645,-1.1102230246251565e-16,0.030974955985781705,0.020251533576164604,-1.2669451023368159e-05,-0.05103448941061117,1.877233578684301e-05,3.380801803630601e-16,1.5662139984204404e-05,-0.004552499666032071,-1.1792888269481303e-06,0.005563655686942948,1.1697791643103711e-07,1.5847832757804941e-15,0.002438596514279528,0.001747625602187882,-2.0851207689715228e-06,-0.008324213576084587,4.0250225568572275e-06,0.0,0.003496732249785417,0.00232495309658165,1.4137166941153721e-06,0.006030409271613246,2.199114857492912e-06,496.765289,144.047348,338.159454,163.328323,89.98114,163.315552
63.555878144,180.04095999999947,5.554291645634432,1,-16.264189,-68.684898,111.435371,-0.015735,47.238743,-16.240726,-0.283863648216644,-1.1987776164964683,1.944914127131406,-0.00027462755780130775,0.8244715998534237,-0.2834541416142486,-0.28386364821664417,-1.199448260923766,1.9444764201638456,-0.0002743474740118212,0.8255206266758989,-0.2834545372222126,0.0,0.03027557877361975,0.01929239741431843,-1.2552017639505617e-05,-0.049440694758641435,1.8486932541028622e-05,2.2762388313363717e-16,0.004649670534757233,-0.0014450530277836382,-3.125664493613286e-06,-0.003449064811452851,3.4241107712982617e-06,-7.609217387575423e-16,0.0002830759381690015,0.0008936075218008536,3.016887509389293e-07,-0.005360140667407621,1.8432054412265704e-06,0.0,0.005680802369146143,0.0036674254506305903,2.356194490192359e-06,0.009141423756708122,3.4033920414122676e-06,496.765289,144.047348,334.199432,163.328323,89.98114,163.315552
63.67219456,116.31641600000364,8.59723875948833,1,-16.264189,-68.472878,111.568199,-0.015823,46.893848,-16.240597,-0.283863648216644,-1.1950771694163898,1.9472324130702452,-0.0002761634475430628,0.8184520465297579,-0.28345189013951355,-0.28386364821664417,-1.1954359326485573,1.94701896678271,-0.00027601218567455674,0.8189946519409108,-0.28345208794349563,0.0,0.03652880353111865,0.022725871961993604,-1.52816238365766e-05,-0.05890852482449205,2.2305316943693754e-05,3.1497569014987177e-16,0.003359080848127194,-0.002358592508819632,-2.5345529080276032e-06,-0.001697302044555704,2.8020851450199455e-06,-7.888864148154533e-16,-0.004638269311217712,-0.0020661862201934757,2.720776049299931e-06,0.0035122423823292885,-1.6117960993735516e-06,0.0,0.0037004470800785505,0.002318285938839093,1.5358897417550358e-06,0.006019553323665772,2.2514747350377284e-06,496.765289,144.047348,331.589447,163.328323,89.98114,163.315552
63.783022336,110.82777600000071,9.023008816851053,1,-16.264189,-68.266487,111.694511,-0.01591,46.561104,-16.240469,-0.283863648216644,-1.1914749669199063,1.9494369733550243,-0.0002776818839922978,0.8126445681635018,-0.283449656118071,-0.28386364821664417,-1.1911727548488324,1.9496291773233467,-0.0002778082125857757,0.8121699424956059,-0.2834494840784735,-2.220446049250313e-16,0.03734490757539355,0.02248998940749658,-1.5794358049649355e-05,-0.05970454620151733,2.293147540544105e-05,7.138311562327919e-17,-0.0004534325425415986,-0.004655327299949788,-7.839347565181026e-07,0.0044039265147073625,4.831123361537953e-07,-1.0110515572950853e-15,-0.007619591294771539,-0.004322387481097444,3.536342341575369e-06,0.012823750815535273,-4.493996026825114e-06,0.0,0.0036022024964834642,0.0022045602847791113,1.5184364492350374e-06,0.005807478366256058,2.234021442559797e-06,496.765289,144.047348,329.069458,163.328323,89.98114,163.315552
63.895497728,112.47539200000034,8.890833650084073,1,-16.264189,-68.058456,111.818932,-0.015998,46.228619,-16.240341,-0.283863648216644,-1.18784414102369,1.951608529463648,-0.0002792177737340528,0.8068416102000086,-0.28344742209662843,-0.28386364821664417,-1.187100420491722,1.952037527238244,-0.00027953775076358526,0.8056686616762063,-0.2834469691421323,1.1102230246251565e-16,0.03185144958277464,0.018725043615719805,-1.3559967493411676e-05,-0.05069016723983166,1.9651562095712727e-05,1.335545351059755e-16,-0.0007130639340792028,-0.004675438901478937,-6.535099234339785e-07,0.004795079176179759,3.2630249755994956e-07,-1.274335965292891e-15,-0.0010450969982006598,-0.000794960212008743,5.140972131052996e-08,0.004333273098828791,-9.29962754911248e-07,0.0,0.0036308258962163276,0.00217155610862374,1.5358897417549816e-06,0.005802957963493283,2.234021442559797e-06,496.765289,144.047348,326.459442,163.328323,89.98114,163.315552
64.07208832,176.5905920000037,5.662815831094665,1,-16.264189,-67.720703,112.014893,-0.016143,45.694836,-16.240133,-0.283863648216644,-1.1819492391152016,1.9550286941191486,-0.00028174850114944466,0.7975253393588356,-0.28344379181178425,-0.28386364821664417,-1.1826831941144518,1.9545991586169242,-0.0002814285241199125,0.7986889844466166,-0.2834442497529358,0.0,0.030700280670259872,0.017586179800579416,-1.3183836761997527e-05,-0.048292020701940164,1.9029315026619642e-05,-7.494932870476155e-17,0.002187170539823702,-0.0028745026716483907,-2.0482604495476216e-06,0.000839407052574348,1.971654476737723e-06,4.946180362797739e-16,0.01577388921553479,0.008901583340567483,-8.14552843018869e-06,-0.024971614890655663,9.485703930357016e-06,0.0,0.0058949019084884036,0.003420164655500546,2.5307274153918554e-06,0.009316270841172924,3.630284844180487e-06,496.765289,144.047348,322.499451,163.328323,89.98114,163.315552
64.191959808,119.87148799998693,8.342267345510127,1,-16.264189,-67.508423,112.134338,-0.016234,45.363071,-16.240002,-0.283863648216644,-1.1782442541790679,1.9571134026441932,-0.0002833367507687594,0.7917349477659565,-0.28344150543046415,-0.28386364821664417,-1.1785404082954205,1.956957870536785,-0.0002832104221752819,0.7921867453583468,-0.2834416733145162,0.0,0.03709225068668065,0.020709730718301955,-1.608525712522486e-05,-0.05780855685621411,2.3100774723339157e-05,-3.6807619860495757e-16,0.0045550112815363475,-0.0017268952173495056,-3.310944604031449e-06,-0.002712877129858543,3.4754069967713846e-06,8.792851282937816e-16,0.01768391380219223,0.009413038863728455,-9.163627710511955e-06,-0.02849901944723947,1.0522876609966296e-05,0.0,0.003704984936133693,0.0020847085250446096,1.58824961931476e-06,0.005790391592879085,2.2863813201046135e-06,496.765289,144.047348,319.979431,163.328323,89.98114,163.315552
64.304263936,112.30412800000522,8.904392187613562,1,-16.264189,-67.286858,112.256035,-0.016331,45.019775,-16.239864,-0.283863648216644,-1.1743772154218866,1.9592374159839927,-0.00028502972014319395,0.7857433022570303,-0.2834390968760964,-0.28386364821664417,-1.1741083898371851,1.9593923164484361,-0.0002851452443174928,0.7853195014080614,-0.2834389098765339,0.0,0.03834767880021683,0.020701848101724707,-1.6858545754349936e-05,-0.05897282038562812,2.390290468357037e-05,2.340391719405682e-16,0.006283390433223901,-0.0009160985264579785,-4.290530140116771e-06,-0.006087552152533843,4.549520203888524e-06,7.13605703390369e-16,0.009691926003002244,0.00397351989268047,-5.053205980411808e-06,-0.014137051658759035,5.330696980195255e-06,0.0,0.003867038757181307,0.002124013339799502,1.6929693744345336e-06,0.00599164550892628,2.408554367727689e-06,496.765289,144.047348,317.279449,163.328323,89.98114,163.315552
64.420126208,115.8622720000011,8.63093725626225,1,-16.264189,-67.071304,112.37159,-0.016426,44.688633,-16.239725,-0.283863648216644,-1.170615088406043,1.9612542312011347,-0.00028668778293258854,0.7799637840653911,-0.28343667086843616,-0.28386364821664417,-1.169798829497034,1.9616742854099778,-0.0002870543020755076,0.7787468582310937,-0.2834362245628133,-2.220446049250313e-16,0.03277850426737672,0.017252565920819585,-1.4565413778467131e-05,-0.05004277167591509,2.049921342139882e-05,5.548229439306905e-16,0.005216925047624707,-0.001390463732472258,-3.7621857069026303e-06,-0.004608491145686955,3.6614394834712734e-06,7.383424264827746e-16,-0.006273379194116122,-0.004251156622296467,3.0183765387968784e-06,0.013138072299132674,-5.360040577597884e-06,0.0,0.0037621270158436637,0.0020168152171420317,1.658062789394591e-06,0.0057795181916391325,2.4260076602611313e-06,496.765289,144.047348,314.75943,163.328323,89.98114,163.315552
64.599801344,179.67513600000018,5.565600351069159,1,-16.264189,-66.713707,112.557259,-0.016586,44.145306,-16.239506,-0.283863648216644,-1.1643738433607886,1.9644947665700203,-0.0002894803097357795,0.7704809390004078,-0.2834328485973742,-0.28386364821664417,-1.1651400844578734,1.9640934497173639,-0.00028913872386788933,0.7716181672832962,-0.28343328742301493,2.220446049250313e-16,0.033933667410757984,0.017348696291881183,-1.528300730438718e-05,-0.05164369900382759,2.1358013641226137e-05,-1.1319075161947716e-16,0.003119990376259818,-0.0027174625229052646,-2.6527206544000475e-06,8.402309280375331e-05,2.1418660732695164e-06,-1.1384418522400862e-15,-0.05409031932759535,-0.026519591332820044,2.6370842423483758e-05,0.09159080290467989,-3.780891467321277e-05,0.0,0.006241245045254251,0.0032405353688855776,2.7925268031909643e-06,0.009482845064983314,3.822271061937332e-06,496.765289,144.047348,310.709442,163.328323,89.98114,163.315552
64.714020096,114.21875199999931,8.755129805655782,1,-16.264189,-66.486061,112.671646,-0.016689,43.803242,-16.239363,-0.283863648216644,-1.1604006711317938,1.9664911963414988,-0.00029127799886533365,0.764510795947866,-0.28343035277654394,-0.28386364821664417,-1.1606829964227061,1.966357050335192,-0.00029115167027185616,0.7648504927046188,-0.28343048409179256,2.220446049250313e-16,0.039507864186332675,0.019689468996826776,-1.791724785530865e-05,-0.059357426201381625,2.4744289023548305e-05,1.3228549855014145e-16,-0.00294801483812851,-0.005695499346526703,3.1245714139451516e-07,0.01063073155273675,-2.16597349433769e-06,-1.4598826001333505e-15,-0.09769603783287407,-0.0445187236662627,4.7204175502654677e-05,0.1526754649337049,-6.540234545080665e-05,0.0,0.003973172228994848,0.001996429771478514,1.7976891295541446e-06,0.005970143052541843,2.495820830283879e-06,496.765289,144.047348,308.099457,163.328323,89.98114,163.315552
64.830182656,116.16256000000647,8.608625705218138,1,-16.264189,-66.264656,112.780128,-0.01679,43.461555,-16.239218,-0.283863648216644,-1.1565364249014156,1.9683845644206475,-0.0002930407814098479,0.7585472327866041,-0.28342782204912853,-0.28386364821664417,-1.1560363074531308,1.9686290310267573,-0.00029326767421260734,0.7579429117019924,-0.2834275860141251,-2.220446049250313e-16,0.038042150051114554,0.018262955503587364,-1.738149341265591e-05,-0.05591657454300414,2.37630699897462e-05,3.508624175383541e-17,-0.021580242512513004,-0.014154122053230911,9.24514498383624e-06,0.03949292915604449,-1.4717598579227202e-05,-5.753067679509163e-17,-0.1369280235142736,-0.057738773990007076,6.569279034570203e-05,0.1957068445936599,-8.810755991878213e-05,0.0,0.0038642462303781766,0.0018933680791486385,1.7627825445142562e-06,0.005963563161261898,2.5307274154062753e-06,496.765289,144.047348,305.489441,163.328323,89.98114,163.315552
64.943294464,113.11180799999931,8.84080997096259,1,-16.264189,-66.034019,112.890236,-0.016896,43.133244,-16.239079,-0.283863648216644,-1.1525110498744935,1.9703063115534334,-0.00029489083041696194,0.752817124866089,-0.28342539604146827,-0.28386364821664417,-1.151949107877448,1.9705520796764997,-0.0002951418253855822,0.7520088903160935,-0.2834250286912164,0.0,0.030262141726065117,0.01417477902426345,-1.3883248855925032e-05,-0.04374426228827222,1.8849189723946225e-05,-3.188565339011307e-16,-0.03500719009881884,-0.019626560126254432,1.5673789736731828e-05,0.05784506357023915,-2.312592174085622e-05,-1.6049797217220898e-17,-0.12023885188382351,-0.048056544629663675,5.7682689394647117e-05,0.16249720335455708,-7.54307254945124e-05,0.0,0.004025375026922129,0.0019217471327859226,1.8500490071140315e-06,0.005730107920515093,2.4260076602611313e-06,496.765289,144.047348,302.993805,163.328323,89.98114,163.315552
65.128043776,184.7493119999939,5.412740048526043,1,-16.264189,-65.73394,113.028046,-0.017033,42.706566,-16.238894,-0.283863648216644,-1.1472736833084014,1.9727115497956067,-0.00029728193149219413,0.7453701889202647,-0.283422167182352,-0.28386364821664417,-1.1481301205279015,1.9723179348316067,-0.0002968962968384203,0.7465576743745188,-0.28342268080781785,2.220446049250313e-16,0.023513919232050817,0.010721257407118046,-1.079810628294535e-05,-0.03305253770969463,1.427917419061231e-05,1.3529669212095074e-16,-0.05318562506687867,-0.026064928959913615,2.4399926649395957e-05,0.07955688549796577,-3.3881962485494696e-05,-9.761633430692072e-16,-0.050589670767291955,-0.014064756625317906,2.4728214717484987e-05,0.05121155942502342,-2.7041771019668766e-05,0.0,0.005237366566092083,0.002405238242173313,2.3911010752321934e-06,0.00744693594582424,3.228859116244376e-06,496.765259,144.047348,299.856506,163.328323,89.98114,163.315552
65.24416512,116.12134400000684,8.611681242683009,1,-16.264189,-65.608688,113.084045,-0.017091,42.531311,-16.238817,-0.283863648216644,-1.1450876235136935,1.973688916723431,-0.00029829422245835084,0.742311412139682,-0.28342082327882806,-0.28386364821664417,-1.1451921720603253,1.973647795104037,-0.00029824518701746167,0.7424607217327539,-0.2834209080519633,0.0,0.020384667386847077,0.009143060118702806,-9.347979395852657e-06,-0.02841102797341888,1.2299159892092959e-05,-2.1006653768838295e-16,-0.057641739537510193,-0.02722268850019125,2.6616695264144485e-05,0.08389221307281294,-3.62521372786949e-05,2.0878452518701682e-16,-0.0065532948936266044,0.006323010733194051,3.926750527353349e-06,-0.01297750459481195,1.8488933220264727e-06,0.0,0.002186059794707873,0.0009773669278243524,1.0122909661567096e-06,0.0030587767805827504,1.3439035239648511e-06,496.765259,144.047348,298.580139,163.328323,89.98114,163.315552
65.359396352,115.2312319999993,8.6782027983525,1,-16.264189,-65.524139,113.121292,-0.01713,42.414417,-16.238768,-0.283863648216644,-1.1436119650844248,1.9743389995099212,-0.00029897490086662866,0.7402712269638557,-0.28341996806749453,-0.28386364821664417,-1.1434053571631204,1.9744373006089408,-0.0002990629984383962,0.7399725254979058,-0.2834198301033729,-2.220446049250313e-16,0.010766877418454612,0.004708915272454206,-4.918466807672618e-06,-0.014832784114827025,6.422684188489569e-06,-6.369123114811549e-16,-0.048662534506726945,-0.022199804492874918,2.2512988433093804e-05,0.06873421145128597,-2.9757937193608143e-05,8.834862862554658e-16,0.06778045449841397,0.03639950758715238,-3.126148921158087e-05,-0.10908786759147684,4.641335045500363e-05,0.0,0.001475658429268778,0.0006500827864901471,6.80678408277824e-07,0.00204018517582627,8.552113335280609e-07,496.765259,144.047348,297.73819,163.328323,89.98114,163.315552
65.478223104,118.82675199998971,8.415613346059367,1,-16.264189,-65.472435,113.143806,-0.017153,42.344021,-16.238737,-0.283863648216644,-1.1427095600479737,1.9747319429377153,-0.0002993763265945874,0.7390425849836217,-0.28341942701542644,-0.28386364821664417,-1.142706711836857,1.9747343066121894,-0.00029938048214042564,0.7390383621179417,-0.2834194261843175,0.0,0.00502645020839676,0.00214509039502353,-2.2577867124788827e-06,-0.0067023996080659565,2.9107509447179325e-06,-2.1743160230960435e-17,-0.04058228706164812,-0.018044996282358103,1.868703119609246e-05,0.056301441710999094,-2.4237540949981422e-05,6.92384050981686e-16,0.1226193644735752,0.05791105194164174,-5.7209730458762786e-05,-0.17882640837656932,7.79059564691975e-05,0.0,0.0009024050364510039,0.0003929434277940569,4.014257279587167e-07,0.0012286419802339799,5.41052068092629e-07,496.765259,144.047348,297.240143,163.328323,89.98114,163.315552
65.590973184,112.75008000001208,8.86917330790269,1,-16.264189,-65.445549,113.155373,-0.017165,42.308289,-16.238722,-0.283863648216644,-1.1422403108252823,1.9749338251722934,-0.00029958576610482666,0.7384189439352993,-0.2834191652160386,-0.28386364821664417,-1.1422312450864829,1.9749382508286124,-0.00029959075275983257,0.7384066775950948,-0.2834191502560738,-1.1102230246251565e-16,0.0030058032588966554,0.0012866381281710915,-1.3226222754042722e-06,-0.003973338974005092,1.757297218851761e-06,4.2736340497475634e-16,-0.025556656387112246,-0.011195076355862112,1.1696748876878242e-05,0.035241440674708024,-1.5119195134221134e-05,6.412571938250105e-16,0.10921628339090413,0.05018309023994023,-5.103053631223914e-05,-0.15604307742425555,6.762320524987601e-05,0.0,0.00046924922269142577,0.00020188223457817678,2.0943951023927624e-07,0.0006236410483224653,2.6179938783510437e-07,496.765259,144.047348,296.995544,163.328323,89.98114,163.315552
65.772854016,181.88083199999028,5.4981054848047615,1,-16.264189,-65.433907,113.160263,-0.01717,42.293816,-16.238714,-0.283863648216644,-1.1420371195937653,1.9750191717727161,-0.0002996730325674264,0.7381663424326581,-0.2834190255896985,-0.28386364821664417,-1.1420399087961324,1.9750190595729797,-0.000299672201458259,0.7381620015494761,-0.2834190330696812,0.0,0.0006401655593712974,0.0002672848567826236,-2.699496206358225e-07,-0.0007955321928574399,4.024885440490067e-07,-1.2195599671908612e-16,-0.005642531322299,-0.0023102059043420635,2.442971777405649e-06,0.0071685475647835974,-3.0880284477713373e-06,-6.118804046186785e-16,0.06860900065035262,0.03008442541771122,-3.158848605231969e-05,-0.0940277367524304,3.977994699627703e-05,0.0,0.00020319123151701923,8.53466004226977e-05,8.726646259972102e-08,0.00025260150264116987,1.3962634010100672e-07,496.765259,144.047348,296.905518,163.328323,89.98114,163.315552
65.892087808,119.23379200000284,8.386884147742078,1,-16.264189,-65.433685,113.160347,-0.01717,42.293636,-16.238714,-0.283863648216644,-1.1420332449628257,1.9750206378492878,-0.0002996730325674264,0.7381632008400044,-0.2834190255896985,-0.28386364821664417,-1.1419957694193494,1.975037092979699,-0.0002996904858599465,0.738110116235251,-0.28341900398086034,0.0,0.00017484422393465593,7.071855161377982e-05,-7.575731845945073e-08,-0.00020860666535771344,1.4942147430474506e-07,-2.639285831023266e-16,-0.0027039673597742896,-0.001084898398388141,1.0804472969792045e-06,0.0032714203390391957,-1.5512623275165627e-06,-6.228332570488748e-16,0.038663673101730425,0.016464553705181774,-1.703648783381305e-05,-0.05040339662216366,2.0376353642567246e-05,0.0,3.874630939648682e-06,1.4660765716989488e-06,0.0,3.1415926536881855e-06,0.0,496.765259,144.047348,296.90509,163.328323,89.98114,163.315552
66.008502528,116.41471999999453,8.589978999219746,1,-16.264189,-65.433685,113.160347,-0.01717,42.293636,-16.238714,-0.283863648216644,-1.1420332449628257,1.9750206378492878,-0.0002996730325674264,0.7381632008400044,-0.2834190255896985,-0.28386364821664417,-1.1419976186372474,1.97503617294185,-0.0002996904858599465,0.7381115814807135,-0.283418997331987,0.0,-3.0130018580099005e-05,-1.3821783578560343e-05,9.789342350413274e-09,4.668064601287547e-05,2.936264786868037e-09,-9.055209729367146e-17,-0.001810111343197315,-0.0007838663107609472,7.994383754233574e-07,0.002616278447789393,-1.3979800452116997e-06,4.2036618653995466e-16,-0.004841447844725238,-0.002681888607123373,3.5326977632993996e-06,0.01118674356648243,-6.146354375901523e-06,0.0,0.0,0.0,0.0,0.0,0.0,496.765259,144.047348,296.90509,163.328323,89.98114,163.315552
66.200673536,192.17100800000253,5.203698572471383,1,-16.264189,-65.433716,113.160324,-0.01717,42.293743,-16.238714,-0.283863648216644,-1.142033786014894,1.9750202364235598,-0.0002996730325674264,0.7381650683423041,-0.2834190255896985,-0.28386364821664417,-1.1420079277153625,1.9750316392413407,-0.0002996854992049408,0.7381313676966669,-0.28341901395417035,-2.220446049250313e-16,0.00010534005088924658,4.4007951862212735e-05,-4.235479867178982e-08,-7.033678359569251e-05,-8.177397647912699e-09,1.4941142100794167e-16,-0.0075943542966975,-0.0034350129847839175,3.813217231899499e-06,0.011764018523042478,-5.594947208082212e-06,1.9592503934110306e-15,-0.051256641231375355,-0.022767640074959163,2.60098793701449e-05,0.07919520886517581,-3.553042002058608e-05,0.0,5.410520682591624e-07,4.0142572799162224e-07,0.0,1.867502299690571e-06,0.0,496.765259,144.047348,296.906982,163.328369,89.98114,163.315598
66.312180224,111.50668800000574,8.968071942016147,1,-16.264189,-65.435989,113.159241,-0.017169,42.297867,-16.238716,-0.283863648216644,-1.1420734573487918,1.9750013345077606,-0.00029965557927490643,0.7382370457206563,-0.2834190604962835,-0.28386364821664417,-1.141985895011329,1.9750409202374155,-0.0002996946414057846,0.7381123120256718,-0.28341900979862444,0.0,-0.0011481727661255547,-0.0005243863614605715,5.808596881908858e-07,0.00188849946934333,-9.115483892152554e-07,3.697102956759205e-16,-0.013781781911762438,-0.0061723894500164125,6.906942328052111e-06,0.021137686398973534,-9.748244321745995e-06,1.2859794393116449e-15,-0.08209305201495797,-0.03715975220308061,4.006142289460751e-05,0.12513853240710218,-5.4869321038894165e-05,0.0,3.967133389792821e-05,1.890191579922984e-05,1.7453292519944204e-08,7.197737835218376e-05,3.490658501137389e-08,496.765259,144.047348,296.948944,163.328369,89.98114,163.315598
66.428470272,116.2900479999962,8.599188126571525,1,-16.264189,-65.447136,113.154121,-0.017163,42.316975,-16.238726,-0.283863648216644,-1.1422680092005115,1.9749119736500587,-0.0002995508595197868,0.7385705432341274,-0.2834192350292087,-0.28386364821664417,-1.1422826284107708,1.9749062481390043,-0.00029954670397394894,0.738581685914738,-0.28341923087366305,0.0,-0.004663451909752148,-0.002110476825398777,2.310135060849816e-06,0.0071579869591760215,-3.2970617533933932e-06,4.725749333816081e-16,-0.026308562752221442,-0.011789333733683835,1.2982504456148968e-05,0.04009584079630671,-1.8012717648906982e-05,-1.3829130760448489e-15,-0.11650576191625688,-0.05455216103440703,5.409574549660849e-05,0.17482050564969465,-7.465052866400455e-05,0.0,0.00019455185171968203,8.93608577019478e-05,1.0471975511961102e-07,0.0003334975134711149,1.7453292516789176e-07,496.765259,144.047348,297.127716,163.328369,89.98114,163.315598
66.537748736,109.27846399999908,9.150933893067974,1,-16.264189,-65.475891,113.141075,-0.017149,42.360683,-16.238745,-0.283863648216644,-1.1427698786269227,1.9746842779958433,-0.0002993065134245076,0.7393333917435891,-0.2834195666417666,-0.28386364821664417,-1.1430091017652932,1.9745778162359096,-0.00029918766481353866,0.7396844713715016,-0.2834197345258186,1.1102230246251565e-16,-0.006847647354182307,-0.0030978605699374384,3.37722920489285e-06,0.010480225248988395,-4.754624957747922e-06,3.4140154346383203e-16,-0.0362755995410976,-0.0165225066810118,1.7529469704574498e-05,0.05506914708310133,-2.4361475690579482e-05,-2.7115294627710942e-15,-0.10701773232122697,-0.051601743810688334,4.80776745179452e-05,0.1584195551170761,-6.638329705717646e-05,0.0,0.0005018694264111723,0.00022769565421532079,2.4434609527921886e-07,0.0007628485094617332,3.316125579133633e-07,496.765259,144.047348,297.487854,163.328369,89.98114,163.315598
66.71636096,178.61222400000543,5.598720947564987,1,-16.264189,-65.57399,113.096619,-0.017101,42.509968,-16.238813,-0.283863648216644,-1.1444820291698363,1.9739083744235768,-0.00029846875538355034,0.7419389065174289,-0.2834207534656579,-0.28386364821664417,-1.144290485933304,1.9739975250106607,-0.00029855768406448547,0.7416698457288328,-0.28342062630595544,0.0,-0.012233815696437667,-0.005543942192183238,5.9816402563175365e-06,0.018675001049994755,-8.366809468585146e-06,-3.889950433879513e-16,-0.05493310848193479,-0.025857468721328006,2.562130071643033e-05,0.08264592638615464,-3.567131956336334e-05,-2.5923101173573697e-15,-0.055555225278513753,-0.03082519397176263,2.1281694774249337e-05,0.07558885088796014,-2.824998023180151e-05,0.0,0.0017121505429136263,0.0007759035722665342,8.377580409572676e-07,0.0026055147738397455,1.1868238913304019e-06,496.765259,144.047348,298.711945,163.328369,89.98114,163.315598
66.829505792,113.14483200000325,8.838229571103797,1,-16.264189,-65.674767,113.050613,-0.017052,42.662052,-16.23888,-0.283863648216644,-1.1462409196301189,1.9731054182479042,-0.00029761354405007307,0.7445932730570319,-0.28342192283625683,-0.28386364821664417,-1.1460373253106562,1.973205762213258,-0.00029770496605851105,0.7443246369652206,-0.2834218147920652,0.0,-0.021476543792433134,-0.009888432173493555,1.030006318039644e-05,0.03264948711966609,-1.4442456724994557e-05,-9.035520334824342e-16,-0.06102495196353394,-0.029323617933712045,2.7890505766543676e-05,0.09062232087737385,-3.859576072591672e-05,-1.2639167246929884e-15,0.0075210924572181315,-0.0037647459981112186,-9.136996120814918e-06,-0.01938453798129325,1.4512427871500355e-05,0.0,0.0017588904602825473,0.0008029561756726089,8.55211333477266e-07,0.002654366539603048,1.1693705989079817e-06,496.765259,144.047348,299.99353,163.328369,89.98114,163.315598
66.940096768,110.59097599999745,9.042329095639982,1,-16.264189,-65.820641,112.9832,-0.016982,42.890972,-16.238981,-0.283863648216644,-1.1487869012231728,1.9719288394392573,-0.00029639181357367703,0.7485886807806973,-0.28342368561880127,-0.28386364821664417,-1.1490650676438106,1.9717997266300693,-0.00029626714719853473,0.7489283160353718,-0.28342383771177915,0.0,-0.03173504079673162,-0.014904759329059658,1.4920072275495782e-05,0.04785774722135816,-2.083631396421204e-05,-6.430127153477306e-16,-0.05209066017982783,-0.02621690208340309,2.2911981999261175e-05,0.07569031845307217,-3.126891359471144e-05,1.6798880859989424e-15,0.10865806038909212,0.042221399883484514,-5.516566666683909e-05,-0.1646552356992073,7.76714300292262e-05,0.0,0.0025459815930539698,0.0011765788086468554,1.22173047639604e-06,0.003995407723665356,1.7627825444344047e-06,496.765289,144.047348,301.771912,163.328369,89.98114,163.315598
67.049238784,109.14201599999274,9.162374277565723,1,-16.264189,-66.014954,112.891838,-0.016891,43.174351,-16.239105,-0.283863648216644,-1.1521783028526007,1.9703342717280503,-0.0002948035639543622,0.7535345773617064,-0.28342584982707375,-0.28386364821664417,-1.1529980166824205,1.9699370023770402,-0.00029443205815643785,0.7548226278563511,-0.2834263858924871,-3.3306690738754696e-16,-0.03182595307063085,-0.01515164264112201,1.4792933522017084e-05,0.04760903999274446,-2.0532728724265148e-05,-1.868539527212032e-16,-0.036761663989392984,-0.019727179470913347,1.5492032985821282e-05,0.05294549267723557,-2.0905777790845785e-05,2.7545283723408644e-15,0.1350366043602523,0.05582374514199405,-6.557596280776346e-05,-0.19758811276451357,9.052721313249062e-05,0.0,0.0033914016294278593,0.001594567711207029,1.5882496193148142e-06,0.004945896581009079,2.164208272481538e-06,496.765289,144.047348,304.010864,163.328369,89.98114,163.315598
67.234202624,184.96384000000887,5.40646214957449,1,-16.264189,-66.372139,112.720047,-0.016727,43.715645,-16.239336,-0.283863648216644,-1.1584123571413367,1.9673359531527566,-0.0002919412239810915,0.7629819398829966,-0.2834298815376459,-0.28386364821664417,-1.1575652532777903,1.9677348764110132,-0.00029232935196236856,0.7616234237975765,-0.283429301423447,-2.220446049250313e-16,-0.03347628054389151,-0.016332254978946636,1.5304670259579664e-05,0.04965921336365753,-2.1123398527889137e-05,1.6196372880631312e-16,-0.01024011807270045,-0.008470662295339798,3.0567785719388865e-06,0.015642389265055845,-4.0867177983293075e-06,1.5604305585526517e-15,0.1157369573499976,0.04986319346185517,-5.37484026169079e-05,-0.15784777023385746,7.07908179053376e-05,0.0,0.006234054288736024,0.002998318575293757,2.862339973270741e-06,0.009447362521290192,4.031710572172109e-06,496.765289,144.047348,308.150604,163.328369,89.98114,163.315598
67.347704576,113.50195199999291,8.810421163506179,1,-16.264189,-66.600632,112.606552,-0.016623,44.045815,-16.239475,-0.283863648216644,-1.1624003123090962,1.9653550917182057,-0.0002901260815590174,0.7687444934743062,-0.28343230754530613,-0.28386364821664417,-1.1619766585664504,1.9655728256979392,-0.000290318067776737,0.7681576946642754,-0.2834320723414119,0.0,-0.03969710319556441,-0.01982385945884957,1.7965279511945702e-05,0.05923826852073999,-2.484551686388059e-05,3.266416978712265e-16,-0.0006891563682766277,-0.004577774098829326,-1.4325315203335339e-06,0.0033247593066762227,1.5481529211668516e-06,1.273133876215816e-15,0.09147868947097207,0.03983648370482394,-4.1285586577072805e-05,-0.11851841262292721,5.2441274519128974e-05,0.0,0.003987955167759516,0.0019808614345508957,1.8151424220740888e-06,0.005762553591309616,2.42600766020562e-06,496.765289,144.047348,310.670593,163.328369,89.98114,163.315598
67.460264192,112.55961599999864,8.884180983702112,1,-16.264189,-66.819626,112.495003,-0.016525,44.376328,-16.239613,-0.283863648216644,-1.1662224786512085,1.9634081943908985,-0.00028841565889206296,0.7745130335449503,-0.28343471609967386,-0.28386364821664417,-1.1665376834519012,1.9632549187448805,-0.0002882685525693951,0.7750117879742016,-0.2834349172280926,-2.220446049250313e-16,-0.039277996006110705,-0.020343468070462833,1.752732175987204e-05,0.05928479554178878,-2.4379377724148554e-05,2.5921014454213897e-16,0.005105425325821089,-0.0018849933864366758,-3.87812655092037e-06,-0.003011111985927767,4.232549332509029e-06,1.177549177906571e-15,0.024539194077588478,0.010477261976287372,-9.465774761482076e-06,-0.022763581664223802,9.262653562993415e-06,0.0,0.0038221663421122987,0.0019468973273071288,1.7104226669544236e-06,0.00576854007064409,2.408554367727689e-06,496.765289,144.047348,313.190582,163.328369,89.98114,163.315598
67.572178432,111.91424000000438,8.935413402261954,1,-16.264189,-67.037041,112.381538,-0.016428,44.707172,-16.239748,-0.283863648216644,-1.1700170862444321,1.9614278565551233,-0.0002867226895176285,0.7802873506554183,-0.2834370722941641,-0.28386364821664417,-1.1707951415583344,1.96100592819511,-0.00028638276586807356,0.7814676511709184,-0.2834375460263898,0.0,-0.032989239111346436,-0.01752526146196942,1.4578285119437292e-05,0.05027272838805108,-2.041044806433412e-05,3.508632256052031e-16,0.005473950176465403,-0.0014189704287474805,-3.7520412527228435e-06,-0.002974449373140217,3.9296484959958514e-06,7.65858361481698e-16,-0.007472391030066189,-0.003332937489506994,5.232766683645518e-06,0.018290296675083206,-9.264045762675358e-06,0.0,0.0037946075932235868,0.0019803378357752255,1.6929693744344794e-06,0.005774317110468052,2.3561944902383836e-06,496.765289,144.047348,315.800598,163.328369,89.98114,163.315598
67.75553536,183.35692799999492,5.453843554796182,1,-16.264189,-67.383095,112.19516,-0.016276,45.239548,-16.239962,-0.283863648216644,-1.1760568679341283,1.9581749468018412,-0.00028406978905459707,0.7895790647140156,-0.2834408072987633,-0.28386364821664417,-1.1753260204520575,1.9585647145615073,-0.00028439225941163243,0.7884585674897816,-0.28344036348646806,-2.220446049250313e-16,-0.03295841481888484,-0.01801480640152775,1.4381990353743834e-05,0.050898491288555725,-2.034489958080421e-05,7.611137256440122e-16,0.0014248749858545295,-0.003540542341748526,-1.6443864917755545e-06,0.0036192604997706823,8.976074717098994e-07,-3.495429536745772e-16,-0.0015272835666457242,0.0008850971674142678,1.740101686113931e-06,-0.00152966430847848,-1.7438514693003168e-06,0.0,0.006039781689696211,0.003252909753282074,2.6529004630314107e-06,0.0092917140585973,3.7350045992146086e-06,496.765289,144.047348,319.850586,163.328369,89.98114,163.315598
67.867519232,111.98387200001036,8.929857328025838,1,-16.264189,-67.603905,112.072433,-0.01618,45.58305,-16.240099,-0.283863648216644,-1.1799107294554572,1.9560329565707462,-0.00028239427297268254,0.7955743056012012,-0.2834431983998386,-0.28386364821664417,-1.1795809195733638,1.9562258428796955,-0.00028254054818618315,0.7950318373230619,-0.2834429823114552,2.220446049250313e-16,-0.03784768994583132,-0.021163001656578473,1.6443548931633972e-05,0.05912336562423848,-2.3361450754322277e-05,5.251336072390893e-16,0.001082125410592688,-0.0037511092568791593,-1.4749140344489249e-06,0.0038172164910753315,7.185190369521192e-07,-1.5324871544497517e-15,0.004005555034460042,0.003913865333663105,-1.597532918650073e-06,-0.013813043328438026,3.2868495807632744e-06,0.0,0.0038538615213288274,0.00214199023109507,1.6755160819145352e-06,0.0059952408871856155,2.3911010753052686e-06,496.765289,144.047348,322.370605,163.328369,89.98114,163.315598
67.983479808,115.96057599999199,8.623620496676983,1,-16.264189,-67.81546,111.951988,-0.016089,45.915001,-16.240229,-0.283863648216644,-1.1836030607545138,1.9539307947531817,-0.00028080602335336767,0.8013679435064889,-0.2834454673278662,-0.28386364821664417,-1.1839519936274465,1.9537384819095607,-0.0002806447881748503,0.8019388506781269,-0.28344568840290496,2.220446049250313e-16,-0.037293094038417074,-0.021603678393427472,1.6063656856623318e-05,0.05923568651378419,-2.3063215758512e-05,9.387460822572516e-17,0.005368302330872127,-0.0011099404106233585,-3.4576637770758977e-06,-0.0044037063803826215,3.7507971643546646e-06,-2.605367479317782e-15,0.007704342770668341,0.005010704139505667,-4.4104879413184485e-06,-0.019442464768707188,6.657365128559834e-06,0.0,0.0036923312990566615,0.0021021618175645074,1.5882496193148684e-06,0.005793637905287641,2.268928027571171e-06,496.765289,144.047348,324.980591,163.328369,89.98114,163.315598
68.09314048,109.66067200000396,9.119039503970612,1,-16.264189,-68.032852,111.825241,-0.015996,46.259106,-16.240362,-0.283863648216644,-1.1873972669220094,1.9517186422861563,-0.00027918286714901297,0.8073737087290641,-0.28344778861577136,-0.28386364821664417,-1.187999954045999,1.951353477020073,-0.00027891275666953777,0.8084006845631038,-0.2834481892103903,0.0,-0.0321972871078402,-0.01908034252428692,1.3731334544454972e-05,0.051459386772328974,-1.9846954863456112e-05,-1.5021668946472423e-16,0.006698563126916926,-0.0002317881428823762,-4.155833515928143e-06,-0.007224840352674594,4.725470061199986e-06,-2.165751828023079e-15,-0.00028250317274688096,-0.0006735883899569237,-8.473820155928657e-07,-0.0027295601652862203,9.058449889054283e-07,0.0,0.003794206167495595,0.00221215246702533,1.6231562043547026e-06,0.006005765222575232,2.3212879051714985e-06,496.765289,144.047348,327.50061,163.328369,89.98114,163.315598
68.26813568,174.9951999999979,5.714442453278787,1,-16.264189,-68.351959,111.633537,-0.015858,46.781738,-16.240562,-0.283863648216644,-1.1929667347381707,1.9483727762969132,-0.0002767743127812608,0.816495357905347,-0.2834512792742753,-0.28386364821664417,-1.1923172943990679,1.948759732414265,-0.0002770859787191171,0.8153208178074889,-0.28345083629308915,0.0,-0.031023684516076067,-0.018836615588453398,1.3019131036796612e-05,0.04972938596087495,-1.893425220655942e-05,-4.1369182087739707e-16,0.00218065624126465,-0.0030419705993603025,-2.3565929999488846e-06,1.562337392396751e-05,1.9607984596081387e-06,-1.3845084380709763e-15,-0.03440186866848327,-0.022985114852848463,1.5322922335904738e-05,0.06207761603758774,-2.3571881509348076e-05,0.0,0.0055694678161613,0.0033458659892431353,2.408554367752192e-06,0.009121649176282887,3.490658503968458e-06,496.765289,144.047348,331.460602,163.328369,89.98114,163.315598
68.380136448,112.00076800000147,8.928510204501338,1,-16.264189,-68.557671,111.50631,-0.015775,47.102757,-16.240685,-0.283863648216644,-1.1965570864490334,1.9461522462494782,-0.0002753256895021055,0.8220981964168066,-0.2834534260292553,-0.28386364821664417,-1.1962473362178094,1.9463622234873503,-0.00027544287589473953,0.8216206153247106,-0.28345322988749194,0.0,-0.03548988959277111,-0.02206395146642315,1.4741082733841235e-05,0.05740784003330157,-2.1646161999511193e-05,-2.802434120178196e-16,-0.0021618006215312346,-0.006189838131950301,-3.779592355828985e-07,0.008381675205143851,-1.0825863125739859e-06,-6.419355832557098e-16,-0.05803029352485168,-0.04033405457164721,2.5410002931173085e-05,0.10476058430958798,-3.839440253880988e-05,0.0,0.003590351710862638,0.002220530047434943,1.4486232791552606e-06,0.005602838511459596,2.1467549799480956e-06,496.765289,144.047348,333.890594,163.328369,89.98114,163.315598
68.495876352,115.73990399999445,8.640062462813585,1,-16.264189,-68.768982,111.372528,-0.015688,47.447803,-16.240812,-0.283863648216644,-1.200245159144715,1.9438173098695752,-0.0002738072530528704,0.8281203851876431,-0.2834556425974053,-0.28386364821664417,-1.2004028305271226,1.9437298721984884,-0.0002737282976819471,0.8284037377294866,-0.2834557680948898,0.0,-0.03628494723259923,-0.02342988540462443,1.4882671387245628e-05,0.05969910208189155,-2.2160251903491357e-05,-5.882086841135169e-16,-0.010312985689562959,-0.011924302733608158,3.3574506808711643e-06,0.023649739762378524,-6.7424961882585555e-06,7.286891355080633e-16,-0.06608026309308855,-0.04914376107901568,2.7523727719559604e-05,0.11800907115754494,-4.09924092194996e-05,0.0,0.00368807269568161,0.0023349363799030076,1.5184364492350916e-06,0.00602218877083649,2.2165681500263545e-06,496.765289,144.047348,336.50058,163.328369,89.98114,163.315598
68.612606208,116.7298560000063,8.566788602908463,1,-16.264189,-68.971321,111.24144,-0.015605,47.781189,-16.240936,-0.283863648216644,-1.203776640899908,1.9415293926597208,-0.00027235862977371516,0.8339390685676968,-0.28345780680567784,-0.28386364821664417,-1.204683247193202,1.940914119218499,-0.0002719829684299527,0.8355010235551672,-0.283458381933222,-1.1102230246251565e-16,-0.032878478543537426,-0.02178769137047354,1.3422296677634954e-05,0.05484248713471329,-2.0120835830139683e-05,-5.205100190047038e-16,-0.016011585323710706,-0.01607289309516837,5.698510971159751e-06,0.03342407675920475,-1.015115885606943e-05,1.396783266119465e-15,-0.04290782884802484,-0.034779747916510124,1.6693086435928416e-05,0.07600983779357366,-2.4674488859797127e-05,0.0,0.003531481755193022,0.00228791720985444,1.4486232791552606e-06,0.005818683380053757,2.1642082725370493e-06,496.765289,144.047348,339.020599,163.328369,89.98114,163.315598
68.7933568,180.75059199999544,5.532485337586198,1,-16.264189,-69.336273,110.995735,-0.015455,48.402081,-16.241163,-0.283863648216644,-1.2101462549116464,1.9372410314211082,-0.00026974063589572364,0.8447756782669895,-0.2834617687030798,-0.28386364821664417,-1.2095650278574754,1.9376293048464905,-0.000269984981991003,0.843746160070007,-0.2834613830684262,-2.220446049250313e-16,-0.036465580691520394,-0.024902892403545707,1.4809395830111486e-05,0.06180562343533236,-2.241719124107533e-05,1.7019176131746357e-16,-0.02378505599385189,-0.022873476772891255,8.323400716809921e-06,0.046593606456942216,-1.394821569312388e-05,3.464557138185407e-15,0.01906689820644908,0.005890050249121925,-1.0430487443750944e-05,-0.03255866908500657,1.5816095752667452e-05,0.0,0.0063696140117384115,0.004288361238612648,2.6179938779915223e-06,0.010836609699292676,3.961897401982828e-06,496.76532,144.047363,343.949432,163.328354,89.98114,163.315582
68.90747392,114.11712000000307,8.762927070013449,1,-16.264189,-69.608742,110.806824,-0.015345,48.863373,-16.241329,-0.283863648216644,-1.2149017360712628,1.9339439124778732,-0.00026782077371852983,0.8528267424800993,-0.28346466594963815,-0.28386364821664417,-1.2144077472219799,1.9343025967546703,-0.00026802439546459603,0.85196566268479,-0.28346436010146464,-2.220446049250313e-16,-0.04442410498813221,-0.031161779778056342,1.78254145513845e-05,0.0759100543907385,-2.7157097409968856e-05,2.754530134196392e-16,-0.018896500341105765,-0.020394348057401007,5.972206679339187e-06,0.03824595279770954,-1.0501041976624718e-05,2.7056458861181496e-15,0.05479894683407286,0.03049293450515954,-2.436549242372992e-05,-0.09082143022751876,3.6210757656057394e-05,0.0,0.004755481159616437,0.0032971189432349224,1.9198621771938083e-06,0.008051064213109749,2.8972465583310125e-06,496.76532,144.047363,347.309418,163.328354,89.98114,163.315582
69.02284672,115.37280000000294,8.667554224219005,1,-16.264189,-69.868759,110.621025,-0.015242,49.309105,-16.241486,-0.283863648216644,-1.2194398888324207,1.9307011081809604,-0.00026602308458897574,0.8606062334615986,-0.28346740611656374,-0.28386364821664417,-1.2197649314723307,1.930472914692355,-0.0002658926004496601,0.86117655802571,-0.2834676180494017,2.220446049250313e-16,-0.04690490594822805,-0.034256698530397145,1.8490497996384277e-05,0.08117410276297221,-2.8385837821831572e-05,7.987295938904758e-16,-0.003340839613814345,-0.010489493386257764,-5.37254048153701e-07,0.012254080257981359,-8.64547519184732e-07,-9.492175852215225e-16,0.08051039699968174,0.051486828372000235,-3.208151228241611e-05,-0.12918162439392014,4.6896460339403776e-05,0.0,0.0045381527611578765,0.0032428042969128157,1.7976891295540904e-06,0.007779490981499326,2.740166925585541e-06,496.76532,144.047363,350.789429,163.328354,89.98114,163.315582
69.132221696,109.37497599999801,9.142859149061831,1,-16.264189,-70.134888,110.425079,-0.015138,49.771088,-16.241648,-0.283863648216644,-1.2240847161174608,1.9272812053248474,-0.0002642079421669016,0.8686693578998395,-0.283470233549952,-0.28386364821664417,-1.2249440148458253,1.9266158966184077,-0.00026386884962651433,0.8701937268063136,-0.2834707380332169,-1.1102230246251565e-16,-0.040607291256917755,-0.03046830651442045,1.5832543027654114e-05,0.07096331417469814,-2.4473439264927066e-05,7.256161610723939e-16,0.0031301424735221683,-0.006075578339843929,-2.908804834119936e-06,0.002149199126097512,2.6569066136805284e-06,-2.1413704612843447e-15,0.06698776097358491,0.04475531072274836,-2.533422358764175e-05,-0.1056312530302032,3.678188304513003e-05,0.0,0.004644827285040121,0.003419902856113044,1.815142422074143e-06,0.008063124438240865,2.8274333882527536e-06,496.76532,144.047363,354.149414,163.328354,89.98114,163.315582
69.316144384,183.92268799999556,5.437067122464109,1,-16.264189,-70.54142,110.113976,-0.01498,50.48859,-16.241892,-0.283863648216644,-1.2311800380321785,1.9218514336620154,-0.0002614503219487506,0.881192130189484,-0.2834744921533269,-0.28386364821664417,-1.2303267241209317,1.922495352111811,-0.00026178276561579733,0.8796951380189922,-0.28347398600784396,0.0,-0.03795770001493182,-0.029538985759966607,1.4606874829145014e-05,0.06733973034704466,-2.2885073101885922e-05,-4.613548528827718e-16,0.007390902572725011,-0.002961955730321736,-4.036116083481857e-06,-0.003294639410470701,4.0889544268564145e-06,-1.9484969422246254e-15,0.016779083950531293,0.013256257534807305,-4.729846253274946e-06,-0.025263138963694087,6.9406830951857675e-06,0.0,0.007095321914717623,0.005429771662831984,2.7576202181510217e-06,0.01252277228964449,4.258603374884817e-06,496.76532,144.047363,359.549408,163.328354,89.98114,163.315582
69.430361344,114.21696000000736,8.755267168728142,1,-16.264189,-70.799248,109.908943,-0.014881,50.951355,-16.242048,-0.283863648216644,-1.2356799855360103,1.918272932736774,-0.0002597224459892762,0.8892689031024754,-0.28347721486696,-0.28386364821664417,-1.2352786229723494,1.9186153962559465,-0.00025988285005862626,0.8884986435925668,-0.28347697052086485,2.220446049250313e-16,-0.04449617055291011,-0.035680885721451006,1.7038444390751013e-05,0.08034925549491767,-2.692622186661886e-05,-3.18123640699393e-16,0.009357397984084692,-0.0018098370385500329,-4.759371594002462e-06,-0.006284120479441935,5.100959997563935e-06,-8.2504273744035905e-16,-0.0032842218954637972,-0.0016428123460114543,2.2490493262327227e-06,0.00489095059193952,-3.5960462426493894e-06,0.0,0.004499947503831869,0.003578500925241368,1.7278759594743678e-06,0.00807677291299147,2.7227136331076096e-06,496.76532,144.047363,363.029419,163.328354,89.98114,163.315582
69.54140544,111.04409600000054,9.0054314999331,1,-16.264189,-71.045074,109.707619,-0.014788,51.398411,-16.242197,-0.283863648216644,-1.2399704586230178,1.9147591660734888,-0.00025809928978492145,0.8970715022432713,-0.28347981540754547,-0.28386364821664417,-1.2403428387477875,1.914468543819758,-0.0002579471968072479,0.8977742200044565,-0.28348004645589425,-2.220446049250313e-16,-0.04336315733040941,-0.036236403904771564,1.644230622736397e-05,0.08005732343245153,-2.6346641621932676e-05,1.145797866064113e-16,0.007572910832067431,-0.0027792544856326262,-4.07920416319728e-06,-0.00432529108372165,4.2686275502106565e-06,-2.9767112976717725e-06,-0.0251655354452541,-0.02187119374621206,8.634138634550172e-06,0.03963427934747617,-7.769152263004506e-05,0.0,0.004290473087007474,0.0035137666632851783,1.6231562043547568e-06,0.007802599140795841,2.6005405854845343e-06,496.76532,144.047363,366.389435,163.328354,89.98114,163.315582
69.656383744,114.97830399999032,8.697293012776429,1,-16.264189,-71.287834,109.502991,-0.014697,51.845699,-16.242344,-0.283863648216644,-1.2442074199151594,1.9111877337317178,-0.00025651104016560664,0.9048781505479316,-0.28348238104154583,-0.28386364821664417,-1.2450617120418979,1.9104340282542107,-0.00025617444095272216,0.9065655789175462,-0.2834829146136316,0.0,-0.03587640606213105,-0.03089427110472176,1.3432789153606573e-05,0.0669964417271578,-2.178576771394436e-05,1.121456715167239e-16,0.004912728929118371,-0.00453555064233839,-3.146383151774597e-06,-0.0008847786771941923,2.9123821540313967e-06,-0.00022929443347375738,-0.027830837448781648,-0.02499919880770886,9.070184722322206e-06,0.044562872351476955,-0.0003002553800339831,0.0,0.004236961292141572,0.0035714323417710414,1.5882496193148142e-06,0.00780664830466038,2.565634000362138e-06,496.76532,144.047363,369.869415,163.328354,89.98114,163.315582
69.83602816,179.64441600000214,5.566552093664788,1,-16.264189,-71.671532,109.167236,-0.014551,52.580986,-16.24258,-0.283863648216644,-1.2509042133484765,1.9053277035016845,-0.0002539628594576949,0.9177113296450432,-0.28348650001858056,-0.28386364821664417,-1.2500569906363193,1.9060615238612502,-0.00025431857418143483,0.9159445960075466,-0.28348594151322015,0.0,-0.03592411655820893,-0.03194729516822292,1.327902216737573e-05,0.06783734661677787,-2.174788552000706e-05,4.943432451697427e-16,-0.0006147526578438034,-0.01022720833370594,-1.4000582941095502e-06,0.00879744731906218,-1.6359510277743207e-07,0.00031608156254076973,0.0003984669494775453,-0.0014663300527067782,6.234419867721267e-07,-0.00408271242569045,0.0031277348718485335,0.0,0.006696793433317083,0.005860030230033342,2.5481807079117454e-06,0.012833179097111569,4.1189770347282995e-06,496.76532,144.047363,375.269409,163.328354,89.98114,163.315582
69.948019456,111.99129599999935,8.92926536005089,1,-16.264189,-71.906242,108.954048,-0.014468,53.012802,-16.242718,-0.283863648216644,-1.2550006756358325,1.9016068709759428,-0.0002525142361785396,0.925247940607835,-0.28348890857294834,-0.28386364821664417,-1.2546469198364014,1.9019525783141966,-0.00025262560480700035,0.9246329115127079,-0.28348871908005824,2.220446049250313e-16,-0.04199723761313212,-0.03849588962516215,1.535133422094089e-05,0.08031905206693235,-2.5445460840822776e-05,5.663999205628832e-16,-0.000308664947856363,-0.010258622591695743,-1.460802009891512e-06,0.008417038333752014,8.974130371244425e-08,0.019700906536982234,0.05874805451361453,0.03867620327333113,-7.349409750731799e-06,-0.10084718754934677,0.01973038929734249,0.0,0.004096462287356051,0.003720832525741624,1.4486232791553148e-06,0.00753661096279179,2.4085543677832e-06,496.76532,144.047363,378.50943,163.328354,89.98114,163.315582
70.06021248,112.19302400000686,8.913210147539466,1,-16.264189,-72.137848,108.737572,-0.014384,53.460777,-16.242859,-0.283863648216644,-1.2590429629032065,1.8978286520243954,-0.00025104815960686437,0.9330665793244566,-0.2834913694871936,-0.28386364821664417,-1.25947252167649,1.8974306197151694,-0.00025087695111833554,0.9339519740495748,-0.28349164624654666,0.0,-0.04146862587214972,-0.03965613878909835,1.4887382593568909e-05,0.08057159716697981,-2.5084439787548263e-05,7.314723641400499e-06,0.011202475784554716,0.0014976680842930246,-5.352487088204832e-06,-0.014764540409157811,0.00016407546821045434,0.010630585482603557,0.1261125823534904,0.13008002216918524,-4.006573965619952e-05,-0.25581504925424803,-0.003272221736362925,0.0,0.00404228726737399,0.0037782189515473963,1.4660765716752048e-06,0.007818638716621584,2.4609142452725052e-06,496.76532,144.047363,381.869415,163.328354,89.98114,163.315582
70.17361664,113.40416000000175,8.818018668803548,1,-16.264189,-72.366333,108.517838,-0.014301,53.908905,-16.242998,-0.283863648216644,-1.2630307784446255,1.8939935702458182,-0.00024959953632770906,0.9408878883948337,-0.28349379549485393,-0.28386364821664417,-1.263998367373094,1.8930078456842057,-0.00024926875487899793,0.942803570092915,-0.2834943756090531,1.1102230246251565e-16,-0.03413248314646511,-0.033512862351329,1.213490941345569e-05,0.06698407174507626,-2.059225541350962e-05,0.001108703719943799,0.02547746521283306,0.016089098495094045,-9.436262686666113e-06,-0.04374327034869835,0.0014055877652335896,-0.0629208426751108,0.1030475697778167,0.1964858580245632,-8.073821434838919e-05,-0.29667892095997,-0.0796708260301324,0.0,0.003987815541419026,0.003835081778577276,1.4486232791553148e-06,0.007821309070377147,2.4260076603166425e-06,496.76532,144.047363,385.349426,163.328369,89.98114,163.315598
70.355880448,182.26380799998765,5.48655276641684,1,-16.264189,-72.733444,108.151733,-0.014171,54.639175,-16.243221,-0.283863648216644,-1.2694380741149147,1.8876038325878044,-0.0002473306083001164,0.9536335043233728,-0.28349768757908583,-0.28386364821664417,-1.2685273397023864,1.8885070712267518,-0.0002476564030938222,0.9517697029528629,-0.2834971107893237,2.220446049250313e-16,-0.029428924502832743,-0.029605336929334314,1.0365563148927908e-05,0.058145815574106585,-1.7593665607273934e-05,0.001755565771072986,0.052040717065763256,0.047537893025595274,-1.9293520094111007e-05,-0.10125526324178588,-0.0026137487599056214,-0.28276440458209917,-0.02784211261937497,0.3116796544928817,-0.00016971132866788134,-0.27731698471206234,-0.2724090148713221,0.0,0.0064072956702891926,0.006389737658013761,2.268928027592638e-06,0.012745615928539067,3.892084231904569e-06,496.765289,144.047363,390.651581,163.328369,89.98114,163.315598
70.471427072,115.54662400000382,8.654515081288459,1,-16.264189,-72.913994,107.967575,-0.014108,54.991566,-16.243326,-0.283863648216644,-1.2725892660793903,1.8843896691439166,-0.00024623105087136004,0.959783887527768,-0.28349952017480046,-0.28386364821664417,-1.2722632776372493,1.884726494418496,-0.00024634740615482646,0.95914404733066,-0.28349933317523796,0.0,-0.026992577638132786,-0.027491258187511747,9.390194789956697e-06,0.053110301318995745,-1.5913729239480645e-05,-0.03937169765376601,0.04345635309225035,0.08843368606518717,-4.3321949136907904e-05,-0.1325103016170688,-0.04448751794131175,-0.07966774673052077,0.026286963198545538,0.1209922051271988,-4.179104557955782e-05,-0.13929316570732564,-0.02350529486850854,0.0,0.0031511919644755526,0.0032141634438878075,1.0995574287563765e-06,0.0061503832043952045,1.832595714623686e-06,496.765289,144.047348,393.215668,163.328369,89.98114,163.315598
70.58788352,116.4564480000081,8.58690108769186,1,-16.264189,-73.02626,107.851265,-0.01407,55.210602,-16.243391,-0.283863648216644,-1.2745486774174342,1.882359676690922,-0.00024556782575560216,0.9636067869081664,-0.28350065463881424,-0.28386364821664417,-1.2747799451788526,1.882138565083534,-0.00024548139040217026,0.9640718888961118,-0.2835007967584821,-1.7513946877212305e-05,-0.015091085347568978,-0.01556737595224611,5.05175306881136e-06,0.029222975542348983,-0.0003840254339086968,-0.07428504891795869,0.02837896484671261,0.11080482840770796,-5.6264575759210005e-05,-0.13841307285695606,-0.06566857948918203,0.7044911816402102,0.3140327740008302,-0.5159798359757267,0.00039237467359812944,0.20660049012601972,0.832177025478825,0.0,0.0019594113380438927,0.0020299924529945113,6.632251157578798e-07,0.00382289938039837,1.1344640137855855e-06,496.765259,144.047348,394.717926,163.328369,89.98114,163.315598
70.700401664,112.51814399999205,8.887455520063241,1,-16.264189,-73.094696,107.779922,-0.014047,55.342728,-16.243429,-0.283863648216644,-1.2757431109443291,1.8811145064426718,-0.0002451664000276435,0.9659128206356564,-0.28350131786393,-0.2838675228475836,-1.2757692343676865,1.8811104290210967,-0.000245172217791817,0.9659367424508284,-0.28358438888745174,-0.005530523557048639,-0.009554904605145964,-0.003135642192682031,-8.544829904791025e-07,0.011753324495286321,-0.006906646270802841,0.015349240260158863,0.06386011556554469,0.040156341010325225,-5.323807752598339e-06,-0.10299972053245518,0.038189109772440104,1.2629316345505768,0.5505055363262396,-0.9248553974127804,0.0006748820253169271,0.3747762704360095,1.3866739140027098,0.0,0.0011944335268949668,0.0012451702482503268,4.014257279586625e-07,0.0023060337274900533,6.632251157712155e-07,496.765259,144.047348,395.577759,163.328369,89.98114,163.315598
70.883853312,183.4516480000019,5.451027619005034,1,-16.264189,-73.130966,107.742401,-0.014035,55.409973,-16.243448,-0.283863648216644,-1.2763761418640274,1.880459641454031,-0.00024495696051740417,0.96708646729116,-0.28350164947648787,-0.2865260025464572,-1.2777502055086476,1.8823303676261274,-0.00024640641490572725,0.9666510899225955,-0.2866950127512379,-0.015127673106419826,-0.009488958168263117,0.006119283122613339,-5.20643208553077e-06,0.0027107400717829577,-0.010179362758230504,0.3608305528547851,0.21428234091141446,-0.20883995076691153,0.00017442881824207432,-0.005191084840716287,0.40447796059073265,2.075391485019016,0.9434251266533287,-1.4262399570975126,0.0010302622554056893,0.4802209032696353,2.067436337435037,0.0,0.0006330309196982409,0.0006548649886406466,2.0943951023933045e-07,0.0011736466555035685,3.3161255785785215e-07,496.765259,144.047348,396.00769,163.328369,89.98114,163.315598
70.999241216,115.3879040000021,8.666419662150911,1,-16.264189,-73.1334,107.740021,-0.014035,55.413677,-16.243448,-0.283863648216644,-1.276418623178021,1.8804181026178335,-0.00024495696051740417,0.9671511142866538,-0.28350164947648787,-0.28831772846773374,-1.2787500863527135,1.8829979469228144,-0.0002468967693146209,0.9668780043341931,-0.2873777531413605,0.05183746237656339,0.027481892657548634,-0.036191150406848394,2.851719758059949e-05,0.007671824779965419,0.06557235750958124,0.634505629882146,0.3446676601707818,-0.3927868411403525,0.00030924461149371105,0.04766572262311903,0.6783922619882425,1.7574265501747528,0.7792125064246469,-1.192514885644488,0.0008423381480340403,0.4144333966647117,1.6339158591196428,0.0,4.248131399364752e-05,4.153883619761878e-05,0.0,6.464699549380004e-05,0.0,496.765259,144.047348,396.024963,163.328369,89.98114,163.315598
71.11071744,111.47622400000046,8.970522718817564,1,-16.261858,-73.130737,107.733658,-0.014026,55.416927,-16.193478,-0.28382296459178,-1.2763721450600403,1.8803070473175292,-0.00024479988088472467,0.9672078374873436,-0.2826295084492663,-0.2752840318172972,-1.2717935496956776,1.8744427260708645,-0.00024018888722278933,0.9683476737908,-0.2723688033810361,0.18525685625042465,0.09777617028186203,-0.11884953111518826,9.243422218368547e-05,0.0199306309656766,0.2032288699990299,0.8415601686332618,0.4403966441107757,-0.524133011286527,0.0004014879055871708,0.0838217268656678,0.8510060858825308,0.08903695507737996,-0.03142052091987946,-0.06644935946044206,-5.925542750162896e-07,0.10606232425795822,-0.13226785758478643,4.0683624863979695e-05,4.647811798075274e-05,0.00011105530030430799,1.5707963267949784e-07,5.6723200689834385e-05,0.0008721410272215513,497.264526,143.245239,395.947083,163.310638,89.981163,163.281738
71.223665408,112.94796800000029,8.853634268125987,1,-14.659005,-72.262383,106.647392,-0.013165,55.611057,-14.247327,-0.2558479023163114,-1.2612165086871776,1.8613481290650604,-0.00022977259602505347,0.9705960451642403,-0.24866276575828616,-0.2465391289109397,-1.2567019428041974,1.8562004840580506,-0.00022605670693664096,0.971370910681157,-0.24156504941805684,0.24273911983159596,0.12753157023822048,-0.15415202086489455,0.00011909273360376476,0.025694986557113886,0.2582977816326881,0.7267613144741689,0.3747658861341105,-0.44713018293772416,0.0003383367237706781,0.07399021523411926,0.7048402656196358,-1.0765859346029005,-0.5929463611627607,0.6985762556057471,-0.0005616199551992858,-0.09664200252811578,-1.2679891335177038,0.027975062275468643,0.015155636372862658,0.01895891825246876,1.5027284859671201e-05,0.0033882076768966263,0.033966742690980156,510.376343,127.351875,394.74176,163.136337,89.981339,163.113235
71.406313984,182.64857599999118,5.474994779045243,1,-11.16982,-70.458046,104.485687,-0.011519,55.969341,-10.767499,-0.194950135855113,-1.2297248872216207,1.8236192593582363,-0.00020104447653722683,0.9768492806214556,-0.18792830975519692,-0.2056759595334717,-1.2352054629256515,1.8302181431449545,-0.0002060851536388201,0.9757475398689165,-0.19864862567310182,0.33047820586321086,0.17271451184163933,-0.20799852250863715,0.0001592135116869934,0.03472622184291563,0.3387946997178799,0.3167543340012602,0.1598141489356797,-0.1881966633587715,0.00013836219040399623,0.03178371784076495,0.2774162495341237,-2.1668891433335915,-1.132583751958539,1.3649695417501282,-0.0010442565977735766,-0.2306051903850977,-2.20604157798368,0.06089776646119838,0.03149162146555695,0.0377288697068241,2.8728119487826643e-05,0.006253235457215345,0.06073445600308924,531.896545,97.903732,392.343719,162.96817,89.981552,162.950668
71.519370496,113.056512,8.845134015809721,1,-8.960471,-69.315521,103.116852,-0.010476,56.196224,-8.563869,-0.15638972147946884,-1.2097840641852724,1.7997285816916997,-0.00018284069243892595,0.9808091359882579,-0.14946771075947426,-0.16084268555094633,-1.2118285569999152,1.802101686760127,-0.0001845951638917642,0.9804268457177749,-0.1530798142594718,0.3896611344145493,0.20198430877273132,-0.24217292121881862,0.000184564952811064,0.04025716564390169,0.3911336663302738,0.1084301494669444,0.05129056387202069,-0.05836586407529287,4.0081657608354243e-05,0.010144905660263714,0.07231209003646022,-2.0350629121417962,-1.0517954807071792,1.262902168516363,-0.0009537211681651615,-0.21688584177035491,-1.9864243950872473,0.03856041437564417,0.019940823036348254,0.02389067766653663,1.8203784098300884e-05,0.003959855366802323,0.038460598995722656,544.601563,79.204956,390.702545,162.922485,89.981644,162.907013
71.637698048,118.32755200001088,8.45111711598587,1,-6.855011,-68.188072,101.766052,-0.009447,56.42012,-6.389196,-0.11964251221042901,-1.190106366986955,1.7761526741557605,-0.00016488125443590433,0.9847168583703031,-0.11151250675525162,-0.11558896673827057,-1.1885211600583032,1.7742535348545532,-0.00016343928003009005,0.9850501954797055,-0.10827521188101087,0.3717409309413893,0.19239415021837303,-0.230192704426587,0.00017510327062044057,0.038269663490798855,0.3712894258003288,-0.10652677833614899,-0.05969582342649282,0.07363729181187251,-5.807652493541751e-05,-0.012733783556632933,-0.12753935331174282,-0.7198515280284649,-0.3619276341750488,0.42307257280322463,-0.0003021326128643879,-0.07453814842631823,-0.6031560709174657,0.03674720926903982,0.019677697198317468,0.02357590753593919,1.795943800302161e-05,0.003907722382045176,0.03795520400422264,556.379028,59.284184,388.800293,162.913986,89.981712,162.90181
71.751545088,113.84703999999601,8.783715413242497,1,-4.628086,-67.075058,100.432541,-0.008432,56.641163,-4.242255,-0.08077533876545429,-1.1706806080661627,1.7528785165941982,-0.00014716616252816186,0.9885747865087889,-0.07404131745919204,-0.07443978776295074,-1.1671192645585782,1.7486114674879718,-0.0001439082145911059,0.9893191469948176,-0.06681114309537374,0.3153082909267872,0.1637084592091318,-0.19614314963126223,0.00014939232537359936,0.03262588966750446,0.31689402568258146,-0.12081438025792379,-0.06507421631991611,0.0784829395832568,-6.03561661191812e-05,-0.013691922948663893,-0.13005726033090803,0.03493662288205293,0.027609218652811796,-0.04353382329060952,5.106250644808627e-05,0.005461539100229644,0.12963841628479605,0.03886717344497473,0.019425758920792235,0.02327415756156226,1.7715091907742473e-05,0.0038579281384858444,0.03747118929605958,567.218628,38.851574,386.896729,162.936081,89.981743,162.926956
71.932101888,180.55680000000507,5.538423365943415,1,-1.341046,-65.375153,98.395821,-0.00688,56.986206,-0.890835,-0.023405668120699875,-1.1410116688450485,1.7173310466529794,-0.00012007865253720987,0.9945969229197478,-0.015548003842003687,-0.03071958005759226,-1.144513221528007,1.7215264267223571,-0.00012328091616003575,0.9938150295437108,-0.02314256804705342,0.305393288498733,0.15724487850322433,-0.18840167960578214,0.00014349701619977462,0.031211313796990936,0.303158563963532,0.013841467613844305,0.0066421134251034575,-0.009528750807953124,9.918131367585574e-06,0.0011476171136765856,0.017803150795680844,0.3430095362018901,0.18176736186399034,-0.22019789114992122,0.0001703349214999108,0.041735065854467894,0.3509066237893917,0.057369670644754414,0.029668939221114243,0.03554746994121882,2.7087509990951996e-05,0.006022136410958834,0.058493313617188354,582.47113,5.516582,383.51535,163.01593,89.981735,163.007339
72.04788864,115.78675199999111,8.63656664278895,1,0.673476,-64.296318,97.103218,-0.005896,57.193047,1.118251,0.011754373633161331,-1.1221824460092955,1.6947708683818232,-0.00010290461269758568,0.9982069793978653,0.01951716181371911,0.009337478253802965,-1.1239271112050657,1.696861260031357,-0.0001044936934260682,0.9978975017704482,0.016511040785559962,0.3572445954840829,0.18435627007704003,-0.2208878429764134,0.00016801170213214797,0.03645283424271906,0.3540796788929511,0.03127275583798106,0.014478673423813482,-0.018159013191452522,1.6329334314724273e-05,0.003121129140199158,0.030253555049230885,-0.12303275884102863,-0.06942566985239142,0.08185456265292322,-7.551212056303261e-05,-0.0018164231579275228,-0.18450628136860145,0.035160041753861206,0.018829222835752946,0.022560178271156195,1.717403983962419e-05,0.003610056478117518,0.0350651656557228,590.582397,-15.257477,381.310516,163.079773,89.981697,163.071655
72.159622656,111.73401599999977,8.949825986743393,1,2.736255,-63.266506,95.869331,-0.004956,57.397591,3.10505,0.04775665892415744,-1.1042088359327475,1.673235477634268,-8.649851772883898e-05,1.0017769456630645,0.054193345939049925,0.050471082243321655,-1.1026206062600534,1.6713324927909419,-8.510059210890834e-05,1.0020992955092711,0.057325465610347265,0.3613277657634413,0.18687452320101094,-0.22421016732886567,0.00017134959047714,0.037123449617991966,0.3610776011796466,-0.05441649092274159,-0.03062450844515252,0.0370535216215091,-2.933804614505117e-05,-0.004416860576294979,-0.06988050649883171,-1.2131601065537205,-0.64554698386934,0.7689699375160584,-0.0006190874338168587,-0.11120901593329767,-1.3406996907808533,0.03600228529099611,0.017973610076547963,0.021535390747555283,1.64060949687467e-05,0.0035699662651992314,0.034676184125330814,597.803528,-36.344891,379.000397,163.149429,89.981628,163.141312
72.27414912,114.52646400000788,8.731606347332361,1,4.70592,-62.247849,94.648788,-0.004026,57.599922,5.070416,0.08213379833545155,-1.0864299173342598,1.6519329836220986,-7.026695568529171e-05,1.0053082877919173,0.0884954536458008,0.09105315886477347,-1.081666364442408,1.6461554933368296,-6.573657961261505e-05,1.0062943464594172,0.09818485759664845,0.3063687133845198,0.1577514984865256,-0.1891724293896857,0.00014509544927053796,0.03146985420056536,0.30585346432251215,-0.1927422380314352,-0.10265704193449354,0.12380520184281935,-9.801301069375338e-05,-0.018365498477388872,-0.21740284071093585,-1.5804779271964473,-0.8258952154812602,0.9932488032698381,-0.0007826306533809856,-0.1634254627317039,-1.6708624277648576,0.03437713941129411,0.017778918598487792,0.021302494012169326,1.623156204354727e-05,0.0035313421288527547,0.03430210770675088,604.134338,-57.704018,376.589447,163.211456,89.981529,163.205093
72.455999488,181.8503679999992,5.499026540325749,1,7.897075,-60.597439,92.67128,-0.00252,57.927753,8.254825,0.1378299600269312,-1.05762482882642,1.6174189580375706,-4.3982297150257105e-05,1.0110300181320229,0.1440738754259409,0.13291275665882507,-1.0602593700879397,1.6206084325525263,-4.6276158452878255e-05,1.0105272918320607,0.13910279623715321,0.2633708902432852,0.13476072538634742,-0.16089533766028197,0.00012158067109569167,0.02704060929382912,0.2529614888627453,-0.5284451867870437,-0.27899576755394595,0.3350492313457435,-0.00026372966228946045,-0.05382939724033743,-0.5710169828772552,-1.3669195744844411,-0.6654257901860658,0.8584415706999495,-0.0006214870852073865,-0.21239168735206082,-1.2698401348186996,0.05569616169147966,0.028805088507839693,0.034514025584527985,2.6284658535034603e-05,0.005721730340105591,0.05557842178014011,612.60614,-93.277763,372.420441,163.296036,89.981316,163.286026
72.571280128,115.2806399999946,8.674483417163946,1,9.81352,-59.606277,91.483658,-0.001583,58.131618,10.23459,0.17127823521031393,-1.0403257885057682,1.5966910438684507,-2.7628562059070236e-05,1.0145881336116012,0.17862729309168646,0.16569939746939677,-1.0434785579154446,1.6005686518409177,-3.1195682606479616e-05,1.013919589397171,0.1703071390011594,0.2271456789147268,0.11559801802446046,-0.13754843605402378,0.00010287331611613104,0.02303435151428168,0.2110113003538504,-0.7014696173752039,-0.36162654873458433,0.4425054448727264,-0.00034090517040274233,-0.08159072924535377,-0.7277343141708954,-0.6254796119071897,-0.21881887438672232,0.4355529583857132,-0.00024024826110069552,-0.24307309581207012,-0.4286453588353787,0.033448275183382725,0.01729904032065188,0.0207279141691199,1.635373509118687e-05,0.0035581154795782943,0.034553417665745545,616.716248,-115.884789,369.682953,163.326843,89.981155,163.315018
72.683094272,111.81414400000733,8.943412382604606,1,10.664152,-59.201412,91.040581,-0.00131,58.184151,10.677609,0.18612456433313831,-1.0332595612296813,1.5889578913785918,-2.2863813201125715e-05,1.0155050074275511,0.18635943329057922,0.18488738021287976,-1.033803026838823,1.5891241098876794,-2.2723355751798567e-05,1.0158019228399011,0.1874298354097358,0.10308968662048434,0.051982570582419285,-0.05944538003841782,4.361070573567561e-05,0.008090091566947066,0.08579553961079445,-0.6798242578995066,-0.3305936975860127,0.4346976715252916,-0.00031539681340949505,-0.10992273511450487,-0.6557027787530505,0.9083317065388086,0.6406906962803481,-0.45759107153374035,0.00049390576628574,-0.20083019540828684,1.1284907509685922,0.014846329122824381,0.007066227276086856,0.007733152489858952,4.7647488579445205e-06,0.000916873815949959,0.007732140198892762,617.395935,-119.49247,369.325226,163.328766,89.98114,163.315994
72.799024128,115.92985599999395,8.625905651086569,1,10.664147,-59.200909,91.041222,-0.00131,58.182358,10.67761,0.18612447706667573,-1.0332507822235437,1.5889690789390971,-2.2863813201125715e-05,1.015473713674063,0.18635945074387172,0.18860308811949392,-1.0319294665844665,1.587390016400522,-2.1533207423771957e-05,1.015688755691202,0.18928205444288643,0.017182298793572526,0.010066308600735319,-0.00548482238732495,4.287474486658888e-06,-0.004696749357484986,0.0049643421416278866,-0.48316583106505206,-0.21220602881526288,0.32474338379713796,-0.00021637561133903684,-0.11927219357187341,-0.4382729341367384,1.5540451588293729,0.958198843998808,-0.8511520030411657,0.0007734739944970064,-0.10885692283209142,1.6842989775038915,8.726646258394588e-08,8.779006137604739e-06,1.1187560505332428e-05,0.0,3.1293753488093046e-05,1.7453292505686946e-08,617.395935,-119.492477,369.296753,163.328766,89.98114,163.315994
72.979089408,180.06527999999378,5.553541471182199,1,10.664147,-59.162521,91.08287,-0.001311,58.092415,10.677613,0.18612447706667573,-1.0325807852302882,1.5896959736659675,-2.2881266493645663e-05,1.0139039121849418,0.18635950310374927,0.18753841732915735,-1.0318214930369556,1.589051903954306,-2.2433298652300468e-05,1.0138024545333058,0.18709589823951503,-0.010042814027788394,0.004464084722241246,0.016143590384814388,-4.664238468524165e-06,-0.02215523532179109,-0.008706538941827713,-0.12644809390046668,-0.00032319636131047935,0.1308109996921201,-5.020661357566502e-05,-0.1339938922789417,-0.08855127452832874,1.529728763073407,0.8491011383954516,-0.8771362166990145,0.0006936088462702528,0.0546355595111907,1.4322949099319502,0.0,0.0006699969932555394,0.0007268947268703752,1.7453292519947593e-08,0.0015698014891212253,5.2359877544816413e-08,617.395935,-119.492477,368.336609,163.328766,89.98114,163.315994
73.091183872,112.094464000009,8.921047162506792,1,10.664147,-59.076813,91.173012,-0.001314,57.904575,10.677618,0.18612447706667573,-1.031084898434989,1.5912692483603004,-2.2933626371205492e-05,1.0106254857179955,0.1863595903702119,0.1861244687555842,-1.0310514280065912,1.591343994163291,-2.2932795262037894e-05,1.0105039601043981,0.18635959785019454,-0.006422230705443233,0.016303958728550505,0.02330104874058403,-2.6547106526500676e-06,-0.04141266848762104,-0.0033436220964617736,0.007932315072589593,0.07333563964795091,0.0535966532414109,9.244559455264104e-06,-0.12703582689189027,0.03186749522580541,1.149925220625024,0.5692750858173764,-0.7154763187740165,0.0004983773382516362,0.17652384376083868,0.9953575090572536,0.0,0.0014958867952992172,0.0015732746943328824,5.2359877559829225e-08,0.003278426466946316,8.726646263945703e-08,617.395935,-119.492485,366.601532,163.328766,89.98114,163.315994
73.207453696,116.26982399999974,8.600683871337091,1,10.664147,-58.907543,91.345497,-0.001319,57.550358,10.677628,0.18612447706667573,-1.0281305796101379,1.5942796795206027,-2.302089283380521e-05,1.0044432328014588,0.1863597649031371,0.18612447706667587,-1.028018001717839,1.5943973014144415,-2.302421727047569e-05,1.0042433186333901,0.18635976656535558,3.644106016942317e-08,0.02975480636959471,0.029353703906665807,-8.893976959353583e-07,-0.06020313902667418,1.6427213637149052e-06,0.05278934289948518,0.07847112872986556,0.012405295131861588,2.249220634956793e-05,-0.08641923367533341,0.04905729854290403,0.24618790887783754,-0.005110993305509404,-0.2734890465954498,8.785119343999556e-05,0.2929139812598123,0.1398431020753191,0.0,0.0029543188248510877,0.003010431160302307,8.726646259971763e-08,0.006182252916536735,1.7453292519564734e-07,617.395996,-119.492485,363.419281,163.328766,89.98114,163.315994
73.32837248,120.918783999997,8.270013697789294,1,10.664147,-58.709469,91.545547,-0.001325,57.145077,10.677639,0.18612447706667573,-1.0246735361475428,1.5977712106892175,-2.3125612588924868e-05,0.9973697449556836,0.1863599568893548,0.18612447706667587,-1.0239591662358287,1.59833569338699,-2.314472809978006e-05,0.9961641695792884,0.1863599893026125,-1.6653345369377348e-16,0.029844085897588357,0.028653498916894282,-8.751451463216595e-07,-0.05892160775103461,1.632298030462831e-06,0.026063629025301818,0.04583861697898886,0.010639690368384372,8.061202669763826e-06,-0.05170158408912648,0.01513846553415312,-0.14531615096477973,-0.22320202769067599,-0.05626147714244227,-7.800885856295545e-05,0.2793524096478946,-0.1880575318127457,0.0,0.003457043462595122,0.003491531168614781,1.0471975511965845e-07,0.007073487845775106,1.9198621770133428e-07,617.395996,-119.492485,359.93927,163.328766,89.98114,163.315994
73.515976704,187.60422399999754,5.330370386543179,1,10.664147,-58.356792,91.868622,-0.001335,56.476406,10.677657,0.18612447706667573,-1.0185181613014866,1.6034099331700982,-2.33001455141243e-05,0.9856992343930806,0.18636027104862016,0.18612447706667587,-1.0194437941769552,1.6025710888694598,-2.327355002076059e-05,0.9874076299847758,0.18636023447981692,0.0,0.03198722813556554,0.029261259132013606,-9.24134691616008e-07,-0.06098455227875643,1.6966043245858486e-06,-0.0021693803441292818,0.007131941841713507,0.0002216212783902327,-1.1589318045819063e-06,-0.005919597259347098,-0.00179769396684362,-0.1314062510422568,-0.1727754789310043,-0.02878421831676259,-5.217864686400134e-05,0.1872106225764569,-0.10715255011512921,0.0,0.006155374846056105,0.005638722480880709,1.7453292519943188e-07,0.011670510562603043,3.141592653521652e-07,617.395996,-119.492485,354.17926,163.328766,89.98114,163.315994
73.630283008,114.30630400001007,8.748423883952297,1,10.664147,-58.151833,92.052452,-0.001341,56.087593,10.677669,0.18612447706667573,-1.0149409519198918,1.6066183719340392,-2.340486526924396e-05,0.978913167368524,0.1863604804881304,0.18612447706667587,-1.015235949963392,1.6063814227103528,-2.3395723068400194e-05,0.9794401462651074,0.18636045555485548,-2.220446049250313e-16,0.03773666979070711,0.03347484012357693,-1.0981317587238675e-06,-0.07100283618672432,1.9993360709236185e-06,-0.0026665060536769716,-0.001825901289687737,-0.008312943576310877,-9.104530210533831e-07,0.010112619129884481,-0.0013888388757517741,-0.07111159998454572,-0.1012493626951443,-0.0263551374953582,-2.2795109900667696e-05,0.11422703291746054,-0.040888777388433745,0.0,0.0035772093815948924,0.003208438763941057,1.0471975511965845e-07,0.006786067024556641,2.094395102347768e-07,617.395996,-119.492485,350.69928,163.328766,89.98114,163.315994
73.74382592,113.54291199999977,8.807242851055308,1,10.664147,-57.936939,92.239258,-0.001347,55.685871,10.67768,0.18612447706667573,-1.011190344077111,1.6098787516965198,-2.350958502436362e-05,0.9719017957908272,0.18636067247434815,0.18612447706667587,-1.0108469306001617,1.6101980912653215,-2.3523713880213114e-05,0.9712316674823239,0.18636068992764077,1.1102230246251565e-16,0.03670188902942151,0.03132278197656735,-1.0847005294084127e-06,-0.06816460234955546,1.9637635175762114e-06,1.5699143422082983e-08,-0.0031915447336300917,-0.011228813088885792,-1.0767432723535952e-08,0.013503974999267865,-2.526390610681049e-07,0.010357706415867916,0.011678746721841304,-0.003339620124095312,6.006871089467591e-06,-0.010359818064802098,0.014681275862554766,0.0,0.0037506078427806955,0.003260379762480614,1.0471975511966184e-07,0.007011371577696712,1.9198621775684543e-07,617.395996,-119.492485,347.339264,163.328766,89.98114,163.315994
73.86372352,119.89759999998739,8.340450517776045,1,10.664147,-57.719406,92.422417,-0.001354,55.285156,10.677691,0.18612447706667573,-1.0073936769953702,1.61307547930118,-2.363175807200322e-05,0.9649079996786982,0.18636086446056582,0.18612447706667587,-1.0066937617342995,1.6136634898683788,-2.3648380255355565e-05,0.9635817181623442,0.18636091266489768,1.6653345369377348e-16,0.030964101794363597,0.02558137137517269,-9.354221900032643e-07,-0.05671773924663315,1.6364526156942283e-06,2.4272486136341935e-16,-9.971847024675684e-05,-0.008106595338071322,-7.749025097456656e-08,0.007701363845461329,-9.663302375308862e-08,0.017883049573267418,0.04018707403102708,0.017911396437489055,5.44229680603518e-06,-0.05448200816733452,0.010717310982594815,0.0,0.0037966670817408676,0.0031967276046600546,1.2217304763959927e-07,0.006993796112129025,1.919862176735787e-07,617.395996,-119.492485,343.739288,163.328766,89.98114,163.315994
74.044174592,180.45107200001098,5.541668380889082,1,10.664147,-57.376659,92.705475,-0.001364,54.651638,10.67771,0.18612447706667573,-1.0014116133440372,1.6180157733752902,-2.3806290997202655e-05,0.9538510247080487,0.1863611960731237,0.18612447706667587,-1.0021043910395777,1.6173775696321337,-2.3788837704682728e-05,0.9552714816975142,0.1863611478687921,1.1102230246251565e-16,0.0326493193724291,0.02590187325048454,-9.851130754740922e-07,-0.0585334347809523,1.685618064795058e-06,-4.76436777588901e-16,0.00959362595382765,-0.0012200666523086712,-3.235324562106134e-07,-0.007422604198610683,3.0234364595072024e-07,-0.0004326255650430254,0.011738072136467794,0.010751477826167723,-3.97981622140812e-07,-0.0203741241406043,-0.0003614618143824419,0.0,0.005982063651333025,0.004940294074110341,1.7453292519943527e-07,0.011056974970649502,3.3161255788560773e-07,617.395996,-119.492485,338.339264,163.328766,89.98114,163.315994
74.15881472,114.64012799999068,8.722949088124546,1,10.664147,-57.152451,92.873283,-0.001371,54.267292,10.677721,0.18612447706667573,-0.9974984455347257,1.6209445754864769,-2.3928464044842257e-05,0.9471429215411786,0.18636138805934144,0.18612447706667587,-0.9978358833367611,1.6207343987824068,-2.3916828516495644e-05,0.9476522127724569,0.1863613689438307,0.0,0.038896396015989154,0.029791863809102814,-1.1677867703808846e-06,-0.0685774238029726,2.0096360416888004e-06,-6.723442843726434e-16,0.009037047523998892,-0.0016496189367956327,-2.830049896906536e-07,-0.006484385255989045,3.453961005484309e-07,-0.0010975328911486117,-0.00023183915389096005,0.0018228871983825869,-3.5177166099547766e-07,-0.0027511547411126864,-0.0005711746487514032,0.0,0.003913167809311502,0.0029288021111866236,1.2217304763960266e-07,0.006708103166870094,1.9198621772908986e-07,617.395996,-119.492485,334.859283,163.328766,89.98114,163.315994
74.271385856,112.57113599999968,8.88327181845267,1,10.664147,-56.925659,93.04351,-0.001378,53.870255,10.677732,0.18612447706667573,-0.9935401784175428,1.6239155971122692,-2.4050637092481864e-05,0.9402133186389379,0.18636158004555917,0.18612447706667587,-0.9932735087300221,1.6241445236391625,-2.405396152915234e-05,0.9396985911225954,0.18636160414772515,-1.1102230246251565e-16,0.04021615485498131,0.029299463688047034,-1.2197613808041238e-06,-0.06928963401829957,2.053614059915887e-06,-7.856950926704235e-17,0.0025759911492860554,-0.006138379283974843,-1.1713742096084613e-07,0.003472284356866695,1.5519532098933e-07,6.6122378193439855e-09,-0.006233281511717176,-0.004574141282343047,-2.74360942214015e-10,0.005736317623482128,1.0565763061775631e-07,0.0,0.003958267117182834,0.002971021625792325,1.2217304763960604e-07,0.006929602902240761,1.9198621772908986e-07,617.395996,-119.492485,331.499268,163.328766,89.98114,163.315994
74.382988032,111.60217600000522,8.960398764984236,1,10.664147,-56.704243,93.204422,-0.001384,53.487919,10.677744,0.18612447706667573,-0.989675740200947,1.6267240413182382,-2.4155356847601522e-05,0.9335402965900328,0.1863617894850694,0.18612447706667587,-0.9888198914067389,1.6273044738320466,-2.4190263432641427e-05,0.9321166930212601,0.18636182937830958,0.0,0.03464116490513769,0.02447183955914367,-1.0559727007380937e-06,-0.05896258963768264,1.7660318481493853e-06,2.0406627232296133e-16,0.001669650049721999,-0.006500336112839913,-1.342024602670474e-07,0.004200627991672978,1.0725357746132322e-07,1.7146916628683242e-15,-0.002295171255227671,-0.002848738648681546,-1.5427069274094963e-07,0.0017195256045698876,6.39846151716827e-08,0.0,0.003864438216595878,0.0028084442059690407,1.0471975511965845e-07,0.006673022048905075,2.094395102347768e-07,617.395996,-119.492485,328.139282,163.328766,89.98114,163.315994
74.567918848,184.93081600000494,5.407427607954606,1,10.664147,-56.335327,93.461418,-0.001396,52.861984,10.677763,0.18612447706667573,-0.9832369413376596,1.6312094676826936,-2.4364796357840842e-05,0.9226156699365622,0.1863621210976273,0.18612447706667587,-0.9840270876277323,1.6306525514027848,-2.4334876427806666e-05,0.9239627624264746,0.18636207871105986,0.0,0.03380130152246874,0.023129139928517617,-1.0371462201774425e-06,-0.056970441223383794,1.7620507780646832e-06,3.7019185830831135e-17,0.006962156033111205,-0.0028217169923840935,-3.024316087605104e-07,-0.0048527483278963945,3.270012758545733e-07,-6.071224812679034e-16,0.003803219699478614,0.000844170725118467,-1.8611553913411744e-07,0.0017982743004250042,-2.7256646124419254e-07,0.0,0.006438798863287354,0.004485426364455369,2.094395102393203e-07,0.010924626653470604,3.3161255788560773e-07,617.395996,-119.492485,322.619263,163.328766,89.98114,163.315994
74.683859968,115.94111999998802,8.625067620531036,1,10.664147,-56.099472,93.618744,-0.001403,52.468788,10.677775,0.18612447706667573,-0.9791204950303684,1.6339553243816864,-2.448696940548044e-05,0.9157531051308906,0.18636233053713752,0.18612447706667587,-0.9795350098966085,1.63369940426014,-2.4473671658798597e-05,0.9164214158036457,0.18636231308384513,1.1102230246251565e-16,0.04149233741955527,0.027379442786609864,-1.2971783954903403e-06,-0.06897944861820804,2.122946487159716e-06,1.9656024657570342e-17,0.006736002770143856,-0.0037086377647799623,-3.0373686378266156e-07,-0.0026838401977655746,2.6429022330181643e-07,-8.360118131931227e-16,-0.0529851362476032,-0.030403831233810075,1.7743013261292674e-06,0.09481414675114601,-3.133622472772877e-06,0.0,0.004116446307291244,0.0027458566989928546,1.2217304763959927e-07,0.0068625648056716,2.094395102347768e-07,617.395996,-119.492485,319.139282,163.328766,89.98114,163.315994
74.795395328,111.53536000000486,8.965766551521925,1,10.664147,-55.869366,93.767204,-0.00141,52.090214,10.677787,0.18612447706667573,-0.9751043877017742,1.6365464401891971,-2.4609142453120048e-05,0.9091457423684456,0.18636253997664776,0.18612447706667587,-0.9746123095724676,1.6368712210297194,-2.4629089073142858e-05,0.9083055732797937,0.18636256075437707,-2.220446049250313e-16,0.04247848878774718,0.02669165850228339,-1.3355077738675086e-06,-0.06916430508809723,2.1447712165167943e-06,-1.5813062370737997e-16,-0.0035262453901390156,-0.009989215459385123,3.0839320443977506e-08,0.016065897728220535,-3.381139788062524e-07,2.569659069331437e-17,-0.15504953500320728,-0.08521425763631708,5.150304680186976e-06,0.251354044280332,-7.934419817703215e-06,0.0,0.004016107328594143,0.002591115807510702,1.2217304763960604e-07,0.0066073627624450015,2.094395102347768e-07,617.395996,-119.492485,315.779266,163.328766,89.98114,163.315994
74.912085504,116.69017600000586,8.569701703080383,1,10.664147,-55.628586,93.917404,-0.001418,51.699226,10.677799,0.18612447706667573,-0.9709019839288223,1.6391679247256927,-2.4748768793279594e-05,0.902321714432658,0.18636274941615802,0.18612447706667587,-0.969857814939433,1.6397727045825665,-2.4777857614146186e-05,0.9006743322271769,0.1863628017760357,5.551115123125783e-17,0.03493213475684209,0.021162066807098423,-1.0994095915316281e-06,-0.05575895131323372,1.763850944136447e-06,-1.5800055544346e-16,-0.021084604486150058,-0.01912548401660359,6.280001679504942e-07,0.043602760414745784,-1.2027760707464668e-06,2.0083271622172013e-16,-0.18073360914997336,-0.09603774980435911,5.968080266023706e-06,0.28088630570793377,-8.969236619599773e-06,0.0,0.00420240377295189,0.0026214845364955774,1.3962634015954686e-07,0.006824027935787624,2.0943951026253238e-07,617.395996,-119.492485,312.299286,163.328766,89.98114,163.315994
75.095878912,183.79340799999966,5.440891547100546,1,10.664147,-55.241985,94.14785,-0.00143,51.083481,10.677818,0.18612447706667573,-0.9641545235873197,1.6431899661737435,-2.4958208303518915e-05,0.8915749368299655,0.18636308102871588,0.18612447706667587,-0.9651201386315147,1.6425902544205757,-2.492911948265236e-05,0.8932164048626109,0.18636303864214843,0.0,0.030708534921083164,0.017912695322355177,-9.790557019190348e-07,-0.04753921932362992,1.5282577097153194e-06,1.8478290075350918e-16,-0.062348175176102555,-0.040467630455255824,1.9866831388509856e-06,0.10585665651303774,-3.181631809426415e-06,-4.0464257942839285e-16,-0.15543111715735125,-0.07282281559458106,5.125622246706861e-06,0.214046023702127,-7.266211710667163e-06,0.0,0.006747460341502642,0.004022041448050739,2.094395102393203e-07,0.010746777602692492,3.3161255785785215e-07,617.395996,-119.492485,306.83551,163.328766,89.98114,163.315994
75.208054784,112.17587199999457,8.91457300193796,1,10.664147,-55.056374,94.252106,-0.001436,50.808273,10.677828,0.18612447706667573,-0.9609150005094005,1.6450095766387025,-2.5062928058638573e-05,0.8867716511021368,0.18636325556164107,0.18612447706667587,-0.9613377566541467,1.6447764521794055,-2.5049630311956726e-05,0.8874070357229986,0.18636322647282033,-1.1102230246251565e-16,0.026886886269377186,0.015343514622536247,-8.466969383737232e-07,-0.04072309879250646,1.3333584825137024e-06,-7.508258447730807e-17,-0.07891954694693612,-0.04816919697788415,2.5231191735392826e-06,0.1281677258232525,-3.987647919372862e-06,-5.93882522347713e-16,-0.06640487028856479,-0.019407005303532898,2.1627794320693498e-06,0.06568716216939136,-2.868665913678888e-06,0.0,0.003239523077919193,0.0018196104649590428,1.0471975511965845e-07,0.004803285727828621,1.7453292519564734e-07,617.395935,-119.492477,304.512482,163.328766,89.98114,163.315994
75.319049984,110.99520000000496,9.009398604623941,1,10.664147,-54.960571,94.304352,-0.001439,50.671185,10.677832,0.18612447706667573,-0.9592429227261124,1.6459214413596994,-2.5115287936198402e-05,0.8843790141371629,0.18636332537481118,0.18612447706667587,-0.9591037169271923,1.6460242204749138,-2.5118612372868884e-05,0.8841021966067055,0.18636333701033964,0.0,0.0124718082587707,0.006808124344440003,-3.8300626314745735e-07,-0.017881313934680954,6.121193636410283e-07,-3.6693544133065475e-16,-0.07435460666444926,-0.043082174719712096,2.375889307813242e-06,0.11466056851308057,-3.6945487062797955e-06,-8.034288700154791e-16,0.11543137443534127,0.07984550648693714,-3.8055305785216003e-06,-0.2093946989316205,5.70110807581258e-06,0.0,0.0016720777832880396,0.0009118647209969133,5.2359877559829225e-08,0.0023926369649739376,6.981317010601451e-08,617.395935,-119.492477,303.479736,163.328766,89.98114,163.315994
75.432566784,113.51679999999931,8.809268760218805,1,10.664147,-54.925499,94.32296,-0.00144,50.623924,10.677834,0.18612447706667573,-0.958630800850853,1.6462462122269106,-2.5132741228718347e-05,0.8835541540793779,0.18636336028139622,0.18612447706667587,-0.9585767330439543,1.646282344697974,-2.5134403447053597e-05,0.8834531277733997,0.18636336194361466,-1.1102230246251565e-16,0.003154420430579119,0.0015436830820525493,-9.079459267523425e-08,-0.0038709843348347928,1.455963069552091e-07,-2.9560190882357312e-16,-0.054237017219140725,-0.03055737133611841,1.7173356031726663e-06,0.08096648061264236,-2.6853233425468675e-06,-5.193585481675429e-16,0.17056132436459115,0.10492266077112841,-5.520662662014394e-06,-0.27810475950560903,8.123782402309726e-06,0.0,0.000612121875259497,0.000324770867211166,1.7453292519944204e-08,0.0008248600577850373,3.490658503912947e-08,617.395935,-119.492477,303.130951,163.328766,89.98114,163.315994
75.613523712,180.95692800000052,5.526176925373076,1,10.664147,-54.920479,94.325455,-0.00144,50.618347,10.677834,0.18612447706667573,-0.9585431853224028,1.646289758191748,-2.5132741228718347e-05,0.8834568170669942,0.18636336028139622,0.18612447706667587,-0.9584351294950849,1.6463510483373147,-2.5136896774556447e-05,0.883285390827864,0.1863633669302697,-1.1102230246251565e-16,0.0007298955977219634,0.0003871996481237261,-1.8442961989122717e-08,-0.0010737319327507322,3.2535108829279125e-08,-1.257287720860544e-16,-0.01595409042783029,-0.008434278202113307,4.693896110953275e-07,0.022867858892257717,-9.348232063653533e-07,1.087531294679994e-15,0.09685624646078543,0.05533415756575134,-2.837320408080566e-06,-0.13470955840881435,4.118743897281215e-06,0.0,8.761552845015785e-05,4.3545964837354845e-05,0.0,9.733701238368031e-05,0.0,617.395935,-119.492477,303.104858,163.328766,89.98114,163.315994
75.729814272,116.29055999999593,8.599150266367579,1,10.664147,-54.920479,94.325455,-0.00144,50.618347,10.677834,0.18612447706667573,-0.9585431853224028,1.646289758191748,-2.5132741228718347e-05,0.8834568170669942,0.18636336028139622,0.18612447706667587,-0.9583541827865957,1.6463966388307045,-2.5139390102059296e-05,0.8831495560077269,0.18636337108581552,-2.220446049250313e-16,0.00022107646921432078,0.0001557610603679649,-7.479570294136148e-09,-0.00040697864042194,-5.714196782413694e-09,-1.951524636985908e-16,-0.010533566659738652,-0.005524286041751205,3.4253777504227756e-07,0.016949496810755867,-7.509451556304162e-07,1.328683972680679e-15,-0.00123718061786042,-0.0037686296013860546,3.99991812808971e-07,0.0241400979129458,-5.185265304063324e-07,0.0,0.0,0.0,0.0,0.0,0.0,617.395935,-119.492477,303.104858,163.328766,89.98114,163.315994
75.84980992,119.99564799999973,8.333635566516564,1,10.664147,-54.920479,94.325455,-0.00144,50.618355,10.677834,0.18612447706667573,-0.9585431853224028,1.646289758191748,-2.5132741228718347e-05,0.8834569566933343,0.18636336028139622,0.18612447706667587,-0.958386468053321,1.646386073770966,-2.5138558992891677e-05,0.8831949570082264,0.18636336526805136,-2.220446049250313e-16,-0.0019215738010798233,-0.0011429393479787109,6.357410787353481e-08,0.003648624890498109,-1.7264003104866532e-07,5.658627013927209e-18,-0.02948000653067531,-0.016909353798562232,1.0422834554933725e-06,0.05011588454779722,-1.722765564541108e-06,7.342784407073405e-16,-0.15107612456246616,-0.09170450440521893,5.030337254848547e-06,0.24745203309610392,-7.020421038588022e-06,0.0,0.0,0.0,0.0,1.3962634015651787e-07,0.0,617.395935,-119.492477,303.105377,163.328766,89.98114,163.315994
75.968117248,118.30732800000021,8.452561788902866,1,10.664147,-54.924789,94.322792,-0.00144,50.627552,10.677833,0.18612447706667573,-0.9586184090131638,1.6462432800737674,-2.5132741228718347e-05,0.8836174746246402,0.18636334282810368,0.18612447706667587,-0.9588065588309661,1.6461278099215657,-2.51244301370422e-05,0.8840080693379272,0.1863633303614663,0.0,-0.005145406515340234,-0.0030710817705377202,1.7683091942386945e-07,0.009318903845020543,-3.596488256096819e-07,3.5714062150236923e-16,-0.0484843932842308,-0.028342711694513127,1.658652374483741e-06,0.08031305194275479,-2.588132359626175e-06,7.157922150325307e-16,-0.16324190717731618,-0.09963065579384901,5.104193675982978e-06,0.25576448012381797,-7.1811641772269726e-06,0.0,7.522369076096158e-05,4.64781179805307e-05,0.0,0.00016051793130589243,1.745329253344252e-08,617.395935,-119.492477,303.225616,163.328766,89.98114,163.315994
76.15231616,184.19891199999938,5.428913716927944,1,10.664147,-55.008087,94.274521,-0.001437,50.772556,10.677828,0.18612447706667573,-0.9600722333734901,1.645400792190537,-2.5080381351158514e-05,0.8861482718532021,0.18636325556164107,0.18612447706667587,-0.9602116403008298,1.645307425386648,-2.5075394696152836e-05,0.8864260933635351,0.18636324558833117,-3.3306690738754696e-16,-0.016051076377813445,-0.009298680773067503,5.584868685168333e-07,0.02675652010631424,-8.988214269534112e-07,1.246467757993397e-16,-0.07590695073569478,-0.045277726832194345,2.434206469896988e-06,0.12069291998837725,-3.6686981807883724e-06,9.805935190209244e-16,-0.02926605469785354,-0.026466715163507765,1.2422204197566785e-07,0.037254819593180666,-4.912626827459834e-07,0.0,0.0014538243603263723,0.0008424878832304916,5.2359877559832613e-08,0.002530797228561865,8.726646261170146e-08,617.395935,-119.492477,304.723114,163.328766,89.98114,163.315994
76.267741952,115.42579199999636,8.663574948656462,1,10.664147,-55.154083,94.185616,-0.001432,51.029263,10.677819,0.18612447706667573,-0.9626203442682316,1.6438491072190515,-2.4993114888558796e-05,0.8906286542161191,0.18636309848200838,0.18612447706667587,-0.9626735851215098,1.6438836871781897,-2.4989790451888352e-05,0.890500291898509,0.18636311011753687,1.1102230246251565e-16,-0.028014123661392887,-0.01646556145492095,9.381474210530636e-07,0.04583182564923938,-1.4868340859619522e-06,2.657981649785873e-16,-0.0755508532104997,-0.04628841401249116,2.3176711897669945e-06,0.11903646022640961,-3.5507021618518596e-06,5.236876900352657e-16,0.07738462113724917,0.031486585745253676,-3.30711473254907e-06,-0.12492564715130011,4.41015077026533e-06,0.0,0.0025481108947414954,0.0015516849714853898,8.726646259971763e-08,0.004480382362917035,1.570796326899604e-07,617.395996,-119.492485,307.345581,163.328766,89.98114,163.315994
76.385915904,118.17395200000647,8.462101699027086,1,10.664147,-55.390347,94.051003,-0.001424,51.397953,10.677808,0.18612447706667573,-0.9667439289721635,1.6414996671530644,-2.4853488548399253e-05,0.897063508635297,0.18636290649579068,0.18612447706667587,-0.966792912053176,1.6414380994170377,-2.4855150766734497e-05,0.8971909874838634,0.18636289652248078,-1.1102230246251565e-16,-0.03892487084200358,-0.023417812221857126,1.2478419289267326e-06,0.06295954148846716,-1.9867221666691748e-06,7.350854516105545e-16,-0.04622884876457098,-0.03152441200989563,1.2468439245225102e-06,0.07381084515095804,-2.127697448420384e-06,4.752306085932886e-16,0.19748100220976444,0.09937216008994894,-6.544001984223031e-06,-0.2977588325116588,9.4000199100953e-06,0.0,0.004123584703931926,0.0023494400659871406,1.3962634015954347e-07,0.0064348544191779045,1.9198621770133428e-07,617.395996,-119.492485,310.690796,163.328766,89.98114,163.315994
76.500189952,114.27404799999863,8.75089329118727,1,10.664147,-55.641899,93.898979,-0.001416,51.801529,10.677795,0.18612447706667573,-0.9711343396121404,1.6388463478110125,-2.4713862208239706e-05,0.9041072386173258,0.1863626796029879,0.18612447706667587,-0.9716903973562805,1.6384611519828804,-2.4700564461557862e-05,0.9050864597497036,0.18636264968305805,-5.551115123125783e-17,-0.037220284609814414,-0.022816797860643057,1.1672972182573003e-06,0.0600570825017428,-1.874527336576115e-06,3.9708357264140774e-16,-0.022043748292733187,-0.018728801074439486,4.831447473446783e-07,0.037720841637946034,-1.0082531403172376e-06,1.9656707342758297e-16,0.1959915779774714,0.10169240793634265,-6.042692654460209e-06,-0.29031590270380947,8.997873053405704e-06,0.0,0.004390410639976805,0.0026533193420519297,1.3962634015954686e-07,0.007043729982028735,2.2689280276821933e-07,617.395996,-119.492485,314.170807,163.328766,89.98114,163.315994
76.678010112,177.820159999996,5.623659319618329,1,10.664147,-56.014244,93.663658,-0.001405,52.409176,10.677776,0.18612447706667573,-0.9776329858154785,1.634739221561927,-2.452187599052033e-05,0.9147126794571917,0.18636234799043003,0.18612447706667587,-0.9767491136823567,1.6352987658090257,-2.4544315938045986e-05,0.913265707591953,0.18636239536365273,2.220446049250313e-16,-0.036067587152206926,-0.023148360593584272,1.1060780649832015e-06,0.05914580363601463,-1.838248191221581e-06,3.032079937236704e-16,0.004144113568421259,-0.005284408201682744,-1.9035749553128997e-07,0.0004453198896106625,1.4194969331771107e-07,-1.6828613618116751e-15,0.10003213605331585,0.05383621770371573,-2.5346266313993002e-06,-0.143988981156122,4.465352322349588e-06,0.0,0.0064986462033381764,0.004107126249085491,1.9198621771937608e-07,0.01060544083986592,3.3161255788560773e-07,617.395996,-119.492485,319.570801,163.328766,89.98114,163.315994
76.787404544,109.39443200000198,9.14123307482397,1,10.664147,-56.234756,93.51828,-0.001398,52.775059,10.677765,0.18612447706667573,-0.9814816462556363,1.6322018968019627,-2.4399702942880727e-05,0.921098542484266,0.18636215600421233,0.18612447706667587,-0.9812074650034586,1.6324054595392787,-2.4408014034556907e-05,0.92062081179252,0.18636216680863163,0.0,-0.04055534555097218,-0.0269654659250973,1.2425819838948862e-06,0.06753577542443345,-2.0714125809062622e-06,3.7059419820454253e-16,0.011053618007840632,-0.001678619472885376,-3.526162259727196e-07,-0.0091843405741025,4.520635824686088e-07,-1.1847089779952156e-15,0.049611582382974036,0.02819317634841812,-1.0415322074137705e-06,-0.07012623661490353,2.1373562957810262e-06,0.0,0.0038486604401577473,0.0025373247599642657,1.2217304763960266e-07,0.006385863027074334,1.9198621770133428e-07,617.395996,-119.492485,322.810791,163.328766,89.98114,163.315994
76.900761344,113.35680000000536,8.821702800360919,1,10.664147,-56.461124,93.364189,-0.001391,53.155506,10.677753,0.18612447706667573,-0.9854325131767908,1.629512501504272,-2.4277529895241125e-05,0.927738595263601,0.18636194656470206,0.18612447706667587,-0.9857812573879425,1.6292880031270256,-2.4267556585229745e-05,0.9283118137498341,0.18636193409806467,-1.1102230246251565e-16,-0.039481782308526725,-0.02755922977147307,1.2245169141443014e-06,0.06703899568440352,-2.023751596191836e-06,-1.2828152376314983e-16,0.00885325531578915,-0.00217224363162849,-2.62804991580516e-07,-0.006335343665252735,3.723832911774776e-07,-4.4498795564234e-16,-0.010322657778114301,-0.0031102117791429688,2.7604239446086706e-07,0.014658163424028772,-4.979000275536571e-07,0.0,0.003950866921154539,0.0026893952976907443,1.2217304763960266e-07,0.006640052779334993,2.0943951026253238e-07,617.395996,-119.492485,326.170807,163.328766,89.98114,163.315994
77.01409792,113.3365759999947,8.82327696224074,1,10.664147,-56.685123,93.206718,-0.001384,53.536964,10.677742,0.18612447706667573,-0.9893420332479657,1.626764114077864,-2.4155356847601522e-05,0.9343962933216734,0.18636175457848436,0.18612447706667587,-0.9901577585848902,1.6261579670464115,-2.4130423572573047e-05,0.9358181407567763,0.18636170803637112,2.7755575615628914e-16,-0.03376765670596127,-0.024332240679650674,1.046833887008852e-06,0.05809813258280205,-1.7474877863077332e-06,-1.4402662289297038e-18,0.005071595856551786,-0.003842573241962223,-1.6564284546054414e-07,-0.001166645582852982,1.8528781854918844e-07,-7.308289602864796e-16,-0.02493220360541356,-0.011460537586176071,4.929413192288834e-07,0.034988547210654426,-1.0712017924820485e-06,0.0,0.0039095200711748435,0.002748387426408039,1.2217304763960266e-07,0.00665769805807237,1.9198621770133428e-07,617.395996,-119.492485,329.530792,163.328766,89.98114,163.315994
77.19629568,182.1977600000082,5.4885416813025305,1,10.664147,-57.047947,92.940659,-0.001373,54.165825,10.677723,0.18612447706667573,-0.9956745066532215,1.6221205085233004,-2.3963370629882146e-05,0.9453719883090576,0.18636142296592648,0.18612447706667587,-0.9948903501669213,1.6226868371145344,-2.398747279574304e-05,0.9440215672269301,0.18636146202805748,0.0,-0.033298396943885145,-0.024853280074973227,1.0144352855520698e-06,0.05814923010173434,-1.7205589555313594e-06,2.424799471983071e-16,0.003600363503274695,-0.0047803790852484485,-2.0422304919582444e-07,0.0011606335362961406,1.087649178811576e-07,7.46810902108352e-06,-0.008814760917140545,-0.005251067713083587,9.893436075639993e-08,0.01390703939850007,6.0633391460773506e-05,0.0,0.0063324734052558895,0.004643605554563557,1.9198621771937608e-07,0.010975694987384155,3.3161255788560773e-07,617.395996,-119.492485,335.050781,163.328766,89.98114,163.315994
77.310377216,114.08153600000048,8.765660378205249,1,10.664147,-57.27335,92.768227,-0.001366,54.563648,10.677711,0.18612447706667573,-0.9996085311470944,1.6191110023875015,-2.3841197582242543e-05,0.9523153094992189,0.18636121352641624,0.18612447706667587,-0.9992121992872246,1.6194371046916003,-2.3855326438092037e-05,0.9515928105087366,0.18636123929080056,1.1102230246251565e-16,-0.03845693122666827,-0.029649364867033512,1.1663389504844014e-06,0.06810313945255508,-2.0098192181627894e-06,-2.486389873763242e-16,0.0041280279817152155,-0.0047248755768137946,-2.376623095164714e-07,0.0005481609306405288,1.7967170848622954e-07,0.0005029705946544171,-0.00620867280790165,-0.0077622960341060115,3.773600353001804e-07,0.019003422405425227,0.00046791571860737945,0.0,0.003934024493872812,0.0030095061357988673,1.2217304763960266e-07,0.006943321190161389,2.094395102347768e-07,617.395996,-119.492485,338.530792,163.328766,89.98114,163.315994
77.425728768,115.35155199999281,8.669150806051247,1,10.664147,-57.488522,92.598282,-0.00136,54.948738,10.6777,0.18612447706667573,-1.0033639910051957,1.6161449025902,-2.3736477827122885e-05,0.9590363979157239,0.1863610215401985,0.18612447706667587,-1.0037151063708025,1.6158813204732372,-2.3719855643770573e-05,0.9596511153449145,0.18636100076246945,1.1102230246251565e-16,-0.03720192675067846,-0.030049930946277392,1.1139173927445759e-06,0.06724843758938581,-1.957474637603873e-06,-1.614333848141375e-16,0.003451196986540117,-0.0054320227599216064,-1.72768994022655e-07,0.0020709795036827905,1.7264737009839001e-07,-0.0011063918646748469,-0.017097620341255053,-0.01604172703226183,1.7558708534043568e-07,0.022621853697340436,-0.0016799237150019071,0.0,0.0037554598581013288,0.002966099797301558,1.0471975511965845e-07,0.006721088416504983,1.9198621772908986e-07,617.395996,-119.492485,342.010803,163.328766,89.98114,163.315994
77.54426112,118.53235200000256,8.436515289935176,1,10.664147,-57.701256,92.424942,-0.001353,55.334789,10.677689,0.18612447706667573,-1.0070768997361332,1.613119548864793,-2.361430477948328e-05,0.9657742589463406,0.1863608295539808,0.18612447706667587,-1.0079013001905492,1.6124139122482126,-2.359518926862812e-05,0.9673043034973204,0.18636078218075836,5.551115123125783e-17,-0.03118135647780207,-0.026037874895035173,9.205436855975376e-07,0.05721605732819812,-1.620419457615263e-06,1.055876934610407e-16,0.001919130256986229,-0.006725150187063447,-9.110011154845462e-08,0.00510789230875891,7.911901714747994e-08,-0.003190760283576042,-0.020630039276534826,-0.013420953221991307,-5.738499646163127e-07,0.004362369981848796,-0.0036245541148714386,0.0,0.0037129087309375475,0.0030253537254070206,1.2217304763960604e-07,0.0067378610306166875,1.9198621770133428e-07,617.395996,-119.492485,345.250793,163.328766,89.98114,163.315994
77.72391552,179.654400000004,5.566242741619341,1,10.664147,-58.052837,92.12635,-0.001343,55.984936,10.67767,0.18612447706667573,-1.0132131457735873,1.607908135344678,-2.3439771854283847e-05,0.9771214647183041,0.18636049794142295,0.18612447706667587,-1.0123770856886602,1.6086115113443245,-2.346553623847997e-05,0.9755820061937841,0.18636055196351897,0.0,-0.03248222704343462,-0.02804667988058185,9.630954046294658e-07,0.060530814013469936,-1.6948080363565765e-06,-1.4547004693565886e-05,-0.0009246108475752524,-0.009987810612825138,1.1076067988534345e-09,0.010592642947905073,-0.00011874893589314916,-6.323548372472393e-05,0.020081134774070926,0.01741083772975165,7.99991033170727e-09,-0.02883317069872007,0.0034591355362361023,0.0,0.006136246037454107,0.005211413520114894,1.7453292519943188e-07,0.011347205771963464,3.3161255785785215e-07,617.395996,-119.492485,350.890808,163.328766,89.98114,163.315994
77.83587072,111.95519999999703,8.93214428628618,1,10.664147,-58.258984,91.943901,-0.001337,56.373505,10.67766,0.18612447706667573,-1.0168110896666962,1.6047237995777068,-2.333505209916419e-05,0.983903273139486,0.18636032340849773,0.18612447706667587,-1.0165417014210882,1.6049914308585362,-2.334086986333752e-05,0.983367236815195,0.18636033338180788,1.1102230246251565e-16,-0.03746243077573119,-0.03353966334208636,1.1163633891851107e-06,0.07113411814408455,-1.97735804485788e-06,-0.0012466638925083622,-0.001566331748708516,-0.007449211397848543,-5.137892716990133e-07,-0.0028637177642253375,-0.0013156541708782637,0.02074820094386237,0.12950841411310757,0.07275805623555762,5.738375747392711e-06,-0.015474621316224573,0.025211662297873964,0.0,0.003597943893108857,0.0031843357669711914,1.0471975511965845e-07,0.006781808421181923,1.745329252234029e-07,617.395996,-119.492485,354.370789,163.328766,89.98114,163.315994
77.95244672,116.5759999999949,8.578094976667957,1,10.664147,-58.469875,91.75135,-0.001331,56.77692,10.677649,0.18612447706667573,-1.0204918319795195,1.6013631506496993,-2.3230332344044527e-05,0.9909441931414188,0.18636013142228003,0.18612447706667587,-1.020940905196058,1.6009352898324472,-2.321038572402175e-05,0.9918534190908094,0.1863600998401318,-1.1102230246251565e-16,-0.035637807144075495,-0.033508644199059745,1.052846096398594e-06,0.06912794727278992,-1.907798257261284e-06,0.000931462347683588,0.019109016146355906,0.007322019510106081,-6.503014164803884e-08,-0.01729650645622416,0.0018472190500581473,0.05130755529386738,0.28251995935063545,0.1517462559623644,1.3293752807875551e-05,-0.010098902358891788,0.05069755847348302,0.0,0.0036807423128233374,0.0033606489280075813,1.0471975511966184e-07,0.007040920001932793,1.9198621770133428e-07,617.395996,-119.492485,357.730804,163.328766,89.98114,163.315994
78.072321536,119.87481600000649,8.34203574502209,1,10.664147,-58.678085,91.555145,-0.001324,57.181316,10.677637,0.18612447706667573,-1.0241257820150969,1.5979387273908237,-2.3108159296404924e-05,0.998002234823314,0.1863599219827698,0.18612447706667587,-1.0249542457622334,1.5970768846372994,-2.3092368222220227e-05,0.9996880583211258,0.18635988292063904,0.0,-0.028513957506763443,-0.02750174644961323,8.370739142599587e-07,0.05557652823005821,-1.5419045581444024e-06,0.00624348273228446,0.048913973028151904,0.02377323626170455,1.392698766173885e-06,-0.01677065814947515,0.007575309316991685,0.02957652850575045,0.21949021690712903,0.1562735353170888,4.405096687790425e-06,-0.1665915342326252,0.021040519497466985,0.0,0.0036339500355773158,0.0034244232588755974,1.2217304763960266e-07,0.007058041681895166,2.094395102347768e-07,617.395996,-119.492485,361.33078,163.328766,89.98114,163.315994
78.255846656,183.52511999999876,5.448845367871203,1,10.664147,-58.997803,91.236633,-0.001315,57.818935,10.67762,0.18612447706667573,-1.029705913792988,1.5923796442837115,-2.2951079663725433e-05,1.0091307857465877,0.18635962527679692,0.18612447706667587,-1.0287921142498495,1.5933460355838696,-2.298016848459202e-05,1.0071397531980442,0.18635967514334711,2.7756909354526016e-05,-0.023672928732543674,-0.02331510385144142,7.155834671708006e-07,0.04678229840008541,0.00022504336947570813,0.014261194280703752,0.09840470599836455,0.05620565415101311,2.8091056601760835e-06,-0.04404520871041462,0.01257184343294364,-0.1188310455928623,-0.26958013871725794,0.09390881515246052,-4.84939281372543e-05,-0.9571414217942111,-0.14850139318462383,0.0,0.005580131777891184,0.005559083107112173,1.5707963267949106e-07,0.011128550923273695,2.9670597287423384e-07,617.395935,-119.492485,366.566345,163.328766,89.98114,163.315994
78.366856704,111.01004799999714,9.008193564604403,1,10.664147,-59.126621,91.114624,-0.001312,58.050045,10.677613,0.18612447706667573,-1.031954212028822,1.590250185516646,-2.2898719786165604e-05,1.0131644161808717,0.18635950310374927,0.1861294221662232,-1.0316054395599599,1.5905573036251377,-2.289373313115992e-05,1.012747973141364,0.1863998443116363,0.003154232331486373,-0.010079961045764918,-0.018886285282318838,1.7010650842957438e-06,0.05648534125525995,0.0036066052063667975,-0.003404724817040722,0.05479116343298736,0.0654504729188996,-4.245291578222358e-06,-0.1768632399196411,-0.009184373518690777,-0.306114754800255,-0.8893249040575077,-0.003265833137127583,-0.00011033388959161125,-1.8275355138749867,-0.33696996295690207,0.0,0.0022482982358340564,0.002129458767065495,5.2359877559829225e-08,0.004033630434284063,1.2217304765083092e-07,617.395935,-119.492477,368.405396,163.328766,89.98114,163.315994
78.479868928,113.01222400000199,8.848600307166615,1,10.664147,-59.183601,91.057861,-0.00131,58.154541,10.677611,0.18612447706667573,-1.0329487006366085,1.5892594842733363,-2.2863813201125715e-05,1.0149882154360357,0.18635946819716426,0.18684365993158014,-1.0309885803624455,1.5891402799476446,-2.259536493998565e-05,1.0198178307022951,0.1871807453433278,0.002287306069605588,-0.0012860998174160088,-0.007215694916273385,8.263120117494129e-07,0.0228374239705742,0.0014276974120122077,-0.061168409687542585,-0.12445107220314491,0.05093574320386429,-2.45153094254844e-05,-0.49102150026483404,-0.07157826015914881,-0.4891687976420061,-1.5325590815102383,-0.15572978487122308,-0.00016436579002566745,-2.4636378923444893,-0.49439486503184227,0.0,0.0009944886077863924,0.0009907012433096885,3.490658503988841e-08,0.0018237992551639604,3.490658501137389e-08,617.395935,-119.492477,369.136505,163.328766,89.98114,163.315994
78.599103232,119.23430400000257,8.386848133905982,1,10.664147,-59.200474,91.041405,-0.00131,58.183041,10.67761,0.18612447706667573,-1.0332431900412975,1.588972272891628,-2.2863813201125715e-05,1.0154856342728542,0.18635945074387172,0.18660907604458377,-1.0319903710953784,1.5889495470425496,-2.27250179701338e-05,1.0175439850017576,0.18666132289129678,-0.006768081774867818,-0.02181859602117342,-0.001609565140124225,-2.7597431614175214e-06,-0.04640166094622833,-0.009255907569916066,-0.1123114836801273,-0.2912864188294847,0.027177122052020303,-4.1293671526188185e-05,-0.7300235019555478,-0.12225560779610764,-0.4152646022344098,-1.3398683760378314,-0.1879230006201238,-0.00013326352593470394,-1.8817890033413034,-0.3951433118552228,0.0,0.0002944894046890134,0.00028721138170828553,0.0,0.0004974188368185306,1.745329253344252e-08,617.395935,-119.492477,369.322205,163.328766,89.98114,163.315994
78.783801344,184.69811199999242,5.41424050939969,1,10.661172,-59.215652,91.039825,-0.001314,58.090263,10.653354,0.1860725535214289,-1.0335080961151653,1.5889446966894465,-2.2933626371205492e-05,1.0138663526994387,0.185936103680508,0.18398553617511676,-1.039858802393341,1.5886494260421409,-2.3713206770429637e-05,1.0011541066350893,0.18354998261140826,-0.03229913933644335,-0.0952565539863457,-0.003093357467353286,-1.1763058289654329e-05,-0.1931534396001675,-0.03610444201855145,-0.18664924851363113,-0.5326468161259562,-0.010474949442172934,-6.413953792360435e-05,-1.0400881776578994,-0.18810838287010595,-0.061296881845830264,-0.267074141852647,-0.12221613930380344,-7.171516514841846e-06,0.11841307559803838,-0.011625451314195456,5.1923545246829184e-05,0.00026490607386775444,2.7576202181522902e-05,6.981317007977682e-08,0.0016192815734155097,0.0004233470633637215,618.245911,-119.130997,371.500092,-10.41772,89.143608,-10.441955
78.900181248,116.37990399999865,8.592548761683217,1,10.22702,-60.517395,90.994316,-0.001477,55.394428,10.147131,0.17849517166731046,-1.0562277974799539,1.5881504148001564,-2.5778513051956248e-05,0.9668151558589374,0.17710084558118472,0.17889964756591442,-1.0548060456224067,1.5881817384735757,-2.555245135836462e-05,0.9710179893153297,0.17793585763745234,-0.06210725733794642,-0.18144667868610842,-0.005898165572862268,-2.1968076837727076e-05,-0.3570672675175697,-0.06616294229422504,-0.1822145340741428,-0.5252562850761442,-0.019680375132153132,-6.0786424855729255e-05,-0.9631017503900551,-0.17615603285388023,0.23859147790235746,0.6372530492231494,-0.05705211287035857,9.396061561375835e-05,1.6802563030058866,0.28624224444107627,0.007577381854118437,0.022719701364788625,0.0007942818892900938,2.8448866807507563e-06,0.0470511968405013,0.008835258099323284,631.27478,-115.682541,388.036713,-10.037015,84.763618,-10.013104
79.012160512,111.97926399999858,8.930224795905184,1,9.707994,-62.016365,90.943672,-0.001654,52.562584,9.627513,0.16943645906385438,-1.0823897593685732,1.5872665102537766,-2.8867745827986213e-05,0.9173901541560912,0.16803180062855685,0.1699617125778055,-1.080836064775121,1.5873187554382722,-2.8676590719434473e-05,0.9204617873643883,0.16859583369626896,-0.08824750254492697,-0.25622404536016674,-0.008588583591553345,-3.051557798289966e-05,-0.49188332960202974,-0.09058560919690284,-0.1032426257008855,-0.2946507871447549,-0.012838350797394961,-3.2634625652185834e-05,-0.5053560588215606,-0.09223330459735296,0.5396809125016195,1.5588496125373943,0.040057986713495614,0.0001878112195999694,3.0414989522853015,0.5527386787312583,0.009058712603456087,0.0261619618886193,0.0008839045463797657,3.089232776029965e-06,0.04942500170284625,0.009069044952627864,643.877686,-111.867355,405.889526,-9.51049,80.230721,-9.485193
79.126113024,113.95251200001155,8.775585394729154,1,9.194923,-63.49675,90.8937,-0.001828,49.773968,9.116322,0.16048168081735456,-1.1082273518157095,1.5863943343199698,-3.1904618726456346e-05,0.868719623382297,0.1591098345719945,0.15892817156124617,-1.1127898344666411,1.586237793246032,-3.2457306322921236e-05,0.8597250516288523,0.157441116131962,-0.0820845274979578,-0.2373052554575068,-0.008017536240775947,-2.7993765261004225e-05,-0.44911202993988186,-0.08234226982620807,-0.03804914884784813,-0.1048756086125836,-0.004437640852035237,-1.0767632219461679e-05,-0.16052091316737127,-0.028923251152926377,0.5119534813791825,1.489999127565234,0.06523543173118411,0.00017179120932714955,2.712356624886712,0.4989161637988897,0.008954778246499817,0.02583759244713635,0.0008721759338068402,3.0368728984701323e-06,0.04867053077379413,0.008921966056562342,655.660583,-107.814171,424.54422,-9.024054,75.947128,-8.981059
79.304458752,178.34572799999648,5.60708692725188,1,8.399481,-65.791855,90.816231,-0.002098,45.450069,8.323623,0.14659859890870583,-1.1482844907446939,1.5850422452017425,-3.661700770684104e-05,0.7932533493086067,0.14527462704472796,0.14840342560379158,-1.1430796770624798,1.5852178087023108,-3.6002818031972576e-05,0.8030433340909198,0.147095282213911,-0.07463991296568928,-0.21518725926082016,-0.007258159165781208,-2.526301450978628e-05,-0.4045437036007149,-0.07443105872667222,0.027139574267988353,0.08162351989882377,0.0026808438514973124,1.0149135297901315e-05,0.166488674133503,0.030306835704107526,0.2218256665044266,0.6255295232663534,0.02824373090431611,6.851281671362597e-05,1.0524076286613668,0.19536760334554443,0.013883081908648731,0.040057138928984326,0.001352089118227262,4.712388980384691e-06,0.07546627407369033,0.013835207527266552,672.524597,-100.932152,455.644867,-8.220962,69.300751,-8.195972
79.416536832,112.07808000000341,8.922351275110794,1,7.920708,-67.173378,90.769592,-0.00226,42.846645,7.846298,0.13824243368905503,-1.1723966157867236,1.5842282410919049,-3.944444109507184e-05,0.7478150286831658,0.13694373419264605,0.13893728250864076,-1.170391569906505,1.5842959299469532,-3.9213392746474535e-05,0.7515945591249801,0.1375966003637388,-0.08495903004381244,-0.24514574373293474,-0.008275365825852532,-2.8820567594244647e-05,-0.4619155615551569,-0.085163917272986,0.03926829907106766,0.11378870667461816,0.003916371974357499,1.3518220355487697e-05,0.21665977839837747,0.03956527854786962,0.0798222045989201,0.20945942855241306,0.009673407276164964,2.021107464051394e-05,0.2915531512320431,0.05756875219236554,0.008356165219650796,0.024112125042029753,0.0008140041098376738,2.8274333882308053e-06,0.04543832062544084,0.008330892852081911,681.727051,-96.446747,475.597595,-7.763949,65.438011,-7.722293
79.529779712,113.24288000000138,8.830577251302579,1,7.452984,-68.523102,90.724022,-0.002419,40.302715,7.379854,0.13007910989845706,-1.1959537435799115,1.583432894551771,-4.2219514605742835e-05,0.7034150742429064,0.12880275061647362,0.12925920740685692,-1.198319568963139,1.5833530781517509,-4.249710506772672e-05,0.6989573520714449,0.12790509869335215,-0.08113064058951758,-0.23382628934537575,-0.007894279141310356,-2.7496967811521905e-05,-0.44075590571733336,-0.08105464690586156,0.02500353299791963,0.06939389784770478,0.0023877785845778966,8.069200989028962e-06,0.12759949255042247,0.024510371265411557,-0.06343391809620035,-0.1955034661258629,-0.007372650081967791,-2.5138498008063823e-05,-0.4076622777959125,-0.07082461000050429,0.008163323790597976,0.02355712779318786,0.0007953465401338011,2.775073510670993e-06,0.04439995444025946,0.008140983576172434,689.941162,-91.825539,495.943481,-7.283895,61.382416,-7.258989
79.647504896,117.72518399999399,8.494359201851417,1,6.979179,-69.89045,90.677864,-0.00258,37.725166,6.891102,0.12180965263604533,-1.219818468200471,1.5826272854756354,-4.5029494701453696e-05,0.6584283575614192,0.12027241899076628,0.12023830195943572,-1.224281011636215,1.5824765496992335,-4.555060014954918e-05,0.6500139872734331,0.11891695058266336,-0.06725995758137202,-0.19413500835160624,-0.006554580668829413,-2.2835435106735032e-05,-0.36600099044432866,-0.06715394268355512,0.014783111022708961,0.04011467514119377,0.0013308066823179646,4.5539094961820565e-06,0.07249431686197905,0.01519523988491786,-0.08632430323676046,-0.24824580214421815,-0.009081113640315306,-3.0100807502069686e-05,-0.47641014284272054,-0.08648584530354125,0.008269457262411725,0.02386472462055944,0.0008056090761356938,2.809980095710861e-06,0.04498671668148724,0.008530331625707335,697.648743,-86.742645,518.119019,-6.814155,57.415062,-6.789212
79.828039168,180.53427200000272,5.5391144790501885,1,6.247573,-72.001907,90.606567,-0.002828,33.744167,6.1772,0.1090407191086997,-1.256670344864753,1.581382918078841,-4.9357911246399635e-05,0.5889468174928173,0.10781247855419372,0.11068882022361133,-1.2520226469286486,1.581539890498439,-4.881436585077858e-05,0.5977093793043587,0.10933892357136801,-0.06693364917896072,-0.194141142013315,-0.006542736462311183,-2.2793463449577228e-05,-0.36537903110794634,-0.06676452298044178,0.010726026157642843,0.030088573147267317,0.0009297420567368694,3.1528875624797293e-06,0.051752413557463406,0.010401212977548147,-0.01733109402648092,-0.029932542867919104,-0.0011741005478467627,-3.628325560322932e-06,-0.052178164166150176,-0.016842013213246555,0.012768933527345636,0.036851876664282024,0.0012443673967943436,4.328416544945939e-06,0.06948154006860185,0.012459940436572559,707.102356,-78.907288,551.982056,-6.103742,51.41621,-6.063091
79.944436736,116.39756799999645,8.591244793018618,1,5.797689,-73.300369,90.562729,-0.002981,31.295605,5.728167,0.10118876205665753,-1.2793327819767835,1.5806178006413518,-5.202826500195096e-05,0.5462113486536,0.09997537425408602,0.10184441078124346,-1.2776578485023964,1.5806766838947692,-5.182131881921452e-05,0.5495023240378683,0.10053875822553818,-0.0765696788181997,-0.22162207731169747,-0.007498787761829995,-2.6137415725020893e-05,-0.4187956560553281,-0.07633959196799744,0.009220293715671346,0.02833132201573796,0.0008718588981195645,2.939547188350315e-06,0.04843129983663941,0.008546004062809587,-0.0025097861324244533,0.011323803907356517,0.0006278868408981821,2.464029890098274e-06,0.040185431042221775,-0.001901985167424361,0.007851957052042169,0.02266243711203053,0.0007651174374891934,2.6703537555513278e-06,0.042735468839217305,0.0078371043001077,711.864929,-73.751778,574.107544,-5.656733,47.513065,-5.616202
80.060084224,115.64748799999336,8.646966893047063,1,5.370866,-74.575951,90.519653,-0.003131,28.889923,5.28698,0.09373929538341777,-1.3015958877559577,1.5798659826127628,-5.464625887994246e-05,0.5042242769976377,0.0922752084870898,0.09292207986775652,-1.303446885058633,1.57979995763827,-5.487896944687507e-05,0.5005368517359978,0.09162579806791613,-0.0736265763858514,-0.21252183467742647,-0.007216909723971376,-2.5182810056882633e-05,-0.4030988025548261,-0.07364900165824351,0.01165659331782648,0.03891281575790162,0.001289225881389737,4.4307140379878045e-06,0.07173424224554314,0.011531032477302638,-0.01117176882134481,-0.03134368186676137,-0.0003957930491092594,-1.0373871906769071e-06,-0.02359472997797457,-0.008522415850456273,0.007449466673239757,0.02226310577917423,0.0007518180285890352,2.617993877991495e-06,0.04198707165596227,0.007700165766996225,715.595093,-68.534637,596.412842,-5.217431,43.933075,-5.191984
80.17795968,117.87545600000726,8.483530277922643,1,4.921153,-75.830391,90.477295,-0.003279,26.523849,4.853042,0.08589032284439652,-1.3234899960246755,1.5791266960482029,-5.7229346172894065e-05,0.4629284953518054,0.08470156163757066,0.08466677223892347,-1.3272394469634958,1.578993007983047,-5.769642952509449e-05,0.45546084982774265,0.08335541744321917,-0.06164214014438382,-0.1775010210319703,-0.0060144950361822325,-2.098799984902338e-05,-0.3359723937303549,-0.06176762844232797,0.012039655506346086,0.038898282231759174,0.0013696985962806454,4.7704098061916025e-06,0.07625340140490577,0.012328523679650316,-0.013946925783626383,-0.052717701891870375,-0.0012189604360289914,-3.840469635107079e-06,-0.06872888217841167,-0.010603086488710688,0.007848972539021254,0.02189410826871785,0.0007392865645599045,2.5830872929516067e-06,0.04129578164583231,0.007573646849519139,718.302429,-63.273666,619.627502,-4.770477,40.159637,-4.74479
80.35550976,177.55008000000316,5.632213739357269,1,4.274566,-77.6968,90.412849,-0.003504,22.923973,4.192798,0.07460525079380394,-1.3560649782635301,1.5780019011584625,-6.115633698988131e-05,0.40009880648828205,0.0731781299710332,0.07596652366833363,-1.352244355291143,1.5781474491514424,-6.0643542633462065e-05,0.4082262645938609,0.07463352595879545,-0.06288109257148439,-0.18028987939085095,-0.00608429604742966,-2.1219177662855078e-05,-0.3399007911644998,-0.06266113805361623,0.0031517555115728735,0.007297356909281794,0.0004262413150343952,1.5755199367033896e-06,0.023605101122473382,0.003930701271666837,0.0013053074528041747,-0.024394787732265277,-0.0008311531871251529,-2.598318371731528e-06,-0.04323725112019339,0.0007898161831844594,0.011285072050592579,0.03257498223885458,0.001124794889740377,3.926990816987243e-06,0.06282968886352336,0.011523431666537451,720.50354,-55.064186,653.833679,-4.127559,34.731831,-4.101453
80.468146688,112.63692800000058,8.878083038628281,1,3.856135,-78.904663,90.373482,-0.003641,20.724321,3.789351,0.06730225215139155,-1.3771461645265466,1.5773148173918299,-6.354743806511354e-05,0.3617076366902037,0.06613665146373965,0.06789201719004216,-1.3753710981885359,1.5773676726104546,-6.336376293907037e-05,0.36466272512214404,0.06660822197433605,-0.07097722121344774,-0.2040952069901243,-0.006872287316096681,-2.3953489318886306e-05,-0.3839390173278092,-0.07062896904189392,0.003475864733024303,0.005660264149586647,0.00031766420451674604,1.1907644599613507e-06,0.01759334653268163,0.004108801243840776,0.0028318025257626986,-0.01410974447276428,-0.000890774662131273,-3.136814930725608e-06,-0.05039487900768658,-0.0018670242911261875,0.007302998642412392,0.02108118626301647,0.0006870837666326235,2.391101075232234e-06,0.03839116979807833,0.007041478507293558,720.662354,-49.952122,675.640869,-3.711333,31.217863,-3.68491
80.586195712,118.04902400000117,8.471056905985009,1,3.457483,-80.055466,90.334618,-0.003776,18.553045,3.376965,0.060344462181731104,-1.3972314659183747,1.576636512631335,-6.590363255530589e-05,0.3238117215206714,0.058939157974610315,0.059600933635979875,-1.3993126638382964,1.5765626702440119,-6.616709416144031e-05,0.3196882033054731,0.05834729106087488,-0.0693768328424346,-0.2010335575774551,-0.006748275893451172,-2.3508181857140233e-05,-0.37703441684193506,-0.06915312814761784,0.011135419143720071,0.026023984129424416,0.0008652674533485769,3.070718501181548e-06,0.048679313231221544,0.010731830986393187,-0.008317801413639789,-0.019600777643361218,-0.0014419711025156008,-5.666549724266936e-06,-0.09131646196907846,-0.017319923344587686,0.006957789969660441,0.02008530139182807,0.0006783047604947967,2.3561944901923456e-06,0.037895915169532335,0.0071974934891293335,719.862427,-44.673382,698.214172,-3.314668,27.869022,-3.273822
80.700236544,114.04083200000059,8.768789059693942,1,3.035787,-81.272827,90.293503,-0.00392,16.256021,2.969769,0.0529844785392411,-1.4184784235537455,1.5759189205093775,-6.841690667817772e-05,0.28372108972334115,0.05183224707365948,0.05178360142296976,-1.4220429493783344,1.575800907163123,-6.882165684280692e-05,0.2771257556038792,0.05055197576082409,-0.059802743753955195,-0.17358956891162025,-0.005836079670729966,-2.0338028004585285e-05,-0.32607973963922976,-0.05967293771903899,0.010898848839416636,0.026769004033471433,0.0008388781529116759,2.946671279314038e-06,0.04688183178331906,0.00970880425646109,-0.02067857742132826,-0.04118986536885989,-0.0019685020621613334,-7.464556652731618e-06,-0.11889703750104857,-0.02637115755224966,0.007359983642490006,0.021246957635370878,0.0007175921219575443,2.51327412287183e-06,0.040090631797330245,0.007106910900950836,718.094604,-39.42675,720.737244,-2.908869,24.325613,-2.867817
80.880386816,180.15027199999167,5.550921399663755,1,2.41294,-83.070923,90.232773,-0.004131,12.862891,2.347369,0.04211374765307197,-1.4498611190206854,1.5748589820546413,-7.209955139988575e-05,0.22449979927514593,0.04096931780924677,0.04349902794701742,-1.4459935367181096,1.5749896274291366,-7.164909023103775e-05,0.2317980547775389,0.04227278537895039,-0.05803526377779808,-0.16862881123192075,-0.005700574089507526,-1.986555448934657e-05,-0.31851082412987974,-0.05803965721391083,-0.0012612543223118888,-0.002422222624503978,-0.0002047757757372634,-8.738242028978155e-07,-0.015558737371816234,-0.0035349133997847892,-0.04142454588985782,-0.08926102671207159,-0.002751665384378077,-9.307237389326704e-06,-0.1390040593360253,-0.029999186130406794,0.010870730886169126,0.031382695466939836,0.0010599384547362867,3.6826447217080374e-06,0.05922129044819521,0.010862929264412707,713.469421,-31.385635,755.502563,-2.288526,19.205589,-2.247075
80.996172288,115.78547199999889,8.636662119406566,1,2.030802,-84.213341,90.194191,-0.004266,10.70689,1.951884,0.03544418135608588,-1.469800074554734,1.574185599122637,-7.44557458900781e-05,0.18687048314885565,0.034066802416997,0.03588279090820376,-1.468173581447072,1.5742404897276132,-7.42596041265207e-05,0.18994059542737557,0.03465348902729074,-0.06760348113309611,-0.1962750069437309,-0.006629334935754905,-2.309434961533265e-05,-0.37042127873974684,-0.0678060501832767,-0.005213643976702098,-0.010858434261012628,-0.0004377106680637753,-1.6184006466897716e-06,-0.026097314879755418,-0.005676309202565344,0.024488744801543574,0.10093479781240505,0.004059663561616281,1.5372174040227767e-05,0.26762757842098917,0.04923170955078296,0.00666956629698609,0.019938955534048564,0.0006733829320042517,2.3561944901923456e-06,0.03762931612629028,0.006902515392249772,709.299011,-26.29105,777.735779,-1.894305,15.877165,-1.866083
81.108012288,111.84000000000083,8.941344778254583,1,1.639054,-85.305145,90.15731,-0.004394,8.646295,1.573892,0.028606888917983138,-1.4888556491411782,1.5735419042412089,-7.668976733263085e-05,0.15090631584872313,0.027469597470798593,0.02812490627173491,-1.490634167906673,1.573481857434959,-7.690170017037307e-05,0.14754986651533958,0.0268539201105201,-0.06761285180294427,-0.19546214174709498,-0.00661103872401636,-2.307700672176397e-05,-0.3704416697530163,-0.06815410554794693,0.0026145343606036597,0.014705014439109654,0.0005790421686655799,2.240224647407846e-06,0.040530212861786374,0.007334992326147871,0.18347746288525196,0.5412753163598822,0.019081265426332178,6.86467501311224e-05,1.128301497200287,0.21394920349757388,0.006837292438102743,0.019055574586444246,0.0006436948814281251,2.2340214425527498e-06,0.03596416730013252,0.006597204946198407,704.405579,-21.453501,799.038086,-1.517492,12.582579,-1.475402
81.221674752,113.6624640000008,8.797979251971812,1,1.264465,-86.425056,90.119484,-0.004526,6.532513,1.186137,0.022069077526230097,-1.5084017834204804,1.5728817159983495,-7.899360194526335e-05,0.11401386027933233,0.02070199602972798,0.02064236810249736,-1.5122310590704138,1.5727503168078412,-7.94615164066314e-05,0.10643664547815668,0.019290392846225836,-0.05828127983706094,-0.16761840272923223,-0.005666035279201953,-1.9778006765462295e-05,-0.317125485476873,-0.05822015612876966,0.024604361854049045,0.07876559065429711,0.0028037548558895384,1.0185436128615181e-05,0.17047796561016781,0.03208383939729384,0.2604785268373014,0.7458382892031401,0.025681359787370336,9.10435567019992e-05,1.4753279461794158,0.27698894094420434,0.006537811391753041,0.019546134279302185,0.0006601882428594052,2.3038346126324995e-06,0.0368924555693908,0.006767601441070612,698.455933,-16.541206,820.900085,-1.130919,9.431638,-1.101733
81.400060416,178.38566400000389,5.605831643511321,1,0.669393,-88.104683,90.062752,-0.004724,3.362087,0.604535,0.011683111839802402,-1.5377168047758751,1.571891555807108,-8.244935386421213e-05,0.05867948788849859,0.010551126193543921,0.012359536631360338,-1.535863208594835,1.571955162253925,-8.22216299522853e-05,0.06234899692981249,0.011235063380867941,-0.054180541275685085,-0.15469759499599434,-0.005185837705367291,-1.7941944137517187e-05,-0.2854003225763423,-0.05194847025840018,0.08308256425873936,0.24440158308780013,0.008417986551315152,2.9965921074403992e-05,0.4886883154441277,0.09156943544380708,0.2973915157174448,0.8297298374330588,0.027559795095502777,9.471235742244216e-05,1.4931434567377888,0.2712131190807014,0.010385965686427695,0.029315021355394766,0.0009901601912414293,3.4557519189487763e-06,0.05533437239083374,0.01015086983618406,687.755005,-9.308836,853.611084,-0.537959,4.424798,-0.507931
81.516558848,116.49843200000021,8.58380651852892,1,0.290099,-89.199791,90.025764,-0.004853,1.294849,0.225301,0.00506318270674303,-1.5568300450408055,1.5712459934233802,-8.47008285992848e-05,0.022599378366156053,0.003932244258035744,0.005458078409971767,-1.5555757517072233,1.5712956073162512,-8.44997001807217e-05,0.026190000187498116,0.004666427812306341,-0.04884349005889186,-0.13846839409448464,-0.004618164512380396,-1.5889295585583025e-05,-0.25151933850944985,-0.04553552268130682,0.12147689474704092,0.35110220025517414,0.01195355313262664,4.206019276176712e-05,0.678469480259306,0.12554097219400787,0.19147897576870465,0.5177702046216184,0.016656469972775395,5.5323651496530036e-05,0.8445028263461412,0.1476908632030402,0.006619929133059373,0.01911324026493033,0.0006455623837278157,2.2514747350726804e-06,0.036080109522342536,0.006618881935508177,679.625854,-4.706976,874.824524,-0.17292,1.342362,-0.14234
81.631658752,115.09990400000447,8.688104553066884,1,0.000814,-89.999153,90.000008,-0.004938,-0.004232,-4.1e-05,1.4206980111233844e-05,-1.5707815438561323,1.5707964664212366,-8.618435846347998e-05,-7.386233394440002e-05,-7.155849933176751e-07,0.0010185583603897065,-1.568017724394701,1.5708827023084697,-8.591175465650188e-05,0.003933883205314283,0.0006589507213087941,-0.02539128418032768,-0.07113997710888409,-0.0023438152205290663,-7.947654177862173e-06,-0.12440506084278663,-0.022217203985967375,0.13620821289724747,0.38818090373321285,0.01301808518645634,4.5065661678016126e-05,0.7169614615813982,0.13050015133423745,-0.09761703590450649,-0.3039918354070239,-0.011046471428657806,-4.143322822817367e-05,-0.7032441159439009,-0.1374657620144139,0.005048975726631796,0.013951498815326868,0.00044952700214362373,1.483529864195176e-06,0.022673240700100454,0.003932959843029062,674.677002,-2.331028,885.201477,-2e-06,-0.008559,0.004937
81.748238848,116.58009599999275,8.577793588367454,1,0.0,-90.0,90.0,-0.004938,-0.003916,1e-06,0.0,-1.5707963267948966,1.5707963267948966,-8.618435846347998e-05,-6.834709350809795e-05,1.7453292519943295e-08,-0.00038530636565277724,-1.5719473506588588,1.5707562972529483,-8.632814034947766e-05,-0.0024267082853004214,-0.00044331279889739275,-0.007785753942903666,-0.02163076465693159,-0.0006904417753639258,-2.252977021890317e-06,-0.03412070957839055,-0.005849986687941395,0.10668068160366667,0.3018433712655171,0.01003611684692888,3.440745977779367e-05,0.5430362989757291,0.09797192915809982,-0.23952298563998398,-0.6972785509631549,-0.02397645743896903,-8.533069016981243e-05,-1.3881988731347712,-0.25971305386780474,1.4206980111233844e-05,1.4782938764223985e-05,1.3962634004549557e-07,0.0,5.5152404363020705e-06,7.330382858376184e-07,674.677551,-2.331047,885.201538,-1e-06,-0.008562,0.004937
81.948515584,200.2767360000064,4.9930911596240914,1,0.0,-90.0,90.0,-0.004938,-0.003916,1e-06,0.0,-1.5707963267948966,1.5707963267948966,-8.618435846347998e-05,-6.834709350809795e-05,1.7453292519943295e-08,-0.0004801783082453508,-1.5721243370183209,1.5707535213483286,-8.632564702197481e-05,-0.0022279659811574905,-0.0003745850573905261,0.0024268683355543356,0.006881318941973191,0.00022735411475593992,7.720635113299423e-07,0.012098807994911845,0.0021613890703466128,0.03346887878494283,0.09291111027225983,0.0030194624330969417,1.0072727499328789e-05,0.15553974597359588,0.027322154587667798,-0.3066737109717905,-0.8696129498107638,-0.029013396141582805,-9.985510671727702e-05,-1.580844056360824,-0.2861174299398181,0.0,0.0,0.0,0.0,0.0,0.0,674.677551,-2.331047,885.201538,-1e-06,-0.008562,0.004937
82.064934656,116.41907199999935,8.589657886982689,1,0.0,-90.0,90.0,-0.004938,-0.003916,1e-06,0.0,-1.5707963267948966,1.5707963267948966,-8.618435846347998e-05,-6.834709350809795e-05,1.7453292519943295e-08,-1.3530457248794149e-06,-1.5707977346938276,1.570796313497151,-8.618435846348004e-05,-6.782183251416447e-05,8.726646259971655e-08,0.0020183178120667723,0.005581098125384543,0.00017988209668828858,5.937228250765532e-07,0.009074952264199628,0.0015741283515901016,0.005839950021836067,0.0153263576618328,0.00044432821215019066,1.2647492895489357e-06,0.016728944166200074,0.0023290351864172446,-0.2617593035750596,-0.7369708114812039,-0.024356755464788493,-8.292041945672166e-05,-1.3011518095068884,-0.23307938399843517,0.0,0.0,0.0,0.0,0.0,0.0,674.677551,-2.331047,885.201538,-1e-06,-0.008562,0.004937
82.176438016,111.50336000000038,8.968339608779472,0,0.0,-90.0,90.0,-0.004938,-0.003916,1e-06,0.0,-1.5707963267948966,1.5707963267948966,-8.618435846347998e-05,-6.834709350809795e-05,1.7453292519943295e-08,0.0,-1.5707963267948977,1.5707963267948977,-8.618435846348004e-05,-6.834709350809801e-05,1.7453292519943304e-08,6.1636177290788986e-06,6.413494122448071e-06,6.0576097027365e-08,-5.421010862427522e-20,-2.392755776890656e-06,-3.1802450199178586e-07,-0.011461201004483543,-0.03231104331575752,-0.0010773482915949538,-3.701411318414156e-06,-0.05855614330581658,-0.010585028272070402,-0.08054304917351211,-0.22238544020054005,-0.007156628163885962,-2.3592551863758034e-05,-0.36052834730672106,-0.06254184570598066,0.0,0.0,0.0,0.0,0.0,0.0,674.677551,-2.331047,885.201538,-1e-06,-0.008562,0.004937
82.2915392,115.10118399999669,8.688007935696202,0,0.0,-90.0,90.0,-0.004938,-0.003916,1e-06,0.0,-1.5707963267948966,1.5707963267948966,-8.618435846347998e-05,-6.834709350809795e-05,1.7453292519943295e-08,0.0,-1.5707963267948977,1.5707963267948977,-8.618435846348004e-05,-6.834709350809801e-05,1.7453292519943304e-08,0.0,4.440892098500626e-16,-4.440892098500626e-16,0.0,2.710505431213761e-20,0.0,-0.009065979451106897,-0.025294764391461045,-0.000817662937474513,-2.70847290784634e-06,-0.04155252738389686,-0.007239364400228864,0.017780711879364492,0.053655469812568746,0.0019426422402317092,7.28794009157558e-06,0.12283129309840657,0.02382710038740776,0.0,0.0,0.0,0.0,0.0,0.0,674.677551,-2.331047,885.201538,-1e-06,-0.008562,0.004937
82.4717248,180.1856000000015,5.549833061021478,0,0.0,-90.0,90.0,-0.004938,-0.003916,1e-06,0.0,-1.5707963267948966,1.5707963267948966,-8.618435846347998e-05,-6.834709350809795e-05,1.7453292519943295e-08,0.0,-1.5707963267948977,1.5707963267948977,-8.618435846348004e-05,-6.834709350809801e-05,1.7453292519943304e-08,0.0,1.7763568394002505e-15,-1.7763568394002505e-15,0.0,0.0,0.0,0.00044697599023630496,0.001287882488749304,4.289167863206316e-05,1.4637657272207925e-07,0.0023029336210416713,0.00041234528669370713,0.03264839698728256,0.0915138453871742,0.003013413824378745,1.0206110300049507e-05,0.15958000464819366,0.02845385630617075,0.0,0.0,0.0,0.0,0.0,0.0,674.677551,-2.331047,885.201538,-1e-06,-0.008562,0.004937
82.588358656,116.63385599999287,8.573839829149275,0,0.0,-90.0,90.0,-0.004938,-0.003916,1e-06,0.0,-1.5707963267948966,1.5707963267948966,-8.618435846347998e-05,-6.834709350809795e-05,1.7453292519943295e-08,0.0,-1.5707963267948977,1.5707963267948977,-8.618435846348004e-05,-6.834709350809801e-05,1.7453292519943304e-08,0.0,8.881784197001252e-16,-8.881784197001252e-16,5.421010862427522e-20,0.0,0.0,0.0007852483691947872,0.0021768306904910223,7.023538220493817e-05,2.3192285044507205e-07,0.0035461266788706647,0.00061505641848038,0.02356388549038043,0.06549793995276917,0.0021129497085142094,6.982266142104302e-06,0.10693007753892751,0.018587352127912238,0.0,0.0,0.0,0.0,0.0,0.0,674.677551,-2.331047,885.201538,-1e-06,-0.008562,0.004937
82.695324416,106.96576000000846,9.34878600404392,0,0.0,-90.0,90.0,-0.004938,-0.003916,1e-06,0.0,-1.5707963267948966,1.5707963267948966,-8.618435846347998e-05,-6.834709350809795e-05,1.7453292519943295e-08,0.0,-1.5707963267948977,1.5707963267948977,-8.618435846348004e-05,-6.834709350809801e-05,1.7453292519943304e-08,0.0,-8.881784197001252e-16,8.881784197001252e-16,0.0,-5.421010862427522e-20,1.3234889800848443e-23,2.813644113178751e-06,2.9277107634598137e-06,2.7652525115695655e-08,-5.196885694120219e-21,-1.0922746188751563e-06,-1.451757404834245e-07,-5.5809312606211676e-05,-0.0003660881835394733,-2.889657459807346e-05,-1.630760965568015e-07,-0.0033981304977687343,-0.000783733006960609,0.0,0.0,0.0,0.0,0.0,0.0,674.677551,-2.331047,885.201538,-1e-06,-0.008562,0.004937
82.807867904,112.54348800000002,8.885454127741268,0,0.0,-90.0,90.0,-0.004938,-0.003916,1e-06,0.0,-1.5707963267948966,1.5707963267948966,-8.618435846347998e-05,-6.834709350809795e-05,1.7453292519943295e-08,0.0,-1.5707963267948977,1.5707963267948977,-8.618435846348004e-05,-6.834709350809801e-05,1.7453292519943304e-08,0.0,8.881784197001252e-16,-8.881784197001252e-16,1.0842021724855044e-19,5.421010862427522e-20,-1.3234889800848443e-23,0.0,-1.0511591091321566e-15,1.0511591091321566e-15,-1.607219657330663e-19,9.323413483144482e-20,7.086047246871629e-24,-0.00624919750302186,-0.0174601483681837,-0.0005655974769422528,-1.8772990382566399e-06,-0.028848479170586215,-0.005034863821571239,0.0,0.0,0.0,0.0,0.0,0.0,674.677551,-2.331047,885.201538,-1e-06,-0.008562,0.004937
82.990251008,182.3831039999959,5.482964035966964,0,0.0,-90.0,90.0,-0.004938,-0.003916,1e-06,0.0,-1.5707963267948966,1.5707963267948966,-8.618435846347998e-05,-6.834709350809795e-05,1.7453292519943295e-08,0.0,-1.5707963267948977,1.5707963267948977,-8.618435846348004e-05,-6.834709350809801e-05,1.7453292519943304e-08,0.0,0.0,0.0,0.0,5.421010862427522e-20,1.3234889800848443e-23,0.0,9.749041178766832e-16,-9.749041178766832e-16,-3.038314593158551e-20,-7.722645038540946e-20,-1.8298165802274977e-23,0.00012339633150726685,0.0003596791647707636,1.1977705305204983e-05,4.0632683327623925e-08,0.0006357948378018989,0.00011273549322560603,0.0,0.0,0.0,0.0,0.0,0.0,674.677551,-2.331047,885.201538,-1e-06,-0.008562,0.004937
83.099993856,109.74284799999623,9.11221112103847,0,0.0,-90.0,90.0,-0.004938,-0.003916,1e-06,0.0,-1.5707963267948966,1.5707963267948966,-8.618435846347998e-05,-6.834709350809795e-05,1.7453292519943295e-08,0.0,-1.5707963267948977,1.5707963267948977,-8.618435846348004e-05,-6.834709350809801e-05,1.7453292519943304e-08,0.0,8.881784197001252e-16,-8.881784197001252e-16,-5.421010862427522e-20,0.0,0.0,0.0,2.788343461986737e-15,-2.788343461986737e-15,1.2366599514962977e-19,-2.4086306726029522e-20,-4.4893008292163943e-23,0.00034690728316377864,0.0009651260455820831,3.118700617440745e-05,1.0304655449637263e-07,0.001576365842370752,0.00027338079093807923,0.0,0.0,0.0,0.0,0.0,0.0,674.677551,-2.331047,885.201538,-1e-06,-0.008562,0.004937
83.215126016,115.1321600000017,8.685670450376204,0,0.0,-90.0,90.0,-0.004938,-0.003916,1e-06,0.0,-1.5707963267948966,1.5707963267948966,-8.618435846347998e-05,-6.834709350809795e-05,1.7453292519943295e-08,0.0,-1.5707963267948977,1.5707963267948977,-8.618435846348004e-05,-6.834709350809801e-05,1.7453292519943304e-08,0.0,-8.881784197001252e-16,8.881784197001252e-16,0.0,-1.0842021724855044e-19,1.3234889800848443e-23,0.0,8.4364842408778955e-16,-8.4364842408778955e-16,2.9063783383458335e-20,-1.0630312038098749e-19,-4.458318726681756e-23,1.1434275965027127e-06,1.1897827596161538e-06,1.1237627440012495e-08,-5.402079450582785e-19,-4.438858974137015e-07,-5.899749269424303e-08,0.0,0.0,0.0,0.0,0.0,0.0,674.677551,-2.331047,885.201538,-1e-06,-0.008562,0.004937
83.326309376,111.18335999999829,8.9941516428359,0,0.0,-90.0,90.0,-0.004938,-0.003916,1e-06,0.0,-1.5707963267948966,1.5707963267948966,-8.618435846347998e-05,-6.834709350809795e-05,1.7453292519943295e-08,0.0,-1.5707963267948977,1.5707963267948977,-8.618435846348004e-05,-6.834709350809801e-05,1.7453292519943304e-08,0.0,1.3322676295501878e-15,-1.3322676295501878e-15,1.0842021724855044e-19,5.421010862427522e-20,-2.6469779601696886e-23,0.0,-1.1064087961870868e-15,1.1064087961870868e-15,-6.126742974491309e-20,-8.119381106316973e-20,-2.6825775392746845e-23,0.0,-1.097623479375799e-14,1.097623479375799e-14,-8.515973018945652e-19,1.0703301133724516e-19,2.265250385763867e-22,0.0,0.0,0.0,0.0,0.0,0.0,674.677551,-2.331047,885.201538,-1e-06,-0.008562,0.004937
83.508148224,181.83884799999817,5.499374919049257,0,0.0,-90.0,90.0,-0.004938,-0.003916,1e-06,0.0,-1.5707963267948966,1.5707963267948966,-8.618435846347998e-05,-6.834709350809795e-05,1.7453292519943295e-08,0.0,-1.5707963267948977,1.5707963267948977,-8.618435846348004e-05,-6.834709350809801e-05,1.7453292519943304e-08,0.0,1.7763568394002505e-15,-1.7763568394002505e-15,5.421010862427522e-20,5.421010862427522e-20,-1.3234889800848443e-23,0.0,-1.8080443625766904e-15,1.8080443625766904e-15,-2.1887571048505952e-19,4.856106294424688e-20,3.6361715036431626e-23,0.0,-6.004909371899767e-16,6.004909371899767e-16,1.9222144571096182e-20,2.37571000240678e-19,1.562690228118853e-22,0.0,0.0,0.0,0.0,0.0,0.0,674.677551,-2.331047,885.201538,-1e-06,-0.008562,0.004937
83.619634176,111.48595200000955,8.96973997226049,0,0.0,-90.0,90.0,-0.004938,-0.003916,1e-06,0.0,-1.5707963267948966,1.5707963267948966,-8.618435846347998e-05,-6.834709350809795e-05,1.7453292519943295e-08,0.0,-1.5707963267948977,1.5707963267948977,-8.618435846348004e-05,-6.834709350809801e-05,1.7453292519943304e-08,0.0,-1.7763568394002505e-15,1.7763568394002505e-15,-1.6263032587282567e-19,-1.0842021724855044e-19,1.3234889800848443e-23,0.0,-2.0851881561465926e-15,2.0851881561465926e-15,-2.4315408099804277e-19,-8.046630587897859e-20,5.639665727135933e-23,0.0,2.4552722984643124e-15,-2.4552722984643124e-15,4.593797461452638e-19,2.955214271929255e-19,5.997801664131944e-23,0.0,0.0,0.0,0.0,0.0,0.0,674.677551,-2.331047,885.201538,-1e-06,-0.008562,0.004937
83.731650816,112.01663999999312,8.927245095015003,0,0.0,-90.0,90.0,-0.004938,-0.003916,1e-06,0.0,-1.5707963267948966,1.5707963267948966,-8.618435846347998e-05,-6.834709350809795e-05,1.7453292519943295e-08,0.0,-1.5707963267948977,1.5707963267948977,-8.618435846348004e-05,-6.834709350809801e-05,1.7453292519943304e-08,0.0,8.881784197001252e-16,-8.881784197001252e-16,5.421010862427522e-20,5.421010862427522e-20,0.0,0.0,-6.655504405744509e-16,6.655504405744509e-16,-1.2936337172799422e-20,-3.614889439149549e-20,2.558325735473505e-23,0.0,2.2104381165517517e-15,-2.2104381165517517e-15,6.777944578379316e-19,1.51494286746189e-19,-1.332062642197188e-22,0.0,0.0,0.0,0.0,0.0,0.0,674.677551,-2.331047,885.201538,-1e-06,-0.008562,0.004937
83.845307392,113.65657599999679,8.798435032919066,0,0.0,-90.0,90.0,-0.004938,-0.003916,1e-06,0.0,-1.5707963267948966,1.5707963267948966,-8.618435846347998e-05,-6.834709350809795e-05,1.7453292519943295e-08,0.0,-1.5707963267948977,1.5707963267948977,-8.618435846348004e-05,-6.834709350809801e-05,1.7453292519943304e-08,0.0,-8.881784197001252e-16,8.881784197001252e-16,-5.421010862427522e-20,-5.421010862427522e-20,1.3234889800848443e-23,0.0,2.8387585379031626e-16,-2.8387585379031626e-16,1.129093840490772e-19,1.0713391501851252e-19,8.637045058194561e-25,0.0,4.1711538002842195e-15,-4.1711538002842195e-15,6.629345729773808e-19,1.7871188764809573e-19,-2.1021286413092273e-22,0.0,0.0,0.0,0.0,0.0,0.0,674.677551,-2.331047,885.201538,-1e-06,-0.008562,0.004937
84.020922624,175.6152319999984,5.694266884549109,0,0.0,-90.0,90.0,-0.004938,-0.003916,1e-06,0.0,-1.5707963267948966,1.5707963267948966,-8.618435846347998e-05,-6.834709350809795e-05,1.7453292519943295e-08,0.0,-1.5707963267948977,1.5707963267948977,-8.618435846348004e-05,-6.834709350809801e-05,1.7453292519943304e-08,0.0,1.7763568394002505e-15,-1.7763568394002505e-15,5.421010862427522e-20,5.421010862427522e-20,-1.3234889800848443e-23,0.0,-1.7237409710537325e-15,1.7237409710537325e-15,-8.003473748022235e-21,2.22732236443588e-20,-9.88882239681991e-24,0.0,9.14889784097866e-15,-9.14889784097866e-15,3.8646916128362842e-19,-2.827984637848949e-20,-1.4436551221745265e-22,0.0,0.0,0.0,0.0,0.0,0.0,674.677551,-2.331047,885.201538,-1e-06,-0.008562,0.004937
84.13120256,110.27993600001196,9.067832611000895,0,0.0,-90.0,90.0,-0.004938,-0.003916,1e-06,0.0,-1.5707963267948966,1.5707963267948966,-8.618435846347998e-05,-6.834709350809795e-05,1.7453292519943295e-08,0.0,-1.5707963267948977,1.5707963267948977,-8.618435846348004e-05,-6.834709350809801e-05,1.7453292519943304e-08,0.0,-8.881784197001252e-16,8.881784197001252e-16,-5.421010862427522e-20,0.0,1.3234889800848443e-23,0.0,1.0286729971844987e-15,-1.0286729971844987e-15,9.729030044079932e-20,6.052375501295498e-20,-4.3479514789252354e-23,0.0,1.1466415624008796e-14,-1.1466415624008796e-14,2.8713475379070293e-19,-2.232687362975225e-19,-1.4460158880840642e-22,0.0,0.0,0.0,0.0,0.0,0.0,674.677551,-2.331047,885.201538,-1e-06,-0.008562,0.004937
84.239867392,108.66483199998811,9.202609359393382,0,0.0,-90.0,90.0,-0.004938,-0.003916,1e-06,0.0,-1.5707963267948966,1.5707963267948966,-8.618435846347998e-05,-6.834709350809795e-05,1.7453292519943295e-08,0.0,-1.5707963267948977,1.5707963267948977,-8.618435846348004e-05,-6.834709350809801e-05,1.7453292519943304e-08,0.0,-8.881784197001252e-16,8.881784197001252e-16,0.0,0.0,1.3234889800848443e-23,0.0,3.86965493320817e-15,-3.86965493320817e-15,2.1291152580454502e-19,1.8044464867757876e-20,-4.6178016538158073e-23,0.0,3.783538294029748e-15,-3.783538294029748e-15,-1.1478121901583075e-19,-3.4324847610568744e-19,-4.507008266740805e-23,0.0,0.0,0.0,0.0,0.0,0.0,674.677551,-2.331047,885.201538,-1e-06,-0.008562,0.004937
84.353236736,113.36934400000587,8.820726703684095,0,0.0,-90.0,90.0,-0.004938,-0.003916,1e-06,0.0,-1.5707963267948966,1.5707963267948966,-8.618435846347998e-05,-6.834709350809795e-05,1.7453292519943295e-08,0.0,-1.5707963267948977,1.5707963267948977,-8.618435846348004e-05,-6.834709350809801e-05,1.7453292519943304e-08,0.0,1.3322676295501878e-15,-1.3322676295501878e-15,8.131516293641283e-20,5.421010862427522e-20,-2.6469779601696886e-23,0.0,2.5197778684069803e-15,-2.5197778684069803e-15,1.39763856537478e-19,-6.785863191638839e-20,-3.971771194802788e-23,0.0,-1.1765937077916274e-14,1.1765937077916274e-14,-7.7513825446043895e-19,-5.315431867924133e-19,1.4029999290689602e-22,0.0,0.0,0.0,0.0,0.0,0.0,674.677551,-2.331047,885.201538,-1e-06,-0.008562,0.004937
84.535261696,182.02496000000679,5.493752065650572,0,0.0,-90.0,90.0,-0.004938,-0.003916,1e-06,0.0,-1.5707963267948966,1.5707963267948966,-8.618435846347998e-05,-6.834709350809795e-05,1.7453292519943295e-08,0.0,-1.5707963267948977,1.5707963267948977,-8.618435846348004e-05,-6.834709350809801e-05,1.7453292519943304e-08,0.0,1.7763568394002505e-15,-1.7763568394002505e-15,5.421010862427522e-20,0.0,-1.3234889800848443e-23,0.0,1.5681091582628142e-16,-1.5681091582628142e-16,-3.773551429926828e-20,-3.746398724920364e-20,-3.6165648310706513e-23,0.0,-3.4287325537203075e-14,3.4287325537203075e-14,-1.9488529631670597e-18,-8.90225275722784e-19,3.905781784743406e-22,0.0,0.0,0.0,0.0,0.0,0.0,674.677551,-2.331047,885.201538,-1e-06,-0.008562,0.004937
84.651729408,116.46771199998796,8.586070618439756,0,0.0,-90.0,90.0,-0.004938,-0.003916,1e-06,0.0,-1.5707963267948966,1.5707963267948966,-8.618435846347998e-05,-6.834709350809795e-05,1.7453292519943295e-08,0.0,-1.5707963267948977,1.5707963267948977,-8.618435846348004e-05,-6.834709350809801e-05,1.7453292519943304e-08,0.0,8.881784197001252e-16,-8.881784197001252e-16,5.421010862427522e-20,0.0,-1.3234889800848443e-23,0.0,-7.058322633065573e-15,7.058322633065573e-15,-3.925567854178052e-19,-2.782219726621688e-19,6.102365723289694e-23,0.0,-8.162865421013073e-15,8.162865421013073e-15,-6.206839267718146e-19,2.1111681666828128e-20,2.2770139331056488e-22,0.0,0.0,0.0,0.0,0.0,0.0,674.677551,-2.331047,885.201538,-1e-06,-0.008562,0.004937
84.763808768,112.07936000000984,8.9222493775831,0,0.0,-90.0,90.0,-0.004938,-0.003916,1e-06,0.0,-1.5707963267948966,1.5707963267948966,-8.618435846347998e-05,-6.834709350809795e-05,1.7453292519943295e-08,0.0,-1.5707963267948977,1.5707963267948977,-8.618435846348004e-05,-6.834709350809801e-05,1.7453292519943304e-08,0.0,-8.881784197001252e-16,8.881784197001252e-16,0.0,0.0,-1.3234889800848443e-23,0.0,-9.150941525027532e-15,9.150941525027532e-15,-5.009473547542537e-19,-2.9941877976691256e-19,1.1246131471308508e-22,0.0,4.727316188837797e-14,-4.727316188837797e-14,2.6306648907089502e-18,1.983612676559959e-18,-2.341492985374588e-22,0.0,0.0,0.0,0.0,0.0,0.0,674.677551,-2.331047,885.201538,-1e-06,-0.008562,0.004937
84.875890432,112.08166400000152,8.922065967899856,0,0.0,-90.0,90.0,-0.004938,-0.003916,1e-06,0.0,-1.5707963267948966,1.5707963267948966,-8.618435846347998e-05,-6.834709350809795e-05,1.7453292519943295e-08,0.0,-1.5707963267948977,1.5707963267948977,-8.618435846348004e-05,-6.834709350809801e-05,1.7453292519943304e-08,0.0,-4.440892098500626e-16,4.440892098500626e-16,-5.421010862427522e-20,-5.421010862427522e-20,0.0,0.0,-1.3216859188949164e-15,1.3216859188949164e-15,-1.5269730113034776e-19,-3.792370057365647e-20,4.978855608654399e-23,0.0,5.384847171051344e-14,-5.384847171051344e-14,3.349248343014133e-18,2.492142784774304e-18,-3.6643635292872215e-22,0.0,0.0,0.0,0.0,0.0,0.0,674.677551,-2.331047,885.201538,-1e-06,-0.008562,0.004937
85.059628544,183.73811200000034,5.442528983861542,0,0.0,-90.0,90.0,-0.004938,-0.003916,1e-06,0.0,-1.5707963267948966,1.5707963267948966,-8.618435846347998e-05,-6.834709350809795e-05,1.7453292519943295e-08,0.0,-1.5707963267948977,1.5707963267948977,-8.618435846348004e-05,-6.834709350809801e-05,1.7453292519943304e-08,0.0,-1.7763568394002505e-15,1.7763568394002505e-15,-1.0842021724855044e-19,-1.0842021724855044e-19,2.6469779601696886e-23,0.0,1.791787040101914e-14,-1.791787040101914e-14,9.91775761555712e-19,7.186541342624746e-19,-1.0822536086266763e-22,0.0,1.1147345052357052e-14,-1.1147345052357052e-14,1.7630573432959507e-18,1.887809103859449e-18,-1.7255149788595007e-22,0.0,0.0,0.0,0.0,0.0,0.0,674.677551,-2.331047,885.201538,-1e-06,-0.008562,0.004937
85.168302848,108.67430399999023,9.201807264393338,0,0.0,-90.0,90.0,-0.004938,-0.003916,1e-06,0.0,-1.5707963267948966,1.5707963267948966,-8.618435846347998e-05,-6.834709350809795e-05,1.7453292519943295e-08,0.0,-1.5707963267948977,1.5707963267948977,-8.618435846348004e-05,-6.834709350809801e-05,1.7453292519943304e-08,0.0,1.7763568394002505e-15,-1.7763568394002505e-15,5.421010862427522e-20,5.421010862427522e-20,0.0,0.0,1.073977859314842e-14,-1.073977859314842e-14,8.205725972019676e-19,7.521028081182484e-19,-5.0104720875073924e-23,0.0,-6.749325333093458e-14,6.749325333093458e-14,-3.089927016024774e-18,-1.4669754101593898e-18,7.616700590674865e-22,0.0,0.0,0.0,0.0,0.0,0.0,674.677551,-2.331047,885.201538,-1e-06,-0.008562,0.004937
85.28121472,112.91187199999797,8.856464624021273,0,0.0,-90.0,90.0,-0.004938,-0.003916,1e-06,0.0,-1.5707963267948966,1.5707963267948966,-8.618435846347998e-05,-6.834709350809795e-05,1.7453292519943295e-08,0.0,-1.5707963267948977,1.5707963267948977,-8.618435846348004e-05,-6.834709350809801e-05,1.7453292519943304e-08,0.0,4.440892098500626e-15,-4.440892098500626e-15,2.710505431213761e-19,1.6263032587282567e-19,-2.6469779601696886e-23,0.0,-1.2550357812695454e-14,1.2550357812695454e-14,-3.5995692661052655e-19,8.419906439857974e-20,1.786582634893384e-22,0.0,-1.8938903691095397e-13,1.8938903691095397e-13,-1.159974418013628e-17,-7.676602325394982e-18,2.354709642105493e-21,0.0,0.0,0.0,0.0,0.0,0.0,674.677551,-2.331047,885.201538,-1e-06,-0.008562,0.004937
85.395710208,114.49548800000287,8.733968625907556,0,0.0,-90.0,90.0,-0.004938,-0.003916,1e-06,0.0,-1.5707963267948966,1.5707963267948966,-8.618435846347998e-05,-6.834709350809795e-05,1.7453292519943295e-08,0.0,-1.5707963267948968,1.5707963267948968,-8.618435846347998e-05,-6.834709350809797e-05,1.7453292519943298e-08,0.0,2.220446049250313e-15,-2.220446049250313e-15,1.8973538018496328e-19,2.168404344971009e-19,0.0,0.0,-2.5507944891728277e-14,2.5507944891728277e-14,-1.2980790283601157e-18,-5.997405562026121e-19,3.5395126064950085e-22,0.0,-2.1357682063535567e-13,2.1357682063535567e-13,-1.400778039184746e-17,-9.681387248441638e-18,2.8017324058820543e-21,0.0,0.0,0.0,0.0,0.0,0.0,674.677551,-2.331047,885.201538,-1e-06,-0.008562,0.004937
85.576259584,180.54937600000187,5.5386511000735315,0,0.0,-90.0,90.0,-0.004938,-0.003916,1e-06,0.0,-1.5707963267948966,1.5707963267948966,-8.618435846347998e-05,-6.834709350809795e-05,1.7453292519943295e-08,0.0,-1.5707963267948977,1.5707963267948977,-8.618435846348002e-05,-6.834709350809798e-05,1.745329251994331e-08,0.0,-1.0658141036401503e-14,1.0658141036401503e-14,-5.421010862427522e-19,-2.710505431213761e-19,1.5881867761018131e-22,0.0,-7.064844538642674e-14,7.064844538642674e-14,-4.620508346015836e-18,-3.059576553577133e-18,1.0539262545766222e-21,0.0,-2.341524855546193e-13,2.341524855546193e-13,-1.7880749035240407e-17,-1.3391428469432645e-17,3.883556190356074e-21,0.0,0.0,0.0,0.0,0.0,0.0,674.677551,-2.331047,885.201538,-1e-06,-0.008562,0.004937
85.684374272,108.11468800000057,9.24943704226381,0,0.0,-90.0,90.0,-0.004938,-0.003916,1e-06,0.0,-1.5707963267948966,1.5707963267948966,-8.618435846347998e-05,-6.834709350809795e-05,1.7453292519943295e-08,0.0,-1.5707963267948992,1.5707963267948992,-8.618435846348012e-05,-6.834709350809804e-05,1.7453292519943338e-08,0.0,-1.4376513156798926e-14,1.4376513156798926e-14,-8.774727268554032e-19,-5.014129867745161e-19,2.448305599484942e-22,0.0,-9.364918558646555e-14,9.364918558646555e-14,-6.2411824706237155e-18,-4.2110638233522215e-18,1.4091313133466065e-21,0.0,-2.712295657996705e-13,2.712295657996705e-13,-2.1397324975939327e-17,-1.6261735701924024e-17,4.7314262273072796e-21,0.0,0.0,0.0,0.0,0.0,0.0,674.677551,-2.331047,885.201538,-1e-06,-0.008562,0.004937
