receive_index,topic_name,message_type,receive_wall_time_iso8601,receive_ros_time_sec,receive_ros_time_nanosec,receive_ros_time_ns,delta_receive_ms,source_stamp_sec,source_stamp_nanosec,source_stamp_ns,sequence,prev_sequence,delta_seq,sequence_gap,estimated_missing,seq,mode,status,move_ready,limits_ok,delta_ok,move_executed,axis_actual.A1,axis_actual.A2,axis_actual.A3,axis_actual.A4,axis_actual.A5,axis_actual.A6,position_actual.X,position_actual.Y,position_actual.Z,position_actual.A,position_actual.B,position_actual.C,rx_counter,bridge_safe_mode,bridge_allow_motion,batch_seq,batch_consumed,batch_active,unmapped_json
1,/kuka/axis_move/feedback_json,std_msgs/msg/String,2026-08-27T21:41:12.238912-04:00,1787881272,238906059,1787881272238906059,,,,,8596,,,0,0,8596,AxisTarget,1,False,True,False,False,0.0051,-89.863602,90.060799,0.1525,-0.0188,-0.1752,526.200745,-0.046768,888.303894,172.743301,89.820168,172.748383,746,False,True,148,1592,False,
2,/kuka/axis_move/feedback_json,std_msgs/msg/String,2026-08-27T21:41:12.459028-04:00,1787881272,459020631,1787881272459020631,220.114572,,,,8597,8596,1,0,0,8597,AxisTarget,1,False,True,False,False,0.0051,-89.863602,90.060799,0.1525,-0.0188,-0.1752,526.200745,-0.046768,888.303894,172.743301,89.820168,172.748383,747,False,True,148,1592,False,
3,/kuka/axis_move/feedback_json,std_msgs/msg/String,2026-08-27T21:41:12.582870-04:00,1787881272,582864688,1787881272582864688,123.844057,,,,8598,8597,1,0,0,8598,AxisTarget,1,False,True,False,False,0.0051,-89.863602,90.060799,0.1525,-0.0188,-0.1752,526.200745,-0.046768,888.303894,172.743301,89.820168,172.748383,747,False,True,148,1592,False,
4,/kuka/axis_move/feedback_json,std_msgs/msg/String,2026-08-27T21:41:12.706734-04:00,1787881272,706712893,1787881272706712893,123.848205,,,,8599,8598,1,0,0,8599,AxisTarget,1,False,True,False,False,0.0051,-89.863602,90.060799,0.1525,-0.0188,-0.1752,526.200745,-0.046768,888.303894,172.743301,89.820168,172.748383,747,False,True,148,1592,False,
5,/kuka/axis_move/feedback_json,std_msgs/msg/String,2026-08-27T21:41:12.830958-04:00,1787881272,830947038,1787881272830947038,124.234145,,,,8600,8599,1,0,0,8600,AxisTarget,1,False,True,False,False,0.0051,-89.863602,90.060799,0.1525,-0.0188,-0.1752,526.200745,-0.046768,888.303894,172.743301,89.820168,172.748383,747,False,True,148,1592,False,
6,/kuka/axis_move/feedback_json,std_msgs/msg/String,2026-08-27T21:41:13.049778-04:00,1787881273,49765459,1787881273049765459,218.818421,,,,8601,8600,1,0,0,8601,AxisTarget,1,False,True,False,False,0.0051,-89.863602,90.060799,0.1525,-0.0188,-0.1752,526.200745,-0.046768,888.303894,172.743301,89.820168,172.748383,748,False,True,148,1592,False,
7,/kuka/axis_move/feedback_json,std_msgs/msg/String,2026-08-27T21:41:13.178425-04:00,1787881273,178402944,1787881273178402944,128.637485,,,,8602,8601,1,0,0,8602,AxisTarget,1,False,True,False,False,0.0051,-89.863602,90.060799,0.1525,-0.0188,-0.1752,526.200745,-0.046768,888.303894,172.743301,89.820168,172.748383,748,False,True,148,1592,False,
8,/kuka/axis_move/feedback_json,std_msgs/msg/String,2026-08-27T21:41:13.306170-04:00,1787881273,306152759,1787881273306152759,127.749815,,,,8603,8602,1,0,0,8603,AxisTarget,1,False,True,False,False,0.0051,-89.863602,90.060799,0.1525,-0.0188,-0.1752,526.200745,-0.046768,888.303894,172.743301,89.820168,172.748383,748,False,True,148,1592,False,
9,/kuka/axis_move/feedback_json,std_msgs/msg/String,2026-08-27T21:41:13.431308-04:00,1787881273,431271815,1787881273431271815,125.119056,,,,8604,8603,1,0,0,8604,AxisTarget,1,False,True,False,False,0.0051,-89.863602,90.060799,0.1525,-0.0188,-0.1752,526.200745,-0.046768,888.303894,172.743301,89.820168,172.748383,748,False,True,148,1592,False,
10,/kuka/axis_move/feedback_json,std_msgs/msg/String,2026-08-27T21:41:13.650879-04:00,1787881273,650867133,1787881273650867133,219.595318,,,,8605,8604,1,0,0,8605,AxisTarget,1,False,True,False,False,0.0051,-89.863602,90.060799,0.1525,-0.0188,-0.1752,526.200745,-0.046768,888.303894,172.743301,89.820168,172.748383,749,False,True,148,1592,False,
11,/kuka/axis_move/feedback_json,std_msgs/msg/String,2026-08-27T21:41:13.774774-04:00,1787881273,774762961,1787881273774762961,123.895828,,,,8606,8605,1,0,0,8606,AxisTarget,1,False,True,False,False,0.0051,-89.863602,90.060799,0.1525,-0.0188,-0.1752,526.200745,-0.046768,888.303894,172.743301,89.820168,172.748383,749,False,True,148,1592,False,
12,/kuka/axis_move/feedback_json,std_msgs/msg/String,2026-08-27T21:41:13.901352-04:00,1787881273,901340464,1787881273901340464,126.577503,,,,8607,8606,1,0,0,8607,AxisTarget,1,False,True,False,False,0.0051,-89.863602,90.060799,0.1525,-0.0188,-0.1752,526.200745,-0.046768,888.303894,172.743301,89.820168,172.748383,749,False,True,148,1592,False,
13,/kuka/axis_move/feedback_json,std_msgs/msg/String,2026-08-27T21:41:14.023772-04:00,1787881274,23758049,1787881274023758049,122.417585,,,,8608,8607,1,0,0,8608,AxisTarget,1,False,True,False,False,0.0051,-89.863602,90.060799,0.1525,-0.0188,-0.1752,526.200745,-0.046768,888.303894,172.743301,89.820168,172.748383,749,False,True,148,1592,False,
14,/kuka/axis_move/feedback_json,std_msgs/msg/String,2026-08-27T21:41:14.243532-04:00,1787881274,243514857,1787881274243514857,219.756808,,,,8609,8608,1,0,0,8609,AxisTarget,1,False,True,False,False,0.0051,-89.863602,90.060799,0.1525,-0.0188,-0.1752,526.200745,-0.046768,888.303894,172.743301,89.820168,172.748383,750,False,True,148,1592,False,
15,/kuka/axis_move/feedback_json,std_msgs/msg/String,2026-08-27T21:41:14.371766-04:00,1787881274,371760394,1787881274371760394,128.245537,,,,8610,8609,1,0,0,8610,AxisTarget,1,False,True,False,False,0.0051,-89.863602,90.060799,0.1525,-0.0188,-0.1752,526.200745,-0.046768,888.303894,172.743301,89.820168,172.748383,750,False,True,148,1592,False,
16,/kuka/axis_move/feedback_json,std_msgs/msg/String,2026-08-27T21:41:14.490821-04:00,1787881274,490814804,1787881274490814804,119.05441,,,,8611,8610,1,0,0,8611,AxisTarget,1,False,True,False,False,0.0051,-89.863602,90.060799,0.1525,-0.0188,-0.1752,526.200745,-0.046768,888.303894,172.743301,89.820168,172.748383,750,False,True,148,1592,False,
17,/kuka/axis_move/feedback_json,std_msgs/msg/String,2026-08-27T21:41:14.618851-04:00,1787881274,618821583,1787881274618821583,128.006779,,,,8612,8611,1,0,0,8612,AxisTarget,1,False,True,False,False,0.0051,-89.863602,90.060799,0.1525,-0.0188,-0.1752,526.200745,-0.046768,888.303894,172.743301,89.820168,172.748383,750,False,True,148,1592,False,
18,/kuka/axis_move/feedback_json,std_msgs/msg/String,2026-08-27T21:41:14.839093-04:00,1787881274,839081893,1787881274839081893,220.26031,,,,8613,8612,1,0,0,8613,AxisTarget,1,False,True,False,False,0.0051,-89.863602,90.060799,0.1525,-0.0188,-0.1752,526.200745,-0.046768,888.303894,172.743301,89.820168,172.748383,751,False,True,148,1592,False,
19,/kuka/axis_move/feedback_json,std_msgs/msg/String,2026-08-27T21:41:14.962686-04:00,1787881274,962678537,1787881274962678537,123.596644,,,,8614,8613,1,0,0,8614,AxisTarget,1,False,True,False,False,0.0051,-89.863602,90.060799,0.1525,-0.0188,-0.1752,526.200745,-0.046768,888.303894,172.743301,89.820168,172.748383,751,False,True,148,1592,False,
20,/kuka/axis_move/feedback_json,std_msgs/msg/String,2026-08-27T21:41:15.086483-04:00,1787881275,86453967,1787881275086453967,123.77543,,,,8615,8614,1,0,0,8615,AxisTarget,1,False,True,False,False,0.0051,-89.863602,90.060799,0.1525,-0.0188,-0.1752,526.200745,-0.046768,888.303894,172.743301,89.820168,172.748383,751,False,True,148,1592,False,
21,/kuka/axis_move/feedback_json,std_msgs/msg/String,2026-08-27T21:41:15.212452-04:00,1787881275,212430816,1787881275212430816,125.976849,,,,8616,8615,1,0,0,8616,AxisTarget,1,False,True,False,False,0.0051,-89.863602,90.060799,0.1525,-0.0188,-0.1752,526.200745,-0.046768,888.303894,172.743301,89.820168,172.748383,751,False,True,148,1592,False,
22,/kuka/axis_move/feedback_json,std_msgs/msg/String,2026-08-27T21:41:15.430686-04:00,1787881275,430661107,1787881275430661107,218.230291,,,,8617,8616,1,0,0,8617,AxisTarget,1,False,True,False,False,0.0051,-89.863602,90.060799,0.1525,-0.0188,-0.1752,526.200745,-0.046768,888.303894,172.743301,89.820168,172.748383,752,False,True,148,1592,False,
23,/kuka/axis_move/feedback_json,std_msgs/msg/String,2026-08-27T21:41:15.555234-04:00,1787881275,555222299,1787881275555222299,124.561192,,,,8618,8617,1,0,0,8618,AxisTarget,1,False,True,False,False,0.0051,-89.863602,90.060799,0.1525,-0.0188,-0.1752,526.200745,-0.046768,888.303894,172.743301,89.820168,172.748383,752,False,True,148,1592,False,
24,/kuka/axis_move/feedback_json,std_msgs/msg/String,2026-08-27T21:41:15.679622-04:00,1787881275,679604565,1787881275679604565,124.382266,,,,8619,8618,1,0,0,8619,AxisTarget,1,False,True,False,False,0.0051,-89.863602,90.060799,0.1525,-0.0188,-0.1752,526.200745,-0.046768,888.303894,172.743301,89.820168,172.748383,752,False,True,148,1592,False,
25,/kuka/axis_move/feedback_json,std_msgs/msg/String,2026-08-27T21:41:15.806797-04:00,1787881275,806785416,1787881275806785416,127.180851,,,,8620,8619,1,0,0,8620,AxisTarget,1,False,True,False,False,0.0051,-89.863602,90.060799,0.1525,-0.0188,-0.1752,526.200745,-0.046768,888.303894,172.743301,89.820168,172.748383,752,False,True,148,1592,False,
26,/kuka/axis_move/feedback_json,std_msgs/msg/String,2026-08-27T21:41:16.030548-04:00,1787881276,30542574,1787881276030542574,223.757158,,,,8621,8620,1,0,0,8621,AxisTarget,1,False,True,False,False,0.0051,-89.863602,90.060799,0.1525,-0.0188,-0.1752,526.200745,-0.046768,888.303894,172.743301,89.820168,172.748383,753,False,True,148,1592,False,
27,/kuka/axis_move/feedback_json,std_msgs/msg/String,2026-08-27T21:41:16.154491-04:00,1787881276,154463502,1787881276154463502,123.920928,,,,8622,8621,1,0,0,8622,AxisTarget,1,False,True,False,False,0.0051,-89.863602,90.060799,0.1525,-0.0188,-0.1752,526.200745,-0.046768,888.303894,172.743301,89.820168,172.748383,753,False,True,148,1592,False,
28,/kuka/axis_move/feedback_json,std_msgs/msg/String,2026-08-27T21:41:16.276716-04:00,1787881276,276690192,1787881276276690192,122.22669,,,,8623,8622,1,0,0,8623,AxisTarget,1,False,True,False,False,0.0051,-89.863602,90.060799,0.1525,-0.0188,-0.1752,526.200745,-0.046768,888.303894,172.743301,89.820168,172.748383,753,False,True,148,1592,False,
29,/kuka/axis_move/feedback_json,std_msgs/msg/String,2026-08-27T21:41:16.399545-04:00,1787881276,399517235,1787881276399517235,122.827043,,,,8624,8623,1,0,0,8624,AxisTarget,1,False,True,False,False,0.0051,-89.863602,90.060799,0.1525,-0.0188,-0.1752,526.200745,-0.046768,888.303894,172.743301,89.820168,172.748383,753,False,True,148,1592,False,
30,/kuka/axis_move/feedback_json,std_msgs/msg/String,2026-08-27T21:41:16.616191-04:00,1787881276,616181305,1787881276616181305,216.66407,,,,8625,8624,1,0,0,8625,AxisTarget,1,False,True,False,False,0.0051,-89.863602,90.060799,0.1525,-0.0188,-0.1752,526.200745,-0.046768,888.303894,172.743301,89.820168,172.748383,754,False,True,148,1592,False,
31,/kuka/axis_move/feedback_json,std_msgs/msg/String,2026-08-27T21:41:17.371063-04:00,1787881277,371018153,1787881277371018153,754.836848,,,,8626,8625,1,0,0,8626,AxisTarget,1,True,True,True,False,0.0051,-89.863602,90.060799,0.1525,-0.0188,-0.1752,526.200745,-0.046768,888.303894,172.743301,89.820168,172.748383,755,False,True,149,1595,True,
32,/kuka/axis_move/feedback_json,std_msgs/msg/String,2026-08-27T21:41:18.134647-04:00,1787881278,134624791,1787881278134624791,763.606638,,,,8627,8626,1,0,0,8627,AxisTarget,1,True,True,True,True,-0.009183,-90.00074,89.992836,-0.001804,4.36002,-0.008663,524.792236,0.082392,884.437744,179.867371,85.973671,179.858597,756,False,True,149,1600,True,
33,/kuka/axis_move/feedback_json,std_msgs/msg/String,2026-08-27T21:41:18.260934-04:00,1787881278,260902305,1787881278260902305,126.277514,,,,8628,8627,1,0,0,8628,AxisTarget,1,True,True,True,True,-0.012599,-90.001022,89.990334,-0.000745,5.851262,-0.011556,524.609253,0.113594,882.322998,179.89035,84.438683,179.878448,756,False,True,149,1601,True,
34,/kuka/axis_move/feedback_json,std_msgs/msg/String,2026-08-27T21:41:18.390471-04:00,1787881278,390444374,1787881278390444374,129.542069,,,,8629,8628,1,0,0,8629,AxisTarget,1,True,True,True,False,-0.015795,-90.001289,89.987923,0.000307,7.342504,-0.014459,524.385132,0.142652,880.341431,179.903854,82.996719,179.889099,756,False,True,149,1601,True,
35,/kuka/axis_move/feedback_json,std_msgs/msg/String,2026-08-27T21:41:18.515141-04:00,1787881278,515119753,1787881278515119753,124.675379,,,,8630,8629,1,0,0,8630,AxisTarget,1,True,True,True,True,-0.019102,-90.001534,89.985428,0.001347,8.773108,-0.017265,524.108643,0.171906,878.350708,179.913834,81.543602,179.896332,756,False,True,149,1602,True,
36,/kuka/axis_move/feedback_json,std_msgs/msg/String,2026-08-27T21:41:18.638876-04:00,1787881278,638854101,1787881278638854101,123.734348,,,,8631,8630,1,0,0,8631,AxisTarget,1,True,True,True,False,-0.022269,-90.00177,89.983025,0.002387,10.210264,-0.020097,523.78064,0.201144,876.36377,179.921738,80.087738,179.901566,756,False,True,149,1602,True,
37,/kuka/axis_move/feedback_json,std_msgs/msg/String,2026-08-27T21:41:19.192584-04:00,1787881279,192574247,1787881279192574247,553.720146,,,,8632,8631,1,0,0,8632,AxisTarget,1,True,True,True,True,-0.036525,-90.002937,89.972321,0.006934,16.60726,-0.032662,521.743652,0.328061,867.772156,179.945343,73.702614,179.914581,757,False,True,150,1604,True,
38,/kuka/axis_move/feedback_json,std_msgs/msg/String,2026-08-27T21:41:19.751120-04:00,1787881279,751107948,1787881279751107948,558.533701,,,,8633,8632,1,0,0,8633,AxisTarget,1,True,True,True,True,-0.050803,-90.004105,89.961525,0.011583,23.049044,-0.04528,518.755005,0.451025,859.461243,179.962189,67.319199,179.922913,758,False,True,150,1606,True,
39,/kuka/axis_move/feedback_json,std_msgs/msg/String,2026-08-27T21:41:19.875164-04:00,1787881279,875147241,1787881279875147241,124.039293,,,,8634,8633,1,0,0,8634,AxisTarget,1,True,True,True,False,-0.05403,-90.004364,89.959091,0.012634,24.504723,-0.048131,517.945007,0.478521,857.618591,179.96553,65.865654,179.924606,758,False,True,150,1606,True,
40,/kuka/axis_move/feedback_json,std_msgs/msg/String,2026-08-27T21:41:20.002648-04:00,1787881280,2638110,1787881280002638110,127.490869,,,,8635,8634,1,0,0,8635,AxisTarget,1,True,True,True,False,-0.057138,-90.004616,89.956749,0.013643,25.949368,-0.050961,517.095398,0.505663,855.812256,179.968719,64.424355,179.926254,758,False,True,150,1606,True,
41,/kuka/axis_move/feedback_json,std_msgs/msg/String,2026-08-27T21:41:20.131486-04:00,1787881280,131475251,1787881280131475251,128.837141,,,,8636,8635,1,0,0,8636,AxisTarget,1,True,True,True,True,-0.060557,-90.004898,89.954201,0.014738,27.41522,-0.053822,516.14325,0.534444,853.918152,179.972,62.893917,179.927994,758,False,True,150,1607,True,
42,/kuka/axis_move/feedback_json,std_msgs/msg/String,2026-08-27T21:41:20.259505-04:00,1787881280,259493630,1787881280259493630,128.018379,,,,8637,8636,1,0,0,8637,AxisTarget,1,True,True,True,False,-0.063592,-90.00515,89.951843,0.015757,28.832304,-0.056608,515.263123,0.559646,852.2724,179.974792,61.546776,179.929535,758,False,True,150,1607,True,
43,/kuka/axis_move/feedback_json,std_msgs/msg/String,2026-08-27T21:41:20.379061-04:00,1787881280,379030968,1787881280379030968,119.537338,,,,8638,8637,1,0,0,8638,AxisTarget,1,True,True,True,False,-0.066919,-90.005409,89.949417,0.016799,30.276943,-0.059438,514.245422,0.58715,850.478455,179.977768,60.058292,179.931244,758,False,True,150,1608,True,
44,/kuka/axis_move/feedback_json,std_msgs/msg/String,2026-08-27T21:41:20.507182-04:00,1787881280,507176786,1787881280507176786,128.145818,,,,8639,8638,1,0,0,8639,AxisTarget,1,True,True,True,True,-0.070125,-90.005669,89.946999,0.017842,31.721584,-0.062359,513.214905,0.613411,848.766296,179.98053,58.616333,179.932907,758,False,True,150,1608,True,
45,/kuka/axis_move/feedback_json,std_msgs/msg/String,2026-08-27T21:41:20.631271-04:00,1787881280,631260156,1787881280631260156,124.08337,,,,8640,8639,1,0,0,8640,AxisTarget,1,True,True,True,False,-0.073431,-90.005936,89.944504,0.018918,33.212826,-0.065196,512.141174,0.639405,847.080505,179.9832,57.17437,179.934601,758,False,True,150,1608,True,
46,/kuka/axis_move/feedback_json,std_msgs/msg/String,2026-08-27T21:41:20.759000-04:00,1787881280,758988232,1787881280758988232,127.728076,,,,8641,8640,1,0,0,8641,AxisTarget,1,True,True,True,False,-0.076633,-90.006195,89.942078,0.01996,34.657303,-0.068051,510.988129,0.665998,845.369141,179.98584,55.685898,179.936356,758,False,True,150,1609,True,
47,/kuka/axis_move/feedback_json,std_msgs/msg/String,2026-08-27T21:41:20.886270-04:00,1787881280,886248574,1787881280886248574,127.260342,,,,8642,8641,1,0,0,8642,AxisTarget,1,True,True,True,True,-0.079721,-90.006447,89.939751,0.020964,36.04916,-0.070904,509.904266,0.68989,843.844055,179.988129,54.336529,179.937958,758,False,True,150,1609,True,
48,/kuka/axis_move/feedback_json,std_msgs/msg/String,2026-08-27T21:41:21.011206-04:00,1787881281,11200219,1787881281011200219,124.951645,,,,8643,8642,1,0,0,8643,AxisTarget,1,True,True,True,False,-0.083023,-90.006714,89.937241,0.022029,37.540371,-0.073759,508.63327,0.716704,842.148193,179.990646,52.808353,179.939819,758,False,True,150,1609,True,
49,/kuka/axis_move/feedback_json,std_msgs/msg/String,2026-08-27T21:41:21.139473-04:00,1787881281,139466797,1787881281139466797,128.266578,,,,8644,8643,1,0,0,8644,AxisTarget,1,True,True,True,True,-0.086225,-90.006981,89.934792,0.023041,38.985008,-0.076686,507.392426,0.741773,840.579651,179.99295,51.366425,179.941605,758,False,True,150,1610,True,
50,/kuka/axis_move/feedback_json,std_msgs/msg/String,2026-08-27T21:41:21.264273-04:00,1787881281,264251533,1787881281264251533,124.784736,,,,8645,8644,1,0,0,8645,AxisTarget,1,True,True,True,False,-0.08953,-90.007248,89.932259,0.024081,40.47625,-0.079516,506.111969,0.766607,839.042847,179.995209,49.924503,179.943466,758,False,True,150,1610,True,
51,/kuka/axis_move/feedback_json,std_msgs/msg/String,2026-08-27T21:41:21.386656-04:00,1787881281,386649655,1787881281386649655,122.398122,,,,8646,8645,1,0,0,8646,AxisTarget,1,True,True,True,False,-0.092732,-90.007507,89.929817,0.025105,41.920891,-0.082345,504.749573,0.791971,837.490601,179.997467,48.43605,179.94545,758,False,True,150,1611,True,
52,/kuka/axis_move/feedback_json,std_msgs/msg/String,2026-08-27T21:41:21.514504-04:00,1787881281,514481480,1787881281514481480,127.831825,,,,8647,8646,1,0,0,8647,AxisTarget,1,True,True,True,True,-0.095888,-90.007767,89.927437,0.026125,43.336533,-0.085115,503.406616,0.816001,836.037048,179.999573,47.010227,179.947433,758,False,True,150,1611,True,
53,/kuka/axis_move/feedback_json,std_msgs/msg/String,2026-08-27T21:41:21.643064-04:00,1787881281,643052528,1787881281643052528,128.571048,,,,8648,8647,1,0,0,8648,AxisTarget,1,True,True,True,False,-0.099165,-90.008034,89.924957,0.027229,44.867741,-0.088117,501.985077,0.840532,834.574829,-179.998306,45.541195,179.949539,758,False,True,150,1611,True,
54,/kuka/axis_move/feedback_json,std_msgs/msg/String,2026-08-27T21:41:21.766929-04:00,1787881281,766913527,1787881281766913527,123.860999,,,,8649,8648,1,0,0,8649,AxisTarget,1,True,True,True,False,-0.102494,-90.008301,89.922455,0.028271,46.312164,-0.090946,500.553223,0.864504,833.175293,-179.996292,44.099236,179.95166,758,False,True,150,1612,True,
55,/kuka/axis_move/feedback_json,std_msgs/msg/String,2026-08-27T21:41:21.894826-04:00,1787881281,894796458,1787881281894796458,127.882931,,,,8650,8649,1,0,0,8650,AxisTarget,1,True,True,True,True,-0.105515,-90.008545,89.920204,0.029242,47.65752,-0.093582,499.179413,0.886846,831.896851,-179.994446,42.747986,179.95372,758,False,True,150,1612,True,
56,/kuka/axis_move/feedback_json,std_msgs/msg/String,2026-08-27T21:41:22.023639-04:00,1787881282,23633864,1787881282023633864,128.837406,,,,8651,8650,1,0,0,8651,AxisTarget,1,True,True,True,False,-0.108843,-90.008812,89.917702,0.030318,49.148621,-0.096503,497.640381,0.910996,830.534302,-179.992508,41.268261,179.956024,758,False,True,150,1612,True,
57,/kuka/axis_move/feedback_json,std_msgs/msg/String,2026-08-27T21:41:22.146907-04:00,1787881282,146877081,1787881282146877081,123.243217,,,,8652,8651,1,0,0,8652,AxisTarget,1,True,True,True,True,-0.112054,-90.009079,89.915207,0.031394,50.639862,-0.099424,496.056732,0.93484,829.204224,-179.990662,39.779789,179.95842,758,False,True,150,1613,True,
58,/kuka/axis_move/feedback_json,std_msgs/msg/String,2026-08-27T21:41:22.270972-04:00,1787881282,270961612,1787881282270961612,124.084531,,,,8653,8652,1,0,0,8653,AxisTarget,1,True,True,True,False,-0.11536,-90.009338,89.912788,0.032437,52.084503,-0.102253,494.438538,0.958315,827.915649,-179.988892,38.291317,179.960892,758,False,True,150,1613,True,
59,/kuka/axis_move/feedback_json,std_msgs/msg/String,2026-08-27T21:41:22.394983-04:00,1787881282,394967165,1787881282394967165,124.005553,,,,8654,8653,1,0,0,8654,AxisTarget,1,True,True,True,False,-0.118562,-90.009605,89.910362,0.033479,53.52914,-0.105083,492.891083,0.980065,826.746033,-179.987305,36.895878,179.963272,758,False,True,150,1614,True,
60,/kuka/axis_move/feedback_json,std_msgs/msg/String,2026-08-27T21:41:22.522783-04:00,1787881282,522778266,1787881282522778266,127.811101,,,,8655,8654,1,0,0,8655,AxisTarget,1,True,True,True,True,-0.121722,-90.009857,89.907982,0.034503,54.946285,-0.107944,491.225342,1.002774,825.551697,-179.985718,35.421688,179.965866,758,False,True,150,1614,True,
61,/kuka/axis_move/feedback_json,std_msgs/msg/String,2026-08-27T21:41:22.647634-04:00,1787881282,647628108,1787881282647628108,124.849842,,,,8656,8655,1,0,0,8656,AxisTarget,1,True,True,True,False,-0.12499,-90.010124,89.90551,0.035572,56.429382,-0.110764,489.537079,1.025102,824.405884,-179.984207,33.95451,179.968536,758,False,True,150,1614,True,
62,/kuka/axis_move/feedback_json,std_msgs/msg/String,2026-08-27T21:41:22.770955-04:00,1787881282,770944283,1787881282770944283,123.316175,,,,8657,8656,1,0,0,8657,AxisTarget,1,True,True,True,False,-0.128192,-90.010391,89.903084,0.036615,57.874012,-0.113594,487.849243,1.04678,823.322144,-179.982803,32.512554,179.971222,758,False,True,150,1615,True,
63,/kuka/axis_move/feedback_json,std_msgs/msg/String,2026-08-27T21:41:22.895018-04:00,1787881282,895007935,1787881282895007935,124.063652,,,,8658,8657,1,0,0,8658,AxisTarget,1,True,True,True,True,-0.131215,-90.010635,89.900803,0.037598,59.236526,-0.116354,486.228394,1.067036,822.336792,-179.981537,31.14922,179.973846,758,False,True,150,1615,True,
64,/kuka/axis_move/feedback_json,std_msgs/msg/String,2026-08-27T21:41:23.023736-04:00,1787881283,23730982,1787881283023730982,128.723047,,,,8659,8658,1,0,0,8659,AxisTarget,1,True,True,True,False,-0.134526,-90.010902,89.898308,0.038674,60.727661,-0.119183,484.436279,1.088897,821.307556,-179.980255,29.664221,179.976791,758,False,True,150,1615,True,
65,/kuka/axis_move/feedback_json,std_msgs/msg/String,2026-08-27T21:41:23.147153-04:00,1787881283,147148199,1787881283147148199,123.417217,,,,8660,8659,1,0,0,8660,AxisTarget,1,True,True,True,True,-0.137854,-90.011169,89.895821,0.039744,62.207138,-0.122074,482.614502,1.110682,820.323486,-179.979019,28.176725,179.979843,758,False,True,150,1616,True,
66,/kuka/axis_move/feedback_json,std_msgs/msg/String,2026-08-27T21:41:23.271494-04:00,1787881283,271482962,1787881283271482962,124.334763,,,,8661,8660,1,0,0,8661,AxisTarget,1,True,True,True,False,-0.140874,-90.011414,89.893555,0.040721,63.563801,-0.124739,481.005402,1.129519,819.504211,-179.978012,26.879879,179.982574,758,False,True,150,1616,True,
67,/kuka/axis_move/feedback_json,std_msgs/msg/String,2026-08-27T21:41:23.395290-04:00,1787881283,395284439,1787881283395284439,123.801477,,,,8662,8661,1,0,0,8662,AxisTarget,1,True,True,True,False,-0.1441,-90.011658,89.891136,0.041763,65.008438,-0.127568,479.19458,1.150126,818.636169,-179.97699,25.437897,179.985687,758,False,True,150,1617,True,
68,/kuka/axis_move/feedback_json,std_msgs/msg/String,2026-08-27T21:41:23.520645-04:00,1787881283,520628981,1787881283520628981,125.344542,,,,8663,8662,1,0,0,8663,AxisTarget,1,True,True,True,True,-0.147308,-90.011887,89.888718,0.042806,66.453079,-0.130398,477.302673,1.170968,817.788025,-179.976028,23.949396,179.989014,758,False,True,150,1617,True,
69,/kuka/axis_move/feedback_json,std_msgs/msg/String,2026-08-27T21:41:23.647661-04:00,1787881283,647655077,1787881283647655077,127.026096,,,,8664,8663,1,0,0,8664,AxisTarget,1,True,True,True,False,-0.15051,-90.012115,89.886292,0.043877,67.944321,-0.133319,475.449036,1.190849,817.013367,-179.97522,22.50741,179.99234,758,False,True,150,1617,True,
70,/kuka/axis_move/feedback_json,std_msgs/msg/String,2026-08-27T21:41:23.770513-04:00,1787881283,770508200,1787881283770508200,122.853123,,,,8665,8664,1,0,0,8665,AxisTarget,1,True,True,True,False,-0.153815,-90.012367,89.883797,0.044897,69.388962,-0.136149,473.575836,1.210499,816.285645,-179.974487,21.065437,179.995743,758,False,True,150,1618,True,
71,/kuka/axis_move/feedback_json,std_msgs/msg/String,2026-08-27T21:41:23.898616-04:00,1787881283,898592707,1787881283898592707,128.084507,,,,8666,8665,1,0,0,8666,AxisTarget,1,True,True,True,True,-0.157017,-90.012627,89.881378,0.045904,70.833603,-0.138978,471.684326,1.229922,815.605286,-179.973877,19.623482,179.999237,758,False,True,150,1618,True,
72,/kuka/axis_move/feedback_json,std_msgs/msg/String,2026-08-27T21:41:24.024505-04:00,1787881284,24481798,1787881284024481798,125.889091,,,,8667,8666,1,0,0,8667,AxisTarget,1,True,True,True,False,-0.160322,-90.012894,89.878876,0.046952,72.324844,-0.141899,469.713959,1.249709,814.953125,-179.973328,18.135015,-179.99704,758,False,True,150,1618,True,
73,/kuka/axis_move/feedback_json,std_msgs/msg/String,2026-08-27T21:41:24.153169-04:00,1787881284,153146796,1787881284153146796,128.664998,,,,8668,8667,1,0,0,8668,AxisTarget,1,True,True,True,False,-0.163624,-90.013161,89.876389,0.048015,73.80732,-0.144797,467.727112,1.26921,814.352356,-179.972885,16.646809,-179.993179,758,False,True,150,1619,True,
74,/kuka/axis_move/feedback_json,std_msgs/msg/String,2026-08-27T21:41:24.279493-04:00,1787881284,279481704,1787881284279481704,126.334908,,,,8669,8668,1,0,0,8669,AxisTarget,1,True,True,True,True,-0.166589,-90.013405,89.874138,0.048983,75.198631,-0.147529,465.870392,1.28706,813.841309,-179.97258,15.26643,-179.989471,758,False,True,150,1619,True,
75,/kuka/axis_move/feedback_json,std_msgs/msg/String,2026-08-27T21:41:24.403452-04:00,1787881284,403440308,1787881284403440308,123.958604,,,,8670,8669,1,0,0,8670,AxisTarget,1,True,True,True,False,-0.169902,-90.01368,89.871651,0.050062,76.643272,-0.150361,463.854767,1.306118,813.340515,-179.972351,13.778109,-179.985336,758,False,True,150,1620,True,
76,/kuka/axis_move/feedback_json,std_msgs/msg/String,2026-08-27T21:41:24.531056-04:00,1787881284,531040103,1787881284531040103,127.599795,,,,8671,8670,1,0,0,8671,AxisTarget,1,True,True,True,True,-0.173044,-90.013939,89.869324,0.051071,78.0271,-0.153064,461.922791,1.324126,812.912231,-179.972229,12.360396,-179.981293,758,False,True,150,1620,True,
77,/kuka/axis_move/feedback_json,std_msgs/msg/String,2026-08-27T21:41:24.660464-04:00,1787881284,660457788,1787881284660457788,129.417685,,,,8672,8671,1,0,0,8672,AxisTarget,1,True,True,True,False,-0.176211,-90.014206,89.866928,0.052115,79.472824,-0.155912,459.995575,1.341791,812.534546,-179.972229,10.953819,-179.977142,758,False,True,150,1620,True,
78,/kuka/axis_move/feedback_json,std_msgs/msg/String,2026-08-27T21:41:24.782909-04:00,1787881284,782898463,1787881284782898463,122.440675,,,,8673,8672,1,0,0,8673,AxisTarget,1,True,True,True,False,-0.17952,-90.014488,89.86441,0.053197,80.961266,-0.158827,458.010406,1.359571,812.196777,-179.972351,9.511909,-179.972763,758,False,True,150,1621,True,
79,/kuka/axis_move/feedback_json,std_msgs/msg/String,2026-08-27T21:41:24.908094-04:00,1787881284,908071629,1787881284908071629,125.173166,,,,8674,8673,1,0,0,8674,AxisTarget,1,True,True,True,True,-0.182494,-90.014748,89.862114,0.054174,82.307724,-0.161468,456.090851,1.3764,811.918884,-179.97261,8.123412,-179.968399,758,False,True,150,1621,True,
80,/kuka/axis_move/feedback_json,std_msgs/msg/String,2026-08-27T21:41:25.039100-04:00,1787881285,39068119,1787881285039068119,130.99649,,,,8675,8674,1,0,0,8675,AxisTarget,1,True,True,True,False,-0.185809,-90.014999,89.859604,0.055233,83.798981,-0.164396,454.091736,1.39379,811.679382,-179.972992,6.682333,-179.96376,758,False,True,150,1622,True,
81,/kuka/axis_move/feedback_json,std_msgs/msg/String,2026-08-27T21:41:25.166971-04:00,1787881285,166949364,1787881285166949364,127.881245,,,,8676,8675,1,0,0,8676,AxisTarget,1,True,True,True,True,-0.189144,-90.015236,89.857124,0.056273,85.290222,-0.167331,452.020966,1.411745,811.484253,-179.973511,5.193814,-179.958832,758,False,True,150,1623,True,
82,/kuka/axis_move/feedback_json,std_msgs/msg/String,2026-08-27T21:41:25.296516-04:00,1787881285,296493029,1787881285296493029,129.543665,,,,8677,8676,1,0,0,8677,AxisTarget,1,True,True,True,False,-0.192386,-90.015503,89.854713,0.057351,86.763824,-0.170237,449.918976,1.429612,811.341858,-179.974213,3.686698,-179.953644,758,False,True,150,1623,True,
83,/kuka/axis_move/feedback_json,std_msgs/msg/String,2026-08-27T21:41:25.423103-04:00,1787881285,423080615,1787881285423080615,126.587586,,,,8678,8677,1,0,0,8678,AxisTarget,1,True,True,True,True,-0.195574,-90.015793,89.852303,0.058388,88.196869,-0.173041,447.927032,1.446219,811.25824,-179.975021,2.261027,-179.948547,758,False,True,150,1624,False,
84,/kuka/axis_move/feedback_json,std_msgs/msg/String,2026-08-27T21:41:25.551121-04:00,1787881285,551111180,1787881285551111180,128.030565,,,,8679,8678,1,0,0,8679,AxisTarget,1,True,True,True,False,-0.198465,-90.016037,89.850075,0.059317,89.46769,-0.175491,446.077148,1.461319,811.224792,-179.975891,0.938184,-179.94371,758,False,True,150,1624,False,
85,/kuka/axis_move/feedback_json,std_msgs/msg/String,2026-08-27T21:41:25.679381-04:00,1787881285,679358781,1787881285679358781,128.247601,,,,8680,8679,1,0,0,8680,AxisTarget,1,True,True,True,False,-0.200345,-90.016182,89.848778,0.059876,90.18679,-0.176858,444.828094,1.471406,811.226379,-179.976563,0.045235,-179.940308,758,False,True,150,1624,False,
86,/kuka/axis_move/feedback_json,std_msgs/msg/String,2026-08-27T21:41:25.806594-04:00,1787881285,806565875,1787881285806565875,127.207094,,,,8681,8680,1,0,0,8681,AxisTarget,1,True,True,False,False,-0.2005,-90.016197,89.848701,0.0599,90.214798,-0.1769,444.698792,1.472543,811.227722,-179.976624,-0.047117,-179.939957,758,False,True,150,1624,False,
87,/kuka/axis_move/feedback_json,std_msgs/msg/String,2026-08-27T21:41:26.499042-04:00,1787881286,499013585,1787881286499013585,692.44771,,,,8682,8681,1,0,0,8682,AxisTarget,1,True,True,True,True,-0.200501,-90.01619,89.848709,0.0599,90.21463,-0.177055,444.698792,1.472543,811.227722,-179.976624,-0.047117,-179.939957,759,False,True,151,1629,True,
88,/kuka/axis_move/feedback_json,std_msgs/msg/String,2026-08-27T21:41:27.184092-04:00,1787881287,184077023,1787881287184077023,685.063438,,,,8683,8682,1,0,0,8683,AxisTarget,1,True,True,True,True,-1.650841,-87.246574,90.569435,0.066992,86.663506,-1.686777,467.459595,13.220211,785.645752,-179.980484,-0.052703,-179.931839,760,False,True,151,1632,True,
89,/kuka/axis_move/feedback_json,std_msgs/msg/String,2026-08-27T21:41:27.311208-04:00,1787881287,311171155,1787881287311171155,127.094132,,,,8684,8683,1,0,0,8684,AxisTarget,1,True,True,True,False,-2.048441,-86.482765,90.769249,0.068954,85.670868,-2.109923,473.298035,16.583609,778.541931,-179.9814,-0.054058,-179.929657,760,False,True,151,1632,True,
90,/kuka/axis_move/feedback_json,std_msgs/msg/String,2026-08-27T21:41:27.435159-04:00,1787881287,435136685,1787881287435136685,123.96553,,,,8685,8684,1,0,0,8685,AxisTarget,1,True,True,True,False,-2.466482,-85.698158,90.969826,0.070893,84.71743,-2.507925,479.410461,20.276541,770.833557,-179.9823,-0.055492,-179.927292,760,False,True,151,1633,True,
91,/kuka/axis_move/feedback_json,std_msgs/msg/String,2026-08-27T21:41:27.558792-04:00,1787881287,558769403,1787881287558769403,123.632718,,,,8686,8685,1,0,0,8686,AxisTarget,1,True,True,True,True,-2.814599,-85.031883,91.143707,0.072616,83.853287,-2.877192,484.304443,23.368093,764.446594,-179.983002,-0.05665,-179.925354,760,False,True,151,1633,True,
92,/kuka/axis_move/feedback_json,std_msgs/msg/String,2026-08-27T21:41:27.683578-04:00,1787881287,683553685,1787881287683553685,124.784282,,,,8687,8686,1,0,0,8687,AxisTarget,1,True,True,True,False,-3.287905,-84.131485,91.3769,0.074983,82.682373,-3.371329,491.04895,27.839388,755.304077,-179.983902,-0.058258,-179.922607,760,False,True,151,1633,True,
93,/kuka/axis_move/feedback_json,std_msgs/msg/String,2026-08-27T21:41:27.810954-04:00,1787881287,810925657,1787881287810925657,127.371972,,,,8688,8687,1,0,0,8688,AxisTarget,1,True,True,True,False,-3.706843,-83.345215,91.583282,0.076926,81.73452,-3.767608,496.84259,31.890499,747.10675,-179.984665,-0.059653,-179.920166,760,False,True,151,1634,True,
94,/kuka/axis_move/feedback_json,std_msgs/msg/String,2026-08-27T21:41:27.935015-04:00,1787881287,934992507,1787881287934992507,124.06685,,,,8689,8688,1,0,0,8689,AxisTarget,1,True,True,True,True,-4.08671,-82.587105,91.776291,0.078855,80.771507,-4.179761,501.736633,35.476604,739.911072,-179.98526,-0.060842,-179.91806,760,False,True,151,1634,True,
95,/kuka/axis_move/feedback_json,std_msgs/msg/String,2026-08-27T21:41:28.062905-04:00,1787881288,62882821,1787881288062882821,127.890314,,,,8690,8689,1,0,0,8690,AxisTarget,1,True,True,True,False,-4.632363,-81.579575,92.036911,0.081496,79.46772,-4.729414,508.628754,40.805256,729.312195,-179.986023,-0.062538,-179.914993,760,False,True,151,1634,True,
96,/kuka/axis_move/feedback_json,std_msgs/msg/String,2026-08-27T21:41:28.190189-04:00,1787881288,190182803,1787881288190182803,127.299982,,,,8691,8690,1,0,0,8691,AxisTarget,1,True,True,True,False,-5.085469,-80.728737,92.254616,0.083533,78.468491,-5.146966,514.123169,45.309757,720.428955,-179.986542,-0.063912,-179.912491,760,False,True,151,1635,True,
97,/kuka/axis_move/feedback_json,std_msgs/msg/String,2026-08-27T21:41:28.314839-04:00,1787881288,314833760,1787881288314833760,124.650957,,,,8692,8691,1,0,0,8692,AxisTarget,1,True,True,True,True,-5.472857,-79.988777,92.447395,0.085437,77.51442,-5.55385,518.782959,49.327217,712.557556,-179.986923,-0.065094,-179.910294,760,False,True,151,1635,True,
98,/kuka/axis_move/feedback_json,std_msgs/msg/String,2026-08-27T21:41:28.439806-04:00,1787881288,439782013,1787881288439782013,124.948253,,,,8693,8692,1,0,0,8693,AxisTarget,1,True,True,True,False,-6.007027,-78.969597,92.712204,0.088042,76.216461,-6.103573,524.749756,54.765076,701.969788,-179.987366,-0.066634,-179.907394,760,False,True,151,1635,True,
99,/kuka/axis_move/feedback_json,std_msgs/msg/String,2026-08-27T21:41:28.563267-04:00,1787881288,563237634,1787881288563237634,123.455621,,,,8694,8693,1,0,0,8694,AxisTarget,1,True,True,True,False,-6.497997,-78.046394,92.948723,0.09034,75.087341,-6.57594,529.997803,59.853298,692.122131,-179.987717,-0.068016,-179.904755,760,False,True,151,1636,True,
100,/kuka/axis_move/feedback_json,std_msgs/msg/String,2026-08-27T21:41:28.688936-04:00,1787881288,688900243,1787881288688900243,125.662609,,,,8695,8694,1,0,0,8695,AxisTarget,1,True,True,True,True,-6.859563,-77.366928,93.12278,0.092032,74.254776,-6.92498,533.967712,63.916416,684.293457,-179.98793,-0.069084,-179.902695,760,False,True,151,1636,True,
101,/kuka/axis_move/feedback_json,std_msgs/msg/String,2026-08-27T21:41:28.815006-04:00,1787881288,814983058,1787881288814983058,126.082815,,,,8696,8695,1,0,0,8696,AxisTarget,1,True,True,True,False,-7.278792,-76.559631,93.334625,0.094141,73.193367,-7.379879,537.865723,68.107254,676.246582,-179.988113,-0.070154,-179.900604,760,False,True,151,1636,True,
102,/kuka/axis_move/feedback_json,std_msgs/msg/String,2026-08-27T21:41:28.943209-04:00,1787881288,943173896,1787881288943173896,128.190838,,,,8697,8696,1,0,0,8697,AxisTarget,1,True,True,True,False,-7.816978,-75.540375,93.597481,0.096713,71.923759,-7.929064,543.125977,74.122078,664.738647,-179.988266,-0.071639,-179.897675,760,False,True,151,1636,True,
103,/kuka/axis_move/feedback_json,std_msgs/msg/String,2026-08-27T21:41:29.069042-04:00,1787881289,69019730,1787881289069019730,125.845834,,,,8698,8697,1,0,0,8698,AxisTarget,1,True,True,True,False,-8.259941,-74.708496,93.810326,0.098781,70.910187,-8.337178,547.066406,78.939377,655.549927,-179.988281,-0.072791,-179.895386,760,False,True,151,1637,True,
104,/kuka/axis_move/feedback_json,std_msgs/msg/String,2026-08-27T21:41:29.191081-04:00,1787881289,191054017,1787881289191054017,122.034287,,,,8699,8698,1,0,0,8699,AxisTarget,1,True,True,True,True,-8.587976,-74.086143,93.971382,0.100367,70.122765,-8.671119,549.981934,82.702179,648.385925,-179.988251,-0.073669,-179.893631,760,False,True,151,1637,True,
105,/kuka/axis_move/feedback_json,std_msgs/msg/String,2026-08-27T21:41:29.315023-04:00,1787881289,315001432,1787881289315001432,123.947415,,,,8700,8699,1,0,0,8700,AxisTarget,1,True,True,True,False,-9.034751,-73.195213,94.204262,0.102681,68.967499,-9.163284,553.524414,87.535568,639.196228,-179.988144,-0.074769,-179.891434,760,False,True,151,1637,True,
106,/kuka/axis_move/feedback_json,std_msgs/msg/String,2026-08-27T21:41:29.439412-04:00,1787881289,439407384,1787881289439407384,124.405952,,,,8701,8700,1,0,0,8701,AxisTarget,1,True,True,True,False,-9.537845,-72.281075,94.438622,0.104972,67.84745,-9.632042,557.322083,93.089264,628.648315,-179.987976,-0.075995,-179.888947,760,False,True,151,1637,True,
107,/kuka/axis_move/feedback_json,std_msgs/msg/String,2026-08-27T21:41:29.562707-04:00,1787881289,562691389,1787881289562691389,123.284005,,,,8702,8701,1,0,0,8702,AxisTarget,1,True,True,True,True,-9.896658,-71.608131,94.610611,0.106652,67.029686,-9.973608,560.060486,97.377693,620.507324,-179.987778,-0.076916,-179.88707,760,False,True,151,1638,True,
108,/kuka/axis_move/feedback_json,std_msgs/msg/String,2026-08-27T21:41:29.690173-04:00,1787881289,690142928,1787881289690142928,127.451539,,,,8703,8702,1,0,0,8703,AxisTarget,1,True,True,True,False,-10.235952,-70.956055,94.781502,0.108365,66.174248,-10.340365,562.316101,101.121391,613.400208,-179.987579,-0.077705,-179.885468,760,False,True,151,1638,True,
109,/kuka/axis_move/feedback_json,std_msgs/msg/String,2026-08-27T21:41:29.819088-04:00,1787881289,819065079,1787881289819065079,128.922151,,,,8704,8703,1,0,0,8704,AxisTarget,1,True,True,True,False,-10.727798,-70.023178,95.022423,0.110738,65.00779,-10.844893,565.443481,106.689995,602.823364,-179.987244,-0.078867,-179.883133,760,False,True,151,1638,True,
110,/kuka/axis_move/feedback_json,std_msgs/msg/String,2026-08-27T21:41:29.944450-04:00,1787881289,944444322,1787881289944444322,125.379243,,,,8705,8704,1,0,0,8705,AxisTarget,1,True,True,True,False,-11.114945,-69.296974,95.208,0.112541,64.126335,-11.199126,567.719788,111.078529,594.479309,-179.986938,-0.07978,-179.881332,760,False,True,151,1639,True,
111,/kuka/axis_move/feedback_json,std_msgs/msg/String,2026-08-27T21:41:30.066744-04:00,1787881290,66732837,1787881290066732837,122.288515,,,,8706,8705,1,0,0,8706,AxisTarget,1,True,True,True,True,-11.403563,-68.747162,95.350883,0.113954,63.421558,-11.499404,569.368774,114.473564,588.016785,-179.986694,-0.080483,-179.879959,760,False,True,151,1639,True,
112,/kuka/axis_move/feedback_json,std_msgs/msg/String,2026-08-27T21:41:30.196142-04:00,1787881290,196126834,1787881290196126834,129.393997,,,,8707,8706,1,0,0,8707,AxisTarget,1,True,True,True,False,-11.82262,-67.948128,95.558289,0.115994,62.407585,-11.928172,571.435608,119.04274,579.306213,-179.986313,-0.081413,-179.878174,760,False,True,151,1639,True,
113,/kuka/axis_move/feedback_json,std_msgs/msg/String,2026-08-27T21:41:30.323430-04:00,1787881290,323419432,1787881290323419432,127.292598,,,,8708,8707,1,0,0,8708,AxisTarget,1,True,True,True,False,-12.184734,-67.269363,95.731628,0.117664,61.565083,-12.279416,573.261719,123.440826,570.904541,-179.985931,-0.082276,-179.876495,760,False,True,151,1640,True,
114,/kuka/axis_move/feedback_json,std_msgs/msg/String,2026-08-27T21:41:30.447038-04:00,1787881290,447033527,1787881290447033527,123.614095,,,,8709,8708,1,0,0,8709,AxisTarget,1,True,True,True,True,-12.45642,-66.751534,95.866302,0.118984,60.920208,-12.554622,574.409241,126.42205,565.19812,-179.985641,-0.082848,-179.875381,760,False,True,151,1640,True,
115,/kuka/axis_move/feedback_json,std_msgs/msg/String,2026-08-27T21:41:30.575473-04:00,1787881290,575464233,1787881290575464233,128.430706,,,,8710,8709,1,0,0,8710,AxisTarget,1,True,True,True,False,-12.814857,-66.070648,96.042366,0.120703,60.04147,-12.924502,575.899414,130.611359,557.161682,-179.985214,-0.083653,-179.87384,760,False,True,151,1640,True,
116,/kuka/axis_move/feedback_json,std_msgs/msg/String,2026-08-27T21:41:30.699584-04:00,1787881290,699573296,1787881290699573296,124.109063,,,,8711,8710,1,0,0,8711,AxisTarget,1,True,True,True,True,-13.108677,-65.521362,96.182312,0.122062,59.405262,-13.189444,577.022888,134.071564,550.506592,-179.984802,-0.084333,-179.872574,760,False,True,151,1641,False,
117,/kuka/axis_move/feedback_json,std_msgs/msg/String,2026-08-27T21:41:30.823025-04:00,1787881290,822996745,1787881290822996745,123.423449,,,,8712,8711,1,0,0,8712,AxisTarget,1,True,True,True,False,-13.37151,-65.015839,96.314789,0.123385,58.744148,-13.472044,577.896362,136.99382,544.872498,-179.984436,-0.084909,-179.871521,760,False,True,151,1641,False,
118,/kuka/axis_move/feedback_json,std_msgs/msg/String,2026-08-27T21:41:30.950848-04:00,1787881290,950806409,1787881290950806409,127.809664,,,,8713,8712,1,0,0,8713,AxisTarget,1,True,True,True,False,-13.643089,-64.508186,96.443993,0.124628,58.135651,-13.724782,578.750122,140.101746,538.865173,-179.984055,-0.085495,-179.870438,760,False,True,151,1641,False,
119,/kuka/axis_move/feedback_json,std_msgs/msg/String,2026-08-27T21:41:31.079776-04:00,1787881291,79764274,1787881291079764274,128.957865,,,,8714,8713,1,0,0,8714,AxisTarget,1,True,True,True,False,-13.858085,-64.097977,96.550629,0.125671,57.610535,-13.94791,579.360962,142.520294,534.178589,-179.98378,-0.08593,-179.869614,760,False,True,151,1641,False,
120,/kuka/axis_move/feedback_json,std_msgs/msg/String,2026-08-27T21:41:31.205079-04:00,1787881291,205052937,1787881291205052937,125.288663,,,,8715,8714,1,0,0,8715,AxisTarget,1,True,True,True,False,-14.046396,-63.747944,96.639244,0.126534,57.1973,-14.118844,579.891541,144.791153,529.76825,-179.98349,-0.08635,-179.868851,760,False,True,151,1641,False,
121,/kuka/axis_move/feedback_json,std_msgs/msg/String,2026-08-27T21:41:31.331142-04:00,1787881291,331120256,1787881291331120256,126.067319,,,,8716,8715,1,0,0,8716,AxisTarget,1,True,True,True,False,-14.165348,-63.5257,96.69577,0.127095,56.932373,-14.228427,580.206909,146.233337,526.962097,-179.983261,-0.086627,-179.868347,760,False,True,151,1641,False,
122,/kuka/axis_move/feedback_json,std_msgs/msg/String,2026-08-27T21:41:31.845964-04:00,1787881291,845932506,1787881291845932506,514.81225,,,,8717,8716,1,0,0,8717,AxisTarget,1,True,True,True,False,-14.1943,-63.4753,96.707703,0.1272,56.883999,-14.247,580.288635,146.620728,526.208496,-179.9832,-0.0867,-179.86821,761,False,True,152,1645,True,
123,/kuka/axis_move/feedback_json,std_msgs/msg/String,2026-08-27T21:41:31.973520-04:00,1787881291,973503317,1787881291973503317,127.570811,,,,8718,8717,1,0,0,8718,AxisTarget,1,True,True,True,True,-14.194255,-63.461105,96.719559,0.12634,56.843307,-14.24726,580.296082,146.622711,526.117676,-179.983414,-0.086245,-179.868576,761,False,True,152,1646,True,
124,/kuka/axis_move/feedback_json,std_msgs/msg/String,2026-08-27T21:41:32.103034-04:00,1787881292,102997240,1787881292102997240,129.493923,,,,8719,8718,1,0,0,8719,AxisTarget,1,True,True,True,False,-14.193779,-63.33173,96.812073,0.120539,56.603615,-14.24861,580.437317,146.660278,524.369141,-179.987549,-0.077492,-179.87558,761,False,True,152,1646,True,
125,/kuka/axis_move/feedback_json,std_msgs/msg/String,2026-08-27T21:41:32.231173-04:00,1787881292,231137422,1787881292231137422,128.140182,,,,8720,8719,1,0,0,8720,AxisTarget,1,True,True,True,False,-14.193282,-63.19294,96.910027,0.114466,56.355076,-14.249997,580.598511,146.703445,522.284424,-179.992508,-0.067043,-179.883896,761,False,True,152,1647,True,
126,/kuka/axis_move/feedback_json,std_msgs/msg/String,2026-08-27T21:41:32.355177-04:00,1787881292,355153389,1787881292355153389,124.015967,,,,8721,8720,1,0,0,8721,AxisTarget,1,True,True,True,True,-14.192805,-63.05415,97.007973,0.108393,56.106533,-14.251386,580.742859,146.742264,520.327087,-179.997192,-0.057221,-179.891693,761,False,True,152,1647,True,
127,/kuka/axis_move/feedback_json,std_msgs/msg/String,2026-08-27T21:41:32.482317-04:00,1787881292,482301595,1787881292482301595,127.148206,,,,8722,8721,1,0,0,8722,AxisTarget,1,True,True,True,False,-14.192313,-62.919701,97.102867,0.102509,55.865761,-14.25273,580.884766,146.780457,518.307739,179.99791,-0.047075,-179.899719,761,False,True,152,1647,True,
128,/kuka/axis_move/feedback_json,std_msgs/msg/String,2026-08-27T21:41:32.608448-04:00,1787881292,608430804,1787881292608430804,126.129209,,,,8723,8722,1,0,0,8723,AxisTarget,1,True,True,True,False,-14.191816,-62.780918,97.200813,0.096436,55.617222,-14.254118,581.01532,146.815643,516.352661,179.993134,-0.037235,-179.907455,761,False,True,152,1647,True,
129,/kuka/axis_move/feedback_json,std_msgs/msg/String,2026-08-27T21:41:32.734611-04:00,1787881292,734600139,1787881292734600139,126.169335,,,,8724,8723,1,0,0,8724,AxisTarget,1,True,True,True,False,-14.191316,-62.642155,97.298744,0.090366,55.368843,-14.255506,581.143005,146.850067,514.335754,179.988144,-0.027066,-179.915436,761,False,True,152,1647,True,
130,/kuka/axis_move/feedback_json,std_msgs/msg/String,2026-08-27T21:41:32.860376-04:00,1787881292,860348726,1787881292860348726,125.748587,,,,8725,8724,1,0,0,8725,AxisTarget,1,True,True,True,False,-14.190843,-62.511936,97.390625,0.08467,55.135742,-14.256807,581.256531,146.880722,512.439514,179.983414,-0.017491,-179.922913,761,False,True,152,1648,True,
131,/kuka/axis_move/feedback_json,std_msgs/msg/String,2026-08-27T21:41:32.987229-04:00,1787881292,987222308,1787881292987222308,126.873582,,,,8726,8725,1,0,0,8726,AxisTarget,1,True,True,True,True,-14.190356,-62.377716,97.488457,0.078602,54.887344,-14.258195,581.36969,146.911377,510.433197,179.978348,-0.007349,-179.930801,761,False,True,152,1648,True,
132,/kuka/axis_move/feedback_json,std_msgs/msg/String,2026-08-27T21:41:33.113650-04:00,1787881293,113639911,1787881293113639911,126.417603,,,,8727,8726,1,0,0,8727,AxisTarget,1,True,True,True,False,-14.189854,-62.238941,97.583344,0.072719,54.646572,-14.25954,581.476196,146.940292,508.419952,179.973236,0.002841,-179.938705,761,False,True,152,1648,True,
133,/kuka/axis_move/feedback_json,std_msgs/msg/String,2026-08-27T21:41:33.242410-04:00,1787881293,242389006,1787881293242389006,128.749095,,,,8728,8727,1,0,0,8728,AxisTarget,1,True,True,True,False,-14.189353,-62.100166,97.681297,0.066646,54.398033,-14.260928,581.572449,146.966537,506.470856,179.968231,0.012718,-179.946335,761,False,True,152,1648,True,
134,/kuka/axis_move/feedback_json,std_msgs/msg/String,2026-08-27T21:41:33.371249-04:00,1787881293,371211579,1787881293371211579,128.822573,,,,8729,8728,1,0,0,8729,AxisTarget,1,True,True,True,False,-14.188869,-61.961395,97.779251,0.060573,54.14949,-14.262316,581.664673,146.991806,504.460175,179.963028,0.022918,-179.954178,761,False,True,152,1648,True,
135,/kuka/axis_move/feedback_json,std_msgs/msg/String,2026-08-27T21:41:33.494964-04:00,1787881293,494935293,1787881293494935293,123.723714,,,,8730,8729,1,0,0,8730,AxisTarget,1,True,True,True,False,-14.188355,-61.82262,97.877205,0.0545,53.900951,-14.263704,581.749756,147.015228,502.450867,179.957779,0.033124,-179.96199,761,False,True,152,1648,True,
136,/kuka/axis_move/feedback_json,std_msgs/msg/String,2026-08-27T21:41:33.623120-04:00,1787881293,623080729,1787881293623080729,128.145436,,,,8731,8730,1,0,0,8731,AxisTarget,1,True,True,True,False,-14.187875,-61.688251,97.972015,0.048626,53.660717,-14.265086,581.827637,147.036819,500.443024,179.952499,0.043334,-179.969772,761,False,True,152,1648,True,
137,/kuka/axis_move/feedback_json,std_msgs/msg/String,2026-08-27T21:41:33.749057-04:00,1787881293,749026710,1787881293749026710,125.945981,,,,8732,8731,1,0,0,8732,AxisTarget,1,True,True,True,False,-14.187422,-61.561897,98.06102,0.043117,53.435581,-14.2663,581.890869,147.054459,498.657562,179.947754,0.052425,-179.976685,761,False,True,152,1649,True,
138,/kuka/axis_move/feedback_json,std_msgs/msg/String,2026-08-27T21:41:33.876081-04:00,1787881293,876050958,1787881293876050958,127.024248,,,,8733,8732,1,0,0,8733,AxisTarget,1,True,True,True,True,-14.186952,-61.42981,98.157555,0.03712,53.189648,-14.267676,581.953552,147.072067,496.70813,179.942535,0.062364,-179.984207,761,False,True,152,1649,True,
139,/kuka/axis_move/feedback_json,std_msgs/msg/String,2026-08-27T21:41:34.005198-04:00,1787881294,5187277,1787881294005187277,129.136319,,,,8734,8733,1,0,0,8734,AxisTarget,1,True,True,True,False,-14.186455,-61.291039,98.252449,0.031237,52.948875,-14.269022,582.009277,147.08786,494.766907,179.937302,0.072273,-179.991669,761,False,True,152,1649,True,
140,/kuka/axis_move/feedback_json,std_msgs/msg/String,2026-08-27T21:41:34.134376-04:00,1787881294,134364868,1787881294134364868,129.177591,,,,8735,8734,1,0,0,8735,AxisTarget,1,True,True,True,False,-14.185943,-61.14793,98.35347,0.024976,52.69257,-14.270454,582.061218,147.102753,492.701996,179.931671,0.08283,-179.999603,761,False,True,152,1649,True,
141,/kuka/axis_move/feedback_json,std_msgs/msg/String,2026-08-27T21:41:34.254795-04:00,1787881294,254779145,1787881294254779145,120.414277,,,,8736,8735,1,0,0,8736,AxisTarget,1,True,True,True,False,-14.18546,-61.013493,98.448357,0.019096,52.451794,-14.271803,582.10437,147.115311,490.701172,179.926178,0.093075,179.992752,761,False,True,152,1649,True,
142,/kuka/axis_move/feedback_json,std_msgs/msg/String,2026-08-27T21:41:34.379437-04:00,1787881294,379425841,1787881294379425841,124.646696,,,,8737,8736,1,0,0,8737,AxisTarget,1,True,True,True,False,-14.184977,-60.879055,98.543251,0.013218,52.211021,-14.273152,582.138367,147.125412,488.826843,179.920975,0.102686,179.985611,761,False,True,152,1649,True,
143,/kuka/axis_move/feedback_json,std_msgs/msg/String,2026-08-27T21:41:34.506882-04:00,1787881294,506858838,1787881294506858838,127.432997,,,,8738,8737,1,0,0,8738,AxisTarget,1,True,True,True,False,-14.18449,-60.744614,98.638138,0.007341,51.970249,-14.274503,582.166992,147.134125,486.891479,179.915573,0.112626,179.978256,761,False,True,152,1649,True,
144,/kuka/axis_move/feedback_json,std_msgs/msg/String,2026-08-27T21:41:34.631609-04:00,1787881294,631603206,1787881294631603206,124.744368,,,,8739,8738,1,0,0,8739,AxisTarget,1,True,True,True,False,-14.183989,-60.605839,98.736084,0.001276,51.721706,-14.275899,582.190186,147.141479,484.832886,179.909775,0.123215,179.970459,761,False,True,152,1649,True,
145,/kuka/axis_move/feedback_json,std_msgs/msg/String,2026-08-27T21:41:34.762800-04:00,1787881294,762783713,1787881294762783713,131.180507,,,,8740,8739,1,0,0,8740,AxisTarget,1,True,True,True,False,-14.1835,-60.471397,98.830971,-0.004598,51.473167,-14.277297,582.204712,147.146469,482.962982,179.904449,0.132849,179.963394,761,False,True,152,1649,True,
146,/kuka/axis_move/feedback_json,std_msgs/msg/String,2026-08-27T21:41:34.893023-04:00,1787881294,892985961,1787881294892985961,130.202248,,,,8741,8740,1,0,0,8741,AxisTarget,1,True,True,True,True,-14.182997,-60.333248,98.931038,-0.010777,51.228214,-14.278671,582.213501,147.150101,480.901154,179.898544,0.143487,179.955627,761,False,True,152,1650,True,
147,/kuka/axis_move/feedback_json,std_msgs/msg/String,2026-08-27T21:41:35.030955-04:00,1787881295,30940091,1787881295030940091,137.95413,,,,8742,8741,1,0,0,8742,AxisTarget,1,True,True,True,False,-14.182496,-60.194889,99.026115,-0.016867,50.977974,-14.280083,582.214905,147.151733,478.93161,179.892853,0.153666,179.948242,761,False,True,152,1650,True,
148,/kuka/axis_move/feedback_json,std_msgs/msg/String,2026-08-27T21:41:35.165303-04:00,1787881295,165274454,1787881295165274454,134.334363,,,,8743,8742,1,0,0,8743,AxisTarget,1,True,True,True,False,-14.18196,-60.047436,99.13018,-0.023119,50.721668,-14.281525,582.208679,147.151489,476.81778,179.886688,0.164607,179.940338,761,False,True,152,1650,True,
149,/kuka/axis_move/feedback_json,std_msgs/msg/String,2026-08-27T21:41:35.299023-04:00,1787881295,298993656,1787881295298993656,133.719202,,,,8744,8743,1,0,0,8744,AxisTarget,1,True,True,True,False,-14.181426,-59.899986,99.234253,-0.029562,50.457592,-14.283009,582.195007,147.149292,474.768005,179.880676,0.175234,179.932693,761,False,True,152,1650,True,
150,/kuka/axis_move/feedback_json,std_msgs/msg/String,2026-08-27T21:41:35.430877-04:00,1787881295,430847238,1787881295430847238,131.853582,,,,8745,8744,1,0,0,8745,AxisTarget,1,True,True,True,False,-14.180908,-59.75687,99.335258,-0.036006,50.19352,-14.284492,582.173157,147.145004,472.658081,179.87442,0.186191,179.92485,761,False,True,152,1650,True,
151,/kuka/axis_move/feedback_json,std_msgs/msg/String,2026-08-27T21:41:35.558199-04:00,1787881295,558182998,1787881295558182998,127.33576,,,,8746,8745,1,0,0,8746,AxisTarget,1,True,True,True,False,-14.180394,-59.613758,99.436264,-0.042073,49.944977,-14.285885,582.145264,147.13913,470.674164,179.8685,0.19651,179.917511,761,False,True,152,1650,True,
152,/kuka/axis_move/feedback_json,std_msgs/msg/String,2026-08-27T21:41:35.682877-04:00,1787881295,682861757,1787881295682861757,124.678759,,,,8747,8746,1,0,0,8747,AxisTarget,1,True,True,True,False,-14.179897,-59.474983,99.534218,-0.048141,49.696438,-14.287277,582.109192,147.13118,468.630127,179.862366,0.207159,179.909958,761,False,True,152,1650,True,
153,/kuka/axis_move/feedback_json,std_msgs/msg/String,2026-08-27T21:41:35.817208-04:00,1787881295,817173378,1787881295817173378,134.311621,,,,8748,8747,1,0,0,8748,AxisTarget,1,True,True,True,False,-14.179418,-59.340546,99.629105,-0.054021,49.447899,-14.288668,582.068481,147.121964,466.711792,179.856567,0.217168,179.902893,761,False,True,152,1651,False,
154,/kuka/axis_move/feedback_json,std_msgs/msg/String,2026-08-27T21:41:35.959045-04:00,1787881295,959016939,1787881295959016939,141.843561,,,,8749,8748,1,0,0,8749,AxisTarget,1,True,True,True,True,-14.178892,-59.1931,99.736244,-0.060659,49.183823,-14.290188,582.016296,147.109909,464.609863,179.850159,0.228155,179.895187,761,False,True,152,1651,False,
155,/kuka/axis_move/feedback_json,std_msgs/msg/String,2026-08-27T21:41:36.098545-04:00,1787881296,98522109,1787881296098522109,139.50517,,,,8750,8749,1,0,0,8750,AxisTarget,1,True,True,True,False,-14.178336,-59.03698,99.843376,-0.067488,48.904217,-14.291709,581.954407,147.095367,462.448364,179.843506,0.239473,179.887299,761,False,True,152,1651,False,
156,/kuka/axis_move/feedback_json,std_msgs/msg/String,2026-08-27T21:41:36.237214-04:00,1787881296,237183792,1787881296237183792,138.661683,,,,8751,8750,1,0,0,8751,AxisTarget,1,True,True,True,False,-14.177794,-58.885193,99.953575,-0.074127,48.632374,-14.293229,581.884094,147.078644,460.289154,179.836823,0.250799,179.87944,761,False,True,152,1651,False,
157,/kuka/axis_move/feedback_json,std_msgs/msg/String,2026-08-27T21:41:36.366981-04:00,1787881296,366953470,1787881296366953470,129.769678,,,,8752,8751,1,0,0,8752,AxisTarget,1,True,True,True,False,-14.177264,-58.737736,100.054581,-0.080385,48.368301,-14.294707,581.805603,147.059738,458.132263,179.830078,0.262128,179.871613,761,False,True,152,1651,False,
158,/kuka/axis_move/feedback_json,std_msgs/msg/String,2026-08-27T21:41:36.495062-04:00,1787881296,495033466,1787881296495033466,128.079996,,,,8753,8752,1,0,0,8753,AxisTarget,1,True,True,True,False,-14.176763,-58.598946,100.152534,-0.086453,48.127525,-14.296054,581.726501,147.040527,456.162262,179.823868,0.27249,179.864502,761,False,True,152,1651,False,
159,/kuka/axis_move/feedback_json,std_msgs/msg/String,2026-08-27T21:41:36.619036-04:00,1787881296,619007401,1787881296619007401,123.973935,,,,8754,8753,1,0,0,8754,AxisTarget,1,True,True,True,False,-14.176259,-58.460155,100.250481,-0.092521,47.878986,-14.297445,581.640564,147.019501,454.194275,179.817612,0.282856,179.857422,761,False,True,152,1651,False,
160,/kuka/axis_move/feedback_json,std_msgs/msg/String,2026-08-27T21:41:36.742918-04:00,1787881296,742882622,1787881296742882622,123.875221,,,,8755,8754,1,0,0,8755,AxisTarget,1,True,True,True,False,-14.175771,-58.325699,100.345367,-0.098399,47.638214,-14.298793,581.55072,146.997421,452.289764,179.811523,0.292906,179.850601,761,False,True,152,1651,False,
161,/kuka/axis_move/feedback_json,std_msgs/msg/String,2026-08-27T21:41:36.866972-04:00,1787881296,866939662,1787881296866939662,124.05704,,,,8756,8755,1,0,0,8756,AxisTarget,1,True,True,True,False,-14.17529,-58.191257,100.440254,-0.104275,47.397438,-14.300141,581.454346,146.973709,450.387299,179.805405,0.302978,179.843811,761,False,True,152,1651,False,
162,/kuka/axis_move/feedback_json,std_msgs/msg/String,2026-08-27T21:41:36.994137-04:00,1787881296,994100529,1787881296994100529,127.160867,,,,8757,8756,1,0,0,8757,AxisTarget,1,True,True,True,False,-14.174844,-58.059383,100.533295,-0.110031,47.161476,-14.301465,581.356628,146.949707,448.578491,179.799561,0.312602,179.837357,761,False,True,152,1651,False,
163,/kuka/axis_move/feedback_json,std_msgs/msg/String,2026-08-27T21:41:37.119326-04:00,1787881297,119315600,1787881297119315600,125.215071,,,,8758,8757,1,0,0,8758,AxisTarget,1,True,True,True,False,-14.174432,-57.957752,100.602592,-0.114189,46.998745,-14.302382,581.264771,146.926865,446.971741,179.794281,0.321117,179.831665,761,False,True,152,1651,False,
164,/kuka/axis_move/feedback_json,std_msgs/msg/String,2026-08-27T21:41:37.243026-04:00,1787881297,242997072,1787881297242997072,123.681472,,,,8759,8758,1,0,0,8759,AxisTarget,1,True,True,True,False,-14.1744,-57.9538,100.604797,-0.1143,46.995499,-14.3024,581.257568,146.92485,446.848267,179.793823,0.321724,179.831223,761,False,True,152,1651,False,
165,/kuka/axis_move/feedback_json,std_msgs/msg/String,2026-08-27T21:41:37.367116-04:00,1787881297,367089183,1787881297367089183,124.092111,,,,8760,8759,1,0,0,8760,AxisTarget,1,True,True,True,False,-14.1744,-57.9538,100.604797,-0.1143,46.995499,-14.3024,581.257568,146.92485,446.848267,179.793823,0.321724,179.831223,761,False,True,152,1651,False,
166,/kuka/axis_move/feedback_json,std_msgs/msg/String,2026-08-27T21:41:37.494016-04:00,1787881297,493988324,1787881297493988324,126.899141,,,,8761,8760,1,0,0,8761,AxisTarget,1,True,True,True,False,-14.1744,-57.9538,100.604797,-0.1143,46.995499,-14.3024,581.257568,146.92485,446.848267,179.793823,0.321724,179.831223,761,False,True,152,1651,False,
167,/kuka/axis_move/feedback_json,std_msgs/msg/String,2026-08-27T21:41:37.619073-04:00,1787881297,619046882,1787881297619046882,125.058558,,,,8762,8761,1,0,0,8762,AxisTarget,1,True,True,True,False,-14.1744,-57.9538,100.604797,-0.1143,46.995499,-14.3024,581.257568,146.92485,446.848267,179.793823,0.321724,179.831223,761,False,True,152,1651,False,
168,/kuka/axis_move/feedback_json,std_msgs/msg/String,2026-08-27T21:41:37.744618-04:00,1787881297,744607420,1787881297744607420,125.560538,,,,8763,8762,1,0,0,8763,AxisTarget,1,True,True,True,False,-14.1744,-57.9538,100.604797,-0.1143,46.995499,-14.3024,581.257568,146.92485,446.848267,179.793823,0.321724,179.831223,761,False,True,152,1651,False,
169,/kuka/axis_move/feedback_json,std_msgs/msg/String,2026-08-27T21:41:37.870896-04:00,1787881297,870867867,1787881297870867867,126.260447,,,,8764,8763,1,0,0,8764,AxisTarget,1,True,True,True,False,-14.1744,-57.9538,100.604797,-0.1143,46.995499,-14.3024,581.257568,146.92485,446.848267,179.793823,0.321724,179.831223,761,False,True,152,1651,False,
170,/kuka/axis_move/feedback_json,std_msgs/msg/String,2026-08-27T21:41:38.086951-04:00,1787881298,86923581,1787881298086923581,216.055714,,,,8765,8764,1,0,0,8765,AxisTarget,1,False,True,False,False,-14.1744,-57.9538,100.604797,-0.1143,46.995499,-14.3024,581.257568,146.92485,446.848267,179.793823,0.321724,179.831223,762,False,True,152,1651,False,
171,/kuka/axis_move/feedback_json,std_msgs/msg/String,2026-08-27T21:41:38.210276-04:00,1787881298,210261004,1787881298210261004,123.337423,,,,8766,8765,1,0,0,8766,AxisTarget,1,False,True,False,False,-14.1744,-57.9538,100.604797,-0.1143,46.995499,-14.3024,581.257568,146.92485,446.848267,179.793823,0.321724,179.831223,762,False,True,152,1651,False,
172,/kuka/axis_move/feedback_json,std_msgs/msg/String,2026-08-27T21:41:38.444891-04:00,1787881298,444875906,1787881298444875906,234.614902,,,,8767,8766,1,0,0,8767,AxisTarget,1,False,True,False,False,-14.1744,-57.9538,100.604797,-0.1143,46.995499,-14.3024,581.257568,146.92485,446.848267,179.793823,0.321724,179.831223,763,False,True,152,1651,False,
173,/kuka/axis_move/feedback_json,std_msgs/msg/String,2026-08-27T21:41:38.575378-04:00,1787881298,575365319,1787881298575365319,130.489413,,,,8768,8767,1,0,0,8768,AxisTarget,1,False,True,False,False,-14.1744,-57.9538,100.604797,-0.1143,46.995499,-14.3024,581.257568,146.92485,446.848267,179.793823,0.321724,179.831223,763,False,True,152,1651,False,
174,/kuka/axis_move/feedback_json,std_msgs/msg/String,2026-08-27T21:41:38.699317-04:00,1787881298,699311641,1787881298699311641,123.946322,,,,8769,8768,1,0,0,8769,AxisTarget,1,False,True,False,False,-14.1744,-57.9538,100.604797,-0.1143,46.995499,-14.3024,581.257568,146.92485,446.848267,179.793823,0.321724,179.831223,763,False,True,152,1651,False,
175,/kuka/axis_move/feedback_json,std_msgs/msg/String,2026-08-27T21:41:38.823610-04:00,1787881298,823596085,1787881298823596085,124.284444,,,,8770,8769,1,0,0,8770,AxisTarget,1,False,True,False,False,-14.1744,-57.9538,100.604797,-0.1143,46.995499,-14.3024,581.257568,146.92485,446.848267,179.793823,0.321724,179.831223,763,False,True,152,1651,False,
176,/kuka/axis_move/feedback_json,std_msgs/msg/String,2026-08-27T21:41:39.047631-04:00,1787881299,47613481,1787881299047613481,224.017396,,,,8771,8770,1,0,0,8771,AxisTarget,1,False,True,False,False,-14.1744,-57.9538,100.604797,-0.1143,46.995499,-14.3024,581.257568,146.92485,446.848267,179.793823,0.321724,179.831223,764,False,True,152,1651,False,
177,/kuka/axis_move/feedback_json,std_msgs/msg/String,2026-08-27T21:41:39.174946-04:00,1787881299,174918712,1787881299174918712,127.305231,,,,8772,8771,1,0,0,8772,AxisTarget,1,False,True,False,False,-14.1744,-57.9538,100.604797,-0.1143,46.995499,-14.3024,581.257568,146.92485,446.848267,179.793823,0.321724,179.831223,764,False,True,152,1651,False,
178,/kuka/axis_move/feedback_json,std_msgs/msg/String,2026-08-27T21:41:39.710490-04:00,1787881299,710462691,1787881299710462691,535.543979,,,,8773,8772,1,0,0,8773,AxisTarget,1,True,True,True,False,-14.1744,-57.9538,100.604797,-0.1143,46.995499,-14.3024,581.257568,146.92485,446.848267,179.793823,0.321724,179.831223,765,False,True,153,1655,True,
179,/kuka/axis_move/feedback_json,std_msgs/msg/String,2026-08-27T21:41:40.218414-04:00,1787881300,218409166,1787881300218409166,507.946475,,,,8774,8773,1,0,0,8774,AxisTarget,1,True,True,True,True,-14.182971,-58.382172,100.309914,-0.106477,47.770584,-14.303278,581.513733,147.073654,452.657715,179.80751,0.293241,179.843216,766,False,True,153,1657,True,
180,/kuka/axis_move/feedback_json,std_msgs/msg/String,2026-08-27T21:41:40.347045-04:00,1787881300,347039520,1787881300347039520,128.630354,,,,8775,8774,1,0,0,8775,AxisTarget,1,True,True,True,False,-14.185744,-58.519344,100.216423,-0.10401,48.01136,-14.303556,581.583008,147.118027,454.519409,179.811844,0.28413,179.847076,766,False,True,153,1657,True,
181,/kuka/axis_move/feedback_json,std_msgs/msg/String,2026-08-27T21:41:40.470958-04:00,1787881300,470929064,1787881300470929064,123.889544,,,,8776,8775,1,0,0,8776,AxisTarget,1,True,True,True,False,-14.188607,-58.660942,100.119926,-0.101463,48.259899,-14.30384,581.6521,147.164993,456.569336,179.81662,0.27411,179.851364,766,False,True,153,1657,True,
182,/kuka/axis_move/feedback_json,std_msgs/msg/String,2026-08-27T21:41:40.594733-04:00,1787881300,594701398,1787881300594701398,123.772334,,,,8777,8776,1,0,0,8777,AxisTarget,1,True,True,True,False,-14.191291,-58.798115,100.026451,-0.098993,48.500595,-14.304111,581.708313,147.206024,458.434753,179.820938,0.265003,179.85527,766,False,True,153,1657,True,
183,/kuka/axis_move/feedback_json,std_msgs/msg/String,2026-08-27T21:41:40.719620-04:00,1787881300,719597576,1787881300719597576,124.896178,,,,8778,8777,1,0,0,8778,AxisTarget,1,True,True,True,False,-14.19407,-58.931068,99.935905,-0.0966,48.7337,-14.30437,581.76001,147.246887,460.371033,179.825424,0.25556,179.859329,766,False,True,153,1658,True,
184,/kuka/axis_move/feedback_json,std_msgs/msg/String,2026-08-27T21:41:40.845209-04:00,1787881300,845190998,1787881300845190998,125.593422,,,,8779,8778,1,0,0,8779,AxisTarget,1,True,True,True,True,-14.196836,-59.067928,99.842598,-0.094133,48.974239,-14.304639,581.804749,147.285751,462.29361,179.829849,0.246196,179.863373,766,False,True,153,1658,True,
185,/kuka/axis_move/feedback_json,std_msgs/msg/String,2026-08-27T21:41:40.970988-04:00,1787881300,970952183,1787881300970952183,125.761185,,,,8780,8779,1,0,0,8780,AxisTarget,1,True,True,True,False,-14.199698,-59.20953,99.746101,-0.091583,49.222778,-14.304917,581.843018,147.323074,464.226563,179.834274,0.236793,179.867447,766,False,True,153,1658,True,
186,/kuka/axis_move/feedback_json,std_msgs/msg/String,2026-08-27T21:41:41.097123-04:00,1787881301,97094134,1787881301097094134,126.141951,,,,8781,8780,1,0,0,8781,AxisTarget,1,True,True,True,False,-14.202472,-59.346706,99.652626,-0.089114,49.463554,-14.305188,581.875488,147.359833,466.223694,179.838821,0.227088,179.871674,766,False,True,153,1658,True,
187,/kuka/axis_move/feedback_json,std_msgs/msg/String,2026-08-27T21:41:41.226876-04:00,1787881301,226848696,1787881301226848696,129.754562,,,,8782,8781,1,0,0,8782,AxisTarget,1,True,True,True,False,-14.205335,-59.4883,99.556137,-0.086569,49.712093,-14.30547,581.900269,147.393707,468.160156,179.843216,0.217686,179.875778,766,False,True,153,1658,True,
188,/kuka/axis_move/feedback_json,std_msgs/msg/String,2026-08-27T21:41:41.352371-04:00,1787881301,352348458,1787881301352348458,125.499762,,,,8783,8782,1,0,0,8783,AxisTarget,1,True,True,True,False,-14.208198,-59.62989,99.459641,-0.084026,49.960636,-14.305753,581.918823,147.426895,470.160797,179.847733,0.20798,179.88002,766,False,True,153,1658,True,
189,/kuka/axis_move/feedback_json,std_msgs/msg/String,2026-08-27T21:41:41.475560-04:00,1787881301,475543837,1787881301475543837,123.195379,,,,8784,8783,1,0,0,8784,AxisTarget,1,True,True,True,False,-14.210971,-59.767052,99.366158,-0.081564,50.201408,-14.306028,581.930237,147.458252,472.163208,179.852234,0.198275,179.884293,766,False,True,153,1658,True,
190,/kuka/axis_move/feedback_json,std_msgs/msg/String,2026-08-27T21:41:41.602907-04:00,1787881301,602877720,1787881301602877720,127.333883,,,,8785,8784,1,0,0,8785,AxisTarget,1,True,True,True,False,-14.213655,-59.899784,99.275696,-0.079182,50.434414,-14.306305,581.934448,147.485992,474.042084,179.85643,0.189178,179.88829,766,False,True,153,1659,True,
191,/kuka/axis_move/feedback_json,std_msgs/msg/String,2026-08-27T21:41:41.727303-04:00,1787881301,727280689,1787881301727280689,124.402969,,,,8786,8785,1,0,0,8786,AxisTarget,1,True,True,True,True,-14.216607,-60.045795,99.176186,-0.076562,50.69072,-14.30659,581.932007,147.513809,476.047852,179.860901,0.179478,179.892593,766,False,True,153,1659,True,
192,/kuka/axis_move/feedback_json,std_msgs/msg/String,2026-08-27T21:41:41.850358-04:00,1787881301,850335385,1787881301850335385,123.054696,,,,8787,8786,1,0,0,8787,AxisTarget,1,True,True,True,False,-14.21938,-60.182953,99.082703,-0.074101,50.931496,-14.306866,581.922424,147.539795,478.055359,179.865341,0.169782,179.896896,766,False,True,153,1659,True,
193,/kuka/axis_move/feedback_json,std_msgs/msg/String,2026-08-27T21:41:41.978568-04:00,1787881301,978557379,1787881301978557379,128.221994,,,,8788,8787,1,0,0,8788,AxisTarget,1,True,True,True,False,-14.222064,-60.320118,98.989227,-0.071641,51.172268,-14.307141,581.906921,147.562469,479.938934,179.869492,0.160697,179.90094,766,False,True,153,1659,True,
194,/kuka/axis_move/feedback_json,std_msgs/msg/String,2026-08-27T21:41:42.102900-04:00,1787881302,102866075,1787881302102866075,124.308696,,,,8789,8788,1,0,0,8789,AxisTarget,1,True,True,True,False,-14.225015,-60.461708,98.892731,-0.069103,51.420807,-14.307425,581.882568,147.585541,482.012573,179.874039,0.15071,179.905396,766,False,True,153,1659,True,
195,/kuka/axis_move/feedback_json,std_msgs/msg/String,2026-08-27T21:41:42.231639-04:00,1787881302,231610041,1787881302231610041,128.743966,,,,8790,8789,1,0,0,8790,AxisTarget,1,True,True,True,False,-14.227786,-60.603302,98.796234,-0.066567,51.66935,-14.307708,581.852722,147.605423,483.962158,179.878296,0.141335,179.909607,766,False,True,153,1659,True,
196,/kuka/axis_move/feedback_json,std_msgs/msg/String,2026-08-27T21:41:42.354828-04:00,1787881302,354806036,1787881302354806036,123.195995,,,,8791,8790,1,0,0,8791,AxisTarget,1,True,True,True,False,-14.230645,-60.740475,98.702751,-0.064112,51.910122,-14.307981,581.814819,147.6241,485.976227,179.882675,0.131664,179.913956,766,False,True,153,1659,True,
197,/kuka/axis_move/feedback_json,std_msgs/msg/String,2026-08-27T21:41:42.482318-04:00,1787881302,482294892,1787881302482294892,127.488856,,,,8792,8791,1,0,0,8792,AxisTarget,1,True,True,True,False,-14.233415,-60.877651,98.609276,-0.061659,52.150894,-14.308252,581.77124,147.640427,487.928925,179.886902,0.122302,179.918182,766,False,True,153,1659,True,
198,/kuka/axis_move/feedback_json,std_msgs/msg/String,2026-08-27T21:41:42.607296-04:00,1787881302,607272962,1787881302607272962,124.97807,,,,8793,8792,1,0,0,8793,AxisTarget,1,True,True,True,False,-14.236273,-61.019257,98.512779,-0.059127,52.399437,-14.308533,581.719116,147.655441,489.946106,179.891235,0.112644,179.922546,766,False,True,153,1659,True,
199,/kuka/axis_move/feedback_json,std_msgs/msg/String,2026-08-27T21:41:42.730923-04:00,1787881302,730892289,1787881302730892289,123.619327,,,,8794,8793,1,0,0,8794,AxisTarget,1,True,True,True,True,-14.238879,-61.147652,98.425804,-0.05686,52.620785,-14.308781,581.664612,147.667633,491.808868,179.895233,0.103737,179.92659,766,False,True,153,1660,True,
200,/kuka/axis_move/feedback_json,std_msgs/msg/String,2026-08-27T21:41:42.858547-04:00,1787881302,858517350,1787881302858517350,127.625061,,,,8795,8794,1,0,0,8795,AxisTarget,1,True,True,True,False,-14.24138,-61.272343,98.340317,-0.054604,52.843636,-14.309033,581.60791,147.677628,493.555878,179.898956,0.095391,179.930389,766,False,True,153,1660,True,
201,/kuka/axis_move/feedback_json,std_msgs/msg/String,2026-08-27T21:41:42.978399-04:00,1787881302,978383685,1787881302978383685,119.866335,,,,8796,8795,1,0,0,8796,AxisTarget,1,True,True,True,False,-14.244147,-61.409523,98.246834,-0.052152,53.084412,-14.309304,581.538025,147.687164,495.513306,179.903122,0.086049,179.934662,766,False,True,153,1660,True,
202,/kuka/axis_move/feedback_json,std_msgs/msg/String,2026-08-27T21:41:43.104132-04:00,1787881303,104102704,1787881303104102704,125.719019,,,,8797,8796,1,0,0,8797,AxisTarget,1,True,True,True,False,-14.246826,-61.542278,98.153358,-0.0497,53.325184,-14.309576,581.463867,147.694717,497.409576,179.90712,0.077008,179.938812,766,False,True,153,1660,True,
203,/kuka/axis_move/feedback_json,std_msgs/msg/String,2026-08-27T21:41:43.231180-04:00,1787881303,231151032,1787881303231151032,127.048328,,,,8798,8797,1,0,0,8798,AxisTarget,1,True,True,True,False,-14.249683,-61.683884,98.056862,-0.047167,53.573727,-14.309857,581.377686,147.700958,499.433624,179.911392,0.067367,179.943237,766,False,True,153,1660,True,
204,/kuka/axis_move/feedback_json,std_msgs/msg/String,2026-08-27T21:41:43.354817-04:00,1787881303,354788196,1787881303354788196,123.637164,,,,8799,8798,1,0,0,8799,AxisTarget,1,True,True,True,False,-14.252541,-61.825489,97.963379,-0.044711,53.814499,-14.310131,581.287292,147.705215,501.395721,179.915497,0.058029,179.947556,766,False,True,153,1660,True,
205,/kuka/axis_move/feedback_json,std_msgs/msg/String,2026-08-27T21:41:43.482547-04:00,1787881303,482541301,1787881303482541301,127.753105,,,,8800,8799,1,0,0,8800,AxisTarget,1,True,True,True,False,-14.255308,-61.962666,97.869896,-0.042174,54.063038,-14.310415,581.186829,147.707748,503.422424,179.919724,0.048393,179.952011,766,False,True,153,1660,True,
206,/kuka/axis_move/feedback_json,std_msgs/msg/String,2026-08-27T21:41:43.606769-04:00,1787881303,606736500,1787881303606736500,124.195199,,,,8801,8800,1,0,0,8801,AxisTarget,1,True,True,True,False,-14.258165,-62.104267,97.773399,-0.039715,54.303814,-14.310692,581.079041,147.708405,505.450439,179.92392,0.03876,179.956497,766,False,True,153,1661,False,
207,/kuka/axis_move/feedback_json,std_msgs/msg/String,2026-08-27T21:41:43.735210-04:00,1787881303,735205214,1787881303735205214,128.468714,,,,8802,8801,1,0,0,8802,AxisTarget,1,True,True,True,True,-14.260933,-62.241444,97.679924,-0.037255,54.544586,-14.310968,580.971375,147.707291,507.352875,179.927856,0.029731,179.960709,766,False,True,153,1661,False,
208,/kuka/axis_move/feedback_json,std_msgs/msg/String,2026-08-27T21:41:43.862798-04:00,1787881303,862767884,1787881303862767884,127.56267,,,,8803,8802,1,0,0,8803,AxisTarget,1,True,True,True,False,-14.263789,-62.383045,97.583427,-0.034716,54.793125,-14.311254,580.84552,147.704163,509.446808,179.932159,0.019803,179.965347,766,False,True,153,1661,False,
209,/kuka/axis_move/feedback_json,std_msgs/msg/String,2026-08-27T21:41:43.986302-04:00,1787881303,986279884,1787881303986279884,123.512,,,,8804,8803,1,0,0,8804,AxisTarget,1,True,True,True,False,-14.266646,-62.524647,97.486931,-0.032176,55.041668,-14.311541,580.716003,147.699203,511.478546,179.93631,0.010179,179.969864,766,False,True,153,1661,False,
210,/kuka/axis_move/feedback_json,std_msgs/msg/String,2026-08-27T21:41:44.115110-04:00,1787881304,115073340,1787881304115073340,128.793456,,,,8805,8804,1,0,0,8805,AxisTarget,1,True,True,True,False,-14.269412,-62.661823,97.393448,-0.029712,55.28244,-14.311822,580.583557,147.692566,513.447937,179.940308,0.00086,179.974258,766,False,True,153,1661,False,
211,/kuka/axis_move/feedback_json,std_msgs/msg/String,2026-08-27T21:41:44.242931-04:00,1787881304,242903544,1787881304242903544,127.830204,,,,8806,8805,1,0,0,8806,AxisTarget,1,True,True,True,False,-14.272266,-62.803425,97.29393,-0.027083,55.538746,-14.312127,580.444275,147.684143,515.418457,179.94429,-0.008453,179.978653,766,False,True,153,1661,False,
212,/kuka/axis_move/feedback_json,std_msgs/msg/String,2026-08-27T21:41:44.367179-04:00,1787881304,367150123,1787881304367150123,124.246579,,,,8807,8806,1,0,0,8807,AxisTarget,1,True,True,True,False,-14.275082,-62.942661,97.202408,-0.024673,55.772419,-14.312407,580.294189,147.67363,517.442078,179.948364,-0.018007,179.983185,766,False,True,153,1661,False,
213,/kuka/axis_move/feedback_json,std_msgs/msg/String,2026-08-27T21:41:44.494830-04:00,1787881304,494807304,1787881304494807304,127.657181,,,,8808,8807,1,0,0,8808,AxisTarget,1,True,True,True,False,-14.27758,-63.067116,97.117241,-0.022331,56.001579,-14.312686,580.152161,147.662491,519.27301,179.952011,-0.026643,179.987305,766,False,True,153,1661,False,
214,/kuka/axis_move/feedback_json,std_msgs/msg/String,2026-08-27T21:41:44.620264-04:00,1787881304,620232237,1787881304620232237,125.424933,,,,8809,8808,1,0,0,8809,AxisTarget,1,True,True,True,False,-14.280526,-63.213139,97.017723,-0.019779,56.250118,-14.312977,579.987183,147.648315,521.310303,179.956085,-0.036247,179.991882,766,False,True,153,1661,False,
215,/kuka/axis_move/feedback_json,std_msgs/msg/String,2026-08-27T21:41:44.750280-04:00,1787881304,750252660,1787881304750252660,130.020423,,,,8810,8809,1,0,0,8810,AxisTarget,1,True,True,True,False,-14.283321,-63.350296,96.921227,-0.017233,56.498661,-14.313226,579.814819,147.632523,523.34845,179.960175,-0.045868,179.996475,766,False,True,153,1661,False,
216,/kuka/axis_move/feedback_json,std_msgs/msg/String,2026-08-27T21:41:45.406893-04:00,1787881305,406865078,1787881305406865078,656.612418,,,,8811,8810,1,0,0,8811,AxisTarget,1,True,True,True,False,-14.2861,-63.4856,96.835098,-0.0151,56.705002,-14.3135,579.625977,147.613266,525.488037,179.96431,-0.055928,-179.998749,767,False,True,154,1665,True,
217,/kuka/axis_move/feedback_json,std_msgs/msg/String,2026-08-27T21:41:46.077080-04:00,1787881306,77044232,1787881306077044232,670.179154,,,,8812,8811,1,0,0,8812,AxisTarget,1,True,True,True,True,-10.313388,-64.521179,98.416405,-0.000597,56.116665,-15.591587,579.525146,106.30278,525.676697,174.890366,-0.014559,-179.997101,768,False,True,154,1669,True,
218,/kuka/axis_move/feedback_json,std_msgs/msg/String,2026-08-27T21:41:46.202750-04:00,1787881306,202724402,1787881306202724402,125.68017,,,,8813,8812,1,0,0,8813,AxisTarget,1,True,True,True,False,-8.970427,-64.866768,98.936958,0.004076,55.92852,-15.994015,578.817383,92.56781,525.715576,173.185669,-0.000622,-179.996994,768,False,True,154,1670,True,
219,/kuka/axis_move/feedback_json,std_msgs/msg/String,2026-08-27T21:41:46.327238-04:00,1787881306,327225576,1787881306327225576,124.501174,,,,8814,8813,1,0,0,8814,AxisTarget,1,True,True,True,True,-7.789164,-65.17289,99.401939,0.008309,55.757103,-16.364855,577.863464,79.91394,525.740295,171.605621,0.012255,-179.99707,768,False,True,154,1670,True,
220,/kuka/axis_move/feedback_json,std_msgs/msg/String,2026-08-27T21:41:46.455069-04:00,1787881306,455038256,1787881306455038256,127.81268,,,,8815,8814,1,0,0,8815,AxisTarget,1,True,True,True,False,-6.453351,-65.517395,99.922325,0.013034,55.567783,-16.771389,576.483643,66.060944,525.755249,169.864105,0.026438,-179.997345,768,False,True,154,1671,True,
221,/kuka/axis_move/feedback_json,std_msgs/msg/String,2026-08-27T21:41:46.578889-04:00,1787881306,578866380,1787881306578866380,123.828124,,,,8816,8815,1,0,0,8816,AxisTarget,1,True,True,True,True,-5.22006,-65.835594,100.403458,0.017574,55.38596,-17.162962,574.905884,53.354462,525.757446,168.254807,0.039533,-179.997772,768,False,True,154,1671,True,
222,/kuka/axis_move/feedback_json,std_msgs/msg/String,2026-08-27T21:41:46.707113-04:00,1787881306,707075262,1787881306707075262,128.208882,,,,8817,8816,1,0,0,8817,AxisTarget,1,True,True,True,False,-3.839844,-66.191879,100.942184,0.022319,55.195618,-17.572273,572.805847,39.288799,525.746765,166.458679,0.054138,-179.998474,768,False,True,154,1671,True,
223,/kuka/axis_move/feedback_json,std_msgs/msg/String,2026-08-27T21:41:46.830492-04:00,1787881306,830461128,1787881306830461128,123.385866,,,,8818,8817,1,0,0,8818,AxisTarget,1,True,True,True,True,-2.500763,-66.53595,101.459999,0.026982,55.008537,-17.972656,570.480713,26.031776,525.723694,164.750275,0.068022,-179.999374,768,False,True,154,1672,True,
224,/kuka/axis_move/feedback_json,std_msgs/msg/String,2026-08-27T21:41:46.958737-04:00,1787881306,958702571,1787881306958702571,128.241443,,,,8819,8818,1,0,0,8819,AxisTarget,1,True,True,True,False,-1.242099,-66.862114,101.955208,0.031476,54.826332,-18.366201,567.982422,13.565661,525.690186,163.128708,0.081186,179.999557,768,False,True,154,1672,True,
225,/kuka/axis_move/feedback_json,std_msgs/msg/String,2026-08-27T21:41:47.084716-04:00,1787881307,84687504,1787881307084687504,125.984933,,,,8820,8819,1,0,0,8820,AxisTarget,1,True,True,True,False,0.1403,-67.218781,102.494278,0.036349,54.629826,-18.788702,564.775818,-0.571842,525.637756,161.27037,0.096251,179.998108,768,False,True,154,1673,True,
226,/kuka/axis_move/feedback_json,std_msgs/msg/String,2026-08-27T21:41:47.210623-04:00,1787881307,210596146,1787881307210596146,125.908642,,,,8821,8820,1,0,0,8821,AxisTarget,1,True,True,True,True,1.5227,-67.575447,103.03334,0.041226,54.433331,-19.211216,561.434753,-13.699342,525.574951,159.524704,0.110377,179.996536,768,False,True,154,1673,True,
227,/kuka/axis_move/feedback_json,std_msgs/msg/String,2026-08-27T21:41:47.338745-04:00,1787881307,338715293,1787881307338715293,128.119147,,,,8822,8821,1,0,0,8822,AxisTarget,1,True,True,True,False,2.8619,-67.920959,103.55555,0.04595,54.242977,-19.633734,557.657532,-27.086267,525.496277,157.722733,0.124936,179.994675,768,False,True,154,1673,True,
228,/kuka/axis_move/feedback_json,std_msgs/msg/String,2026-08-27T21:41:47.462897-04:00,1787881307,462869773,1787881307462869773,124.15448,,,,8823,8822,1,0,0,8823,AxisTarget,1,True,True,True,False,4.238503,-68.275742,104.091034,0.050786,54.048439,-20.03797,553.694092,-39.863483,525.406799,155.980469,0.138998,179.992645,768,False,True,154,1674,True,
229,/kuka/axis_move/feedback_json,std_msgs/msg/String,2026-08-27T21:41:47.587266-04:00,1787881307,587237030,1787881307587237030,124.367257,,,,8824,8823,1,0,0,8824,AxisTarget,1,True,True,True,True,5.428705,-68.582832,104.555412,0.05499,53.878696,-20.403744,549.766785,-51.511883,525.3125,154.37146,0.151968,179.990585,768,False,True,154,1674,True,
230,/kuka/axis_move/feedback_json,std_msgs/msg/String,2026-08-27T21:41:47.712278-04:00,1787881307,712248533,1787881307712248533,125.011503,,,,8825,8824,1,0,0,8825,AxisTarget,1,True,True,True,False,6.763227,-68.927528,105.076797,0.059712,53.68845,-20.812923,545.252808,-63.895741,525.198181,152.637436,0.165912,179.988159,768,False,True,154,1675,True,
231,/kuka/axis_move/feedback_json,std_msgs/msg/String,2026-08-27T21:41:47.840215-04:00,1787881307,840204766,1787881307840204766,127.956233,,,,8826,8825,1,0,0,8826,AxisTarget,1,True,True,True,True,7.983407,-69.239853,105.545143,0.064043,53.515312,-21.18284,540.788818,-75.270905,525.079712,151.021667,0.178867,179.985703,768,False,True,154,1675,True,
232,/kuka/axis_move/feedback_json,std_msgs/msg/String,2026-08-27T21:41:47.966922-04:00,1787881307,966886815,1787881307966886815,126.682049,,,,8827,8826,1,0,0,8827,AxisTarget,1,True,True,True,False,9.262242,-69.572281,106.051208,0.068541,53.333309,-21.576458,536.004456,-86.659088,524.947632,149.380157,0.191995,179.983032,768,False,True,154,1676,True,
233,/kuka/axis_move/feedback_json,std_msgs/msg/String,2026-08-27T21:41:48.095257-04:00,1787881308,95234544,1787881308095234544,128.347729,,,,8828,8827,1,0,0,8828,AxisTarget,1,True,True,True,True,10.47141,-69.88105,106.513092,0.072695,53.168232,-21.928207,531.076782,-97.65065,524.806946,147.771332,0.204843,179.980225,768,False,True,154,1676,True,
234,/kuka/axis_move/feedback_json,std_msgs/msg/String,2026-08-27T21:41:48.220950-04:00,1787881308,220921064,1787881308220921064,125.68652,,,,8829,8828,1,0,0,8829,AxisTarget,1,True,True,True,False,11.701446,-70.200729,106.999374,0.077146,52.989136,-22.314701,526.197632,-107.899048,524.663147,146.24791,0.21698,179.977386,768,False,True,154,1677,False,
235,/kuka/axis_move/feedback_json,std_msgs/msg/String,2026-08-27T21:41:48.346078-04:00,1787881308,346059449,1787881308346059449,125.138385,,,,8830,8829,1,0,0,8830,AxisTarget,1,True,True,True,True,12.675086,-70.450317,107.374809,0.080562,52.847866,-22.618284,521.722839,-116.811203,524.527222,144.903442,0.227658,179.974777,768,False,True,154,1677,False,
236,/kuka/axis_move/feedback_json,std_msgs/msg/String,2026-08-27T21:41:48.473942-04:00,1787881308,473914788,1787881308473914788,127.855339,,,,8831,8830,1,0,0,8831,AxisTarget,1,True,True,True,False,13.680513,-70.706985,107.758202,0.08399,52.716717,-22.896448,517.232788,-125.337631,524.388184,143.598785,0.237999,179.972092,768,False,True,154,1677,False,
237,/kuka/axis_move/feedback_json,std_msgs/msg/String,2026-08-27T21:41:48.602723-04:00,1787881308,602688135,1787881308602688135,128.773347,,,,8832,8831,1,0,0,8832,AxisTarget,1,True,True,True,False,14.432214,-70.89933,108.046242,0.086561,52.613796,-23.115162,513.684631,-131.80809,524.276611,142.596054,0.245954,179.969925,768,False,True,154,1677,False,
238,/kuka/axis_move/feedback_json,std_msgs/msg/String,2026-08-27T21:41:48.727599-04:00,1787881308,727586500,1787881308727586500,124.898365,,,,8833,8832,1,0,0,8833,AxisTarget,1,True,True,True,False,14.722825,-70.970169,108.147118,0.0874,52.581497,-23.179909,512.088867,-134.64682,524.225586,142.152573,0.249451,179.968933,768,False,True,154,1677,False,
239,/kuka/axis_move/feedback_json,std_msgs/msg/String,2026-08-27T21:41:49.234865-04:00,1787881309,234838971,1787881309234838971,507.252471,,,,8834,8833,1,0,0,8834,AxisTarget,1,True,True,True,False,14.7238,-70.970299,108.147202,0.0874,52.581501,-23.179899,512.07666,-134.668381,524.22522,142.1492,0.249474,179.968933,769,False,True,155,1681,True,
240,/kuka/axis_move/feedback_json,std_msgs/msg/String,2026-08-27T21:41:49.364942-04:00,1787881309,364911553,1787881309364911553,130.072582,,,,8835,8834,1,0,0,8835,AxisTarget,1,True,True,True,True,14.723372,-70.954178,108.159142,0.087499,52.535,-23.179697,512.084229,-134.668228,524.135437,142.14949,0.24915,179.969086,769,False,True,155,1682,True,
241,/kuka/axis_move/feedback_json,std_msgs/msg/String,2026-08-27T21:41:49.494026-04:00,1787881309,493998602,1787881309493998602,129.087049,,,,8836,8835,1,0,0,8836,AxisTarget,1,True,True,True,False,14.718757,-70.8022,108.255447,0.088085,52.29343,-23.178757,512.231567,-134.66423,522.34375,142.155472,0.242672,179.972107,769,False,True,155,1682,True,
242,/kuka/axis_move/feedback_json,std_msgs/msg/String,2026-08-27T21:41:49.619105-04:00,1787881309,619083220,1787881309619083220,125.084618,,,,8837,8836,1,0,0,8837,AxisTarget,1,True,True,True,False,14.713591,-70.644432,108.354134,0.088692,52.044891,-23.17775,512.388672,-134.657944,520.344482,142.162155,0.235488,179.975449,769,False,True,155,1683,True,
243,/kuka/axis_move/feedback_json,std_msgs/msg/String,2026-08-27T21:41:49.743002-04:00,1787881309,742973473,1787881309742973473,123.890253,,,,8838,8837,1,0,0,8838,AxisTarget,1,True,True,True,True,14.708744,-70.4916,108.449722,0.08928,51.804119,-23.176769,512.537781,-134.649612,518.346741,142.168869,0.228321,179.978775,769,False,True,155,1683,True,
244,/kuka/axis_move/feedback_json,std_msgs/msg/String,2026-08-27T21:41:49.867235-04:00,1787881309,867201008,1787881309867201008,124.227535,,,,8839,8838,1,0,0,8839,AxisTarget,1,True,True,True,False,14.703897,-70.338776,108.545319,0.089867,51.563343,-23.175787,512.674683,-134.639526,516.41272,142.175369,0.221378,179.981995,769,False,True,155,1683,True,
245,/kuka/axis_move/feedback_json,std_msgs/msg/String,2026-08-27T21:41:49.990946-04:00,1787881309,990923226,1787881309990923226,123.722218,,,,8840,8839,1,0,0,8840,AxisTarget,1,True,True,True,False,14.699053,-70.185944,108.6409,0.090447,51.322571,-23.174801,512.80011,-134.627884,514.542358,142.181656,0.21466,179.985092,769,False,True,155,1683,True,
246,/kuka/axis_move/feedback_json,std_msgs/msg/String,2026-08-27T21:41:50.114627-04:00,1787881310,114597189,1787881310114597189,123.673963,,,,8841,8840,1,0,0,8841,AxisTarget,1,True,True,True,False,14.694367,-70.038048,108.733398,0.091003,51.089565,-23.173811,512.922424,-134.613953,512.611084,142.188156,0.207723,179.988297,769,False,True,155,1683,True,
247,/kuka/axis_move/feedback_json,std_msgs/msg/String,2026-08-27T21:41:50.238729-04:00,1787881310,238712126,1787881310238712126,124.114937,,,,8842,8841,1,0,0,8842,AxisTarget,1,True,True,True,False,14.689526,-69.885216,108.828972,0.091574,50.848789,-23.172852,513.037292,-134.598038,510.681152,142.194656,0.200786,179.991486,769,False,True,155,1684,True,
248,/kuka/axis_move/feedback_json,std_msgs/msg/String,2026-08-27T21:41:50.362574-04:00,1787881310,362553332,1787881310362553332,123.841206,,,,8843,8842,1,0,0,8843,AxisTarget,1,True,True,True,True,14.684528,-69.727463,108.927635,0.092164,50.60025,-23.171827,513.144836,-134.58017,508.752686,142.201157,0.193847,179.994659,769,False,True,155,1684,True,
249,/kuka/axis_move/feedback_json,std_msgs/msg/String,2026-08-27T21:41:50.489801-04:00,1787881310,489772168,1787881310489772168,127.218836,,,,8844,8843,1,0,0,8844,AxisTarget,1,True,True,True,False,14.679688,-69.574631,109.023209,0.092737,50.359478,-23.170835,513.247986,-134.559662,506.763489,142.20787,0.186683,179.99794,769,False,True,155,1684,True,
250,/kuka/axis_move/feedback_json,std_msgs/msg/String,2026-08-27T21:41:50.618575-04:00,1787881310,618547958,1787881310618547958,128.77579,,,,8845,8844,1,0,0,8845,AxisTarget,1,True,True,True,False,14.674844,-69.416878,109.121872,0.093332,50.110935,-23.169813,513.340454,-134.537781,504.837952,142.214386,0.17974,-179.998871,769,False,True,155,1684,True,
251,/kuka/axis_move/feedback_json,std_msgs/msg/String,2026-08-27T21:41:50.747118-04:00,1787881310,747107292,1787881310747107292,128.559334,,,,8846,8845,1,0,0,8846,AxisTarget,1,True,True,True,False,14.669529,-69.254189,109.223618,0.093949,49.85463,-23.168762,513.430725,-134.512344,502.789825,142.221329,0.172347,-179.995499,769,False,True,155,1684,True,
252,/kuka/axis_move/feedback_json,std_msgs/msg/String,2026-08-27T21:41:50.872781-04:00,1787881310,872754507,1787881310872754507,125.647215,,,,8847,8846,1,0,0,8847,AxisTarget,1,True,True,True,False,14.664681,-69.101357,109.319199,0.094534,49.613857,-23.167776,513.510315,-134.485535,500.805389,142.228058,0.165176,-179.992218,769,False,True,155,1684,True,
253,/kuka/axis_move/feedback_json,std_msgs/msg/String,2026-08-27T21:41:51.002303-04:00,1787881311,2275220,1787881311002275220,129.520713,,,,8848,8847,1,0,0,8848,AxisTarget,1,True,True,True,False,14.659676,-68.943642,109.417816,0.095139,49.365669,-23.166761,513.579956,-134.457565,498.884583,142.234589,0.158226,-179.989044,769,False,True,155,1684,True,
254,/kuka/axis_move/feedback_json,std_msgs/msg/String,2026-08-27T21:41:51.130896-04:00,1787881311,130873192,1787881311130873192,128.597972,,,,8849,8848,1,0,0,8849,AxisTarget,1,True,True,True,False,14.655093,-68.799644,109.507652,0.095691,49.140244,-23.16584,513.641174,-134.428192,496.998169,142.240997,0.151393,-179.985931,769,False,True,155,1685,True,
255,/kuka/axis_move/feedback_json,std_msgs/msg/String,2026-08-27T21:41:51.256346-04:00,1787881311,256334824,1787881311256334824,125.461632,,,,8850,8849,1,0,0,8850,AxisTarget,1,True,True,True,True,14.650196,-68.644943,109.604652,0.096289,48.894787,-23.164835,513.694763,-134.397324,495.135498,142.247345,0.144639,-179.982849,769,False,True,155,1685,True,
256,/kuka/axis_move/feedback_json,std_msgs/msg/String,2026-08-27T21:41:51.378462-04:00,1787881311,378440235,1787881311378440235,122.105411,,,,8851,8850,1,0,0,8851,AxisTarget,1,True,True,True,False,14.645346,-68.492111,109.700233,0.096877,48.654015,-23.163851,513.74408,-134.362518,493.157715,142.254089,0.137459,-179.979584,769,False,True,155,1685,True,
257,/kuka/axis_move/feedback_json,std_msgs/msg/String,2026-08-27T21:41:51.506636-04:00,1787881311,506603894,1787881311506603894,128.163659,,,,8852,8851,1,0,0,8852,AxisTarget,1,True,True,True,False,14.640496,-68.339287,109.795815,0.097464,48.413239,-23.162867,513.784485,-134.326859,491.243469,142.260635,0.130501,-179.976425,769,False,True,155,1685,True,
258,/kuka/axis_move/feedback_json,std_msgs/msg/String,2026-08-27T21:41:51.630905-04:00,1787881311,630882071,1787881311630882071,124.278177,,,,8853,8852,1,0,0,8853,AxisTarget,1,True,True,True,False,14.635647,-68.186455,109.894485,0.098069,48.1647,-23.161852,513.817505,-134.289276,489.330933,142.267166,0.123539,-179.973282,769,False,True,155,1685,True,
259,/kuka/axis_move/feedback_json,std_msgs/msg/String,2026-08-27T21:41:51.754827-04:00,1787881311,754810665,1787881311754810665,123.928594,,,,8854,8853,1,0,0,8854,AxisTarget,1,True,True,True,False,14.630643,-68.028694,109.990067,0.098653,47.923927,-23.16087,513.843323,-134.249786,487.420135,142.273697,0.116573,-179.970123,769,False,True,155,1685,True,
260,/kuka/axis_move/feedback_json,std_msgs/msg/String,2026-08-27T21:41:51.882971-04:00,1787881311,882949307,1787881311882949307,128.138642,,,,8855,8854,1,0,0,8855,AxisTarget,1,True,True,True,False,14.625795,-67.87587,110.085655,0.099235,47.683151,-23.159887,513.862244,-134.207016,485.449554,142.280441,0.109378,-179.966888,769,False,True,155,1685,True,
261,/kuka/axis_move/feedback_json,std_msgs/msg/String,2026-08-27T21:41:52.009565-04:00,1787881312,9543017,1787881312009543017,126.59371,,,,8856,8855,1,0,0,8856,AxisTarget,1,True,True,True,False,14.620793,-67.718109,110.184326,0.099835,47.434612,-23.158875,513.873413,-134.162231,483.480896,142.287186,0.102179,-179.963654,769,False,True,155,1685,True,
262,/kuka/axis_move/feedback_json,std_msgs/msg/String,2026-08-27T21:41:52.134297-04:00,1787881312,134274387,1787881312134274387,124.73137,,,,8857,8856,1,0,0,8857,AxisTarget,1,True,True,True,False,14.615791,-67.560349,110.282997,0.100433,47.186073,-23.157862,513.876892,-134.115433,481.514191,142.29393,0.094977,-179.960419,769,False,True,155,1686,True,
263,/kuka/axis_move/feedback_json,std_msgs/msg/String,2026-08-27T21:41:52.263969-04:00,1787881312,263948256,1787881312263948256,129.673869,,,,8858,8857,1,0,0,8858,AxisTarget,1,True,True,True,True,14.610946,-67.407516,110.378586,0.101012,46.945297,-23.156881,513.872864,-134.068176,479.61087,142.300461,0.087997,-179.957291,769,False,True,155,1686,True,
264,/kuka/axis_move/feedback_json,std_msgs/msg/String,2026-08-27T21:41:52.390720-04:00,1787881312,390695027,1787881312390695027,126.746771,,,,8859,8858,1,0,0,8859,AxisTarget,1,True,True,True,False,14.605945,-67.249756,110.477257,0.10161,46.696758,-23.155869,513.861145,-134.01741,477.648163,142.30722,0.08079,-179.954071,769,False,True,155,1686,True,
265,/kuka/axis_move/feedback_json,std_msgs/msg/String,2026-08-27T21:41:52.514860-04:00,1787881312,514830843,1787881312514830843,124.135816,,,,8860,8859,1,0,0,8860,AxisTarget,1,True,True,True,False,14.600944,-67.091995,110.575928,0.102208,46.448219,-23.154858,513.842407,-133.966309,475.748749,142.313751,0.073806,-179.950943,769,False,True,155,1686,True,
266,/kuka/axis_move/feedback_json,std_msgs/msg/String,2026-08-27T21:41:52.639368-04:00,1787881312,639338804,1787881312639338804,124.507961,,,,8861,8860,1,0,0,8861,AxisTarget,1,True,True,True,False,14.596254,-66.939171,110.671516,0.102786,46.207443,-23.153877,513.816528,-133.91333,473.851288,142.320297,0.06682,-179.947845,769,False,True,155,1686,True,
267,/kuka/axis_move/feedback_json,std_msgs/msg/String,2026-08-27T21:41:52.762896-04:00,1787881312,762872924,1787881312762872924,123.53412,,,,8862,8861,1,0,0,8862,AxisTarget,1,True,True,True,False,14.591251,-66.786339,110.767113,0.103364,45.966671,-23.152901,513.783386,-133.858475,471.955872,142.326828,0.059832,-179.944733,769,False,True,155,1686,True,
268,/kuka/axis_move/feedback_json,std_msgs/msg/String,2026-08-27T21:41:52.887825-04:00,1787881312,887814176,1787881312887814176,124.941252,,,,8863,8862,1,0,0,8863,AxisTarget,1,True,True,True,False,14.586405,-66.633514,110.862701,0.103941,45.725899,-23.151928,513.743103,-133.801727,470.0625,142.333374,0.052844,-179.941635,769,False,True,155,1686,True,
269,/kuka/axis_move/feedback_json,std_msgs/msg/String,2026-08-27T21:41:53.013020-04:00,1787881313,12989997,1787881313012989997,125.175821,,,,8864,8863,1,0,0,8864,AxisTarget,1,True,True,True,False,14.581557,-66.480698,110.958298,0.104516,45.485123,-23.150955,513.693909,-133.741196,468.110199,142.340118,0.045628,-179.938431,769,False,True,155,1686,True,
270,/kuka/axis_move/feedback_json,std_msgs/msg/String,2026-08-27T21:41:53.138878-04:00,1787881313,138846937,1787881313138846937,125.85694,,,,8865,8864,1,0,0,8865,AxisTarget,1,True,True,True,True,14.57671,-66.327873,111.053894,0.105092,45.24435,-23.149986,513.639038,-133.680664,466.221069,142.346649,0.038636,-179.935349,769,False,True,155,1687,False,
271,/kuka/axis_move/feedback_json,std_msgs/msg/String,2026-08-27T21:41:53.267071-04:00,1787881313,267026304,1787881313267026304,128.179367,,,,8866,8865,1,0,0,8866,AxisTarget,1,True,True,True,False,14.571705,-66.170128,111.155655,0.105704,44.988045,-23.148952,513.57489,-133.616241,464.273224,142.353409,0.031417,-179.932159,769,False,True,155,1687,False,
272,/kuka/axis_move/feedback_json,std_msgs/msg/String,2026-08-27T21:41:53.391005-04:00,1787881313,390967389,1787881313390967389,123.941085,,,,8867,8866,1,0,0,8867,AxisTarget,1,True,True,True,False,14.566701,-66.012375,111.251251,0.10628,44.747269,-23.147982,513.503174,-133.549835,462.327667,142.360153,0.024195,-179.928986,769,False,True,155,1687,False,
273,/kuka/axis_move/feedback_json,std_msgs/msg/String,2026-08-27T21:41:53.514600-04:00,1787881313,514577825,1787881313514577825,123.610436,,,,8868,8867,1,0,0,8868,AxisTarget,1,True,True,True,False,14.56185,-65.859558,111.34684,0.10686,44.506496,-23.147003,513.429077,-133.485794,460.505829,142.366501,0.017424,-179.92601,769,False,True,155,1687,False,
274,/kuka/axis_move/feedback_json,std_msgs/msg/String,2026-08-27T21:41:53.638821-04:00,1787881313,638801709,1787881313638801709,124.223884,,,,8869,8868,1,0,0,8869,AxisTarget,1,True,True,True,False,14.556995,-65.706726,111.442429,0.107448,44.265724,-23.146013,513.342712,-133.415573,458.564789,142.373291,0.010203,-179.922836,769,False,True,155,1687,False,
275,/kuka/axis_move/feedback_json,std_msgs/msg/String,2026-08-27T21:41:53.762811-04:00,1787881313,762785725,1787881313762785725,123.984016,,,,8870,8869,1,0,0,8870,AxisTarget,1,True,True,True,False,14.552397,-65.558372,111.53479,0.108018,44.035267,-23.145063,513.256287,-133.348953,456.77356,142.379578,0.003531,-179.919907,769,False,True,155,1687,False,
276,/kuka/axis_move/feedback_json,std_msgs/msg/String,2026-08-27T21:41:53.889235-04:00,1787881313,889212101,1787881313889212101,126.426376,,,,8871,8870,1,0,0,8871,AxisTarget,1,True,True,True,False,14.547651,-65.412773,111.626266,0.108589,43.802624,-23.144094,513.161804,-133.279495,454.954468,142.385971,-0.003254,-179.916916,769,False,True,155,1687,False,
277,/kuka/axis_move/feedback_json,std_msgs/msg/String,2026-08-27T21:41:54.019054-04:00,1787881314,19035064,1787881314019035064,129.822963,,,,8872,8871,1,0,0,8872,AxisTarget,1,True,True,True,False,14.542798,-65.255013,111.72493,0.109186,43.554081,-23.143068,513.057373,-133.206116,453.08078,142.392563,-0.010253,-179.913864,769,False,True,155,1687,False,
278,/kuka/axis_move/feedback_json,std_msgs/msg/String,2026-08-27T21:41:54.146961-04:00,1787881314,146930383,1787881314146930383,127.895319,,,,8873,8872,1,0,0,8873,AxisTarget,1,True,True,True,False,14.537759,-65.101501,111.820221,0.109712,43.313705,-23.142103,512.939941,-133.127121,451.111847,142.399429,-0.01762,-179.91069,769,False,True,155,1687,False,
279,/kuka/axis_move/feedback_json,std_msgs/msg/String,2026-08-27T21:41:54.272965-04:00,1787881314,272934633,1787881314272934633,126.00425,,,,8874,8873,1,0,0,8874,AxisTarget,1,True,True,True,False,14.5366,-65.068802,111.838303,0.1098,43.284,-23.142,512.905579,-133.104599,450.559753,142.401352,-0.019688,-179.909805,769,False,True,155,1687,False,
280,/kuka/axis_move/feedback_json,std_msgs/msg/String,2026-08-27T21:41:54.402405-04:00,1787881314,402399249,1787881314402399249,129.464616,,,,8875,8874,1,0,0,8875,AxisTarget,1,True,True,True,False,14.5366,-65.068802,111.838303,0.1098,43.284,-23.142,512.905579,-133.104599,450.559753,142.401352,-0.019688,-179.909805,769,False,True,155,1687,False,
281,/kuka/axis_move/feedback_json,std_msgs/msg/String,2026-08-27T21:41:54.530433-04:00,1787881314,530404675,1787881314530404675,128.005426,,,,8876,8875,1,0,0,8876,AxisTarget,1,True,True,True,False,14.5366,-65.068802,111.838303,0.1098,43.284,-23.142,512.905579,-133.104599,450.559753,142.401352,-0.019688,-179.909805,769,False,True,155,1687,False,
282,/kuka/axis_move/feedback_json,std_msgs/msg/String,2026-08-27T21:41:54.659122-04:00,1787881314,659090664,1787881314659090664,128.685989,,,,8877,8876,1,0,0,8877,AxisTarget,1,True,True,True,False,14.5366,-65.068802,111.838303,0.1098,43.284,-23.142,512.905579,-133.104599,450.559753,142.401352,-0.019688,-179.909805,769,False,True,155,1687,False,
283,/kuka/axis_move/feedback_json,std_msgs/msg/String,2026-08-27T21:41:54.782343-04:00,1787881314,782337093,1787881314782337093,123.246429,,,,8878,8877,1,0,0,8878,AxisTarget,1,True,True,True,False,14.5366,-65.068802,111.838303,0.1098,43.284,-23.142,512.905579,-133.104599,450.559753,142.401352,-0.019688,-179.909805,769,False,True,155,1687,False,
284,/kuka/axis_move/feedback_json,std_msgs/msg/String,2026-08-27T21:41:54.911013-04:00,1787881314,910985822,1787881314910985822,128.648729,,,,8879,8878,1,0,0,8879,AxisTarget,1,True,True,True,False,14.5366,-65.068802,111.838303,0.1098,43.284,-23.142,512.905579,-133.104599,450.559753,142.401352,-0.019688,-179.909805,769,False,True,155,1687,False,
285,/kuka/axis_move/feedback_json,std_msgs/msg/String,2026-08-27T21:41:55.039069-04:00,1787881315,39033347,1787881315039033347,128.047525,,,,8880,8879,1,0,0,8880,AxisTarget,1,True,True,True,False,14.5366,-65.068802,111.838303,0.1098,43.284,-23.142,512.905579,-133.104599,450.559753,142.401352,-0.019688,-179.909805,769,False,True,155,1687,False,
286,/kuka/axis_move/feedback_json,std_msgs/msg/String,2026-08-27T21:41:55.162757-04:00,1787881315,162735624,1787881315162735624,123.702277,,,,8881,8880,1,0,0,8881,AxisTarget,1,True,True,True,False,14.5366,-65.068802,111.838303,0.1098,43.284,-23.142,512.905579,-133.104599,450.559753,142.401352,-0.019688,-179.909805,769,False,True,155,1687,False,
287,/kuka/axis_move/feedback_json,std_msgs/msg/String,2026-08-27T21:41:55.378454-04:00,1787881315,378437856,1787881315378437856,215.702232,,,,8882,8881,1,0,0,8882,AxisTarget,1,False,True,False,False,14.5366,-65.068802,111.838303,0.1098,43.284,-23.142,512.905579,-133.104599,450.559753,142.401352,-0.019688,-179.909805,770,False,True,155,1687,False,
288,/kuka/axis_move/feedback_json,std_msgs/msg/String,2026-08-27T21:41:55.604931-04:00,1787881315,604909954,1787881315604909954,226.472098,,,,8883,8882,1,0,0,8883,AxisTarget,1,False,True,False,False,14.5366,-65.068802,111.838303,0.1098,43.284,-23.142,512.905579,-133.104599,450.559753,142.401352,-0.019688,-179.909805,771,False,True,155,1687,False,
289,/kuka/axis_move/feedback_json,std_msgs/msg/String,2026-08-27T21:41:55.734976-04:00,1787881315,734939842,1787881315734939842,130.029888,,,,8884,8883,1,0,0,8884,AxisTarget,1,False,True,False,False,14.5366,-65.068802,111.838303,0.1098,43.284,-23.142,512.905579,-133.104599,450.559753,142.401352,-0.019688,-179.909805,771,False,True,155,1687,False,
290,/kuka/axis_move/feedback_json,std_msgs/msg/String,2026-08-27T21:41:55.864439-04:00,1787881315,864427216,1787881315864427216,129.487374,,,,8885,8884,1,0,0,8885,AxisTarget,1,False,True,False,False,14.5366,-65.068802,111.838303,0.1098,43.284,-23.142,512.905579,-133.104599,450.559753,142.401352,-0.019688,-179.909805,771,False,True,155,1687,False,
291,/kuka/axis_move/feedback_json,std_msgs/msg/String,2026-08-27T21:41:55.986950-04:00,1787881315,986914308,1787881315986914308,122.487092,,,,8886,8885,1,0,0,8886,AxisTarget,1,False,True,False,False,14.5366,-65.068802,111.838303,0.1098,43.284,-23.142,512.905579,-133.104599,450.559753,142.401352,-0.019688,-179.909805,771,False,True,155,1687,False,
292,/kuka/axis_move/feedback_json,std_msgs/msg/String,2026-08-27T21:41:56.206795-04:00,1787881316,206773707,1787881316206773707,219.859399,,,,8887,8886,1,0,0,8887,AxisTarget,1,False,True,False,False,14.5366,-65.068802,111.838303,0.1098,43.284,-23.142,512.905579,-133.104599,450.559753,142.401352,-0.019688,-179.909805,772,False,True,155,1687,False,
293,/kuka/axis_move/feedback_json,std_msgs/msg/String,2026-08-27T21:41:56.735109-04:00,1787881316,735097762,1787881316735097762,528.324055,,,,8888,8887,1,0,0,8888,AxisTarget,1,False,True,False,False,14.5366,-65.068802,111.838303,0.1098,43.284,-23.142,512.905579,-133.104599,450.559753,142.401352,-0.019688,-179.909805,773,False,True,156,1691,True,
294,/kuka/axis_move/feedback_json,std_msgs/msg/String,2026-08-27T21:41:56.870595-04:00,1787881316,870572575,1787881316870572575,135.474813,,,,8889,8888,1,0,0,8889,AxisTarget,1,True,True,True,True,14.5366,-65.072113,111.83564,0.109582,43.298199,-23.142044,512.906067,-133.104706,450.569183,142.401337,-0.019727,-179.90979,773,False,True,156,1692,True,
295,/kuka/axis_move/feedback_json,std_msgs/msg/String,2026-08-27T21:41:56.999011-04:00,1787881316,998994628,1787881316998994628,128.422053,,,,8890,8889,1,0,0,8890,AxisTarget,1,True,True,True,False,14.536602,-65.198517,111.755455,0.103162,43.518055,-23.14259,512.984253,-133.120148,451.907257,142.396851,-0.021909,-179.912506,773,False,True,156,1692,True,
296,/kuka/axis_move/feedback_json,std_msgs/msg/String,2026-08-27T21:41:57.126436-04:00,1787881317,126418759,1787881317126418759,127.424131,,,,8891,8890,1,0,0,8891,AxisTarget,1,True,True,True,False,14.536655,-65.346756,111.664093,0.096058,43.758827,-23.143135,513.08429,-133.139908,453.71579,142.390808,-0.024791,-179.916275,773,False,True,156,1692,True,
297,/kuka/axis_move/feedback_json,std_msgs/msg/String,2026-08-27T21:41:57.256665-04:00,1787881317,256647898,1787881317256647898,130.229139,,,,8892,8891,1,0,0,8892,AxisTarget,1,True,True,True,True,14.536742,-65.499771,111.569786,0.088741,44.007366,-23.143684,513.180664,-133.158844,455.584869,142.384598,-0.027776,-179.920181,773,False,True,156,1693,True,
298,/kuka/axis_move/feedback_json,std_msgs/msg/String,2026-08-27T21:41:57.381955-04:00,1787881317,381948485,1787881317381948485,125.300587,,,,8893,8892,1,0,0,8893,AxisTarget,1,True,True,True,False,14.536826,-65.652786,111.475479,0.081424,44.255909,-23.144236,513.272766,-133.176376,457.514679,142.37825,-0.030874,-179.924255,773,False,True,156,1693,True,
299,/kuka/axis_move/feedback_json,std_msgs/msg/String,2026-08-27T21:41:57.514782-04:00,1787881317,514746632,1787881317514746632,132.798147,,,,8894,8893,1,0,0,8894,AxisTarget,1,True,True,True,False,14.536901,-65.805801,111.37822,0.073876,44.512215,-23.144814,513.354919,-133.191376,459.388275,142.372147,-0.033898,-179.928253,773,False,True,156,1693,True,
300,/kuka/axis_move/feedback_json,std_msgs/msg/String,2026-08-27T21:41:57.647051-04:00,1787881317,647040707,1787881317647040707,132.294075,,,,8895,8894,1,0,0,8895,AxisTarget,1,True,True,True,False,14.536963,-65.963608,111.283913,0.066326,44.768497,-23.145399,513.430054,-133.204361,461.264038,142.366089,-0.03694,-179.932297,773,False,True,156,1693,True,
301,/kuka/axis_move/feedback_json,std_msgs/msg/String,2026-08-27T21:41:57.775092-04:00,1787881317,775082943,1787881317775082943,128.042236,,,,8896,8895,1,0,0,8896,AxisTarget,1,True,True,True,False,14.537013,-66.112373,111.192368,0.059456,45.008965,-23.145954,513.498779,-133.215454,463.158936,142.360016,-0.040028,-179.936417,773,False,True,156,1694,True,
302,/kuka/axis_move/feedback_json,std_msgs/msg/String,2026-08-27T21:41:57.898207-04:00,1787881317,898201495,1787881317898201495,123.118552,,,,8897,8896,1,0,0,8897,AxisTarget,1,True,True,True,True,14.537064,-66.259422,111.101608,0.0524,45.241219,-23.146488,513.557251,-133.224197,464.955048,142.354309,-0.04297,-179.940353,773,False,True,156,1694,True,
303,/kuka/axis_move/feedback_json,std_msgs/msg/String,2026-08-27T21:41:58.026581-04:00,1787881318,26558372,1787881318026558372,128.356877,,,,8898,8897,1,0,0,8898,AxisTarget,1,True,True,True,False,14.537116,-66.412445,111.007309,0.045078,45.489758,-23.14706,513.609924,-133.231277,466.778259,142.348557,-0.04597,-179.944397,773,False,True,156,1694,True,
304,/kuka/axis_move/feedback_json,std_msgs/msg/String,2026-08-27T21:41:58.154585-04:00,1787881318,154564075,1787881318154564075,128.005703,,,,8899,8898,1,0,0,8899,AxisTarget,1,True,True,True,False,14.53717,-66.565468,110.910057,0.03753,45.746067,-23.147652,513.658691,-133.236877,468.721191,142.342499,-0.049184,-179.94873,773,False,True,156,1694,True,
305,/kuka/axis_move/feedback_json,std_msgs/msg/String,2026-08-27T21:41:58.278791-04:00,1787881318,278704273,1787881318278704273,124.140198,,,,8900,8899,1,0,0,8900,AxisTarget,1,True,True,True,False,14.537226,-66.713707,110.821655,0.030441,45.986839,-23.148205,513.697632,-133.240311,470.54834,142.336838,-0.052224,-179.952835,773,False,True,156,1694,True,
306,/kuka/axis_move/feedback_json,std_msgs/msg/String,2026-08-27T21:41:58.406269-04:00,1787881318,406263229,1787881318406263229,127.558956,,,,8901,8900,1,0,0,8901,AxisTarget,1,True,True,True,False,14.537285,-66.86673,110.727364,0.023355,46.227612,-23.148758,513.730774,-133.241989,472.436371,142.331039,-0.055382,-179.957123,773,False,True,156,1694,True,
307,/kuka/axis_move/feedback_json,std_msgs/msg/String,2026-08-27T21:41:58.532705-04:00,1787881318,532690798,1787881318532690798,126.427569,,,,8902,8901,1,0,0,8902,AxisTarget,1,True,True,True,False,14.537346,-67.019753,110.633072,0.016043,46.476124,-23.149328,513.756775,-133.241791,474.326355,142.325287,-0.058559,-179.961441,773,False,True,156,1694,True,
308,/kuka/axis_move/feedback_json,std_msgs/msg/String,2026-08-27T21:41:58.660545-04:00,1787881318,660527385,1787881318660527385,127.836587,,,,8903,8902,1,0,0,8903,AxisTarget,1,True,True,True,False,14.537405,-67.166771,110.54261,0.009037,46.71397,-23.149872,513.774658,-133.239868,476.09671,142.319946,-0.06155,-179.965515,773,False,True,156,1695,True,
309,/kuka/axis_move/feedback_json,std_msgs/msg/String,2026-08-27T21:41:58.790756-04:00,1787881318,790734187,1787881318790734187,130.206802,,,,8904,8903,1,0,0,8904,AxisTarget,1,True,True,True,True,14.537464,-67.313217,110.449295,0.00179,46.960575,-23.150438,513.786682,-133.236053,477.95639,142.314392,-0.064705,-179.969833,773,False,True,156,1695,True,
310,/kuka/axis_move/feedback_json,std_msgs/msg/String,2026-08-27T21:41:58.919334-04:00,1787881318,919322520,1787881318919322520,128.588333,,,,8905,8904,1,0,0,8905,AxisTarget,1,True,True,True,False,14.537528,-67.471024,110.355003,-0.005522,47.209114,-23.151009,513.791931,-133.230042,479.911224,142.308594,-0.068037,-179.974396,773,False,True,156,1695,True,
311,/kuka/axis_move/feedback_json,std_msgs/msg/String,2026-08-27T21:41:59.042840-04:00,1787881319,42811320,1787881319042811320,123.4888,,,,8906,8905,1,0,0,8906,AxisTarget,1,True,True,True,False,14.53759,-67.624046,110.260712,-0.012836,47.457657,-23.151579,513.789856,-133.222549,481.74939,142.303207,-0.071182,-179.978729,773,False,True,156,1695,True,
312,/kuka/axis_move/feedback_json,std_msgs/msg/String,2026-08-27T21:41:59.167145-04:00,1787881319,167139344,1787881319167139344,124.328024,,,,8907,8906,1,0,0,8907,AxisTarget,1,True,True,True,False,14.537649,-67.772285,110.169365,-0.019922,47.698429,-23.152132,513.780701,-133.212921,483.648651,142.297684,-0.074444,-179.983246,773,False,True,156,1695,True,
313,/kuka/axis_move/feedback_json,std_msgs/msg/String,2026-08-27T21:41:59.299190-04:00,1787881319,299185253,1787881319299185253,132.045909,,,,8908,8907,1,0,0,8908,AxisTarget,1,True,True,True,False,14.537708,-67.920532,110.078011,-0.02701,47.939201,-23.152685,513.765015,-133.201752,485.490295,142.292374,-0.077619,-179.987656,773,False,True,156,1695,True,
314,/kuka/axis_move/feedback_json,std_msgs/msg/String,2026-08-27T21:41:59.423411-04:00,1787881319,423399453,1787881319423399453,124.2142,,,,8909,8908,1,0,0,8909,AxisTarget,1,True,True,True,False,14.53777,-68.078331,109.980766,-0.034557,48.195511,-23.153273,513.740845,-133.187866,487.452576,142.286774,-0.081013,-179.992386,773,False,True,156,1695,True,
315,/kuka/axis_move/feedback_json,std_msgs/msg/String,2026-08-27T21:41:59.547348-04:00,1787881319,547337317,1787881319547337317,123.937864,,,,8910,8909,1,0,0,8910,AxisTarget,1,True,True,True,False,14.537828,-68.226578,109.889412,-0.041649,48.436283,-23.153826,513.711243,-133.172943,489.297638,142.281555,-0.084217,-179.996887,773,False,True,156,1695,True,
316,/kuka/axis_move/feedback_json,std_msgs/msg/String,2026-08-27T21:41:59.674106-04:00,1787881319,674082716,1787881319674082716,126.745399,,,,8911,8910,1,0,0,8911,AxisTarget,1,True,True,True,False,14.537887,-68.374817,109.798058,-0.048741,48.677055,-23.154379,513.674805,-133.156219,491.144287,142.276382,-0.087435,179.998596,773,False,True,156,1695,True,
317,/kuka/axis_move/feedback_json,std_msgs/msg/String,2026-08-27T21:41:59.799083-04:00,1787881319,799012967,1787881319799012967,124.930251,,,,8912,8911,1,0,0,8912,AxisTarget,1,True,True,True,True,14.537943,-68.518349,109.710121,-0.055528,48.906078,-23.154902,513.633545,-133.138474,492.915466,142.271469,-0.090533,179.994217,773,False,True,156,1696,True,
318,/kuka/axis_move/feedback_json,std_msgs/msg/String,2026-08-27T21:41:59.924722-04:00,1787881319,924698491,1787881319924698491,125.685524,,,,8913,8912,1,0,0,8913,AxisTarget,1,True,True,True,False,14.537994,-68.652969,109.626633,-0.06205,49.128838,-23.155416,513.588135,-133.119904,494.614136,142.2668,-0.093515,179.990005,773,False,True,156,1696,True,
319,/kuka/axis_move/feedback_json,std_msgs/msg/String,2026-08-27T21:42:00.054759-04:00,1787881320,54731305,1787881320054731305,130.032814,,,,8914,8913,1,0,0,8914,AxisTarget,1,True,True,True,False,14.538054,-68.805992,109.532326,-0.069372,49.37738,-23.155987,513.532166,-133.097946,496.464722,142.261765,-0.096776,179.985367,773,False,True,156,1696,True,
320,/kuka/axis_move/feedback_json,std_msgs/msg/String,2026-08-27T21:42:00.183005-04:00,1787881320,182999307,1787881320182999307,128.268002,,,,8915,8914,1,0,0,8915,AxisTarget,1,True,True,True,False,14.538113,-68.959015,109.438019,-0.076694,49.633686,-23.156572,513.465088,-133.072556,498.43692,142.256454,-0.100265,179.980408,773,False,True,156,1696,True,
321,/kuka/axis_move/feedback_json,std_msgs/msg/String,2026-08-27T21:42:00.309754-04:00,1787881320,309749258,1787881320309749258,126.749951,,,,8916,8915,1,0,0,8916,AxisTarget,1,True,True,True,False,14.538169,-69.112038,109.343712,-0.084015,49.874462,-23.157122,513.392639,-133.045929,500.350922,142.251358,-0.103663,179.975555,773,False,True,156,1696,True,
322,/kuka/axis_move/feedback_json,std_msgs/msg/String,2026-08-27T21:42:00.438444-04:00,1787881320,438433019,1787881320438433019,128.683761,,,,8917,8916,1,0,0,8917,AxisTarget,1,True,True,True,False,14.538223,-69.26506,109.249405,-0.091335,50.123001,-23.157682,513.315491,-133.018265,502.206604,142.246475,-0.106969,179.970825,773,False,True,156,1696,True,
323,/kuka/axis_move/feedback_json,std_msgs/msg/String,2026-08-27T21:42:00.566728-04:00,1787881320,566704828,1787881320566704828,128.271809,,,,8918,8917,1,0,0,8918,AxisTarget,1,True,True,True,False,14.538275,-69.418083,109.155098,-0.098654,50.37154,-23.158241,513.228699,-132.987778,504.123627,142.241486,-0.110397,179.965897,773,False,True,156,1696,True,
324,/kuka/axis_move/feedback_json,std_msgs/msg/String,2026-08-27T21:42:00.690835-04:00,1787881320,690829746,1787881320690829746,124.124918,,,,8919,8918,1,0,0,8919,AxisTarget,1,True,True,True,False,14.538324,-69.571098,109.060806,-0.10597,50.619884,-23.158796,513.134583,-132.955307,506.042114,142.236557,-0.113839,179.960938,773,False,True,156,1697,False,
325,/kuka/axis_move/feedback_json,std_msgs/msg/String,2026-08-27T21:42:00.815455-04:00,1787881320,815443790,1787881320815443790,124.614044,,,,8920,8919,1,0,0,8920,AxisTarget,1,True,True,True,True,14.538367,-69.7033,108.97953,-0.112265,50.833351,-23.159273,513.046082,-132.925232,507.724976,142.232285,-0.116868,179.956558,773,False,True,156,1697,False,
326,/kuka/axis_move/feedback_json,std_msgs/msg/String,2026-08-27T21:42:00.938383-04:00,1787881320,938372799,1787881320938372799,122.929009,,,,8921,8920,1,0,0,8921,AxisTarget,1,True,True,True,False,14.538414,-69.849937,108.888939,-0.119309,51.07296,-23.159809,512.940796,-132.889938,509.601624,142.227554,-0.120259,179.95166,773,False,True,156,1697,False,
327,/kuka/axis_move/feedback_json,std_msgs/msg/String,2026-08-27T21:42:01.065219-04:00,1787881321,65212850,1787881321065212850,126.840051,,,,8922,8921,1,0,0,8922,AxisTarget,1,True,True,True,False,14.53846,-69.993401,108.800529,-0.126398,51.313732,-23.160351,512.83313,-132.854309,511.403961,142.223068,-0.123528,179.946915,773,False,True,156,1697,False,
328,/kuka/axis_move/feedback_json,std_msgs/msg/String,2026-08-27T21:42:01.191451-04:00,1787881321,191440488,1787881321191440488,126.227638,,,,8923,8922,1,0,0,8923,AxisTarget,1,True,True,True,False,14.53851,-70.146423,108.70623,-0.133485,51.554504,-23.160896,512.711121,-132.814392,513.327698,142.218323,-0.127036,179.941833,773,False,True,156,1697,False,
329,/kuka/axis_move/feedback_json,std_msgs/msg/String,2026-08-27T21:42:01.319168-04:00,1787881321,319156601,1787881321319156601,127.716113,,,,8924,8923,1,0,0,8924,AxisTarget,1,True,True,True,False,14.538562,-70.299454,108.611946,-0.140797,51.803043,-23.16147,512.581726,-132.772522,515.252686,142.213638,-0.130567,179.936722,773,False,True,156,1697,False,
330,/kuka/axis_move/feedback_json,std_msgs/msg/String,2026-08-27T21:42:01.442756-04:00,1787881321,442733387,1787881321442733387,123.576786,,,,8925,8924,1,0,0,8925,AxisTarget,1,True,True,True,False,14.538614,-70.452477,108.51767,-0.148108,52.051586,-23.162046,512.449219,-132.730072,517.118713,142.209122,-0.134008,179.931732,773,False,True,156,1697,False,
331,/kuka/axis_move/feedback_json,std_msgs/msg/String,2026-08-27T21:42:01.567040-04:00,1787881321,567028628,1787881321567028628,124.295241,,,,8926,8925,1,0,0,8926,AxisTarget,1,True,True,True,False,14.538665,-70.600723,108.426331,-0.155191,52.292358,-23.162605,512.305176,-132.684326,519.046143,142.204529,-0.137575,179.926559,773,False,True,156,1697,False,
332,/kuka/axis_move/feedback_json,std_msgs/msg/String,2026-08-27T21:42:01.694766-04:00,1787881321,694744020,1787881321694744020,127.715392,,,,8927,8926,1,0,0,8927,AxisTarget,1,True,True,True,False,14.53872,-70.748955,108.334991,-0.162287,52.533131,-23.163172,512.15863,-132.638153,520.91449,142.200104,-0.141053,179.921509,773,False,True,156,1697,False,
333,/kuka/axis_move/feedback_json,std_msgs/msg/String,2026-08-27T21:42:01.823611-04:00,1787881321,823600318,1787881321823600318,128.856298,,,,8928,8927,1,0,0,8928,AxisTarget,1,True,True,True,False,14.538785,-70.899162,108.243011,-0.169395,52.771347,-23.163734,512.001221,-132.588959,522.832031,142.195587,-0.144655,179.91629,773,False,True,156,1697,False,
334,/kuka/axis_move/feedback_json,std_msgs/msg/String,2026-08-27T21:42:02.489178-04:00,1787881322,489166771,1787881322489166771,665.566453,,,,8929,8928,1,0,0,8929,AxisTarget,1,True,True,True,True,14.538797,-70.933899,108.2239,-0.1707,52.810257,-23.163519,511.951141,-132.573364,523.428589,142.194214,-0.145656,179.914612,774,False,True,157,1702,True,
335,/kuka/axis_move/feedback_json,std_msgs/msg/String,2026-08-27T21:42:03.155546-04:00,1787881323,155523413,1787881323155523413,666.356642,,,,8930,8929,1,0,0,8930,AxisTarget,1,True,True,True,True,9.130904,-71.293999,108.120201,-0.165623,53.279049,-21.869413,521.145447,-84.703857,527.121216,148.706314,-0.138984,179.912903,775,False,True,157,1706,True,
336,/kuka/axis_move/feedback_json,std_msgs/msg/String,2026-08-27T21:42:03.278316-04:00,1787881323,278305941,1787881323278305941,122.782528,,,,8931,8930,1,0,0,8931,AxisTarget,1,True,True,True,False,7.854596,-71.378586,108.095909,-0.164429,53.387917,-21.569851,522.733093,-72.73027,528.03656,150.321045,-0.137287,179.912521,775,False,True,157,1706,True,
337,/kuka/axis_move/feedback_json,std_msgs/msg/String,2026-08-27T21:42:03.405059-04:00,1787881323,405043271,1787881323405043271,126.73733,,,,8932,8931,1,0,0,8932,AxisTarget,1,True,True,True,False,6.52073,-71.466644,108.07074,-0.16323,53.499569,-21.264423,524.066589,-60.496838,528.969421,151.966858,-0.135574,179.912125,775,False,True,157,1707,True,
338,/kuka/axis_move/feedback_json,std_msgs/msg/String,2026-08-27T21:42:03.530750-04:00,1787881323,530659743,1787881323530659743,125.616472,,,,8933,8932,1,0,0,8933,AxisTarget,1,True,True,True,True,5.225793,-71.552345,108.046181,-0.162072,53.60939,-20.962564,525.053223,-49.034,529.841736,153.506195,-0.133984,179.911774,775,False,True,157,1707,True,
339,/kuka/axis_move/feedback_json,std_msgs/msg/String,2026-08-27T21:42:03.658785-04:00,1787881323,658760845,1787881323658760845,128.101102,,,,8934,8933,1,0,0,8934,AxisTarget,1,True,True,True,False,3.886598,-71.640862,108.020866,-0.160864,53.722225,-20.653212,525.850708,-36.340363,530.806274,155.208588,-0.132235,179.911407,775,False,True,157,1708,True,
340,/kuka/axis_move/feedback_json,std_msgs/msg/String,2026-08-27T21:42:03.782952-04:00,1787881323,782927443,1787881323782927443,124.166598,,,,8935,8934,1,0,0,8935,AxisTarget,1,True,True,True,True,2.504198,-71.732216,107.994736,-0.159592,53.838707,-20.333908,526.329041,-24.031275,531.740479,156.858093,-0.130556,179.911102,775,False,True,157,1708,True,
341,/kuka/axis_move/feedback_json,std_msgs/msg/String,2026-08-27T21:42:03.906577-04:00,1787881323,906555463,1787881323906555463,123.62802,,,,8936,8935,1,0,0,8936,AxisTarget,1,True,True,True,False,1.164998,-71.820724,107.969429,-0.158358,53.951546,-20.02458,526.518982,-11.322545,532.704712,158.560822,-0.128823,179.910812,775,False,True,157,1708,True,
342,/kuka/axis_move/feedback_json,std_msgs/msg/String,2026-08-27T21:42:04.035299-04:00,1787881324,35287748,1787881324035287748,128.732285,,,,8937,8936,1,0,0,8937,AxisTarget,1,True,True,True,False,-0.173806,-71.90921,107.944122,-0.157128,54.06424,-19.715734,526.408691,0.983157,533.638733,160.210159,-0.127115,179.910538,775,False,True,157,1709,True,
343,/kuka/axis_move/feedback_json,std_msgs/msg/String,2026-08-27T21:42:04.163416-04:00,1787881324,163410355,1787881324163410355,128.122607,,,,8938,8937,1,0,0,8938,AxisTarget,1,True,True,True,True,-1.440114,-71.992661,107.920311,-0.155977,54.169849,-19.426598,526.049377,12.353579,534.502563,161.735474,-0.125512,179.910294,775,False,True,157,1709,True,
344,/kuka/axis_move/feedback_json,std_msgs/msg/String,2026-08-27T21:42:04.289418-04:00,1787881324,289396162,1787881324289396162,125.985807,,,,8939,8938,1,0,0,8939,AxisTarget,1,True,True,True,False,-2.795726,-72.082558,107.894516,-0.154727,54.28524,-19.109663,525.382324,24.640917,535.437134,163.386108,-0.123774,179.910049,775,False,True,157,1709,True,
345,/kuka/axis_move/feedback_json,std_msgs/msg/String,2026-08-27T21:42:04.410770-04:00,1787881324,410748396,1787881324410748396,121.352234,,,,8940,8939,1,0,0,8940,AxisTarget,1,True,True,True,False,-4.134925,-72.171074,107.869179,-0.15351,54.398056,-18.800301,524.391907,37.290264,536.40094,165.088837,-0.121991,179.909805,775,False,True,157,1710,True,
346,/kuka/axis_move/feedback_json,std_msgs/msg/String,2026-08-27T21:42:04.535004-04:00,1787881324,534998365,1787881324534998365,124.249969,,,,8941,8940,1,0,0,8941,AxisTarget,1,True,True,True,True,-5.474125,-72.259583,107.843849,-0.152297,54.510876,-18.490936,523.185181,49.118641,537.30426,166.68515,-0.120325,179.909592,775,False,True,157,1710,True,
347,/kuka/axis_move/feedback_json,std_msgs/msg/String,2026-08-27T21:42:04.662764-04:00,1787881324,662758123,1787881324662758123,127.759758,,,,8942,8941,1,0,0,8942,AxisTarget,1,True,True,True,False,-6.813324,-72.348099,107.818527,-0.151092,54.623703,-18.181599,521.602295,61.696091,538.267578,168.387863,-0.118566,179.909378,775,False,True,157,1711,True,
348,/kuka/axis_move/feedback_json,std_msgs/msg/String,2026-08-27T21:42:04.790570-04:00,1787881324,790532207,1787881324790532207,127.774084,,,,8943,8942,1,0,0,8943,AxisTarget,1,True,True,True,True,-8.144437,-72.435684,107.793602,-0.149921,54.734051,-17.880014,519.824829,73.550827,539.17865,169.998718,-0.116933,179.90921,775,False,True,157,1711,True,
349,/kuka/axis_move/feedback_json,std_msgs/msg/String,2026-08-27T21:42:04.914561-04:00,1787881324,914538890,1787881324914538890,124.006683,,,,8944,8943,1,0,0,8944,AxisTarget,1,True,True,True,False,-9.44141,-72.52182,107.768875,-0.148739,54.845154,-17.574459,517.755554,85.468498,540.098267,171.624893,-0.115284,179.909058,775,False,True,157,1712,True,
350,/kuka/axis_move/feedback_json,std_msgs/msg/String,2026-08-27T21:42:05.039144-04:00,1787881325,39138533,1787881325039138533,124.599643,,,,8945,8944,1,0,0,8945,AxisTarget,1,True,True,True,True,-10.695916,-72.604095,107.745537,-0.147603,54.94754,-17.295853,515.500427,96.905586,540.98468,173.19281,-0.113656,179.908936,775,False,True,157,1712,True,
351,/kuka/axis_move/feedback_json,std_msgs/msg/String,2026-08-27T21:42:05.164538-04:00,1787881325,164515145,1787881325164515145,125.376612,,,,8946,8945,1,0,0,8946,AxisTarget,1,True,True,True,False,-11.907499,-72.684807,107.722267,-0.146451,55.052799,-17.005121,513.155945,107.573044,541.81543,174.662476,-0.112113,179.908844,775,False,True,157,1713,False,
352,/kuka/axis_move/feedback_json,std_msgs/msg/String,2026-08-27T21:42:05.291075-04:00,1787881325,291036999,1787881325291036999,126.521854,,,,8947,8946,1,0,0,8947,AxisTarget,1,True,True,True,True,-13.038658,-72.758781,107.701332,-0.145459,55.144257,-16.756519,510.670166,117.865013,542.621216,176.087692,-0.1106,179.908737,775,False,True,157,1713,False,
353,/kuka/axis_move/feedback_json,std_msgs/msg/String,2026-08-27T21:42:05.418913-04:00,1787881325,418884395,1787881325418884395,127.847396,,,,8948,8947,1,0,0,8948,AxisTarget,1,True,True,True,False,-14.224521,-72.83725,107.678886,-0.144387,55.243702,-16.485146,507.920593,128.305389,543.443237,177.54158,-0.109064,179.908661,775,False,True,157,1713,False,
354,/kuka/axis_move/feedback_json,std_msgs/msg/String,2026-08-27T21:42:05.543142-04:00,1787881325,543137563,1787881325543137563,124.253168,,,,8949,8948,1,0,0,8949,AxisTarget,1,True,True,True,False,-15.159009,-72.898972,107.661217,-0.143531,55.322243,-16.27006,505.667816,136.264603,544.073181,178.655914,-0.107911,179.908615,775,False,True,157,1713,False,
355,/kuka/axis_move/feedback_json,std_msgs/msg/String,2026-08-27T21:42:05.673334-04:00,1787881325,673328927,1787881325673328927,130.191364,,,,8950,8949,1,0,0,8950,AxisTarget,1,True,True,True,False,-15.857538,-72.944298,107.648506,-0.142921,55.376717,-16.123575,503.688873,142.886139,544.599243,179.587265,-0.106925,179.908585,775,False,True,157,1713,False,
356,/kuka/axis_move/feedback_json,std_msgs/msg/String,2026-08-27T21:42:05.794066-04:00,1787881325,794007704,1787881325794007704,120.678777,,,,8951,8950,1,0,0,8951,AxisTarget,1,True,True,True,False,-16.099909,-72.959099,107.6446,-0.1428,55.391602,-16.0863,502.933533,145.331894,544.793762,179.932205,-0.1067,179.908569,775,False,True,157,1713,False,
357,/kuka/axis_move/feedback_json,std_msgs/msg/String,2026-08-27T21:42:06.335246-04:00,1787881326,335235150,1787881326335235150,541.227446,,,,8952,8951,1,0,0,8952,AxisTarget,1,True,True,True,False,-16.099899,-72.959099,107.6446,-0.1428,55.391598,-16.0863,502.932861,145.333969,544.793884,179.932495,-0.1067,179.908569,776,False,True,158,1717,True,
358,/kuka/axis_move/feedback_json,std_msgs/msg/String,2026-08-27T21:42:06.460957-04:00,1787881326,460945299,1787881326460945299,125.710149,,,,8953,8952,1,0,0,8953,AxisTarget,1,True,True,True,True,-16.101025,-72.897995,107.690681,-0.141496,55.26334,-16.086014,502.988342,145.357117,544.215576,179.933838,-0.105696,179.909088,776,False,True,158,1718,True,
359,/kuka/axis_move/feedback_json,std_msgs/msg/String,2026-08-27T21:42:06.586842-04:00,1787881326,586824916,1787881326586824916,125.879617,,,,8954,8953,1,0,0,8954,AxisTarget,1,True,True,True,False,-16.103794,-72.758316,107.788933,-0.138911,55.02269,-16.085499,503.165039,145.431519,542.325867,179.938232,-0.102421,179.910767,776,False,True,158,1718,True,
360,/kuka/axis_move/feedback_json,std_msgs/msg/String,2026-08-27T21:42:06.710962-04:00,1787881326,710925533,1787881326710925533,124.100617,,,,8955,8954,1,0,0,8955,AxisTarget,1,True,True,True,False,-16.106567,-72.618416,107.887245,-0.136359,54.781807,-16.084967,503.325531,145.5,540.54126,179.942383,-0.099344,179.912308,776,False,True,158,1719,True,
361,/kuka/axis_move/feedback_json,std_msgs/msg/String,2026-08-27T21:42:06.839535-04:00,1787881326,839518107,1787881326839518107,128.592574,,,,8956,8955,1,0,0,8956,AxisTarget,1,True,True,True,True,-16.109339,-72.478561,107.985542,-0.13381,54.541031,-16.084435,503.484283,145.568726,538.702332,179.946701,-0.096177,179.913895,776,False,True,158,1719,True,
362,/kuka/axis_move/feedback_json,std_msgs/msg/String,2026-08-27T21:42:06.962773-04:00,1787881326,962750137,1787881326962750137,123.23203,,,,8957,8956,1,0,0,8957,AxisTarget,1,True,True,True,False,-16.112202,-72.334183,108.087021,-0.131181,54.292492,-16.083889,503.641205,145.637711,536.803223,179.951172,-0.092906,179.915527,776,False,True,158,1719,True,
363,/kuka/axis_move/feedback_json,std_msgs/msg/String,2026-08-27T21:42:07.093844-04:00,1787881327,93821285,1787881327093821285,131.071148,,,,8958,8957,1,0,0,8958,AxisTarget,1,True,True,True,False,-16.114975,-72.194321,108.185333,-0.128557,54.043953,-16.083347,503.790833,145.70462,534.905396,179.955643,-0.08964,179.917145,776,False,True,158,1719,True,
364,/kuka/axis_move/feedback_json,std_msgs/msg/String,2026-08-27T21:42:07.222625-04:00,1787881327,222597508,1787881327222597508,128.776223,,,,8959,8958,1,0,0,8959,AxisTarget,1,True,True,True,False,-16.117928,-72.045448,108.293159,-0.125854,53.787643,-16.082792,503.9375,145.771469,532.949646,179.960281,-0.086274,179.918793,776,False,True,158,1719,True,
365,/kuka/axis_move/feedback_json,std_msgs/msg/String,2026-08-27T21:42:07.350490-04:00,1787881327,350485157,1787881327350485157,127.887649,,,,8960,8959,1,0,0,8960,AxisTarget,1,True,True,True,True,-16.12079,-71.901085,108.391479,-0.123316,53.539104,-16.082254,504.072357,145.834213,531.054443,179.964798,-0.083014,179.92038,776,False,True,158,1720,True,
366,/kuka/axis_move/feedback_json,std_msgs/msg/String,2026-08-27T21:42:07.473194-04:00,1787881327,473188292,1787881327473188292,122.703135,,,,8961,8960,1,0,0,8961,AxisTarget,1,True,True,True,False,-16.123566,-71.76123,108.489792,-0.120777,53.306099,-16.081749,504.196136,145.893021,529.219788,179.969193,-0.07986,179.921906,776,False,True,158,1720,True,
367,/kuka/axis_move/feedback_json,std_msgs/msg/String,2026-08-27T21:42:07.599271-04:00,1787881327,599265944,1787881327599265944,126.077652,,,,8962,8961,1,0,0,8962,AxisTarget,1,True,True,True,False,-16.126339,-71.621376,108.588112,-0.118237,53.065323,-16.08123,504.313171,145.949905,527.386353,179.973602,-0.076708,179.923416,776,False,True,158,1720,True,
368,/kuka/axis_move/feedback_json,std_msgs/msg/String,2026-08-27T21:42:07.732788-04:00,1787881327,732772752,1787881327732772752,133.506808,,,,8963,8962,1,0,0,8963,AxisTarget,1,True,True,True,False,-16.129202,-71.477013,108.689598,-0.115609,52.816784,-16.080677,504.42691,146.006622,525.495117,179.97818,-0.07346,179.924988,776,False,True,158,1720,True,
369,/kuka/axis_move/feedback_json,std_msgs/msg/String,2026-08-27T21:42:07.864580-04:00,1787881327,864568257,1787881327864568257,131.795505,,,,8964,8963,1,0,0,8964,AxisTarget,1,True,True,True,False,-16.132244,-71.323616,108.797424,-0.112812,52.552708,-16.080126,504.536682,146.062943,523.546265,179.98291,-0.070116,179.92659,776,False,True,158,1720,True,
370,/kuka/axis_move/feedback_json,std_msgs/msg/String,2026-08-27T21:42:07.990340-04:00,1787881327,990328925,1787881327990328925,125.760668,,,,8965,8964,1,0,0,8965,AxisTarget,1,True,True,True,False,-16.135107,-71.179237,108.898903,-0.110175,52.304169,-16.079592,504.638855,146.117111,521.598938,179.987671,-0.066777,179.928177,776,False,True,158,1720,True,
371,/kuka/axis_move/feedback_json,std_msgs/msg/String,2026-08-27T21:42:08.118821-04:00,1787881328,118792918,1787881328118792918,128.463993,,,,8966,8965,1,0,0,8966,AxisTarget,1,True,True,True,False,-16.13797,-71.034859,109.000389,-0.107536,52.05563,-16.07906,504.727936,146.166,519.771057,179.992172,-0.063644,179.929672,776,False,True,158,1720,True,
372,/kuka/axis_move/feedback_json,std_msgs/msg/String,2026-08-27T21:42:08.248479-04:00,1787881328,248449642,1787881328248449642,129.656724,,,,8967,8966,1,0,0,8967,AxisTarget,1,True,True,True,True,-16.140833,-70.89048,109.101868,-0.104896,51.807087,-16.078526,504.815369,146.215958,517.826782,179.996979,-0.060313,179.931244,776,False,True,158,1721,True,
373,/kuka/axis_move/feedback_json,std_msgs/msg/String,2026-08-27T21:42:08.370540-04:00,1787881328,370517402,1787881328370517402,122.06776,,,,8968,8967,1,0,0,8968,AxisTarget,1,True,True,True,False,-16.143696,-70.746094,109.203354,-0.102256,51.558548,-16.077993,504.892883,146.262314,515.942993,-179.998352,-0.057087,179.932755,776,False,True,158,1721,True,
374,/kuka/axis_move/feedback_json,std_msgs/msg/String,2026-08-27T21:42:08.499006-04:00,1787881328,498966837,1787881328498966837,128.449435,,,,8969,8968,1,0,0,8969,AxisTarget,1,True,True,True,False,-16.146379,-70.606232,109.301666,-0.099699,51.317776,-16.077477,504.959106,146.30394,514.178345,-179.993942,-0.054065,179.934158,776,False,True,158,1721,True,
375,/kuka/axis_move/feedback_json,std_msgs/msg/String,2026-08-27T21:42:08.622761-04:00,1787881328,622729590,1787881328622729590,123.762753,,,,8970,8969,1,0,0,8970,AxisTarget,1,True,True,True,False,-16.149334,-70.461853,109.403145,-0.09706,51.069233,-16.076944,505.024719,146.347656,512.238892,-179.98909,-0.050745,179.935699,776,False,True,158,1721,True,
376,/kuka/axis_move/feedback_json,std_msgs/msg/String,2026-08-27T21:42:08.747076-04:00,1787881328,747071065,1787881328747071065,124.341475,,,,8971,8970,1,0,0,8971,AxisTarget,1,True,True,True,False,-16.152109,-70.321983,109.501457,-0.094505,50.828461,-16.076427,505.079468,146.386765,510.41861,-179.984497,-0.047629,179.937134,776,False,True,158,1721,True,
377,/kuka/axis_move/feedback_json,std_msgs/msg/String,2026-08-27T21:42:08.870964-04:00,1787881328,870952971,1787881328870952971,123.881906,,,,8972,8971,1,0,0,8972,AxisTarget,1,True,True,True,False,-16.154884,-70.182114,109.59977,-0.091951,50.587688,-16.075909,505.126099,146.422821,508.658478,-179.980042,-0.044616,179.938492,776,False,True,158,1721,True,
378,/kuka/axis_move/feedback_json,std_msgs/msg/String,2026-08-27T21:42:08.997127-04:00,1787881328,997099616,1787881328997099616,126.146645,,,,8973,8972,1,0,0,8973,AxisTarget,1,True,True,True,False,-16.157661,-70.042252,109.698082,-0.089397,50.346912,-16.075392,505.167755,146.458206,506.841278,-179.975418,-0.041505,179.939896,776,False,True,158,1721,True,
379,/kuka/axis_move/feedback_json,std_msgs/msg/String,2026-08-27T21:42:09.123140-04:00,1787881329,123111933,1787881329123111933,126.012317,,,,8974,8973,1,0,0,8974,AxisTarget,1,True,True,True,False,-16.160528,-69.897873,109.799561,-0.086762,50.098373,-16.074858,505.203796,146.492737,504.967163,-179.970627,-0.038297,179.941345,776,False,True,158,1721,True,
380,/kuka/axis_move/feedback_json,std_msgs/msg/String,2026-08-27T21:42:09.251264-04:00,1787881329,251252324,1787881329251252324,128.140391,,,,8975,8974,1,0,0,8975,AxisTarget,1,True,True,True,False,-16.163305,-69.758011,109.897873,-0.08421,49.857601,-16.074339,505.232758,146.525269,503.094788,-179.96582,-0.035093,179.942764,776,False,True,158,1721,True,
381,/kuka/axis_move/feedback_json,std_msgs/msg/String,2026-08-27T21:42:09.375095-04:00,1787881329,375067499,1787881329375067499,123.815175,,,,8976,8975,1,0,0,8976,AxisTarget,1,True,True,True,False,-16.166084,-69.618141,109.996178,-0.081658,49.616829,-16.073822,505.25412,146.55484,501.282623,-179.961151,-0.031993,179.944122,776,False,True,158,1722,True,
382,/kuka/axis_move/feedback_json,std_msgs/msg/String,2026-08-27T21:42:09.502769-04:00,1787881329,502739403,1787881329502739403,127.671904,,,,8977,8976,1,0,0,8977,AxisTarget,1,True,True,True,True,-16.168951,-69.47377,110.097664,-0.079024,49.368286,-16.073286,505.269257,146.583405,499.413757,-179.956299,-0.028796,179.945526,776,False,True,158,1722,True,
383,/kuka/axis_move/feedback_json,std_msgs/msg/String,2026-08-27T21:42:09.627187-04:00,1787881329,627172173,1787881329627172173,124.43277,,,,8978,8977,1,0,0,8978,AxisTarget,1,True,True,True,False,-16.171818,-69.329391,110.199142,-0.07639,49.119747,-16.072752,505.277344,146.60994,497.546753,-179.951447,-0.025603,179.946915,776,False,True,158,1722,True,
384,/kuka/axis_move/feedback_json,std_msgs/msg/String,2026-08-27T21:42:09.751292-04:00,1787881329,751279033,1787881329751279033,124.10686,,,,8979,8978,1,0,0,8979,AxisTarget,1,True,True,True,False,-16.174595,-69.189529,110.297455,-0.073839,48.878971,-16.072233,505.278503,146.633713,495.739868,-179.946716,-0.022515,179.948242,776,False,True,158,1722,True,
385,/kuka/axis_move/feedback_json,std_msgs/msg/String,2026-08-27T21:42:09.878762-04:00,1787881329,878757175,1787881329878757175,127.478142,,,,8980,8979,1,0,0,8980,AxisTarget,1,True,True,True,False,-16.177282,-69.054176,110.395767,-0.071289,48.638199,-16.071714,505.273376,146.654938,493.99295,-179.942123,-0.019531,179.949524,776,False,True,158,1722,True,
386,/kuka/axis_move/feedback_json,std_msgs/msg/String,2026-08-27T21:42:10.005451-04:00,1787881330,5439286,1787881330005439286,126.682111,,,,8981,8980,1,0,0,8981,AxisTarget,1,True,True,True,False,-16.180235,-68.905281,110.497253,-0.068657,48.38966,-16.07118,505.261108,146.675613,492.131439,-179.93721,-0.016354,179.950867,776,False,True,158,1722,True,
387,/kuka/axis_move/feedback_json,std_msgs/msg/String,2026-08-27T21:42:10.130852-04:00,1787881330,130821598,1787881330130821598,125.382312,,,,8982,8981,1,0,0,8982,AxisTarget,1,True,True,True,False,-16.183098,-68.760902,110.59874,-0.066027,48.141117,-16.070642,505.241913,146.69426,490.271851,-179.932281,-0.013183,179.952194,776,False,True,158,1722,True,
388,/kuka/axis_move/feedback_json,std_msgs/msg/String,2026-08-27T21:42:10.254888-04:00,1787881330,254855376,1787881330254855376,124.033778,,,,8983,8982,1,0,0,8983,AxisTarget,1,True,True,True,False,-16.185871,-68.62104,110.697052,-0.06348,47.900345,-16.070124,505.215729,146.710907,488.414215,-179.927338,-0.010018,179.953506,776,False,True,158,1722,True,
389,/kuka/axis_move/feedback_json,std_msgs/msg/String,2026-08-27T21:42:10.378894-04:00,1787881330,378871370,1787881330378871370,124.015994,,,,8984,8983,1,0,0,8984,AxisTarget,1,True,True,True,False,-16.188553,-68.48568,110.792198,-0.061017,47.667339,-16.06962,505.184845,146.72467,486.67453,-179.922684,-0.007058,179.954742,776,False,True,158,1722,True,
390,/kuka/axis_move/feedback_json,std_msgs/msg/String,2026-08-27T21:42:10.502398-04:00,1787881330,502386938,1787881330502386938,123.515568,,,,8985,8984,1,0,0,8985,AxisTarget,1,True,True,True,False,-16.19141,-68.341301,110.893692,-0.05839,47.4188,-16.069082,505.146545,146.737061,484.878693,-179.917877,-0.004003,179.955994,776,False,True,158,1722,True,
391,/kuka/axis_move/feedback_json,std_msgs/msg/String,2026-08-27T21:42:10.631033-04:00,1787881330,630995559,1787881330630995559,128.608621,,,,8986,8985,1,0,0,8986,AxisTarget,1,True,True,True,False,-16.194178,-68.201546,110.991875,-0.055851,47.178799,-16.068563,505.10022,146.747864,483.027161,-179.912872,-0.000856,179.95726,776,False,True,158,1723,True,
392,/kuka/axis_move/feedback_json,std_msgs/msg/String,2026-08-27T21:42:10.755015-04:00,1787881330,754978221,1787881330754978221,123.982662,,,,8987,8986,1,0,0,8987,AxisTarget,1,True,True,True,True,-16.196659,-68.076859,111.079124,-0.053603,46.96674,-16.068106,505.055328,146.755508,481.452209,-179.908615,0.00182,179.958344,776,False,True,158,1723,True,
393,/kuka/axis_move/feedback_json,std_msgs/msg/String,2026-08-27T21:42:10.880862-04:00,1787881330,880856422,1787881330880856422,125.878201,,,,8988,8987,1,0,0,8988,AxisTarget,1,True,True,True,False,-16.199295,-67.942978,111.173683,-0.051145,46.733124,-16.067598,505.0,146.762253,479.717529,-179.9039,0.004767,179.959518,776,False,True,158,1723,True,
394,/kuka/axis_move/feedback_json,std_msgs/msg/String,2026-08-27T21:42:11.007115-04:00,1787881331,7103753,1787881331007103753,126.247331,,,,8989,8988,1,0,0,8989,AxisTarget,1,True,True,True,False,-16.202154,-67.798599,111.275169,-0.048519,46.484585,-16.06706,504.936584,146.76738,477.929352,-179.899017,0.007804,179.960724,776,False,True,158,1723,True,
395,/kuka/axis_move/feedback_json,std_msgs/msg/String,2026-08-27T21:42:11.131125-04:00,1787881331,131120001,1787881331131120001,124.016248,,,,8990,8989,1,0,0,8990,AxisTarget,1,True,True,True,False,-16.204834,-67.663246,111.373489,-0.045975,46.243813,-16.066538,504.866699,146.77066,476.14325,-179.894119,0.010842,179.961914,776,False,True,158,1723,True,
396,/kuka/axis_move/feedback_json,std_msgs/msg/String,2026-08-27T21:42:11.255222-04:00,1787881331,255207334,1787881331255207334,124.087333,,,,8991,8990,1,0,0,8991,AxisTarget,1,True,True,True,False,-16.207605,-67.523376,111.468628,-0.043511,46.010803,-16.066015,504.790405,146.77211,474.359253,-179.889206,0.01388,179.963074,776,False,True,158,1723,True,
397,/kuka/axis_move/feedback_json,std_msgs/msg/String,2026-08-27T21:42:11.379210-04:00,1787881331,379179741,1787881331379179741,123.972407,,,,8992,8991,1,0,0,8992,AxisTarget,1,True,True,True,False,-16.21047,-67.379005,111.570114,-0.040881,45.762264,-16.065493,504.704926,146.771698,472.519958,-179.884094,0.017019,179.964279,776,False,True,158,1723,True,
398,/kuka/axis_move/feedback_json,std_msgs/msg/String,2026-08-27T21:42:11.511535-04:00,1787881331,511523970,1787881331511523970,132.344229,,,,8993,8992,1,0,0,8993,AxisTarget,1,True,True,True,False,-16.213247,-67.239143,111.668419,-0.038332,45.513725,-16.064951,504.618591,146.769531,470.797699,-179.879303,0.019964,179.965378,776,False,True,158,1723,True,
399,/kuka/axis_move/feedback_json,std_msgs/msg/String,2026-08-27T21:42:11.635416-04:00,1787881331,635410225,1787881331635410225,123.886255,,,,8994,8993,1,0,0,8994,AxisTarget,1,True,True,True,False,-16.216206,-67.090263,111.773064,-0.035618,45.265182,-16.064407,504.516754,146.765182,468.905609,-179.873993,0.023206,179.966583,776,False,True,158,1723,True,
400,/kuka/axis_move/feedback_json,std_msgs/msg/String,2026-08-27T21:42:11.764729-04:00,1787881331,764717399,1787881331764717399,129.307174,,,,8995,8994,1,0,0,8995,AxisTarget,1,True,True,True,True,-16.218985,-66.945892,111.874527,-0.032985,45.016644,-16.063864,504.411072,146.758972,467.073212,-179.868835,0.026349,179.967728,776,False,True,158,1724,False,
401,/kuka/axis_move/feedback_json,std_msgs/msg/String,2026-08-27T21:42:11.889789-04:00,1787881331,889763645,1787881331889763645,125.046246,,,,8996,8995,1,0,0,8996,AxisTarget,1,True,True,True,False,-16.221855,-66.806038,111.972832,-0.030434,44.775871,-16.063337,504.298615,146.750824,465.243164,-179.863663,0.029489,179.968872,776,False,True,158,1724,False,
402,/kuka/axis_move/feedback_json,std_msgs/msg/String,2026-08-27T21:42:12.015131-04:00,1787881332,15103764,1787881332015103764,125.340119,,,,8997,8996,1,0,0,8997,AxisTarget,1,True,True,True,False,-16.224726,-66.661674,112.074303,-0.027801,44.527328,-16.062794,504.183228,146.741043,463.472565,-179.858627,0.032527,179.969955,776,False,True,158,1724,False,
403,/kuka/axis_move/feedback_json,std_msgs/msg/String,2026-08-27T21:42:12.142517-04:00,1787881332,142489384,1787881332142489384,127.38562,,,,8998,8997,1,0,0,8998,AxisTarget,1,True,True,True,False,-16.227507,-66.521812,112.1726,-0.025251,44.286556,-16.062269,504.057434,146.729034,461.647186,-179.853424,0.035654,179.971054,776,False,True,158,1724,False,
404,/kuka/axis_move/feedback_json,std_msgs/msg/String,2026-08-27T21:42:12.271384-04:00,1787881332,271373089,1787881332271373089,128.883705,,,,8999,8998,1,0,0,8999,AxisTarget,1,True,True,True,False,-16.230377,-66.377441,112.274086,-0.02262,44.038017,-16.061731,503.924835,146.715073,459.824188,-179.84819,0.038768,179.972153,776,False,True,158,1724,False,
405,/kuka/axis_move/feedback_json,std_msgs/msg/String,2026-08-27T21:42:12.394734-04:00,1787881332,394711913,1787881332394711913,123.338824,,,,9000,8999,1,0,0,9000,AxisTarget,1,True,True,True,False,-16.23316,-66.23307,112.375572,-0.019991,43.789474,-16.061193,503.789948,146.699677,458.060425,-179.843124,0.041771,179.97319,776,False,True,158,1724,False,
406,/kuka/axis_move/feedback_json,std_msgs/msg/String,2026-08-27T21:42:12.520530-04:00,1787881332,520506856,1787881332520506856,125.794943,,,,9001,9000,1,0,0,9001,AxisTarget,1,True,True,True,False,-16.236029,-66.093651,112.473434,-0.017463,43.550869,-16.060682,503.644135,146.68187,456.243347,-179.837875,0.044856,179.974258,776,False,True,158,1724,False,
407,/kuka/axis_move/feedback_json,std_msgs/msg/String,2026-08-27T21:42:12.642637-04:00,1787881332,642627590,1787881332642627590,122.120734,,,,9002,9001,1,0,0,9002,AxisTarget,1,True,True,True,False,-16.238554,-65.966599,112.562904,-0.015142,43.330753,-16.060209,503.510468,146.664627,454.64859,-179.833252,0.047561,179.975189,776,False,True,158,1724,False,
408,/kuka/axis_move/feedback_json,std_msgs/msg/String,2026-08-27T21:42:12.767191-04:00,1787881332,767185417,1787881332767185417,124.557827,,,,9003,9002,1,0,0,9003,AxisTarget,1,True,True,True,False,-16.241337,-65.826736,112.661232,-0.012596,43.089973,-16.059692,503.357147,146.64389,452.892853,-179.828156,0.050539,179.976181,776,False,True,158,1724,False,
409,/kuka/axis_move/feedback_json,std_msgs/msg/String,2026-08-27T21:42:12.894287-04:00,1787881332,894269053,1787881332894269053,127.083636,,,,9004,9003,1,0,0,9004,AxisTarget,1,True,True,True,False,-16.244114,-65.686867,112.759552,-0.010044,42.849201,-16.05917,503.202759,146.622009,451.194855,-179.823181,0.053415,179.977142,776,False,True,158,1724,False,
410,/kuka/axis_move/feedback_json,std_msgs/msg/String,2026-08-27T21:42:13.023190-04:00,1787881333,23161444,1787881333023161444,128.892391,,,,9005,9004,1,0,0,9005,AxisTarget,1,True,True,True,False,-16.246948,-65.543518,112.860085,-0.007431,42.604443,-16.058638,503.031921,146.59671,449.389069,-179.817886,0.056467,179.978165,776,False,True,158,1724,False,
411,/kuka/axis_move/feedback_json,std_msgs/msg/String,2026-08-27T21:42:13.150712-04:00,1787881333,150690998,1787881333150690998,127.529554,,,,9006,9005,1,0,0,9006,AxisTarget,1,True,True,True,False,-16.249645,-65.406357,112.956734,-0.004901,42.366364,-16.058113,502.858643,146.570053,447.626953,-179.812698,0.059441,179.979156,776,False,True,158,1724,False,
412,/kuka/axis_move/feedback_json,std_msgs/msg/String,2026-08-27T21:42:13.274076-04:00,1787881333,274070132,1787881333274070132,123.379134,,,,9007,9006,1,0,0,9007,AxisTarget,1,True,True,True,False,-16.252132,-65.281036,113.04306,-0.002739,42.1646,-16.057714,502.69458,146.543915,446.016052,-179.807999,0.062187,179.980011,776,False,True,158,1724,False,
413,/kuka/axis_move/feedback_json,std_msgs/msg/String,2026-08-27T21:42:13.404055-04:00,1787881333,404026439,1787881333404026439,129.956307,,,,9008,9007,1,0,0,9008,AxisTarget,1,True,True,True,False,-16.252399,-65.269302,113.049896,-0.0026,42.153702,-16.057699,502.666565,146.539322,445.746002,-179.807236,0.062658,179.980148,776,False,True,158,1724,False,
414,/kuka/axis_move/feedback_json,std_msgs/msg/String,2026-08-27T21:42:13.526975-04:00,1787881333,526970469,1787881333526970469,122.94403,,,,9009,9008,1,0,0,9009,AxisTarget,1,False,True,False,False,-16.252399,-65.269302,113.049896,-0.0026,42.153702,-16.057699,502.666565,146.539322,445.746002,-179.807236,0.062658,179.980148,776,False,True,158,1724,False,
415,/kuka/axis_move/feedback_json,std_msgs/msg/String,2026-08-27T21:42:13.650806-04:00,1787881333,650778806,1787881333650778806,123.808337,,,,9010,9009,1,0,0,9010,AxisTarget,1,False,True,False,False,-16.252399,-65.269302,113.049896,-0.0026,42.153702,-16.057699,502.666565,146.539322,445.746002,-179.807236,0.062658,179.980148,776,False,True,158,1724,False,
416,/kuka/axis_move/feedback_json,std_msgs/msg/String,2026-08-27T21:42:13.778120-04:00,1787881333,778108266,1787881333778108266,127.32946,,,,9011,9010,1,0,0,9011,AxisTarget,1,False,True,False,False,-16.252399,-65.269302,113.049896,-0.0026,42.153702,-16.057699,502.666565,146.539322,445.746002,-179.807236,0.062658,179.980148,776,False,True,158,1724,False,
417,/kuka/axis_move/feedback_json,std_msgs/msg/String,2026-08-27T21:42:14.002197-04:00,1787881334,2168252,1787881334002168252,224.059986,,,,9012,9011,1,0,0,9012,AxisTarget,1,False,True,False,False,-16.252399,-65.269302,113.049896,-0.0026,42.153702,-16.057699,502.666565,146.539322,445.746002,-179.807236,0.062658,179.980148,777,False,True,158,1724,False,
418,/kuka/axis_move/feedback_json,std_msgs/msg/String,2026-08-27T21:42:14.135185-04:00,1787881334,135172819,1787881334135172819,133.004567,,,,9013,9012,1,0,0,9013,AxisTarget,1,False,True,False,False,-16.252399,-65.269302,113.049896,-0.0026,42.153702,-16.057699,502.666565,146.539322,445.746002,-179.807236,0.062658,179.980148,777,False,True,158,1724,False,
419,/kuka/axis_move/feedback_json,std_msgs/msg/String,2026-08-27T21:42:14.262821-04:00,1787881334,262792936,1787881334262792936,127.620117,,,,9014,9013,1,0,0,9014,AxisTarget,1,False,True,False,False,-16.252399,-65.269302,113.049896,-0.0026,42.153702,-16.057699,502.666565,146.539322,445.746002,-179.807236,0.062658,179.980148,777,False,True,158,1724,False,
420,/kuka/axis_move/feedback_json,std_msgs/msg/String,2026-08-27T21:42:14.391062-04:00,1787881334,391026223,1787881334391026223,128.233287,,,,9015,9014,1,0,0,9015,AxisTarget,1,False,True,False,False,-16.252399,-65.269302,113.049896,-0.0026,42.153702,-16.057699,502.666565,146.539322,445.746002,-179.807236,0.062658,179.980148,777,False,True,158,1724,False,
421,/kuka/axis_move/feedback_json,std_msgs/msg/String,2026-08-27T21:42:14.613445-04:00,1787881334,613433341,1787881334613433341,222.407118,,,,9016,9015,1,0,0,9016,AxisTarget,1,False,True,False,False,-16.252399,-65.269302,113.049896,-0.0026,42.153702,-16.057699,502.666565,146.539322,445.746002,-179.807236,0.062658,179.980148,778,False,True,158,1724,False,
422,/kuka/axis_move/feedback_json,std_msgs/msg/String,2026-08-27T21:42:14.743172-04:00,1787881334,743161154,1787881334743161154,129.727813,,,,9017,9016,1,0,0,9017,AxisTarget,1,False,True,False,False,-16.252399,-65.269302,113.049896,-0.0026,42.153702,-16.057699,502.666565,146.539322,445.746002,-179.807236,0.062658,179.980148,778,False,True,158,1724,False,
423,/kuka/axis_move/feedback_json,std_msgs/msg/String,2026-08-27T21:42:14.869968-04:00,1787881334,869941260,1787881334869941260,126.780106,,,,9018,9017,1,0,0,9018,AxisTarget,1,False,True,False,False,-16.252399,-65.269302,113.049896,-0.0026,42.153702,-16.057699,502.666565,146.539322,445.746002,-179.807236,0.062658,179.980148,778,False,True,158,1724,False,
424,/kuka/axis_move/feedback_json,std_msgs/msg/String,2026-08-27T21:42:15.093957-04:00,1787881335,93945050,1787881335093945050,224.00379,,,,9019,9018,1,0,0,9019,AxisTarget,1,False,True,False,False,-16.252399,-65.269302,113.049896,-0.0026,42.153702,-16.057699,502.666565,146.539322,445.746002,-179.807236,0.062658,179.980148,779,False,True,158,1724,False,
425,/kuka/axis_move/feedback_json,std_msgs/msg/String,2026-08-27T21:42:15.230806-04:00,1787881335,230796194,1787881335230796194,136.851144,,,,9020,9019,1,0,0,9020,AxisTarget,1,False,True,False,False,-16.252399,-65.269302,113.049896,-0.0026,42.153702,-16.057699,502.666565,146.539322,445.746002,-179.807236,0.062658,179.980148,779,False,True,158,1724,False,
426,/kuka/axis_move/feedback_json,std_msgs/msg/String,2026-08-27T21:42:15.782857-04:00,1787881335,782836086,1787881335782836086,552.039892,,,,9021,9020,1,0,0,9021,AxisTarget,1,True,True,True,False,-16.252399,-65.269302,113.049896,-0.0026,42.153702,-16.057699,502.666565,146.539322,445.746002,-179.807236,0.062658,179.980148,780,False,True,159,1728,True,
427,/kuka/axis_move/feedback_json,std_msgs/msg/String,2026-08-27T21:42:16.318340-04:00,1787881336,318318690,1787881336318318690,535.482604,,,,9022,9021,1,0,0,9022,AxisTarget,1,True,True,True,True,-16.25256,-65.762962,112.706909,0.004098,42.987907,-16.06299,503.235229,146.700378,451.64743,-179.807343,0.084615,179.978271,781,False,True,159,1730,True,
428,/kuka/axis_move/feedback_json,std_msgs/msg/String,2026-08-27T21:42:16.444630-04:00,1787881336,444618303,1787881336444618303,126.299613,,,,9023,9022,1,0,0,9023,AxisTarget,1,True,True,True,False,-16.252588,-65.909538,112.606033,0.006054,43.228683,-16.064503,503.396606,146.745743,453.475067,-179.807404,0.091417,179.977722,781,False,True,159,1730,True,
429,/kuka/axis_move/feedback_json,std_msgs/msg/String,2026-08-27T21:42:16.570960-04:00,1787881336,570922194,1787881336570922194,126.303891,,,,9024,9023,1,0,0,9024,AxisTarget,1,True,True,True,False,-16.252621,-66.056107,112.505165,0.007999,43.469456,-16.066015,503.551147,146.789108,455.305084,-179.807495,0.0982,179.977188,781,False,True,159,1730,True,
430,/kuka/axis_move/feedback_json,std_msgs/msg/String,2026-08-27T21:42:16.698977-04:00,1787881336,698955093,1787881336698955093,128.032899,,,,9025,9024,1,0,0,9025,AxisTarget,1,True,True,True,False,-16.252653,-66.207397,112.401054,0.009997,43.717995,-16.067577,503.703491,146.831802,457.196655,-179.807602,0.105182,179.976639,781,False,True,159,1730,True,
431,/kuka/axis_move/feedback_json,std_msgs/msg/String,2026-08-27T21:42:16.829169-04:00,1787881336,829156952,1787881336829156952,130.201859,,,,9026,9025,1,0,0,9026,AxisTarget,1,True,True,True,True,-16.252689,-66.358681,112.296944,0.012054,43.974304,-16.069187,503.852966,146.873596,459.149994,-179.807724,0.112376,179.976074,781,False,True,159,1731,True,
432,/kuka/axis_move/feedback_json,std_msgs/msg/String,2026-08-27T21:42:16.950415-04:00,1787881336,950392114,1787881336950392114,121.235162,,,,9027,9026,1,0,0,9027,AxisTarget,1,True,True,True,False,-16.252724,-66.509964,112.192833,0.013988,44.215076,-16.070702,503.99054,146.911957,461.046844,-179.807861,0.119356,179.975555,781,False,True,159,1731,True,
433,/kuka/axis_move/feedback_json,std_msgs/msg/String,2026-08-27T21:42:17.078995-04:00,1787881337,78965317,1787881337078965317,128.573203,,,,9028,9027,1,0,0,9028,AxisTarget,1,True,True,True,False,-16.252756,-66.656525,112.09198,0.015922,44.463615,-16.072264,504.116852,146.947067,462.886841,-179.808014,0.126123,179.975052,781,False,True,159,1731,True,
434,/kuka/axis_move/feedback_json,std_msgs/msg/String,2026-08-27T21:42:17.202626-04:00,1787881337,202595978,1787881337202595978,123.630661,,,,9029,9028,1,0,0,9029,AxisTarget,1,True,True,True,False,-16.252787,-66.803085,111.991119,0.017922,44.704391,-16.073782,504.236359,146.980148,464.729279,-179.808167,0.132896,179.974579,781,False,True,159,1731,True,
435,/kuka/axis_move/feedback_json,std_msgs/msg/String,2026-08-27T21:42:17.330958-04:00,1787881337,330935073,1787881337330935073,128.339095,,,,9030,9029,1,0,0,9030,AxisTarget,1,True,True,True,False,-16.252815,-66.959099,111.883759,0.019925,44.95293,-16.075352,504.352539,147.012161,466.633636,-179.80835,0.139895,179.974091,781,False,True,159,1731,True,
436,/kuka/axis_move/feedback_json,std_msgs/msg/String,2026-08-27T21:42:17.454308-04:00,1787881337,454291371,1787881337454291371,123.356298,,,,9031,9030,1,0,0,9031,AxisTarget,1,True,True,True,False,-16.252842,-67.105659,111.78289,0.021867,45.193703,-16.076874,504.45813,147.041107,468.480865,-179.808533,0.146681,179.973618,781,False,True,159,1731,True,
437,/kuka/axis_move/feedback_json,std_msgs/msg/String,2026-08-27T21:42:17.578649-04:00,1787881337,578621992,1787881337578621992,124.330621,,,,9032,9031,1,0,0,9032,AxisTarget,1,True,True,True,False,-16.252867,-67.250938,111.683136,0.023786,45.430531,-16.078367,504.55658,147.067947,470.325714,-179.808731,0.153456,179.973175,781,False,True,159,1731,True,
438,/kuka/axis_move/feedback_json,std_msgs/msg/String,2026-08-27T21:42:17.702923-04:00,1787881337,702899745,1787881337702899745,124.277753,,,,9033,9032,1,0,0,9033,AxisTarget,1,True,True,True,False,-16.252888,-67.38343,111.591843,0.025549,45.649311,-16.079758,504.639923,147.09053,472.000458,-179.808929,0.159603,179.972778,781,False,True,159,1732,True,
439,/kuka/axis_move/feedback_json,std_msgs/msg/String,2026-08-27T21:42:17.830692-04:00,1787881337,830645379,1787881337830645379,127.745634,,,,9034,9033,1,0,0,9034,AxisTarget,1,True,True,True,True,-16.252913,-67.529182,111.491425,0.027488,45.889473,-16.08128,504.727112,147.114014,473.891632,-179.809158,0.166539,179.972336,781,False,True,159,1732,True,
440,/kuka/axis_move/feedback_json,std_msgs/msg/String,2026-08-27T21:42:17.957156-04:00,1787881337,957137888,1787881337957137888,126.492509,,,,9035,9034,1,0,0,9035,AxisTarget,1,True,True,True,False,-16.252937,-67.680466,111.387306,0.029495,46.138012,-16.082853,504.805603,147.134964,475.747772,-179.809402,0.173341,179.971924,781,False,True,159,1732,True,
441,/kuka/axis_move/feedback_json,std_msgs/msg/String,2026-08-27T21:42:18.086192-04:00,1787881338,86180724,1787881338086180724,129.042836,,,,9036,9035,1,0,0,9036,AxisTarget,1,True,True,True,False,-16.252964,-67.827026,111.286438,0.03144,46.386555,-16.084425,504.879303,147.15448,477.666077,-179.809662,0.180367,179.971497,781,False,True,159,1732,True,
442,/kuka/axis_move/feedback_json,std_msgs/msg/String,2026-08-27T21:42:18.214656-04:00,1787881338,214627356,1787881338214627356,128.446632,,,,9037,9036,1,0,0,9037,AxisTarget,1,True,True,True,False,-16.252995,-67.987778,111.175812,0.033573,46.64286,-16.086046,504.94754,147.172333,479.64679,-179.809937,0.187616,179.971069,781,False,True,159,1732,True,
443,/kuka/axis_move/feedback_json,std_msgs/msg/String,2026-08-27T21:42:18.340750-04:00,1787881338,340726702,1787881338340726702,126.099346,,,,9038,9037,1,0,0,9038,AxisTarget,1,True,True,True,False,-16.253027,-68.134346,111.074951,0.035518,46.883633,-16.087568,505.004425,147.186996,481.509613,-179.810196,0.194429,179.970688,781,False,True,159,1732,True,
444,/kuka/axis_move/feedback_json,std_msgs/msg/String,2026-08-27T21:42:18.470489-04:00,1787881338,470466745,1787881338470466745,129.740043,,,,9039,9038,1,0,0,9039,AxisTarget,1,True,True,True,False,-16.253059,-68.280914,110.97084,0.037526,47.132175,-16.08914,505.055786,147.200012,483.434784,-179.810486,0.201466,179.970291,781,False,True,159,1732,True,
445,/kuka/axis_move/feedback_json,std_msgs/msg/String,2026-08-27T21:42:18.594839-04:00,1787881338,594832105,1787881338594832105,124.36536,,,,9040,9039,1,0,0,9040,AxisTarget,1,True,True,True,False,-16.253098,-68.436935,110.86673,0.039534,47.380714,-16.09071,505.100922,147.211151,485.422424,-179.810791,0.208726,179.96991,781,False,True,159,1732,True,
446,/kuka/axis_move/feedback_json,std_msgs/msg/String,2026-08-27T21:42:18.718349-04:00,1787881338,718333789,1787881338718333789,123.501684,,,,9041,9040,1,0,0,9041,AxisTarget,1,True,True,True,False,-16.253134,-68.583504,110.765877,0.041478,47.621407,-16.092228,505.136078,147.219498,487.291687,-179.811096,0.21555,179.969559,781,False,True,159,1732,True,
447,/kuka/axis_move/feedback_json,std_msgs/msg/String,2026-08-27T21:42:18.842619-04:00,1787881338,842590836,1787881338842590836,124.257047,,,,9042,9041,1,0,0,9042,AxisTarget,1,True,True,True,False,-16.253168,-68.717087,110.67437,0.043235,47.837975,-16.09359,505.161621,147.225235,488.969177,-179.811371,0.221671,179.969238,781,False,True,159,1733,True,
448,/kuka/axis_move/feedback_json,std_msgs/msg/String,2026-08-27T21:42:18.966905-04:00,1787881338,966874033,1787881338966874033,124.283197,,,,9043,9042,1,0,0,9043,AxisTarget,1,True,True,True,True,-16.253204,-68.854256,110.579567,0.045071,48.066242,-16.095037,505.181915,147.229401,490.690582,-179.811676,0.227947,179.968933,781,False,True,159,1733,True,
449,/kuka/axis_move/feedback_json,std_msgs/msg/String,2026-08-27T21:42:19.096470-04:00,1787881339,96459800,1787881339096459800,129.585767,,,,9044,9043,1,0,0,9044,AxisTarget,1,True,True,True,False,-16.253242,-69.000824,110.478706,0.047016,48.307018,-16.096558,505.197601,147.231979,492.624817,-179.812012,0.234996,179.968597,781,False,True,159,1733,True,
450,/kuka/axis_move/feedback_json,std_msgs/msg/String,2026-08-27T21:42:19.221500-04:00,1787881339,221472045,1787881339221472045,125.012245,,,,9045,9044,1,0,0,9045,AxisTarget,1,True,True,True,False,-16.253281,-69.152122,110.374596,0.049023,48.555557,-16.098125,505.20575,147.232346,494.562256,-179.812378,0.242052,179.968262,781,False,True,159,1733,True,
451,/kuka/axis_move/feedback_json,std_msgs/msg/String,2026-08-27T21:42:19.346755-04:00,1787881339,346722026,1787881339346722026,125.249981,,,,9046,9045,1,0,0,9046,AxisTarget,1,True,True,True,False,-16.253319,-69.303421,110.270485,0.051029,48.8041,-16.099693,505.206482,147.230591,496.44104,-179.812744,0.24889,179.967957,781,False,True,159,1733,True,
452,/kuka/axis_move/feedback_json,std_msgs/msg/String,2026-08-27T21:42:19.472884-04:00,1787881339,472861782,1787881339472861782,126.139756,,,,9047,9046,1,0,0,9047,AxisTarget,1,True,True,True,False,-16.253353,-69.449989,110.169624,0.052972,49.044872,-16.101212,505.200104,147.226746,498.321716,-179.81311,0.255731,179.967651,781,False,True,159,1733,True,
453,/kuka/axis_move/feedback_json,std_msgs/msg/String,2026-08-27T21:42:19.594518-04:00,1787881339,594496093,1787881339594496093,121.634311,,,,9048,9047,1,0,0,9048,AxisTarget,1,True,True,True,False,-16.253389,-69.596558,110.068764,0.054913,49.285645,-16.102728,505.186127,147.220581,500.264954,-179.813522,0.262796,179.967346,781,False,True,159,1733,True,
454,/kuka/axis_move/feedback_json,std_msgs/msg/String,2026-08-27T21:42:19.720520-04:00,1787881339,720509003,1787881339720509003,126.01291,,,,9049,9048,1,0,0,9049,AxisTarget,1,True,True,True,False,-16.253424,-69.743126,109.967896,0.056853,49.526421,-16.104242,505.166107,147.212784,502.088501,-179.813904,0.269422,179.967072,781,False,True,159,1733,True,
455,/kuka/axis_move/feedback_json,std_msgs/msg/String,2026-08-27T21:42:19.842707-04:00,1787881339,842639112,1787881339842639112,122.130109,,,,9050,9049,1,0,0,9050,AxisTarget,1,True,True,True,False,-16.253456,-69.889694,109.867035,0.058792,49.767193,-16.105757,505.137421,147.202286,504.035431,-179.814346,0.276493,179.966797,781,False,True,159,1733,True,
456,/kuka/axis_move/feedback_json,std_msgs/msg/String,2026-08-27T21:42:19.966620-04:00,1787881339,966591914,1787881339966591914,123.952802,,,,9051,9050,1,0,0,9051,AxisTarget,1,True,True,True,False,-16.253489,-70.036255,109.766167,0.06073,50.007965,-16.107271,505.103607,147.19043,505.862366,-179.814758,0.283124,179.966537,781,False,True,159,1733,True,
457,/kuka/axis_move/feedback_json,std_msgs/msg/String,2026-08-27T21:42:20.094573-04:00,1787881340,94545389,1787881340094545389,127.953475,,,,9052,9051,1,0,0,9052,AxisTarget,1,True,True,True,False,-16.253521,-70.182823,109.665298,0.062666,50.248741,-16.108782,505.061676,147.176102,507.751892,-179.815201,0.28998,179.966278,781,False,True,159,1734,True,
458,/kuka/axis_move/feedback_json,std_msgs/msg/String,2026-08-27T21:42:20.222714-04:00,1787881340,222660218,1787881340222660218,128.114829,,,,9053,9052,1,0,0,9053,AxisTarget,1,True,True,True,True,-16.253553,-70.334114,109.56118,0.064665,50.49728,-16.110344,505.009125,147.158524,509.765167,-179.815689,0.29728,179.966003,781,False,True,159,1734,True,
459,/kuka/axis_move/feedback_json,std_msgs/msg/String,2026-08-27T21:42:20.350815-04:00,1787881340,350786538,1787881340350786538,128.12632,,,,9054,9053,1,0,0,9054,AxisTarget,1,True,True,True,False,-16.253584,-70.485405,109.457054,0.066727,50.753586,-16.111954,504.950439,147.139206,511.719208,-179.816177,0.304362,179.965759,781,False,True,159,1734,True,
460,/kuka/axis_move/feedback_json,std_msgs/msg/String,2026-08-27T21:42:20.477384-04:00,1787881340,477362204,1787881340477362204,126.575666,,,,9055,9054,1,0,0,9055,AxisTarget,1,True,True,True,False,-16.253616,-70.636696,109.352936,0.068663,50.994362,-16.113464,504.886261,147.118347,513.613831,-179.816666,0.311225,179.96553,781,False,True,159,1734,True,
461,/kuka/axis_move/feedback_json,std_msgs/msg/String,2026-08-27T21:42:20.598281-04:00,1787881340,598270950,1787881340598270950,120.908746,,,,9056,9055,1,0,0,9056,AxisTarget,1,True,True,True,False,-16.253647,-70.783257,109.252068,0.070601,51.235134,-16.114979,504.812439,147.094604,515.571228,-179.817184,0.318311,179.965302,781,False,True,159,1734,True,
462,/kuka/axis_move/feedback_json,std_msgs/msg/String,2026-08-27T21:42:20.726904-04:00,1787881340,726869274,1787881340726869274,128.598324,,,,9057,9056,1,0,0,9057,AxisTarget,1,True,True,True,False,-16.253677,-70.929817,109.151207,0.072542,51.475906,-16.116495,504.733612,147.069427,517.468994,-179.817703,0.325176,179.965088,781,False,True,159,1734,True,
463,/kuka/axis_move/feedback_json,std_msgs/msg/String,2026-08-27T21:42:20.854565-04:00,1787881340,854544168,1787881340854544168,127.674894,,,,9058,9057,1,0,0,9058,AxisTarget,1,True,True,True,False,-16.253708,-71.081108,109.047089,0.074548,51.724449,-16.118063,504.644653,147.041214,519.429565,-179.818253,0.332261,179.96489,781,False,True,159,1734,True,
464,/kuka/axis_move/feedback_json,std_msgs/msg/String,2026-08-27T21:42:20.978233-04:00,1787881340,978211610,1787881340978211610,123.667442,,,,9059,9058,1,0,0,9059,AxisTarget,1,True,True,True,False,-16.253736,-71.232391,108.942978,0.076558,51.972988,-16.119633,504.551117,147.011703,521.330322,-179.818802,0.339124,179.964691,781,False,True,159,1734,True,
465,/kuka/axis_move/feedback_json,std_msgs/msg/String,2026-08-27T21:42:21.106659-04:00,1787881341,106637565,1787881341106637565,128.425955,,,,9060,9059,1,0,0,9060,AxisTarget,1,True,True,True,False,-16.253765,-71.378952,108.838867,0.07857,52.221527,-16.121204,504.44696,146.979004,523.293945,-179.819382,0.346208,179.964523,781,False,True,159,1734,True,
466,/kuka/axis_move/feedback_json,std_msgs/msg/String,2026-08-27T21:42:21.235012-04:00,1787881341,234984091,1787881341234984091,128.346526,,,,9061,9060,1,0,0,9061,AxisTarget,1,True,True,True,True,-16.253794,-71.530235,108.738014,0.080583,52.47007,-16.12278,504.335052,146.944031,525.259033,-179.819977,0.353293,179.964355,781,False,True,159,1735,False,
467,/kuka/axis_move/feedback_json,std_msgs/msg/String,2026-08-27T21:42:21.359759-04:00,1787881341,359722211,1787881341359722211,124.73812,,,,9062,9061,1,0,0,9062,AxisTarget,1,True,True,True,False,-16.253822,-71.681519,108.633904,0.082534,52.710842,-16.124304,504.219269,146.90799,527.164185,-179.820572,0.360158,179.964188,781,False,True,159,1735,False,
468,/kuka/axis_move/feedback_json,std_msgs/msg/String,2026-08-27T21:42:21.486079-04:00,1787881341,486068001,1787881341486068001,126.34579,,,,9063,9062,1,0,0,9063,AxisTarget,1,True,True,True,False,-16.253849,-71.828072,108.533051,0.084485,52.951614,-16.12583,504.096191,146.869797,529.070679,-179.821182,0.367025,179.96405,781,False,True,159,1735,False,
469,/kuka/axis_move/feedback_json,std_msgs/msg/String,2026-08-27T21:42:21.609636-04:00,1787881341,609602357,1787881341609602357,123.534356,,,,9064,9063,1,0,0,9064,AxisTarget,1,True,True,True,False,-16.253876,-71.974632,108.432198,0.086435,53.19239,-16.127352,503.961517,146.82814,531.040039,-179.821823,0.374118,179.963898,781,False,True,159,1735,False,
470,/kuka/axis_move/feedback_json,std_msgs/msg/String,2026-08-27T21:42:21.734655-04:00,1787881341,734632294,1787881341734632294,125.029937,,,,9065,9064,1,0,0,9065,AxisTarget,1,True,True,True,False,-16.253902,-72.125923,108.328087,0.088444,53.440929,-16.12892,503.823608,146.785583,532.94928,-179.822464,0.380996,179.963776,781,False,True,159,1735,False,
471,/kuka/axis_move/feedback_json,std_msgs/msg/String,2026-08-27T21:42:21.860702-04:00,1787881341,860658385,1787881341860658385,126.026091,,,,9066,9065,1,0,0,9066,AxisTarget,1,True,True,True,False,-16.253923,-72.267761,108.230484,0.090324,53.673935,-16.130386,503.678406,146.740875,534.859802,-179.823105,0.387881,179.963638,781,False,True,159,1735,False,
472,/kuka/axis_move/feedback_json,std_msgs/msg/String,2026-08-27T21:42:21.982810-04:00,1787881341,982780256,1787881341982780256,122.121871,,,,9067,9066,1,0,0,9067,AxisTarget,1,True,True,True,False,-16.253944,-72.413795,108.127113,0.092307,53.919384,-16.131922,503.526031,146.694031,536.770081,-179.823776,0.394767,179.963516,781,False,True,159,1735,False,
473,/kuka/axis_move/feedback_json,std_msgs/msg/String,2026-08-27T21:42:22.110731-04:00,1787881342,110703844,1787881342110703844,127.923588,,,,9068,9067,1,0,0,9068,AxisTarget,1,True,True,True,False,-16.253963,-72.552094,108.034821,0.094087,54.141026,-16.133316,503.381042,146.649567,538.508667,-179.824387,0.401033,179.963394,781,False,True,159,1735,False,
474,/kuka/axis_move/feedback_json,std_msgs/msg/String,2026-08-27T21:42:22.234531-04:00,1787881342,234509472,1787881342234509472,123.805628,,,,9069,9068,1,0,0,9069,AxisTarget,1,True,True,True,False,-16.253984,-72.698669,107.93396,0.096027,54.381798,-16.134827,503.209106,146.596924,540.483887,-179.825104,0.408149,179.963287,781,False,True,159,1735,False,
475,/kuka/axis_move/feedback_json,std_msgs/msg/String,2026-08-27T21:42:22.358427-04:00,1787881342,358416660,1787881342358416660,123.907188,,,,9070,9069,1,0,0,9070,AxisTarget,1,True,True,True,False,-16.254011,-72.84996,107.829849,0.098032,54.630341,-16.136387,503.035004,146.543777,542.399109,-179.825806,0.415041,179.963181,781,False,True,159,1735,False,
476,/kuka/axis_move/feedback_json,std_msgs/msg/String,2026-08-27T21:42:22.485581-04:00,1787881342,485510555,1787881342485510555,127.093895,,,,9071,9070,1,0,0,9071,AxisTarget,1,True,True,True,False,-16.254049,-72.996513,107.728996,0.099976,54.871113,-16.137896,502.847534,146.48674,544.377136,-179.826523,0.422144,179.963089,781,False,True,159,1735,False,
477,/kuka/axis_move/feedback_json,std_msgs/msg/String,2026-08-27T21:42:22.614612-04:00,1787881342,614582544,1787881342614582544,129.071989,,,,9072,9071,1,0,0,9072,AxisTarget,1,True,True,True,False,-16.254089,-73.147797,107.624893,0.101984,55.119591,-16.139456,502.658417,146.429321,546.294495,-179.82724,0.429024,179.963013,781,False,True,159,1735,False,
478,/kuka/axis_move/feedback_json,std_msgs/msg/String,2026-08-27T21:42:23.258404-04:00,1787881343,258370120,1787881343258370120,643.787576,,,,9073,9072,1,0,0,9073,AxisTarget,1,True,True,True,False,-16.254101,-73.235397,107.567802,0.103,55.2402,-16.1402,502.516785,146.386246,547.688965,-179.827835,0.434152,179.962906,782,False,True,160,1739,True,
479,/kuka/axis_move/feedback_json,std_msgs/msg/String,2026-08-27T21:42:23.890891-04:00,1787881343,890860687,1787881343890860687,632.490567,,,,9074,9073,1,0,0,9074,AxisTarget,1,True,True,True,True,-11.99523,-71.010002,104.894279,0.071986,55.719353,-11.684127,529.170898,113.174217,545.057434,-179.862244,0.389384,179.979706,783,False,True,160,1743,True,
480,/kuka/axis_move/feedback_json,std_msgs/msg/String,2026-08-27T21:42:24.018248-04:00,1787881344,18220314,1787881344018220314,127.359627,,,,9075,9074,1,0,0,9075,AxisTarget,1,True,True,True,True,-10.717619,-70.352989,104.117607,0.063125,55.85413,-10.450588,536.715637,102.561325,544.148315,-179.872528,0.375893,179.983414,783,False,True,160,1744,True,
481,/kuka/axis_move/feedback_json,std_msgs/msg/String,2026-08-27T21:42:24.147106-04:00,1787881344,147093148,1787881344147093148,128.872834,,,,9076,9075,1,0,0,9076,AxisTarget,1,True,True,True,False,-9.444912,-69.690628,103.324966,0.053972,55.995148,-9.144149,544.007629,91.696358,543.187378,-179.882751,0.362426,179.986511,783,False,True,160,1744,True,
482,/kuka/axis_move/feedback_json,std_msgs/msg/String,2026-08-27T21:42:24.271117-04:00,1787881344,271106021,1787881344271106021,124.012873,,,,9077,9076,1,0,0,9077,AxisTarget,1,True,True,True,False,-8.08175,-68.987473,102.491226,0.044423,56.140633,-7.809724,551.721436,79.47345,542.072815,-179.893936,0.347745,179.989182,783,False,True,160,1745,True,
483,/kuka/axis_move/feedback_json,std_msgs/msg/String,2026-08-27T21:42:24.394742-04:00,1787881344,394731340,1787881344394731340,123.625319,,,,9078,9077,1,0,0,9078,AxisTarget,1,True,True,True,True,-6.888335,-68.368141,101.751892,0.035887,56.271629,-6.55515,558.367249,68.263832,541.021362,-179.903931,0.334695,179.990952,783,False,True,160,1745,True,
484,/kuka/axis_move/feedback_json,std_msgs/msg/String,2026-08-27T21:42:24.522160-04:00,1787881344,522137367,1787881344522137367,127.406027,,,,9079,9078,1,0,0,9079,AxisTarget,1,True,True,True,False,-5.505918,-67.653038,100.901306,0.026108,56.421104,-5.221803,565.328735,55.752113,539.816223,-179.91478,0.320564,179.992233,783,False,True,160,1746,True,
485,/kuka/axis_move/feedback_json,std_msgs/msg/String,2026-08-27T21:42:24.646276-04:00,1787881344,646245770,1787881344646245770,124.108403,,,,9080,9079,1,0,0,9080,AxisTarget,1,True,True,True,True,-4.208655,-66.984871,100.10981,0.017044,56.559185,-3.954136,571.864685,43.180744,538.573669,-179.925385,0.30681,179.992813,783,False,True,160,1746,True,
486,/kuka/axis_move/feedback_json,std_msgs/msg/String,2026-08-27T21:42:24.774363-04:00,1787881344,774352109,1787881344774352109,128.106339,,,,9081,9080,1,0,0,9081,AxisTarget,1,True,True,True,False,-2.913329,-66.311882,99.306015,0.007466,56.706139,-2.596632,578.116455,30.284195,537.267578,-179.936005,0.293153,179.992752,783,False,True,160,1746,True,
487,/kuka/axis_move/feedback_json,std_msgs/msg/String,2026-08-27T21:42:24.902821-04:00,1787881344,902813932,1787881344902813932,128.461823,,,,9082,9081,1,0,0,9082,AxisTarget,1,True,True,True,False,-1.532514,-65.597992,98.45742,-0.001964,56.8503,-1.27061,584.31366,16.505306,535.838867,-179.947067,0.279074,179.991989,783,False,True,160,1747,True,
488,/kuka/axis_move/feedback_json,std_msgs/msg/String,2026-08-27T21:42:25.030863-04:00,1787881345,30857204,1787881345030857204,128.043272,,,,9083,9082,1,0,0,9083,AxisTarget,1,True,True,True,True,-0.348745,-64.989426,97.737541,-0.010183,56.975624,-0.120473,589.402161,4.308734,534.546631,-179.956665,0.267038,179.990768,783,False,True,160,1747,True,
489,/kuka/axis_move/feedback_json,std_msgs/msg/String,2026-08-27T21:42:25.155151-04:00,1787881345,155138634,1787881345155138634,124.28143,,,,9084,9083,1,0,0,9084,AxisTarget,1,True,True,True,False,0.959491,-64.308571,96.923042,-0.01958,57.120205,1.217059,594.394531,-8.589105,533.152588,-179.966614,0.254702,179.988937,783,False,True,160,1747,True,
490,/kuka/axis_move/feedback_json,std_msgs/msg/String,2026-08-27T21:42:25.283008-04:00,1787881345,282996722,1787881345282996722,127.858088,,,,9085,9084,1,0,0,9085,AxisTarget,1,True,True,True,False,2.247597,-63.646156,96.140213,-0.028512,57.255806,2.455684,599.289978,-22.328745,531.637207,-179.977005,0.241938,179.98642,783,False,True,160,1748,True,
491,/kuka/axis_move/feedback_json,std_msgs/msg/String,2026-08-27T21:42:25.407276-04:00,1787881345,407264226,1787881345407264226,124.267504,,,,9086,9085,1,0,0,9086,AxisTarget,1,True,True,True,True,3.310251,-63.094563,95.481201,-0.036128,57.373039,3.543082,603.128052,-34.032635,530.322327,-179.985718,0.231387,179.983826,783,False,True,160,1748,True,
492,/kuka/axis_move/feedback_json,std_msgs/msg/String,2026-08-27T21:42:25.535228-04:00,1787881345,535216511,1787881345535216511,127.952285,,,,9087,9086,1,0,0,9087,AxisTarget,1,True,True,True,False,4.609423,-62.402691,94.659416,-0.04554,57.516682,4.860908,607.339661,-48.062847,528.718018,-179.995956,0.219212,179.98024,783,False,True,160,1749,True,
493,/kuka/axis_move/feedback_json,std_msgs/msg/String,2026-08-27T21:42:25.659105-04:00,1787881345,659099645,1787881345659099645,123.883134,,,,9088,9087,1,0,0,9088,AxisTarget,1,True,True,True,True,5.603778,-61.913166,94.081886,-0.052114,57.616859,5.779706,610.391663,-59.209393,527.422241,179.996033,0.209926,179.977051,783,False,True,160,1749,True,
494,/kuka/axis_move/feedback_json,std_msgs/msg/String,2026-08-27T21:42:25.786910-04:00,1787881345,786898241,1787881345786898241,127.798596,,,,9089,9088,1,0,0,9089,AxisTarget,1,True,True,True,False,6.737992,-61.322624,93.353584,-0.060501,57.745667,6.968075,613.483948,-71.587791,525.961121,179.987274,0.199933,179.973129,783,False,True,160,1750,False,
495,/kuka/axis_move/feedback_json,std_msgs/msg/String,2026-08-27T21:42:25.914702-04:00,1787881345,914647365,1787881345914647365,127.749124,,,,9090,9089,1,0,0,9090,AxisTarget,1,True,True,True,True,7.647755,-60.858227,92.829933,-0.066455,57.835854,7.791565,615.808472,-81.815414,524.736389,179.980133,0.191885,179.96962,783,False,True,160,1750,False,
496,/kuka/axis_move/feedback_json,std_msgs/msg/String,2026-08-27T21:42:26.038821-04:00,1787881346,38810305,1787881346038810305,124.16294,,,,9091,9090,1,0,0,9091,AxisTarget,1,True,True,True,False,8.629644,-60.348469,92.222092,-0.073467,57.942841,8.775837,618.131165,-93.07502,523.369995,179.972351,0.183298,179.965454,783,False,True,160,1750,False,
497,/kuka/axis_move/feedback_json,std_msgs/msg/String,2026-08-27T21:42:26.162655-04:00,1787881346,162626449,1787881346162626449,123.816144,,,,9092,9091,1,0,0,9092,AxisTarget,1,True,True,True,False,9.307282,-60.000221,91.809929,-0.078216,58.014866,9.439208,619.608765,-100.938072,522.40448,179.966965,0.177503,179.962372,783,False,True,160,1750,False,
498,/kuka/axis_move/feedback_json,std_msgs/msg/String,2026-08-27T21:42:26.295179-04:00,1787881346,295162299,1787881346295162299,132.53585,,,,9093,9092,1,0,0,9093,AxisTarget,1,True,True,True,False,10.02264,-59.634632,91.380775,-0.083152,58.089806,10.118836,621.053284,-109.31086,521.366516,179.961273,0.171443,179.958984,783,False,True,160,1750,False,
499,/kuka/axis_move/feedback_json,std_msgs/msg/String,2026-08-27T21:42:26.418829-04:00,1787881346,418800550,1787881346418800550,123.638251,,,,9094,9093,1,0,0,9094,AxisTarget,1,True,True,True,False,10.477416,-59.403393,91.110542,-0.086059,58.133804,10.515105,621.917358,-114.725075,520.690186,179.957626,0.167629,179.956741,783,False,True,160,1750,False,
500,/kuka/axis_move/feedback_json,std_msgs/msg/String,2026-08-27T21:42:26.546729-04:00,1787881346,546697674,1787881346546697674,127.897124,,,,9095,9094,1,0,0,9095,AxisTarget,1,True,True,True,False,10.560898,-59.364201,91.068398,-0.0865,58.139702,10.5634,622.09436,-115.878098,520.545959,179.956879,0.166918,179.956268,783,False,True,160,1750,False,
501,/kuka/axis_move/feedback_json,std_msgs/msg/String,2026-08-27T21:42:27.034220-04:00,1787881347,34197339,1787881347034197339,487.499665,,,,9096,9095,1,0,0,9096,AxisTarget,1,True,True,True,False,10.5609,-59.364201,91.068398,-0.0865,58.139702,10.5634,622.09436,-115.878098,520.545959,179.956879,0.166918,179.956268,784,False,True,161,1754,True,
502,/kuka/axis_move/feedback_json,std_msgs/msg/String,2026-08-27T21:42:27.165633-04:00,1787881347,165605833,1787881347165605833,131.408494,,,,9097,9096,1,0,0,9097,AxisTarget,1,True,True,True,True,10.561634,-59.328712,91.098724,-0.087389,58.055389,10.56388,622.113586,-115.886826,520.205261,179.956299,0.167275,179.955978,784,False,True,161,1755,True,
503,/kuka/axis_move/feedback_json,std_msgs/msg/String,2026-08-27T21:42:27.290621-04:00,1787881347,290591870,1787881347290591870,124.986037,,,,9098,9097,1,0,0,9098,AxisTarget,1,True,True,True,False,10.564771,-59.191662,91.204918,-0.090223,57.808296,10.565169,622.227173,-115.939491,518.116333,179.952698,0.169483,179.954224,784,False,True,161,1755,True,
504,/kuka/axis_move/feedback_json,std_msgs/msg/String,2026-08-27T21:42:27.418862-04:00,1787881347,418825659,1787881347418825659,128.233789,,,,9099,9098,1,0,0,9099,AxisTarget,1,True,True,True,False,10.567787,-59.0588,91.307404,-0.092929,57.571102,10.566384,622.333374,-115.990303,516.033325,179.949127,0.1718,179.952515,784,False,True,161,1756,True,
505,/kuka/axis_move/feedback_json,std_msgs/msg/String,2026-08-27T21:42:27.542462-04:00,1787881347,542434467,1787881347542434467,123.608808,,,,9100,9099,1,0,0,9100,AxisTarget,1,True,True,True,True,10.570936,-58.9198,91.41468,-0.095762,57.322624,10.567657,622.436157,-116.041748,513.863037,179.945404,0.174237,179.95076,784,False,True,161,1756,True,
506,/kuka/axis_move/feedback_json,std_msgs/msg/String,2026-08-27T21:42:27.669898-04:00,1787881347,669882216,1787881347669882216,127.447749,,,,9101,9100,1,0,0,9101,AxisTarget,1,True,True,True,False,10.573992,-58.785023,91.518661,-0.098509,57.081848,10.568885,622.531067,-116.091866,511.688477,179.94162,0.176677,179.94902,784,False,True,161,1756,True,
507,/kuka/axis_move/feedback_json,std_msgs/msg/String,2026-08-27T21:42:27.800108-04:00,1787881347,800084601,1787881347800084601,130.202385,,,,9102,9101,1,0,0,9102,AxisTarget,1,True,True,True,False,10.577057,-58.645893,91.625999,-0.10135,56.833309,10.570144,622.615295,-116.139084,509.583099,179.937943,0.179032,179.947342,784,False,True,161,1756,True,
508,/kuka/axis_move/feedback_json,std_msgs/msg/String,2026-08-27T21:42:27.926943-04:00,1787881347,926912106,1787881347926912106,126.827505,,,,9103,9102,1,0,0,9103,AxisTarget,1,True,True,True,False,10.580418,-58.503014,91.736069,-0.104262,56.579353,10.57142,622.696472,-116.187874,507.345062,179.933975,0.18153,179.945572,784,False,True,161,1756,True,
509,/kuka/axis_move/feedback_json,std_msgs/msg/String,2026-08-27T21:42:28.055138-04:00,1787881348,55109659,1787881348055109659,128.197553,,,,9104,9103,1,0,0,9104,AxisTarget,1,True,True,True,False,10.583293,-58.376888,91.833496,-0.106849,56.352894,10.57256,622.762695,-116.230835,505.314728,179.930344,0.183794,179.94397,784,False,True,161,1757,True,
510,/kuka/axis_move/feedback_json,std_msgs/msg/String,2026-08-27T21:42:28.184156-04:00,1787881348,184151565,1787881348184151565,129.041906,,,,9105,9104,1,0,0,9105,AxisTarget,1,True,True,True,True,10.586466,-58.237808,91.940804,-0.109695,56.104362,10.57381,622.8255,-116.275246,503.149078,179.926453,0.186206,179.942276,784,False,True,161,1757,True,
511,/kuka/axis_move/feedback_json,std_msgs/msg/String,2026-08-27T21:42:28.310720-04:00,1787881348,310705463,1787881348310705463,126.553898,,,,9106,9105,1,0,0,9106,AxisTarget,1,True,True,True,False,10.589741,-58.094318,92.051498,-0.112629,55.848057,10.575102,622.880371,-116.31826,500.981384,179.922546,0.188619,179.940598,784,False,True,161,1757,True,
512,/kuka/axis_move/feedback_json,std_msgs/msg/String,2026-08-27T21:42:28.442500-04:00,1787881348,442472423,1787881348442472423,131.76696,,,,9107,9106,1,0,0,9107,AxisTarget,1,True,True,True,False,10.592917,-57.955177,92.162193,-0.115563,55.591747,10.576399,622.927124,-116.359787,498.815155,179.918625,0.191025,179.938919,784,False,True,161,1757,True,
513,/kuka/axis_move/feedback_json,std_msgs/msg/String,2026-08-27T21:42:28.566906-04:00,1787881348,566866486,1787881348566866486,124.394063,,,,9108,9107,1,0,0,9108,AxisTarget,1,True,True,True,False,10.596094,-57.816032,92.266174,-0.118319,55.350975,10.577623,622.966858,-116.40107,496.582825,179.914551,0.193498,179.937225,784,False,True,161,1757,True,
514,/kuka/axis_move/feedback_json,std_msgs/msg/String,2026-08-27T21:42:28.694645-04:00,1787881348,694634358,1787881348694634358,127.767872,,,,9109,9108,1,0,0,9109,AxisTarget,1,True,True,True,False,10.599174,-57.681236,92.370171,-0.121074,55.110203,10.578854,622.996338,-116.438416,494.487305,179.910721,0.195815,179.935638,784,False,True,161,1757,True,
515,/kuka/axis_move/feedback_json,std_msgs/msg/String,2026-08-27T21:42:28.820860-04:00,1787881348,820844642,1787881348820844642,126.210284,,,,9110,9109,1,0,0,9110,AxisTarget,1,True,True,True,False,10.602332,-57.543213,92.47641,-0.123883,54.865498,10.580104,623.018738,-116.475403,492.332855,179.906769,0.198192,179.934021,784,False,True,161,1757,True,
516,/kuka/axis_move/feedback_json,std_msgs/msg/String,2026-08-27T21:42:28.946224-04:00,1787881348,946191159,1787881348946191159,125.346517,,,,9111,9110,1,0,0,9111,AxisTarget,1,True,True,True,True,10.605206,-57.417267,92.573715,-0.126466,54.639221,10.581266,623.03186,-116.50663,490.444458,179.90329,0.200274,179.932617,784,False,True,161,1758,True,
517,/kuka/axis_move/feedback_json,std_msgs/msg/String,2026-08-27T21:42:29.074989-04:00,1787881349,74983601,1787881349074983601,128.792442,,,,9112,9111,1,0,0,9112,AxisTarget,1,True,True,True,False,10.608273,-57.282928,92.677444,-0.129216,54.398758,10.5825,623.039246,-116.540672,488.304321,179.899323,0.202633,179.93103,784,False,True,161,1758,True,
518,/kuka/axis_move/feedback_json,std_msgs/msg/String,2026-08-27T21:42:29.198609-04:00,1787881349,198587408,1787881349198587408,123.603807,,,,9113,9112,1,0,0,9113,AxisTarget,1,True,True,True,False,10.611451,-57.14378,92.78479,-0.13206,54.150219,10.583774,623.038696,-116.57354,486.147552,179.895294,0.205009,179.929459,784,False,True,161,1758,True,
519,/kuka/axis_move/feedback_json,std_msgs/msg/String,2026-08-27T21:42:29.322658-04:00,1787881349,322647099,1787881349322647099,124.059691,,,,9114,9113,1,0,0,9114,AxisTarget,1,True,True,True,False,10.614429,-57.008984,92.888779,-0.134815,53.909443,10.585007,623.030945,-116.602989,484.127228,179.89151,0.207235,179.927994,784,False,True,161,1758,True,
520,/kuka/axis_move/feedback_json,std_msgs/msg/String,2026-08-27T21:42:29.450934-04:00,1787881349,450921532,1787881349450921532,128.274433,,,,9115,9114,1,0,0,9115,AxisTarget,1,True,True,True,False,10.617604,-56.869843,92.996132,-0.137657,53.660904,10.586276,623.014832,-116.63295,481.973938,179.887451,0.209608,179.926453,784,False,True,161,1758,True,
521,/kuka/axis_move/feedback_json,std_msgs/msg/String,2026-08-27T21:42:29.573484-04:00,1787881349,573456068,1787881349573456068,122.534536,,,,9116,9115,1,0,0,9116,AxisTarget,1,True,True,True,False,10.620678,-56.739403,93.096771,-0.140321,53.427898,10.587465,622.991638,-116.66053,479.889709,179.883514,0.211907,179.924973,784,False,True,161,1758,True,
522,/kuka/axis_move/feedback_json,std_msgs/msg/String,2026-08-27T21:42:29.694802-04:00,1787881349,694760640,1787881349694760640,121.304572,,,,9117,9116,1,0,0,9117,AxisTarget,1,True,True,True,False,10.623748,-56.604618,93.200768,-0.143072,53.187122,10.588692,622.960938,-116.686699,477.80722,179.879547,0.214205,179.923508,784,False,True,161,1758,True,
523,/kuka/axis_move/feedback_json,std_msgs/msg/String,2026-08-27T21:42:29.819879-04:00,1787881349,819863144,1787881349819863144,125.102504,,,,9118,9117,1,0,0,9118,AxisTarget,1,True,True,True,False,10.626817,-56.469837,93.304764,-0.145823,52.94635,10.589916,622.922791,-116.711464,475.726532,179.875565,0.216502,179.922058,784,False,True,161,1759,False,
524,/kuka/axis_move/feedback_json,std_msgs/msg/String,2026-08-27T21:42:29.950639-04:00,1787881349,950628461,1787881349950628461,130.765317,,,,9119,9118,1,0,0,9119,AxisTarget,1,True,True,True,True,10.629885,-56.335056,93.408768,-0.148662,52.697811,10.591179,622.877136,-116.734833,473.647644,179.871582,0.218798,179.920639,784,False,True,161,1759,False,
525,/kuka/axis_move/feedback_json,std_msgs/msg/String,2026-08-27T21:42:30.074860-04:00,1787881350,74836071,1787881350074836071,124.20761,,,,9120,9119,1,0,0,9120,AxisTarget,1,True,True,True,False,10.633051,-56.195927,93.516121,-0.151412,52.457035,10.592403,622.822144,-116.757507,471.503571,179.867432,0.221164,179.919174,784,False,True,161,1759,False,
526,/kuka/axis_move/feedback_json,std_msgs/msg/String,2026-08-27T21:42:30.203152-04:00,1787881350,203135336,1787881350203135336,128.299265,,,,9121,9120,1,0,0,9121,AxisTarget,1,True,True,True,False,10.636217,-56.056797,93.623474,-0.154252,52.200729,10.593703,622.759277,-116.778709,469.361481,179.863266,0.223526,179.917725,784,False,True,161,1759,False,
527,/kuka/axis_move/feedback_json,std_msgs/msg/String,2026-08-27T21:42:30.330914-04:00,1787881350,330907833,1787881350330907833,127.772497,,,,9122,9121,1,0,0,9122,AxisTarget,1,True,True,True,False,10.639384,-55.917664,93.730827,-0.157096,51.959957,10.594918,622.690796,-116.797844,467.288177,179.859222,0.225808,179.916351,784,False,True,161,1759,False,
528,/kuka/axis_move/feedback_json,std_msgs/msg/String,2026-08-27T21:42:30.454586-04:00,1787881350,454554194,1787881350454554194,123.646361,,,,9123,9122,1,0,0,9123,AxisTarget,1,True,True,True,False,10.642551,-55.778526,93.838173,-0.159944,51.711414,10.596165,622.612366,-116.816154,465.149963,179.854996,0.228157,179.914932,784,False,True,161,1759,False,
529,/kuka/axis_move/feedback_json,std_msgs/msg/String,2026-08-27T21:42:30.582253-04:00,1787881350,582222336,1787881350582222336,127.668142,,,,9124,9123,1,0,0,9124,AxisTarget,1,True,True,True,False,10.645619,-55.643734,93.942177,-0.162704,51.470642,10.597369,622.526001,-116.832993,463.013763,179.850769,0.230501,179.913528,784,False,True,161,1759,False,
530,/kuka/axis_move/feedback_json,std_msgs/msg/String,2026-08-27T21:42:30.710254-04:00,1787881350,710242747,1787881350710242747,128.020411,,,,9125,9124,1,0,0,9125,AxisTarget,1,True,True,True,False,10.648786,-55.500244,94.052879,-0.165643,51.214336,10.59865,622.431763,-116.848358,460.879639,179.846512,0.23284,179.91214,784,False,True,161,1759,False,
531,/kuka/axis_move/feedback_json,std_msgs/msg/String,2026-08-27T21:42:30.834481-04:00,1787881350,834458334,1787881350834458334,124.215587,,,,9126,9125,1,0,0,9126,AxisTarget,1,True,True,True,False,10.651953,-55.365456,94.156876,-0.1684,50.97356,10.599864,622.333008,-116.861855,458.814331,179.842377,0.235112,179.910828,784,False,True,161,1759,False,
532,/kuka/axis_move/feedback_json,std_msgs/msg/String,2026-08-27T21:42:30.962805-04:00,1787881350,962783187,1787881350962783187,128.324853,,,,9127,9126,1,0,0,9127,AxisTarget,1,True,True,True,False,10.655021,-55.230698,94.260849,-0.171147,50.732788,10.601099,622.226929,-116.874001,456.751373,179.838257,0.237418,179.909531,784,False,True,161,1759,False,
533,/kuka/axis_move/feedback_json,std_msgs/msg/String,2026-08-27T21:42:31.089612-04:00,1787881351,89587173,1787881351089587173,126.803986,,,,9128,9127,1,0,0,9128,AxisTarget,1,True,True,True,False,10.657598,-55.120663,94.343285,-0.173284,50.553772,10.601974,622.123962,-116.883926,454.873444,179.834473,0.239532,179.908371,784,False,True,161,1759,False,
534,/kuka/axis_move/feedback_json,std_msgs/msg/String,2026-08-27T21:42:31.214686-04:00,1787881351,214644770,1787881351214644770,125.057597,,,,9129,9128,1,0,0,9129,AxisTarget,1,True,True,True,False,10.6578,-55.1134,94.3479,-0.1734,50.5466,10.602,622.113953,-116.884918,454.692261,179.834076,0.239746,179.908234,784,False,True,161,1759,False,
535,/kuka/axis_move/feedback_json,std_msgs/msg/String,2026-08-27T21:42:31.343778-04:00,1787881351,343753223,1787881351343753223,129.108453,,,,9130,9129,1,0,0,9130,AxisTarget,1,True,True,True,False,10.6578,-55.1134,94.3479,-0.1734,50.5466,10.602,622.113953,-116.884918,454.692261,179.834076,0.239746,179.908234,784,False,True,161,1759,False,
536,/kuka/axis_move/feedback_json,std_msgs/msg/String,2026-08-27T21:42:31.473377-04:00,1787881351,473348367,1787881351473348367,129.595144,,,,9131,9130,1,0,0,9131,AxisTarget,1,True,True,True,False,10.6578,-55.1134,94.3479,-0.1734,50.5466,10.602,622.113953,-116.884918,454.692261,179.834076,0.239746,179.908234,784,False,True,161,1759,False,
537,/kuka/axis_move/feedback_json,std_msgs/msg/String,2026-08-27T21:42:31.600258-04:00,1787881351,600247593,1787881351600247593,126.899226,,,,9132,9131,1,0,0,9132,AxisTarget,1,True,True,True,False,10.6578,-55.1134,94.3479,-0.1734,50.5466,10.602,622.113953,-116.884918,454.692261,179.834076,0.239746,179.908234,784,False,True,161,1759,False,
538,/kuka/axis_move/feedback_json,std_msgs/msg/String,2026-08-27T21:42:31.727232-04:00,1787881351,727208615,1787881351727208615,126.961022,,,,9133,9132,1,0,0,9133,AxisTarget,1,True,True,True,False,10.6578,-55.1134,94.3479,-0.1734,50.5466,10.602,622.113953,-116.884918,454.692261,179.834076,0.239746,179.908234,784,False,True,161,1759,False,
539,/kuka/axis_move/feedback_json,std_msgs/msg/String,2026-08-27T21:42:31.854399-04:00,1787881351,854377365,1787881351854377365,127.16875,,,,9134,9133,1,0,0,9134,AxisTarget,1,True,True,True,False,10.6578,-55.1134,94.3479,-0.1734,50.5466,10.602,622.113953,-116.884918,454.692261,179.834076,0.239746,179.908234,784,False,True,161,1759,False,
540,/kuka/axis_move/feedback_json,std_msgs/msg/String,2026-08-27T21:42:32.078087-04:00,1787881352,78058301,1787881352078058301,223.680936,,,,9135,9134,1,0,0,9135,AxisTarget,1,False,True,False,False,10.6578,-55.1134,94.3479,-0.1734,50.5466,10.602,622.113953,-116.884918,454.692261,179.834076,0.239746,179.908234,785,False,True,161,1759,False,
541,/kuka/axis_move/feedback_json,std_msgs/msg/String,2026-08-27T21:42:32.302697-04:00,1787881352,302691243,1787881352302691243,224.632942,,,,9136,9135,1,0,0,9136,AxisTarget,1,False,True,False,False,10.6578,-55.1134,94.3479,-0.1734,50.5466,10.602,622.113953,-116.884918,454.692261,179.834076,0.239746,179.908234,786,False,True,161,1759,False,
542,/kuka/axis_move/feedback_json,std_msgs/msg/String,2026-08-27T21:42:32.428908-04:00,1787881352,428885353,1787881352428885353,126.19411,,,,9137,9136,1,0,0,9137,AxisTarget,1,False,True,False,False,10.6578,-55.1134,94.3479,-0.1734,50.5466,10.602,622.113953,-116.884918,454.692261,179.834076,0.239746,179.908234,786,False,True,161,1759,False,
543,/kuka/axis_move/feedback_json,std_msgs/msg/String,2026-08-27T21:42:32.560586-04:00,1787881352,560565045,1787881352560565045,131.679692,,,,9138,9137,1,0,0,9138,AxisTarget,1,False,True,False,False,10.6578,-55.1134,94.3479,-0.1734,50.5466,10.602,622.113953,-116.884918,454.692261,179.834076,0.239746,179.908234,786,False,True,161,1759,False,
544,/kuka/axis_move/feedback_json,std_msgs/msg/String,2026-08-27T21:42:32.685454-04:00,1787881352,685431748,1787881352685431748,124.866703,,,,9139,9138,1,0,0,9139,AxisTarget,1,False,True,False,False,10.6578,-55.1134,94.3479,-0.1734,50.5466,10.602,622.113953,-116.884918,454.692261,179.834076,0.239746,179.908234,786,False,True,161,1759,False,
545,/kuka/axis_move/feedback_json,std_msgs/msg/String,2026-08-27T21:42:32.918089-04:00,1787881352,918065524,1787881352918065524,232.633776,,,,9140,9139,1,0,0,9140,AxisTarget,1,False,True,False,False,10.6578,-55.1134,94.3479,-0.1734,50.5466,10.602,622.113953,-116.884918,454.692261,179.834076,0.239746,179.908234,787,False,True,161,1759,False,
546,/kuka/axis_move/feedback_json,std_msgs/msg/String,2026-08-27T21:42:33.043113-04:00,1787881353,43089313,1787881353043089313,125.023789,,,,9141,9140,1,0,0,9141,AxisTarget,1,False,True,False,False,10.6578,-55.1134,94.3479,-0.1734,50.5466,10.602,622.113953,-116.884918,454.692261,179.834076,0.239746,179.908234,787,False,True,161,1759,False,
547,/kuka/axis_move/feedback_json,std_msgs/msg/String,2026-08-27T21:42:33.550775-04:00,1787881353,550768353,1787881353550768353,507.67904,,,,9142,9141,1,0,0,9142,AxisTarget,1,False,True,False,False,10.6578,-55.1134,94.3479,-0.1734,50.5466,10.602,622.113953,-116.884918,454.692261,179.834076,0.239746,179.908234,788,False,True,162,1763,True,
548,/kuka/axis_move/feedback_json,std_msgs/msg/String,2026-08-27T21:42:34.034862-04:00,1787881354,34839153,1787881354034839153,484.0708,,,,9143,9142,1,0,0,9143,AxisTarget,1,True,True,True,True,10.665688,-55.447021,94.061592,-0.1609,51.180618,10.606719,622.452454,-117.046471,459.751831,179.839401,0.243603,179.917145,789,False,True,162,1765,True,
549,/kuka/axis_move/feedback_json,std_msgs/msg/String,2026-08-27T21:42:34.162920-04:00,1787881354,162890438,1787881354162890438,128.051285,,,,9144,9143,1,0,0,9144,AxisTarget,1,True,True,True,False,10.668898,-55.582806,93.942924,-0.155771,51.436928,10.608512,622.582397,-117.111954,461.896515,179.841644,0.245249,179.920975,789,False,True,162,1765,True,
550,/kuka/axis_move/feedback_json,std_msgs/msg/String,2026-08-27T21:42:34.290858-04:00,1787881354,290847146,1787881354290847146,127.956708,,,,9145,9144,1,0,0,9145,AxisTarget,1,True,True,True,False,10.672116,-55.718586,93.82785,-0.1508,51.685467,10.610297,622.704224,-117.176048,464.043793,179.843826,0.246889,179.924835,789,False,True,162,1765,True,
551,/kuka/axis_move/feedback_json,std_msgs/msg/String,2026-08-27T21:42:34.418875-04:00,1787881354,418852516,1787881354418852516,128.00537,,,,9146,9145,1,0,0,9146,AxisTarget,1,True,True,True,False,10.675246,-55.854374,93.716385,-0.145989,51.926239,10.612019,622.814514,-117.236885,466.12619,179.845901,0.248471,179.928604,789,False,True,162,1765,True,
552,/kuka/axis_move/feedback_json,std_msgs/msg/String,2026-08-27T21:42:34.543060-04:00,1787881354,543029025,1787881354543029025,124.176509,,,,9147,9146,1,0,0,9147,AxisTarget,1,True,True,True,False,10.678591,-55.990166,93.601326,-0.141026,52.174782,10.61379,622.923584,-117.30024,468.345337,179.848038,0.250148,179.932632,789,False,True,162,1766,True,
553,/kuka/axis_move/feedback_json,std_msgs/msg/String,2026-08-27T21:42:34.668178-04:00,1787881354,668156525,1787881354668156525,125.1275,,,,9148,9147,1,0,0,9148,AxisTarget,1,True,True,True,True,10.681734,-56.121712,93.489868,-0.136218,52.415554,10.615504,623.018127,-117.35836,470.432159,179.850021,0.251718,179.936447,789,False,True,162,1766,True,
554,/kuka/axis_move/feedback_json,std_msgs/msg/String,2026-08-27T21:42:34.793721-04:00,1787881354,793703761,1787881354793703761,125.547236,,,,9149,9148,1,0,0,9149,AxisTarget,1,True,True,True,False,10.684876,-56.253262,93.378403,-0.131411,52.656326,10.617219,623.105103,-117.415092,472.521118,179.851974,0.253281,179.940292,789,False,True,162,1766,True,
555,/kuka/axis_move/feedback_json,std_msgs/msg/String,2026-08-27T21:42:34.922629-04:00,1787881354,922599727,1787881354922599727,128.895966,,,,9150,9149,1,0,0,9150,AxisTarget,1,True,True,True,False,10.68812,-56.389046,93.263344,-0.126449,52.904869,10.618993,623.184509,-117.470421,474.612091,179.853897,0.254837,179.944153,789,False,True,162,1766,True,
556,/kuka/axis_move/feedback_json,std_msgs/msg/String,2026-08-27T21:42:35.048587-04:00,1787881355,48564267,1787881355048564267,125.96454,,,,9151,9150,1,0,0,9151,AxisTarget,1,True,True,True,False,10.69136,-56.52483,93.148293,-0.121488,53.153408,10.620771,623.26062,-117.527756,476.840118,179.855911,0.256482,179.948288,789,False,True,162,1766,True,
557,/kuka/axis_move/feedback_json,std_msgs/msg/String,2026-08-27T21:42:35.174503-04:00,1787881355,174474396,1787881355174474396,125.910129,,,,9152,9151,1,0,0,9152,AxisTarget,1,True,True,True,False,10.694495,-56.656361,93.033234,-0.116528,53.401947,10.622556,623.32428,-117.580147,478.93515,179.857788,0.258017,179.952209,789,False,True,162,1766,True,
558,/kuka/axis_move/feedback_json,std_msgs/msg/String,2026-08-27T21:42:35.298241-04:00,1787881355,298218169,1787881355298218169,123.743773,,,,9153,9152,1,0,0,9153,AxisTarget,1,True,True,True,False,10.697729,-56.79213,92.921768,-0.111724,53.642723,10.624289,623.382019,-117.632729,481.099762,179.859695,0.259591,179.956284,789,False,True,162,1766,True,
559,/kuka/axis_move/feedback_json,std_msgs/msg/String,2026-08-27T21:42:35.422356-04:00,1787881355,422327556,1787881355422327556,124.109387,,,,9154,9153,1,0,0,9154,AxisTarget,1,True,True,True,False,10.700861,-56.923653,92.810303,-0.10692,53.883495,10.626023,623.428711,-117.680656,483.130951,179.861465,0.261058,179.960114,789,False,True,162,1767,True,
560,/kuka/axis_move/feedback_json,std_msgs/msg/String,2026-08-27T21:42:35.550348-04:00,1787881355,550325897,1787881355550325897,127.998341,,,,9155,9154,1,0,0,9155,AxisTarget,1,True,True,True,True,10.703992,-57.055176,92.698837,-0.102117,54.124268,10.627759,623.470642,-117.730316,485.2995,179.863312,0.262617,179.964233,789,False,True,162,1767,True,
561,/kuka/axis_move/feedback_json,std_msgs/msg/String,2026-08-27T21:42:35.679020-04:00,1787881355,678992598,1787881355678992598,128.666701,,,,9156,9155,1,0,0,9156,AxisTarget,1,True,True,True,False,10.707225,-57.190941,92.583778,-0.097158,54.37281,10.62955,623.503418,-117.776985,487.402191,179.865067,0.264122,179.968246,789,False,True,162,1767,True,
562,/kuka/axis_move/feedback_json,std_msgs/msg/String,2026-08-27T21:42:35.802820-04:00,1787881355,802807043,1787881355802807043,123.814445,,,,9157,9156,1,0,0,9157,AxisTarget,1,True,True,True,False,10.710456,-57.326706,92.468719,-0.0922,54.621349,10.631341,623.529846,-117.825111,489.642578,179.866913,0.26572,179.972549,789,False,True,162,1767,True,
563,/kuka/axis_move/feedback_json,std_msgs/msg/String,2026-08-27T21:42:35.931981-04:00,1787881355,931959354,1787881355931959354,129.152311,,,,9158,9157,1,0,0,9158,AxisTarget,1,True,True,True,False,10.713586,-57.458233,92.357254,-0.087396,54.862122,10.633074,623.546753,-117.868843,491.749115,179.868607,0.26722,179.976608,789,False,True,162,1767,True,
564,/kuka/axis_move/feedback_json,std_msgs/msg/String,2026-08-27T21:42:36.054753-04:00,1787881356,54730627,1787881356054730627,122.771273,,,,9159,9158,1,0,0,9159,AxisTarget,1,True,True,True,False,10.716815,-57.594006,92.242188,-0.082439,55.110664,10.63486,623.556091,-117.912476,493.925537,179.870316,0.268768,179.980835,789,False,True,162,1767,True,
565,/kuka/axis_move/feedback_json,std_msgs/msg/String,2026-08-27T21:42:36.179301-04:00,1787881356,179289049,1787881356179289049,124.558422,,,,9160,9159,1,0,0,9160,AxisTarget,1,True,True,True,False,10.719941,-57.725544,92.130722,-0.077636,55.351437,10.636588,623.557373,-117.951973,495.967682,179.871887,0.270219,179.984818,789,False,True,162,1767,True,
566,/kuka/axis_move/feedback_json,std_msgs/msg/String,2026-08-27T21:42:36.306970-04:00,1787881356,306958636,1787881356306958636,127.669587,,,,9161,9160,1,0,0,9161,AxisTarget,1,True,True,True,False,10.723065,-57.857082,92.019257,-0.072834,55.592209,10.638314,623.551086,-117.991371,498.079651,179.873474,0.271719,179.988953,789,False,True,162,1767,False,
567,/kuka/axis_move/feedback_json,std_msgs/msg/String,2026-08-27T21:42:36.435369-04:00,1787881356,435356008,1787881356435356008,128.397372,,,,9162,9161,1,0,0,9162,AxisTarget,1,True,True,True,True,10.726186,-57.987785,91.909111,-0.068116,55.827415,10.63999,623.536316,-118.030823,500.2789,179.875107,0.273277,179.993286,789,False,True,162,1768,False,
568,/kuka/axis_move/feedback_json,std_msgs/msg/String,2026-08-27T21:42:36.562597-04:00,1787881356,562560406,1787881356562560406,127.204398,,,,9163,9162,1,0,0,9163,AxisTarget,1,True,True,True,False,10.729136,-58.112705,91.80265,-0.063503,56.06786,10.641723,623.515869,-118.064941,502.256836,179.876526,0.274674,179.997208,789,False,True,162,1768,False,
569,/kuka/axis_move/feedback_json,std_msgs/msg/String,2026-08-27T21:42:36.686913-04:00,1787881356,686896040,1787881356686896040,124.335634,,,,9164,9163,1,0,0,9164,AxisTarget,1,True,True,True,False,10.73236,-58.248493,91.687584,-0.058546,56.308632,10.643447,623.48645,-118.100052,504.37381,179.878021,0.276163,-179.998581,789,False,True,162,1768,False,
570,/kuka/axis_move/feedback_json,std_msgs/msg/String,2026-08-27T21:42:36.813065-04:00,1787881356,813060630,1787881356813060630,126.16459,,,,9165,9164,1,0,0,9165,AxisTarget,1,True,True,True,False,10.735485,-58.380028,91.576118,-0.053743,56.549404,10.645172,623.447998,-118.134789,506.560699,179.879532,0.277692,-179.994217,789,False,True,162,1768,False,
571,/kuka/axis_move/feedback_json,std_msgs/msg/String,2026-08-27T21:42:36.938452-04:00,1787881356,938446200,1787881356938446200,125.38557,,,,9166,9165,1,0,0,9166,AxisTarget,1,True,True,True,False,10.738613,-58.511559,91.461052,-0.048782,56.797947,10.646954,623.402771,-118.167007,508.680756,179.880966,0.279161,-179.98996,789,False,True,162,1768,False,
572,/kuka/axis_move/feedback_json,std_msgs/msg/String,2026-08-27T21:42:37.062592-04:00,1787881357,62562898,1787881357062562898,124.116698,,,,9167,9166,1,0,0,9167,AxisTarget,1,True,True,True,False,10.741844,-58.647324,91.349579,-0.043975,57.038719,10.64868,623.349854,-118.197815,510.802307,179.882355,0.28062,-179.985672,789,False,True,162,1768,False,
573,/kuka/axis_move/feedback_json,std_msgs/msg/String,2026-08-27T21:42:37.187072-04:00,1787881357,187066501,1787881357187066501,124.503603,,,,9168,9167,1,0,0,9168,AxisTarget,1,True,True,True,False,10.744976,-58.778843,91.238106,-0.039166,57.279491,10.650406,623.286987,-118.228096,512.993835,179.883759,0.282118,-179.981232,789,False,True,162,1768,False,
574,/kuka/axis_move/feedback_json,std_msgs/msg/String,2026-08-27T21:42:37.309885-04:00,1787881357,309879958,1787881357309879958,122.813457,,,,9169,9168,1,0,0,9169,AxisTarget,1,True,True,True,False,10.748109,-58.910366,91.12664,-0.034356,57.520267,10.652132,623.220459,-118.255089,515.049805,179.88504,0.283519,-179.977036,789,False,True,162,1768,False,
575,/kuka/axis_move/feedback_json,std_msgs/msg/String,2026-08-27T21:42:37.439146-04:00,1787881357,439140089,1787881357439140089,129.260131,,,,9170,9169,1,0,0,9170,AxisTarget,1,True,True,True,False,10.751241,-59.040829,91.016373,-0.029596,57.757076,10.653828,623.141541,-118.282486,517.238525,179.886353,0.285031,-179.972549,789,False,True,162,1768,False,
576,/kuka/axis_move/feedback_json,std_msgs/msg/String,2026-08-27T21:42:38.203008-04:00,1787881358,202992343,1787881358202992343,763.852254,,,,9171,9170,1,0,0,9171,AxisTarget,1,True,True,True,False,10.7545,-59.174801,90.906197,-0.025,57.980999,10.6554,623.047058,-118.309761,519.59967,179.887772,0.286575,-179.967712,790,False,True,163,1772,True,
577,/kuka/axis_move/feedback_json,std_msgs/msg/String,2026-08-27T21:42:38.960659-04:00,1787881358,960613846,1787881358960613846,757.621503,,,,9172,9171,1,0,0,9172,AxisTarget,1,True,True,True,True,9.897248,-61.646866,90.837433,-0.010441,53.169243,9.748141,625.754333,-109.361588,545.986877,179.966064,7.17933,-178.762085,791,False,True,163,1777,True,
578,/kuka/axis_move/feedback_json,std_msgs/msg/String,2026-08-27T21:42:39.089156-04:00,1787881359,89144827,1787881359089144827,128.530981,,,,9173,9172,1,0,0,9173,AxisTarget,1,True,True,True,False,9.64175,-62.373947,90.817451,-0.006257,51.806183,9.494161,626.304688,-106.650696,553.992065,-179.985062,9.235432,-178.437576,791,False,True,163,1777,True,
579,/kuka/axis_move/feedback_json,std_msgs/msg/String,2026-08-27T21:42:39.215001-04:00,1787881359,214990381,1787881359214990381,125.845554,,,,9174,9173,1,0,0,9174,AxisTarget,1,True,True,True,False,9.379815,-63.124203,90.796722,-0.001882,50.377182,9.218154,626.757324,-103.723434,562.643188,-179.921112,11.440527,-178.105835,791,False,True,163,1778,True,
580,/kuka/axis_move/feedback_json,std_msgs/msg/String,2026-08-27T21:42:39.341303-04:00,1787881359,341275177,1787881359341275177,126.284796,,,,9175,9174,1,0,0,9175,AxisTarget,1,True,True,True,True,9.12117,-63.860153,90.77652,0.002374,48.997665,8.969741,627.057922,-100.850792,571.139832,-179.847992,13.589983,-177.797882,791,False,True,163,1778,True,
581,/kuka/axis_move/feedback_json,std_msgs/msg/String,2026-08-27T21:42:39.676008-04:00,1787881359,675997092,1787881359675997092,334.721915,,,,9176,9175,1,0,0,9176,AxisTarget,1,True,True,True,True,8.419419,-65.890442,90.72052,0.014131,45.149296,8.250559,627.150879,-93.031227,594.319458,-179.603256,19.378708,-177.038635,792,False,True,164,1779,True,
582,/kuka/axis_move/feedback_json,std_msgs/msg/String,2026-08-27T21:42:39.798345-04:00,1787881359,798324006,1787881359798324006,122.326914,,,,9177,9176,1,0,0,9177,AxisTarget,1,True,True,True,False,8.143214,-66.654686,90.699455,0.018541,43.704666,7.980803,626.888977,-89.912292,603.58905,-179.48912,21.665562,-176.764862,792,False,True,164,1779,True,
583,/kuka/axis_move/feedback_json,std_msgs/msg/String,2026-08-27T21:42:39.927532-04:00,1787881359,927515637,1787881359927515637,129.191631,,,,9178,9177,1,0,0,9178,AxisTarget,1,True,True,True,True,7.879278,-67.406136,90.678802,0.022862,42.258518,7.711914,626.487488,-86.992592,612.280212,-179.374664,23.796543,-176.522186,792,False,True,164,1780,True,
584,/kuka/axis_move/feedback_json,std_msgs/msg/String,2026-08-27T21:42:40.054289-04:00,1787881360,54262039,1787881360054262039,126.746402,,,,9179,9178,1,0,0,9179,AxisTarget,1,True,True,True,False,7.633229,-68.110199,90.659348,0.026968,40.955563,7.458801,625.938904,-84.098831,620.908691,-179.254425,25.900412,-176.2939,792,False,True,164,1780,True,
585,/kuka/axis_move/feedback_json,std_msgs/msg/String,2026-08-27T21:42:40.178893-04:00,1787881360,178881601,1787881360178881601,124.619562,,,,9180,9179,1,0,0,9180,AxisTarget,1,True,True,True,False,7.357467,-68.89798,90.637634,0.031538,39.465023,7.189068,625.167786,-80.942627,630.337891,-179.115997,28.187126,-176.057983,792,False,True,164,1780,True,
586,/kuka/axis_move/feedback_json,std_msgs/msg/String,2026-08-27T21:42:40.306915-04:00,1787881360,306904316,1787881360306904316,128.022715,,,,9181,9180,1,0,0,9181,AxisTarget,1,True,True,True,True,7.089725,-69.662376,90.615913,0.036112,37.973782,6.91061,624.238953,-77.861252,639.563538,-178.973923,30.412947,-175.840118,792,False,True,164,1781,True,
587,/kuka/axis_move/feedback_json,std_msgs/msg/String,2026-08-27T21:42:40.431203-04:00,1787881360,431191626,1787881360431191626,124.28731,,,,9182,9181,1,0,0,9182,AxisTarget,1,True,True,True,False,6.813345,-70.451424,90.594872,0.040537,36.52914,6.640857,623.130066,-74.770279,648.839661,-178.824905,32.640442,-175.633301,792,False,True,164,1781,True,
588,/kuka/axis_move/feedback_json,std_msgs/msg/String,2026-08-27T21:42:40.554077-04:00,1787881360,554048596,1787881360554048596,122.85697,,,,9183,9182,1,0,0,9183,AxisTarget,1,True,True,True,False,6.545762,-71.215157,90.57383,0.044938,35.087654,6.371867,621.837952,-71.672142,658.161316,-178.669342,34.869225,-175.437195,792,False,True,164,1782,True,
589,/kuka/axis_move/feedback_json,std_msgs/msg/String,2026-08-27T21:42:40.684753-04:00,1787881360,684746592,1787881360684746592,130.697996,,,,9184,9183,1,0,0,9184,AxisTarget,1,True,True,True,True,6.304212,-71.901497,90.554993,0.048851,33.805962,6.133284,620.447083,-68.742508,666.999817,-178.516739,36.974506,-175.261612,792,False,True,164,1782,True,
590,/kuka/axis_move/feedback_json,std_msgs/msg/String,2026-08-27T21:42:40.806108-04:00,1787881360,806098143,1787881360806098143,121.351551,,,,9185,9184,1,0,0,9185,AxisTarget,1,True,True,True,False,6.038744,-72.662872,90.53392,0.053272,32.349678,5.860428,618.820984,-65.692268,676.22876,-178.352402,39.165436,-175.088516,792,False,True,164,1782,True,
591,/kuka/axis_move/feedback_json,std_msgs/msg/String,2026-08-27T21:42:40.930603-04:00,1787881360,930597339,1787881360930597339,124.499196,,,,9186,9185,1,0,0,9186,AxisTarget,1,True,True,True,False,5.772233,-73.422859,90.513023,0.057654,30.920074,5.594019,616.979065,-62.592552,685.637207,-178.179825,41.392269,-174.922379,792,False,True,164,1783,True,
592,/kuka/axis_move/feedback_json,std_msgs/msg/String,2026-08-27T21:42:41.056574-04:00,1787881361,56546062,1787881361056546062,125.948723,,,,9187,9186,1,0,0,9187,AxisTarget,1,True,True,True,True,5.546056,-74.06691,90.494713,0.061507,29.664122,5.359401,615.254456,-59.949577,693.684937,-178.028381,43.292431,-174.788223,792,False,True,164,1783,True,
593,/kuka/axis_move/feedback_json,std_msgs/msg/String,2026-08-27T21:42:41.182485-04:00,1787881361,182456415,1787881361182456415,125.910353,,,,9188,9187,1,0,0,9188,AxisTarget,1,True,True,True,False,5.276001,-74.840385,90.473976,0.065883,28.234194,5.091874,613.040527,-56.841099,703.182983,-177.845261,45.530434,-174.638977,792,False,True,164,1783,True,
594,/kuka/axis_move/feedback_json,std_msgs/msg/String,2026-08-27T21:42:41.310874-04:00,1787881361,310852103,1787881361310852103,128.395688,,,,9189,9188,1,0,0,9189,AxisTarget,1,True,True,True,False,5.00427,-75.613831,90.452126,0.07046,26.748522,4.815744,610.578125,-53.679794,712.881958,-177.653549,47.811653,-174.496384,792,False,True,164,1784,True,
595,/kuka/axis_move/feedback_json,std_msgs/msg/String,2026-08-27T21:42:41.434813-04:00,1787881361,434805590,1787881361434805590,123.953487,,,,9190,9189,1,0,0,9190,AxisTarget,1,True,True,True,True,4.766466,-76.293884,90.433937,0.074296,25.492226,4.580091,608.345947,-51.030022,721.044373,-177.488663,49.729103,-174.383835,792,False,True,164,1784,True,
596,/kuka/axis_move/feedback_json,std_msgs/msg/String,2026-08-27T21:42:41.559924-04:00,1787881361,559902048,1787881361559902048,125.096458,,,,9191,9190,1,0,0,9191,AxisTarget,1,True,True,True,False,4.50123,-77.052315,90.413017,0.078688,24.053812,4.311279,605.59552,-47.995056,730.432739,-177.295151,51.932835,-174.262604,792,False,True,164,1784,True,
597,/kuka/axis_move/feedback_json,std_msgs/msg/String,2026-08-27T21:42:41.682865-04:00,1787881361,682848009,1787881361682848009,122.945961,,,,9192,9191,1,0,0,9192,AxisTarget,1,True,True,True,True,4.244799,-77.78038,90.393089,0.082827,22.703135,4.060766,602.597595,-44.926281,739.971558,-177.094452,54.171074,-174.148285,792,False,True,164,1785,True,
598,/kuka/axis_move/feedback_json,std_msgs/msg/String,2026-08-27T21:42:41.811061-04:00,1787881361,811049814,1787881361811049814,128.201805,,,,9193,9192,1,0,0,9193,AxisTarget,1,True,True,True,False,4.015008,-78.463539,90.374191,0.0868,21.389692,3.813941,599.879089,-42.324059,748.099182,-176.920319,56.078373,-174.057785,792,False,True,164,1785,True,
599,/kuka/axis_move/feedback_json,std_msgs/msg/String,2026-08-27T21:42:41.938976-04:00,1787881361,938969992,1787881361938969992,127.920178,,,,9194,9193,1,0,0,9194,AxisTarget,1,True,True,True,False,3.740376,-79.224518,90.35321,0.091199,19.94857,3.544706,596.411011,-39.214596,757.861938,-176.707443,58.370647,-173.957367,792,False,True,164,1786,True,
600,/kuka/axis_move/feedback_json,std_msgs/msg/String,2026-08-27T21:42:42.062686-04:00,1787881362,62650700,1787881362062650700,123.680708,,,,9195,9194,1,0,0,9195,AxisTarget,1,True,True,True,True,3.484593,-79.949493,90.333374,0.095336,18.608416,3.296249,593.017517,-36.367035,766.854675,-176.507935,60.48436,-173.872849,792,False,True,164,1786,True,
601,/kuka/axis_move/feedback_json,std_msgs/msg/String,2026-08-27T21:42:42.186849-04:00,1787881362,186827120,1787881362186827120,124.17642,,,,9196,9195,1,0,0,9196,AxisTarget,1,True,True,True,False,3.249834,-80.624542,90.314629,0.099307,17.304461,3.050986,589.637939,-33.696114,775.338379,-176.316818,62.481339,-173.800156,792,False,True,164,1786,True,
602,/kuka/axis_move/feedback_json,std_msgs/msg/String,2026-08-27T21:42:42.314896-04:00,1787881362,314861344,1787881362314861344,128.034224,,,,9197,9196,1,0,0,9197,AxisTarget,1,True,True,True,False,2.982908,-81.386978,90.293617,0.103729,15.862461,2.781717,585.659363,-30.734848,784.803528,-176.100479,64.713791,-173.727234,792,False,True,164,1787,True,
603,/kuka/axis_move/feedback_json,std_msgs/msg/String,2026-08-27T21:42:42.440255-04:00,1787881362,440218445,1787881362440218445,125.357101,,,,9198,9197,1,0,0,9198,AxisTarget,1,True,True,True,True,2.737895,-82.080841,90.274666,0.107689,14.581152,2.544163,581.749451,-27.993443,793.625793,-175.896118,66.799896,-173.667236,792,False,True,164,1787,True,
604,/kuka/axis_move/feedback_json,std_msgs/msg/String,2026-08-27T21:42:42.570649-04:00,1787881362,570616837,1787881362570616837,130.398392,,,,9199,9198,1,0,0,9199,AxisTarget,1,True,True,True,False,2.502031,-82.759468,90.255836,0.111683,13.222946,2.288762,577.934998,-25.461071,801.830872,-175.704025,68.745583,-173.618683,792,False,True,164,1787,True,
605,/kuka/axis_move/feedback_json,std_msgs/msg/String,2026-08-27T21:42:42.690453-04:00,1787881362,690437649,1787881362690437649,119.820812,,,,9200,9199,1,0,0,9200,AxisTarget,1,True,True,True,False,2.227182,-83.543533,90.234253,0.116208,11.79419,2.022627,573.206665,-22.494642,811.516113,-175.475403,71.050316,-173.570969,792,False,True,164,1788,True,
606,/kuka/axis_move/feedback_json,std_msgs/msg/String,2026-08-27T21:42:42.815967-04:00,1787881362,815938619,1787881362815938619,125.50097,,,,9201,9200,1,0,0,9201,AxisTarget,1,True,True,True,True,2.017759,-84.136444,90.218033,0.119697,10.660092,1.811888,569.381348,-20.219952,819.000916,-175.297928,72.838318,-173.541901,792,False,True,164,1788,True,
607,/kuka/axis_move/feedback_json,std_msgs/msg/String,2026-08-27T21:42:42.942157-04:00,1787881362,942141243,1787881362942141243,126.202624,,,,9202,9201,1,0,0,9202,AxisTarget,1,True,True,True,False,1.772157,-84.843468,90.198395,0.123732,9.329401,1.561672,565.047729,-17.76465,827.140686,-175.105164,74.790543,-173.519135,792,False,True,164,1788,True,
608,/kuka/axis_move/feedback_json,std_msgs/msg/String,2026-08-27T21:42:43.066064-04:00,1787881363,66053329,1787881363066053329,123.912086,,,,9203,9202,1,0,0,9203,AxisTarget,1,True,True,True,True,1.517555,-85.563828,90.178764,0.127799,8.008291,1.31768,560.004395,-15.05446,836.203857,-174.892838,76.974899,-173.506775,792,False,True,164,1789,True,
609,/kuka/axis_move/feedback_json,std_msgs/msg/String,2026-08-27T21:42:43.194062-04:00,1787881363,194056570,1787881363194056570,128.003241,,,,9204,9203,1,0,0,9204,AxisTarget,1,True,True,True,False,1.320052,-86.129845,90.163132,0.131089,6.920082,1.112997,556.067566,-13.039184,843.000977,-174.737549,78.621323,-173.508972,792,False,True,164,1789,True,
610,/kuka/axis_move/feedback_json,std_msgs/msg/String,2026-08-27T21:42:43.322615-04:00,1787881363,322607546,1787881363322607546,128.550976,,,,9205,9204,1,0,0,9205,AxisTarget,1,True,True,True,False,1.079242,-86.817184,90.144218,0.135041,5.628664,0.872746,550.945129,-10.5376,851.514282,-174.553192,80.694359,-173.531082,792,False,True,164,1790,True,
611,/kuka/axis_move/feedback_json,std_msgs/msg/String,2026-08-27T21:42:43.450212-04:00,1787881363,450197833,1787881363450197833,127.590287,,,,9206,9205,1,0,0,9206,AxisTarget,1,True,True,True,True,0.896588,-87.334908,90.130028,0.138001,4.665262,0.687225,546.969666,-8.683113,857.884155,-174.429642,82.254097,-173.568832,792,False,True,164,1790,True,
612,/kuka/axis_move/feedback_json,std_msgs/msg/String,2026-08-27T21:42:43.577037-04:00,1787881363,577032505,1787881363577032505,126.834672,,,,9207,9206,1,0,0,9207,AxisTarget,1,True,True,True,False,0.682516,-87.948616,90.113052,0.141583,3.497555,0.475253,542.470703,-6.668906,864.862122,-174.32399,83.972046,-173.646774,792,False,True,164,1791,False,
613,/kuka/axis_move/feedback_json,std_msgs/msg/String,2026-08-27T21:42:43.702568-04:00,1787881363,702539721,1787881363702539721,125.507216,,,,9208,9207,1,0,0,9208,AxisTarget,1,True,True,True,True,0.522521,-88.400452,90.100716,0.144173,2.664631,0.320594,538.621826,-5.012208,870.65033,-174.287033,85.40506,-173.767761,792,False,True,164,1791,False,
614,/kuka/axis_move/feedback_json,std_msgs/msg/String,2026-08-27T21:42:43.826890-04:00,1787881363,826867167,1787881363826867167,124.327446,,,,9209,9208,1,0,0,9209,AxisTarget,1,True,True,True,False,0.341501,-88.917664,90.086479,0.147179,1.691188,0.139478,534.595581,-3.341371,876.537476,-174.37027,86.870415,-174.016922,792,False,True,164,1791,False,
615,/kuka/axis_move/feedback_json,std_msgs/msg/String,2026-08-27T21:42:43.949910-04:00,1787881363,949905287,1787881363949905287,123.03812,,,,9210,9209,1,0,0,9210,AxisTarget,1,True,True,True,False,0.212654,-89.284035,90.076439,0.149291,1.002208,0.010744,531.399353,-2.058219,881.095398,-174.693298,88.010605,-174.472168,792,False,True,164,1791,False,
616,/kuka/axis_move/feedback_json,std_msgs/msg/String,2026-08-27T21:42:44.077762-04:00,1787881364,77738993,1787881364077738993,127.833706,,,,9211,9210,1,0,0,9211,AxisTarget,1,True,True,True,False,0.093907,-89.618431,90.067368,0.151194,0.382504,-0.103246,528.489197,-0.92126,885.160889,-175.899872,89.031731,-175.7995,792,False,True,164,1791,False,
617,/kuka/axis_move/feedback_json,std_msgs/msg/String,2026-08-27T21:42:44.206252-04:00,1787881364,206241743,1787881364206241743,128.50275,,,,9212,9211,1,0,0,9212,AxisTarget,1,True,True,True,False,0.013719,-89.842216,90.061317,0.1524,0.006098,-0.171367,526.501099,-0.160731,887.893982,177.842957,89.718575,177.86058,792,False,True,164,1791,False,
618,/kuka/axis_move/feedback_json,std_msgs/msg/String,2026-08-27T21:42:44.334271-04:00,1787881364,334249225,1787881364334249225,128.007482,,,,9213,9212,1,0,0,9213,AxisTarget,1,True,True,True,False,0.0051,-89.863602,90.060799,0.1525,-0.0188,-0.1752,526.200745,-0.046768,888.303894,172.743271,89.820168,172.748352,792,False,True,164,1791,False,
619,/kuka/axis_move/feedback_json,std_msgs/msg/String,2026-08-27T21:42:44.461512-04:00,1787881364,461489981,1787881364461489981,127.240756,,,,9214,9213,1,0,0,9214,AxisTarget,1,False,True,False,False,0.0051,-89.863602,90.060799,0.1525,-0.0188,-0.1752,526.200745,-0.046768,888.303894,172.743301,89.820168,172.748383,792,False,True,164,1791,False,
620,/kuka/axis_move/feedback_json,std_msgs/msg/String,2026-08-27T21:42:44.586863-04:00,1787881364,586845717,1787881364586845717,125.355736,,,,9215,9214,1,0,0,9215,AxisTarget,1,False,True,False,False,0.0051,-89.863602,90.060799,0.1525,-0.0188,-0.1752,526.200745,-0.046768,888.303894,172.743301,89.820168,172.748383,792,False,True,164,1791,False,
621,/kuka/axis_move/feedback_json,std_msgs/msg/String,2026-08-27T21:42:44.711068-04:00,1787881364,711062839,1787881364711062839,124.217122,,,,9216,9215,1,0,0,9216,AxisTarget,1,False,True,False,False,0.0051,-89.863602,90.060799,0.1525,-0.0188,-0.1752,526.200745,-0.046768,888.303894,172.743301,89.820168,172.748383,792,False,True,164,1791,False,
622,/kuka/axis_move/feedback_json,std_msgs/msg/String,2026-08-27T21:42:44.841227-04:00,1787881364,841212354,1787881364841212354,130.149515,,,,9217,9216,1,0,0,9217,AxisTarget,1,False,True,False,False,0.0051,-89.863602,90.060799,0.1525,-0.0188,-0.1752,526.200745,-0.046768,888.303894,172.743301,89.820168,172.748383,792,False,True,164,1791,False,
623,/kuka/axis_move/feedback_json,std_msgs/msg/String,2026-08-27T21:42:44.966976-04:00,1787881364,966965053,1787881364966965053,125.752699,,,,9218,9217,1,0,0,9218,AxisTarget,1,False,True,False,False,0.0051,-89.863602,90.060799,0.1525,-0.0188,-0.1752,526.200745,-0.046768,888.303894,172.743301,89.820168,172.748383,792,False,True,164,1791,False,
624,/kuka/axis_move/feedback_json,std_msgs/msg/String,2026-08-27T21:42:45.095319-04:00,1787881365,95302717,1787881365095302717,128.337664,,,,9219,9218,1,0,0,9219,AxisTarget,1,False,True,False,False,0.0051,-89.863602,90.060799,0.1525,-0.0188,-0.1752,526.200745,-0.046768,888.303894,172.743301,89.820168,172.748383,792,False,True,164,1791,False,
625,/kuka/axis_move/feedback_json,std_msgs/msg/String,2026-08-27T21:42:45.219228-04:00,1787881365,219216195,1787881365219216195,123.913478,,,,9220,9219,1,0,0,9220,AxisTarget,1,False,True,False,False,0.0051,-89.863602,90.060799,0.1525,-0.0188,-0.1752,526.200745,-0.046768,888.303894,172.743301,89.820168,172.748383,792,False,True,164,1791,False,
626,/kuka/axis_move/feedback_json,std_msgs/msg/String,2026-08-27T21:42:45.342371-04:00,1787881365,342359771,1787881365342359771,123.143576,,,,9221,9220,1,0,0,9221,AxisTarget,1,False,True,False,False,0.0051,-89.863602,90.060799,0.1525,-0.0188,-0.1752,526.200745,-0.046768,888.303894,172.743301,89.820168,172.748383,792,False,True,164,1791,False,
627,/kuka/axis_move/feedback_json,std_msgs/msg/String,2026-08-27T21:42:45.470850-04:00,1787881365,470845583,1787881365470845583,128.485812,,,,9222,9221,1,0,0,9222,AxisTarget,1,False,True,False,False,0.0051,-89.863602,90.060799,0.1525,-0.0188,-0.1752,526.200745,-0.046768,888.303894,172.743301,89.820168,172.748383,792,False,True,164,1791,False,
628,/kuka/axis_move/feedback_json,std_msgs/msg/String,2026-08-27T21:42:45.594829-04:00,1787881365,594817791,1787881365594817791,123.972208,,,,9223,9222,1,0,0,9223,AxisTarget,1,False,True,False,False,0.0051,-89.863602,90.060799,0.1525,-0.0188,-0.1752,526.200745,-0.046768,888.303894,172.743301,89.820168,172.748383,792,False,True,164,1791,False,
629,/kuka/axis_move/feedback_json,std_msgs/msg/String,2026-08-27T21:42:45.814940-04:00,1787881365,814933993,1787881365814933993,220.116202,,,,9224,9223,1,0,0,9224,AxisTarget,1,False,True,False,False,0.0051,-89.863602,90.060799,0.1525,-0.0188,-0.1752,526.200745,-0.046768,888.303894,172.743301,89.820168,172.748383,793,False,True,164,1791,False,
630,/kuka/axis_move/feedback_json,std_msgs/msg/String,2026-08-27T21:42:45.943233-04:00,1787881365,943218308,1787881365943218308,128.284315,,,,9225,9224,1,0,0,9225,AxisTarget,1,False,True,False,False,0.0051,-89.863602,90.060799,0.1525,-0.0188,-0.1752,526.200745,-0.046768,888.303894,172.743301,89.820168,172.748383,793,False,True,164,1791,False,
631,/kuka/axis_move/feedback_json,std_msgs/msg/String,2026-08-27T21:42:46.072976-04:00,1787881366,72967298,1787881366072967298,129.74899,,,,9226,9225,1,0,0,9226,AxisTarget,1,False,True,False,False,0.0051,-89.863602,90.060799,0.1525,-0.0188,-0.1752,526.200745,-0.046768,888.303894,172.743301,89.820168,172.748383,793,False,True,164,1791,False,
632,/kuka/axis_move/feedback_json,std_msgs/msg/String,2026-08-27T21:42:46.198253-04:00,1787881366,198231530,1787881366198231530,125.264232,,,,9227,9226,1,0,0,9227,AxisTarget,1,False,True,False,False,0.0051,-89.863602,90.060799,0.1525,-0.0188,-0.1752,526.200745,-0.046768,888.303894,172.743301,89.820168,172.748383,793,False,True,164,1791,False,
633,/kuka/axis_move/feedback_json,std_msgs/msg/String,2026-08-27T21:42:46.419006-04:00,1787881366,418992986,1787881366418992986,220.761456,,,,9228,9227,1,0,0,9228,AxisTarget,1,False,True,False,False,0.0051,-89.863602,90.060799,0.1525,-0.0188,-0.1752,526.200745,-0.046768,888.303894,172.743301,89.820168,172.748383,794,False,True,164,1791,False,
634,/kuka/axis_move/feedback_json,std_msgs/msg/String,2026-08-27T21:42:46.542738-04:00,1787881366,542702866,1787881366542702866,123.70988,,,,9229,9228,1,0,0,9229,AxisTarget,1,False,True,False,False,0.0051,-89.863602,90.060799,0.1525,-0.0188,-0.1752,526.200745,-0.046768,888.303894,172.743301,89.820168,172.748383,794,False,True,164,1791,False,
635,/kuka/axis_move/feedback_json,std_msgs/msg/String,2026-08-27T21:42:46.670772-04:00,1787881366,670766552,1787881366670766552,128.063686,,,,9230,9229,1,0,0,9230,AxisTarget,1,False,True,False,False,0.0051,-89.863602,90.060799,0.1525,-0.0188,-0.1752,526.200745,-0.046768,888.303894,172.743301,89.820168,172.748383,794,False,True,164,1791,False,
636,/kuka/axis_move/feedback_json,std_msgs/msg/String,2026-08-27T21:42:46.798978-04:00,1787881366,798959078,1787881366798959078,128.192526,,,,9231,9230,1,0,0,9231,AxisTarget,1,False,True,False,False,0.0051,-89.863602,90.060799,0.1525,-0.0188,-0.1752,526.200745,-0.046768,888.303894,172.743301,89.820168,172.748383,794,False,True,164,1791,False,
637,/kuka/axis_move/feedback_json,std_msgs/msg/String,2026-08-27T21:42:47.021539-04:00,1787881367,21508686,1787881367021508686,222.549608,,,,9232,9231,1,0,0,9232,AxisTarget,1,False,True,False,False,0.0051,-89.863602,90.060799,0.1525,-0.0188,-0.1752,526.200745,-0.046768,888.303894,172.743301,89.820168,172.748383,795,False,True,164,1791,False,
638,/kuka/axis_move/feedback_json,std_msgs/msg/String,2026-08-27T21:42:47.146968-04:00,1787881367,146960933,1787881367146960933,125.452247,,,,9233,9232,1,0,0,9233,AxisTarget,1,False,True,False,False,0.0051,-89.863602,90.060799,0.1525,-0.0188,-0.1752,526.200745,-0.046768,888.303894,172.743301,89.820168,172.748383,795,False,True,164,1791,False,
639,/kuka/axis_move/feedback_json,std_msgs/msg/String,2026-08-27T21:42:47.273518-04:00,1787881367,273483716,1787881367273483716,126.522783,,,,9234,9233,1,0,0,9234,AxisTarget,1,False,True,False,False,0.0051,-89.863602,90.060799,0.1525,-0.0188,-0.1752,526.200745,-0.046768,888.303894,172.743301,89.820168,172.748383,795,False,True,164,1791,False,
640,/kuka/axis_move/feedback_json,std_msgs/msg/String,2026-08-27T21:42:47.398487-04:00,1787881367,398459552,1787881367398459552,124.975836,,,,9235,9234,1,0,0,9235,AxisTarget,1,False,True,False,False,0.0051,-89.863602,90.060799,0.1525,-0.0188,-0.1752,526.200745,-0.046768,888.303894,172.743301,89.820168,172.748383,795,False,True,164,1791,False,
641,/kuka/axis_move/feedback_json,std_msgs/msg/String,2026-08-27T21:42:47.618457-04:00,1787881367,618439140,1787881367618439140,219.979588,,,,9236,9235,1,0,0,9236,AxisTarget,1,False,True,False,False,0.0051,-89.863602,90.060799,0.1525,-0.0188,-0.1752,526.200745,-0.046768,888.303894,172.743301,89.820168,172.748383,796,False,True,164,1791,False,
642,/kuka/axis_move/feedback_json,std_msgs/msg/String,2026-08-27T21:42:47.746398-04:00,1787881367,746370481,1787881367746370481,127.931341,,,,9237,9236,1,0,0,9237,AxisTarget,1,False,True,False,False,0.0051,-89.863602,90.060799,0.1525,-0.0188,-0.1752,526.200745,-0.046768,888.303894,172.743301,89.820168,172.748383,796,False,True,164,1791,False,
643,/kuka/axis_move/feedback_json,std_msgs/msg/String,2026-08-27T21:42:47.876148-04:00,1787881367,876117373,1787881367876117373,129.746892,,,,9238,9237,1,0,0,9238,AxisTarget,1,False,True,False,False,0.0051,-89.863602,90.060799,0.1525,-0.0188,-0.1752,526.200745,-0.046768,888.303894,172.743301,89.820168,172.748383,796,False,True,164,1791,False,
644,/kuka/axis_move/feedback_json,std_msgs/msg/String,2026-08-27T21:42:48.005168-04:00,1787881368,5162470,1787881368005162470,129.045097,,,,9239,9238,1,0,0,9239,AxisTarget,1,False,True,False,False,0.0051,-89.863602,90.060799,0.1525,-0.0188,-0.1752,526.200745,-0.046768,888.303894,172.743301,89.820168,172.748383,796,False,True,164,1791,False,
645,/kuka/axis_move/feedback_json,std_msgs/msg/String,2026-08-27T21:42:48.218826-04:00,1787881368,218789688,1787881368218789688,213.627218,,,,9240,9239,1,0,0,9240,AxisTarget,1,False,True,False,False,0.0051,-89.863602,90.060799,0.1525,-0.0188,-0.1752,526.200745,-0.046768,888.303894,172.743301,89.820168,172.748383,797,False,True,164,1791,False,
646,/kuka/axis_move/feedback_json,std_msgs/msg/String,2026-08-27T21:42:48.346370-04:00,1787881368,346363824,1787881368346363824,127.574136,,,,9241,9240,1,0,0,9241,AxisTarget,1,False,True,False,False,0.0051,-89.863602,90.060799,0.1525,-0.0188,-0.1752,526.200745,-0.046768,888.303894,172.743301,89.820168,172.748383,797,False,True,164,1791,False,
647,/kuka/axis_move/feedback_json,std_msgs/msg/String,2026-08-27T21:42:48.477106-04:00,1787881368,477098580,1787881368477098580,130.734756,,,,9242,9241,1,0,0,9242,AxisTarget,1,False,True,False,False,0.0051,-89.863602,90.060799,0.1525,-0.0188,-0.1752,526.200745,-0.046768,888.303894,172.743301,89.820168,172.748383,797,False,True,164,1791,False,
648,/kuka/axis_move/feedback_json,std_msgs/msg/String,2026-08-27T21:42:48.602057-04:00,1787881368,602038732,1787881368602038732,124.940152,,,,9243,9242,1,0,0,9243,AxisTarget,1,False,True,False,False,0.0051,-89.863602,90.060799,0.1525,-0.0188,-0.1752,526.200745,-0.046768,888.303894,172.743301,89.820168,172.748383,797,False,True,164,1791,False,
649,/kuka/axis_move/feedback_json,std_msgs/msg/String,2026-08-27T21:42:48.818615-04:00,1787881368,818576481,1787881368818576481,216.537749,,,,9244,9243,1,0,0,9244,AxisTarget,1,False,True,False,False,0.0051,-89.863602,90.060799,0.1525,-0.0188,-0.1752,526.200745,-0.046768,888.303894,172.743301,89.820168,172.748383,798,False,True,164,1791,False,
650,/kuka/axis_move/feedback_json,std_msgs/msg/String,2026-08-27T21:42:48.945029-04:00,1787881368,945021222,1787881368945021222,126.444741,,,,9245,9244,1,0,0,9245,AxisTarget,1,False,True,False,False,0.0051,-89.863602,90.060799,0.1525,-0.0188,-0.1752,526.200745,-0.046768,888.303894,172.743301,89.820168,172.748383,798,False,True,164,1791,False,
651,/kuka/axis_move/feedback_json,std_msgs/msg/String,2026-08-27T21:42:49.073617-04:00,1787881369,73608999,1787881369073608999,128.587777,,,,9246,9245,1,0,0,9246,AxisTarget,1,False,True,False,False,0.0051,-89.863602,90.060799,0.1525,-0.0188,-0.1752,526.200745,-0.046768,888.303894,172.743301,89.820168,172.748383,798,False,True,164,1791,False,
652,/kuka/axis_move/feedback_json,std_msgs/msg/String,2026-08-27T21:42:49.198595-04:00,1787881369,198567870,1787881369198567870,124.958871,,,,9247,9246,1,0,0,9247,AxisTarget,1,False,True,False,False,0.0051,-89.863602,90.060799,0.1525,-0.0188,-0.1752,526.200745,-0.046768,888.303894,172.743301,89.820168,172.748383,798,False,True,164,1791,False,
653,/kuka/axis_move/feedback_json,std_msgs/msg/String,2026-08-27T21:42:49.422611-04:00,1787881369,422584504,1787881369422584504,224.016634,,,,9248,9247,1,0,0,9248,AxisTarget,1,False,True,False,False,0.0051,-89.863602,90.060799,0.1525,-0.0188,-0.1752,526.200745,-0.046768,888.303894,172.743301,89.820168,172.748383,799,False,True,164,1791,False,
654,/kuka/axis_move/feedback_json,std_msgs/msg/String,2026-08-27T21:42:49.551368-04:00,1787881369,551357179,1787881369551357179,128.772675,,,,9249,9248,1,0,0,9249,AxisTarget,1,False,True,False,False,0.0051,-89.863602,90.060799,0.1525,-0.0188,-0.1752,526.200745,-0.046768,888.303894,172.743301,89.820168,172.748383,799,False,True,164,1791,False,
655,/kuka/axis_move/feedback_json,std_msgs/msg/String,2026-08-27T21:42:49.676650-04:00,1787881369,676644787,1787881369676644787,125.287608,,,,9250,9249,1,0,0,9250,AxisTarget,1,False,True,False,False,0.0051,-89.863602,90.060799,0.1525,-0.0188,-0.1752,526.200745,-0.046768,888.303894,172.743301,89.820168,172.748383,799,False,True,164,1791,False,
656,/kuka/axis_move/feedback_json,std_msgs/msg/String,2026-08-27T21:42:49.802781-04:00,1787881369,802775723,1787881369802775723,126.130936,,,,9251,9250,1,0,0,9251,AxisTarget,1,False,True,False,False,0.0051,-89.863602,90.060799,0.1525,-0.0188,-0.1752,526.200745,-0.046768,888.303894,172.743301,89.820168,172.748383,799,False,True,164,1791,False,
657,/kuka/axis_move/feedback_json,std_msgs/msg/String,2026-08-27T21:42:50.023201-04:00,1787881370,23189940,1787881370023189940,220.414217,,,,9252,9251,1,0,0,9252,AxisTarget,1,False,True,False,False,0.0051,-89.863602,90.060799,0.1525,-0.0188,-0.1752,526.200745,-0.046768,888.303894,172.743301,89.820168,172.748383,800,False,True,164,1791,False,
658,/kuka/axis_move/feedback_json,std_msgs/msg/String,2026-08-27T21:42:50.150475-04:00,1787881370,150469913,1787881370150469913,127.279973,,,,9253,9252,1,0,0,9253,AxisTarget,1,False,True,False,False,0.0051,-89.863602,90.060799,0.1525,-0.0188,-0.1752,526.200745,-0.046768,888.303894,172.743301,89.820168,172.748383,800,False,True,164,1791,False,
659,/kuka/axis_move/feedback_json,std_msgs/msg/String,2026-08-27T21:42:50.278458-04:00,1787881370,278428797,1787881370278428797,127.958884,,,,9254,9253,1,0,0,9254,AxisTarget,1,False,True,False,False,0.0051,-89.863602,90.060799,0.1525,-0.0188,-0.1752,526.200745,-0.046768,888.303894,172.743301,89.820168,172.748383,800,False,True,164,1791,False,
660,/kuka/axis_move/feedback_json,std_msgs/msg/String,2026-08-27T21:42:50.403215-04:00,1787881370,403202455,1787881370403202455,124.773658,,,,9255,9254,1,0,0,9255,AxisTarget,1,False,True,False,False,0.0051,-89.863602,90.060799,0.1525,-0.0188,-0.1752,526.200745,-0.046768,888.303894,172.743301,89.820168,172.748383,800,False,True,164,1791,False,
661,/kuka/axis_move/feedback_json,std_msgs/msg/String,2026-08-27T21:42:50.622856-04:00,1787881370,622844782,1787881370622844782,219.642327,,,,9256,9255,1,0,0,9256,AxisTarget,1,False,True,False,False,0.0051,-89.863602,90.060799,0.1525,-0.0188,-0.1752,526.200745,-0.046768,888.303894,172.743301,89.820168,172.748383,801,False,True,164,1791,False,
662,/kuka/axis_move/feedback_json,std_msgs/msg/String,2026-08-27T21:42:50.746361-04:00,1787881370,746338953,1787881370746338953,123.494171,,,,9257,9256,1,0,0,9257,AxisTarget,1,False,True,False,False,0.0051,-89.863602,90.060799,0.1525,-0.0188,-0.1752,526.200745,-0.046768,888.303894,172.743301,89.820168,172.748383,801,False,True,164,1791,False,
663,/kuka/axis_move/feedback_json,std_msgs/msg/String,2026-08-27T21:42:50.875898-04:00,1787881370,875892505,1787881370875892505,129.553552,,,,9258,9257,1,0,0,9258,AxisTarget,1,False,True,False,False,0.0051,-89.863602,90.060799,0.1525,-0.0188,-0.1752,526.200745,-0.046768,888.303894,172.743301,89.820168,172.748383,801,False,True,164,1791,False,
664,/kuka/axis_move/feedback_json,std_msgs/msg/String,2026-08-27T21:42:51.002003-04:00,1787881371,1980835,1787881371001980835,126.08833,,,,9259,9258,1,0,0,9259,AxisTarget,1,False,True,False,False,0.0051,-89.863602,90.060799,0.1525,-0.0188,-0.1752,526.200745,-0.046768,888.303894,172.743301,89.820168,172.748383,801,False,True,164,1791,False,
665,/kuka/axis_move/feedback_json,std_msgs/msg/String,2026-08-27T21:42:51.226328-04:00,1787881371,226306913,1787881371226306913,224.326078,,,,9260,9259,1,0,0,9260,AxisTarget,1,False,True,False,False,0.0051,-89.863602,90.060799,0.1525,-0.0188,-0.1752,526.200745,-0.046768,888.303894,172.743301,89.820168,172.748383,802,False,True,164,1791,False,
666,/kuka/axis_move/feedback_json,std_msgs/msg/String,2026-08-27T21:42:51.350708-04:00,1787881371,350700422,1787881371350700422,124.393509,,,,9261,9260,1,0,0,9261,AxisTarget,1,False,True,False,False,0.0051,-89.863602,90.060799,0.1525,-0.0188,-0.1752,526.200745,-0.046768,888.303894,172.743301,89.820168,172.748383,802,False,True,164,1791,False,
667,/kuka/axis_move/feedback_json,std_msgs/msg/String,2026-08-27T21:42:51.476728-04:00,1787881371,476715609,1787881371476715609,126.015187,,,,9262,9261,1,0,0,9262,AxisTarget,1,False,True,False,False,0.0051,-89.863602,90.060799,0.1525,-0.0188,-0.1752,526.200745,-0.046768,888.303894,172.743301,89.820168,172.748383,802,False,True,164,1791,False,
668,/kuka/axis_move/feedback_json,std_msgs/msg/String,2026-08-27T21:42:51.601993-04:00,1787881371,601986603,1787881371601986603,125.270994,,,,9263,9262,1,0,0,9263,AxisTarget,1,False,True,False,False,0.0051,-89.863602,90.060799,0.1525,-0.0188,-0.1752,526.200745,-0.046768,888.303894,172.743301,89.820168,172.748383,802,False,True,164,1791,False,
669,/kuka/axis_move/feedback_json,std_msgs/msg/String,2026-08-27T21:42:51.818487-04:00,1787881371,818457466,1787881371818457466,216.470863,,,,9264,9263,1,0,0,9264,AxisTarget,1,False,True,False,False,0.0051,-89.863602,90.060799,0.1525,-0.0188,-0.1752,526.200745,-0.046768,888.303894,172.743301,89.820168,172.748383,803,False,True,164,1791,False,
670,/kuka/axis_move/feedback_json,std_msgs/msg/String,2026-08-27T21:42:51.942479-04:00,1787881371,942456386,1787881371942456386,123.99892,,,,9265,9264,1,0,0,9265,AxisTarget,1,False,True,False,False,0.0051,-89.863602,90.060799,0.1525,-0.0188,-0.1752,526.200745,-0.046768,888.303894,172.743301,89.820168,172.748383,803,False,True,164,1791,False,
671,/kuka/axis_move/feedback_json,std_msgs/msg/String,2026-08-27T21:42:52.066096-04:00,1787881372,66090516,1787881372066090516,123.63413,,,,9266,9265,1,0,0,9266,AxisTarget,1,False,True,False,False,0.0051,-89.863602,90.060799,0.1525,-0.0188,-0.1752,526.200745,-0.046768,888.303894,172.743301,89.820168,172.748383,803,False,True,164,1791,False,
672,/kuka/axis_move/feedback_json,std_msgs/msg/String,2026-08-27T21:42:52.190500-04:00,1787881372,190472428,1787881372190472428,124.381912,,,,9267,9266,1,0,0,9267,AxisTarget,1,False,True,False,False,0.0051,-89.863602,90.060799,0.1525,-0.0188,-0.1752,526.200745,-0.046768,888.303894,172.743301,89.820168,172.748383,803,False,True,164,1791,False,
673,/kuka/axis_move/feedback_json,std_msgs/msg/String,2026-08-27T21:42:52.406773-04:00,1787881372,406767438,1787881372406767438,216.29501,,,,9268,9267,1,0,0,9268,AxisTarget,1,False,True,False,False,0.0051,-89.863602,90.060799,0.1525,-0.0188,-0.1752,526.200745,-0.046768,888.303894,172.743301,89.820168,172.748383,804,False,True,164,1791,False,
674,/kuka/axis_move/feedback_json,std_msgs/msg/String,2026-08-27T21:42:52.531023-04:00,1787881372,531011040,1787881372531011040,124.243602,,,,9269,9268,1,0,0,9269,AxisTarget,1,False,True,False,False,0.0051,-89.863602,90.060799,0.1525,-0.0188,-0.1752,526.200745,-0.046768,888.303894,172.743301,89.820168,172.748383,804,False,True,164,1791,False,
675,/kuka/axis_move/feedback_json,std_msgs/msg/String,2026-08-27T21:42:52.661629-04:00,1787881372,661617893,1787881372661617893,130.606853,,,,9270,9269,1,0,0,9270,AxisTarget,1,False,True,False,False,0.0051,-89.863602,90.060799,0.1525,-0.0188,-0.1752,526.200745,-0.046768,888.303894,172.743301,89.820168,172.748383,804,False,True,164,1791,False,
676,/kuka/axis_move/feedback_json,std_msgs/msg/String,2026-08-27T21:42:52.786190-04:00,1787881372,786182406,1787881372786182406,124.564513,,,,9271,9270,1,0,0,9271,AxisTarget,1,False,True,False,False,0.0051,-89.863602,90.060799,0.1525,-0.0188,-0.1752,526.200745,-0.046768,888.303894,172.743301,89.820168,172.748383,804,False,True,164,1791,False,
677,/kuka/axis_move/feedback_json,std_msgs/msg/String,2026-08-27T21:42:53.001935-04:00,1787881373,1927826,1787881373001927826,215.74542,,,,9272,9271,1,0,0,9272,AxisTarget,1,False,True,False,False,0.0051,-89.863602,90.060799,0.1525,-0.0188,-0.1752,526.200745,-0.046768,888.303894,172.743301,89.820168,172.748383,805,False,True,164,1791,False,
678,/kuka/axis_move/feedback_json,std_msgs/msg/String,2026-08-27T21:42:53.132931-04:00,1787881373,132919213,1787881373132919213,130.991387,,,,9273,9272,1,0,0,9273,AxisTarget,1,False,True,False,False,0.0051,-89.863602,90.060799,0.1525,-0.0188,-0.1752,526.200745,-0.046768,888.303894,172.743301,89.820168,172.748383,805,False,True,164,1791,False,
679,/kuka/axis_move/feedback_json,std_msgs/msg/String,2026-08-27T21:42:53.260479-04:00,1787881373,260466819,1787881373260466819,127.547606,,,,9274,9273,1,0,0,9274,AxisTarget,1,False,True,False,False,0.0051,-89.863602,90.060799,0.1525,-0.0188,-0.1752,526.200745,-0.046768,888.303894,172.743301,89.820168,172.748383,805,False,True,164,1791,False,
680,/kuka/axis_move/feedback_json,std_msgs/msg/String,2026-08-27T21:42:53.386107-04:00,1787881373,386086042,1787881373386086042,125.619223,,,,9275,9274,1,0,0,9275,AxisTarget,1,False,True,False,False,0.0051,-89.863602,90.060799,0.1525,-0.0188,-0.1752,526.200745,-0.046768,888.303894,172.743301,89.820168,172.748383,805,False,True,164,1791,False,
681,/kuka/axis_move/feedback_json,std_msgs/msg/String,2026-08-27T21:42:53.607054-04:00,1787881373,607046899,1787881373607046899,220.960857,,,,9276,9275,1,0,0,9276,AxisTarget,1,False,True,False,False,0.0051,-89.863602,90.060799,0.1525,-0.0188,-0.1752,526.200745,-0.046768,888.303894,172.743301,89.820168,172.748383,806,False,True,164,1791,False,
682,/kuka/axis_move/feedback_json,std_msgs/msg/String,2026-08-27T21:42:53.731003-04:00,1787881373,730987166,1787881373730987166,123.940267,,,,9277,9276,1,0,0,9277,AxisTarget,1,False,True,False,False,0.0051,-89.863602,90.060799,0.1525,-0.0188,-0.1752,526.200745,-0.046768,888.303894,172.743301,89.820168,172.748383,806,False,True,164,1791,False,
683,/kuka/axis_move/feedback_json,std_msgs/msg/String,2026-08-27T21:42:53.851058-04:00,1787881373,851024913,1787881373851024913,120.037747,,,,9278,9277,1,0,0,9278,AxisTarget,1,False,True,False,False,0.0051,-89.863602,90.060799,0.1525,-0.0188,-0.1752,526.200745,-0.046768,888.303894,172.743301,89.820168,172.748383,806,False,True,164,1791,False,
684,/kuka/axis_move/feedback_json,std_msgs/msg/String,2026-08-27T21:42:53.974662-04:00,1787881373,974627969,1787881373974627969,123.603056,,,,9279,9278,1,0,0,9279,AxisTarget,1,False,True,False,False,0.0051,-89.863602,90.060799,0.1525,-0.0188,-0.1752,526.200745,-0.046768,888.303894,172.743301,89.820168,172.748383,806,False,True,164,1791,False,
685,/kuka/axis_move/feedback_json,std_msgs/msg/String,2026-08-27T21:42:54.200109-04:00,1787881374,200080336,1787881374200080336,225.452367,,,,9280,9279,1,0,0,9280,AxisTarget,1,False,True,False,False,0.0051,-89.863602,90.060799,0.1525,-0.0188,-0.1752,526.200745,-0.046768,888.303894,172.743301,89.820168,172.748383,807,False,True,164,1791,False,
686,/kuka/axis_move/feedback_json,std_msgs/msg/String,2026-08-27T21:42:54.327003-04:00,1787881374,326988948,1787881374326988948,126.908612,,,,9281,9280,1,0,0,9281,AxisTarget,1,False,True,False,False,0.0051,-89.863602,90.060799,0.1525,-0.0188,-0.1752,526.200745,-0.046768,888.303894,172.743301,89.820168,172.748383,807,False,True,164,1791,False,
687,/kuka/axis_move/feedback_json,std_msgs/msg/String,2026-08-27T21:42:54.450760-04:00,1787881374,450749743,1787881374450749743,123.760795,,,,9282,9281,1,0,0,9282,AxisTarget,1,False,True,False,False,0.0051,-89.863602,90.060799,0.1525,-0.0188,-0.1752,526.200745,-0.046768,888.303894,172.743301,89.820168,172.748383,807,False,True,164,1791,False,
688,/kuka/axis_move/feedback_json,std_msgs/msg/String,2026-08-27T21:42:54.578943-04:00,1787881374,578937391,1787881374578937391,128.187648,,,,9283,9282,1,0,0,9283,AxisTarget,1,False,True,False,False,0.0051,-89.863602,90.060799,0.1525,-0.0188,-0.1752,526.200745,-0.046768,888.303894,172.743301,89.820168,172.748383,807,False,True,164,1791,False,
689,/kuka/axis_move/feedback_json,std_msgs/msg/String,2026-08-27T21:42:54.799237-04:00,1787881374,799220956,1787881374799220956,220.283565,,,,9284,9283,1,0,0,9284,AxisTarget,1,False,True,False,False,0.0051,-89.863602,90.060799,0.1525,-0.0188,-0.1752,526.200745,-0.046768,888.303894,172.743301,89.820168,172.748383,808,False,True,164,1791,False,
690,/kuka/axis_move/feedback_json,std_msgs/msg/String,2026-08-27T21:42:54.926661-04:00,1787881374,926644783,1787881374926644783,127.423827,,,,9285,9284,1,0,0,9285,AxisTarget,1,False,True,False,False,0.0051,-89.863602,90.060799,0.1525,-0.0188,-0.1752,526.200745,-0.046768,888.303894,172.743301,89.820168,172.748383,808,False,True,164,1791,False,
691,/kuka/axis_move/feedback_json,std_msgs/msg/String,2026-08-27T21:42:55.054211-04:00,1787881375,54200279,1787881375054200279,127.555496,,,,9286,9285,1,0,0,9286,AxisTarget,1,False,True,False,False,0.0051,-89.863602,90.060799,0.1525,-0.0188,-0.1752,526.200745,-0.046768,888.303894,172.743301,89.820168,172.748383,808,False,True,164,1791,False,
692,/kuka/axis_move/feedback_json,std_msgs/msg/String,2026-08-27T21:42:55.184908-04:00,1787881375,184902271,1787881375184902271,130.701992,,,,9287,9286,1,0,0,9287,AxisTarget,1,False,True,False,False,0.0051,-89.863602,90.060799,0.1525,-0.0188,-0.1752,526.200745,-0.046768,888.303894,172.743301,89.820168,172.748383,808,False,True,164,1791,False,
693,/kuka/axis_move/feedback_json,std_msgs/msg/String,2026-08-27T21:42:55.406202-04:00,1787881375,406196195,1787881375406196195,221.293924,,,,9288,9287,1,0,0,9288,AxisTarget,1,False,True,False,False,0.0051,-89.863602,90.060799,0.1525,-0.0188,-0.1752,526.200745,-0.046768,888.303894,172.743301,89.820168,172.748383,809,False,True,164,1791,False,
694,/kuka/axis_move/feedback_json,std_msgs/msg/String,2026-08-27T21:42:55.534875-04:00,1787881375,534817188,1787881375534817188,128.620993,,,,9289,9288,1,0,0,9289,AxisTarget,1,False,True,False,False,0.0051,-89.863602,90.060799,0.1525,-0.0188,-0.1752,526.200745,-0.046768,888.303894,172.743301,89.820168,172.748383,809,False,True,164,1791,False,
695,/kuka/axis_move/feedback_json,std_msgs/msg/String,2026-08-27T21:42:55.658458-04:00,1787881375,658429179,1787881375658429179,123.611991,,,,9290,9289,1,0,0,9290,AxisTarget,1,False,True,False,False,0.0051,-89.863602,90.060799,0.1525,-0.0188,-0.1752,526.200745,-0.046768,888.303894,172.743301,89.820168,172.748383,809,False,True,164,1791,False,
696,/kuka/axis_move/feedback_json,std_msgs/msg/String,2026-08-27T21:42:55.786619-04:00,1787881375,786607163,1787881375786607163,128.177984,,,,9291,9290,1,0,0,9291,AxisTarget,1,False,True,False,False,0.0051,-89.863602,90.060799,0.1525,-0.0188,-0.1752,526.200745,-0.046768,888.303894,172.743301,89.820168,172.748383,809,False,True,164,1791,False,
697,/kuka/axis_move/feedback_json,std_msgs/msg/String,2026-08-27T21:42:56.002474-04:00,1787881376,2461757,1787881376002461757,215.854594,,,,9292,9291,1,0,0,9292,AxisTarget,1,False,True,False,False,0.0051,-89.863602,90.060799,0.1525,-0.0188,-0.1752,526.200745,-0.046768,888.303894,172.743301,89.820168,172.748383,810,False,True,164,1791,False,
698,/kuka/axis_move/feedback_json,std_msgs/msg/String,2026-08-27T21:42:56.130108-04:00,1787881376,130103090,1787881376130103090,127.641333,,,,9293,9292,1,0,0,9293,AxisTarget,1,False,True,False,False,0.0051,-89.863602,90.060799,0.1525,-0.0188,-0.1752,526.200745,-0.046768,888.303894,172.743301,89.820168,172.748383,810,False,True,164,1791,False,
699,/kuka/axis_move/feedback_json,std_msgs/msg/String,2026-08-27T21:42:56.258810-04:00,1787881376,258798657,1787881376258798657,128.695567,,,,9294,9293,1,0,0,9294,AxisTarget,1,False,True,False,False,0.0051,-89.863602,90.060799,0.1525,-0.0188,-0.1752,526.200745,-0.046768,888.303894,172.743301,89.820168,172.748383,810,False,True,164,1791,False,
700,/kuka/axis_move/feedback_json,std_msgs/msg/String,2026-08-27T21:42:56.384071-04:00,1787881376,384048789,1787881376384048789,125.250132,,,,9295,9294,1,0,0,9295,AxisTarget,1,False,True,False,False,0.0051,-89.863602,90.060799,0.1525,-0.0188,-0.1752,526.200745,-0.046768,888.303894,172.743301,89.820168,172.748383,810,False,True,164,1791,False,
701,/kuka/axis_move/feedback_json,std_msgs/msg/String,2026-08-27T21:42:56.604027-04:00,1787881376,604015423,1787881376604015423,219.966634,,,,9296,9295,1,0,0,9296,AxisTarget,1,False,True,False,False,0.0051,-89.863602,90.060799,0.1525,-0.0188,-0.1752,526.200745,-0.046768,888.303894,172.743301,89.820168,172.748383,811,False,True,164,1791,False,
702,/kuka/axis_move/feedback_json,std_msgs/msg/String,2026-08-27T21:42:56.730256-04:00,1787881376,730226186,1787881376730226186,126.210763,,,,9297,9296,1,0,0,9297,AxisTarget,1,False,True,False,False,0.0051,-89.863602,90.060799,0.1525,-0.0188,-0.1752,526.200745,-0.046768,888.303894,172.743301,89.820168,172.748383,811,False,True,164,1791,False,
703,/kuka/axis_move/feedback_json,std_msgs/msg/String,2026-08-27T21:42:56.854571-04:00,1787881376,854542990,1787881376854542990,124.316804,,,,9298,9297,1,0,0,9298,AxisTarget,1,False,True,False,False,0.0051,-89.863602,90.060799,0.1525,-0.0188,-0.1752,526.200745,-0.046768,888.303894,172.743301,89.820168,172.748383,811,False,True,164,1791,False,
