receive_index,topic_name,message_type,receive_wall_time_iso8601,receive_ros_time_sec,receive_ros_time_nanosec,receive_ros_time_ns,delta_receive_ms,source_stamp_sec,source_stamp_nanosec,source_stamp_ns,sequence,prev_sequence,delta_seq,sequence_gap,estimated_missing,seq,mode,status,move_ready,limits_ok,delta_ok,move_executed,axis_actual.A1,axis_actual.A2,axis_actual.A3,axis_actual.A4,axis_actual.A5,axis_actual.A6,position_actual.X,position_actual.Y,position_actual.Z,position_actual.A,position_actual.B,position_actual.C,rx_counter,bridge_safe_mode,bridge_allow_motion,batch_seq,batch_consumed,batch_active,unmapped_json
1,/kuka/axis_move/feedback_json,std_msgs/msg/String,2026-08-27T21:31:47.324751-04:00,1787880707,324745468,1787880707324745468,,,,,4814,,,0,0,4814,AxisTarget,1,False,True,False,False,0.0051,-89.863602,90.060799,0.1525,-0.0188,-0.1752,526.200745,-0.046768,888.303894,172.743301,89.820168,172.748383,351,False,True,68,597,False,
2,/kuka/axis_move/feedback_json,std_msgs/msg/String,2026-08-27T21:31:47.447587-04:00,1787880707,447576612,1787880707447576612,122.831144,,,,4815,4814,1,0,0,4815,AxisTarget,1,False,True,False,False,0.0051,-89.863602,90.060799,0.1525,-0.0188,-0.1752,526.200745,-0.046768,888.303894,172.743301,89.820168,172.748383,351,False,True,68,597,False,
3,/kuka/axis_move/feedback_json,std_msgs/msg/String,2026-08-27T21:31:47.666346-04:00,1787880707,666340766,1787880707666340766,218.764154,,,,4816,4815,1,0,0,4816,AxisTarget,1,False,True,False,False,0.0051,-89.863602,90.060799,0.1525,-0.0188,-0.1752,526.200745,-0.046768,888.303894,172.743301,89.820168,172.748383,352,False,True,68,597,False,
4,/kuka/axis_move/feedback_json,std_msgs/msg/String,2026-08-27T21:31:47.791686-04:00,1787880707,791680379,1787880707791680379,125.339613,,,,4817,4816,1,0,0,4817,AxisTarget,1,False,True,False,False,0.0051,-89.863602,90.060799,0.1525,-0.0188,-0.1752,526.200745,-0.046768,888.303894,172.743301,89.820168,172.748383,352,False,True,68,597,False,
5,/kuka/axis_move/feedback_json,std_msgs/msg/String,2026-08-27T21:31:47.915503-04:00,1787880707,915477656,1787880707915477656,123.797277,,,,4818,4817,1,0,0,4818,AxisTarget,1,False,True,False,False,0.0051,-89.863602,90.060799,0.1525,-0.0188,-0.1752,526.200745,-0.046768,888.303894,172.743301,89.820168,172.748383,352,False,True,68,597,False,
6,/kuka/axis_move/feedback_json,std_msgs/msg/String,2026-08-27T21:31:48.047724-04:00,1787880708,47717498,1787880708047717498,132.239842,,,,4819,4818,1,0,0,4819,AxisTarget,1,False,True,False,False,0.0051,-89.863602,90.060799,0.1525,-0.0188,-0.1752,526.200745,-0.046768,888.303894,172.743301,89.820168,172.748383,352,False,True,68,597,False,
7,/kuka/axis_move/feedback_json,std_msgs/msg/String,2026-08-27T21:31:48.276393-04:00,1787880708,276383823,1787880708276383823,228.666325,,,,4820,4819,1,0,0,4820,AxisTarget,1,False,True,False,False,0.0051,-89.863602,90.060799,0.1525,-0.0188,-0.1752,526.200745,-0.046768,888.303894,172.743301,89.820168,172.748383,353,False,True,68,597,False,
8,/kuka/axis_move/feedback_json,std_msgs/msg/String,2026-08-27T21:31:48.400606-04:00,1787880708,400590264,1787880708400590264,124.206441,,,,4821,4820,1,0,0,4821,AxisTarget,1,False,True,False,False,0.0051,-89.863602,90.060799,0.1525,-0.0188,-0.1752,526.200745,-0.046768,888.303894,172.743301,89.820168,172.748383,353,False,True,68,597,False,
9,/kuka/axis_move/feedback_json,std_msgs/msg/String,2026-08-27T21:31:48.523685-04:00,1787880708,523651053,1787880708523651053,123.060789,,,,4822,4821,1,0,0,4822,AxisTarget,1,False,True,False,False,0.0051,-89.863602,90.060799,0.1525,-0.0188,-0.1752,526.200745,-0.046768,888.303894,172.743301,89.820168,172.748383,353,False,True,68,597,False,
10,/kuka/axis_move/feedback_json,std_msgs/msg/String,2026-08-27T21:31:48.648222-04:00,1787880708,648216896,1787880708648216896,124.565843,,,,4823,4822,1,0,0,4823,AxisTarget,1,False,True,False,False,0.0051,-89.863602,90.060799,0.1525,-0.0188,-0.1752,526.200745,-0.046768,888.303894,172.743301,89.820168,172.748383,353,False,True,68,597,False,
11,/kuka/axis_move/feedback_json,std_msgs/msg/String,2026-08-27T21:31:48.872183-04:00,1787880708,872172195,1787880708872172195,223.955299,,,,4824,4823,1,0,0,4824,AxisTarget,1,False,True,False,False,0.0051,-89.863602,90.060799,0.1525,-0.0188,-0.1752,526.200745,-0.046768,888.303894,172.743301,89.820168,172.748383,354,False,True,68,597,False,
12,/kuka/axis_move/feedback_json,std_msgs/msg/String,2026-08-27T21:31:49.002243-04:00,1787880709,2221079,1787880709002221079,130.048884,,,,4825,4824,1,0,0,4825,AxisTarget,1,False,True,False,False,0.0051,-89.863602,90.060799,0.1525,-0.0188,-0.1752,526.200745,-0.046768,888.303894,172.743301,89.820168,172.748383,354,False,True,68,597,False,
13,/kuka/axis_move/feedback_json,std_msgs/msg/String,2026-08-27T21:31:49.129682-04:00,1787880709,129659871,1787880709129659871,127.438792,,,,4826,4825,1,0,0,4826,AxisTarget,1,False,True,False,False,0.0051,-89.863602,90.060799,0.1525,-0.0188,-0.1752,526.200745,-0.046768,888.303894,172.743301,89.820168,172.748383,354,False,True,68,597,False,
14,/kuka/axis_move/feedback_json,std_msgs/msg/String,2026-08-27T21:31:49.258498-04:00,1787880709,258486024,1787880709258486024,128.826153,,,,4827,4826,1,0,0,4827,AxisTarget,1,False,True,False,False,0.0051,-89.863602,90.060799,0.1525,-0.0188,-0.1752,526.200745,-0.046768,888.303894,172.743301,89.820168,172.748383,354,False,True,68,597,False,
15,/kuka/axis_move/feedback_json,std_msgs/msg/String,2026-08-27T21:31:49.479506-04:00,1787880709,479497776,1787880709479497776,221.011752,,,,4828,4827,1,0,0,4828,AxisTarget,1,False,True,False,False,0.0051,-89.863602,90.060799,0.1525,-0.0188,-0.1752,526.200745,-0.046768,888.303894,172.743301,89.820168,172.748383,355,False,True,68,597,False,
16,/kuka/axis_move/feedback_json,std_msgs/msg/String,2026-08-27T21:31:49.607046-04:00,1787880709,607039633,1787880709607039633,127.541857,,,,4829,4828,1,0,0,4829,AxisTarget,1,False,True,False,False,0.0051,-89.863602,90.060799,0.1525,-0.0188,-0.1752,526.200745,-0.046768,888.303894,172.743301,89.820168,172.748383,355,False,True,68,597,False,
17,/kuka/axis_move/feedback_json,std_msgs/msg/String,2026-08-27T21:31:49.728322-04:00,1787880709,728312699,1787880709728312699,121.273066,,,,4830,4829,1,0,0,4830,AxisTarget,1,False,True,False,False,0.0051,-89.863602,90.060799,0.1525,-0.0188,-0.1752,526.200745,-0.046768,888.303894,172.743301,89.820168,172.748383,355,False,True,68,597,False,
18,/kuka/axis_move/feedback_json,std_msgs/msg/String,2026-08-27T21:31:49.855516-04:00,1787880709,855488973,1787880709855488973,127.176274,,,,4831,4830,1,0,0,4831,AxisTarget,1,False,True,False,False,0.0051,-89.863602,90.060799,0.1525,-0.0188,-0.1752,526.200745,-0.046768,888.303894,172.743301,89.820168,172.748383,355,False,True,68,597,False,
19,/kuka/axis_move/feedback_json,std_msgs/msg/String,2026-08-27T21:31:50.075422-04:00,1787880710,75386070,1787880710075386070,219.897097,,,,4832,4831,1,0,0,4832,AxisTarget,1,False,True,False,False,0.0051,-89.863602,90.060799,0.1525,-0.0188,-0.1752,526.200745,-0.046768,888.303894,172.743301,89.820168,172.748383,356,False,True,68,597,False,
20,/kuka/axis_move/feedback_json,std_msgs/msg/String,2026-08-27T21:31:50.203830-04:00,1787880710,203806422,1787880710203806422,128.420352,,,,4833,4832,1,0,0,4833,AxisTarget,1,False,True,False,False,0.0051,-89.863602,90.060799,0.1525,-0.0188,-0.1752,526.200745,-0.046768,888.303894,172.743301,89.820168,172.748383,356,False,True,68,597,False,
21,/kuka/axis_move/feedback_json,std_msgs/msg/String,2026-08-27T21:31:50.332379-04:00,1787880710,332362051,1787880710332362051,128.555629,,,,4834,4833,1,0,0,4834,AxisTarget,1,False,True,False,False,0.0051,-89.863602,90.060799,0.1525,-0.0188,-0.1752,526.200745,-0.046768,888.303894,172.743301,89.820168,172.748383,356,False,True,68,597,False,
22,/kuka/axis_move/feedback_json,std_msgs/msg/String,2026-08-27T21:31:50.457008-04:00,1787880710,456988246,1787880710456988246,124.626195,,,,4835,4834,1,0,0,4835,AxisTarget,1,False,True,False,False,0.0051,-89.863602,90.060799,0.1525,-0.0188,-0.1752,526.200745,-0.046768,888.303894,172.743301,89.820168,172.748383,356,False,True,68,597,False,
23,/kuka/axis_move/feedback_json,std_msgs/msg/String,2026-08-27T21:31:50.676656-04:00,1787880710,676648011,1787880710676648011,219.659765,,,,4836,4835,1,0,0,4836,AxisTarget,1,False,True,False,False,0.0051,-89.863602,90.060799,0.1525,-0.0188,-0.1752,526.200745,-0.046768,888.303894,172.743301,89.820168,172.748383,357,False,True,68,597,False,
24,/kuka/axis_move/feedback_json,std_msgs/msg/String,2026-08-27T21:31:50.800415-04:00,1787880710,800406710,1787880710800406710,123.758699,,,,4837,4836,1,0,0,4837,AxisTarget,1,False,True,False,False,0.0051,-89.863602,90.060799,0.1525,-0.0188,-0.1752,526.200745,-0.046768,888.303894,172.743301,89.820168,172.748383,357,False,True,68,597,False,
25,/kuka/axis_move/feedback_json,std_msgs/msg/String,2026-08-27T21:31:50.923817-04:00,1787880710,923800848,1787880710923800848,123.394138,,,,4838,4837,1,0,0,4838,AxisTarget,1,False,True,False,False,0.0051,-89.863602,90.060799,0.1525,-0.0188,-0.1752,526.200745,-0.046768,888.303894,172.743301,89.820168,172.748383,357,False,True,68,597,False,
26,/kuka/axis_move/feedback_json,std_msgs/msg/String,2026-08-27T21:31:51.053761-04:00,1787880711,53745210,1787880711053745210,129.944362,,,,4839,4838,1,0,0,4839,AxisTarget,1,False,True,False,False,0.0051,-89.863602,90.060799,0.1525,-0.0188,-0.1752,526.200745,-0.046768,888.303894,172.743301,89.820168,172.748383,357,False,True,68,597,False,
27,/kuka/axis_move/feedback_json,std_msgs/msg/String,2026-08-27T21:31:51.276468-04:00,1787880711,276455299,1787880711276455299,222.710089,,,,4840,4839,1,0,0,4840,AxisTarget,1,False,True,False,False,0.0051,-89.863602,90.060799,0.1525,-0.0188,-0.1752,526.200745,-0.046768,888.303894,172.743301,89.820168,172.748383,358,False,True,68,597,False,
28,/kuka/axis_move/feedback_json,std_msgs/msg/String,2026-08-27T21:31:51.400857-04:00,1787880711,400844984,1787880711400844984,124.389685,,,,4841,4840,1,0,0,4841,AxisTarget,1,False,True,False,False,0.0051,-89.863602,90.060799,0.1525,-0.0188,-0.1752,526.200745,-0.046768,888.303894,172.743301,89.820168,172.748383,358,False,True,68,597,False,
29,/kuka/axis_move/feedback_json,std_msgs/msg/String,2026-08-27T21:31:51.524035-04:00,1787880711,523990287,1787880711523990287,123.145303,,,,4842,4841,1,0,0,4842,AxisTarget,1,False,True,False,False,0.0051,-89.863602,90.060799,0.1525,-0.0188,-0.1752,526.200745,-0.046768,888.303894,172.743301,89.820168,172.748383,358,False,True,68,597,False,
30,/kuka/axis_move/feedback_json,std_msgs/msg/String,2026-08-27T21:31:51.650049-04:00,1787880711,650021296,1787880711650021296,126.031009,,,,4843,4842,1,0,0,4843,AxisTarget,1,False,True,False,False,0.0051,-89.863602,90.060799,0.1525,-0.0188,-0.1752,526.200745,-0.046768,888.303894,172.743301,89.820168,172.748383,358,False,True,68,597,False,
31,/kuka/axis_move/feedback_json,std_msgs/msg/String,2026-08-27T21:31:51.872032-04:00,1787880711,872002381,1787880711872002381,221.981085,,,,4844,4843,1,0,0,4844,AxisTarget,1,False,True,False,False,0.0051,-89.863602,90.060799,0.1525,-0.0188,-0.1752,526.200745,-0.046768,888.303894,172.743301,89.820168,172.748383,359,False,True,68,597,False,
32,/kuka/axis_move/feedback_json,std_msgs/msg/String,2026-08-27T21:31:51.998035-04:00,1787880711,998023249,1787880711998023249,126.020868,,,,4845,4844,1,0,0,4845,AxisTarget,1,False,True,False,False,0.0051,-89.863602,90.060799,0.1525,-0.0188,-0.1752,526.200745,-0.046768,888.303894,172.743301,89.820168,172.748383,359,False,True,68,597,False,
33,/kuka/axis_move/feedback_json,std_msgs/msg/String,2026-08-27T21:31:52.124130-04:00,1787880712,124101525,1787880712124101525,126.078276,,,,4846,4845,1,0,0,4846,AxisTarget,1,False,True,False,False,0.0051,-89.863602,90.060799,0.1525,-0.0188,-0.1752,526.200745,-0.046768,888.303894,172.743301,89.820168,172.748383,359,False,True,68,597,False,
34,/kuka/axis_move/feedback_json,std_msgs/msg/String,2026-08-27T21:31:52.250487-04:00,1787880712,250464391,1787880712250464391,126.362866,,,,4847,4846,1,0,0,4847,AxisTarget,1,False,True,False,False,0.0051,-89.863602,90.060799,0.1525,-0.0188,-0.1752,526.200745,-0.046768,888.303894,172.743301,89.820168,172.748383,359,False,True,68,597,False,
35,/kuka/axis_move/feedback_json,std_msgs/msg/String,2026-08-27T21:31:52.471197-04:00,1787880712,471180925,1787880712471180925,220.716534,,,,4848,4847,1,0,0,4848,AxisTarget,1,False,True,False,False,0.0051,-89.863602,90.060799,0.1525,-0.0188,-0.1752,526.200745,-0.046768,888.303894,172.743301,89.820168,172.748383,360,False,True,68,597,False,
36,/kuka/axis_move/feedback_json,std_msgs/msg/String,2026-08-27T21:31:52.594470-04:00,1787880712,594442018,1787880712594442018,123.261093,,,,4849,4848,1,0,0,4849,AxisTarget,1,False,True,False,False,0.0051,-89.863602,90.060799,0.1525,-0.0188,-0.1752,526.200745,-0.046768,888.303894,172.743301,89.820168,172.748383,360,False,True,68,597,False,
37,/kuka/axis_move/feedback_json,std_msgs/msg/String,2026-08-27T21:31:52.719716-04:00,1787880712,719704897,1787880712719704897,125.262879,,,,4850,4849,1,0,0,4850,AxisTarget,1,False,True,False,False,0.0051,-89.863602,90.060799,0.1525,-0.0188,-0.1752,526.200745,-0.046768,888.303894,172.743301,89.820168,172.748383,360,False,True,68,597,False,
38,/kuka/axis_move/feedback_json,std_msgs/msg/String,2026-08-27T21:31:52.846873-04:00,1787880712,846862220,1787880712846862220,127.157323,,,,4851,4850,1,0,0,4851,AxisTarget,1,False,True,False,False,0.0051,-89.863602,90.060799,0.1525,-0.0188,-0.1752,526.200745,-0.046768,888.303894,172.743301,89.820168,172.748383,360,False,True,68,597,False,
39,/kuka/axis_move/feedback_json,std_msgs/msg/String,2026-08-27T21:31:53.072828-04:00,1787880713,72817500,1787880713072817500,225.95528,,,,4852,4851,1,0,0,4852,AxisTarget,1,False,True,False,False,0.0051,-89.863602,90.060799,0.1525,-0.0188,-0.1752,526.200745,-0.046768,888.303894,172.743301,89.820168,172.748383,361,False,True,68,597,False,
40,/kuka/axis_move/feedback_json,std_msgs/msg/String,2026-08-27T21:31:53.195658-04:00,1787880713,195648415,1787880713195648415,122.830915,,,,4853,4852,1,0,0,4853,AxisTarget,1,False,True,False,False,0.0051,-89.863602,90.060799,0.1525,-0.0188,-0.1752,526.200745,-0.046768,888.303894,172.743301,89.820168,172.748383,361,False,True,68,597,False,
41,/kuka/axis_move/feedback_json,std_msgs/msg/String,2026-08-27T21:31:53.319533-04:00,1787880713,319527939,1787880713319527939,123.879524,,,,4854,4853,1,0,0,4854,AxisTarget,1,False,True,False,False,0.0051,-89.863602,90.060799,0.1525,-0.0188,-0.1752,526.200745,-0.046768,888.303894,172.743301,89.820168,172.748383,361,False,True,68,597,False,
42,/kuka/axis_move/feedback_json,std_msgs/msg/String,2026-08-27T21:31:53.445823-04:00,1787880713,445805501,1787880713445805501,126.277562,,,,4855,4854,1,0,0,4855,AxisTarget,1,False,True,False,False,0.0051,-89.863602,90.060799,0.1525,-0.0188,-0.1752,526.200745,-0.046768,888.303894,172.743301,89.820168,172.748383,361,False,True,68,597,False,
43,/kuka/axis_move/feedback_json,std_msgs/msg/String,2026-08-27T21:31:53.663934-04:00,1787880713,663922862,1787880713663922862,218.117361,,,,4856,4855,1,0,0,4856,AxisTarget,1,False,True,False,False,0.0051,-89.863602,90.060799,0.1525,-0.0188,-0.1752,526.200745,-0.046768,888.303894,172.743301,89.820168,172.748383,362,False,True,68,597,False,
44,/kuka/axis_move/feedback_json,std_msgs/msg/String,2026-08-27T21:31:53.787478-04:00,1787880713,787472430,1787880713787472430,123.549568,,,,4857,4856,1,0,0,4857,AxisTarget,1,False,True,False,False,0.0051,-89.863602,90.060799,0.1525,-0.0188,-0.1752,526.200745,-0.046768,888.303894,172.743301,89.820168,172.748383,362,False,True,68,597,False,
45,/kuka/axis_move/feedback_json,std_msgs/msg/String,2026-08-27T21:31:53.912160-04:00,1787880713,912131041,1787880713912131041,124.658611,,,,4858,4857,1,0,0,4858,AxisTarget,1,False,True,False,False,0.0051,-89.863602,90.060799,0.1525,-0.0188,-0.1752,526.200745,-0.046768,888.303894,172.743301,89.820168,172.748383,362,False,True,68,597,False,
46,/kuka/axis_move/feedback_json,std_msgs/msg/String,2026-08-27T21:31:54.038282-04:00,1787880714,38270752,1787880714038270752,126.139711,,,,4859,4858,1,0,0,4859,AxisTarget,1,False,True,False,False,0.0051,-89.863602,90.060799,0.1525,-0.0188,-0.1752,526.200745,-0.046768,888.303894,172.743301,89.820168,172.748383,362,False,True,68,597,False,
47,/kuka/axis_move/feedback_json,std_msgs/msg/String,2026-08-27T21:31:54.263413-04:00,1787880714,263372298,1787880714263372298,225.101546,,,,4860,4859,1,0,0,4860,AxisTarget,1,False,True,False,False,0.0051,-89.863602,90.060799,0.1525,-0.0188,-0.1752,526.200745,-0.046768,888.303894,172.743301,89.820168,172.748383,363,False,True,68,597,False,
48,/kuka/axis_move/feedback_json,std_msgs/msg/String,2026-08-27T21:31:55.029600-04:00,1787880715,29590085,1787880715029590085,766.217787,,,,4861,4860,1,0,0,4861,AxisTarget,1,True,True,True,False,0.0051,-89.863602,90.060799,0.1525,-0.0188,-0.1752,526.200745,-0.046768,888.303894,172.743301,89.820168,172.748383,364,False,True,69,600,True,
49,/kuka/axis_move/feedback_json,std_msgs/msg/String,2026-08-27T21:31:55.792940-04:00,1787880715,792934253,1787880715792934253,763.344168,,,,4862,4861,1,0,0,4862,AxisTarget,1,True,True,True,True,-0.01043,-90.000839,89.991974,-0.001433,4.872634,-0.009748,524.732361,0.093803,883.668152,179.87735,85.415489,179.867432,365,False,True,69,606,True,
50,/kuka/axis_move/feedback_json,std_msgs/msg/String,2026-08-27T21:31:55.925420-04:00,1787880715,925408828,1787880715925408828,132.474575,,,,4863,4862,1,0,0,4863,AxisTarget,1,True,True,True,False,-0.013732,-90.001114,89.989479,-0.000386,6.410477,-0.012642,524.535461,0.123912,881.619202,179.895706,83.927017,179.882782,365,False,True,69,606,True,
51,/kuka/axis_move/feedback_json,std_msgs/msg/String,2026-08-27T21:31:56.055736-04:00,1787880716,55723654,1787880716055723654,130.314826,,,,4864,4863,1,0,0,4864,AxisTarget,1,True,True,True,False,-0.017138,-90.001389,89.986908,0.000743,7.946506,-0.015642,524.276245,0.154828,879.512329,179.908325,82.392113,179.892426,365,False,True,69,607,True,
52,/kuka/axis_move/feedback_json,std_msgs/msg/String,2026-08-27T21:31:56.181578-04:00,1787880716,181548462,1787880716181548462,125.824808,,,,4865,4864,1,0,0,4865,AxisTarget,1,True,True,True,True,-0.020403,-90.001625,89.984428,0.001781,9.37144,-0.018446,523.985779,0.183407,877.568604,179.917145,80.97126,179.898575,365,False,True,69,607,True,
53,/kuka/axis_move/feedback_json,std_msgs/msg/String,2026-08-27T21:31:56.741801-04:00,1787880716,741788816,1787880716741788816,560.240354,,,,4866,4865,1,0,0,4866,AxisTarget,1,True,True,True,True,-0.034872,-90.002808,89.973572,0.006396,15.86164,-0.031201,522.048218,0.312593,868.823242,179.942917,74.493362,179.913345,366,False,True,70,609,True,
54,/kuka/axis_move/feedback_json,std_msgs/msg/String,2026-08-27T21:31:57.307938-04:00,1787880717,307917637,1787880717307917637,566.128821,,,,4867,4866,1,0,0,4867,AxisTarget,1,True,True,True,True,-0.04946,-90.00399,89.962547,0.011146,22.443321,-0.044093,519.078064,0.43953,860.233704,179.960754,67.923897,179.922195,367,False,True,70,611,True,
55,/kuka/axis_move/feedback_json,std_msgs/msg/String,2026-08-27T21:31:57.432346-04:00,1787880717,432306311,1787880717432306311,124.388674,,,,4868,4867,1,0,0,4868,AxisTarget,1,True,True,True,False,-0.052624,-90.00425,89.960159,0.012171,23.861729,-0.046868,518.27533,0.467524,858.354614,179.964203,66.448196,179.923935,367,False,True,70,611,True,
56,/kuka/axis_move/feedback_json,std_msgs/msg/String,2026-08-27T21:31:57.556743-04:00,1787880717,556720693,1787880717556720693,124.414382,,,,4869,4868,1,0,0,4869,AxisTarget,1,True,True,True,False,-0.055686,-90.004501,89.95784,0.013205,25.296949,-0.049683,517.484924,0.493406,856.625793,179.967285,65.075562,179.925522,367,False,True,70,611,True,
57,/kuka/axis_move/feedback_json,std_msgs/msg/String,2026-08-27T21:31:57.683886-04:00,1787880717,683863521,1787880717683863521,127.142828,,,,4870,4869,1,0,0,4870,AxisTarget,1,True,True,True,False,-0.059012,-90.004768,89.955345,0.014248,26.741589,-0.052513,516.609802,0.520541,854.830444,179.970428,63.633602,179.927155,367,False,True,70,612,True,
58,/kuka/axis_move/feedback_json,std_msgs/msg/String,2026-08-27T21:31:57.811619-04:00,1787880717,811613500,1787880717811613500,127.749979,,,,4871,4870,1,0,0,4871,AxisTarget,1,True,True,True,True,-0.062148,-90.00502,89.953003,0.015254,28.180517,-0.05533,515.684387,0.54775,853.048462,179.97348,62.18412,179.928802,367,False,True,70,612,True,
59,/kuka/axis_move/feedback_json,std_msgs/msg/String,2026-08-27T21:31:57.939611-04:00,1787880717,939605819,1787880717939605819,127.992319,,,,4872,4871,1,0,0,4872,AxisTarget,1,True,True,True,False,-0.065466,-90.005295,89.950516,0.016328,29.624525,-0.05816,514.696472,0.575169,851.260071,179.976486,60.709503,179.930496,367,False,True,70,612,True,
60,/kuka/axis_move/feedback_json,std_msgs/msg/String,2026-08-27T21:31:58.065979-04:00,1787880718,65966091,1787880718065966091,126.360272,,,,4873,4872,1,0,0,4873,AxisTarget,1,True,True,True,False,-0.068782,-90.005562,89.948013,0.017405,31.115768,-0.061081,513.68573,0.601592,849.536316,179.979294,59.26754,179.932159,367,False,True,70,613,True,
61,/kuka/axis_move/feedback_json,std_msgs/msg/String,2026-08-27T21:31:58.193733-04:00,1787880718,193727511,1787880718193727511,127.76142,,,,4874,4873,1,0,0,4874,AxisTarget,1,True,True,True,True,-0.071985,-90.005821,89.945595,0.018447,32.56041,-0.063913,512.59668,0.628532,847.78418,179.982086,57.779064,179.933884,367,False,True,70,613,True,
62,/kuka/axis_move/feedback_json,std_msgs/msg/String,2026-08-27T21:31:58.316305-04:00,1787880718,316294426,1787880718316294426,122.566915,,,,4875,4874,1,0,0,4875,AxisTarget,1,True,True,True,False,-0.07529,-90.006088,89.943092,0.019523,34.051651,-0.066852,511.461975,0.655224,846.060791,179.984772,56.290588,179.935638,367,False,True,70,613,True,
63,/kuka/axis_move/feedback_json,std_msgs/msg/String,2026-08-27T21:31:58.442464-04:00,1787880718,442458887,1787880718442458887,126.164461,,,,4876,4875,1,0,0,4876,AxisTarget,1,True,True,True,True,-0.078407,-90.00634,89.940758,0.020525,35.433811,-0.06958,510.341614,0.680369,844.450256,179.987213,54.875603,179.937302,367,False,True,70,614,True,
64,/kuka/axis_move/feedback_json,std_msgs/msg/String,2026-08-27T21:31:58.568173-04:00,1787880718,568159297,1787880718568159297,125.70041,,,,4877,4876,1,0,0,4877,AxisTarget,1,True,True,True,False,-0.081577,-90.006599,89.938339,0.021565,36.887951,-0.072472,509.219238,0.704493,842.918213,179.989502,53.506069,179.938965,367,False,True,70,614,True,
65,/kuka/axis_move/feedback_json,std_msgs/msg/String,2026-08-27T21:31:58.700128-04:00,1787880718,700122486,1787880718700122486,131.963189,,,,4878,4877,1,0,0,4878,AxisTarget,1,True,True,True,False,-0.084779,-90.006859,89.935898,0.022586,38.332592,-0.075316,507.957764,0.73048,841.284119,179.991928,52.017616,179.940796,367,False,True,70,615,True,
66,/kuka/axis_move/feedback_json,std_msgs/msg/String,2026-08-27T21:31:58.824026-04:00,1787880718,824004346,1787880718824004346,123.88186,,,,4879,4878,1,0,0,4879,AxisTarget,1,True,True,True,True,-0.088187,-90.007141,89.933281,0.023658,39.870434,-0.078329,506.612274,0.757024,839.633911,179.994339,50.482666,179.942734,367,False,True,70,615,True,
67,/kuka/axis_move/feedback_json,std_msgs/msg/String,2026-08-27T21:31:58.947684-04:00,1787880718,947634751,1787880718947634751,123.630405,,,,4880,4879,1,0,0,4880,AxisTarget,1,True,True,True,False,-0.091389,-90.007401,89.93084,0.024673,41.315075,-0.081159,505.350647,0.780909,838.165344,179.996475,49.08725,179.944565,367,False,True,70,615,True,
68,/kuka/axis_move/feedback_json,std_msgs/msg/String,2026-08-27T21:31:59.076791-04:00,1787880719,76785284,1787880719076785284,129.150533,,,,4881,4880,1,0,0,4881,AxisTarget,1,True,True,True,False,-0.09459,-90.00766,89.928413,0.025706,42.756592,-0.08398,504.009369,0.805329,836.68042,179.998642,47.645378,179.946533,367,False,True,70,616,True,
69,/kuka/axis_move/feedback_json,std_msgs/msg/String,2026-08-27T21:31:59.205581-04:00,1787880719,205514418,1787880719205514418,128.729134,,,,4882,4881,1,0,0,4882,AxisTarget,1,True,True,True,True,-0.097819,-90.007927,89.925972,0.026758,44.215321,-0.086839,502.574829,0.830453,835.172302,-179.999176,46.145897,179.948654,367,False,True,70,616,True,
70,/kuka/axis_move/feedback_json,std_msgs/msg/String,2026-08-27T21:31:59.332312-04:00,1787880719,332288693,1787880719332288693,126.774275,,,,4883,4882,1,0,0,4883,AxisTarget,1,True,True,True,False,-0.10114,-90.008194,89.92347,0.027834,45.706562,-0.08976,501.15802,0.854462,833.757813,-179.997131,44.70393,179.95076,367,False,True,70,617,True,
71,/kuka/axis_move/feedback_json,std_msgs/msg/String,2026-08-27T21:31:59.460231-04:00,1787880719,460202059,1787880719460202059,127.913366,,,,4884,4883,1,0,0,4884,AxisTarget,1,True,True,True,True,-0.104376,-90.008453,89.921066,0.028864,47.128101,-0.092535,499.687103,0.878669,832.362244,-179.995117,43.243832,179.952957,367,False,True,70,617,True,
72,/kuka/axis_move/feedback_json,std_msgs/msg/String,2026-08-27T21:31:59.584290-04:00,1787880719,584284730,1787880719584284730,124.082671,,,,4885,4884,1,0,0,4885,AxisTarget,1,True,True,True,False,-0.107595,-90.008713,89.91864,0.029914,48.589405,-0.095407,498.176605,0.902694,831.000977,-179.993164,41.779926,179.955215,367,False,True,70,617,True,
73,/kuka/axis_move/feedback_json,std_msgs/msg/String,2026-08-27T21:31:59.711617-04:00,1787880719,711596324,1787880719711596324,127.311594,,,,4886,4885,1,0,0,4886,AxisTarget,1,True,True,True,False,-0.110813,-90.008972,89.916222,0.030991,50.080647,-0.098328,496.704346,0.925207,829.739624,-179.991394,40.38448,179.957443,367,False,True,70,618,True,
74,/kuka/axis_move/feedback_json,std_msgs/msg/String,2026-08-27T21:31:59.835932-04:00,1787880719,835893171,1787880719835893171,124.296847,,,,4887,4886,1,0,0,4887,AxisTarget,1,True,True,True,True,-0.11412,-90.009239,89.913719,0.032033,51.525288,-0.101158,495.049347,0.949546,828.393921,-179.989548,38.849495,179.959946,367,False,True,70,618,True,
75,/kuka/axis_move/feedback_json,std_msgs/msg/String,2026-08-27T21:31:59.960468-04:00,1787880719,960439149,1787880719960439149,124.545978,,,,4888,4887,1,0,0,4888,AxisTarget,1,True,True,True,False,-0.117322,-90.009499,89.911301,0.033076,52.969925,-0.103988,493.513519,0.971395,827.209351,-179.98793,37.454052,179.962311,367,False,True,70,618,True,
76,/kuka/axis_move/feedback_json,std_msgs/msg/String,2026-08-27T21:32:00.087961-04:00,1787880720,87939411,1787880720087939411,127.500262,,,,4889,4888,1,0,0,4889,AxisTarget,1,True,True,True,False,-0.120523,-90.009766,89.908882,0.034116,54.411209,-0.106808,491.896301,0.993711,826.024963,-179.986343,36.01218,179.964813,367,False,True,70,619,True,
77,/kuka/axis_move/feedback_json,std_msgs/msg/String,2026-08-27T21:32:00.216590-04:00,1787880720,216578682,1787880720216578682,128.639271,,,,4890,4889,1,0,0,4890,AxisTarget,1,True,True,True,True,-0.123751,-90.010025,89.906441,0.035169,55.870167,-0.109669,490.236511,1.015933,824.872925,-179.984818,34.559208,179.967422,367,False,True,70,619,True,
78,/kuka/axis_move/feedback_json,std_msgs/msg/String,2026-08-27T21:32:00.340045-04:00,1787880720,340016829,1787880720340016829,123.438147,,,,4891,4890,1,0,0,4891,AxisTarget,1,True,True,True,False,-0.127056,-90.010292,89.903946,0.036245,57.361408,-0.11259,488.50589,1.03842,823.736633,-179.983337,33.070732,179.970169,367,False,True,70,620,True,
79,/kuka/axis_move/feedback_json,std_msgs/msg/String,2026-08-27T21:32:00.468169-04:00,1787880720,468153246,1787880720468153246,128.136417,,,,4892,4891,1,0,0,4892,AxisTarget,1,True,True,True,True,-0.130222,-90.010551,89.901558,0.03727,58.780682,-0.115366,486.812927,1.059792,822.686035,-179.981979,31.638575,179.9729,367,False,True,70,620,True,
80,/kuka/axis_move/feedback_json,std_msgs/msg/String,2026-08-27T21:32:00.596587-04:00,1787880720,596572460,1787880720596572460,128.419214,,,,4893,4892,1,0,0,4893,AxisTarget,1,True,True,True,False,-0.133489,-90.010818,89.899086,0.038338,60.26165,-0.11827,485.000549,1.082063,821.624939,-179.980652,30.129368,179.975861,367,False,True,70,620,True,
81,/kuka/axis_move/feedback_json,std_msgs/msg/String,2026-08-27T21:32:00.720292-04:00,1787880720,720281089,1787880720720281089,123.708629,,,,4894,4893,1,0,0,4894,AxisTarget,1,True,True,True,False,-0.136817,-90.011086,89.896591,0.039414,61.75285,-0.121191,483.242889,1.103217,820.656006,-179.979431,28.68741,179.978775,367,False,True,70,621,True,
82,/kuka/axis_move/feedback_json,std_msgs/msg/String,2026-08-27T21:32:00.847827-04:00,1787880720,847791729,1787880720847791729,127.51064,,,,4895,4894,1,0,0,4895,AxisTarget,1,True,True,True,True,-0.139843,-90.01133,89.894333,0.040385,63.098522,-0.123826,481.513,1.123625,819.75769,-179.978317,27.287331,179.981705,367,False,True,70,621,True,
83,/kuka/axis_move/feedback_json,std_msgs/msg/String,2026-08-27T21:32:00.974333-04:00,1787880720,974321379,1787880720974321379,126.52965,,,,4896,4895,1,0,0,4896,AxisTarget,1,True,True,True,False,-0.143166,-90.011589,89.891838,0.04146,64.589027,-0.126747,479.664001,1.144848,818.855835,-179.977234,25.810019,179.984879,367,False,True,70,621,True,
84,/kuka/axis_move/feedback_json,std_msgs/msg/String,2026-08-27T21:32:01.101879-04:00,1787880721,101855032,1787880721101855032,127.533653,,,,4897,4896,1,0,0,4897,AxisTarget,1,True,True,True,True,-0.146481,-90.011826,89.889336,0.042537,66.080269,-0.129668,477.837036,1.165146,818.021606,-179.976288,24.368038,179.988068,367,False,True,70,622,True,
85,/kuka/axis_move/feedback_json,std_msgs/msg/String,2026-08-27T21:32:01.234196-04:00,1787880721,234181667,1787880721234181667,132.326635,,,,4898,4897,1,0,0,4898,AxisTarget,1,True,True,True,False,-0.149683,-90.012054,89.886917,0.043577,67.52491,-0.132589,475.929291,1.185742,817.208801,-179.975418,22.879534,179.99147,367,False,True,70,622,True,
86,/kuka/axis_move/feedback_json,std_msgs/msg/String,2026-08-27T21:32:01.358612-04:00,1787880721,358600251,1787880721358600251,124.418584,,,,4899,4898,1,0,0,4899,AxisTarget,1,True,True,True,False,-0.153092,-90.012306,89.884338,0.044668,69.062752,-0.13551,473.93985,1.206713,816.422791,-179.974625,21.344528,179.995071,367,False,True,70,623,True,
87,/kuka/axis_move/feedback_json,std_msgs/msg/String,2026-08-27T21:32:01.488097-04:00,1787880721,488074193,1787880721488074193,129.473942,,,,4900,4899,1,0,0,4900,AxisTarget,1,True,True,True,True,-0.156397,-90.012573,89.881844,0.045709,70.553993,-0.138431,472.051819,1.226181,815.733276,-179.973984,19.902571,179.99855,367,False,True,70,623,True,
88,/kuka/axis_move/feedback_json,std_msgs/msg/String,2026-08-27T21:32:01.612332-04:00,1787880721,612301635,1787880721612301635,124.227442,,,,4901,4900,1,0,0,4901,AxisTarget,1,True,True,True,False,-0.159703,-90.012848,89.879349,0.046754,72.045235,-0.141352,470.02298,1.246636,815.051697,-179.973404,18.367588,-179.997635,367,False,True,70,623,True,
89,/kuka/axis_move/feedback_json,std_msgs/msg/String,2026-08-27T21:32:01.736489-04:00,1787880721,736483451,1787880721736483451,124.181816,,,,4902,4901,1,0,0,4902,AxisTarget,1,True,True,True,False,-0.162801,-90.0131,89.877007,0.047751,73.443161,-0.14409,468.162842,1.264971,814.479309,-179.972977,16.972151,-179.994034,367,False,True,70,624,True,
90,/kuka/axis_move/feedback_json,std_msgs/msg/String,2026-08-27T21:32:01.864658-04:00,1787880721,864652439,1787880721864652439,128.168988,,,,4903,4902,1,0,0,4903,AxisTarget,1,True,True,True,True,-0.165875,-90.013351,89.874687,0.048782,74.872574,-0.14689,466.29837,1.282975,813.954895,-179.972641,15.583771,-179.990326,367,False,True,70,624,True,
91,/kuka/axis_move/feedback_json,std_msgs/msg/String,2026-08-27T21:32:01.988834-04:00,1787880721,988809647,1787880721988809647,124.157208,,,,4904,4903,1,0,0,4904,AxisTarget,1,True,True,True,False,-0.169177,-90.013618,89.872192,0.049826,76.317062,-0.149721,464.359985,1.301368,813.460815,-179.972397,14.150226,-179.986389,367,False,True,70,624,True,
92,/kuka/axis_move/feedback_json,std_msgs/msg/String,2026-08-27T21:32:02.112133-04:00,1787880722,112127021,1787880722112127021,123.317374,,,,4905,4904,1,0,0,4905,AxisTarget,1,True,True,True,True,-0.172381,-90.013885,89.869804,0.050862,77.74221,-0.152508,462.400085,1.319702,813.013367,-179.97226,12.709895,-179.9823,367,False,True,70,625,True,
93,/kuka/axis_move/feedback_json,std_msgs/msg/String,2026-08-27T21:32:02.236015-04:00,1787880722,235992094,1787880722235992094,123.865073,,,,4906,4905,1,0,0,4906,AxisTarget,1,True,True,True,False,-0.17538,-90.014137,89.867554,0.051845,79.100014,-0.155181,460.506409,1.337143,812.629883,-179.972214,11.325974,-179.978256,367,False,True,70,625,True,
94,/kuka/axis_move/feedback_json,std_msgs/msg/String,2026-08-27T21:32:02.364032-04:00,1787880722,364003291,1787880722364003291,128.011197,,,,4907,4906,1,0,0,4907,AxisTarget,1,True,True,True,False,-0.178592,-90.014412,89.86512,0.052894,80.544655,-0.158014,458.587677,1.354446,812.289673,-179.972305,9.930516,-179.974045,367,False,True,70,626,True,
95,/kuka/axis_move/feedback_json,std_msgs/msg/String,2026-08-27T21:32:02.491865-04:00,1787880722,491842552,1787880722491842552,127.839261,,,,4908,4907,1,0,0,4908,AxisTarget,1,True,True,True,True,-0.181693,-90.014679,89.86274,0.053907,81.937462,-0.16074,456.639465,1.371616,811.993469,-179.972519,8.519727,-179.969666,367,False,True,70,626,True,
96,/kuka/axis_move/feedback_json,std_msgs/msg/String,2026-08-27T21:32:02.616748-04:00,1787880722,616736577,1787880722616736577,124.894025,,,,4909,4908,1,0,0,4909,AxisTarget,1,True,True,True,False,-0.184977,-90.014938,89.860229,0.054972,83.42617,-0.163663,454.543945,1.389854,811.729187,-179.972885,7.00794,-179.964813,367,False,True,70,627,True,
97,/kuka/axis_move/feedback_json,std_msgs/msg/String,2026-08-27T21:32:02.739796-04:00,1787880722,739773930,1787880722739773930,123.037353,,,,4910,4909,1,0,0,4910,AxisTarget,1,True,True,True,True,-0.188205,-90.015167,89.857826,0.055979,84.870811,-0.166505,452.603912,1.406714,811.533752,-179.973343,5.612461,-179.960236,367,False,True,70,627,True,
98,/kuka/axis_move/feedback_json,std_msgs/msg/String,2026-08-27T21:32:02.864305-04:00,1787880722,864281120,1787880722864281120,124.50719,,,,4911,4910,1,0,0,4911,AxisTarget,1,True,True,True,True,-0.191426,-90.015419,89.855423,0.057009,86.304161,-0.169329,450.531189,1.424453,811.377563,-179.973984,4.125289,-179.955185,367,False,True,70,628,True,
99,/kuka/axis_move/feedback_json,std_msgs/msg/String,2026-08-27T21:32:02.995940-04:00,1787880722,995918085,1787880722995918085,131.636965,,,,4912,4911,1,0,0,4912,AxisTarget,1,True,True,True,False,-0.194562,-90.015701,89.85305,0.058048,87.720062,-0.172128,448.635742,1.440342,811.282349,-179.974716,2.768047,-179.950378,367,False,True,70,629,False,
100,/kuka/axis_move/feedback_json,std_msgs/msg/String,2026-08-27T21:32:03.124860-04:00,1787880723,124848204,1787880723124848204,128.930119,,,,4913,4912,1,0,0,4913,AxisTarget,1,True,True,True,True,-0.197662,-90.015976,89.850723,0.059031,89.107811,-0.17481,446.671448,1.456538,811.230957,-179.975586,1.363151,-179.945282,367,False,True,70,629,False,
101,/kuka/axis_move/feedback_json,std_msgs/msg/String,2026-08-27T21:32:03.252822-04:00,1787880723,252810817,1787880723252810817,127.962613,,,,4914,4913,1,0,0,4914,AxisTarget,1,True,True,True,False,-0.199932,-90.016129,89.84903,0.059779,90.055428,-0.176619,445.148865,1.468681,811.223999,-179.976395,0.274419,-179.941162,367,False,True,70,629,False,
102,/kuka/axis_move/feedback_json,std_msgs/msg/String,2026-08-27T21:32:03.383932-04:00,1787880723,383909970,1787880723383909970,131.099153,,,,4915,4914,1,0,0,4915,AxisTarget,1,True,True,True,False,-0.2005,-90.016197,89.848701,0.0599,90.214798,-0.1769,444.698792,1.472543,811.227722,-179.976624,-0.047123,-179.939957,367,False,True,70,629,False,
103,/kuka/axis_move/feedback_json,std_msgs/msg/String,2026-08-27T21:32:04.076918-04:00,1787880724,76895139,1787880724076895139,692.985169,,,,4916,4915,1,0,0,4916,AxisTarget,1,True,True,True,False,-0.2005,-90.016197,89.848701,0.0599,90.214798,-0.1769,444.698792,1.472543,811.227722,-179.976624,-0.047117,-179.939957,368,False,True,71,633,True,
104,/kuka/axis_move/feedback_json,std_msgs/msg/String,2026-08-27T21:32:04.763569-04:00,1787880724,763562700,1787880724763562700,686.667561,,,,4917,4916,1,0,0,4917,AxisTarget,1,True,True,True,True,-1.56497,-87.39238,90.531433,0.066619,86.852448,-1.605911,466.15033,12.486961,787.205933,-179.98027,-0.0524,-179.932327,369,False,True,71,637,True,
105,/kuka/axis_move/feedback_json,std_msgs/msg/String,2026-08-27T21:32:04.893051-04:00,1787880724,893045745,1787880724893045745,129.483045,,,,4918,4917,1,0,0,4918,AxisTarget,1,True,True,True,False,-1.929241,-86.709801,90.710426,0.068381,85.956825,-1.989475,471.537628,15.553072,780.709656,-179.981125,-0.053649,-179.930313,369,False,True,71,637,True,
106,/kuka/axis_move/feedback_json,std_msgs/msg/String,2026-08-27T21:32:05.018804-04:00,1787880725,18797353,1787880725018797353,125.751608,,,,4919,4918,1,0,0,4919,AxisTarget,1,True,True,True,False,-2.375865,-85.867859,90.926521,0.070474,84.922867,-2.42217,478.039185,19.432173,772.588135,-179.982101,-0.055169,-179.927826,369,False,True,71,638,True,
107,/kuka/axis_move/feedback_json,std_msgs/msg/String,2026-08-27T21:32:05.140185-04:00,1787880725,140153793,1787880725140153793,121.35644,,,,4920,4919,1,0,0,4920,AxisTarget,1,True,True,True,True,-2.711424,-85.230858,91.091446,0.072096,84.115585,-2.764719,482.90744,22.472908,766.290161,-179.982803,-0.056319,-179.925919,369,False,True,71,638,True,
108,/kuka/axis_move/feedback_json,std_msgs/msg/String,2026-08-27T21:32:05.267189-04:00,1787880725,267160321,1787880725267160321,127.006528,,,,4921,4920,1,0,0,4921,AxisTarget,1,True,True,True,False,-3.176808,-84.340347,91.323418,0.07439,82.972633,-3.249948,489.260956,26.629257,757.768066,-179.983673,-0.05783,-179.92334,369,False,True,71,638,True,
109,/kuka/axis_move/feedback_json,std_msgs/msg/String,2026-08-27T21:32:05.392477-04:00,1787880725,392465811,1787880725392465811,125.30549,,,,4922,4921,1,0,0,4922,AxisTarget,1,True,True,True,False,-3.615657,-83.516388,91.534172,0.076445,81.969597,-3.680189,495.595123,31.000977,748.900146,-179.984497,-0.059352,-179.9207,369,False,True,71,639,True,
110,/kuka/axis_move/feedback_json,std_msgs/msg/String,2026-08-27T21:32:05.516156-04:00,1787880725,516139978,1787880725516139978,123.674167,,,,4923,4922,1,0,0,4923,AxisTarget,1,True,True,True,True,-3.986009,-82.810402,91.71772,0.078269,81.064491,-4.054322,500.294861,34.40382,742.058044,-179.985092,-0.060491,-179.918686,369,False,True,71,639,True,
111,/kuka/axis_move/feedback_json,std_msgs/msg/String,2026-08-27T21:32:05.643602-04:00,1787880725,643596889,1787880725643596889,127.456911,,,,4924,4923,1,0,0,4924,AxisTarget,1,True,True,True,False,-4.496774,-81.834671,91.971527,0.080783,79.817757,-4.582909,506.907013,39.441895,732.014099,-179.98584,-0.062111,-179.915771,369,False,True,71,639,True,
112,/kuka/axis_move/feedback_json,std_msgs/msg/String,2026-08-27T21:32:05.768382-04:00,1787880725,768376382,1787880725768376382,124.779493,,,,4925,4924,1,0,0,4925,AxisTarget,1,True,True,True,False,-4.985718,-80.91581,92.20681,0.08307,78.695793,-5.052009,512.881165,44.270309,722.473145,-179.986435,-0.063599,-179.913055,369,False,True,71,640,True,
113,/kuka/axis_move/feedback_json,std_msgs/msg/String,2026-08-27T21:32:05.891587-04:00,1787880725,891571059,1787880725891571059,123.194677,,,,4926,4925,1,0,0,4926,AxisTarget,1,True,True,True,True,-5.338596,-80.247475,92.379471,0.084761,77.855003,-5.407841,517.266113,47.998478,715.155945,-179.986801,-0.064707,-179.911011,369,False,True,71,640,True,
114,/kuka/axis_move/feedback_json,std_msgs/msg/String,2026-08-27T21:32:06.016296-04:00,1787880726,16267575,1787880726016267575,124.696516,,,,4927,4926,1,0,0,4927,AxisTarget,1,True,True,True,False,-5.842521,-79.280502,92.632202,0.087263,76.601112,-5.942201,522.908386,53.04958,705.302307,-179.987244,-0.066155,-179.90831,369,False,True,71,640,True,
115,/kuka/axis_move/feedback_json,std_msgs/msg/String,2026-08-27T21:32:06.143127-04:00,1787880726,143098265,1787880726143098265,126.83069,,,,4928,4927,1,0,0,4928,AxisTarget,1,True,True,True,False,-6.368985,-78.288727,92.886703,0.089738,75.38279,-6.452473,528.749817,58.615383,694.513245,-179.987625,-0.067685,-179.905396,369,False,True,71,640,True,
116,/kuka/axis_move/feedback_json,std_msgs/msg/String,2026-08-27T21:32:06.268276-04:00,1787880726,268265022,1787880726268265022,125.166757,,,,4929,4928,1,0,0,4929,AxisTarget,1,True,True,True,True,-6.776731,-77.523582,93.082344,0.091635,74.451996,-6.841327,533.00061,62.908382,686.233093,-179.987885,-0.068822,-179.903198,369,False,True,71,641,True,
117,/kuka/axis_move/feedback_json,std_msgs/msg/String,2026-08-27T21:32:06.398382-04:00,1787880726,398358372,1787880726398358372,130.09335,,,,4930,4929,1,0,0,4930,AxisTarget,1,True,True,True,False,-7.138225,-76.830055,93.263771,0.093437,73.546936,-7.22875,536.68158,66.811714,678.731384,-179.988068,-0.069826,-179.901245,369,False,True,71,641,True,
118,/kuka/axis_move/feedback_json,std_msgs/msg/String,2026-08-27T21:32:06.524944-04:00,1787880726,524926536,1787880726524926536,126.568164,,,,4931,4930,1,0,0,4931,AxisTarget,1,True,True,True,False,-7.68468,-75.757271,93.541885,0.096172,72.189461,-7.802496,541.880798,72.657753,667.536377,-179.988235,-0.071283,-179.898376,369,False,True,71,641,True,
119,/kuka/axis_move/feedback_json,std_msgs/msg/String,2026-08-27T21:32:06.656508-04:00,1787880726,656478784,1787880726656478784,131.552248,,,,4932,4931,1,0,0,4932,AxisTarget,1,True,True,True,False,-8.162271,-74.891647,93.763535,0.098327,71.132324,-8.244515,546.295105,77.973251,657.391113,-179.988281,-0.072563,-179.895844,369,False,True,71,642,True,
120,/kuka/axis_move/feedback_json,std_msgs/msg/String,2026-08-27T21:32:06.779893-04:00,1787880726,779884970,1787880726779884970,123.406186,,,,4933,4932,1,0,0,4933,AxisTarget,1,True,True,True,True,-8.521807,-74.213715,93.937851,0.100032,70.291595,-8.598551,549.4422,81.991791,649.737732,-179.988251,-0.073505,-179.893967,369,False,True,71,642,True,
121,/kuka/axis_move/feedback_json,std_msgs/msg/String,2026-08-27T21:32:06.907312-04:00,1787880726,907289039,1787880726907289039,127.404069,,,,4934,4933,1,0,0,4934,AxisTarget,1,True,True,True,False,-8.948594,-73.392006,94.153343,0.10218,69.214523,-9.059284,552.845581,86.585228,641.002197,-179.988174,-0.074556,-179.891861,369,False,True,71,642,True,
122,/kuka/axis_move/feedback_json,std_msgs/msg/String,2026-08-27T21:32:07.034024-04:00,1787880727,33994094,1787880727033994094,126.705055,,,,4935,4934,1,0,0,4935,AxisTarget,1,True,True,True,False,-9.467915,-72.412437,94.404999,0.104643,68.007645,-9.565093,556.897034,92.446236,629.869202,-179.987991,-0.075855,-179.889236,369,False,True,71,642,True,
123,/kuka/axis_move/feedback_json,std_msgs/msg/String,2026-08-27T21:32:07.160397-04:00,1787880727,160368979,1787880727160368979,126.374885,,,,4936,4935,1,0,0,4936,AxisTarget,1,True,True,True,True,-9.847275,-71.700851,94.586868,0.10642,67.14341,-9.925844,559.706299,96.807999,621.588745,-179.987808,-0.076795,-179.887314,369,False,True,71,643,True,
124,/kuka/axis_move/feedback_json,std_msgs/msg/String,2026-08-27T21:32:07.288219-04:00,1787880727,288188284,1787880727288188284,127.819305,,,,4937,4936,1,0,0,4937,AxisTarget,1,True,True,True,False,-10.18181,-71.060539,94.754036,0.10809,66.312241,-10.28118,561.96814,100.53009,614.522888,-179.98761,-0.077581,-179.885712,369,False,True,71,643,True,
125,/kuka/axis_move/feedback_json,std_msgs/msg/String,2026-08-27T21:32:07.412850-04:00,1787880727,412803863,1787880727412803863,124.615579,,,,4938,4937,1,0,0,4938,AxisTarget,1,True,True,True,False,-10.669868,-70.13205,94.994537,0.110466,65.140762,-10.775721,564.987976,105.84819,604.422913,-179.987289,-0.078691,-179.883469,369,False,True,71,643,True,
126,/kuka/axis_move/feedback_json,std_msgs/msg/String,2026-08-27T21:32:07.538869-04:00,1787880727,538845417,1787880727538845417,126.041554,,,,4939,4938,1,0,0,4939,AxisTarget,1,True,True,True,False,-11.063483,-69.393295,95.183441,0.112303,64.2425,-11.150755,567.41333,110.468788,595.639221,-179.986984,-0.079654,-179.881577,369,False,True,71,644,True,
127,/kuka/axis_move/feedback_json,std_msgs/msg/String,2026-08-27T21:32:07.664537-04:00,1787880727,664503343,1787880727664503343,125.657926,,,,4940,4939,1,0,0,4940,AxisTarget,1,True,True,True,True,-11.361316,-68.829041,95.329269,0.113737,63.531174,-11.452161,569.097717,113.90152,589.106201,-179.98674,-0.080365,-179.880188,369,False,True,71,644,True,
128,/kuka/axis_move/feedback_json,std_msgs/msg/String,2026-08-27T21:32:07.792870-04:00,1787880727,792858675,1787880727792858675,128.355332,,,,4941,4940,1,0,0,4941,AxisTarget,1,True,True,True,False,-11.781751,-68.024895,95.538643,0.115804,62.50119,-11.889053,571.226196,118.561844,580.223755,-179.986359,-0.081316,-179.878357,369,False,True,71,644,True,
129,/kuka/axis_move/feedback_json,std_msgs/msg/String,2026-08-27T21:32:07.918381-04:00,1787880727,918349284,1787880727918349284,125.490609,,,,4942,4941,1,0,0,4942,AxisTarget,1,True,True,True,False,-12.146922,-67.340065,95.713623,0.117491,61.670475,-12.235591,573.037903,122.880585,571.97583,-179.985977,-0.082167,-179.876694,369,False,True,71,645,True,
130,/kuka/axis_move/feedback_json,std_msgs/msg/String,2026-08-27T21:32:08.042477-04:00,1787880728,42453692,1787880728042453692,124.104408,,,,4943,4942,1,0,0,4943,AxisTarget,1,True,True,True,True,-12.40772,-66.84613,95.84127,0.118735,61.047653,-12.499606,574.251892,126.001907,566.002991,-179.985687,-0.082767,-179.875534,369,False,True,71,645,True,
131,/kuka/axis_move/feedback_json,std_msgs/msg/String,2026-08-27T21:32:08.168272-04:00,1787880728,168260149,1787880728168260149,125.806457,,,,4944,4943,1,0,0,4944,AxisTarget,1,True,True,True,False,-12.781006,-66.134102,96.026161,0.120546,60.143322,-12.882038,575.764465,130.214828,557.923279,-179.98526,-0.083576,-179.873978,369,False,True,71,645,True,
132,/kuka/axis_move/feedback_json,std_msgs/msg/String,2026-08-27T21:32:08.292184-04:00,1787880728,292155931,1787880728292155931,123.895782,,,,4945,4944,1,0,0,4945,AxisTarget,1,True,True,True,True,-13.073214,-65.587723,96.165367,0.121896,59.486221,-13.155424,576.864563,133.565277,551.481384,-179.984863,-0.084233,-179.872757,369,False,True,71,646,False,
133,/kuka/axis_move/feedback_json,std_msgs/msg/String,2026-08-27T21:32:08.420539-04:00,1787880728,420502195,1787880728420502195,128.346264,,,,4946,4945,1,0,0,4946,AxisTarget,1,True,True,True,False,-13.318831,-65.115982,96.28891,0.123131,58.86903,-13.41968,577.724121,136.398865,546.02063,-179.984512,-0.084792,-179.871735,369,False,True,71,646,False,
134,/kuka/axis_move/feedback_json,std_msgs/msg/String,2026-08-27T21:32:08.544777-04:00,1787880728,544743862,1787880728544743862,124.241667,,,,4947,4946,1,0,0,4947,AxisTarget,1,True,True,True,False,-13.607907,-64.573647,96.427414,0.12447,58.196945,-13.699429,578.661377,139.764999,539.516907,-179.9841,-0.085434,-179.87056,369,False,True,71,646,False,
135,/kuka/axis_move/feedback_json,std_msgs/msg/String,2026-08-27T21:32:08.673943-04:00,1787880728,673927144,1787880728673927144,129.183282,,,,4948,4947,1,0,0,4948,AxisTarget,1,True,True,True,False,-13.811024,-64.18766,96.527428,0.125445,57.722557,-13.900993,579.254211,142.083939,535.024902,-179.983826,-0.085852,-179.869766,369,False,True,71,646,False,
136,/kuka/axis_move/feedback_json,std_msgs/msg/String,2026-08-27T21:32:08.800146-04:00,1787880728,800141123,1787880728800141123,126.213979,,,,4949,4948,1,0,0,4949,AxisTarget,1,True,True,True,False,-14.024497,-63.788574,96.628937,0.126432,57.246185,-14.098312,579.843628,144.578522,530.181641,-179.983521,-0.086309,-179.868912,369,False,True,71,646,False,
137,/kuka/axis_move/feedback_json,std_msgs/msg/String,2026-08-27T21:32:08.923641-04:00,1787880728,923618843,1787880728923618843,123.47772,,,,4950,4949,1,0,0,4950,AxisTarget,1,True,True,True,False,-14.154602,-63.545033,96.69104,0.12705,56.952862,-14.220262,580.170105,146.060867,527.297852,-179.983292,-0.086594,-179.868408,369,False,True,71,646,False,
138,/kuka/axis_move/feedback_json,std_msgs/msg/String,2026-08-27T21:32:09.430410-04:00,1787880729,430386500,1787880729430386500,506.767657,,,,4951,4950,1,0,0,4951,AxisTarget,1,False,True,False,False,-14.1943,-63.4753,96.707703,0.1272,56.883999,-14.247,580.288635,146.620728,526.208496,-179.9832,-0.0867,-179.86821,370,False,True,72,649,True,
139,/kuka/axis_move/feedback_json,std_msgs/msg/String,2026-08-27T21:32:09.560568-04:00,1787880729,560538287,1787880729560538287,130.151787,,,,4952,4951,1,0,0,4952,AxisTarget,1,True,True,True,True,-14.194292,-63.472595,96.710297,0.126988,56.872837,-14.247078,580.289246,146.62088,526.20105,-179.983215,-0.086662,-179.86824,370,False,True,72,651,True,
140,/kuka/axis_move/feedback_json,std_msgs/msg/String,2026-08-27T21:32:09.684575-04:00,1787880729,684551972,1787880729684551972,124.013685,,,,4953,4952,1,0,0,4953,AxisTarget,1,True,True,True,False,-14.193892,-63.362091,96.790649,0.121868,56.657982,-14.248305,580.407104,146.652252,524.748352,-179.986649,-0.079391,-179.874054,370,False,True,72,651,True,
141,/kuka/axis_move/feedback_json,std_msgs/msg/String,2026-08-27T21:32:09.813375-04:00,1787880729,813363807,1787880729813363807,128.811835,,,,4954,4953,1,0,0,4954,AxisTarget,1,True,True,True,False,-14.193405,-63.227634,96.885536,0.115984,56.41721,-14.249694,580.56012,146.693146,522.789673,-179.991302,-0.069576,-179.881882,370,False,True,72,651,True,
142,/kuka/axis_move/feedback_json,std_msgs/msg/String,2026-08-27T21:32:09.936150-04:00,1787880729,936144603,1787880729936144603,122.780796,,,,4955,4954,1,0,0,4955,AxisTarget,1,True,True,True,True,-14.192913,-63.088848,96.98349,0.109911,56.168671,-14.251039,580.710876,146.733658,520.768982,-179.99614,-0.059439,-179.889938,370,False,True,72,652,True,
143,/kuka/axis_move/feedback_json,std_msgs/msg/String,2026-08-27T21:32:10.060336-04:00,1787880730,60330363,1787880730060330363,124.18576,,,,4956,4955,1,0,0,4956,AxisTarget,1,True,True,True,False,-14.192436,-62.954395,97.078377,0.104028,55.927895,-14.252383,580.849976,146.771088,518.812439,179.999146,-0.049612,-179.897705,370,False,True,72,652,True,
144,/kuka/axis_move/feedback_json,std_msgs/msg/String,2026-08-27T21:32:10.184411-04:00,1787880730,184399883,1787880730184399883,124.06952,,,,4957,4956,1,0,0,4957,AxisTarget,1,True,True,True,False,-14.191957,-62.81995,97.173271,0.098144,55.687122,-14.253728,580.978149,146.805618,516.920166,179.994522,-0.040093,-179.905212,370,False,True,72,652,True,
145,/kuka/axis_move/feedback_json,std_msgs/msg/String,2026-08-27T21:32:10.308413-04:00,1787880730,308390672,1787880730308390672,123.990789,,,,4958,4957,1,0,0,4958,AxisTarget,1,True,True,True,False,-14.191488,-62.685509,97.268158,0.092261,55.44635,-14.255073,581.103882,146.839508,514.965881,179.9897,-0.030245,-179.912949,370,False,True,72,652,True,
146,/kuka/axis_move/feedback_json,std_msgs/msg/String,2026-08-27T21:32:10.438471-04:00,1787880730,438455492,1787880730438455492,130.06482,,,,4959,4958,1,0,0,4959,AxisTarget,1,True,True,True,False,-14.190995,-62.554047,97.360809,0.086524,55.211826,-14.256381,581.224548,146.872086,512.984314,179.984772,-0.020243,-179.920761,370,False,True,72,653,True,
147,/kuka/axis_move/feedback_json,std_msgs/msg/String,2026-08-27T21:32:10.563437-04:00,1787880730,563413605,1787880730563413605,124.958113,,,,4960,4959,1,0,0,4960,AxisTarget,1,True,True,True,True,-14.190498,-62.416748,97.457848,0.0805,54.965015,-14.257761,581.33844,146.902908,510.999664,179.979782,-0.010214,-179.928574,370,False,True,72,653,True,
148,/kuka/axis_move/feedback_json,std_msgs/msg/String,2026-08-27T21:32:10.693658-04:00,1787880730,693647487,1787880730693647487,130.233882,,,,4961,4960,1,0,0,4961,AxisTarget,1,True,True,True,False,-14.189995,-62.277973,97.555794,0.074427,54.716476,-14.25915,581.443665,146.931458,509.04895,179.974838,-0.000344,-179.936234,370,False,True,72,653,True,
149,/kuka/axis_move/feedback_json,std_msgs/msg/String,2026-08-27T21:32:10.820701-04:00,1787880730,820636583,1787880730820636583,126.989096,,,,4962,4961,1,0,0,4962,AxisTarget,1,True,True,True,False,-14.189478,-62.134861,97.656807,0.068164,54.460167,-14.260581,581.548218,146.95993,506.973724,179.969528,0.010169,-179.944366,370,False,True,72,653,True,
150,/kuka/axis_move/feedback_json,std_msgs/msg/String,2026-08-27T21:32:10.944594-04:00,1787880730,944583230,1787880730944583230,123.946647,,,,4963,4962,1,0,0,4963,AxisTarget,1,True,True,True,False,-14.189009,-62.000423,97.751701,0.062281,54.219395,-14.261926,581.639465,146.984894,505.025543,179.964493,0.020049,-179.951965,370,False,True,72,653,True,
151,/kuka/axis_move/feedback_json,std_msgs/msg/String,2026-08-27T21:32:11.072361-04:00,1787880731,72331244,1787880731072331244,127.748014,,,,4964,4963,1,0,0,4964,AxisTarget,1,True,True,True,False,-14.188511,-61.86599,97.846596,0.056398,53.978622,-14.26327,581.726563,147.008835,503.015839,179.959259,0.030253,-179.959793,370,False,True,72,653,True,
152,/kuka/axis_move/feedback_json,std_msgs/msg/String,2026-08-27T21:32:11.200655-04:00,1787880731,200643690,1787880731200643690,128.312446,,,,4965,4964,1,0,0,4965,AxisTarget,1,True,True,True,False,-14.188029,-61.727219,97.94455,0.050325,53.73008,-14.264658,581.804077,147.030273,501.070251,179.954163,0.040143,-179.967346,370,False,True,72,653,True,
153,/kuka/axis_move/feedback_json,std_msgs/msg/String,2026-08-27T21:32:11.326059-04:00,1787880731,326021048,1787880731326021048,125.377358,,,,4966,4965,1,0,0,4966,AxisTarget,1,True,True,True,False,-14.187547,-61.597095,98.036057,0.044673,53.499603,-14.265941,581.873718,147.049652,499.158142,179.949097,0.049875,-179.974747,370,False,True,72,654,True,
154,/kuka/axis_move/feedback_json,std_msgs/msg/String,2026-08-27T21:32:11.450122-04:00,1787880731,450093250,1787880731450093250,124.072202,,,,4967,4966,1,0,0,4967,AxisTarget,1,True,True,True,True,-14.187091,-61.468838,98.126938,0.039018,53.267319,-14.267242,581.936096,147.067154,497.271973,179.944061,0.059488,-179.98204,370,False,True,72,654,True,
155,/kuka/axis_move/feedback_json,std_msgs/msg/String,2026-08-27T21:32:11.576625-04:00,1787880731,576588788,1787880731576588788,126.495538,,,,4968,4967,1,0,0,4968,AxisTarget,1,True,True,True,False,-14.186595,-61.330067,98.224899,0.032945,53.01878,-14.268631,581.993774,147.08345,495.330322,179.938828,0.069396,-179.989517,370,False,True,72,654,True,
156,/kuka/axis_move/feedback_json,std_msgs/msg/String,2026-08-27T21:32:11.708554-04:00,1787880731,708518464,1787880731708518464,131.929676,,,,4969,4968,1,0,0,4969,AxisTarget,1,True,True,True,False,-14.186113,-61.195633,98.319794,0.026874,52.770237,-14.27002,582.046265,147.09845,493.327545,179.93338,0.07963,-179.997192,370,False,True,72,654,True,
157,/kuka/axis_move/feedback_json,std_msgs/msg/String,2026-08-27T21:32:11.832540-04:00,1787880731,832517707,1787880731832517707,123.999243,,,,4970,4969,1,0,0,4970,AxisTarget,1,True,True,True,False,-14.1856,-61.052525,98.420807,0.020803,52.521698,-14.271411,582.092957,147.111969,491.263763,179.927734,0.090193,179.994904,370,False,True,72,654,True,
158,/kuka/axis_move/feedback_json,std_msgs/msg/String,2026-08-27T21:32:11.952203-04:00,1787880731,952187881,1787880731952187881,119.670174,,,,4971,4970,1,0,0,4971,AxisTarget,1,True,True,True,False,-14.185132,-60.922421,98.512642,0.015114,52.288692,-14.272717,582.128845,147.122559,489.389008,179.922546,0.099802,179.987747,370,False,True,72,654,True,
159,/kuka/axis_move/feedback_json,std_msgs/msg/String,2026-08-27T21:32:12.080309-04:00,1787880732,80286009,1787880732080286009,128.098128,,,,4972,4971,1,0,0,4972,AxisTarget,1,True,True,True,False,-14.184648,-60.787983,98.607529,0.009237,52.047916,-14.274067,582.159363,147.131775,487.453186,179.917145,0.109739,179.980392,370,False,True,72,654,True,
160,/kuka/axis_move/feedback_json,std_msgs/msg/String,2026-08-27T21:32:12.204448-04:00,1787880732,204379870,1787880732204379870,124.093861,,,,4973,4972,1,0,0,4973,AxisTarget,1,True,True,True,False,-14.184145,-60.649204,98.705475,0.003171,51.799377,-14.275463,582.183289,147.139252,485.51889,179.911713,0.119684,179.973053,370,False,True,72,654,True,
161,/kuka/axis_move/feedback_json,std_msgs/msg/String,2026-08-27T21:32:12.328438-04:00,1787880732,328408719,1787880732328408719,124.028849,,,,4974,4973,1,0,0,4974,AxisTarget,1,True,True,True,False,-14.183658,-60.514763,98.800362,-0.002703,51.558605,-14.276816,582.200562,147.144989,483.586121,179.906235,0.129637,179.965744,370,False,True,72,654,True,
162,/kuka/axis_move/feedback_json,std_msgs/msg/String,2026-08-27T21:32:12.459751-04:00,1787880732,459738877,1787880732459738877,131.330158,,,,4975,4974,1,0,0,4975,AxisTarget,1,True,True,True,False,-14.183172,-60.38139,98.894325,-0.008508,51.321129,-14.278149,582.211182,147.148987,481.660431,179.900726,0.139567,179.958481,370,False,True,72,655,True,
163,/kuka/axis_move/feedback_json,std_msgs/msg/String,2026-08-27T21:32:12.584868-04:00,1787880732,584862603,1787880732584862603,125.123726,,,,4976,4975,1,0,0,4976,AxisTarget,1,True,True,True,True,-14.1827,-60.25108,98.98642,-0.014218,51.086609,-14.279514,582.215149,147.151276,479.733948,179.895172,0.149517,179.951248,370,False,True,72,655,True,
164,/kuka/axis_move/feedback_json,std_msgs/msg/String,2026-08-27T21:32:12.715791-04:00,1787880732,715784205,1787880732715784205,130.921602,,,,4977,4976,1,0,0,4977,AxisTarget,1,True,True,True,False,-14.182197,-60.112492,99.084274,-0.020467,50.830402,-14.280912,582.212402,147.15184,477.750122,179.88942,0.159779,179.943817,370,False,True,72,655,True,
165,/kuka/axis_move/feedback_json,std_msgs/msg/String,2026-08-27T21:32:12.843905-04:00,1787880732,843886860,1787880732843886860,128.102655,,,,4978,4977,1,0,0,4978,AxisTarget,1,True,True,True,False,-14.181677,-59.969376,99.18528,-0.02653,50.581863,-14.28231,582.202148,147.150528,475.699493,179.883408,0.170403,179.936157,370,False,True,72,655,True,
166,/kuka/axis_move/feedback_json,std_msgs/msg/String,2026-08-27T21:32:12.970237-04:00,1787880732,970214780,1787880732970214780,126.32792,,,,4979,4978,1,0,0,4979,AxisTarget,1,True,True,True,False,-14.18119,-59.834934,99.283226,-0.032594,50.333321,-14.283707,582.18573,147.147522,473.774841,179.877731,0.18039,179.929001,370,False,True,72,655,True,
167,/kuka/axis_move/feedback_json,std_msgs/msg/String,2026-08-27T21:32:13.096475-04:00,1787880733,96445053,1787880733096445053,126.230273,,,,4980,4979,1,0,0,4980,AxisTarget,1,True,True,True,False,-14.18069,-59.696156,99.378113,-0.03847,50.092548,-14.285058,582.161804,147.142654,471.789886,179.871841,0.190705,179.921631,370,False,True,72,655,True,
168,/kuka/axis_move/feedback_json,std_msgs/msg/String,2026-08-27T21:32:13.220952-04:00,1787880733,220939875,1787880733220939875,124.494822,,,,4981,4980,1,0,0,4981,AxisTarget,1,True,True,True,False,-14.180192,-59.557381,99.476059,-0.044538,49.844009,-14.28645,582.131958,147.136215,469.868713,179.866089,0.200704,179.914536,370,False,True,72,655,True,
169,/kuka/axis_move/feedback_json,std_msgs/msg/String,2026-08-27T21:32:13.345484-04:00,1787880733,345478169,1787880733345478169,124.538294,,,,4982,4981,1,0,0,4982,AxisTarget,1,True,True,True,False,-14.179711,-59.422943,99.570946,-0.050417,49.603233,-14.287799,582.09552,147.128098,467.949249,179.860306,0.21071,179.907455,370,False,True,72,655,True,
170,/kuka/axis_move/feedback_json,std_msgs/msg/String,2026-08-27T21:32:13.468856-04:00,1787880733,468845051,1787880733468845051,123.366882,,,,4983,4982,1,0,0,4983,AxisTarget,1,True,True,True,True,-14.179233,-59.288506,99.66584,-0.056297,49.362461,-14.289145,582.050964,147.117935,465.969696,179.854309,0.221045,179.900177,370,False,True,72,656,False,
171,/kuka/axis_move/feedback_json,std_msgs/msg/String,2026-08-27T21:32:13.595689-04:00,1787880733,595637379,1787880733595637379,126.792328,,,,4984,4983,1,0,0,4984,AxisTarget,1,True,True,True,False,-14.178753,-59.154068,99.760727,-0.062177,49.121689,-14.290492,582.002869,147.106766,464.115601,179.848633,0.230741,179.893387,370,False,True,72,656,False,
172,/kuka/axis_move/feedback_json,std_msgs/msg/String,2026-08-27T21:32:13.720293-04:00,1787880733,720270223,1787880733720270223,124.632844,,,,4985,4984,1,0,0,4985,AxisTarget,1,True,True,True,False,-14.178274,-59.01963,99.855621,-0.068057,48.880917,-14.291839,581.944824,147.093109,462.13974,179.84256,0.241091,179.886169,370,False,True,72,656,False,
173,/kuka/axis_move/feedback_json,std_msgs/msg/String,2026-08-27T21:32:13.850646-04:00,1787880733,850634867,1787880733850634867,130.364644,,,,4986,4985,1,0,0,4986,AxisTarget,1,True,True,True,False,-14.177778,-58.880856,99.953575,-0.074127,48.632374,-14.293229,581.882019,147.07814,460.227478,179.836624,0.251122,179.879211,370,False,True,72,656,False,
174,/kuka/axis_move/feedback_json,std_msgs/msg/String,2026-08-27T21:32:13.977489-04:00,1787880733,977476760,1787880733977476760,126.841893,,,,4987,4986,1,0,0,4987,AxisTarget,1,True,True,True,False,-14.177264,-58.737736,100.054581,-0.080385,48.376068,-14.294663,581.807922,147.060303,458.193848,179.830261,0.261804,179.871841,370,False,True,72,656,False,
175,/kuka/axis_move/feedback_json,std_msgs/msg/String,2026-08-27T21:32:14.103570-04:00,1787880734,103541067,1787880734103541067,126.064307,,,,4988,4987,1,0,0,4988,AxisTarget,1,True,True,True,False,-14.176778,-58.603283,100.149475,-0.086264,48.135292,-14.296011,581.729126,147.041153,456.223785,179.824066,0.272166,179.864731,370,False,True,72,656,False,
176,/kuka/axis_move/feedback_json,std_msgs/msg/String,2026-08-27T21:32:14.230347-04:00,1787880734,230319017,1787880734230319017,126.77795,,,,4989,4988,1,0,0,4989,AxisTarget,1,True,True,True,False,-14.176274,-58.464493,100.247421,-0.092331,47.886753,-14.297401,581.646118,147.020874,454.3172,179.818008,0.282208,179.857864,370,False,True,72,656,False,
177,/kuka/axis_move/feedback_json,std_msgs/msg/String,2026-08-27T21:32:14.353032-04:00,1787880734,353014675,1787880734353014675,122.695658,,,,4990,4989,1,0,0,4990,AxisTarget,1,True,True,True,False,-14.175787,-58.330036,100.342308,-0.098209,47.645981,-14.298749,581.553711,146.998154,452.351166,179.811722,0.292582,179.85083,370,False,True,72,656,False,
178,/kuka/axis_move/feedback_json,std_msgs/msg/String,2026-08-27T21:32:14.480954-04:00,1787880734,480948116,1787880734480948116,127.933441,,,,4991,4990,1,0,0,4991,AxisTarget,1,True,True,True,False,-14.175305,-58.195595,100.437195,-0.104085,47.405205,-14.300098,581.457581,146.974503,450.448639,179.805603,0.302653,179.844025,370,False,True,72,656,False,
179,/kuka/axis_move/feedback_json,std_msgs/msg/String,2026-08-27T21:32:14.603978-04:00,1787880734,603956167,1787880734603956167,123.008051,,,,4992,4991,1,0,0,4992,AxisTarget,1,True,True,True,False,-14.174844,-58.063648,100.530273,-0.109843,47.16917,-14.301422,581.356628,146.949707,448.578491,179.799561,0.312602,179.837357,370,False,True,72,656,False,
180,/kuka/axis_move/feedback_json,std_msgs/msg/String,2026-08-27T21:32:14.729067-04:00,1787880734,729053709,1787880734729053709,125.097542,,,,4993,4992,1,0,0,4993,AxisTarget,1,True,True,True,False,-14.174438,-57.958717,100.602005,-0.114157,46.999809,-14.302376,581.266113,146.927231,446.994568,179.794373,0.321002,179.831741,370,False,True,72,656,False,
181,/kuka/axis_move/feedback_json,std_msgs/msg/String,2026-08-27T21:32:14.856793-04:00,1787880734,856775721,1787880734856775721,127.722012,,,,4994,4993,1,0,0,4994,AxisTarget,1,True,True,True,False,-14.1744,-57.9538,100.604797,-0.1143,46.995499,-14.3024,581.257568,146.92485,446.848267,179.793823,0.321724,179.831223,370,False,True,72,656,False,
182,/kuka/axis_move/feedback_json,std_msgs/msg/String,2026-08-27T21:32:14.980865-04:00,1787880734,980858810,1787880734980858810,124.083089,,,,4995,4994,1,0,0,4995,AxisTarget,1,True,True,True,False,-14.1744,-57.9538,100.604797,-0.1143,46.995499,-14.3024,581.257568,146.92485,446.848267,179.793823,0.321724,179.831223,370,False,True,72,656,False,
183,/kuka/axis_move/feedback_json,std_msgs/msg/String,2026-08-27T21:32:15.104965-04:00,1787880735,104952097,1787880735104952097,124.093287,,,,4996,4995,1,0,0,4996,AxisTarget,1,True,True,True,False,-14.1744,-57.9538,100.604797,-0.1143,46.995499,-14.3024,581.257568,146.92485,446.848267,179.793823,0.321724,179.831223,370,False,True,72,656,False,
184,/kuka/axis_move/feedback_json,std_msgs/msg/String,2026-08-27T21:32:15.233472-04:00,1787880735,233449206,1787880735233449206,128.497109,,,,4997,4996,1,0,0,4997,AxisTarget,1,True,True,True,False,-14.1744,-57.9538,100.604797,-0.1143,46.995499,-14.3024,581.257568,146.92485,446.848267,179.793823,0.321724,179.831223,370,False,True,72,656,False,
185,/kuka/axis_move/feedback_json,std_msgs/msg/String,2026-08-27T21:32:15.356863-04:00,1787880735,356849038,1787880735356849038,123.399832,,,,4998,4997,1,0,0,4998,AxisTarget,1,True,True,True,False,-14.1744,-57.9538,100.604797,-0.1143,46.995499,-14.3024,581.257568,146.92485,446.848267,179.793823,0.321724,179.831223,370,False,True,72,656,False,
186,/kuka/axis_move/feedback_json,std_msgs/msg/String,2026-08-27T21:32:15.484382-04:00,1787880735,484359917,1787880735484359917,127.510879,,,,4999,4998,1,0,0,4999,AxisTarget,1,True,True,True,False,-14.1744,-57.9538,100.604797,-0.1143,46.995499,-14.3024,581.257568,146.92485,446.848267,179.793823,0.321724,179.831223,370,False,True,72,656,False,
187,/kuka/axis_move/feedback_json,std_msgs/msg/String,2026-08-27T21:32:15.709189-04:00,1787880735,709177710,1787880735709177710,224.817793,,,,5000,4999,1,0,0,5000,AxisTarget,1,False,True,False,False,-14.1744,-57.9538,100.604797,-0.1143,46.995499,-14.3024,581.257568,146.92485,446.848267,179.793823,0.321724,179.831223,371,False,True,72,656,False,
188,/kuka/axis_move/feedback_json,std_msgs/msg/String,2026-08-27T21:32:15.836310-04:00,1787880735,836293690,1787880735836293690,127.11598,,,,5001,5000,1,0,0,5001,AxisTarget,1,False,True,False,False,-14.1744,-57.9538,100.604797,-0.1143,46.995499,-14.3024,581.257568,146.92485,446.848267,179.793823,0.321724,179.831223,371,False,True,72,656,False,
189,/kuka/axis_move/feedback_json,std_msgs/msg/String,2026-08-27T21:32:16.069156-04:00,1787880736,69144637,1787880736069144637,232.850947,,,,5002,5001,1,0,0,5002,AxisTarget,1,False,True,False,False,-14.1744,-57.9538,100.604797,-0.1143,46.995499,-14.3024,581.257568,146.92485,446.848267,179.793823,0.321724,179.831223,372,False,True,72,656,False,
190,/kuka/axis_move/feedback_json,std_msgs/msg/String,2026-08-27T21:32:16.197084-04:00,1787880736,197071954,1787880736197071954,127.927317,,,,5003,5002,1,0,0,5003,AxisTarget,1,False,True,False,False,-14.1744,-57.9538,100.604797,-0.1143,46.995499,-14.3024,581.257568,146.92485,446.848267,179.793823,0.321724,179.831223,372,False,True,72,656,False,
191,/kuka/axis_move/feedback_json,std_msgs/msg/String,2026-08-27T21:32:16.328383-04:00,1787880736,328371967,1787880736328371967,131.300013,,,,5004,5003,1,0,0,5004,AxisTarget,1,False,True,False,False,-14.1744,-57.9538,100.604797,-0.1143,46.995499,-14.3024,581.257568,146.92485,446.848267,179.793823,0.321724,179.831223,372,False,True,72,656,False,
192,/kuka/axis_move/feedback_json,std_msgs/msg/String,2026-08-27T21:32:16.456228-04:00,1787880736,456197161,1787880736456197161,127.825194,,,,5005,5004,1,0,0,5005,AxisTarget,1,False,True,False,False,-14.1744,-57.9538,100.604797,-0.1143,46.995499,-14.3024,581.257568,146.92485,446.848267,179.793823,0.321724,179.831223,372,False,True,72,656,False,
193,/kuka/axis_move/feedback_json,std_msgs/msg/String,2026-08-27T21:32:16.696953-04:00,1787880736,696948231,1787880736696948231,240.75107,,,,5006,5005,1,0,0,5006,AxisTarget,1,False,True,False,False,-14.1744,-57.9538,100.604797,-0.1143,46.995499,-14.3024,581.257568,146.92485,446.848267,179.793823,0.321724,179.831223,373,False,True,72,656,False,
194,/kuka/axis_move/feedback_json,std_msgs/msg/String,2026-08-27T21:32:17.222917-04:00,1787880737,222890782,1787880737222890782,525.942551,,,,5007,5006,1,0,0,5007,AxisTarget,1,True,True,True,False,-14.1744,-57.9538,100.604797,-0.1143,46.995499,-14.3024,581.257568,146.92485,446.848267,179.793823,0.321724,179.831223,374,False,True,73,660,True,
195,/kuka/axis_move/feedback_json,std_msgs/msg/String,2026-08-27T21:32:17.363057-04:00,1787880737,363045659,1787880737363045659,140.154877,,,,5008,5007,1,0,0,5008,AxisTarget,1,True,True,True,True,-14.174553,-57.962952,100.597343,-0.11407,47.026306,-14.302437,581.260193,146.9263,446.902191,179.793961,0.321459,179.831329,374,False,True,73,661,True,
196,/kuka/axis_move/feedback_json,std_msgs/msg/String,2026-08-27T21:32:17.489049-04:00,1787880737,489037383,1787880737489037383,125.991724,,,,5009,5008,1,0,0,5009,AxisTarget,1,True,True,True,False,-14.177107,-58.092163,100.507561,-0.111683,47.261555,-14.302698,581.340881,146.971252,448.59671,179.797958,0.313149,179.834808,374,False,True,73,661,True,
197,/kuka/axis_move/feedback_json,std_msgs/msg/String,2026-08-27T21:32:17.613038-04:00,1787880737,613025529,1787880737613025529,123.988146,,,,5010,5009,1,0,0,5010,AxisTarget,1,True,True,True,False,-14.179945,-58.232433,100.412048,-0.109172,47.50721,-14.302971,581.425781,147.020325,450.504669,179.80246,0.303792,179.838745,374,False,True,73,662,True,
198,/kuka/axis_move/feedback_json,std_msgs/msg/String,2026-08-27T21:32:17.740625-04:00,1787880737,740611718,1787880737740611718,127.586189,,,,5011,5010,1,0,0,5011,AxisTarget,1,True,True,True,True,-14.182792,-58.373322,100.315948,-0.106636,47.755051,-14.30326,581.50647,147.069122,452.471619,179.807068,0.294152,179.842819,374,False,True,73,662,True,
199,/kuka/axis_move/feedback_json,std_msgs/msg/String,2026-08-27T21:32:17.868928-04:00,1787880737,868921889,1787880737868921889,128.310171,,,,5012,5011,1,0,0,5012,AxisTarget,1,True,True,True,False,-14.185565,-58.510494,100.222458,-0.10417,47.995827,-14.303538,581.578613,147.115112,454.395264,179.811554,0.284738,179.846817,374,False,True,73,662,True,
200,/kuka/axis_move/feedback_json,std_msgs/msg/String,2026-08-27T21:32:17.993013-04:00,1787880737,993000415,1787880737993000415,124.078526,,,,5013,5012,1,0,0,5013,AxisTarget,1,True,True,True,False,-14.188428,-58.652092,100.125954,-0.101622,48.244366,-14.303823,581.648071,147.162201,456.445038,179.81633,0.274718,179.851105,374,False,True,73,662,True,
201,/kuka/axis_move/feedback_json,std_msgs/msg/String,2026-08-27T21:32:18.118377-04:00,1787880738,118360992,1787880738118360992,125.360577,,,,5014,5013,1,0,0,5014,AxisTarget,1,True,True,True,False,-14.191202,-58.789268,100.032478,-0.099152,48.485123,-14.304092,581.704712,147.203339,458.310333,179.820663,0.26561,179.855011,374,False,True,73,662,True,
202,/kuka/axis_move/feedback_json,std_msgs/msg/String,2026-08-27T21:32:18.248102-04:00,1787880738,248079724,1787880738248079724,129.718732,,,,5015,5014,1,0,0,5015,AxisTarget,1,True,True,True,False,-14.193895,-58.922401,99.941826,-0.096679,48.726021,-14.304361,581.757019,147.2444,460.250244,179.82515,0.256149,179.85907,374,False,True,73,663,True,
203,/kuka/axis_move/feedback_json,std_msgs/msg/String,2026-08-27T21:32:18.381091-04:00,1787880738,381080100,1787880738381080100,133.000376,,,,5016,5015,1,0,0,5016,AxisTarget,1,True,True,True,True,-14.196836,-59.067928,99.842598,-0.094133,48.974239,-14.304639,581.804749,147.285751,462.29361,179.829849,0.246196,179.863373,374,False,True,73,663,True,
204,/kuka/axis_move/feedback_json,std_msgs/msg/String,2026-08-27T21:32:18.508826-04:00,1787880738,508814429,1787880738508814429,127.734329,,,,5017,5016,1,0,0,5017,AxisTarget,1,True,True,True,False,-14.199788,-59.213955,99.743088,-0.091424,49.238316,-14.304935,581.845215,147.325424,464.351349,179.834564,0.236187,179.867722,374,False,True,73,663,True,
205,/kuka/axis_move/feedback_json,std_msgs/msg/String,2026-08-27T21:32:18.636432-04:00,1787880738,636421636,1787880738636421636,127.607207,,,,5018,5017,1,0,0,5018,AxisTarget,1,True,True,True,False,-14.202651,-59.355556,99.646599,-0.088955,49.479088,-14.305205,581.876404,147.360947,466.286133,179.838974,0.226785,179.871811,374,False,True,73,663,True,
206,/kuka/axis_move/feedback_json,std_msgs/msg/String,2026-08-27T21:32:18.760911-04:00,1787880738,760895851,1787880738760895851,124.474215,,,,5019,5018,1,0,0,5019,AxisTarget,1,True,True,True,False,-14.205514,-59.49715,99.550102,-0.08641,49.727627,-14.305488,581.901611,147.395844,468.285126,179.843506,0.217079,179.876038,374,False,True,73,663,True,
207,/kuka/axis_move/feedback_json,std_msgs/msg/String,2026-08-27T21:32:18.889109-04:00,1787880738,889102756,1787880738889102756,128.206905,,,,5020,5019,1,0,0,5020,AxisTarget,1,True,True,True,False,-14.208287,-59.634312,99.456627,-0.083946,49.968403,-14.305761,581.91925,147.427902,470.223358,179.847885,0.207677,179.880157,374,False,True,73,663,True,
208,/kuka/axis_move/feedback_json,std_msgs/msg/String,2026-08-27T21:32:19.014424-04:00,1787880739,14418216,1787880739014418216,125.31546,,,,5021,5020,1,0,0,5021,AxisTarget,1,True,True,True,False,-14.21115,-59.775898,99.36013,-0.081405,50.216942,-14.306046,581.930664,147.460159,472.288422,179.852509,0.197668,179.884552,374,False,True,73,663,True,
209,/kuka/axis_move/feedback_json,std_msgs/msg/String,2026-08-27T21:32:19.137069-04:00,1787880739,137046940,1787880739137046940,122.628724,,,,5022,5021,1,0,0,5022,AxisTarget,1,True,True,True,False,-14.213923,-59.913059,99.266647,-0.078944,50.457714,-14.306322,581.934509,147.487793,474.167389,179.856705,0.188571,179.888565,374,False,True,73,664,True,
210,/kuka/axis_move/feedback_json,std_msgs/msg/String,2026-08-27T21:32:19.268198-04:00,1787880739,268175544,1787880739268175544,131.128604,,,,5023,5022,1,0,0,5023,AxisTarget,1,True,True,True,True,-14.216697,-60.050217,99.173172,-0.076482,50.69849,-14.306599,581.931641,147.515488,476.173279,179.861176,0.178871,179.892853,374,False,True,73,664,True,
211,/kuka/axis_move/feedback_json,std_msgs/msg/String,2026-08-27T21:32:19.396692-04:00,1787880739,396650637,1787880739396650637,128.475093,,,,5024,5023,1,0,0,5024,AxisTarget,1,True,True,True,False,-14.219649,-60.196228,99.070641,-0.073783,50.962563,-14.306901,581.921143,147.54213,478.243652,179.865753,0.168873,179.897293,374,False,True,73,664,True,
212,/kuka/axis_move/feedback_json,std_msgs/msg/String,2026-08-27T21:32:19.524748-04:00,1787880739,524732322,1787880739524732322,128.081685,,,,5025,5024,1,0,0,5025,AxisTarget,1,True,True,True,False,-14.222511,-60.337814,98.977165,-0.071244,51.211102,-14.307185,581.904358,147.565384,480.190186,179.870041,0.159486,179.901474,374,False,True,73,664,True,
213,/kuka/axis_move/feedback_json,std_msgs/msg/String,2026-08-27T21:32:19.656331-04:00,1787880739,656316340,1787880739656316340,131.584018,,,,5026,5025,1,0,0,5026,AxisTarget,1,True,True,True,False,-14.225372,-60.479404,98.880669,-0.068786,51.451878,-14.30746,581.879089,147.588211,482.264038,179.874588,0.1495,179.905945,374,False,True,73,664,True,
214,/kuka/axis_move/feedback_json,std_msgs/msg/String,2026-08-27T21:32:19.780318-04:00,1787880739,780290997,1787880739780290997,123.974657,,,,5027,5026,1,0,0,5027,AxisTarget,1,True,True,True,False,-14.228232,-60.621002,98.784172,-0.066171,51.708183,-14.307752,581.84729,147.608459,484.276764,179.878983,0.139823,179.910278,374,False,True,73,664,True,
215,/kuka/axis_move/feedback_json,std_msgs/msg/String,2026-08-27T21:32:19.905528-04:00,1787880739,905497539,1787880739905497539,125.206542,,,,5028,5027,1,0,0,5028,AxisTarget,1,True,True,True,False,-14.231092,-60.7626,98.687675,-0.063716,51.948956,-14.308024,581.80957,147.626312,486.228119,179.883224,0.130456,179.91449,374,False,True,73,664,True,
216,/kuka/axis_move/feedback_json,std_msgs/msg/String,2026-08-27T21:32:20.030187-04:00,1787880740,30176691,1787880740030176691,124.679152,,,,5029,5028,1,0,0,5029,AxisTarget,1,True,True,True,False,-14.233861,-60.899776,98.594193,-0.061263,52.189732,-14.308296,581.76355,147.642899,488.243988,179.887589,0.120793,179.918854,374,False,True,73,664,True,
217,/kuka/axis_move/feedback_json,std_msgs/msg/String,2026-08-27T21:32:20.157388-04:00,1787880740,157364571,1787880740157364571,127.18788,,,,5030,5029,1,0,0,5030,AxisTarget,1,True,True,True,False,-14.236719,-61.041382,98.497704,-0.058732,52.438263,-14.308577,581.712097,147.657181,490.198364,179.891785,0.111438,179.923096,374,False,True,73,664,True,
218,/kuka/axis_move/feedback_json,std_msgs/msg/String,2026-08-27T21:32:20.284432-04:00,1787880740,284409368,1787880740284409368,127.044797,,,,5031,5030,1,0,0,5031,AxisTarget,1,True,True,True,True,-14.239249,-61.166027,98.413246,-0.056529,52.653404,-14.308818,581.656494,147.66922,492.07019,179.895798,0.102488,179.927155,374,False,True,73,665,True,
219,/kuka/axis_move/feedback_json,std_msgs/msg/String,2026-08-27T21:32:20.408959-04:00,1787880740,408921563,1787880740408921563,124.512195,,,,5032,5031,1,0,0,5032,AxisTarget,1,True,True,True,False,-14.241915,-61.298893,98.32222,-0.054129,52.89024,-14.309086,581.597107,147.679291,493.870819,179.899628,0.093887,179.931076,374,False,True,73,665,True,
220,/kuka/axis_move/feedback_json,std_msgs/msg/String,2026-08-27T21:32:20.535024-04:00,1787880740,534990771,1787880740534990771,126.069208,,,,5033,5032,1,0,0,5033,AxisTarget,1,True,True,True,False,-14.244683,-61.436073,98.228745,-0.051678,53.131012,-14.309357,581.526062,147.688538,495.829254,179.903793,0.084542,179.935349,374,False,True,73,665,True,
221,/kuka/axis_move/feedback_json,std_msgs/msg/String,2026-08-27T21:32:20.665181-04:00,1787880740,665171326,1787880740665171326,130.180555,,,,5034,5033,1,0,0,5034,AxisTarget,1,True,True,True,False,-14.24754,-61.577679,98.132248,-0.049146,53.379555,-14.309637,581.445618,147.696243,497.852203,179.908066,0.074899,179.939774,374,False,True,73,665,True,
222,/kuka/axis_move/feedback_json,std_msgs/msg/String,2026-08-27T21:32:20.796368-04:00,1787880740,796350625,1787880740796350625,131.179299,,,,5035,5034,1,0,0,5035,AxisTarget,1,True,True,True,False,-14.250398,-61.723709,98.032738,-0.046533,53.63586,-14.309928,581.355042,147.702225,499.93985,179.912445,0.064957,179.944351,374,False,True,73,665,True,
223,/kuka/axis_move/feedback_json,std_msgs/msg/String,2026-08-27T21:32:20.924446-04:00,1787880740,924418082,1787880740924418082,128.067457,,,,5036,5035,1,0,0,5036,AxisTarget,1,True,True,True,False,-14.253345,-61.86974,97.93322,-0.043919,53.89217,-14.31022,581.256653,147.706207,502.028931,179.916824,0.055018,179.948944,374,False,True,73,665,True,
224,/kuka/axis_move/feedback_json,std_msgs/msg/String,2026-08-27T21:32:21.056207-04:00,1787880741,56193351,1787880741056193351,131.775269,,,,5037,5036,1,0,0,5037,AxisTarget,1,True,True,True,False,-14.256201,-62.006916,97.839745,-0.041461,54.132942,-14.310495,581.153931,147.70816,504.05603,179.921036,0.045383,179.953415,374,False,True,73,665,True,
225,/kuka/axis_move/feedback_json,std_msgs/msg/String,2026-08-27T21:32:21.184410-04:00,1787880741,184379952,1787880741184379952,128.186601,,,,5038,5037,1,0,0,5038,AxisTarget,1,True,True,True,False,-14.259148,-62.152943,97.740234,-0.038842,54.389248,-14.310799,581.040283,147.708191,506.147858,179.925369,0.035449,179.958038,374,False,True,73,666,False,
226,/kuka/axis_move/feedback_json,std_msgs/msg/String,2026-08-27T21:32:21.309718-04:00,1787880741,309706540,1787880741309706540,125.326588,,,,5039,5038,1,0,0,5039,AxisTarget,1,True,True,True,True,-14.262004,-62.294544,97.643738,-0.036303,54.637791,-14.311075,580.926514,147.70639,508.114136,179.929413,0.026121,179.962387,374,False,True,73,666,False,
227,/kuka/axis_move/feedback_json,std_msgs/msg/String,2026-08-27T21:32:21.434031-04:00,1787880741,434025567,1787880741434025567,124.319027,,,,5040,5039,1,0,0,5040,AxisTarget,1,True,True,True,False,-14.264771,-62.431721,97.550255,-0.033843,54.878563,-14.311352,580.801819,147.702667,510.145081,179.933578,0.016494,179.966904,374,False,True,73,666,False,
228,/kuka/axis_move/feedback_json,std_msgs/msg/String,2026-08-27T21:32:21.560350-04:00,1787880741,560318398,1787880741560318398,126.292831,,,,5041,5040,1,0,0,5041,AxisTarget,1,True,True,True,False,-14.267628,-62.573322,97.453758,-0.031302,55.127102,-14.31164,580.674011,147.69725,512.113708,179.937607,0.007172,179.971283,374,False,True,73,666,False,
229,/kuka/axis_move/feedback_json,std_msgs/msg/String,2026-08-27T21:32:21.689342-04:00,1787880741,689330806,1787880741689330806,129.012408,,,,5042,5041,1,0,0,5042,AxisTarget,1,True,True,True,False,-14.270393,-62.710499,97.360275,-0.028836,55.367878,-14.311923,580.534973,147.689789,514.147034,179.941727,-0.002445,179.975815,374,False,True,73,666,False,
230,/kuka/axis_move/feedback_json,std_msgs/msg/String,2026-08-27T21:32:21.816303-04:00,1787880741,816274010,1787880741816274010,126.943204,,,,5043,5042,1,0,0,5043,AxisTarget,1,True,True,True,False,-14.273248,-62.8521,97.263771,-0.026286,55.616417,-14.312221,580.393188,147.680725,516.11792,179.945694,-0.011757,179.980225,374,False,True,73,666,False,
231,/kuka/axis_move/feedback_json,std_msgs/msg/String,2026-08-27T21:32:21.944380-04:00,1787880741,944357737,1787880741944357737,128.083727,,,,5044,5043,1,0,0,5044,AxisTarget,1,True,True,True,False,-14.275855,-62.980972,97.176262,-0.023979,55.840481,-14.31249,580.247009,147.670044,518.058533,179.949585,-0.020916,179.984573,374,False,True,73,666,False,
232,/kuka/axis_move/feedback_json,std_msgs/msg/String,2026-08-27T21:32:22.073319-04:00,1787880742,73308587,1787880742073308587,128.95085,,,,5045,5044,1,0,0,5045,AxisTarget,1,True,True,True,False,-14.278739,-63.124638,97.078033,-0.021294,56.102551,-14.312807,580.085999,147.656952,520.100525,179.953674,-0.030545,179.989166,374,False,True,73,666,False,
233,/kuka/axis_move/feedback_json,std_msgs/msg/String,2026-08-27T21:32:22.196629-04:00,1787880742,196601697,1787880742196601697,123.29311,,,,5046,5045,1,0,0,5046,AxisTarget,1,True,True,True,False,-14.281605,-63.266232,96.981537,-0.018823,56.343323,-14.313074,579.923401,147.642578,522.074524,179.957611,-0.039853,179.993607,374,False,True,73,666,False,
234,/kuka/axis_move/feedback_json,std_msgs/msg/String,2026-08-27T21:32:22.326535-04:00,1787880742,326524009,1787880742326524009,129.922312,,,,5047,5046,1,0,0,5047,AxisTarget,1,True,True,True,False,-14.284499,-63.40781,96.88504,-0.016279,56.59185,-14.313314,579.74823,147.62616,524.112976,179.961731,-0.049479,179.998199,374,False,True,73,666,False,
235,/kuka/axis_move/feedback_json,std_msgs/msg/String,2026-08-27T21:32:22.989043-04:00,1787880742,989031738,1787880742989031738,662.507729,,,,5048,5047,1,0,0,5048,AxisTarget,1,True,True,True,False,-14.2861,-63.4856,96.835098,-0.0151,56.705002,-14.3135,579.625977,147.613266,525.488037,179.96431,-0.055928,-179.998749,375,False,True,74,670,True,
236,/kuka/axis_move/feedback_json,std_msgs/msg/String,2026-08-27T21:32:23.655443-04:00,1787880743,655437594,1787880743655437594,666.405856,,,,5049,5048,1,0,0,5049,AxisTarget,1,True,True,True,True,-9.846354,-64.642227,98.599998,0.001209,56.043282,-15.749529,579.313721,101.446793,525.691833,174.288818,-0.009633,-179.99704,376,False,True,74,674,True,
237,/kuka/axis_move/feedback_json,std_msgs/msg/String,2026-08-27T21:32:23.780440-04:00,1787880743,780417161,1787880743780417161,124.979567,,,,5050,5049,1,0,0,5050,AxisTarget,1,True,True,True,False,-8.542275,-64.9767,99.102684,0.005575,55.868015,-16.124632,578.504761,87.97464,525.725769,172.613251,0.004044,-179.997009,376,False,True,74,675,True,
238,/kuka/axis_move/feedback_json,std_msgs/msg/String,2026-08-27T21:32:23.908815-04:00,1787880743,908786196,1787880743908786196,128.369035,,,,5051,5050,1,0,0,5051,AxisTarget,1,True,True,True,False,-7.271938,-65.306427,99.603882,0.010295,55.677303,-16.536472,577.370972,74.549667,525.74762,170.932785,0.017736,-179.997147,376,False,True,74,675,True,
239,/kuka/axis_move/feedback_json,std_msgs/msg/String,2026-08-27T21:32:24.038737-04:00,1787880744,38721972,1787880744038721972,129.935776,,,,5052,5051,1,0,0,5052,AxisTarget,1,True,True,True,True,-5.927986,-65.651825,100.12384,0.014989,55.490112,-16.937372,575.836975,60.555611,525.757568,169.16832,0.032101,-179.997498,376,False,True,74,676,True,
240,/kuka/axis_move/feedback_json,std_msgs/msg/String,2026-08-27T21:32:24.168235-04:00,1787880744,168218594,1787880744168218594,129.496622,,,,5053,5052,1,0,0,5053,AxisTarget,1,True,True,True,False,-4.574244,-66.002403,100.655807,0.01972,55.300007,-17.347813,574.03479,47.211349,525.754517,167.472351,0.045896,-179.998047,376,False,True,74,676,True,
241,/kuka/axis_move/feedback_json,std_msgs/msg/String,2026-08-27T21:32:24.296662-04:00,1787880744,296630861,1787880744296630861,128.412267,,,,5054,5053,1,0,0,5054,AxisTarget,1,True,True,True,False,-3.192945,-66.358665,101.194038,0.024597,55.104034,-17.781649,571.696716,32.723469,525.736938,165.614594,0.060999,-179.998886,376,False,True,74,677,True,
242,/kuka/axis_move/feedback_json,std_msgs/msg/String,2026-08-27T21:32:24.420726-04:00,1787880744,420720839,1787880744420720839,124.089978,,,,5055,5054,1,0,0,5055,AxisTarget,1,True,True,True,True,-1.925463,-66.68528,101.687279,0.029051,54.924328,-18.155296,569.29248,19.912563,525.70874,163.956207,0.07447,-179.999878,376,False,True,74,677,True,
243,/kuka/axis_move/feedback_json,std_msgs/msg/String,2026-08-27T21:32:24.544703-04:00,1787880744,544697292,1787880744544697292,123.976453,,,,5056,5055,1,0,0,5056,AxisTarget,1,True,True,True,False,-0.5941,-67.029305,102.207901,0.03376,54.734215,-18.564247,566.570007,7.119226,525.668213,162.283997,0.088037,179.998932,376,False,True,74,677,True,
244,/kuka/axis_move/feedback_json,std_msgs/msg/String,2026-08-27T21:32:24.668500-04:00,1787880744,668477663,1787880744668477663,123.780371,,,,5057,5056,1,0,0,5057,AxisTarget,1,True,True,True,False,0.7451,-67.374825,102.730118,0.038482,54.543858,-18.973553,563.413147,-6.095455,525.613037,160.538315,0.102178,179.997482,376,False,True,74,678,True,
245,/kuka/axis_move/feedback_json,std_msgs/msg/String,2026-08-27T21:32:24.795135-04:00,1787880744,795117978,1787880744795117978,126.640315,,,,5058,5057,1,0,0,5058,AxisTarget,1,True,True,True,True,2.0843,-67.720337,103.252327,0.043207,54.353504,-19.382864,559.940125,-19.158348,525.544678,158.792648,0.116294,179.995804,376,False,True,74,678,True,
246,/kuka/axis_move/feedback_json,std_msgs/msg/String,2026-08-27T21:32:24.920642-04:00,1787880744,920618731,1787880744920618731,125.500753,,,,5059,5058,1,0,0,5059,AxisTarget,1,True,True,True,False,3.4667,-68.077003,103.791382,0.048083,54.157013,-19.805382,556.029175,-32.475201,525.460266,156.990692,0.130846,179.993851,376,False,True,74,678,True,
247,/kuka/axis_move/feedback_json,std_msgs/msg/String,2026-08-27T21:32:25.047239-04:00,1787880745,47210223,1787880745047210223,126.591492,,,,5060,5059,1,0,0,5060,AxisTarget,1,True,True,True,True,4.749814,-68.406311,104.286324,0.052534,53.978664,-20.186636,552.050842,-44.847546,525.367981,155.294525,0.14453,179.991791,376,False,True,74,679,True,
248,/kuka/axis_move/feedback_json,std_msgs/msg/String,2026-08-27T21:32:25.171759-04:00,1787880745,171743771,1787880745171743771,124.533548,,,,5061,5060,1,0,0,5061,AxisTarget,1,True,True,True,False,6.028829,-68.738052,104.790428,0.057119,53.792831,-20.588491,547.926453,-56.678806,525.266602,153.651016,0.157766,179.989594,376,False,True,74,679,True,
249,/kuka/axis_move/feedback_json,std_msgs/msg/String,2026-08-27T21:32:25.296376-04:00,1787880745,296360367,1787880745296360367,124.616596,,,,5062,5061,1,0,0,5062,AxisTarget,1,True,True,True,False,7.319799,-69.081238,105.308067,0.061795,53.605137,-20.990726,543.269958,-69.046127,525.146179,151.908691,0.171759,179.987076,376,False,True,74,680,True,
250,/kuka/axis_move/feedback_json,std_msgs/msg/String,2026-08-27T21:32:25.422193-04:00,1787880745,422154686,1787880745422154686,125.794319,,,,5063,5062,1,0,0,5063,AxisTarget,1,True,True,True,True,8.49536,-69.37381,105.750526,0.065809,53.44326,-21.339838,538.923584,-79.802155,525.028809,150.37149,0.18407,179.984665,376,False,True,74,680,True,
251,/kuka/axis_move/feedback_json,std_msgs/msg/String,2026-08-27T21:32:25.544596-04:00,1787880745,544573614,1787880745544573614,122.418928,,,,5064,5063,1,0,0,5064,AxisTarget,1,True,True,True,False,9.812896,-69.713615,106.263504,0.070455,53.257114,-21.738789,533.817566,-91.622688,524.885742,148.656723,0.197775,179.981781,376,False,True,74,681,True,
252,/kuka/axis_move/feedback_json,std_msgs/msg/String,2026-08-27T21:32:25.672924-04:00,1787880745,672894064,1787880745672894064,128.32045,,,,5065,5064,1,0,0,5065,AxisTarget,1,True,True,True,True,10.836613,-69.986885,106.676155,0.074207,53.106403,-22.063784,529.621277,-100.770004,524.764526,147.310104,0.208521,179.979385,376,False,True,74,681,True,
253,/kuka/axis_move/feedback_json,std_msgs/msg/String,2026-08-27T21:32:25.800841-04:00,1787880745,800817361,1787880745800817361,127.923297,,,,5066,5065,1,0,0,5066,AxisTarget,1,True,True,True,True,12.126646,-70.307961,107.157722,0.078558,52.934082,-22.430302,524.113098,-112.105186,524.600281,145.615738,0.222005,179.976181,376,False,True,74,682,False,
254,/kuka/axis_move/feedback_json,std_msgs/msg/String,2026-08-27T21:32:25.928500-04:00,1787880745,928471167,1787880745928471167,127.653806,,,,5067,5066,1,0,0,5067,AxisTarget,1,True,True,True,False,13.14255,-70.571411,107.557999,0.082224,52.786713,-22.748484,519.842773,-120.429604,524.469238,144.352036,0.23203,179.973663,376,False,True,74,682,False,
255,/kuka/axis_move/feedback_json,std_msgs/msg/String,2026-08-27T21:32:26.060847-04:00,1787880746,60815769,1787880746060815769,132.344602,,,,5068,5067,1,0,0,5068,AxisTarget,1,True,True,True,False,14.004095,-70.791695,107.887947,0.085266,52.664585,-23.009245,515.683655,-128.190262,524.339722,143.158081,0.241488,179.971161,376,False,True,74,682,False,
256,/kuka/axis_move/feedback_json,std_msgs/msg/String,2026-08-27T21:32:26.189210-04:00,1787880746,189180781,1787880746189180781,128.365012,,,,5069,5068,1,0,0,5069,AxisTarget,1,True,True,True,False,14.646301,-70.952911,108.124504,0.087238,52.587486,-23.169041,512.605225,-133.73288,524.242126,142.295609,0.248354,179.969254,376,False,True,74,682,False,
257,/kuka/axis_move/feedback_json,std_msgs/msg/String,2026-08-27T21:32:26.312892-04:00,1787880746,312863505,1787880746312863505,123.682724,,,,5070,5069,1,0,0,5070,AxisTarget,1,True,True,True,False,14.7238,-70.970299,108.147202,0.0874,52.581501,-23.179899,512.07666,-134.668365,524.22522,142.1492,0.249474,179.968933,376,False,True,74,682,False,
258,/kuka/axis_move/feedback_json,std_msgs/msg/String,2026-08-27T21:32:26.820541-04:00,1787880746,820519169,1787880746820519169,507.655664,,,,5071,5070,1,0,0,5071,AxisTarget,1,True,True,True,True,14.7238,-70.970299,108.147209,0.0874,52.581394,-23.179897,512.07666,-134.668381,524.22522,142.1492,0.249474,179.968933,377,False,True,75,686,True,
259,/kuka/axis_move/feedback_json,std_msgs/msg/String,2026-08-27T21:32:26.944728-04:00,1787880746,944696841,1787880746944696841,124.177672,,,,5072,5071,1,0,0,5072,AxisTarget,1,True,True,True,False,14.72158,-70.895805,108.196861,0.087724,52.441002,-23.179331,512.135315,-134.667053,523.52301,142.151535,0.246935,179.970108,377,False,True,75,687,True,
260,/kuka/axis_move/feedback_json,std_msgs/msg/String,2026-08-27T21:32:27.068550-04:00,1787880747,68525611,1787880747068525611,123.82877,,,,5073,5072,1,0,0,5073,AxisTarget,1,True,True,True,False,14.716719,-70.743034,108.292458,0.088313,52.20023,-23.178383,512.291382,-134.662094,521.593811,142.157974,0.23997,179.973358,377,False,True,75,687,True,
261,/kuka/axis_move/feedback_json,std_msgs/msg/String,2026-08-27T21:32:27.196341-04:00,1787880747,196335680,1787880747196335680,127.810069,,,,5074,5073,1,0,0,5074,AxisTarget,1,True,True,True,False,14.711871,-70.590202,108.388054,0.088901,51.959454,-23.177402,512.445496,-134.65506,519.595154,142.164673,0.2328,179.976685,377,False,True,75,688,True,
262,/kuka/axis_move/feedback_json,std_msgs/msg/String,2026-08-27T21:32:27.324758-04:00,1787880747,324728694,1787880747324728694,128.393014,,,,5075,5074,1,0,0,5075,AxisTarget,1,True,True,True,True,14.706867,-70.432442,108.486732,0.089527,51.703148,-23.176359,512.591675,-134.645935,517.5979,142.171387,0.225633,179.980011,377,False,True,75,688,True,
263,/kuka/axis_move/feedback_json,std_msgs/msg/String,2026-08-27T21:32:27.452062-04:00,1787880747,452032033,1787880747452032033,127.303339,,,,5076,5075,1,0,0,5076,AxisTarget,1,True,True,True,False,14.701865,-70.274681,108.585403,0.090111,51.462376,-23.175375,512.729858,-134.634705,515.602051,142.178085,0.218466,179.983337,377,False,True,75,688,True,
264,/kuka/axis_move/feedback_json,std_msgs/msg/String,2026-08-27T21:32:27.580976-04:00,1787880747,580938903,1787880747580938903,128.90687,,,,5077,5076,1,0,0,5077,AxisTarget,1,True,True,True,False,14.696866,-70.11692,108.684067,0.090707,51.213833,-23.174355,512.856262,-134.621841,513.669983,142.184586,0.211527,179.986542,377,False,True,75,688,True,
265,/kuka/axis_move/feedback_json,std_msgs/msg/String,2026-08-27T21:32:27.707143-04:00,1787880747,707120223,1787880747707120223,126.18132,,,,5078,5077,1,0,0,5078,AxisTarget,1,True,True,True,False,14.691869,-69.959167,108.78273,0.091298,50.965294,-23.17333,512.978943,-134.606491,511.677063,142.191299,0.204366,179.989838,377,False,True,75,688,True,
266,/kuka/axis_move/feedback_json,std_msgs/msg/String,2026-08-27T21:32:27.832645-04:00,1787880747,832612327,1787880747832612327,125.492104,,,,5079,5078,1,0,0,5079,AxisTarget,1,True,True,True,True,14.687027,-69.806335,108.881386,0.091888,50.716755,-23.172308,513.09375,-134.589066,509.685638,142.198013,0.197205,179.993118,377,False,True,75,689,True,
267,/kuka/axis_move/feedback_json,std_msgs/msg/String,2026-08-27T21:32:27.957993-04:00,1787880747,957969755,1787880747957969755,125.357428,,,,5080,5079,1,0,0,5080,AxisTarget,1,True,True,True,False,14.68203,-69.648582,108.976959,0.09246,50.475979,-23.171316,513.200623,-134.569534,507.695709,142.204727,0.190041,179.996414,377,False,True,75,689,True,
268,/kuka/axis_move/feedback_json,std_msgs/msg/String,2026-08-27T21:32:28.084956-04:00,1787880748,84917988,1787880748084917988,126.948233,,,,5081,5080,1,0,0,5081,AxisTarget,1,True,True,True,False,14.677188,-69.49575,109.07254,0.093034,50.235207,-23.170324,513.296631,-134.548615,505.76947,142.211243,0.1831,179.999588,377,False,True,75,689,True,
269,/kuka/axis_move/feedback_json,std_msgs/msg/String,2026-08-27T21:32:28.212729-04:00,1787880748,212699914,1787880748212699914,127.781926,,,,5082,5081,1,0,0,5082,AxisTarget,1,True,True,True,False,14.672187,-69.337997,109.171204,0.093631,49.986668,-23.169304,513.385254,-134.525726,503.844696,142.217743,0.176156,-179.997238,377,False,True,75,689,True,
270,/kuka/axis_move/feedback_json,std_msgs/msg/String,2026-08-27T21:32:28.337187-04:00,1787880748,337163845,1787880748337163845,124.463931,,,,5083,5082,1,0,0,5083,AxisTarget,1,True,True,True,False,14.667184,-69.180237,109.269867,0.094232,49.738125,-23.168285,513.469055,-134.500031,501.859406,142.224472,0.168986,-179.993958,377,False,True,75,689,True,
271,/kuka/axis_move/feedback_json,std_msgs/msg/String,2026-08-27T21:32:28.470006-04:00,1787880748,469977091,1787880748469977091,132.813246,,,,5084,5083,1,0,0,5084,AxisTarget,1,True,True,True,False,14.662334,-69.022484,109.36853,0.094836,49.489586,-23.167267,513.544922,-134.472244,499.875793,142.231216,0.161813,-179.990677,377,False,True,75,689,True,
272,/kuka/axis_move/feedback_json,std_msgs/msg/String,2026-08-27T21:32:28.593110-04:00,1787880748,593077608,1787880748593077608,123.100517,,,,5085,5084,1,0,0,5085,AxisTarget,1,True,True,True,False,14.657312,-68.869736,109.463684,0.095419,49.251839,-23.1663,513.613647,-134.442062,497.873657,142.238022,0.154565,-179.987366,377,False,True,75,689,True,
273,/kuka/axis_move/feedback_json,std_msgs/msg/String,2026-08-27T21:32:28.720375-04:00,1787880748,720352751,1787880748720352751,127.275143,,,,5086,5085,1,0,0,5086,AxisTarget,1,True,True,True,True,14.652853,-68.728691,109.552254,0.095967,49.026817,-23.165344,513.667236,-134.413895,496.122253,142.243988,0.148218,-179.984482,377,False,True,75,690,True,
274,/kuka/axis_move/feedback_json,std_msgs/msg/String,2026-08-27T21:32:28.847042-04:00,1787880748,847004422,1787880748847004422,126.651671,,,,5087,5086,1,0,0,5087,AxisTarget,1,True,True,True,False,14.647849,-68.570992,109.650902,0.096574,48.778282,-23.16436,513.718872,-134.381256,494.208191,142.250504,0.141274,-179.981323,377,False,True,75,690,True,
275,/kuka/axis_move/feedback_json,std_msgs/msg/String,2026-08-27T21:32:28.968328-04:00,1787880748,968304815,1787880748968304815,121.300393,,,,5088,5087,1,0,0,5088,AxisTarget,1,True,True,True,False,14.643,-68.418159,109.746483,0.097161,48.53751,-23.163376,513.764526,-134.345505,492.231262,142.257248,0.134093,-179.978058,377,False,True,75,690,True,
276,/kuka/axis_move/feedback_json,std_msgs/msg/String,2026-08-27T21:32:29.096896-04:00,1787880749,96872870,1787880749096872870,128.568055,,,,5089,5088,1,0,0,5089,AxisTarget,1,True,True,True,False,14.63815,-68.265335,109.842064,0.097748,48.296738,-23.162392,513.801392,-134.308914,490.31781,142.263794,0.127132,-179.974899,377,False,True,75,690,True,
277,/kuka/axis_move/feedback_json,std_msgs/msg/String,2026-08-27T21:32:29.220696-04:00,1787880749,220656841,1787880749220656841,123.783971,,,,5090,5089,1,0,0,5090,AxisTarget,1,True,True,True,False,14.633144,-68.107574,109.940735,0.098352,48.048195,-23.161377,513.831726,-134.269135,488.344482,142.270538,0.119944,-179.971649,377,False,True,75,690,True,
278,/kuka/axis_move/feedback_json,std_msgs/msg/String,2026-08-27T21:32:29.344855-04:00,1787880749,344720183,1787880749344720183,124.063342,,,,5091,5090,1,0,0,5091,AxisTarget,1,True,True,True,False,14.628297,-67.95475,110.036324,0.098935,47.807423,-23.160395,513.853149,-134.229996,486.496185,142.276855,0.113201,-179.968613,377,False,True,75,690,True,
279,/kuka/axis_move/feedback_json,std_msgs/msg/String,2026-08-27T21:32:29.475545-04:00,1787880749,475539637,1787880749475539637,130.819454,,,,5092,5091,1,0,0,5092,AxisTarget,1,True,True,True,False,14.62345,-67.801918,110.131905,0.099517,47.56665,-23.159412,513.868469,-134.186279,484.526489,142.2836,0.106004,-179.965363,377,False,True,75,690,True,
280,/kuka/axis_move/feedback_json,std_msgs/msg/String,2026-08-27T21:32:29.600893-04:00,1787880749,600868307,1787880749600868307,125.32867,,,,5093,5092,1,0,0,5093,AxisTarget,1,True,True,True,False,14.618292,-67.639229,110.233658,0.100134,47.310341,-23.158367,513.876038,-134.140549,482.558746,142.290344,0.098804,-179.962128,377,False,True,75,690,True,
281,/kuka/axis_move/feedback_json,std_msgs/msg/String,2026-08-27T21:32:29.728450-04:00,1787880749,728434061,1787880749728434061,127.565754,,,,5094,5093,1,0,0,5094,AxisTarget,1,True,True,True,False,14.613291,-67.481468,110.332336,0.100732,47.061802,-23.157356,513.875854,-134.092804,480.592987,142.297089,0.0916,-179.958908,377,False,True,75,691,True,
282,/kuka/axis_move/feedback_json,std_msgs/msg/String,2026-08-27T21:32:29.855846-04:00,1787880749,855720655,1787880749855720655,127.286594,,,,5095,5094,1,0,0,5095,AxisTarget,1,True,True,True,True,14.608445,-67.328636,110.427925,0.101311,46.82103,-23.156374,513.868347,-134.044632,478.690582,142.303635,0.084619,-179.95578,377,False,True,75,691,True,
283,/kuka/axis_move/feedback_json,std_msgs/msg/String,2026-08-27T21:32:29.982369-04:00,1787880749,982332589,1787880749982332589,126.611934,,,,5096,5095,1,0,0,5096,AxisTarget,1,True,True,True,False,14.603444,-67.170876,110.526596,0.101909,46.572487,-23.155363,513.852966,-133.99292,476.728821,142.310379,0.077411,-179.95256,377,False,True,75,691,True,
284,/kuka/axis_move/feedback_json,std_msgs/msg/String,2026-08-27T21:32:30.108298-04:00,1787880750,108276245,1787880750108276245,125.943656,,,,5097,5096,1,0,0,5097,AxisTarget,1,True,True,True,False,14.598598,-67.018044,110.622185,0.102488,46.331715,-23.154383,513.830811,-133.940903,474.830383,142.31691,0.070426,-179.949448,377,False,True,75,691,True,
285,/kuka/axis_move/feedback_json,std_msgs/msg/String,2026-08-27T21:32:30.236128-04:00,1787880750,236118041,1787880750236118041,127.841796,,,,5098,5097,1,0,0,5098,AxisTarget,1,True,True,True,False,14.593596,-66.860291,110.720856,0.103085,46.083176,-23.153374,513.799255,-133.883484,472.811615,142.323883,0.062988,-179.946136,377,False,True,75,691,True,
286,/kuka/axis_move/feedback_json,std_msgs/msg/String,2026-08-27T21:32:30.364321-04:00,1787880750,364296474,1787880750364296474,128.178433,,,,5099,5098,1,0,0,5099,AxisTarget,1,True,True,True,False,14.58875,-66.702538,110.819534,0.10368,45.834633,-23.152367,513.762146,-133.827591,470.917297,142.330414,0.056,-179.943039,377,False,True,75,691,True,
287,/kuka/axis_move/feedback_json,std_msgs/msg/String,2026-08-27T21:32:30.492618-04:00,1787880750,492594665,1787880750492594665,128.298191,,,,5100,5099,1,0,0,5100,AxisTarget,1,True,True,True,False,14.583591,-66.544785,110.918205,0.104275,45.586094,-23.151363,513.714844,-133.766037,468.903046,142.337372,0.048559,-179.939728,377,False,True,75,691,True,
288,/kuka/axis_move/feedback_json,std_msgs/msg/String,2026-08-27T21:32:30.616507-04:00,1787880750,616490688,1787880750616490688,123.896023,,,,5101,5100,1,0,0,5101,AxisTarget,1,True,True,True,False,14.578587,-66.387032,111.016884,0.104869,45.337555,-23.15036,513.661133,-133.704315,466.952087,142.344131,0.041343,-179.936539,377,False,True,75,692,False,
289,/kuka/axis_move/feedback_json,std_msgs/msg/String,2026-08-27T21:32:30.746526-04:00,1787880750,746494543,1787880750746494543,130.003855,,,,5102,5101,1,0,0,5102,AxisTarget,1,True,True,True,True,14.573738,-66.234215,111.11248,0.105444,45.089012,-23.149361,513.601868,-133.642654,465.06427,142.350662,0.03435,-179.933456,377,False,True,75,692,False,
290,/kuka/axis_move/feedback_json,std_msgs/msg/String,2026-08-27T21:32:30.876870-04:00,1787880750,876840869,1787880750876840869,130.346326,,,,5103,5102,1,0,0,5103,AxisTarget,1,True,True,True,False,14.568578,-66.071533,111.214249,0.106057,44.840473,-23.148359,513.533203,-133.577057,463.117767,142.357422,0.027129,-179.930283,377,False,True,75,692,False,
291,/kuka/axis_move/feedback_json,std_msgs/msg/String,2026-08-27T21:32:31.007080-04:00,1787880751,7064150,1787880751007064150,130.223281,,,,5104,5103,1,0,0,5104,AxisTarget,1,True,True,True,False,14.563572,-65.91378,111.31292,0.106654,44.59193,-23.14732,513.454468,-133.507339,461.112885,142.36438,0.019681,-179.927002,377,False,True,75,692,False,
292,/kuka/axis_move/feedback_json,std_msgs/msg/String,2026-08-27T21:32:31.132535-04:00,1787880751,132503389,1787880751132503389,125.439239,,,,5105,5104,1,0,0,5105,AxisTarget,1,True,True,True,False,14.558405,-65.751099,111.41468,0.107277,44.335625,-23.146303,513.370483,-133.437729,459.171112,142.37117,0.012459,-179.923828,377,False,True,75,692,False,
293,/kuka/axis_move/feedback_json,std_msgs/msg/String,2026-08-27T21:32:31.260618-04:00,1787880751,260606278,1787880751260606278,128.102889,,,,5106,5105,1,0,0,5106,AxisTarget,1,True,True,True,False,14.553559,-65.59877,111.509819,0.107864,44.096901,-23.145317,513.282043,-133.368469,457.293457,142.377747,0.005468,-179.920746,377,False,True,75,692,False,
294,/kuka/axis_move/feedback_json,std_msgs/msg/String,2026-08-27T21:32:31.391513-04:00,1787880751,391501142,1787880751391501142,130.894864,,,,5107,5106,1,0,0,5107,AxisTarget,1,True,True,True,False,14.548905,-65.447289,111.604683,0.108455,43.856991,-23.14432,513.187561,-133.298157,455.438477,142.384277,-0.001448,-179.917709,377,False,True,75,692,False,
295,/kuka/axis_move/feedback_json,std_msgs/msg/String,2026-08-27T21:32:31.516301-04:00,1787880751,516255801,1787880751516255801,124.754659,,,,5108,5107,1,0,0,5108,AxisTarget,1,True,True,True,False,14.543892,-65.294456,111.700264,0.109042,43.616219,-23.143291,513.081604,-133.222839,453.503662,142.391083,-0.008673,-179.914551,377,False,True,75,692,False,
296,/kuka/axis_move/feedback_json,std_msgs/msg/String,2026-08-27T21:32:31.644012-04:00,1787880751,643975133,1787880751643975133,127.719332,,,,5109,5108,1,0,0,5109,AxisTarget,1,True,True,True,False,14.538908,-65.137039,111.798615,0.109597,43.369255,-23.142319,512.971741,-133.148209,451.632446,142.397614,-0.015671,-179.91153,377,False,True,75,692,False,
297,/kuka/axis_move/feedback_json,std_msgs/msg/String,2026-08-27T21:32:31.771833-04:00,1787880751,771825193,1787880751771825193,127.85006,,,,5110,5109,1,0,0,5110,AxisTarget,1,True,True,True,False,14.5366,-65.068794,111.838303,0.1098,43.284,-23.142,512.905579,-133.104599,450.559723,142.401352,-0.019688,-179.909805,377,False,True,75,692,False,
298,/kuka/axis_move/feedback_json,std_msgs/msg/String,2026-08-27T21:32:31.896471-04:00,1787880751,896435159,1787880751896435159,124.609966,,,,5111,5110,1,0,0,5111,AxisTarget,1,True,True,True,False,14.5366,-65.068802,111.838303,0.1098,43.284,-23.142,512.905579,-133.104599,450.559753,142.401352,-0.019688,-179.909805,377,False,True,75,692,False,
299,/kuka/axis_move/feedback_json,std_msgs/msg/String,2026-08-27T21:32:32.027891-04:00,1787880752,27861400,1787880752027861400,131.426241,,,,5112,5111,1,0,0,5112,AxisTarget,1,True,True,True,False,14.5366,-65.068802,111.838303,0.1098,43.284,-23.142,512.905579,-133.104599,450.559753,142.401352,-0.019688,-179.909805,377,False,True,75,692,False,
300,/kuka/axis_move/feedback_json,std_msgs/msg/String,2026-08-27T21:32:32.148794-04:00,1787880752,148754134,1787880752148754134,120.892734,,,,5113,5112,1,0,0,5113,AxisTarget,1,True,True,True,False,14.5366,-65.068802,111.838303,0.1098,43.284,-23.142,512.905579,-133.104599,450.559753,142.401352,-0.019688,-179.909805,377,False,True,75,692,False,
301,/kuka/axis_move/feedback_json,std_msgs/msg/String,2026-08-27T21:32:32.276520-04:00,1787880752,276479166,1787880752276479166,127.725032,,,,5114,5113,1,0,0,5114,AxisTarget,1,True,True,True,False,14.5366,-65.068802,111.838303,0.1098,43.284,-23.142,512.905579,-133.104599,450.559753,142.401352,-0.019688,-179.909805,377,False,True,75,692,False,
302,/kuka/axis_move/feedback_json,std_msgs/msg/String,2026-08-27T21:32:32.401244-04:00,1787880752,401231650,1787880752401231650,124.752484,,,,5115,5114,1,0,0,5115,AxisTarget,1,True,True,True,False,14.5366,-65.068802,111.838303,0.1098,43.284,-23.142,512.905579,-133.104599,450.559753,142.401352,-0.019688,-179.909805,377,False,True,75,692,False,
303,/kuka/axis_move/feedback_json,std_msgs/msg/String,2026-08-27T21:32:32.524656-04:00,1787880752,524627351,1787880752524627351,123.395701,,,,5116,5115,1,0,0,5116,AxisTarget,1,True,True,True,False,14.5366,-65.068802,111.838303,0.1098,43.284,-23.142,512.905579,-133.104599,450.559753,142.401352,-0.019688,-179.909805,377,False,True,75,692,False,
304,/kuka/axis_move/feedback_json,std_msgs/msg/String,2026-08-27T21:32:32.652458-04:00,1787880752,652441050,1787880752652441050,127.813699,,,,5117,5116,1,0,0,5117,AxisTarget,1,True,True,True,False,14.5366,-65.068802,111.838303,0.1098,43.284,-23.142,512.905579,-133.104599,450.559753,142.401352,-0.019688,-179.909805,377,False,True,75,692,False,
305,/kuka/axis_move/feedback_json,std_msgs/msg/String,2026-08-27T21:32:32.884543-04:00,1787880752,884521454,1787880752884521454,232.080404,,,,5118,5117,1,0,0,5118,AxisTarget,1,False,True,False,False,14.5366,-65.068802,111.838303,0.1098,43.284,-23.142,512.905579,-133.104599,450.559753,142.401352,-0.019688,-179.909805,378,False,True,75,692,False,
306,/kuka/axis_move/feedback_json,std_msgs/msg/String,2026-08-27T21:32:33.112079-04:00,1787880753,112041879,1787880753112041879,227.520425,,,,5119,5118,1,0,0,5119,AxisTarget,1,False,True,False,False,14.5366,-65.068802,111.838303,0.1098,43.284,-23.142,512.905579,-133.104599,450.559753,142.401352,-0.019688,-179.909805,379,False,True,75,692,False,
307,/kuka/axis_move/feedback_json,std_msgs/msg/String,2026-08-27T21:32:33.239658-04:00,1787880753,239628757,1787880753239628757,127.586878,,,,5120,5119,1,0,0,5120,AxisTarget,1,False,True,False,False,14.5366,-65.068802,111.838303,0.1098,43.284,-23.142,512.905579,-133.104599,450.559753,142.401352,-0.019688,-179.909805,379,False,True,75,692,False,
308,/kuka/axis_move/feedback_json,std_msgs/msg/String,2026-08-27T21:32:33.369468-04:00,1787880753,369446165,1787880753369446165,129.817408,,,,5121,5120,1,0,0,5121,AxisTarget,1,False,True,False,False,14.5366,-65.068802,111.838303,0.1098,43.284,-23.142,512.905579,-133.104599,450.559753,142.401352,-0.019688,-179.909805,379,False,True,75,692,False,
309,/kuka/axis_move/feedback_json,std_msgs/msg/String,2026-08-27T21:32:33.596962-04:00,1787880753,596932734,1787880753596932734,227.486569,,,,5122,5121,1,0,0,5122,AxisTarget,1,False,True,False,False,14.5366,-65.068802,111.838303,0.1098,43.284,-23.142,512.905579,-133.104599,450.559753,142.401352,-0.019688,-179.909805,380,False,True,75,692,False,
310,/kuka/axis_move/feedback_json,std_msgs/msg/String,2026-08-27T21:32:33.724978-04:00,1787880753,724940700,1787880753724940700,128.007966,,,,5123,5122,1,0,0,5123,AxisTarget,1,False,True,False,False,14.5366,-65.068802,111.838303,0.1098,43.284,-23.142,512.905579,-133.104599,450.559753,142.401352,-0.019688,-179.909805,380,False,True,75,692,False,
311,/kuka/axis_move/feedback_json,std_msgs/msg/String,2026-08-27T21:32:34.251720-04:00,1787880754,251703310,1787880754251703310,526.76261,,,,5124,5123,1,0,0,5124,AxisTarget,1,True,True,True,True,14.5366,-65.068802,111.838303,0.1098,43.284016,-23.142,512.905579,-133.104599,450.559753,142.401352,-0.019688,-179.909805,381,False,True,76,696,True,
312,/kuka/axis_move/feedback_json,std_msgs/msg/String,2026-08-27T21:32:34.385260-04:00,1787880754,385251862,1787880754385251862,133.548552,,,,5125,5124,1,0,0,5125,AxisTarget,1,True,True,True,True,14.5366,-65.136681,111.79364,0.106151,43.417149,-23.142347,512.941467,-133.111755,451.169067,142.399338,-0.020733,-179.91098,381,False,True,76,697,True,
313,/kuka/axis_move/feedback_json,std_msgs/msg/String,2026-08-27T21:32:34.512792-04:00,1787880754,512726275,1787880754512726275,127.474413,,,,5126,5125,1,0,0,5126,AxisTarget,1,True,True,True,False,14.536626,-65.289368,111.699463,0.098803,43.665623,-23.142929,513.049561,-133.133011,453.073822,142.392944,-0.023768,-179.914932,381,False,True,76,697,True,
314,/kuka/axis_move/feedback_json,std_msgs/msg/String,2026-08-27T21:32:34.641309-04:00,1787880754,641303049,1787880754641303049,128.576774,,,,5127,5126,1,0,0,5127,AxisTarget,1,True,True,True,False,14.53671,-65.44239,111.605148,0.091485,43.921932,-23.143496,513.148315,-133.152542,454.942108,142.386734,-0.026748,-179.918823,381,False,True,76,698,True,
315,/kuka/axis_move/feedback_json,std_msgs/msg/String,2026-08-27T21:32:34.768100-04:00,1787880754,768095138,1787880754768095138,126.792089,,,,5128,5127,1,0,0,5128,AxisTarget,1,True,True,True,True,14.536793,-65.595406,111.510841,0.084168,44.162704,-23.14403,513.237366,-133.169724,456.754181,142.380753,-0.029651,-179.922638,381,False,True,76,698,True,
316,/kuka/axis_move/feedback_json,std_msgs/msg/String,2026-08-27T21:32:34.896863-04:00,1787880754,896831704,1787880754896831704,128.736566,,,,5129,5128,1,0,0,5129,AxisTarget,1,True,True,True,False,14.536875,-65.748421,111.416534,0.07685,44.411243,-23.144585,513.322388,-133.185532,458.626862,142.374619,-0.032667,-179.92662,381,False,True,76,698,True,
317,/kuka/axis_move/feedback_json,std_msgs/msg/String,2026-08-27T21:32:35.020587-04:00,1787880755,20564021,1787880755020564021,123.732317,,,,5130,5129,1,0,0,5130,AxisTarget,1,True,True,True,False,14.53694,-65.901443,111.322227,0.069529,44.659786,-23.145151,513.40271,-133.199722,460.560364,142.368347,-0.035797,-179.930771,381,False,True,76,698,True,
318,/kuka/axis_move/feedback_json,std_msgs/msg/String,2026-08-27T21:32:35.147176-04:00,1787880755,147144798,1787880755147144798,126.580777,,,,5131,5130,1,0,0,5131,AxisTarget,1,True,True,True,False,14.536991,-66.046722,111.232964,0.062621,44.893494,-23.145685,513.468628,-133.210678,462.302368,142.362747,-0.03863,-179.934555,381,False,True,76,698,True,
319,/kuka/axis_move/feedback_json,std_msgs/msg/String,2026-08-27T21:32:35.273001-04:00,1787880755,272987375,1787880755272987375,125.842577,,,,5132,5131,1,0,0,5132,AxisTarget,1,True,True,True,True,14.537039,-66.187691,111.145813,0.055832,45.124714,-23.146238,513.529358,-133.220123,464.073547,142.357101,-0.041524,-179.938416,381,False,True,76,699,True,
320,/kuka/axis_move/feedback_json,std_msgs/msg/String,2026-08-27T21:32:35.396994-04:00,1787880755,396971077,1787880755396971077,123.983702,,,,5133,5132,1,0,0,5133,AxisTarget,1,True,True,True,False,14.537091,-66.340714,111.051514,0.04851,45.373257,-23.146793,513.585266,-133.228073,465.895813,142.351334,-0.044516,-179.942444,381,False,True,76,699,True,
321,/kuka/axis_move/feedback_json,std_msgs/msg/String,2026-08-27T21:32:35.520690-04:00,1787880755,520648579,1787880755520648579,123.677502,,,,5134,5133,1,0,0,5134,AxisTarget,1,True,True,True,False,14.537143,-66.488953,110.960152,0.041418,45.614029,-23.147346,513.635986,-133.234421,467.7789,142.345428,-0.047623,-179.946625,381,False,True,76,699,True,
322,/kuka/axis_move/feedback_json,std_msgs/msg/String,2026-08-27T21:32:35.646498-04:00,1787880755,646493721,1787880755646493721,125.845142,,,,5135,5134,1,0,0,5135,AxisTarget,1,True,True,True,False,14.537197,-66.637192,110.868805,0.034328,45.854801,-23.147902,513.678345,-133.238754,469.605072,142.339752,-0.050653,-179.950714,381,False,True,76,699,True,
323,/kuka/axis_move/feedback_json,std_msgs/msg/String,2026-08-27T21:32:35.772152-04:00,1787880755,772146238,1787880755772146238,125.652517,,,,5136,5135,1,0,0,5136,AxisTarget,1,True,True,True,False,14.537252,-66.785431,110.777451,0.027241,46.095577,-23.148455,513.71405,-133.241333,471.433105,142.334106,-0.053701,-179.954849,381,False,True,76,699,True,
324,/kuka/axis_move/feedback_json,std_msgs/msg/String,2026-08-27T21:32:35.900878-04:00,1787880755,900855792,1787880755900855792,128.709554,,,,5137,5136,1,0,0,5137,AxisTarget,1,True,True,True,False,14.537313,-66.938454,110.683159,0.019927,46.351883,-23.149042,513.743835,-133.242126,473.322052,142.328339,-0.056869,-179.959137,381,False,True,76,699,True,
325,/kuka/axis_move/feedback_json,std_msgs/msg/String,2026-08-27T21:32:36.024945-04:00,1787880756,24914726,1787880756024914726,124.058934,,,,5138,5137,1,0,0,5138,AxisTarget,1,True,True,True,False,14.537374,-67.09008,110.589882,0.012706,46.589115,-23.149586,513.766418,-133.241043,475.203308,142.322632,-0.060039,-179.963455,381,False,True,76,699,True,
326,/kuka/axis_move/feedback_json,std_msgs/msg/String,2026-08-27T21:32:36.146775-04:00,1787880756,146746626,1787880756146746626,121.8319,,,,5139,5138,1,0,0,5139,AxisTarget,1,True,True,True,True,14.53743,-67.227264,110.505226,0.006129,46.813057,-23.150101,513.78064,-133.238449,476.894653,142.317551,-0.062902,-179.967361,381,False,True,76,700,True,
327,/kuka/axis_move/feedback_json,std_msgs/msg/String,2026-08-27T21:32:36.276718-04:00,1787880756,276692594,1787880756276692594,129.945968,,,,5140,5139,1,0,0,5140,AxisTarget,1,True,True,True,False,14.537491,-67.380165,110.410988,-0.001181,47.061543,-23.150671,513.789673,-133.233932,478.726257,142.312103,-0.066016,-179.971619,381,False,True,76,700,True,
328,/kuka/axis_move/feedback_json,std_msgs/msg/String,2026-08-27T21:32:36.402679-04:00,1787880756,402666218,1787880756402666218,125.973624,,,,5141,5140,1,0,0,5141,AxisTarget,1,True,True,True,False,14.537553,-67.533188,110.316696,-0.008493,47.310085,-23.151241,513.79187,-133.227127,480.681854,142.306335,-0.069354,-179.976212,381,False,True,76,700,True,
329,/kuka/axis_move/feedback_json,std_msgs/msg/String,2026-08-27T21:32:36.528507-04:00,1787880756,528485059,1787880756528485059,125.818841,,,,5142,5141,1,0,0,5142,AxisTarget,1,True,True,True,False,14.537613,-67.681435,110.225349,-0.015579,47.550858,-23.151793,513.787292,-133.219162,482.461395,142.301117,-0.072403,-179.980423,381,False,True,76,700,True,
330,/kuka/axis_move/feedback_json,std_msgs/msg/String,2026-08-27T21:32:36.657113-04:00,1787880756,657083772,1787880756657083772,128.598713,,,,5143,5142,1,0,0,5143,AxisTarget,1,True,True,True,False,14.537672,-67.829674,110.134003,-0.022895,47.7994,-23.152363,513.775452,-133.208801,484.361328,142.295624,-0.075671,-179.98494,381,False,True,76,700,True,
331,/kuka/axis_move/feedback_json,std_msgs/msg/String,2026-08-27T21:32:36.780225-04:00,1787880756,780201762,1787880756780201762,123.11799,,,,5144,5143,1,0,0,5144,AxisTarget,1,True,True,True,False,14.537732,-67.982697,110.039703,-0.029983,48.047939,-23.152933,513.756409,-133.196518,486.263092,142.290161,-0.078954,-179.989517,381,False,True,76,700,True,
332,/kuka/axis_move/feedback_json,std_msgs/msg/String,2026-08-27T21:32:36.910665-04:00,1787880756,910658308,1787880756910658308,130.456546,,,,5145,5144,1,0,0,5145,AxisTarget,1,True,True,True,False,14.537793,-68.135719,109.942459,-0.037531,48.296478,-23.153505,513.730164,-133.182297,488.166595,142.284744,-0.082252,-179.994125,381,False,True,76,700,True,
333,/kuka/axis_move/feedback_json,std_msgs/msg/String,2026-08-27T21:32:37.040987-04:00,1787880757,40981129,1787880757040981129,130.322821,,,,5146,5145,1,0,0,5146,AxisTarget,1,True,True,True,False,14.537852,-68.288742,109.851097,-0.044623,48.537254,-23.154057,513.696777,-133.166153,490.071838,142.279373,-0.085565,-179.998779,381,False,True,76,700,True,
334,/kuka/axis_move/feedback_json,std_msgs/msg/String,2026-08-27T21:32:37.166971-04:00,1787880757,166942008,1787880757166942008,125.960879,,,,5147,5146,1,0,0,5147,AxisTarget,1,True,True,True,False,14.537914,-68.446297,109.754089,-0.052146,48.792255,-23.154642,513.654785,-133.147476,492.037872,142.273895,-0.088997,179.996384,381,False,True,76,701,True,
335,/kuka/axis_move/feedback_json,std_msgs/msg/String,2026-08-27T21:32:37.296943-04:00,1787880757,296920547,1787880757296920547,129.978539,,,,5148,5147,1,0,0,5148,AxisTarget,1,True,True,True,True,14.537966,-68.579338,109.672287,-0.058486,49.007252,-23.155136,513.614258,-133.130493,493.662933,142.269409,-0.091844,179.992371,381,False,True,76,701,True,
336,/kuka/axis_move/feedback_json,std_msgs/msg/String,2026-08-27T21:32:37.421658-04:00,1787880757,421640022,1787880757421640022,124.719475,,,,5149,5148,1,0,0,5149,AxisTarget,1,True,True,True,False,14.538024,-68.729485,109.579475,-0.065711,49.253109,-23.155701,513.56012,-133.10881,495.568817,142.264191,-0.095196,179.98761,381,False,True,76,701,True,
337,/kuka/axis_move/feedback_json,std_msgs/msg/String,2026-08-27T21:32:37.546943-04:00,1787880757,546913487,1787880757546913487,125.273465,,,,5150,5149,1,0,0,5150,AxisTarget,1,True,True,True,False,14.538081,-68.877724,109.488121,-0.072804,49.493885,-23.156254,513.50061,-133.085892,497.420715,142.259186,-0.098465,179.982971,381,False,True,76,701,True,
338,/kuka/axis_move/feedback_json,std_msgs/msg/String,2026-08-27T21:32:37.672714-04:00,1787880757,672655020,1787880757672655020,125.741533,,,,5151,5150,1,0,0,5151,AxisTarget,1,True,True,True,False,14.538137,-69.025963,109.396759,-0.079897,49.734657,-23.156803,513.434265,-133.061157,499.274109,142.254211,-0.10175,179.978287,381,False,True,76,701,True,
339,/kuka/axis_move/feedback_json,std_msgs/msg/String,2026-08-27T21:32:37.800630-04:00,1787880757,800606895,1787880757800606895,127.951875,,,,5152,5151,1,0,0,5152,AxisTarget,1,True,True,True,False,14.538193,-69.178986,109.302452,-0.087217,49.983196,-23.157368,513.361145,-133.034561,501.128937,142.249298,-0.105048,179.973572,381,False,True,76,701,True,
340,/kuka/axis_move/feedback_json,std_msgs/msg/String,2026-08-27T21:32:37.931102-04:00,1787880757,931078599,1787880757931078599,130.471704,,,,5153,5152,1,0,0,5153,AxisTarget,1,True,True,True,False,14.538246,-69.332008,109.208145,-0.094537,50.231739,-23.157928,513.278442,-133.005173,503.045135,142.244278,-0.108467,179.968674,381,False,True,76,701,True,
341,/kuka/axis_move/feedback_json,std_msgs/msg/String,2026-08-27T21:32:38.060154-04:00,1787880758,60143013,1787880758060143013,129.064414,,,,5154,5153,1,0,0,5154,AxisTarget,1,True,True,True,False,14.538297,-69.485031,109.113838,-0.101856,50.480278,-23.158485,513.185486,-132.972794,505.022736,142.239166,-0.112008,179.963577,381,False,True,76,701,True,
342,/kuka/axis_move/feedback_json,std_msgs/msg/String,2026-08-27T21:32:38.190362-04:00,1787880758,190356665,1787880758190356665,130.213652,,,,5155,5154,1,0,0,5155,AxisTarget,1,True,True,True,True,14.538346,-69.638016,109.02002,-0.109099,50.72488,-23.159029,513.08667,-132.938965,506.966217,142.234207,-0.115501,179.958542,381,False,True,76,702,False,
343,/kuka/axis_move/feedback_json,std_msgs/msg/String,2026-08-27T21:32:38.322656-04:00,1787880758,322625104,1787880758322625104,132.268439,,,,5156,5155,1,0,0,5156,AxisTarget,1,True,True,True,False,14.538391,-69.78299,108.930199,-0.116107,50.964222,-23.159584,512.992188,-132.907104,508.700897,142.229813,-0.11863,179.95401,381,False,True,76,702,False,
344,/kuka/axis_move/feedback_json,std_msgs/msg/String,2026-08-27T21:32:38.447447-04:00,1787880758,447441491,1787880758447441491,124.816387,,,,5157,5156,1,0,0,5157,AxisTarget,1,True,True,True,False,14.538442,-69.936012,108.835892,-0.123425,51.212761,-23.160122,512.877014,-132.868759,510.682892,142.224854,-0.122218,179.948807,381,False,True,76,702,False,
345,/kuka/axis_move/feedback_json,std_msgs/msg/String,2026-08-27T21:32:38.573037-04:00,1787880758,573032287,1787880758573032287,125.590796,,,,5158,5157,1,0,0,5158,AxisTarget,1,True,True,True,False,14.538489,-70.084259,108.744537,-0.130513,51.453537,-23.160667,512.761597,-132.830841,512.546021,142.220245,-0.125608,179.943893,381,False,True,76,702,False,
346,/kuka/axis_move/feedback_json,std_msgs/msg/String,2026-08-27T21:32:38.700993-04:00,1787880758,700981796,1787880758700981796,127.949509,,,,5159,5158,1,0,0,5159,AxisTarget,1,True,True,True,False,14.538541,-70.237282,108.650246,-0.137827,51.702076,-23.161236,512.639221,-132.791077,514.410339,142.215683,-0.12902,179.93895,381,False,True,76,702,False,
347,/kuka/axis_move/feedback_json,std_msgs/msg/String,2026-08-27T21:32:38.829481-04:00,1787880758,829452715,1787880758829452715,128.470919,,,,5160,5159,1,0,0,5160,AxisTarget,1,True,True,True,False,14.538592,-70.390312,108.555969,-0.145138,51.950615,-23.161812,512.501343,-132.746719,516.39624,142.210861,-0.132674,179.93367,381,False,True,76,702,False,
348,/kuka/axis_move/feedback_json,std_msgs/msg/String,2026-08-27T21:32:38.949765-04:00,1787880758,949753979,1787880758949753979,120.301264,,,,5161,5160,1,0,0,5161,AxisTarget,1,True,True,True,False,14.538644,-70.538559,108.464638,-0.152221,52.191391,-23.162371,512.364624,-132.70314,518.263,142.20639,-0.136124,179.928665,381,False,True,76,702,False,
349,/kuka/axis_move/feedback_json,std_msgs/msg/String,2026-08-27T21:32:39.073231-04:00,1787880759,73209476,1787880759073209476,123.455497,,,,5162,5161,1,0,0,5162,AxisTarget,1,True,True,True,False,14.538694,-70.682014,108.376244,-0.159079,52.424397,-23.162914,512.225647,-132.659225,520.070618,142.202103,-0.139478,179.923798,381,False,True,76,702,False,
350,/kuka/axis_move/feedback_json,std_msgs/msg/String,2026-08-27T21:32:39.198102-04:00,1787880759,198096186,1787880759198096186,124.88671,,,,5163,5162,1,0,0,5163,AxisTarget,1,True,True,True,False,14.538755,-70.830238,108.281952,-0.166418,52.672932,-23.163506,512.075378,-132.612091,521.939453,142.197678,-0.142976,179.918716,381,False,True,76,702,False,
351,/kuka/axis_move/feedback_json,std_msgs/msg/String,2026-08-27T21:32:39.861390-04:00,1787880759,861372202,1787880759861372202,663.276016,,,,5164,5163,1,0,0,5164,AxisTarget,1,True,True,True,False,14.5388,-70.933899,108.2239,-0.1707,52.8102,-23.163799,511.951141,-132.573364,523.428589,142.194214,-0.145656,179.914612,382,False,True,77,706,True,
352,/kuka/axis_move/feedback_json,std_msgs/msg/String,2026-08-27T21:32:40.527662-04:00,1787880760,527648984,1787880760527648984,666.276782,,,,5165,5164,1,0,0,5165,AxisTarget,1,True,True,True,True,9.804529,-71.24971,108.132813,-0.166236,53.223629,-22.020411,520.271484,-90.528038,526.674927,147.919235,-0.139813,179.913101,383,False,True,77,711,True,
353,/kuka/axis_move/feedback_json,std_msgs/msg/String,2026-08-27T21:32:40.656879-04:00,1787880760,656868689,1787880760656868689,129.219705,,,,5166,5165,1,0,0,5166,AxisTarget,1,True,True,True,False,8.497843,-71.335983,108.108124,-0.165026,53.333405,-21.719423,521.943909,-78.946228,527.561707,149.483322,-0.138167,179.91272,383,False,True,77,711,True,
354,/kuka/axis_move/feedback_json,std_msgs/msg/String,2026-08-27T21:32:40.785390-04:00,1787880760,785378347,1787880760785378347,128.509658,,,,5167,5166,1,0,0,5167,AxisTarget,1,True,True,True,False,7.120198,-71.427124,108.082016,-0.163761,53.44978,-21.390289,523.501648,-66.00956,528.549316,151.225647,-0.136342,179.912308,383,False,True,77,712,True,
355,/kuka/axis_move/feedback_json,std_msgs/msg/String,2026-08-27T21:32:40.909434-04:00,1787880760,909418349,1787880760909418349,124.040002,,,,5168,5167,1,0,0,5168,AxisTarget,1,True,True,True,True,5.812819,-71.513313,108.057404,-0.162603,53.558994,-21.101164,524.630737,-54.308071,529.440552,152.798233,-0.134715,179.911942,383,False,True,77,712,True,
356,/kuka/axis_move/feedback_json,std_msgs/msg/String,2026-08-27T21:32:41.034503-04:00,1787880761,34485209,1787880761034485209,125.06686,,,,5169,5168,1,0,0,5169,AxisTarget,1,True,True,True,False,4.491398,-71.600883,108.032295,-0.161413,53.671268,-20.792915,525.515198,-42.293427,530.354065,154.410431,-0.133052,179.911575,383,False,True,77,712,True,
357,/kuka/axis_move/feedback_json,std_msgs/msg/String,2026-08-27T21:32:41.157565-04:00,1787880761,157553187,1787880761157553187,123.067978,,,,5170,5169,1,0,0,5170,AxisTarget,1,True,True,True,False,3.152198,-71.689392,108.006981,-0.16019,53.784107,-20.48358,526.148926,-29.59094,531.318604,156.113159,-0.131313,179.91124,383,False,True,77,713,True,
358,/kuka/axis_move/feedback_json,std_msgs/msg/String,2026-08-27T21:32:41.284915-04:00,1787880761,284904127,1787880761284904127,127.35094,,,,5171,5170,1,0,0,5171,AxisTarget,1,True,True,True,True,1.812998,-71.777901,107.981674,-0.158955,53.896946,-20.174255,526.468384,-17.279619,532.252747,157.762665,-0.129638,179.91095,383,False,True,77,713,True,
359,/kuka/axis_move/feedback_json,std_msgs/msg/String,2026-08-27T21:32:41.409589-04:00,1787880761,409571679,1787880761409571679,124.667552,,,,5172,5171,1,0,0,5172,AxisTarget,1,True,True,True,False,0.430598,-71.86927,107.955544,-0.157683,54.013424,-19.854942,526.498169,-4.969522,533.186829,159.412186,-0.127946,179.910675,383,False,True,77,713,True,
360,/kuka/axis_move/feedback_json,std_msgs/msg/String,2026-08-27T21:32:41.532567-04:00,1787880761,532562079,1787880761532562079,122.9904,,,,5173,5172,1,0,0,5173,AxisTarget,1,True,True,True,True,-0.881476,-71.955696,107.930916,-0.156493,54.12215,-19.558306,526.231262,7.553617,534.137817,161.09137,-0.12619,179.9104,383,False,True,77,714,True,
361,/kuka/axis_move/feedback_json,std_msgs/msg/String,2026-08-27T21:32:41.660890-04:00,1787880761,660859334,1787880761660859334,128.297255,,,,5174,5173,1,0,0,5174,AxisTarget,1,True,True,True,False,-2.105081,-72.036888,107.907585,-0.155358,54.227013,-19.269327,525.740417,18.712587,534.986084,162.589371,-0.124612,179.910156,383,False,True,77,714,True,
362,/kuka/axis_move/feedback_json,std_msgs/msg/String,2026-08-27T21:32:41.788428-04:00,1787880761,788404963,1787880761788404963,127.545629,,,,5175,5174,1,0,0,5175,AxisTarget,1,True,True,True,False,-3.486926,-72.128242,107.881439,-0.154098,54.343468,-18.949991,524.894348,31.364611,535.949219,164.290695,-0.122826,179.909912,383,False,True,77,715,True,
363,/kuka/axis_move/feedback_json,std_msgs/msg/String,2026-08-27T21:32:41.913140-04:00,1787880761,913098594,1787880761913098594,124.693631,,,,5176,5175,1,0,0,5176,AxisTarget,1,True,True,True,True,-4.869326,-72.219612,107.855286,-0.152845,54.459927,-18.63065,523.781738,43.602798,536.882751,165.940201,-0.121102,179.909683,383,False,True,77,715,True,
364,/kuka/axis_move/feedback_json,std_msgs/msg/String,2026-08-27T21:32:42.036875-04:00,1787880762,36852212,1787880762036852212,123.753618,,,,5177,5176,1,0,0,5177,AxisTarget,1,True,True,True,False,-6.208526,-72.308128,107.829964,-0.151635,54.57275,-18.321283,522.332336,56.198929,537.84613,167.642929,-0.119332,179.90947,383,False,True,77,715,True,
365,/kuka/axis_move/feedback_json,std_msgs/msg/String,2026-08-27T21:32:42.161508-04:00,1787880762,161492620,1787880762161492620,124.640408,,,,5178,5177,1,0,0,5178,AxisTarget,1,True,True,True,True,-7.537887,-72.395836,107.804939,-0.150453,54.68372,-18.018032,520.703247,67.923767,538.745789,169.233322,-0.117706,179.909286,383,False,True,77,716,True,
366,/kuka/axis_move/feedback_json,std_msgs/msg/String,2026-08-27T21:32:42.289547-04:00,1787880762,289542133,1787880762289542133,128.049513,,,,5179,5178,1,0,0,5179,AxisTarget,1,True,True,True,False,-8.750412,-72.476135,107.781937,-0.149365,54.786915,-17.734135,518.871826,79.244003,539.617493,170.774643,-0.11615,179.909134,383,False,True,77,716,True,
367,/kuka/axis_move/feedback_json,std_msgs/msg/String,2026-08-27T21:32:42.417228-04:00,1787880762,417189855,1787880762417189855,127.647722,,,,5180,5179,1,0,0,5180,AxisTarget,1,True,True,True,False,-10.129281,-72.567192,107.755936,-0.14811,54.90239,-17.418278,516.565186,91.672646,540.578613,172.474487,-0.114407,179.908981,383,False,True,77,717,True,
368,/kuka/axis_move/feedback_json,std_msgs/msg/String,2026-08-27T21:32:42.543259-04:00,1787880762,543245748,1787880762543245748,126.055893,,,,5181,5180,1,0,0,5181,AxisTarget,1,True,True,True,True,-11.270365,-72.642532,107.734398,-0.147045,54.998566,-17.153938,514.422485,101.9431,541.376465,173.885925,-0.11293,179.90889,383,False,True,77,717,True,
369,/kuka/axis_move/feedback_json,std_msgs/msg/String,2026-08-27T21:32:42.673351-04:00,1787880762,673340189,1787880762673340189,130.094441,,,,5182,5181,1,0,0,5182,AxisTarget,1,True,True,True,True,-12.633769,-72.732246,107.708885,-0.145817,55.110645,-16.849127,511.666901,113.847252,542.306152,175.530426,-0.111194,179.908783,383,False,True,77,718,False,
370,/kuka/axis_move/feedback_json,std_msgs/msg/String,2026-08-27T21:32:42.804945-04:00,1787880762,804934665,1787880762804934665,131.594476,,,,5183,5182,1,0,0,5183,AxisTarget,1,True,True,True,False,-13.739193,-72.805779,107.687706,-0.144801,55.206238,-16.576372,509.115631,123.875114,543.093872,176.923584,-0.109712,179.908691,383,False,True,77,718,False,
371,/kuka/axis_move/feedback_json,std_msgs/msg/String,2026-08-27T21:32:42.928854-04:00,1787880762,928830622,1787880762928830622,123.895957,,,,5184,5183,1,0,0,5184,AxisTarget,1,True,True,True,False,-14.775469,-72.873589,107.668465,-0.143882,55.290493,-16.355938,506.615356,132.975433,543.8125,178.194763,-0.108389,179.90863,383,False,True,77,718,False,
372,/kuka/axis_move/feedback_json,std_msgs/msg/String,2026-08-27T21:32:43.060443-04:00,1787880763,60437681,1787880763060437681,131.607059,,,,5185,5184,1,0,0,5185,AxisTarget,1,True,True,True,False,-15.61404,-72.928368,107.652992,-0.14313,55.35754,-16.174683,504.395325,140.558929,544.414124,179.259476,-0.107271,179.908585,383,False,True,77,718,False,
373,/kuka/axis_move/feedback_json,std_msgs/msg/String,2026-08-27T21:32:43.185442-04:00,1787880763,185428253,1787880763185428253,124.990572,,,,5186,5185,1,0,0,5186,AxisTarget,1,True,True,True,False,-16.083363,-72.95826,107.644775,-0.142804,55.391197,-16.087027,503.019409,145.055923,544.77179,179.893265,-0.106715,179.908569,383,False,True,77,718,False,
374,/kuka/axis_move/feedback_json,std_msgs/msg/String,2026-08-27T21:32:43.720803-04:00,1787880763,720781400,1787880763720781400,535.353147,,,,5187,5186,1,0,0,5187,AxisTarget,1,True,True,True,False,-16.099899,-72.959099,107.6446,-0.1428,55.391602,-16.0863,502.932861,145.333969,544.793884,179.932495,-0.1067,179.908569,384,False,True,78,722,True,
375,/kuka/axis_move/feedback_json,std_msgs/msg/String,2026-08-27T21:32:44.258877-04:00,1787880764,258859572,1787880764258859572,538.078172,,,,5188,5187,1,0,0,5188,AxisTarget,1,True,True,True,True,-16.109072,-72.492096,107.976036,-0.134057,54.564331,-16.084486,503.469208,145.562149,538.880432,179.946274,-0.096483,179.913742,385,False,True,78,724,True,
376,/kuka/axis_move/feedback_json,std_msgs/msg/String,2026-08-27T21:32:44.386853-04:00,1787880764,386839531,1787880764386839531,127.979959,,,,5189,5188,1,0,0,5189,AxisTarget,1,True,True,True,False,-16.111935,-72.347717,108.077507,-0.131428,54.315792,-16.083941,503.626801,145.631332,536.981201,179.950745,-0.093213,179.915375,385,False,True,78,724,True,
377,/kuka/axis_move/feedback_json,std_msgs/msg/String,2026-08-27T21:32:44.516830-04:00,1787880764,516798302,1787880764516798302,129.958771,,,,5190,5189,1,0,0,5190,AxisTarget,1,True,True,True,False,-16.114798,-72.203346,108.182159,-0.128721,54.059486,-16.08338,503.781677,145.7005,535.023987,179.955368,-0.089844,179.917038,385,False,True,78,724,True,
378,/kuka/axis_move/feedback_json,std_msgs/msg/String,2026-08-27T21:32:44.648702-04:00,1787880764,648696522,1787880764648696522,131.89822,,,,5191,5190,1,0,0,5191,AxisTarget,1,True,True,True,False,-16.117748,-72.054466,108.283646,-0.1261,53.810944,-16.082842,503.924469,145.765488,533.12738,179.959869,-0.08658,179.91864,385,False,True,78,724,True,
379,/kuka/axis_move/feedback_json,std_msgs/msg/String,2026-08-27T21:32:44.776703-04:00,1787880764,776692791,1787880764776692791,127.996269,,,,5192,5191,1,0,0,5192,AxisTarget,1,True,True,True,True,-16.120613,-71.91011,108.385132,-0.123398,53.554638,-16.082287,504.064148,145.830353,531.172852,179.964523,-0.083218,179.920273,385,False,True,78,725,True,
380,/kuka/axis_move/feedback_json,std_msgs/msg/String,2026-08-27T21:32:44.901451-04:00,1787880764,901439359,1787880764901439359,124.746568,,,,5193,5192,1,0,0,5193,AxisTarget,1,True,True,True,False,-16.123476,-71.765747,108.486618,-0.120859,53.313866,-16.081766,504.188354,145.889282,529.338135,179.968903,-0.080063,179.921799,385,False,True,78,725,True,
381,/kuka/axis_move/feedback_json,std_msgs/msg/String,2026-08-27T21:32:45.025646-04:00,1787880765,25633909,1787880765025633909,124.19455,,,,5194,5193,1,0,0,5194,AxisTarget,1,True,True,True,False,-16.126249,-71.625893,108.584938,-0.118319,53.07309,-16.081245,504.309509,145.948105,527.445496,179.973465,-0.07681,179.92337,385,False,True,78,725,True,
382,/kuka/axis_move/feedback_json,std_msgs/msg/String,2026-08-27T21:32:45.150288-04:00,1787880765,150278281,1787880765150278281,124.644372,,,,5195,5194,1,0,0,5195,AxisTarget,1,True,True,True,False,-16.128933,-71.490547,108.680084,-0.115774,52.832317,-16.080727,504.416534,146.001389,525.672363,179.977753,-0.073765,179.924835,385,False,True,78,725,True,
383,/kuka/axis_move/feedback_json,std_msgs/msg/String,2026-08-27T21:32:45.277664-04:00,1787880765,277653342,1787880765277653342,127.375061,,,,5196,5195,1,0,0,5196,AxisTarget,1,True,True,True,False,-16.131796,-71.346169,108.781563,-0.113142,52.583778,-16.080193,504.520538,146.05455,523.841492,179.982193,-0.070622,179.926346,385,False,True,78,725,True,
384,/kuka/axis_move/feedback_json,std_msgs/msg/String,2026-08-27T21:32:45.404829-04:00,1787880765,404799417,1787880765404799417,127.146075,,,,5197,5196,1,0,0,5197,AxisTarget,1,True,True,True,False,-16.134659,-71.201797,108.883049,-0.110588,52.335236,-16.079659,504.623871,146.109039,521.89386,179.986954,-0.067282,179.927933,385,False,True,78,725,True,
385,/kuka/axis_move/feedback_json,std_msgs/msg/String,2026-08-27T21:32:45.529114-04:00,1787880765,529084179,1787880765529084179,124.284762,,,,5198,5197,1,0,0,5198,AxisTarget,1,True,True,True,False,-16.137522,-71.057419,108.984535,-0.107948,52.094463,-16.079142,504.71402,146.158249,520.065735,179.99144,-0.064149,179.929428,385,False,True,78,725,True,
386,/kuka/axis_move/feedback_json,std_msgs/msg/String,2026-08-27T21:32:45.656768-04:00,1787880765,656745071,1787880765656745071,127.660892,,,,5199,5198,1,0,0,5199,AxisTarget,1,True,True,True,True,-16.140295,-70.917549,109.08284,-0.105391,51.853691,-16.078627,504.800018,146.207031,518.180176,179.996094,-0.060919,179.930954,385,False,True,78,726,True,
387,/kuka/axis_move/feedback_json,std_msgs/msg/String,2026-08-27T21:32:45.782045-04:00,1787880765,782034006,1787880765782034006,125.288935,,,,5200,5199,1,0,0,5200,AxisTarget,1,True,True,True,False,-16.143158,-70.77317,109.184326,-0.102751,51.605148,-16.078093,504.878906,146.253784,516.296082,-179.999222,-0.057692,179.932465,385,False,True,78,726,True,
388,/kuka/axis_move/feedback_json,std_msgs/msg/String,2026-08-27T21:32:45.909051-04:00,1787880765,909022674,1787880765909022674,126.988668,,,,5201,5200,1,0,0,5201,AxisTarget,1,True,True,True,False,-16.145933,-70.633301,109.282639,-0.100194,51.364376,-16.07756,504.948486,146.297119,514.472351,-179.99469,-0.054569,179.933929,385,False,True,78,726,True,
389,/kuka/axis_move/feedback_json,std_msgs/msg/String,2026-08-27T21:32:46.035452-04:00,1787880766,35439987,1787880766035439987,126.417313,,,,5202,5201,1,0,0,5202,AxisTarget,1,True,True,True,False,-16.148796,-70.488922,109.384117,-0.097555,51.115837,-16.077044,505.013336,146.339874,512.591431,-179.989975,-0.051348,179.935425,385,False,True,78,726,True,
390,/kuka/axis_move/feedback_json,std_msgs/msg/String,2026-08-27T21:32:46.161443-04:00,1787880766,161437705,1787880766161437705,125.997718,,,,5203,5202,1,0,0,5203,AxisTarget,1,True,True,True,False,-16.151571,-70.349052,109.48243,-0.094999,50.875061,-16.076527,505.069366,146.379349,510.770782,-179.985382,-0.048231,179.936844,385,False,True,78,726,True,
391,/kuka/axis_move/feedback_json,std_msgs/msg/String,2026-08-27T21:32:46.287483-04:00,1787880766,287477292,1787880766287477292,126.039587,,,,5204,5203,1,0,0,5204,AxisTarget,1,True,True,True,False,-16.154436,-70.204674,109.583916,-0.092363,50.626522,-16.075993,505.120239,146.418121,508.893097,-179.980637,-0.045017,179.938309,385,False,True,78,726,True,
392,/kuka/axis_move/feedback_json,std_msgs/msg/String,2026-08-27T21:32:46.413466-04:00,1787880766,413454511,1787880766413454511,125.977219,,,,5205,5204,1,0,0,5205,AxisTarget,1,True,True,True,False,-16.157303,-70.060295,109.685394,-0.089727,50.377983,-16.075459,505.16275,146.453735,507.075684,-179.976013,-0.041906,179.939728,385,False,True,78,726,True,
393,/kuka/axis_move/feedback_json,std_msgs/msg/String,2026-08-27T21:32:46.540866-04:00,1787880766,540853125,1787880766540853125,127.398614,,,,5206,5205,1,0,0,5206,AxisTarget,1,True,True,True,False,-16.16017,-69.915924,109.786873,-0.087092,50.12944,-16.074924,505.199677,146.488541,505.201324,-179.971237,-0.038698,179.941162,385,False,True,78,726,True,
394,/kuka/axis_move/feedback_json,std_msgs/msg/String,2026-08-27T21:32:46.664797-04:00,1787880766,664785476,1787880766664785476,123.932351,,,,5207,5206,1,0,0,5207,AxisTarget,1,True,True,True,False,-16.162947,-69.776054,109.885185,-0.08454,49.888668,-16.074406,505.228699,146.520309,503.387238,-179.966583,-0.035594,179.942535,385,False,True,78,726,True,
395,/kuka/axis_move/feedback_json,std_msgs/msg/String,2026-08-27T21:32:46.789451-04:00,1787880766,789439365,1787880766789439365,124.653889,,,,5208,5207,1,0,0,5208,AxisTarget,1,True,True,True,False,-16.165726,-69.636192,109.983498,-0.081988,49.647896,-16.073889,505.251129,146.550201,501.574799,-179.961899,-0.032493,179.943909,385,False,True,78,727,True,
396,/kuka/axis_move/feedback_json,std_msgs/msg/String,2026-08-27T21:32:46.918951-04:00,1787880766,918928142,1787880766918928142,129.488777,,,,5209,5208,1,0,0,5209,AxisTarget,1,True,True,True,True,-16.168503,-69.49633,110.084976,-0.079353,49.399353,-16.073355,505.267334,146.579071,499.705658,-179.957062,-0.029295,179.945313,385,False,True,78,727,True,
397,/kuka/axis_move/feedback_json,std_msgs/msg/String,2026-08-27T21:32:47.049277-04:00,1787880767,49271880,1787880767049271880,130.343738,,,,5210,5209,1,0,0,5210,AxisTarget,1,True,True,True,False,-16.17137,-69.347435,110.186455,-0.076719,49.150814,-16.072819,505.27655,146.605927,497.838348,-179.952209,-0.026102,179.946701,385,False,True,78,727,True,
398,/kuka/axis_move/feedback_json,std_msgs/msg/String,2026-08-27T21:32:47.173761-04:00,1787880767,173753983,1787880767173753983,124.482103,,,,5211,5210,1,0,0,5211,AxisTarget,1,True,True,True,False,-16.174326,-69.203064,110.287941,-0.074086,48.902275,-16.072285,505.278687,146.6315,495.914673,-179.947174,-0.022813,179.94812,385,False,True,78,727,True,
399,/kuka/axis_move/feedback_json,std_msgs/msg/String,2026-08-27T21:32:47.301524-04:00,1787880767,301512758,1787880767301512758,127.758775,,,,5212,5211,1,0,0,5212,AxisTarget,1,True,True,True,False,-16.177103,-69.063194,110.386253,-0.071535,48.653732,-16.071749,505.273895,146.65358,494.109375,-179.942429,-0.019729,179.949432,385,False,True,78,727,True,
400,/kuka/axis_move/feedback_json,std_msgs/msg/String,2026-08-27T21:32:47.425240-04:00,1787880767,425217476,1787880767425217476,123.704718,,,,5213,5212,1,0,0,5213,AxisTarget,1,True,True,True,False,-16.179968,-68.918816,110.48774,-0.068904,48.41296,-16.07123,505.262085,146.674377,492.247711,-179.937515,-0.016552,179.950775,385,False,True,78,727,True,
401,/kuka/axis_move/feedback_json,std_msgs/msg/String,2026-08-27T21:32:47.553077-04:00,1787880767,553061452,1787880767553061452,127.843976,,,,5214,5213,1,0,0,5214,AxisTarget,1,True,True,True,False,-16.182741,-68.778954,110.586052,-0.066356,48.172188,-16.070711,505.24469,146.692047,490.504181,-179.932907,-0.013579,179.952026,385,False,True,78,727,True,
402,/kuka/axis_move/feedback_json,std_msgs/msg/String,2026-08-27T21:32:47.679469-04:00,1787880767,679462624,1787880767679462624,126.401172,,,,5215,5214,1,0,0,5215,AxisTarget,1,True,True,True,False,-16.185602,-68.634575,110.687538,-0.063727,47.923645,-16.070173,505.218475,146.709427,488.588287,-179.927795,-0.010315,179.953384,385,False,True,78,727,True,
403,/kuka/axis_move/feedback_json,std_msgs/msg/String,2026-08-27T21:32:47.805029-04:00,1787880767,805010898,1787880767805010898,125.548274,,,,5216,5215,1,0,0,5216,AxisTarget,1,True,True,True,False,-16.188463,-68.490189,110.789024,-0.061099,47.675106,-16.069637,505.187103,146.723816,486.790436,-179.923004,-0.007255,179.954651,385,False,True,78,727,True,
404,/kuka/axis_move/feedback_json,std_msgs/msg/String,2026-08-27T21:32:47.930148-04:00,1787880767,930137202,1787880767930137202,125.126304,,,,5217,5216,1,0,0,5217,AxisTarget,1,True,True,True,False,-16.191233,-68.350327,110.887344,-0.058554,47.434334,-16.069117,505.149231,146.736313,484.994507,-179.918182,-0.0042,179.955902,385,False,True,78,727,True,
405,/kuka/axis_move/feedback_json,std_msgs/msg/String,2026-08-27T21:32:48.060635-04:00,1787880768,60624120,1787880768060624120,130.486918,,,,5218,5217,1,0,0,5218,AxisTarget,1,True,True,True,False,-16.194,-68.210487,110.985619,-0.056012,47.19389,-16.068596,505.103302,146.747253,483.14267,-179.913193,-0.001053,179.957184,385,False,True,78,728,True,
406,/kuka/axis_move/feedback_json,std_msgs/msg/String,2026-08-27T21:32:48.184975-04:00,1787880768,184951949,1787880768184951949,124.327829,,,,5219,5218,1,0,0,5219,AxisTarget,1,True,True,True,True,-16.196508,-68.084511,111.073708,-0.053744,46.980225,-16.068136,505.056763,146.755295,481.500092,-179.908752,0.001738,179.958313,385,False,True,78,728,True,
407,/kuka/axis_move/feedback_json,std_msgs/msg/String,2026-08-27T21:32:48.312705-04:00,1787880768,312681067,1787880768312681067,127.729118,,,,5220,5219,1,0,0,5220,AxisTarget,1,True,True,True,False,-16.199205,-67.947495,111.170509,-0.051228,46.740891,-16.067616,505.003876,146.761856,479.832947,-179.904221,0.00457,179.959442,385,False,True,78,728,True,
408,/kuka/axis_move/feedback_json,std_msgs/msg/String,2026-08-27T21:32:48.440978-04:00,1787880768,440955058,1787880768440955058,128.273991,,,,5221,5220,1,0,0,5221,AxisTarget,1,True,True,True,False,-16.202065,-67.803116,111.272003,-0.048601,46.492352,-16.067078,504.938721,146.767242,477.987,-179.89917,0.007706,179.960678,385,False,True,78,728,True,
409,/kuka/axis_move/feedback_json,std_msgs/msg/String,2026-08-27T21:32:48.565168-04:00,1787880768,565151037,1787880768565151037,124.195979,,,,5222,5221,1,0,0,5222,AxisTarget,1,True,True,True,False,-16.204924,-67.65873,111.373489,-0.045975,46.243813,-16.066538,504.864349,146.770737,476.085663,-179.893967,0.01094,179.961945,385,False,True,78,728,True,
410,/kuka/axis_move/feedback_json,std_msgs/msg/String,2026-08-27T21:32:48.694937-04:00,1787880768,694920784,1787880768694920784,129.769747,,,,5223,5222,1,0,0,5223,AxisTarget,1,True,True,True,False,-16.207695,-67.514359,111.474976,-0.043346,45.99527,-16.065998,504.787842,146.772125,474.301758,-179.889038,0.013978,179.96312,385,False,True,78,728,True,
411,/kuka/axis_move/feedback_json,std_msgs/msg/String,2026-08-27T21:32:48.824798-04:00,1787880768,824773960,1787880768824773960,129.853176,,,,5224,5223,1,0,0,5224,AxisTarget,1,True,True,True,False,-16.21056,-67.374496,111.57328,-0.040799,45.754498,-16.065475,504.702148,146.771652,472.462524,-179.883942,0.017117,179.96431,385,False,True,78,728,True,
412,/kuka/axis_move/feedback_json,std_msgs/msg/String,2026-08-27T21:32:48.953178-04:00,1787880768,953155285,1787880768953155285,128.381325,,,,5225,5224,1,0,0,5225,AxisTarget,1,True,True,True,False,-16.213427,-67.230125,111.674759,-0.038168,45.498192,-16.064917,504.60965,146.769226,470.62561,-179.878815,0.020259,179.965485,385,False,True,78,728,True,
413,/kuka/axis_move/feedback_json,std_msgs/msg/String,2026-08-27T21:32:49.078880-04:00,1787880769,78874761,1787880769078874761,125.719476,,,,5226,5225,1,0,0,5226,AxisTarget,1,True,True,True,False,-16.216385,-67.081238,111.779404,-0.035453,45.249649,-16.064373,504.507111,146.764679,468.733704,-179.87352,0.023501,179.96669,385,False,True,78,728,True,
414,/kuka/axis_move/feedback_json,std_msgs/msg/String,2026-08-27T21:32:49.203890-04:00,1787880769,203874182,1787880769203874182,124.999421,,,,5227,5226,1,0,0,5227,AxisTarget,1,True,True,True,True,-16.219164,-66.941383,111.877701,-0.032903,45.008877,-16.063847,504.404236,146.75853,466.958771,-179.868515,0.026546,179.967804,385,False,True,78,729,False,
415,/kuka/axis_move/feedback_json,std_msgs/msg/String,2026-08-27T21:32:49.332623-04:00,1787880769,332618474,1787880769332618474,128.744292,,,,5228,5227,1,0,0,5228,AxisTarget,1,True,True,True,False,-16.222034,-66.79702,111.979172,-0.030269,44.760338,-16.063303,504.294983,146.750534,465.186005,-179.863495,0.029587,179.968903,385,False,True,78,729,False,
416,/kuka/axis_move/feedback_json,std_msgs/msg/String,2026-08-27T21:32:49.461104-04:00,1787880769,461074910,1787880769461074910,128.456436,,,,5229,5228,1,0,0,5229,AxisTarget,1,True,True,True,False,-16.224815,-66.657158,112.077469,-0.027636,44.511795,-16.062759,504.175537,146.740356,463.358429,-179.858307,0.032723,179.970016,385,False,True,78,729,False,
417,/kuka/axis_move/feedback_json,std_msgs/msg/String,2026-08-27T21:32:49.590609-04:00,1787880769,590578752,1787880769590578752,129.503842,,,,5230,5229,1,0,0,5230,AxisTarget,1,True,True,True,False,-16.227776,-66.508278,112.182114,-0.025004,44.263256,-16.06222,504.045288,146.727814,461.476196,-179.852936,0.035947,179.971161,385,False,True,78,729,False,
418,/kuka/axis_move/feedback_json,std_msgs/msg/String,2026-08-27T21:32:49.717536-04:00,1787880769,717521497,1787880769717521497,126.942745,,,,5231,5230,1,0,0,5231,AxisTarget,1,True,True,True,False,-16.230648,-66.363907,112.2836,-0.022374,44.014717,-16.06168,503.912079,146.713654,459.653412,-179.847702,0.039059,179.97226,385,False,True,78,729,False,
419,/kuka/axis_move/feedback_json,std_msgs/msg/String,2026-08-27T21:32:49.844427-04:00,1787880769,844397586,1787880769844397586,126.876089,,,,5232,5231,1,0,0,5232,AxisTarget,1,True,True,True,False,-16.233521,-66.219536,112.385086,-0.019745,43.766174,-16.061144,503.772064,146.697556,457.833038,-179.842468,0.042157,179.973328,385,False,True,78,729,False,
420,/kuka/axis_move/feedback_json,std_msgs/msg/String,2026-08-27T21:32:49.970794-04:00,1787880769,970771153,1787880769970771153,126.373567,,,,5233,5232,1,0,0,5233,AxisTarget,1,True,True,True,False,-16.236368,-66.076813,112.485115,-0.017165,43.523064,-16.060623,503.626038,146.679581,456.023376,-179.83725,0.045229,179.97438,385,False,True,78,729,False,
421,/kuka/axis_move/feedback_json,std_msgs/msg/String,2026-08-27T21:32:50.099025-04:00,1787880770,98995448,1787880770098995448,128.224295,,,,5234,5233,1,0,0,5234,AxisTarget,1,True,True,True,False,-16.239002,-65.944046,112.578766,-0.014731,43.291912,-16.060125,503.49115,146.662064,454.422943,-179.832596,0.047944,179.975311,385,False,True,78,729,False,
422,/kuka/axis_move/feedback_json,std_msgs/msg/String,2026-08-27T21:32:50.225712-04:00,1787880770,225700402,1787880770225700402,126.704954,,,,5235,5234,1,0,0,5235,AxisTarget,1,True,True,True,False,-16.241785,-65.804176,112.677086,-0.012185,43.05114,-16.059608,503.331818,146.640366,452.60968,-179.827316,0.051019,179.976349,385,False,True,78,729,False,
423,/kuka/axis_move/feedback_json,std_msgs/msg/String,2026-08-27T21:32:50.353378-04:00,1787880770,353340719,1787880770353340719,127.640317,,,,5236,5235,1,0,0,5236,AxisTarget,1,True,True,True,False,-16.24456,-65.664307,112.775414,-0.009631,42.802601,-16.059069,503.171173,146.617416,450.85553,-179.822189,0.053989,179.977341,385,False,True,78,729,False,
424,/kuka/axis_move/feedback_json,std_msgs/msg/String,2026-08-27T21:32:50.476970-04:00,1787880770,476954231,1787880770476954231,123.613512,,,,5237,5236,1,0,0,5237,AxisTarget,1,True,True,True,False,-16.247435,-65.519096,112.877113,-0.006989,42.563126,-16.058546,502.996002,146.591263,449.01828,-179.816803,0.057093,179.978378,385,False,True,78,729,False,
425,/kuka/axis_move/feedback_json,std_msgs/msg/String,2026-08-27T21:32:50.604811-04:00,1787880770,604794607,1787880770604794607,127.840376,,,,5238,5237,1,0,0,5238,AxisTarget,1,True,True,True,False,-16.250088,-65.383797,112.972588,-0.004487,42.327526,-16.058027,502.835968,146.566513,447.401367,-179.812027,0.059822,179.979279,385,False,True,78,729,False,
426,/kuka/axis_move/feedback_json,std_msgs/msg/String,2026-08-27T21:32:50.728540-04:00,1787880770,728515983,1787880770728515983,123.721376,,,,5239,5238,1,0,0,5239,AxisTarget,1,True,True,True,False,-16.252304,-65.273071,113.047935,-0.002635,42.156086,-16.057703,502.679169,146.541382,445.867401,-179.807587,0.062446,179.980087,385,False,True,78,729,False,
427,/kuka/axis_move/feedback_json,std_msgs/msg/String,2026-08-27T21:32:50.856522-04:00,1787880770,856517225,1787880770856517225,128.001242,,,,5240,5239,1,0,0,5240,AxisTarget,1,False,True,False,False,-16.252399,-65.269302,113.049896,-0.0026,42.153702,-16.057699,502.666565,146.539322,445.746002,-179.807236,0.062658,179.980148,385,False,True,78,729,False,
428,/kuka/axis_move/feedback_json,std_msgs/msg/String,2026-08-27T21:32:50.981802-04:00,1787880770,981779843,1787880770981779843,125.262618,,,,5241,5240,1,0,0,5241,AxisTarget,1,False,True,False,False,-16.252399,-65.269302,113.049896,-0.0026,42.153702,-16.057699,502.666565,146.539322,445.746002,-179.807236,0.062658,179.980148,385,False,True,78,729,False,
429,/kuka/axis_move/feedback_json,std_msgs/msg/String,2026-08-27T21:32:51.107060-04:00,1787880771,107049914,1787880771107049914,125.270071,,,,5242,5241,1,0,0,5242,AxisTarget,1,False,True,False,False,-16.252399,-65.269302,113.049896,-0.0026,42.153702,-16.057699,502.666565,146.539322,445.746002,-179.807236,0.062658,179.980148,385,False,True,78,729,False,
430,/kuka/axis_move/feedback_json,std_msgs/msg/String,2026-08-27T21:32:51.228988-04:00,1787880771,228965014,1787880771228965014,121.9151,,,,5243,5242,1,0,0,5243,AxisTarget,1,False,True,False,False,-16.252399,-65.269302,113.049896,-0.0026,42.153702,-16.057699,502.666565,146.539322,445.746002,-179.807236,0.062658,179.980148,385,False,True,78,729,False,
431,/kuka/axis_move/feedback_json,std_msgs/msg/String,2026-08-27T21:32:51.455981-04:00,1787880771,455974927,1787880771455974927,227.009913,,,,5244,5243,1,0,0,5244,AxisTarget,1,False,True,False,False,-16.252399,-65.269302,113.049896,-0.0026,42.153702,-16.057699,502.666565,146.539322,445.746002,-179.807236,0.062658,179.980148,386,False,True,78,729,False,
432,/kuka/axis_move/feedback_json,std_msgs/msg/String,2026-08-27T21:32:51.585314-04:00,1787880771,585302984,1787880771585302984,129.328057,,,,5245,5244,1,0,0,5245,AxisTarget,1,False,True,False,False,-16.252399,-65.269302,113.049896,-0.0026,42.153702,-16.057699,502.666565,146.539322,445.746002,-179.807236,0.062658,179.980148,386,False,True,78,729,False,
433,/kuka/axis_move/feedback_json,std_msgs/msg/String,2026-08-27T21:32:51.712949-04:00,1787880771,712937729,1787880771712937729,127.634745,,,,5246,5245,1,0,0,5246,AxisTarget,1,False,True,False,False,-16.252399,-65.269302,113.049896,-0.0026,42.153702,-16.057699,502.666565,146.539322,445.746002,-179.807236,0.062658,179.980148,386,False,True,78,729,False,
434,/kuka/axis_move/feedback_json,std_msgs/msg/String,2026-08-27T21:32:51.838583-04:00,1787880771,838554798,1787880771838554798,125.617069,,,,5247,5246,1,0,0,5247,AxisTarget,1,False,True,False,False,-16.252399,-65.269302,113.049896,-0.0026,42.153702,-16.057699,502.666565,146.539322,445.746002,-179.807236,0.062658,179.980148,386,False,True,78,729,False,
435,/kuka/axis_move/feedback_json,std_msgs/msg/String,2026-08-27T21:32:52.073055-04:00,1787880772,73032503,1787880772073032503,234.477705,,,,5248,5247,1,0,0,5248,AxisTarget,1,False,True,False,False,-16.252399,-65.269302,113.049896,-0.0026,42.153702,-16.057699,502.666565,146.539322,445.746002,-179.807236,0.062658,179.980148,387,False,True,78,729,False,
436,/kuka/axis_move/feedback_json,std_msgs/msg/String,2026-08-27T21:32:52.198571-04:00,1787880772,198555392,1787880772198555392,125.522889,,,,5249,5248,1,0,0,5249,AxisTarget,1,False,True,False,False,-16.252399,-65.269302,113.049896,-0.0026,42.153702,-16.057699,502.666565,146.539322,445.746002,-179.807236,0.062658,179.980148,387,False,True,78,729,False,
437,/kuka/axis_move/feedback_json,std_msgs/msg/String,2026-08-27T21:32:52.329517-04:00,1787880772,329494933,1787880772329494933,130.939541,,,,5250,5249,1,0,0,5250,AxisTarget,1,False,True,False,False,-16.252399,-65.269302,113.049896,-0.0026,42.153702,-16.057699,502.666565,146.539322,445.746002,-179.807236,0.062658,179.980148,387,False,True,78,729,False,
438,/kuka/axis_move/feedback_json,std_msgs/msg/String,2026-08-27T21:32:52.455419-04:00,1787880772,455404095,1787880772455404095,125.909162,,,,5251,5250,1,0,0,5251,AxisTarget,1,False,True,False,False,-16.252399,-65.269302,113.049896,-0.0026,42.153702,-16.057699,502.666565,146.539322,445.746002,-179.807236,0.062658,179.980148,387,False,True,78,729,False,
439,/kuka/axis_move/feedback_json,std_msgs/msg/String,2026-08-27T21:32:52.681463-04:00,1787880772,681457804,1787880772681457804,226.053709,,,,5252,5251,1,0,0,5252,AxisTarget,1,False,True,False,False,-16.252399,-65.269302,113.049896,-0.0026,42.153702,-16.057699,502.666565,146.539322,445.746002,-179.807236,0.062658,179.980148,388,False,True,78,729,False,
440,/kuka/axis_move/feedback_json,std_msgs/msg/String,2026-08-27T21:32:53.231491-04:00,1787880773,231477432,1787880773231477432,550.019628,,,,5253,5252,1,0,0,5253,AxisTarget,1,True,True,True,False,-16.252399,-65.269302,113.049896,-0.0026,42.153702,-16.057699,502.666565,146.539322,445.746002,-179.807236,0.062658,179.980148,389,False,True,79,733,True,
441,/kuka/axis_move/feedback_json,std_msgs/msg/String,2026-08-27T21:32:53.361588-04:00,1787880773,361577180,1787880773361577180,130.099748,,,,5254,5253,1,0,0,5254,AxisTarget,1,True,True,True,True,-16.252411,-65.293503,113.031013,-0.002193,42.210377,-16.058094,502.683441,146.544144,445.911102,-179.807236,0.063269,179.980087,389,False,True,79,734,True,
442,/kuka/axis_move/feedback_json,std_msgs/msg/String,2026-08-27T21:32:53.487144-04:00,1787880773,487114766,1787880773487114766,125.537586,,,,5255,5254,1,0,0,5255,AxisTarget,1,True,True,True,False,-16.252489,-65.436455,112.931625,-0.000267,42.451595,-16.05962,502.857269,146.59375,447.64444,-179.807236,0.069691,179.979523,389,False,True,79,734,True,
443,/kuka/axis_move/feedback_json,std_msgs/msg/String,2026-08-27T21:32:53.613373-04:00,1787880773,613337060,1787880773613337060,126.222294,,,,5256,5255,1,0,0,5256,AxisTarget,1,True,True,True,False,-16.252525,-65.584,112.830193,0.0017,42.693302,-16.061138,503.029999,146.642593,449.430145,-179.807266,0.076345,179.978958,389,False,True,79,735,True,
444,/kuka/axis_move/feedback_json,std_msgs/msg/String,2026-08-27T21:32:53.736514-04:00,1787880773,736497789,1787880773736497789,123.160729,,,,5257,5256,1,0,0,5257,AxisTarget,1,True,True,True,True,-16.252554,-65.729866,112.729691,0.003655,42.93354,-16.062649,503.203186,146.691376,451.293976,-179.807327,0.083297,179.978378,389,False,True,79,735,True,
445,/kuka/axis_move/feedback_json,std_msgs/msg/String,2026-08-27T21:32:53.864935-04:00,1787880773,864912130,1787880773864912130,128.414341,,,,5258,5257,1,0,0,5258,AxisTarget,1,True,True,True,False,-16.252583,-65.876442,112.628807,0.005613,43.174313,-16.064161,503.365906,146.737106,453.121155,-179.807388,0.090101,179.977829,389,False,True,79,735,True,
446,/kuka/axis_move/feedback_json,std_msgs/msg/String,2026-08-27T21:32:53.989158-04:00,1787880773,989126807,1787880773989126807,124.214677,,,,5259,5258,1,0,0,5259,AxisTarget,1,True,True,True,False,-16.252613,-66.02774,112.524681,0.007623,43.422855,-16.065723,503.52179,146.780869,454.950714,-179.80748,0.096889,179.97728,389,False,True,79,735,True,
447,/kuka/axis_move/feedback_json,std_msgs/msg/String,2026-08-27T21:32:54.113355-04:00,1787880774,113316146,1787880774113316146,124.189339,,,,5260,5259,1,0,0,5260,AxisTarget,1,True,True,True,False,-16.252645,-66.174301,112.423828,0.00956,43.663628,-16.067236,503.675476,146.823959,456.841797,-179.807587,0.103873,179.97673,389,False,True,79,735,True,
448,/kuka/axis_move/feedback_json,std_msgs/msg/String,2026-08-27T21:32:54.237590-04:00,1787880774,237584724,1787880774237584724,124.268578,,,,5261,5260,1,0,0,5261,AxisTarget,1,True,True,True,False,-16.25268,-66.320862,112.322968,0.011493,43.9044,-16.068748,503.812958,146.862427,458.617004,-179.807693,0.110414,179.976227,389,False,True,79,736,True,
449,/kuka/axis_move/feedback_json,std_msgs/msg/String,2026-08-27T21:32:54.364730-04:00,1787880774,364719969,1787880774364719969,127.135245,,,,5262,5261,1,0,0,5262,AxisTarget,1,True,True,True,True,-16.252714,-66.467422,112.222115,0.013426,44.145176,-16.070261,503.952576,146.901382,460.513092,-179.807831,0.117393,179.975708,389,False,True,79,736,True,
450,/kuka/axis_move/feedback_json,std_msgs/msg/String,2026-08-27T21:32:54.496623-04:00,1787880774,496579772,1787880774496579772,131.859803,,,,5263,5262,1,0,0,5263,AxisTarget,1,True,True,True,False,-16.252748,-66.618706,112.118004,0.015423,44.401482,-16.071873,504.08493,146.938202,462.411774,-179.807968,0.124376,179.975189,389,False,True,79,736,True,
451,/kuka/axis_move/feedback_json,std_msgs/msg/String,2026-08-27T21:32:54.622641-04:00,1787880774,622618046,1787880774622618046,126.038274,,,,5264,5263,1,0,0,5264,AxisTarget,1,True,True,True,False,-16.252781,-66.774719,112.010643,0.017484,44.650021,-16.073439,504.209991,146.972855,464.313019,-179.808136,0.131366,179.974686,389,False,True,79,736,True,
452,/kuka/axis_move/feedback_json,std_msgs/msg/String,2026-08-27T21:32:54.753383-04:00,1787880774,753377834,1787880774753377834,130.759788,,,,5265,5264,1,0,0,5265,AxisTarget,1,True,True,True,False,-16.25281,-66.926003,111.906532,0.019486,44.898563,-16.075006,504.327759,147.005356,466.216827,-179.808304,0.138363,179.974182,389,False,True,79,736,True,
453,/kuka/axis_move/feedback_json,std_msgs/msg/String,2026-08-27T21:32:54.880742-04:00,1787880774,880730010,1787880774880730010,127.352176,,,,5266,5265,1,0,0,5266,AxisTarget,1,True,True,True,False,-16.252838,-67.077293,111.802414,0.021491,45.147102,-16.076578,504.441559,147.036575,468.18277,-179.808502,0.145586,179.973694,389,False,True,79,736,True,
454,/kuka/axis_move/feedback_json,std_msgs/msg/String,2026-08-27T21:32:55.007754-04:00,1787880775,7741880,1787880775007741880,127.01187,,,,5267,5266,1,0,0,5267,AxisTarget,1,True,True,True,False,-16.252863,-67.223701,111.701721,0.023431,45.394417,-16.078142,504.541351,147.063812,470.031677,-179.808701,0.152377,179.973251,389,False,True,79,736,True,
455,/kuka/axis_move/feedback_json,std_msgs/msg/String,2026-08-27T21:32:55.132904-04:00,1787880775,132898521,1787880775132898521,125.156641,,,,5268,5267,1,0,0,5268,AxisTarget,1,True,True,True,False,-16.252886,-67.361076,111.60733,0.025308,45.619293,-16.079567,504.629242,147.087646,471.779358,-179.808899,0.158792,179.972824,389,False,True,79,737,True,
456,/kuka/axis_move/feedback_json,std_msgs/msg/String,2026-08-27T21:32:55.259036-04:00,1787880775,259025161,1787880775259025161,126.12664,,,,5269,5268,1,0,0,5269,AxisTarget,1,True,True,True,True,-16.252909,-67.510269,111.504433,0.027237,45.858406,-16.081081,504.713806,147.110443,473.592468,-179.809128,0.165442,179.972412,389,False,True,79,737,True,
457,/kuka/axis_move/feedback_json,std_msgs/msg/String,2026-08-27T21:32:55.381253-04:00,1787880775,381223373,1787880775381223373,122.198212,,,,5270,5269,1,0,0,5270,AxisTarget,1,True,True,True,False,-16.252934,-67.65683,111.403572,0.029182,46.099178,-16.082607,504.795868,147.13237,475.508148,-179.809372,0.172464,179.97197,389,False,True,79,737,True,
458,/kuka/axis_move/feedback_json,std_msgs/msg/String,2026-08-27T21:32:55.509125-04:00,1787880775,509096696,1787880775509096696,127.873323,,,,5271,5270,1,0,0,5271,AxisTarget,1,True,True,True,False,-16.25296,-67.803391,111.302704,0.031127,46.339951,-16.084131,504.868286,147.151566,477.366211,-179.809616,0.179269,179.971558,389,False,True,79,737,True,
459,/kuka/axis_move/feedback_json,std_msgs/msg/String,2026-08-27T21:32:55.633059-04:00,1787880775,633035798,1787880775633035798,123.939102,,,,5272,5271,1,0,0,5272,AxisTarget,1,True,True,True,False,-16.252987,-67.949951,111.201843,0.033072,46.588493,-16.085703,504.933746,147.168732,479.22644,-179.809875,0.186078,179.971161,389,False,True,79,737,True,
460,/kuka/axis_move/feedback_json,std_msgs/msg/String,2026-08-27T21:32:55.757844-04:00,1787880775,757838758,1787880775757838758,124.80296,,,,5273,5272,1,0,0,5273,AxisTarget,1,True,True,True,False,-16.253019,-68.10125,111.097733,0.035079,46.829266,-16.087225,504.992188,147.183868,481.088806,-179.810135,0.19289,179.970779,389,False,True,79,737,True,
461,/kuka/axis_move/feedback_json,std_msgs/msg/String,2026-08-27T21:32:55.881280-04:00,1787880775,881250892,1787880775881250892,123.412134,,,,5274,5273,1,0,0,5274,AxisTarget,1,True,True,True,False,-16.253052,-68.247818,110.996872,0.037024,47.070038,-16.088747,505.04364,147.19696,482.953278,-179.810425,0.199706,179.970398,389,False,True,79,737,True,
462,/kuka/axis_move/feedback_json,std_msgs/msg/String,2026-08-27T21:32:56.009869-04:00,1787880776,9858237,1787880776009858237,128.607345,,,,5275,5274,1,0,0,5275,AxisTarget,1,True,True,True,False,-16.253086,-68.394386,110.896011,0.038969,47.310814,-16.090267,505.088104,147.208023,484.819855,-179.810699,0.206526,179.970032,389,False,True,79,737,True,
463,/kuka/axis_move/feedback_json,std_msgs/msg/String,2026-08-27T21:32:56.137102-04:00,1787880776,137090703,1787880776137090703,127.232466,,,,5276,5275,1,0,0,5276,AxisTarget,1,True,True,True,False,-16.253124,-68.545685,110.791901,0.040977,47.559353,-16.091837,505.127686,147.217545,486.809113,-179.81102,0.213789,179.969635,389,False,True,79,737,True,
464,/kuka/axis_move/feedback_json,std_msgs/msg/String,2026-08-27T21:32:56.264806-04:00,1787880776,264799352,1787880776264799352,127.708649,,,,5277,5276,1,0,0,5277,AxisTarget,1,True,True,True,False,-16.253162,-68.68853,110.694061,0.042854,47.790733,-16.09329,505.156555,147.224136,488.605835,-179.81131,0.220345,179.969315,389,False,True,79,737,True,
465,/kuka/axis_move/feedback_json,std_msgs/msg/String,2026-08-27T21:32:56.389470-04:00,1787880776,389462005,1787880776389462005,124.662653,,,,5278,5277,1,0,0,5278,AxisTarget,1,True,True,True,True,-16.253197,-68.826088,110.598991,0.044696,48.01973,-16.094744,505.178833,147.228806,490.393677,-179.811615,0.226865,179.968979,389,False,True,79,738,True,
466,/kuka/axis_move/feedback_json,std_msgs/msg/String,2026-08-27T21:32:56.517281-04:00,1787880776,517252339,1787880776517252339,127.790334,,,,5279,5278,1,0,0,5279,AxisTarget,1,True,True,True,False,-16.253235,-68.972458,110.49823,0.046639,48.260418,-16.096264,505.195221,147.231659,492.26178,-179.811951,0.233673,179.968658,389,False,True,79,738,True,
467,/kuka/axis_move/feedback_json,std_msgs/msg/String,2026-08-27T21:32:56.645787-04:00,1787880776,645749524,1787880776645749524,128.497185,,,,5280,5279,1,0,0,5280,AxisTarget,1,True,True,True,False,-16.253273,-69.123756,110.394119,0.048647,48.508957,-16.097832,505.204803,147.232452,494.198822,-179.812317,0.240729,179.968323,389,False,True,79,738,True,
468,/kuka/axis_move/feedback_json,std_msgs/msg/String,2026-08-27T21:32:56.769151-04:00,1787880776,769139193,1787880776769139193,123.389669,,,,5281,5280,1,0,0,5281,AxisTarget,1,True,True,True,False,-16.253311,-69.275055,110.290001,0.050653,48.757496,-16.0994,505.206879,147.231094,496.077271,-179.812668,0.247566,179.968018,389,False,True,79,738,True,
469,/kuka/axis_move/feedback_json,std_msgs/msg/String,2026-08-27T21:32:56.897637-04:00,1787880776,897608044,1787880776897608044,128.468851,,,,5282,5281,1,0,0,5282,AxisTarget,1,True,True,True,False,-16.253347,-69.421623,110.18914,0.052596,48.998272,-16.100918,505.20163,147.227509,498.01825,-179.813049,0.254628,179.967697,389,False,True,79,738,True,
470,/kuka/axis_move/feedback_json,std_msgs/msg/String,2026-08-27T21:32:57.025531-04:00,1787880777,25525749,1787880777025525749,127.917705,,,,5283,5282,1,0,0,5283,AxisTarget,1,True,True,True,False,-16.253384,-69.572922,110.08503,0.0546,49.246811,-16.102484,505.189301,147.221909,499.900452,-179.813446,0.261471,179.967407,389,False,True,79,738,True,
471,/kuka/axis_move/feedback_json,std_msgs/msg/String,2026-08-27T21:32:57.153250-04:00,1787880777,153220471,1787880777153220471,127.694722,,,,5284,5283,1,0,0,5284,AxisTarget,1,True,True,True,False,-16.25342,-69.724213,109.980911,0.056603,49.49535,-16.104048,505.169159,147.213928,501.845245,-179.813858,0.268539,179.967117,389,False,True,79,738,True,
472,/kuka/axis_move/feedback_json,std_msgs/msg/String,2026-08-27T21:32:57.280915-04:00,1787880777,280903260,1787880777280903260,127.682789,,,,5285,5284,1,0,0,5285,AxisTarget,1,True,True,True,False,-16.253454,-69.875511,109.876793,0.058604,49.743893,-16.105612,505.140442,147.203369,503.852814,-179.814301,0.27583,179.966812,389,False,True,79,738,True,
473,/kuka/axis_move/feedback_json,std_msgs/msg/String,2026-08-27T21:32:57.405179-04:00,1787880777,405150284,1787880777405150284,124.247024,,,,5286,5285,1,0,0,5286,AxisTarget,1,True,True,True,False,-16.253487,-70.026802,109.772675,0.060605,49.992432,-16.107172,505.106079,147.191284,505.740509,-179.814728,0.282682,179.966553,389,False,True,79,738,True,
474,/kuka/axis_move/feedback_json,std_msgs/msg/String,2026-08-27T21:32:57.530808-04:00,1787880777,530797303,1787880777530797303,125.647019,,,,5287,5286,1,0,0,5287,AxisTarget,1,True,True,True,False,-16.253517,-70.16864,109.675064,0.062542,50.233204,-16.108685,505.064575,147.177078,507.629944,-179.81517,0.289537,179.966293,389,False,True,79,739,True,
475,/kuka/axis_move/feedback_json,std_msgs/msg/String,2026-08-27T21:32:57.660836-04:00,1787880777,660825159,1787880777660825159,130.027856,,,,5288,5287,1,0,0,5288,AxisTarget,1,True,True,True,True,-16.253551,-70.324654,109.567688,0.06454,50.481747,-16.110247,505.014252,147.160217,509.582062,-179.815643,0.296616,179.966034,389,False,True,79,739,True,
476,/kuka/axis_move/feedback_json,std_msgs/msg/String,2026-08-27T21:32:57.784710-04:00,1787880777,784704897,1787880777784704897,123.879738,,,,5289,5288,1,0,0,5289,AxisTarget,1,True,True,True,False,-16.253582,-70.471222,109.46682,0.066477,50.722519,-16.111757,504.956268,147.141113,511.53595,-179.816132,0.303698,179.965775,389,False,True,79,739,True,
477,/kuka/axis_move/feedback_json,std_msgs/msg/String,2026-08-27T21:32:57.912948-04:00,1787880777,912935946,1787880777912935946,128.231049,,,,5290,5289,1,0,0,5290,AxisTarget,1,True,True,True,False,-16.253614,-70.622513,109.362701,0.068476,50.971062,-16.113319,504.892792,147.120468,513.43042,-179.81662,0.310561,179.965546,389,False,True,79,739,True,
478,/kuka/axis_move/feedback_json,std_msgs/msg/String,2026-08-27T21:32:58.039209-04:00,1787880778,39197088,1787880778039197088,126.261142,,,,5291,5290,1,0,0,5291,AxisTarget,1,True,True,True,False,-16.253645,-70.773804,109.258575,0.070476,51.219601,-16.114882,504.817291,147.096146,515.448853,-179.817154,0.317868,179.965317,389,False,True,79,739,True,
479,/kuka/axis_move/feedback_json,std_msgs/msg/String,2026-08-27T21:32:58.164865-04:00,1787880778,164842753,1787880778164842753,125.645665,,,,5292,5291,1,0,0,5292,AxisTarget,1,True,True,True,False,-16.253675,-70.920364,109.157715,0.072417,51.46814,-16.116446,504.738922,147.071121,517.346497,-179.817673,0.324733,179.965103,389,False,True,79,739,True,
480,/kuka/axis_move/feedback_json,std_msgs/msg/String,2026-08-27T21:32:58.297320-04:00,1787880778,297296227,1787880778297296227,132.453474,,,,5293,5292,1,0,0,5293,AxisTarget,1,True,True,True,False,-16.253706,-71.076378,109.050346,0.074485,51.716682,-16.118013,504.650452,147.043045,519.307007,-179.818222,0.331818,179.96489,389,False,True,79,739,True,
481,/kuka/axis_move/feedback_json,std_msgs/msg/String,2026-08-27T21:32:58.431364-04:00,1787880778,431332151,1787880778431332151,134.035924,,,,5294,5293,1,0,0,5294,AxisTarget,1,True,True,True,False,-16.253736,-71.232391,108.942978,0.076558,51.972988,-16.119633,504.551117,147.011703,521.330322,-179.818802,0.339124,179.964691,389,False,True,79,739,True,
482,/kuka/axis_move/feedback_json,std_msgs/msg/String,2026-08-27T21:32:58.554054-04:00,1787880778,554025728,1787880778554025728,122.693577,,,,5295,5294,1,0,0,5295,AxisTarget,1,True,True,True,False,-16.253767,-71.383682,108.838867,0.07857,52.221527,-16.121204,504.443573,146.977951,523.355347,-179.819397,0.346429,179.964508,389,False,True,79,739,True,
483,/kuka/axis_move/feedback_json,std_msgs/msg/String,2026-08-27T21:32:58.680691-04:00,1787880778,680685676,1787880778680685676,126.659948,,,,5296,5295,1,0,0,5296,AxisTarget,1,True,True,True,True,-16.253794,-71.530235,108.738014,0.08052,52.462303,-16.12273,504.338654,146.94516,525.197632,-179.819962,0.353071,179.964355,389,False,True,79,740,False,
484,/kuka/axis_move/feedback_json,std_msgs/msg/String,2026-08-27T21:32:58.806989-04:00,1787880778,806966997,1787880778806966997,126.281321,,,,5297,5296,1,0,0,5297,AxisTarget,1,True,True,True,False,-16.253822,-71.681519,108.633904,0.082534,52.710842,-16.124304,504.219269,146.90799,527.164185,-179.820572,0.360158,179.964188,389,False,True,79,740,False,
485,/kuka/axis_move/feedback_json,std_msgs/msg/String,2026-08-27T21:32:58.933076-04:00,1787880778,933046484,1787880778933046484,126.079487,,,,5298,5297,1,0,0,5298,AxisTarget,1,True,True,True,False,-16.253849,-71.828072,108.533051,0.084548,52.959381,-16.125879,504.096191,146.869797,529.070679,-179.821182,0.367025,179.96405,389,False,True,79,740,False,
486,/kuka/axis_move/feedback_json,std_msgs/msg/String,2026-08-27T21:32:59.061269-04:00,1787880779,61239750,1787880779061239750,128.193266,,,,5299,5298,1,0,0,5299,AxisTarget,1,True,True,True,False,-16.253878,-71.979362,108.42894,0.086498,53.200157,-16.127401,503.957184,146.826797,531.101624,-179.821838,0.37434,179.963898,389,False,True,79,740,False,
487,/kuka/axis_move/feedback_json,std_msgs/msg/String,2026-08-27T21:32:59.186952-04:00,1787880779,186929568,1787880779186929568,125.689818,,,,5300,5299,1,0,0,5300,AxisTarget,1,True,True,True,False,-16.253902,-72.125923,108.328087,0.088444,53.440929,-16.12892,503.819031,146.78418,533.010864,-179.822479,0.381218,179.96376,389,False,True,79,740,False,
488,/kuka/axis_move/feedback_json,std_msgs/msg/String,2026-08-27T21:32:59.314647-04:00,1787880779,314621491,1787880779314621491,127.691923,,,,5301,5300,1,0,0,5301,AxisTarget,1,True,True,True,False,-16.253925,-72.281944,108.220718,0.090512,53.697235,-16.130531,503.668793,146.737915,534.983093,-179.823151,0.388326,179.963623,389,False,True,79,740,False,
489,/kuka/axis_move/feedback_json,std_msgs/msg/String,2026-08-27T21:32:59.441788-04:00,1787880779,441771678,1787880779441771678,127.150187,,,,5302,5301,1,0,0,5302,AxisTarget,1,True,True,True,False,-16.253946,-72.427063,108.121155,0.09242,53.933216,-16.13205,503.511322,146.689529,536.949707,-179.823837,0.395414,179.963501,389,False,True,79,740,False,
490,/kuka/axis_move/feedback_json,std_msgs/msg/String,2026-08-27T21:32:59.564583-04:00,1787880779,564557810,1787880779564557810,122.786132,,,,5303,5302,1,0,0,5303,AxisTarget,1,True,True,True,False,-16.253965,-72.566284,108.025055,0.094275,54.164326,-16.133463,503.365326,146.644745,538.693176,-179.824448,0.401698,179.963394,389,False,True,79,740,False,
491,/kuka/axis_move/feedback_json,std_msgs/msg/String,2026-08-27T21:32:59.696612-04:00,1787880779,696596837,1787880779696596837,132.039027,,,,5304,5303,1,0,0,5304,AxisTarget,1,True,True,True,False,-16.253986,-72.712852,107.924202,0.096215,54.412868,-16.135023,503.19809,146.593567,540.607422,-179.82515,0.408594,179.963272,389,False,True,79,740,False,
492,/kuka/axis_move/feedback_json,std_msgs/msg/String,2026-08-27T21:32:59.822474-04:00,1787880779,822451097,1787880779822451097,125.85426,,,,5305,5304,1,0,0,5305,AxisTarget,1,True,True,True,False,-16.254017,-72.868874,107.816841,0.098282,54.661407,-16.136581,503.011993,146.536774,542.646301,-179.825897,0.415929,179.963165,389,False,True,79,740,False,
493,/kuka/axis_move/feedback_json,std_msgs/msg/String,2026-08-27T21:32:59.949853-04:00,1787880779,949822283,1787880779949822283,127.371186,,,,5306,5305,1,0,0,5306,AxisTarget,1,True,True,True,False,-16.254055,-73.020157,107.71273,0.10029,54.909946,-16.13814,502.823547,146.479446,544.624512,-179.826614,0.423032,179.963074,389,False,True,79,740,False,
494,/kuka/axis_move/feedback_json,std_msgs/msg/String,2026-08-27T21:33:00.076624-04:00,1787880780,76612327,1787880780076612327,126.790044,,,,5307,5306,1,0,0,5307,AxisTarget,1,True,True,True,False,-16.254095,-73.166618,107.612007,0.102228,55.149796,-16.139648,502.633484,146.421753,546.541931,-179.827332,0.429914,179.962997,389,False,True,79,740,False,
495,/kuka/axis_move/feedback_json,std_msgs/msg/String,2026-08-27T21:33:00.720496-04:00,1787880780,720491547,1787880780720491547,643.87922,,,,5308,5307,1,0,0,5308,AxisTarget,1,True,True,True,False,-16.254101,-73.235397,107.567802,0.103,55.2402,-16.140198,502.516785,146.386246,547.688965,-179.827835,0.434152,179.962906,390,False,True,80,744,True,
496,/kuka/axis_move/feedback_json,std_msgs/msg/String,2026-08-27T21:33:01.356018-04:00,1787880781,355987499,1787880781355987499,635.495952,,,,5309,5308,1,0,0,5309,AxisTarget,1,True,True,True,True,-11.822679,-70.92067,104.787979,0.070764,55.738033,-11.51208,529.955994,112.097725,544.966614,-179.863297,0.388002,179.980103,391,False,True,80,748,True,
497,/kuka/axis_move/feedback_json,std_msgs/msg/String,2026-08-27T21:33:01.485421-04:00,1787880781,485392229,1787880781485392229,129.40473,,,,5310,5309,1,0,0,5310,AxisTarget,1,True,True,True,False,-10.576207,-70.279892,104.030487,0.061864,55.873596,-10.26947,537.774902,101.021675,544.013916,-179.873993,0.373962,179.983887,391,False,True,80,749,True,
498,/kuka/axis_move/feedback_json,std_msgs/msg/String,2026-08-27T21:33:01.608837-04:00,1787880781,608830464,1787880781608830464,123.438235,,,,5311,5310,1,0,0,5311,AxisTarget,1,True,True,True,False,-9.228914,-69.578888,103.192055,0.052446,56.018505,-8.929045,545.486816,89.413345,542.981812,-179.884872,0.359646,179.987076,391,False,True,80,749,True,
499,/kuka/axis_move/feedback_json,std_msgs/msg/String,2026-08-27T21:33:01.732573-04:00,1787880781,732550293,1787880781732550293,123.719829,,,,5312,5311,1,0,0,5312,AxisTarget,1,True,True,True,True,-7.926795,-68.908073,102.397575,0.043354,56.156879,-7.660759,552.814575,77.675133,541.906006,-179.895554,0.345626,179.989517,391,False,True,80,750,True,
500,/kuka/axis_move/feedback_json,std_msgs/msg/String,2026-08-27T21:33:01.857955-04:00,1787880781,857943496,1787880781857943496,125.393203,,,,5313,5312,1,0,0,5313,AxisTarget,1,True,True,True,False,-6.672313,-68.256393,101.618973,0.034359,56.294987,-6.383069,559.51001,66.2668,540.831177,-179.905685,0.332409,179.991211,391,False,True,80,750,True,
501,/kuka/axis_move/feedback_json,std_msgs/msg/String,2026-08-27T21:33:01.985077-04:00,1787880781,985064645,1787880781985064645,127.121149,,,,5314,5313,1,0,0,5314,AxisTarget,1,True,True,True,False,-5.333282,-67.563797,100.795258,0.02489,56.439686,-5.05102,566.422729,53.706886,539.616211,-179.916519,0.318296,179.992371,391,False,True,80,751,True,
502,/kuka/axis_move/feedback_json,std_msgs/msg/String,2026-08-27T21:33:02.109088-04:00,1787880782,109076238,1787880782109076238,124.011593,,,,5315,5314,1,0,0,5315,AxisTarget,1,True,True,True,True,-4.056367,-66.905304,100.014122,0.015932,56.576389,-3.793906,572.769409,41.370384,538.392212,-179.926895,0.304866,179.992844,391,False,True,80,751,True,
503,/kuka/axis_move/feedback_json,std_msgs/msg/String,2026-08-27T21:33:02.232970-04:00,1787880782,232947544,1787880782232947544,123.871306,,,,5316,5315,1,0,0,5316,AxisTarget,1,True,True,True,False,-2.740529,-66.222496,99.199692,0.00655,56.720154,-2.467569,578.91095,28.576775,537.092407,-179.937393,0.29138,179.992691,391,False,True,80,751,True,
504,/kuka/axis_move/feedback_json,std_msgs/msg/String,2026-08-27T21:33:02.358086-04:00,1787880782,358074029,1787880782358074029,125.126485,,,,5317,5316,1,0,0,5317,AxisTarget,1,True,True,True,False,-1.405776,-65.532806,98.380371,-0.002841,56.863636,-1.148865,584.68512,15.643793,535.748413,-179.947754,0.278211,179.991913,391,False,True,80,752,True,
505,/kuka/axis_move/feedback_json,std_msgs/msg/String,2026-08-27T21:33:02.484955-04:00,1787880782,484932149,1787880782484932149,126.85812,,,,5318,5317,1,0,0,5318,AxisTarget,1,True,True,True,True,-0.27784,-64.952225,97.692657,-0.010705,56.983734,-0.044727,589.54364,3.956753,534.508911,-179.95694,0.266696,179.990723,391,False,True,80,752,True,
506,/kuka/axis_move/feedback_json,std_msgs/msg/String,2026-08-27T21:33:02.613535-04:00,1787880782,613510120,1787880782613510120,128.577971,,,,5319,5318,1,0,0,5319,AxisTarget,1,True,True,True,False,1.04589,-64.263878,96.869888,-0.020191,57.129543,1.346009,594.895386,-9.941326,533.004822,-179.967636,0.253429,179.988708,391,False,True,80,752,True,
507,/kuka/axis_move/feedback_json,std_msgs/msg/String,2026-08-27T21:33:02.737602-04:00,1787880782,737596673,1787880782737596673,124.086553,,,,5320,5319,1,0,0,5320,AxisTarget,1,True,True,True,True,2.35249,-63.592892,96.078003,-0.029214,57.266373,2.551468,599.688965,-23.504023,531.506165,-179.97789,0.240864,179.986176,391,False,True,80,753,True,
508,/kuka/axis_move/feedback_json,std_msgs/msg/String,2026-08-27T21:33:02.865011-04:00,1787880782,864980579,1787880782864980579,127.383906,,,,5321,5320,1,0,0,5321,AxisTarget,1,True,True,True,False,3.389231,-63.053188,95.431412,-0.036706,57.381966,3.625979,603.38739,-34.857857,530.22876,-179.986313,0.230656,179.983643,391,False,True,80,753,True,
509,/kuka/axis_move/feedback_json,std_msgs/msg/String,2026-08-27T21:33:02.988935-04:00,1787880782,988925605,1787880782988925605,123.945026,,,,5322,5321,1,0,0,5322,AxisTarget,1,True,True,True,False,4.686975,-62.36385,94.613998,-0.046051,57.52438,4.930534,607.58728,-48.933365,528.617493,-179.996582,0.218475,179.980011,391,False,True,80,754,True,
510,/kuka/axis_move/feedback_json,std_msgs/msg/String,2026-08-27T21:33:03.113820-04:00,1787880783,113809040,1787880783113809040,124.883435,,,,5323,5322,1,0,0,5323,AxisTarget,1,True,True,True,True,5.663462,-61.881725,94.043785,-0.052559,57.62381,5.844907,610.558105,-59.845406,527.347717,179.99559,0.209405,179.976852,391,False,True,80,754,True,
511,/kuka/axis_move/feedback_json,std_msgs/msg/String,2026-08-27T21:33:03.237617-04:00,1787880783,237588671,1787880783237588671,123.779631,,,,5324,5323,1,0,0,5324,AxisTarget,1,True,True,True,False,6.811366,-61.285316,93.331978,-0.060745,57.749329,7.001159,613.584839,-72.01355,525.910461,179.986984,0.199594,179.972992,391,False,True,80,755,False,
512,/kuka/axis_move/feedback_json,std_msgs/msg/String,2026-08-27T21:33:03.361272-04:00,1787880783,361243325,1787880783361243325,123.654654,,,,5325,5324,1,0,0,5325,AxisTarget,1,True,True,True,True,7.672719,-60.845078,92.813988,-0.066642,57.838776,7.819012,615.925903,-82.357475,524.671021,179.979752,0.191465,179.969421,391,False,True,80,755,False,
513,/kuka/axis_move/feedback_json,std_msgs/msg/String,2026-08-27T21:33:03.489553-04:00,1787880783,489522096,1787880783489522096,128.278771,,,,5326,5325,1,0,0,5326,AxisTarget,1,True,True,True,False,8.629644,-60.348469,92.222092,-0.073467,57.942841,8.775837,618.131165,-93.07502,523.369995,179.972351,0.183298,179.965454,391,False,True,80,755,False,
514,/kuka/axis_move/feedback_json,std_msgs/msg/String,2026-08-27T21:33:03.613541-04:00,1787880783,613518419,1787880783613518419,123.996323,,,,5327,5326,1,0,0,5327,AxisTarget,1,True,True,True,False,9.35582,-59.974598,91.7789,-0.078579,58.020462,9.49119,619.704102,-101.468086,522.339111,179.966614,0.177117,179.962158,391,False,True,80,755,False,
515,/kuka/axis_move/feedback_json,std_msgs/msg/String,2026-08-27T21:33:03.741529-04:00,1787880783,741491641,1787880783741491641,127.973222,,,,5328,5327,1,0,0,5328,AxisTarget,1,True,True,True,False,10.038011,-59.626747,91.371422,-0.083152,58.089806,10.118836,621.083252,-109.493263,521.343811,179.961151,0.171312,179.958908,391,False,True,80,755,False,
516,/kuka/axis_move/feedback_json,std_msgs/msg/String,2026-08-27T21:33:03.864935-04:00,1787880783,864904797,1787880783864904797,123.413156,,,,5329,5328,1,0,0,5329,AxisTarget,1,True,True,True,False,10.477416,-59.403393,91.110542,-0.086059,58.133804,10.515105,621.917358,-114.725075,520.690186,179.957626,0.167629,179.956741,391,False,True,80,755,False,
517,/kuka/axis_move/feedback_json,std_msgs/msg/String,2026-08-27T21:33:03.994789-04:00,1787880783,994761470,1787880783994761470,129.856673,,,,5330,5329,1,0,0,5330,AxisTarget,1,True,True,True,False,10.560898,-59.364201,91.068398,-0.0865,58.139702,10.5634,622.09436,-115.878098,520.545959,179.956879,0.166918,179.956268,391,False,True,80,755,False,
518,/kuka/axis_move/feedback_json,std_msgs/msg/String,2026-08-27T21:33:04.485026-04:00,1787880784,485014403,1787880784485014403,490.252933,,,,5331,5330,1,0,0,5331,AxisTarget,1,True,True,True,False,10.5609,-59.364201,91.068398,-0.0865,58.139702,10.5634,622.09436,-115.878098,520.545959,179.956879,0.166918,179.956268,392,False,True,81,759,True,
519,/kuka/axis_move/feedback_json,std_msgs/msg/String,2026-08-27T21:33:04.973366-04:00,1787880784,973360581,1787880784973360581,488.346178,,,,5332,5331,1,0,0,5332,AxisTarget,1,True,True,True,True,10.570443,-58.941536,91.397911,-0.095319,57.361458,10.567457,622.420593,-116.033783,514.202942,179.945984,0.173856,179.951035,393,False,True,81,761,True,
520,/kuka/axis_move/feedback_json,std_msgs/msg/String,2026-08-27T21:33:05.101086-04:00,1787880785,101052728,1787880785101052728,127.692147,,,,5333,5332,1,0,0,5333,AxisTarget,1,True,True,True,False,10.573598,-58.802414,91.505249,-0.098155,57.112915,10.568727,622.516785,-116.084122,512.028137,179.942215,0.176296,179.949295,393,False,True,81,761,True,
521,/kuka/axis_move/feedback_json,std_msgs/msg/String,2026-08-27T21:33:05.225546-04:00,1787880785,225534779,1787880785225534779,124.482051,,,,5334,5333,1,0,0,5334,AxisTarget,1,True,True,True,False,10.57676,-58.663284,91.612587,-0.100994,56.864376,10.569986,622.607483,-116.134567,509.786774,179.938293,0.178805,179.94751,393,False,True,81,761,True,
522,/kuka/axis_move/feedback_json,std_msgs/msg/String,2026-08-27T21:33:05.353223-04:00,1787880785,353193031,1787880785353193031,127.658252,,,,5335,5334,1,0,0,5335,AxisTarget,1,True,True,True,False,10.579832,-58.528526,91.716515,-0.103747,56.623947,10.571197,622.682373,-116.179146,507.750397,179.934692,0.181078,179.945892,393,False,True,81,761,True,
523,/kuka/axis_move/feedback_json,std_msgs/msg/String,2026-08-27T21:33:05.481494-04:00,1787880785,481464888,1787880785481464888,128.271857,,,,5336,5335,1,0,0,5336,AxisTarget,1,True,True,True,False,10.582808,-58.398262,91.816948,-0.106409,56.391457,10.572366,622.752441,-116.223961,505.643402,179.930939,0.183427,179.944229,393,False,True,81,762,True,
524,/kuka/axis_move/feedback_json,std_msgs/msg/String,2026-08-27T21:33:05.605273-04:00,1787880785,605242722,1787880785605242722,123.777834,,,,5337,5336,1,0,0,5337,AxisTarget,1,True,True,True,True,10.585871,-58.263897,91.920685,-0.109161,56.150963,10.573576,622.814331,-116.267021,503.555695,179.927185,0.185753,179.942596,393,False,True,81,762,True,
525,/kuka/axis_move/feedback_json,std_msgs/msg/String,2026-08-27T21:33:05.733652-04:00,1787880785,733642050,1787880785733642050,128.399328,,,,5338,5337,1,0,0,5338,AxisTarget,1,True,True,True,False,10.589046,-58.124756,92.031372,-0.112095,55.894657,10.574866,622.870728,-116.310303,501.387726,179.923279,0.188167,179.940903,393,False,True,81,762,True,
526,/kuka/axis_move/feedback_json,std_msgs/msg/String,2026-08-27T21:33:05.857514-04:00,1787880785,857489958,1787880785857489958,123.847908,,,,5339,5338,1,0,0,5339,AxisTarget,1,True,True,True,False,10.592222,-57.985615,92.135353,-0.114852,55.653885,10.576084,622.918945,-116.352112,499.221222,179.919357,0.190574,179.93924,393,False,True,81,762,True,
527,/kuka/axis_move/feedback_json,std_msgs/msg/String,2026-08-27T21:33:05.982843-04:00,1787880785,982803676,1787880785982803676,125.313718,,,,5340,5339,1,0,0,5340,AxisTarget,1,True,True,True,False,10.5953,-57.850819,92.239342,-0.117608,55.413109,10.577307,622.958008,-116.391205,497.123871,179.915543,0.192899,179.937637,393,False,True,81,762,True,
528,/kuka/axis_move/feedback_json,std_msgs/msg/String,2026-08-27T21:33:06.109223-04:00,1787880786,109200286,1787880786109200286,126.39661,,,,5341,5340,1,0,0,5341,AxisTarget,1,True,True,True,False,10.598379,-57.716022,92.34333,-0.120363,55.172337,10.578536,622.988525,-116.427719,495.095551,179.911835,0.195143,179.936096,393,False,True,81,762,True,
529,/kuka/axis_move/feedback_json,std_msgs/msg/String,2026-08-27T21:33:06.238884-04:00,1787880786,238860774,1787880786238860774,129.660488,,,,5342,5341,1,0,0,5342,AxisTarget,1,True,True,True,False,10.601557,-57.576912,92.450623,-0.123205,54.924156,10.579805,623.013916,-116.466385,492.866028,179.907745,0.197604,179.934418,393,False,True,81,762,True,
530,/kuka/axis_move/feedback_json,std_msgs/msg/String,2026-08-27T21:33:06.365391-04:00,1787880786,365360799,1787880786365360799,126.500025,,,,5343,5342,1,0,0,5343,AxisTarget,1,True,True,True,False,10.60446,-57.450172,92.548164,-0.125784,54.699116,10.580957,623.028992,-116.498512,490.941711,179.904205,0.199726,179.932983,393,False,True,81,763,True,
531,/kuka/axis_move/feedback_json,std_msgs/msg/String,2026-08-27T21:33:06.493419-04:00,1787880786,493390214,1787880786493390214,128.029415,,,,5344,5343,1,0,0,5344,AxisTarget,1,True,True,True,True,10.607577,-57.313366,92.653961,-0.128594,54.453125,10.582221,623.038086,-116.532227,488.84375,179.900314,0.202038,179.931427,393,False,True,81,763,True,
532,/kuka/axis_move/feedback_json,std_msgs/msg/String,2026-08-27T21:33:06.617377-04:00,1787880786,617347418,1787880786617347418,123.957204,,,,5345,5344,1,0,0,5345,AxisTarget,1,True,True,True,False,10.610756,-57.174221,92.761307,-0.131438,54.204586,10.583495,623.03949,-116.566475,486.619202,179.896179,0.204489,179.929794,393,False,True,81,763,True,
533,/kuka/axis_move/feedback_json,std_msgs/msg/String,2026-08-27T21:33:06.741688-04:00,1787880786,741637555,1787880786741637555,124.290137,,,,5346,5345,1,0,0,5346,AxisTarget,1,True,True,True,False,10.613834,-57.039421,92.865303,-0.134193,53.963814,10.584728,623.033386,-116.596237,484.59848,179.892395,0.206715,179.928329,393,False,True,81,763,True,
534,/kuka/axis_move/feedback_json,std_msgs/msg/String,2026-08-27T21:33:06.868932-04:00,1787880786,868914874,1787880786868914874,127.277319,,,,5347,5346,1,0,0,5347,AxisTarget,1,True,True,True,False,10.61691,-56.904629,92.969292,-0.136947,53.723038,10.585959,623.019592,-116.625603,482.512085,179.888474,0.209015,179.926834,393,False,True,81,763,True,
535,/kuka/axis_move/feedback_json,std_msgs/msg/String,2026-08-27T21:33:06.994888-04:00,1787880786,994860408,1787880786994860408,125.945534,,,,5348,5347,1,0,0,5348,AxisTarget,1,True,True,True,False,10.620083,-56.765491,93.076645,-0.139788,53.474499,10.587228,622.997559,-116.654427,480.360168,179.884399,0.211388,179.925308,393,False,True,81,763,True,
536,/kuka/axis_move/feedback_json,std_msgs/msg/String,2026-08-27T21:33:07.121480-04:00,1787880787,121451696,1787880787121451696,126.591288,,,,5349,5348,1,0,0,5349,AxisTarget,1,True,True,True,False,10.623154,-56.630707,93.180641,-0.14254,53.233727,10.588454,622.967468,-116.681747,478.210144,179.88031,0.21376,179.923782,393,False,True,81,763,True,
537,/kuka/axis_move/feedback_json,std_msgs/msg/String,2026-08-27T21:33:07.246930-04:00,1787880787,246901198,1787880787246901198,125.449502,,,,5350,5349,1,0,0,5350,AxisTarget,1,True,True,True,False,10.626322,-56.491577,93.287994,-0.145379,52.985184,10.589719,622.930725,-116.706779,476.12912,179.876343,0.216058,179.922348,393,False,True,81,764,False,
538,/kuka/axis_move/feedback_json,std_msgs/msg/String,2026-08-27T21:33:07.373414-04:00,1787880787,373383880,1787880787373383880,126.482682,,,,5351,5350,1,0,0,5351,AxisTarget,1,True,True,True,True,10.62939,-56.356796,93.391991,-0.148129,52.744411,10.590942,622.88501,-116.731155,473.982819,179.872223,0.218428,179.920868,393,False,True,81,764,False,
539,/kuka/axis_move/feedback_json,std_msgs/msg/String,2026-08-27T21:33:07.501515-04:00,1787880787,501486192,1787880787501486192,128.102312,,,,5352,5351,1,0,0,5352,AxisTarget,1,True,True,True,False,10.632556,-56.217667,93.499344,-0.150969,52.495872,10.592206,622.833069,-116.753365,471.905457,179.86821,0.22072,179.919449,393,False,True,81,764,False,
540,/kuka/axis_move/feedback_json,std_msgs/msg/String,2026-08-27T21:33:07.625876-04:00,1787880787,625870455,1787880787625870455,124.384263,,,,5353,5352,1,0,0,5353,AxisTarget,1,True,True,True,False,10.635723,-56.078537,93.606697,-0.153808,52.24733,10.593468,622.771667,-116.774849,469.76297,179.864059,0.223083,179.917999,393,False,True,81,764,False,
541,/kuka/axis_move/feedback_json,std_msgs/msg/String,2026-08-27T21:33:07.749646-04:00,1787880787,749610006,1787880787749610006,123.739551,,,,5354,5353,1,0,0,5354,AxisTarget,1,True,True,True,False,10.63879,-55.943752,93.710693,-0.156563,52.006557,10.594684,622.704651,-116.79425,467.689331,179.860001,0.225367,179.916611,393,False,True,81,764,False,
542,/kuka/axis_move/feedback_json,std_msgs/msg/String,2026-08-27T21:33:07.877422-04:00,1787880787,877393123,1787880787877393123,127.783117,,,,5355,5354,1,0,0,5355,AxisTarget,1,True,True,True,False,10.641759,-55.808964,93.81469,-0.15932,51.765785,10.595893,622.630188,-116.812271,465.617523,179.855927,0.227644,179.915237,393,False,True,81,764,False,
543,/kuka/axis_move/feedback_json,std_msgs/msg/String,2026-08-27T21:33:08.002448-04:00,1787880788,2436936,1787880788002436936,125.043813,,,,5356,5355,1,0,0,5356,AxisTarget,1,True,True,True,False,10.645025,-55.669823,93.922043,-0.16217,51.517242,10.597136,622.545593,-116.82943,463.480865,179.8517,0.229988,179.913834,393,False,True,81,764,False,
544,/kuka/axis_move/feedback_json,std_msgs/msg/String,2026-08-27T21:33:08.129243-04:00,1787880788,129193806,1787880788129193806,126.75687,,,,5357,5356,1,0,0,5357,AxisTarget,1,True,True,True,False,10.648093,-55.535027,94.026039,-0.16502,51.268703,10.598378,622.453064,-116.845123,461.346283,179.847443,0.232329,179.912445,393,False,True,81,764,False,
545,/kuka/axis_move/feedback_json,std_msgs/msg/String,2026-08-27T21:33:08.253633-04:00,1787880788,253604328,1787880788253604328,124.410522,,,,5358,5357,1,0,0,5358,AxisTarget,1,True,True,True,False,10.65126,-55.395889,94.133392,-0.167779,51.027931,10.599588,622.352722,-116.859352,459.213867,179.84317,0.23467,179.911072,393,False,True,81,764,False,
546,/kuka/axis_move/feedback_json,std_msgs/msg/String,2026-08-27T21:33:08.377537-04:00,1787880788,377525321,1787880788377525321,123.920993,,,,5359,5358,1,0,0,5359,AxisTarget,1,True,True,True,False,10.654228,-55.265472,94.234016,-0.170438,50.787155,10.60082,622.251526,-116.871376,457.21698,179.839188,0.236895,179.909821,393,False,True,81,764,False,
547,/kuka/axis_move/feedback_json,std_msgs/msg/String,2026-08-27T21:33:08.507548-04:00,1787880788,507524148,1787880788507524148,129.998827,,,,5360,5359,1,0,0,5360,AxisTarget,1,True,True,True,False,10.657208,-55.136234,94.332329,-0.173,50.571079,10.601902,622.140747,-116.882378,455.173706,179.835098,0.23919,179.908554,393,False,True,81,764,False,
548,/kuka/axis_move/feedback_json,std_msgs/msg/String,2026-08-27T21:33:08.629337-04:00,1787880788,629312999,1787880788629312999,121.788851,,,,5361,5360,1,0,0,5361,AxisTarget,1,True,True,True,False,10.6578,-55.1134,94.3479,-0.1734,50.5466,10.602,622.113953,-116.884918,454.692261,179.834076,0.239746,179.908234,393,False,True,81,764,False,
549,/kuka/axis_move/feedback_json,std_msgs/msg/String,2026-08-27T21:33:08.753384-04:00,1787880788,753373636,1787880788753373636,124.060637,,,,5362,5361,1,0,0,5362,AxisTarget,1,True,True,True,False,10.6578,-55.1134,94.3479,-0.1734,50.5466,10.602,622.113953,-116.884918,454.692261,179.834076,0.239746,179.908234,393,False,True,81,764,False,
550,/kuka/axis_move/feedback_json,std_msgs/msg/String,2026-08-27T21:33:08.879570-04:00,1787880788,879548533,1787880788879548533,126.174897,,,,5363,5362,1,0,0,5363,AxisTarget,1,True,True,True,False,10.6578,-55.1134,94.3479,-0.1734,50.5466,10.602,622.113953,-116.884918,454.692261,179.834076,0.239746,179.908234,393,False,True,81,764,False,
551,/kuka/axis_move/feedback_json,std_msgs/msg/String,2026-08-27T21:33:09.001635-04:00,1787880789,1624458,1787880789001624458,122.075925,,,,5364,5363,1,0,0,5364,AxisTarget,1,True,True,True,False,10.6578,-55.1134,94.3479,-0.1734,50.5466,10.602,622.113953,-116.884918,454.692261,179.834076,0.239746,179.908234,393,False,True,81,764,False,
552,/kuka/axis_move/feedback_json,std_msgs/msg/String,2026-08-27T21:33:09.135468-04:00,1787880789,135434591,1787880789135434591,133.810133,,,,5365,5364,1,0,0,5365,AxisTarget,1,True,True,True,False,10.6578,-55.1134,94.3479,-0.1734,50.5466,10.602,622.113953,-116.884918,454.692261,179.834076,0.239746,179.908234,393,False,True,81,764,False,
553,/kuka/axis_move/feedback_json,std_msgs/msg/String,2026-08-27T21:33:09.261615-04:00,1787880789,261586412,1787880789261586412,126.151821,,,,5366,5365,1,0,0,5366,AxisTarget,1,True,True,True,False,10.6578,-55.1134,94.3479,-0.1734,50.5466,10.602,622.113953,-116.884918,454.692261,179.834076,0.239746,179.908234,393,False,True,81,764,False,
554,/kuka/axis_move/feedback_json,std_msgs/msg/String,2026-08-27T21:33:09.485855-04:00,1787880789,485837928,1787880789485837928,224.251516,,,,5367,5366,1,0,0,5367,AxisTarget,1,True,True,False,False,10.6578,-55.1134,94.3479,-0.1734,50.5466,10.602,622.113953,-116.884918,454.692261,179.834076,0.239746,179.908234,394,False,True,81,764,False,
555,/kuka/axis_move/feedback_json,std_msgs/msg/String,2026-08-27T21:33:09.713261-04:00,1787880789,713250597,1787880789713250597,227.412669,,,,5368,5367,1,0,0,5368,AxisTarget,1,False,True,False,False,10.6578,-55.1134,94.3479,-0.1734,50.5466,10.602,622.113953,-116.884918,454.692261,179.834076,0.239746,179.908234,395,False,True,81,764,False,
556,/kuka/axis_move/feedback_json,std_msgs/msg/String,2026-08-27T21:33:09.843999-04:00,1787880789,843970839,1787880789843970839,130.720242,,,,5369,5368,1,0,0,5369,AxisTarget,1,False,True,False,False,10.6578,-55.1134,94.3479,-0.1734,50.5466,10.602,622.113953,-116.884918,454.692261,179.834076,0.239746,179.908234,395,False,True,81,764,False,
557,/kuka/axis_move/feedback_json,std_msgs/msg/String,2026-08-27T21:33:09.976301-04:00,1787880789,976278213,1787880789976278213,132.307374,,,,5370,5369,1,0,0,5370,AxisTarget,1,False,True,False,False,10.6578,-55.1134,94.3479,-0.1734,50.5466,10.602,622.113953,-116.884918,454.692261,179.834076,0.239746,179.908234,395,False,True,81,764,False,
558,/kuka/axis_move/feedback_json,std_msgs/msg/String,2026-08-27T21:33:10.105508-04:00,1787880790,105485026,1787880790105485026,129.206813,,,,5371,5370,1,0,0,5371,AxisTarget,1,False,True,False,False,10.6578,-55.1134,94.3479,-0.1734,50.5466,10.602,622.113953,-116.884918,454.692261,179.834076,0.239746,179.908234,395,False,True,81,764,False,
559,/kuka/axis_move/feedback_json,std_msgs/msg/String,2026-08-27T21:33:10.328906-04:00,1787880790,328883863,1787880790328883863,223.398837,,,,5372,5371,1,0,0,5372,AxisTarget,1,False,True,False,False,10.6578,-55.1134,94.3479,-0.1734,50.5466,10.602,622.113953,-116.884918,454.692261,179.834076,0.239746,179.908234,396,False,True,81,764,False,
560,/kuka/axis_move/feedback_json,std_msgs/msg/String,2026-08-27T21:33:10.458798-04:00,1787880790,458787437,1787880790458787437,129.903574,,,,5373,5372,1,0,0,5373,AxisTarget,1,False,True,False,False,10.6578,-55.1134,94.3479,-0.1734,50.5466,10.602,622.113953,-116.884918,454.692261,179.834076,0.239746,179.908234,396,False,True,81,764,False,
561,/kuka/axis_move/feedback_json,std_msgs/msg/String,2026-08-27T21:33:10.965160-04:00,1787880790,965149868,1787880790965149868,506.362431,,,,5374,5373,1,0,0,5374,AxisTarget,1,True,True,True,False,10.6578,-55.1134,94.3479,-0.1734,50.5466,10.602,622.113953,-116.884918,454.692261,179.834076,0.239746,179.908234,397,False,True,82,768,True,
562,/kuka/axis_move/feedback_json,std_msgs/msg/String,2026-08-27T21:33:11.093230-04:00,1787880791,93219995,1787880791093219995,128.070127,,,,5375,5374,1,0,0,5375,AxisTarget,1,True,True,True,True,10.658506,-55.145683,94.317719,-0.171976,50.624783,10.602623,622.139893,-116.896942,455.057434,179.834457,0.240021,179.908875,397,False,True,82,769,True,
563,/kuka/axis_move/feedback_json,std_msgs/msg/String,2026-08-27T21:33:11.217063-04:00,1787880791,217039863,1787880791217039863,123.819868,,,,5376,5375,1,0,0,5376,AxisTarget,1,True,True,True,False,10.661661,-55.277122,94.205582,-0.167123,50.869614,10.604418,622.274109,-116.960205,457.004211,179.836502,0.24149,179.912277,397,False,True,82,769,True,
564,/kuka/axis_move/feedback_json,std_msgs/msg/String,2026-08-27T21:33:11.341711-04:00,1787880791,341664587,1787880791341664587,124.624724,,,,5377,5376,1,0,0,5377,AxisTarget,1,True,True,True,False,10.664696,-55.404961,94.097321,-0.162447,51.103195,10.606104,622.41095,-117.026085,459.093994,179.838715,0.243096,179.91597,397,False,True,82,770,True,
565,/kuka/axis_move/feedback_json,std_msgs/msg/String,2026-08-27T21:33:11.468720-04:00,1787880791,468696195,1787880791468696195,127.031608,,,,5378,5377,1,0,0,5378,AxisTarget,1,True,True,True,True,10.667794,-55.536129,93.986076,-0.157636,51.343723,10.60784,622.534607,-117.087563,461.091888,179.840805,0.244633,179.919525,397,False,True,82,770,True,
566,/kuka/axis_move/feedback_json,std_msgs/msg/String,2026-08-27T21:33:11.597023-04:00,1787880791,596994294,1787880791596994294,128.298099,,,,5379,5378,1,0,0,5379,AxisTarget,1,True,True,True,False,10.671008,-55.671909,93.871002,-0.152663,51.592262,10.609629,622.663269,-117.154167,463.305389,179.843079,0.246326,179.923508,397,False,True,82,770,True,
567,/kuka/axis_move/feedback_json,std_msgs/msg/String,2026-08-27T21:33:11.725474-04:00,1787880791,725451294,1787880791725451294,128.457,,,,5380,5379,1,0,0,5380,AxisTarget,1,True,True,True,False,10.674235,-55.807697,93.755936,-0.147695,51.840805,10.611409,622.776245,-117.215439,465.387024,179.845169,0.247911,179.927261,397,False,True,82,770,True,
568,/kuka/axis_move/feedback_json,std_msgs/msg/String,2026-08-27T21:33:11.853486-04:00,1787880791,853453702,1787880791853453702,128.002408,,,,5381,5380,1,0,0,5381,AxisTarget,1,True,True,True,False,10.677475,-55.943485,93.640877,-0.142732,52.089344,10.613181,622.888184,-117.279289,467.605347,179.847336,0.24959,179.93129,397,False,True,82,770,True,
569,/kuka/axis_move/feedback_json,std_msgs/msg/String,2026-08-27T21:33:11.977659-04:00,1787880791,977629045,1787880791977629045,124.175343,,,,5382,5381,1,0,0,5382,AxisTarget,1,True,True,True,False,10.680618,-56.075035,93.525818,-0.137769,52.337883,10.614951,622.985474,-117.337891,469.691437,179.849319,0.251161,179.935089,397,False,True,82,771,True,
570,/kuka/axis_move/feedback_json,std_msgs/msg/String,2026-08-27T21:33:12.101633-04:00,1787880792,101604147,1787880792101604147,123.975102,,,,5383,5382,1,0,0,5383,AxisTarget,1,True,True,True,True,10.683863,-56.210827,93.41436,-0.132962,52.578659,10.616666,623.077881,-117.396942,471.847046,179.851349,0.252778,179.939041,397,False,True,82,771,True,
571,/kuka/axis_move/feedback_json,std_msgs/msg/String,2026-08-27T21:33:12.225645-04:00,1787880792,225606940,1787880792225606940,124.002793,,,,5384,5383,1,0,0,5384,AxisTarget,1,True,True,True,False,10.687005,-56.342373,93.302902,-0.128155,52.819431,10.618382,623.157227,-117.450951,473.869904,179.853226,0.254286,179.94278,397,False,True,82,771,True,
572,/kuka/axis_move/feedback_json,std_msgs/msg/String,2026-08-27T21:33:12.354763-04:00,1787880792,354662514,1787880792354662514,129.055574,,,,5385,5384,1,0,0,5385,AxisTarget,1,True,True,True,False,10.690145,-56.473911,93.191437,-0.123348,53.060204,10.620104,623.231689,-117.505363,475.962158,179.855133,0.255836,179.946655,397,False,True,82,771,True,
573,/kuka/axis_move/feedback_json,std_msgs/msg/String,2026-08-27T21:33:12.483214-04:00,1787880792,483189977,1787880792483189977,128.527463,,,,5386,5385,1,0,0,5386,AxisTarget,1,True,True,True,False,10.693383,-56.609688,93.076378,-0.118388,53.308746,10.621885,623.302612,-117.561722,478.191528,179.857132,0.257474,179.950821,397,False,True,82,771,True,
574,/kuka/axis_move/feedback_json,std_msgs/msg/String,2026-08-27T21:33:12.612948-04:00,1787880792,612909680,1787880792612909680,129.719703,,,,5387,5386,1,0,0,5387,AxisTarget,1,True,True,True,False,10.696719,-56.749702,92.957726,-0.113274,53.565052,10.623729,623.363098,-117.61483,480.355438,179.859055,0.259051,179.95488,397,False,True,82,771,True,
575,/kuka/axis_move/feedback_json,std_msgs/msg/String,2026-08-27T21:33:12.737464-04:00,1787880792,737432030,1787880792737432030,124.52235,,,,5388,5387,1,0,0,5388,AxisTarget,1,True,True,True,False,10.699952,-56.885468,92.842659,-0.108315,53.813591,10.62552,623.415466,-117.666412,482.521393,179.860931,0.260618,179.958954,397,False,True,82,771,True,
576,/kuka/axis_move/feedback_json,std_msgs/msg/String,2026-08-27T21:33:12.861743-04:00,1787880792,861707821,1787880792861707821,124.275791,,,,5389,5388,1,0,0,5389,AxisTarget,1,True,True,True,True,10.703083,-57.016991,92.731201,-0.103511,54.054367,10.627254,623.458435,-117.714958,484.621613,179.862732,0.26213,179.962936,397,False,True,82,772,True,
577,/kuka/axis_move/feedback_json,std_msgs/msg/String,2026-08-27T21:33:12.988849-04:00,1787880792,988826303,1787880792988826303,127.118482,,,,5390,5389,1,0,0,5390,AxisTarget,1,True,True,True,False,10.706214,-57.148514,92.619736,-0.098708,54.295139,10.62899,623.49469,-117.76358,486.791534,179.864563,0.263686,179.967072,397,False,True,82,772,True,
578,/kuka/axis_move/feedback_json,std_msgs/msg/String,2026-08-27T21:33:13.116535-04:00,1787880793,116506117,1787880793116506117,127.679814,,,,5391,5390,1,0,0,5391,AxisTarget,1,True,True,True,False,10.709446,-57.284279,92.504677,-0.093749,54.543678,10.630781,623.522034,-117.80925,488.895569,179.866302,0.265188,179.971115,397,False,True,82,772,True,
579,/kuka/axis_move/feedback_json,std_msgs/msg/String,2026-08-27T21:33:13.239651-04:00,1787880793,239620846,1787880793239620846,123.114729,,,,5392,5391,1,0,0,5392,AxisTarget,1,True,True,True,False,10.712577,-57.415802,92.393211,-0.088946,54.784454,10.632515,623.542175,-117.854897,491.069397,179.868057,0.266736,179.975296,397,False,True,82,772,True,
580,/kuka/axis_move/feedback_json,std_msgs/msg/String,2026-08-27T21:33:13.365607-04:00,1787880793,365578525,1787880793365578525,125.957679,,,,5393,5392,1,0,0,5393,AxisTarget,1,True,True,True,False,10.715806,-57.551575,92.278145,-0.083988,55.032993,10.634302,623.553833,-117.897652,493.177185,179.869736,0.268235,179.979385,397,False,True,82,772,True,
581,/kuka/axis_move/feedback_json,std_msgs/msg/String,2026-08-27T21:33:13.492353-04:00,1787880793,492323618,1787880793492323618,126.745093,,,,5394,5393,1,0,0,5394,AxisTarget,1,True,True,True,False,10.718832,-57.678867,92.17028,-0.079185,55.273766,10.636031,623.557739,-117.938957,495.286774,179.871368,0.269735,179.98349,397,False,True,82,772,True,
582,/kuka/axis_move/feedback_json,std_msgs/msg/String,2026-08-27T21:33:13.621959-04:00,1787880793,621935195,1787880793621935195,129.611577,,,,5395,5394,1,0,0,5395,AxisTarget,1,True,True,True,False,10.722158,-57.818893,92.05162,-0.074228,55.530075,10.637869,623.553711,-117.98008,497.466309,179.873016,0.271284,179.987747,397,False,True,82,772,True,
583,/kuka/axis_move/feedback_json,std_msgs/msg/String,2026-08-27T21:33:13.749708-04:00,1787880793,749648223,1787880793749648223,127.713028,,,,5396,5395,1,0,0,5396,AxisTarget,1,True,True,True,True,10.725371,-57.95396,91.937393,-0.069319,55.767746,10.639566,623.541443,-118.019623,499.645752,179.874634,0.272829,179.992035,397,False,True,82,773,False,
584,/kuka/axis_move/feedback_json,std_msgs/msg/String,2026-08-27T21:33:13.877436-04:00,1787880793,877404993,1787880793877404993,127.75677,,,,5397,5396,1,0,0,5397,AxisTarget,1,True,True,True,False,10.728332,-58.0788,91.831398,-0.064742,55.997955,10.641221,623.522888,-118.054581,501.648193,179.876099,0.274245,179.996002,397,False,True,82,773,False,
585,/kuka/axis_move/feedback_json,std_msgs/msg/String,2026-08-27T21:33:14.005397-04:00,1787880794,5383474,1787880794005383474,127.978481,,,,5398,5397,1,0,0,5398,AxisTarget,1,True,True,True,False,10.731453,-58.2103,91.719948,-0.05994,56.238731,10.642946,623.495789,-118.090004,503.759064,179.877594,0.275732,-179.999802,397,False,True,82,773,False,
586,/kuka/axis_move/feedback_json,std_msgs/msg/String,2026-08-27T21:33:14.132867-04:00,1787880794,132844252,1787880794132844252,127.460778,,,,5399,5398,1,0,0,5399,AxisTarget,1,True,True,True,False,10.734678,-58.346085,91.604881,-0.054983,56.48727,10.644727,623.459656,-118.125168,505.945496,179.87912,0.277263,-179.995438,397,False,True,82,773,False,
587,/kuka/axis_move/feedback_json,std_msgs/msg/String,2026-08-27T21:33:14.257697-04:00,1787880794,257650146,1787880794257650146,124.805894,,,,5400,5399,1,0,0,5400,AxisTarget,1,True,True,True,False,10.737906,-58.481861,91.489822,-0.050022,56.735809,10.646508,623.413696,-118.159859,508.201904,179.880646,0.27883,-179.990921,397,False,True,82,773,False,
588,/kuka/axis_move/feedback_json,std_msgs/msg/String,2026-08-27T21:33:14.381559-04:00,1787880794,381529163,1787880794381529163,123.879017,,,,5401,5400,1,0,0,5401,AxisTarget,1,True,True,True,False,10.741036,-58.613384,91.378349,-0.045215,56.976585,10.648234,623.362488,-118.190979,510.32312,179.882034,0.280291,-179.986649,397,False,True,82,773,False,
589,/kuka/axis_move/feedback_json,std_msgs/msg/String,2026-08-27T21:33:14.509301-04:00,1787880794,509269731,1787880794509269731,127.740568,,,,5402,5401,1,0,0,5402,AxisTarget,1,True,True,True,False,10.744168,-58.744904,91.266876,-0.040407,57.217358,10.649961,623.305481,-118.219734,512.377319,179.883362,0.281697,-179.982483,397,False,True,82,773,False,
590,/kuka/axis_move/feedback_json,std_msgs/msg/String,2026-08-27T21:33:14.633346-04:00,1787880794,633335422,1787880794633335422,124.065691,,,,5403,5402,1,0,0,5403,AxisTarget,1,True,True,True,False,10.7474,-58.880669,91.15181,-0.035443,57.465897,10.651742,623.236633,-118.248909,514.569946,179.884735,0.283192,-179.978027,397,False,True,82,773,False,
591,/kuka/axis_move/feedback_json,std_msgs/msg/String,2026-08-27T21:33:14.757813-04:00,1787880794,757790281,1787880794757790281,124.454859,,,,5404,5403,1,0,0,5404,AxisTarget,1,True,True,True,False,10.750546,-59.012177,91.040405,-0.030627,57.70623,10.653465,623.161926,-118.275818,516.695801,179.886032,0.284653,-179.973663,397,False,True,82,773,False,
592,/kuka/axis_move/feedback_json,std_msgs/msg/String,2026-08-27T21:33:14.885366-04:00,1787880794,885343173,1787880794885343173,127.552892,,,,5405,5404,1,0,0,5405,AxisTarget,1,True,True,True,False,10.753527,-59.135792,90.933075,-0.026002,57.935093,10.655098,623.080994,-118.300934,518.779297,179.887253,0.286105,-179.96936,397,False,True,82,773,False,
593,/kuka/axis_move/feedback_json,std_msgs/msg/String,2026-08-27T21:33:15.645481-04:00,1787880795,645452689,1787880795645452689,760.109516,,,,5406,5405,1,0,0,5406,AxisTarget,1,False,True,True,False,10.7545,-59.174801,90.906197,-0.025,57.980999,10.6554,623.047058,-118.309761,519.59967,179.887772,0.286575,-179.967712,398,False,True,83,776,True,
594,/kuka/axis_move/feedback_json,std_msgs/msg/String,2026-08-27T21:33:16.409420-04:00,1787880796,409398113,1787880796409398113,763.945424,,,,5407,5406,1,0,0,5407,AxisTarget,1,True,True,True,True,9.888626,-61.671501,90.836754,-0.010299,53.122749,9.739476,625.775269,-109.268684,546.261108,179.96756,7.250017,-178.750671,399,False,True,83,782,True,
595,/kuka/axis_move/feedback_json,std_msgs/msg/String,2026-08-27T21:33:16.538519-04:00,1787880796,538508055,1787880796538508055,129.109942,,,,5408,5407,1,0,0,5408,AxisTarget,1,True,True,True,False,9.64175,-62.373947,90.817451,-0.006257,51.806183,9.494161,626.304688,-106.650696,553.992065,-179.985062,9.235432,-178.437576,399,False,True,83,782,True,
596,/kuka/axis_move/feedback_json,std_msgs/msg/String,2026-08-27T21:33:16.667317-04:00,1787880796,667306387,1787880796667306387,128.798332,,,,5409,5408,1,0,0,5409,AxisTarget,1,True,True,True,False,9.379815,-63.124203,90.796722,-0.001739,50.330738,9.218154,626.757324,-103.723434,562.643188,-179.921112,11.440527,-178.105835,399,False,True,83,783,True,
597,/kuka/axis_move/feedback_json,std_msgs/msg/String,2026-08-27T21:33:16.789351-04:00,1787880796,789340203,1787880796789340203,122.033816,,,,5410,5409,1,0,0,5410,AxisTarget,1,True,True,True,True,9.113378,-63.882587,90.775902,0.002506,48.954201,8.96156,627.064636,-100.765892,571.391052,-179.845688,13.653304,-177.789032,399,False,True,83,783,True,
598,/kuka/axis_move/feedback_json,std_msgs/msg/String,2026-08-27T21:33:17.117426-04:00,1787880797,117403210,1787880797117403210,328.063007,,,,5411,5410,1,0,0,5411,AxisTarget,1,True,True,True,True,8.427973,-65.841415,90.721878,0.013847,45.242378,8.259256,627.156189,-93.126915,594.035278,-179.606613,19.308361,-177.047287,400,False,True,84,784,True,
599,/kuka/axis_move/feedback_json,std_msgs/msg/String,2026-08-27T21:33:17.243908-04:00,1787880797,243896471,1787880797243896471,126.493261,,,,5412,5411,1,0,0,5412,AxisTarget,1,True,True,True,False,8.151851,-66.630028,90.700134,0.018398,43.751266,7.989505,626.910522,-90.108009,603.006958,-179.496536,21.522388,-176.781586,400,False,True,84,784,True,
600,/kuka/axis_move/feedback_json,std_msgs/msg/String,2026-08-27T21:33:17.373081-04:00,1787880797,373058310,1787880797373058310,129.161839,,,,5413,5412,1,0,0,5413,AxisTarget,1,True,True,True,True,7.879278,-67.406136,90.678802,0.022862,42.299255,7.719442,626.487488,-86.992592,612.280212,-179.374664,23.796543,-176.522186,400,False,True,84,785,True,
601,/kuka/axis_move/feedback_json,std_msgs/msg/String,2026-08-27T21:33:17.504954-04:00,1787880797,504930038,1787880797504930038,131.871728,,,,5414,5413,1,0,0,5414,AxisTarget,1,True,True,True,False,7.633229,-68.110199,90.659348,0.02711,40.909256,7.458801,625.938904,-84.098831,620.908691,-179.254425,25.900412,-176.2939,400,False,True,84,785,True,
602,/kuka/axis_move/feedback_json,std_msgs/msg/String,2026-08-27T21:33:17.631664-04:00,1787880797,631640500,1787880797631640500,126.710462,,,,5415,5414,1,0,0,5415,AxisTarget,1,True,True,True,False,7.348831,-68.922638,90.636955,0.031681,39.418423,7.180366,625.140625,-80.843399,630.634644,-179.111526,28.2589,-176.050781,400,False,True,84,786,True,
603,/kuka/axis_move/feedback_json,std_msgs/msg/String,2026-08-27T21:33:17.757154-04:00,1787880797,757137841,1787880797757137841,125.497341,,,,5416,5415,1,0,0,5416,AxisTarget,1,True,True,True,True,7.072451,-69.711685,90.615234,0.036255,37.927181,6.901908,624.205994,-77.761681,639.862,-178.969223,30.484776,-175.833282,400,False,True,84,786,True,
604,/kuka/axis_move/feedback_json,std_msgs/msg/String,2026-08-27T21:33:17.884562-04:00,1787880797,884532260,1787880797884532260,127.394419,,,,5417,5416,1,0,0,5417,AxisTarget,1,True,True,True,False,6.804709,-70.476082,90.594193,0.04068,36.48254,6.632155,623.052246,-74.570572,649.439819,-178.815063,32.784206,-175.620316,400,False,True,84,786,True,
605,/kuka/axis_move/feedback_json,std_msgs/msg/String,2026-08-27T21:33:18.009418-04:00,1787880798,9394979,1787880798009394979,124.862719,,,,5418,5417,1,0,0,5418,AxisTarget,1,True,True,True,False,6.528655,-71.26387,90.572495,0.045216,34.996502,6.35492,621.748596,-71.472794,658.761963,-178.659119,35.012535,-175.424942,400,False,True,84,787,True,
606,/kuka/axis_move/feedback_json,std_msgs/msg/String,2026-08-27T21:33:18.133535-04:00,1787880798,133529276,1787880798133529276,124.134297,,,,5419,5418,1,0,0,5419,AxisTarget,1,True,True,True,True,6.289308,-71.944473,90.553795,0.049103,33.722164,6.117474,620.40448,-68.657974,667.255188,-178.512268,37.035233,-175.256683,400,False,True,84,787,True,
607,/kuka/axis_move/feedback_json,std_msgs/msg/String,2026-08-27T21:33:18.261987-04:00,1787880798,261981209,1787880798261981209,128.451933,,,,5420,5419,1,0,0,5420,AxisTarget,1,True,True,True,False,6.030107,-72.687531,90.533241,0.053414,32.303078,5.851726,618.764404,-65.592003,676.532654,-178.346893,39.237453,-175.082993,400,False,True,84,787,True,
608,/kuka/axis_move/feedback_json,std_msgs/msg/String,2026-08-27T21:33:18.385807-04:00,1787880798,385796089,1787880798385796089,123.81488,,,,5421,5420,1,0,0,5421,AxisTarget,1,True,True,True,False,5.763898,-73.469978,90.511734,0.057923,30.833345,5.577993,616.917786,-62.494785,685.934448,-178.174301,41.462524,-174.917297,400,False,True,84,788,True,
609,/kuka/axis_move/feedback_json,std_msgs/msg/String,2026-08-27T21:33:18.509612-04:00,1787880798,509588818,1787880798509588818,123.792729,,,,5422,5421,1,0,0,5422,AxisTarget,1,True,True,True,True,5.522539,-74.134727,90.493446,0.061775,29.575874,5.34279,615.133667,-59.772339,694.225525,-178.018082,43.41993,-174.779465,400,False,True,84,788,True,
610,/kuka/axis_move/feedback_json,std_msgs/msg/String,2026-08-27T21:33:18.633474-04:00,1787880798,633444176,1787880798633444176,123.855358,,,,5423,5422,1,0,0,5423,AxisTarget,1,True,True,True,False,5.258728,-74.889694,90.472618,0.066169,28.140991,5.07447,612.965881,-56.741024,703.489441,-177.839279,45.602558,-174.634323,400,False,True,84,788,True,
611,/kuka/axis_move/feedback_json,std_msgs/msg/String,2026-08-27T21:33:18.759137-04:00,1787880798,759115026,1787880798759115026,125.67085,,,,5424,5423,1,0,0,5424,AxisTarget,1,True,True,True,True,4.996448,-75.635895,90.452126,0.07046,26.748522,4.815744,610.502808,-53.587307,713.166321,-177.647858,47.87849,-174.49234,400,False,True,84,789,True,
612,/kuka/axis_move/feedback_json,std_msgs/msg/String,2026-08-27T21:33:18.885597-04:00,1787880798,885569321,1787880798885569321,126.454295,,,,5425,5424,1,0,0,5425,AxisTarget,1,True,True,True,False,4.758247,-76.317513,90.433281,0.074434,25.446817,4.571574,608.265198,-50.9375,721.329956,-177.482834,49.796158,-174.380005,400,False,True,84,789,True,
613,/kuka/axis_move/feedback_json,std_msgs/msg/String,2026-08-27T21:33:19.013943-04:00,1787880799,13918449,1787880799013918449,128.349128,,,,5426,5425,1,0,0,5426,AxisTarget,1,True,True,True,False,4.492593,-77.076973,90.412338,0.07883,24.007214,4.302578,605.408264,-47.79657,731.048218,-177.282318,52.077278,-174.254959,400,False,True,84,789,True,
614,/kuka/axis_move/feedback_json,std_msgs/msg/String,2026-08-27T21:33:19.141655-04:00,1787880799,141629345,1787880799141629345,127.710896,,,,5427,5426,1,0,0,5427,AxisTarget,1,True,True,True,True,4.230431,-77.820961,90.391983,0.083056,22.591133,4.039928,602.511658,-44.841553,740.235596,-177.088852,54.233036,-174.145248,400,False,True,84,790,True,
615,/kuka/axis_move/feedback_json,std_msgs/msg/String,2026-08-27T21:33:19.265423-04:00,1787880799,265412615,1787880799265412615,123.78327,,,,5428,5427,1,0,0,5428,AxisTarget,1,True,True,True,False,3.989865,-78.511719,90.372856,0.08708,21.297758,3.796735,599.675964,-42.135757,748.688782,-176.907578,56.216759,-174.051468,400,False,True,84,790,True,
616,/kuka/axis_move/feedback_json,std_msgs/msg/String,2026-08-27T21:33:19.392688-04:00,1787880799,392658851,1787880799392658851,127.246236,,,,5429,5428,1,0,0,5429,AxisTarget,1,True,True,True,False,3.723104,-79.273827,90.351852,0.091484,19.855497,3.527341,596.298096,-39.116875,758.169678,-176.700668,58.44294,-173.954346,400,False,True,84,791,True,
617,/kuka/axis_move/feedback_json,std_msgs/msg/String,2026-08-27T21:33:19.513623-04:00,1787880799,513591316,1787880799513591316,120.932465,,,,5430,5429,1,0,0,5430,AxisTarget,1,True,True,True,True,3.477806,-79.968834,90.33284,0.095449,18.571598,3.289332,592.827087,-36.212364,767.344666,-176.496964,60.599606,-173.868454,400,False,True,84,791,True,
618,/kuka/axis_move/feedback_json,std_msgs/msg/String,2026-08-27T21:33:19.638580-04:00,1787880799,638549814,1787880799638549814,124.958498,,,,5431,5430,1,0,0,5431,AxisTarget,1,True,True,True,False,3.241357,-80.648811,90.313957,0.099448,17.258278,3.042346,589.515564,-33.602215,775.637512,-176.310028,62.551819,-173.797714,400,False,True,84,791,True,
619,/kuka/axis_move/feedback_json,std_msgs/msg/String,2026-08-27T21:33:19.761509-04:00,1787880799,761478984,1787880799761478984,122.92917,,,,5432,5431,1,0,0,5432,AxisTarget,1,True,True,True,False,2.97429,-81.411545,90.292946,0.103871,15.816369,2.773142,585.659363,-30.734848,784.803528,-176.100479,64.713791,-173.727234,400,False,True,84,792,True,
620,/kuka/axis_move/feedback_json,std_msgs/msg/String,2026-08-27T21:33:19.885722-04:00,1787880799,885693171,1787880799885693171,124.214187,,,,5433,5432,1,0,0,5433,AxisTarget,1,True,True,True,True,2.737895,-82.080841,90.274666,0.107689,14.581152,2.544163,581.749451,-27.993443,793.625793,-175.896118,66.799896,-173.667236,400,False,True,84,792,True,
621,/kuka/axis_move/feedback_json,std_msgs/msg/String,2026-08-27T21:33:20.010842-04:00,1787880800,10819989,1787880800010819989,125.126818,,,,5434,5433,1,0,0,5434,AxisTarget,1,True,True,True,False,2.502031,-82.759468,90.255836,0.111683,13.269251,2.297423,577.934998,-25.461071,801.830872,-175.704025,68.745583,-173.618683,400,False,True,84,792,True,
622,/kuka/axis_move/feedback_json,std_msgs/msg/String,2026-08-27T21:33:20.137053-04:00,1787880800,137030329,1787880800137030329,126.21034,,,,5435,5434,1,0,0,5435,AxisTarget,1,True,True,True,False,2.235545,-83.519852,90.234901,0.116074,11.837562,2.030623,573.505493,-22.676891,810.91864,-175.489548,70.907867,-173.573593,400,False,True,84,793,True,
623,/kuka/axis_move/feedback_json,std_msgs/msg/String,2026-08-27T21:33:20.265288-04:00,1787880800,265266701,1787880800265266701,128.236372,,,,5436,5435,1,0,0,5436,AxisTarget,1,True,True,True,True,2.01121,-84.155334,90.217506,0.119697,10.660092,1.811888,569.263855,-20.151743,819.226135,-175.292587,72.892235,-173.541153,400,False,True,84,793,True,
624,/kuka/axis_move/feedback_json,std_msgs/msg/String,2026-08-27T21:33:20.389743-04:00,1787880800,389715822,1787880800389715822,124.449121,,,,5437,5436,1,0,0,5437,AxisTarget,1,True,True,True,False,1.763558,-84.868057,90.197716,0.123874,9.282841,1.552981,564.723267,-17.585682,827.736572,-175.091095,74.9338,-173.517868,400,False,True,84,793,True,
625,/kuka/axis_move/feedback_json,std_msgs/msg/String,2026-08-27T21:33:20.513649-04:00,1787880800,513620271,1787880800513620271,123.904449,,,,5438,5437,1,0,0,5438,AxisTarget,1,True,True,True,True,1.517555,-85.563828,90.178764,0.127799,8.008291,1.31768,559.871948,-14.985271,836.43634,-174.887451,77.031105,-173.506668,400,False,True,84,794,True,
626,/kuka/axis_move/feedback_json,std_msgs/msg/String,2026-08-27T21:33:20.637727-04:00,1787880800,637695603,1787880800637695603,124.075332,,,,5439,5438,1,0,0,5439,AxisTarget,1,True,True,True,False,1.32709,-86.109528,90.163696,0.13097,6.959736,1.12048,556.067566,-13.039184,843.000977,-174.737549,78.621323,-173.508972,400,False,True,84,794,True,
627,/kuka/axis_move/feedback_json,std_msgs/msg/String,2026-08-27T21:33:20.757752-04:00,1787880800,757715196,1787880800757715196,120.019593,,,,5440,5439,1,0,0,5440,AxisTarget,1,True,True,True,False,1.093737,-86.776527,90.145325,0.134815,5.701389,0.88607,551.26123,-10.688217,850.999207,-174.563858,80.568565,-173.528961,400,False,True,84,795,True,
628,/kuka/axis_move/feedback_json,std_msgs/msg/String,2026-08-27T21:33:20.884435-04:00,1787880800,884412409,1787880800884412409,126.697213,,,,5441,5440,1,0,0,5441,AxisTarget,1,True,True,True,True,0.91328,-87.286598,90.131378,0.137714,4.760353,0.711377,547.435852,-8.896853,857.147339,-174.442963,82.07328,-173.563187,400,False,True,84,795,True,
629,/kuka/axis_move/feedback_json,std_msgs/msg/String,2026-08-27T21:33:21.010746-04:00,1787880801,10734211,1787880801010734211,126.321802,,,,5442,5441,1,0,0,5442,AxisTarget,1,True,True,True,False,0.702977,-87.891113,90.114609,0.14126,3.600466,0.494095,542.942383,-6.876046,864.141541,-174.332657,83.794174,-173.636154,400,False,True,84,796,False,
630,/kuka/axis_move/feedback_json,std_msgs/msg/String,2026-08-27T21:33:21.138199-04:00,1787880801,138170435,1787880801138170435,127.436224,,,,5443,5442,1,0,0,5443,AxisTarget,1,True,True,True,True,0.536796,-88.359108,90.101875,0.143925,2.746457,0.331021,538.938232,-5.14618,870.180542,-174.28714,85.288467,-173.754852,400,False,True,84,796,False,
631,/kuka/axis_move/feedback_json,std_msgs/msg/String,2026-08-27T21:33:21.266108-04:00,1787880801,266085196,1787880801266085196,127.914761,,,,5444,5443,1,0,0,5444,AxisTarget,1,True,True,True,False,0.357389,-88.87336,90.087669,0.146934,1.768917,0.153622,534.85614,-3.447638,876.161499,-174.358047,86.776573,-173.993958,400,False,True,84,796,False,
632,/kuka/axis_move/feedback_json,std_msgs/msg/String,2026-08-27T21:33:21.393044-04:00,1787880801,393022273,1787880801393022273,126.937077,,,,5445,5444,1,0,0,5445,AxisTarget,1,True,True,True,False,0.221468,-89.25853,90.077148,0.149141,1.051974,0.020101,531.602478,-2.138656,880.808716,-174.65802,87.938744,-174.428467,400,False,True,84,796,False,
633,/kuka/axis_move/feedback_json,std_msgs/msg/String,2026-08-27T21:33:21.525494-04:00,1787880801,525471541,1787880801525471541,132.449268,,,,5446,5445,1,0,0,5446,AxisTarget,1,True,True,True,False,0.093907,-89.618431,90.067368,0.151147,0.39815,-0.100299,528.489197,-0.92126,885.160889,-175.899872,89.031731,-175.7995,400,False,True,84,796,False,
634,/kuka/axis_move/feedback_json,std_msgs/msg/String,2026-08-27T21:33:21.650460-04:00,1787880801,650436619,1787880801650436619,124.965078,,,,5447,5446,1,0,0,5447,AxisTarget,1,True,True,True,False,0.0149,-89.839058,90.061401,0.152383,0.010868,-0.170559,526.501099,-0.160731,887.893982,177.842957,89.718575,177.86058,400,False,True,84,796,False,
635,/kuka/axis_move/feedback_json,std_msgs/msg/String,2026-08-27T21:33:21.777306-04:00,1787880801,777296690,1787880801777296690,126.860071,,,,5448,5447,1,0,0,5448,AxisTarget,1,True,True,True,False,0.0051,-89.863602,90.060799,0.1525,-0.0188,-0.1752,526.200745,-0.046768,888.303894,172.743301,89.820168,172.748383,400,False,True,84,796,False,
636,/kuka/axis_move/feedback_json,std_msgs/msg/String,2026-08-27T21:33:21.905142-04:00,1787880801,905126480,1787880801905126480,127.82979,,,,5449,5448,1,0,0,5449,AxisTarget,1,False,True,False,False,0.0051,-89.863602,90.060799,0.1525,-0.0188,-0.1752,526.200745,-0.046768,888.303894,172.743301,89.820168,172.748383,400,False,True,84,796,False,
637,/kuka/axis_move/feedback_json,std_msgs/msg/String,2026-08-27T21:33:22.033761-04:00,1787880802,33726940,1787880802033726940,128.60046,,,,5450,5449,1,0,0,5450,AxisTarget,1,False,True,False,False,0.0051,-89.863602,90.060799,0.1525,-0.0188,-0.1752,526.200745,-0.046768,888.303894,172.743301,89.820168,172.748383,400,False,True,84,796,False,
638,/kuka/axis_move/feedback_json,std_msgs/msg/String,2026-08-27T21:33:22.157867-04:00,1787880802,157836656,1787880802157836656,124.109716,,,,5451,5450,1,0,0,5451,AxisTarget,1,False,True,False,False,0.0051,-89.863602,90.060799,0.1525,-0.0188,-0.1752,526.200745,-0.046768,888.303894,172.743301,89.820168,172.748383,400,False,True,84,796,False,
639,/kuka/axis_move/feedback_json,std_msgs/msg/String,2026-08-27T21:33:22.281760-04:00,1787880802,281717107,1787880802281717107,123.880451,,,,5452,5451,1,0,0,5452,AxisTarget,1,False,True,False,False,0.0051,-89.863602,90.060799,0.1525,-0.0188,-0.1752,526.200745,-0.046768,888.303894,172.743301,89.820168,172.748383,400,False,True,84,796,False,
640,/kuka/axis_move/feedback_json,std_msgs/msg/String,2026-08-27T21:33:22.407572-04:00,1787880802,407546714,1787880802407546714,125.829607,,,,5453,5452,1,0,0,5453,AxisTarget,1,False,True,False,False,0.0051,-89.863602,90.060799,0.1525,-0.0188,-0.1752,526.200745,-0.046768,888.303894,172.743301,89.820168,172.748383,400,False,True,84,796,False,
641,/kuka/axis_move/feedback_json,std_msgs/msg/String,2026-08-27T21:33:22.537377-04:00,1787880802,537359922,1787880802537359922,129.813208,,,,5454,5453,1,0,0,5454,AxisTarget,1,False,True,False,False,0.0051,-89.863602,90.060799,0.1525,-0.0188,-0.1752,526.200745,-0.046768,888.303894,172.743301,89.820168,172.748383,400,False,True,84,796,False,
642,/kuka/axis_move/feedback_json,std_msgs/msg/String,2026-08-27T21:33:22.668022-04:00,1787880802,667999468,1787880802667999468,130.639546,,,,5455,5454,1,0,0,5455,AxisTarget,1,False,True,False,False,0.0051,-89.863602,90.060799,0.1525,-0.0188,-0.1752,526.200745,-0.046768,888.303894,172.743301,89.820168,172.748383,400,False,True,84,796,False,
643,/kuka/axis_move/feedback_json,std_msgs/msg/String,2026-08-27T21:33:22.797101-04:00,1787880802,797070992,1787880802797070992,129.071524,,,,5456,5455,1,0,0,5456,AxisTarget,1,False,True,False,False,0.0051,-89.863602,90.060799,0.1525,-0.0188,-0.1752,526.200745,-0.046768,888.303894,172.743301,89.820168,172.748383,400,False,True,84,796,False,
644,/kuka/axis_move/feedback_json,std_msgs/msg/String,2026-08-27T21:33:22.921824-04:00,1787880802,921786566,1787880802921786566,124.715574,,,,5457,5456,1,0,0,5457,AxisTarget,1,False,True,False,False,0.0051,-89.863602,90.060799,0.1525,-0.0188,-0.1752,526.200745,-0.046768,888.303894,172.743301,89.820168,172.748383,400,False,True,84,796,False,
645,/kuka/axis_move/feedback_json,std_msgs/msg/String,2026-08-27T21:33:23.049490-04:00,1787880803,49459536,1787880803049459536,127.67297,,,,5458,5457,1,0,0,5458,AxisTarget,1,False,True,False,False,0.0051,-89.863602,90.060799,0.1525,-0.0188,-0.1752,526.200745,-0.046768,888.303894,172.743301,89.820168,172.748383,400,False,True,84,796,False,
646,/kuka/axis_move/feedback_json,std_msgs/msg/String,2026-08-27T21:33:23.269801-04:00,1787880803,269769882,1787880803269769882,220.310346,,,,5459,5458,1,0,0,5459,AxisTarget,1,False,True,False,False,0.0051,-89.863602,90.060799,0.1525,-0.0188,-0.1752,526.200745,-0.046768,888.303894,172.743301,89.820168,172.748383,401,False,True,84,796,False,
