receive_index,topic_name,message_type,receive_wall_time_iso8601,receive_ros_time_sec,receive_ros_time_nanosec,receive_ros_time_ns,delta_receive_ms,source_stamp_sec,source_stamp_nanosec,source_stamp_ns,sequence,prev_sequence,delta_seq,sequence_gap,estimated_missing,seq,mode,status,move_ready,limits_ok,delta_ok,move_executed,axis_actual.A1,axis_actual.A2,axis_actual.A3,axis_actual.A4,axis_actual.A5,axis_actual.A6,position_actual.X,position_actual.Y,position_actual.Z,position_actual.A,position_actual.B,position_actual.C,rx_counter,bridge_safe_mode,bridge_allow_motion,batch_seq,batch_consumed,batch_active,unmapped_json
1,/kuka/axis_move/feedback_json,std_msgs/msg/String,2026-08-28T20:15:58.289679-04:00,1787962558,289673526,1787962558289673526,,,,,66349,,,0,0,66349,AxisTarget,1,False,True,True,False,0.0,-90.0,90.0,-0.004938,-0.003916,1e-06,674.677551,-2.331047,885.201538,-1e-06,-0.008562,0.004937,16386,False,True,44,0,False,
2,/kuka/axis_move/feedback_json,std_msgs/msg/String,2026-08-28T20:15:58.413387-04:00,1787962558,413377492,1787962558413377492,123.703966,,,,66350,66349,1,0,0,66350,AxisTarget,1,False,True,True,False,0.0,-90.0,90.0,-0.004938,-0.003916,1e-06,674.677551,-2.331047,885.201538,-1e-06,-0.008562,0.004937,16386,False,True,44,0,False,
3,/kuka/axis_move/feedback_json,std_msgs/msg/String,2026-08-28T20:15:58.537161-04:00,1787962558,537155479,1787962558537155479,123.777987,,,,66351,66350,1,0,0,66351,AxisTarget,1,False,True,True,False,0.0,-90.0,90.0,-0.004938,-0.003916,1e-06,674.677551,-2.331047,885.201538,-1e-06,-0.008562,0.004937,16386,False,True,44,0,False,
4,/kuka/axis_move/feedback_json,std_msgs/msg/String,2026-08-28T20:15:58.757214-04:00,1787962558,757208895,1787962558757208895,220.053416,,,,66352,66351,1,0,0,66352,AxisTarget,1,False,True,True,False,0.0,-90.0,90.0,-0.004938,-0.003916,1e-06,674.677551,-2.331047,885.201538,-1e-06,-0.008562,0.004937,16387,False,True,44,0,False,
5,/kuka/axis_move/feedback_json,std_msgs/msg/String,2026-08-28T20:15:58.885252-04:00,1787962558,885246549,1787962558885246549,128.037654,,,,66353,66352,1,0,0,66353,AxisTarget,1,False,True,True,False,0.0,-90.0,90.0,-0.004938,-0.003916,1e-06,674.677551,-2.331047,885.201538,-1e-06,-0.008562,0.004937,16387,False,True,44,0,False,
6,/kuka/axis_move/feedback_json,std_msgs/msg/String,2026-08-28T20:15:59.009307-04:00,1787962559,9300100,1787962559009300100,124.053551,,,,66354,66353,1,0,0,66354,AxisTarget,1,False,True,True,False,0.0,-90.0,90.0,-0.004938,-0.003916,1e-06,674.677551,-2.331047,885.201538,-1e-06,-0.008562,0.004937,16387,False,True,44,0,False,
7,/kuka/axis_move/feedback_json,std_msgs/msg/String,2026-08-28T20:15:59.135480-04:00,1787962559,135457573,1787962559135457573,126.157473,,,,66355,66354,1,0,0,66355,AxisTarget,1,False,True,True,False,0.0,-90.0,90.0,-0.004938,-0.003916,1e-06,674.677551,-2.331047,885.201538,-1e-06,-0.008562,0.004937,16387,False,True,44,0,False,
8,/kuka/axis_move/feedback_json,std_msgs/msg/String,2026-08-28T20:15:59.349364-04:00,1787962559,349352912,1787962559349352912,213.895339,,,,66356,66355,1,0,0,66356,AxisTarget,1,False,True,True,False,0.0,-90.0,90.0,-0.004938,-0.003916,1e-06,674.677551,-2.331047,885.201538,-1e-06,-0.008562,0.004937,16388,False,True,44,0,False,
9,/kuka/axis_move/feedback_json,std_msgs/msg/String,2026-08-28T20:15:59.477655-04:00,1787962559,477645329,1787962559477645329,128.292417,,,,66357,66356,1,0,0,66357,AxisTarget,1,False,True,True,False,0.0,-90.0,90.0,-0.004938,-0.003916,1e-06,674.677551,-2.331047,885.201538,-1e-06,-0.008562,0.004937,16388,False,True,44,0,False,
10,/kuka/axis_move/feedback_json,std_msgs/msg/String,2026-08-28T20:15:59.601610-04:00,1787962559,601600449,1787962559601600449,123.95512,,,,66358,66357,1,0,0,66358,AxisTarget,1,False,True,True,False,0.0,-90.0,90.0,-0.004938,-0.003916,1e-06,674.677551,-2.331047,885.201538,-1e-06,-0.008562,0.004937,16388,False,True,44,0,False,
11,/kuka/axis_move/feedback_json,std_msgs/msg/String,2026-08-28T20:15:59.725890-04:00,1787962559,725881941,1787962559725881941,124.281492,,,,66359,66358,1,0,0,66359,AxisTarget,1,False,True,True,False,0.0,-90.0,90.0,-0.004938,-0.003916,1e-06,674.677551,-2.331047,885.201538,-1e-06,-0.008562,0.004937,16388,False,True,44,0,False,
12,/kuka/axis_move/feedback_json,std_msgs/msg/String,2026-08-28T20:15:59.941330-04:00,1787962559,941324125,1787962559941324125,215.442184,,,,66360,66359,1,0,0,66360,AxisTarget,1,False,True,True,False,0.0,-90.0,90.0,-0.004938,-0.003916,1e-06,674.677551,-2.331047,885.201538,-1e-06,-0.008562,0.004937,16389,False,True,44,0,False,
13,/kuka/axis_move/feedback_json,std_msgs/msg/String,2026-08-28T20:16:00.064453-04:00,1787962560,64446820,1787962560064446820,123.122695,,,,66361,66360,1,0,0,66361,AxisTarget,1,False,True,True,False,0.0,-90.0,90.0,-0.004938,-0.003916,1e-06,674.677551,-2.331047,885.201538,-1e-06,-0.008562,0.004937,16389,False,True,44,0,False,
14,/kuka/axis_move/feedback_json,std_msgs/msg/String,2026-08-28T20:16:00.191321-04:00,1787962560,191296627,1787962560191296627,126.849807,,,,66362,66361,1,0,0,66362,AxisTarget,1,False,True,True,False,0.0,-90.0,90.0,-0.004938,-0.003916,1e-06,674.677551,-2.331047,885.201538,-1e-06,-0.008562,0.004937,16389,False,True,44,0,False,
15,/kuka/axis_move/feedback_json,std_msgs/msg/String,2026-08-28T20:16:00.313479-04:00,1787962560,313472057,1787962560313472057,122.17543,,,,66363,66362,1,0,0,66363,AxisTarget,1,False,True,True,False,0.0,-90.0,90.0,-0.004938,-0.003916,1e-06,674.677551,-2.331047,885.201538,-1e-06,-0.008562,0.004937,16389,False,True,44,0,False,
16,/kuka/axis_move/feedback_json,std_msgs/msg/String,2026-08-28T20:16:00.534032-04:00,1787962560,534006488,1787962560534006488,220.534431,,,,66364,66363,1,0,0,66364,AxisTarget,1,False,True,True,False,0.0,-90.0,90.0,-0.004938,-0.003916,1e-06,674.677551,-2.331047,885.201538,-1e-06,-0.008562,0.004937,16390,False,True,44,0,False,
17,/kuka/axis_move/feedback_json,std_msgs/msg/String,2026-08-28T20:16:00.661398-04:00,1787962560,661388328,1787962560661388328,127.38184,,,,66365,66364,1,0,0,66365,AxisTarget,1,False,True,True,False,0.0,-90.0,90.0,-0.004938,-0.003916,1e-06,674.677551,-2.331047,885.201538,-1e-06,-0.008562,0.004937,16390,False,True,44,0,False,
18,/kuka/axis_move/feedback_json,std_msgs/msg/String,2026-08-28T20:16:00.782105-04:00,1787962560,782089142,1787962560782089142,120.700814,,,,66366,66365,1,0,0,66366,AxisTarget,1,False,True,True,False,0.0,-90.0,90.0,-0.004938,-0.003916,1e-06,674.677551,-2.331047,885.201538,-1e-06,-0.008562,0.004937,16390,False,True,44,0,False,
19,/kuka/axis_move/feedback_json,std_msgs/msg/String,2026-08-28T20:16:00.905729-04:00,1787962560,905699884,1787962560905699884,123.610742,,,,66367,66366,1,0,0,66367,AxisTarget,1,False,True,True,False,0.0,-90.0,90.0,-0.004938,-0.003916,1e-06,674.677551,-2.331047,885.201538,-1e-06,-0.008562,0.004937,16390,False,True,44,0,False,
20,/kuka/axis_move/feedback_json,std_msgs/msg/String,2026-08-28T20:16:01.120614-04:00,1787962561,120605979,1787962561120605979,214.906095,,,,66368,66367,1,0,0,66368,AxisTarget,1,False,True,True,False,0.0,-90.0,90.0,-0.004938,-0.003916,1e-06,674.677551,-2.331047,885.201538,-1e-06,-0.008562,0.004937,16391,False,True,44,0,False,
21,/kuka/axis_move/feedback_json,std_msgs/msg/String,2026-08-28T20:16:01.247714-04:00,1787962561,247705719,1787962561247705719,127.09974,,,,66369,66368,1,0,0,66369,AxisTarget,1,False,True,True,False,0.0,-90.0,90.0,-0.004938,-0.003916,1e-06,674.677551,-2.331047,885.201538,-1e-06,-0.008562,0.004937,16391,False,True,44,0,False,
22,/kuka/axis_move/feedback_json,std_msgs/msg/String,2026-08-28T20:16:01.377457-04:00,1787962561,377447388,1787962561377447388,129.741669,,,,66370,66369,1,0,0,66370,AxisTarget,1,False,True,True,False,0.0,-90.0,90.0,-0.004938,-0.003916,1e-06,674.677551,-2.331047,885.201538,-1e-06,-0.008562,0.004937,16391,False,True,44,0,False,
23,/kuka/axis_move/feedback_json,std_msgs/msg/String,2026-08-28T20:16:01.505347-04:00,1787962561,505342441,1787962561505342441,127.895053,,,,66371,66370,1,0,0,66371,AxisTarget,1,False,True,True,False,0.0,-90.0,90.0,-0.004938,-0.003916,1e-06,674.677551,-2.331047,885.201538,-1e-06,-0.008562,0.004937,16391,False,True,44,0,False,
24,/kuka/axis_move/feedback_json,std_msgs/msg/String,2026-08-28T20:16:01.721437-04:00,1787962561,721430644,1787962561721430644,216.088203,,,,66372,66371,1,0,0,66372,AxisTarget,1,False,True,True,False,0.0,-90.0,90.0,-0.004938,-0.003916,1e-06,674.677551,-2.331047,885.201538,-1e-06,-0.008562,0.004937,16392,False,True,44,0,False,
25,/kuka/axis_move/feedback_json,std_msgs/msg/String,2026-08-28T20:16:01.851634-04:00,1787962561,851626727,1787962561851626727,130.196083,,,,66373,66372,1,0,0,66373,AxisTarget,1,False,True,True,False,0.0,-90.0,90.0,-0.004938,-0.003916,1e-06,674.677551,-2.331047,885.201538,-1e-06,-0.008562,0.004937,16392,False,True,44,0,False,
26,/kuka/axis_move/feedback_json,std_msgs/msg/String,2026-08-28T20:16:01.983482-04:00,1787962561,983455458,1787962561983455458,131.828731,,,,66374,66373,1,0,0,66374,AxisTarget,1,False,True,True,False,0.0,-90.0,90.0,-0.004938,-0.003916,1e-06,674.677551,-2.331047,885.201538,-1e-06,-0.008562,0.004937,16392,False,True,44,0,False,
27,/kuka/axis_move/feedback_json,std_msgs/msg/String,2026-08-28T20:16:02.123673-04:00,1787962562,123665278,1787962562123665278,140.20982,,,,66375,66374,1,0,0,66375,AxisTarget,1,False,True,True,False,0.0,-90.0,90.0,-0.004938,-0.003916,1e-06,674.677551,-2.331047,885.201538,-1e-06,-0.008562,0.004937,16392,False,True,44,0,False,
28,/kuka/axis_move/feedback_json,std_msgs/msg/String,2026-08-28T20:16:02.349306-04:00,1787962562,349299183,1787962562349299183,225.633905,,,,66376,66375,1,0,0,66376,AxisTarget,1,False,True,True,False,0.0,-90.0,90.0,-0.004938,-0.003916,1e-06,674.677551,-2.331047,885.201538,-1e-06,-0.008562,0.004937,16393,False,True,44,0,False,
29,/kuka/axis_move/feedback_json,std_msgs/msg/String,2026-08-28T20:16:02.477675-04:00,1787962562,477665591,1787962562477665591,128.366408,,,,66377,66376,1,0,0,66377,AxisTarget,1,False,True,True,False,0.0,-90.0,90.0,-0.004938,-0.003916,1e-06,674.677551,-2.331047,885.201538,-1e-06,-0.008562,0.004937,16393,False,True,44,0,False,
30,/kuka/axis_move/feedback_json,std_msgs/msg/String,2026-08-28T20:16:02.601281-04:00,1787962562,601272049,1787962562601272049,123.606458,,,,66378,66377,1,0,0,66378,AxisTarget,1,False,True,True,False,0.0,-90.0,90.0,-0.004938,-0.003916,1e-06,674.677551,-2.331047,885.201538,-1e-06,-0.008562,0.004937,16393,False,True,44,0,False,
31,/kuka/axis_move/feedback_json,std_msgs/msg/String,2026-08-28T20:16:02.725524-04:00,1787962562,725518356,1787962562725518356,124.246307,,,,66379,66378,1,0,0,66379,AxisTarget,1,False,True,True,False,0.0,-90.0,90.0,-0.004938,-0.003916,1e-06,674.677551,-2.331047,885.201538,-1e-06,-0.008562,0.004937,16393,False,True,44,0,False,
32,/kuka/axis_move/feedback_json,std_msgs/msg/String,2026-08-28T20:16:02.944537-04:00,1787962562,944530909,1787962562944530909,219.012553,,,,66380,66379,1,0,0,66380,AxisTarget,1,False,True,True,False,0.0,-90.0,90.0,-0.004938,-0.003916,1e-06,674.677551,-2.331047,885.201538,-1e-06,-0.008562,0.004937,16394,False,True,44,0,False,
33,/kuka/axis_move/feedback_json,std_msgs/msg/String,2026-08-28T20:16:03.072646-04:00,1787962563,72640826,1787962563072640826,128.109917,,,,66381,66380,1,0,0,66381,AxisTarget,1,False,True,True,False,0.0,-90.0,90.0,-0.004938,-0.003916,1e-06,674.677551,-2.331047,885.201538,-1e-06,-0.008562,0.004937,16394,False,True,44,0,False,
34,/kuka/axis_move/feedback_json,std_msgs/msg/String,2026-08-28T20:16:03.191956-04:00,1787962563,191945975,1787962563191945975,119.305149,,,,66382,66381,1,0,0,66382,AxisTarget,1,False,True,True,False,0.0,-90.0,90.0,-0.004938,-0.003916,1e-06,674.677551,-2.331047,885.201538,-1e-06,-0.008562,0.004937,16394,False,True,44,0,False,
35,/kuka/axis_move/feedback_json,std_msgs/msg/String,2026-08-28T20:16:03.317979-04:00,1787962563,317966355,1787962563317966355,126.02038,,,,66383,66382,1,0,0,66383,AxisTarget,1,False,True,True,False,0.0,-90.0,90.0,-0.004938,-0.003916,1e-06,674.677551,-2.331047,885.201538,-1e-06,-0.008562,0.004937,16394,False,True,44,0,False,
36,/kuka/axis_move/feedback_json,std_msgs/msg/String,2026-08-28T20:16:03.533948-04:00,1787962563,533930601,1787962563533930601,215.964246,,,,66384,66383,1,0,0,66384,AxisTarget,1,False,True,True,False,0.0,-90.0,90.0,-0.004938,-0.003916,1e-06,674.677551,-2.331047,885.201538,-1e-06,-0.008562,0.004937,16395,False,True,44,0,False,
37,/kuka/axis_move/feedback_json,std_msgs/msg/String,2026-08-28T20:16:03.661455-04:00,1787962563,661446557,1787962563661446557,127.515956,,,,66385,66384,1,0,0,66385,AxisTarget,1,False,True,True,False,0.0,-90.0,90.0,-0.004938,-0.003916,1e-06,674.677551,-2.331047,885.201538,-1e-06,-0.008562,0.004937,16395,False,True,44,0,False,
38,/kuka/axis_move/feedback_json,std_msgs/msg/String,2026-08-28T20:16:03.783434-04:00,1787962563,783425424,1787962563783425424,121.978867,,,,66386,66385,1,0,0,66386,AxisTarget,1,False,True,True,False,0.0,-90.0,90.0,-0.004938,-0.003916,1e-06,674.677551,-2.331047,885.201538,-1e-06,-0.008562,0.004937,16395,False,True,44,0,False,
39,/kuka/axis_move/feedback_json,std_msgs/msg/String,2026-08-28T20:16:03.905505-04:00,1787962563,905499934,1787962563905499934,122.07451,,,,66387,66386,1,0,0,66387,AxisTarget,1,False,True,True,False,0.0,-90.0,90.0,-0.004938,-0.003916,1e-06,674.677551,-2.331047,885.201538,-1e-06,-0.008562,0.004937,16395,False,True,44,0,False,
40,/kuka/axis_move/feedback_json,std_msgs/msg/String,2026-08-28T20:16:04.121327-04:00,1787962564,121304924,1787962564121304924,215.80499,,,,66388,66387,1,0,0,66388,AxisTarget,1,False,True,True,False,0.0,-90.0,90.0,-0.004938,-0.003916,1e-06,674.677551,-2.331047,885.201538,-1e-06,-0.008562,0.004937,16396,False,True,44,0,False,
41,/kuka/axis_move/feedback_json,std_msgs/msg/String,2026-08-28T20:16:04.248136-04:00,1787962564,248113531,1787962564248113531,126.808607,,,,66389,66388,1,0,0,66389,AxisTarget,1,False,True,True,False,0.0,-90.0,90.0,-0.004938,-0.003916,1e-06,674.677551,-2.331047,885.201538,-1e-06,-0.008562,0.004937,16396,False,True,44,0,False,
42,/kuka/axis_move/feedback_json,std_msgs/msg/String,2026-08-28T20:16:04.369687-04:00,1787962564,369675401,1787962564369675401,121.56187,,,,66390,66389,1,0,0,66390,AxisTarget,1,False,True,True,False,0.0,-90.0,90.0,-0.004938,-0.003916,1e-06,674.677551,-2.331047,885.201538,-1e-06,-0.008562,0.004937,16396,False,True,44,0,False,
43,/kuka/axis_move/feedback_json,std_msgs/msg/String,2026-08-28T20:16:04.493406-04:00,1787962564,493401080,1787962564493401080,123.725679,,,,66391,66390,1,0,0,66391,AxisTarget,1,False,True,True,False,0.0,-90.0,90.0,-0.004938,-0.003916,1e-06,674.677551,-2.331047,885.201538,-1e-06,-0.008562,0.004937,16396,False,True,44,0,False,
44,/kuka/axis_move/feedback_json,std_msgs/msg/String,2026-08-28T20:16:04.709566-04:00,1787962564,709558950,1787962564709558950,216.15787,,,,66392,66391,1,0,0,66392,AxisTarget,1,False,True,True,False,0.0,-90.0,90.0,-0.004938,-0.003916,1e-06,674.677551,-2.331047,885.201538,-1e-06,-0.008562,0.004937,16397,False,True,44,0,False,
45,/kuka/axis_move/feedback_json,std_msgs/msg/String,2026-08-28T20:16:04.833569-04:00,1787962564,833560985,1787962564833560985,124.002035,,,,66393,66392,1,0,0,66393,AxisTarget,1,False,True,True,False,0.0,-90.0,90.0,-0.004938,-0.003916,1e-06,674.677551,-2.331047,885.201538,-1e-06,-0.008562,0.004937,16397,False,True,44,0,False,
46,/kuka/axis_move/feedback_json,std_msgs/msg/String,2026-08-28T20:16:04.959468-04:00,1787962564,959450152,1787962564959450152,125.889167,,,,66394,66393,1,0,0,66394,AxisTarget,1,False,True,True,False,0.0,-90.0,90.0,-0.004938,-0.003916,1e-06,674.677551,-2.331047,885.201538,-1e-06,-0.008562,0.004937,16397,False,True,44,0,False,
47,/kuka/axis_move/feedback_json,std_msgs/msg/String,2026-08-28T20:16:05.087977-04:00,1787962565,87959523,1787962565087959523,128.509371,,,,66395,66394,1,0,0,66395,AxisTarget,1,False,True,True,False,0.0,-90.0,90.0,-0.004938,-0.003916,1e-06,674.677551,-2.331047,885.201538,-1e-06,-0.008562,0.004937,16397,False,True,44,0,False,
48,/kuka/axis_move/feedback_json,std_msgs/msg/String,2026-08-28T20:16:05.303833-04:00,1787962565,303820743,1787962565303820743,215.86122,,,,66396,66395,1,0,0,66396,AxisTarget,1,False,True,True,False,0.0,-90.0,90.0,-0.004938,-0.003916,1e-06,674.677551,-2.331047,885.201538,-1e-06,-0.008562,0.004937,16398,False,True,44,0,False,
49,/kuka/axis_move/feedback_json,std_msgs/msg/String,2026-08-28T20:16:05.433730-04:00,1787962565,433705832,1787962565433705832,129.885089,,,,66397,66396,1,0,0,66397,AxisTarget,1,False,True,True,False,0.0,-90.0,90.0,-0.004938,-0.003916,1e-06,674.677551,-2.331047,885.201538,-1e-06,-0.008562,0.004937,16398,False,True,44,0,False,
50,/kuka/axis_move/feedback_json,std_msgs/msg/String,2026-08-28T20:16:05.558110-04:00,1787962565,558102385,1787962565558102385,124.396553,,,,66398,66397,1,0,0,66398,AxisTarget,1,False,True,True,False,0.0,-90.0,90.0,-0.004938,-0.003916,1e-06,674.677551,-2.331047,885.201538,-1e-06,-0.008562,0.004937,16398,False,True,44,0,False,
51,/kuka/axis_move/feedback_json,std_msgs/msg/String,2026-08-28T20:16:05.683241-04:00,1787962565,683235379,1787962565683235379,125.132994,,,,66399,66398,1,0,0,66399,AxisTarget,1,False,True,True,False,0.0,-90.0,90.0,-0.004938,-0.003916,1e-06,674.677551,-2.331047,885.201538,-1e-06,-0.008562,0.004937,16398,False,True,44,0,False,
52,/kuka/axis_move/feedback_json,std_msgs/msg/String,2026-08-28T20:16:05.897386-04:00,1787962565,897364132,1787962565897364132,214.128753,,,,66400,66399,1,0,0,66400,AxisTarget,1,False,True,True,False,0.0,-90.0,90.0,-0.004938,-0.003916,1e-06,674.677551,-2.331047,885.201538,-1e-06,-0.008562,0.004937,16399,False,True,44,0,False,
53,/kuka/axis_move/feedback_json,std_msgs/msg/String,2026-08-28T20:16:06.023715-04:00,1787962566,23701708,1787962566023701708,126.337576,,,,66401,66400,1,0,0,66401,AxisTarget,1,False,True,True,False,0.0,-90.0,90.0,-0.004938,-0.003916,1e-06,674.677551,-2.331047,885.201538,-1e-06,-0.008562,0.004937,16399,False,True,44,0,False,
54,/kuka/axis_move/feedback_json,std_msgs/msg/String,2026-08-28T20:16:06.147706-04:00,1787962566,147679501,1787962566147679501,123.977793,,,,66402,66401,1,0,0,66402,AxisTarget,1,False,True,True,False,0.0,-90.0,90.0,-0.004938,-0.003916,1e-06,674.677551,-2.331047,885.201538,-1e-06,-0.008562,0.004937,16399,False,True,44,0,False,
55,/kuka/axis_move/feedback_json,std_msgs/msg/String,2026-08-28T20:16:06.273675-04:00,1787962566,273660216,1787962566273660216,125.980715,,,,66403,66402,1,0,0,66403,AxisTarget,1,False,True,True,False,0.0,-90.0,90.0,-0.004938,-0.003916,1e-06,674.677551,-2.331047,885.201538,-1e-06,-0.008562,0.004937,16399,False,True,44,0,False,
56,/kuka/axis_move/feedback_json,std_msgs/msg/String,2026-08-28T20:16:06.513257-04:00,1787962566,513233990,1787962566513233990,239.573774,,,,66404,66403,1,0,0,66404,AxisTarget,1,False,True,True,False,0.0,-90.0,90.0,-0.004938,-0.003916,1e-06,674.677551,-2.331047,885.201538,-1e-06,-0.008562,0.004937,16400,False,True,44,0,False,
57,/kuka/axis_move/feedback_json,std_msgs/msg/String,2026-08-28T20:16:16.694203-04:00,1787962576,694170186,1787962576694170186,10180.936196,,,,66405,66404,1,0,0,66405,AxisTarget,1,False,True,True,False,0.0,-90.0,90.0,-0.004938,-0.003916,1e-06,525.0,0.0,890.005493,51.578213,89.993698,51.578213,16400,False,True,44,0,False,
58,/kuka/axis_move/feedback_json,std_msgs/msg/String,2026-08-28T20:16:16.915051-04:00,1787962576,915041232,1787962576915041232,220.871046,,,,66406,66405,1,0,0,66406,AxisTarget,1,False,True,True,False,0.0,-90.0,90.0,-0.004938,-0.003916,1e-06,525.0,0.0,890.005493,51.578213,89.993698,51.578213,16401,False,True,44,0,False,
59,/kuka/axis_move/feedback_json,std_msgs/msg/String,2026-08-28T20:16:17.040335-04:00,1787962577,40330140,1787962577040330140,125.288908,,,,66407,66406,1,0,0,66407,AxisTarget,1,False,True,True,False,0.0,-90.0,90.0,-0.004938,-0.003916,1e-06,525.0,0.0,890.005493,51.578213,89.993698,51.578213,16401,False,True,44,0,False,
60,/kuka/axis_move/feedback_json,std_msgs/msg/String,2026-08-28T20:16:17.162256-04:00,1787962577,162221931,1787962577162221931,121.891791,,,,66408,66407,1,0,0,66408,AxisTarget,1,False,True,True,False,0.0,-90.0,90.0,-0.004938,-0.003916,1e-06,525.0,0.0,890.005493,51.578213,89.993698,51.578213,16401,False,True,44,0,False,
61,/kuka/axis_move/feedback_json,std_msgs/msg/String,2026-08-28T20:16:17.281920-04:00,1787962577,281908736,1787962577281908736,119.686805,,,,66409,66408,1,0,0,66409,AxisTarget,1,False,True,True,False,0.0,-90.0,90.0,-0.004938,-0.003916,1e-06,525.0,0.0,890.005493,51.578213,89.993698,51.578213,16401,False,True,44,0,False,
62,/kuka/axis_move/feedback_json,std_msgs/msg/String,2026-08-28T20:16:17.504071-04:00,1787962577,504050626,1787962577504050626,222.14189,,,,66410,66409,1,0,0,66410,AxisTarget,1,False,True,True,False,0.0,-90.0,90.0,-0.004938,-0.003916,1e-06,525.0,0.0,890.005493,51.578213,89.993698,51.578213,16402,False,True,44,0,False,
63,/kuka/axis_move/feedback_json,std_msgs/msg/String,2026-08-28T20:16:17.627187-04:00,1787962577,627179220,1787962577627179220,123.128594,,,,66411,66410,1,0,0,66411,AxisTarget,1,False,True,True,False,0.0,-90.0,90.0,-0.004938,-0.003916,1e-06,525.0,0.0,890.005493,51.578213,89.993698,51.578213,16402,False,True,44,0,False,
64,/kuka/axis_move/feedback_json,std_msgs/msg/String,2026-08-28T20:16:17.751314-04:00,1787962577,751298420,1787962577751298420,124.1192,,,,66412,66411,1,0,0,66412,AxisTarget,1,False,True,True,False,0.0,-90.0,90.0,-0.004938,-0.003916,1e-06,525.0,0.0,890.005493,51.578213,89.993698,51.578213,16402,False,True,44,0,False,
65,/kuka/axis_move/feedback_json,std_msgs/msg/String,2026-08-28T20:16:17.878101-04:00,1787962577,878092199,1787962577878092199,126.793779,,,,66413,66412,1,0,0,66413,AxisTarget,1,False,True,True,False,0.0,-90.0,90.0,-0.004938,-0.003916,1e-06,525.0,0.0,890.005493,51.578213,89.993698,51.578213,16402,False,True,44,0,False,
66,/kuka/axis_move/feedback_json,std_msgs/msg/String,2026-08-28T20:16:18.098875-04:00,1787962578,98866684,1787962578098866684,220.774485,,,,66414,66413,1,0,0,66414,AxisTarget,1,False,True,True,False,0.0,-90.0,90.0,-0.004938,-0.003916,1e-06,525.0,0.0,890.005493,51.578213,89.993698,51.578213,16403,False,True,44,0,False,
67,/kuka/axis_move/feedback_json,std_msgs/msg/String,2026-08-28T20:16:18.219264-04:00,1787962578,219253909,1787962578219253909,120.387225,,,,66415,66414,1,0,0,66415,AxisTarget,1,False,True,True,False,0.0,-90.0,90.0,-0.004938,-0.003916,1e-06,525.0,0.0,890.005493,51.578213,89.993698,51.578213,16403,False,True,44,0,False,
68,/kuka/axis_move/feedback_json,std_msgs/msg/String,2026-08-28T20:16:18.341735-04:00,1787962578,341728977,1787962578341728977,122.475068,,,,66416,66415,1,0,0,66416,AxisTarget,1,False,True,True,False,0.0,-90.0,90.0,-0.004938,-0.003916,1e-06,525.0,0.0,890.005493,51.578213,89.993698,51.578213,16403,False,True,44,0,False,
69,/kuka/axis_move/feedback_json,std_msgs/msg/String,2026-08-28T20:16:18.469211-04:00,1787962578,469201334,1787962578469201334,127.472357,,,,66417,66416,1,0,0,66417,AxisTarget,1,False,True,True,False,0.0,-90.0,90.0,-0.004938,-0.003916,1e-06,525.0,0.0,890.005493,51.578213,89.993698,51.578213,16403,False,True,44,0,False,
70,/kuka/axis_move/feedback_json,std_msgs/msg/String,2026-08-28T20:16:18.693800-04:00,1787962578,693791237,1787962578693791237,224.589903,,,,66418,66417,1,0,0,66418,AxisTarget,1,False,True,True,False,0.0,-90.0,90.0,-0.004938,-0.003916,1e-06,525.0,0.0,890.005493,51.578213,89.993698,51.578213,16404,False,True,44,0,False,
71,/kuka/axis_move/feedback_json,std_msgs/msg/String,2026-08-28T20:16:18.817799-04:00,1787962578,817792419,1787962578817792419,124.001182,,,,66419,66418,1,0,0,66419,AxisTarget,1,False,True,True,False,0.0,-90.0,90.0,-0.004938,-0.003916,1e-06,525.0,0.0,890.005493,51.578213,89.993698,51.578213,16404,False,True,44,0,False,
72,/kuka/axis_move/feedback_json,std_msgs/msg/String,2026-08-28T20:16:18.944360-04:00,1787962578,944354745,1787962578944354745,126.562326,,,,66420,66419,1,0,0,66420,AxisTarget,1,False,True,True,False,0.0,-90.0,90.0,-0.004938,-0.003916,1e-06,525.0,0.0,890.005493,51.578213,89.993698,51.578213,16404,False,True,44,0,False,
73,/kuka/axis_move/feedback_json,std_msgs/msg/String,2026-08-28T20:16:19.067225-04:00,1787962579,67214102,1787962579067214102,122.859357,,,,66421,66420,1,0,0,66421,AxisTarget,1,False,True,True,False,0.0,-90.0,90.0,-0.004938,-0.003916,1e-06,525.0,0.0,890.005493,51.578213,89.993698,51.578213,16404,False,True,44,0,False,
74,/kuka/axis_move/feedback_json,std_msgs/msg/String,2026-08-28T20:16:19.286027-04:00,1787962579,286017178,1787962579286017178,218.803076,,,,66422,66421,1,0,0,66422,AxisTarget,1,False,True,True,False,0.0,-90.0,90.0,-0.004938,-0.003916,1e-06,525.0,0.0,890.005493,51.578213,89.993698,51.578213,16405,False,True,44,0,False,
75,/kuka/axis_move/feedback_json,std_msgs/msg/String,2026-08-28T20:16:19.410222-04:00,1787962579,410205563,1787962579410205563,124.188385,,,,66423,66422,1,0,0,66423,AxisTarget,1,False,True,True,False,0.0,-90.0,90.0,-0.004938,-0.003916,1e-06,525.0,0.0,890.005493,51.578213,89.993698,51.578213,16405,False,True,44,0,False,
76,/kuka/axis_move/feedback_json,std_msgs/msg/String,2026-08-28T20:16:19.533792-04:00,1787962579,533783507,1787962579533783507,123.577944,,,,66424,66423,1,0,0,66424,AxisTarget,1,False,True,True,False,0.0,-90.0,90.0,-0.004938,-0.003916,1e-06,525.0,0.0,890.005493,51.578213,89.993698,51.578213,16405,False,True,44,0,False,
77,/kuka/axis_move/feedback_json,std_msgs/msg/String,2026-08-28T20:16:19.657964-04:00,1787962579,657952234,1787962579657952234,124.168727,,,,66425,66424,1,0,0,66425,AxisTarget,1,False,True,True,False,0.0,-90.0,90.0,-0.004938,-0.003916,1e-06,525.0,0.0,890.005493,51.578213,89.993698,51.578213,16405,False,True,44,0,False,
78,/kuka/axis_move/feedback_json,std_msgs/msg/String,2026-08-28T20:16:19.879100-04:00,1787962579,879088410,1787962579879088410,221.136176,,,,66426,66425,1,0,0,66426,AxisTarget,1,False,True,True,False,0.0,-90.0,90.0,-0.004938,-0.003916,1e-06,525.0,0.0,890.005493,51.578213,89.993698,51.578213,16406,False,True,44,0,False,
79,/kuka/axis_move/feedback_json,std_msgs/msg/String,2026-08-28T20:16:20.001793-04:00,1787962580,1787722,1787962580001787722,122.699312,,,,66427,66426,1,0,0,66427,AxisTarget,1,False,True,True,False,0.0,-90.0,90.0,-0.004938,-0.003916,1e-06,525.0,0.0,890.005493,51.578213,89.993698,51.578213,16406,False,True,44,0,False,
80,/kuka/axis_move/feedback_json,std_msgs/msg/String,2026-08-28T20:16:20.123901-04:00,1787962580,123893932,1787962580123893932,122.10621,,,,66428,66427,1,0,0,66428,AxisTarget,1,False,True,True,False,0.0,-90.0,90.0,-0.004938,-0.003916,1e-06,525.0,0.0,890.005493,51.578213,89.993698,51.578213,16406,False,True,44,0,False,
81,/kuka/axis_move/feedback_json,std_msgs/msg/String,2026-08-28T20:16:20.247643-04:00,1787962580,247631757,1787962580247631757,123.737825,,,,66429,66428,1,0,0,66429,AxisTarget,1,False,True,True,False,0.0,-90.0,90.0,-0.004938,-0.003916,1e-06,525.0,0.0,890.005493,51.578213,89.993698,51.578213,16406,False,True,44,0,False,
82,/kuka/axis_move/feedback_json,std_msgs/msg/String,2026-08-28T20:16:20.466298-04:00,1787962580,466281807,1787962580466281807,218.65005,,,,66430,66429,1,0,0,66430,AxisTarget,1,False,True,True,False,0.0,-90.0,90.0,-0.004938,-0.003916,1e-06,525.0,0.0,890.005493,51.578213,89.993698,51.578213,16407,False,True,44,0,False,
83,/kuka/axis_move/feedback_json,std_msgs/msg/String,2026-08-28T20:16:20.590333-04:00,1787962580,590322358,1787962580590322358,124.040551,,,,66431,66430,1,0,0,66431,AxisTarget,1,False,True,True,False,0.0,-90.0,90.0,-0.004938,-0.003916,1e-06,525.0,0.0,890.005493,51.578213,89.993698,51.578213,16407,False,True,44,0,False,
84,/kuka/axis_move/feedback_json,std_msgs/msg/String,2026-08-28T20:16:20.711936-04:00,1787962580,711924970,1787962580711924970,121.602612,,,,66432,66431,1,0,0,66432,AxisTarget,1,False,True,True,False,0.0,-90.0,90.0,-0.004938,-0.003916,1e-06,525.0,0.0,890.005493,51.578213,89.993698,51.578213,16407,False,True,44,0,False,
85,/kuka/axis_move/feedback_json,std_msgs/msg/String,2026-08-28T20:16:20.835294-04:00,1787962580,835260710,1787962580835260710,123.33574,,,,66433,66432,1,0,0,66433,AxisTarget,1,False,True,True,False,0.0,-90.0,90.0,-0.004938,-0.003916,1e-06,525.0,0.0,890.005493,51.578213,89.993698,51.578213,16407,False,True,44,0,False,
86,/kuka/axis_move/feedback_json,std_msgs/msg/String,2026-08-28T20:16:21.055780-04:00,1787962581,55774965,1787962581055774965,220.514255,,,,66434,66433,1,0,0,66434,AxisTarget,1,False,True,True,False,0.0,-90.0,90.0,-0.004938,-0.003916,1e-06,525.0,0.0,890.005493,51.578213,89.993698,51.578213,16408,False,True,44,0,False,
87,/kuka/axis_move/feedback_json,std_msgs/msg/String,2026-08-28T20:16:21.178384-04:00,1787962581,178375443,1787962581178375443,122.600478,,,,66435,66434,1,0,0,66435,AxisTarget,1,False,True,True,False,0.0,-90.0,90.0,-0.004938,-0.003916,1e-06,525.0,0.0,890.005493,51.578213,89.993698,51.578213,16408,False,True,44,0,False,
88,/kuka/axis_move/feedback_json,std_msgs/msg/String,2026-08-28T20:16:21.304578-04:00,1787962581,304571523,1787962581304571523,126.19608,,,,66436,66435,1,0,0,66436,AxisTarget,1,False,True,True,False,0.0,-90.0,90.0,-0.004938,-0.003916,1e-06,525.0,0.0,890.005493,51.578213,89.993698,51.578213,16408,False,True,44,0,False,
89,/kuka/axis_move/feedback_json,std_msgs/msg/String,2026-08-28T20:16:21.426344-04:00,1787962581,426328376,1787962581426328376,121.756853,,,,66437,66436,1,0,0,66437,AxisTarget,1,False,True,True,False,0.0,-90.0,90.0,-0.004938,-0.003916,1e-06,525.0,0.0,890.005493,51.578213,89.993698,51.578213,16408,False,True,44,0,False,
90,/kuka/axis_move/feedback_json,std_msgs/msg/String,2026-08-28T20:16:21.641737-04:00,1787962581,641691005,1787962581641691005,215.362629,,,,66438,66437,1,0,0,66438,AxisTarget,1,False,True,True,False,0.0,-90.0,90.0,-0.004938,-0.003916,1e-06,525.0,0.0,890.005493,51.578213,89.993698,51.578213,16409,False,True,44,0,False,
91,/kuka/axis_move/feedback_json,std_msgs/msg/String,2026-08-28T20:16:21.765534-04:00,1787962581,765511194,1787962581765511194,123.820189,,,,66439,66438,1,0,0,66439,AxisTarget,1,False,True,True,False,0.0,-90.0,90.0,-0.004938,-0.003916,1e-06,525.0,0.0,890.005493,51.578213,89.993698,51.578213,16409,False,True,44,0,False,
92,/kuka/axis_move/feedback_json,std_msgs/msg/String,2026-08-28T20:16:21.889621-04:00,1787962581,889599924,1787962581889599924,124.08873,,,,66440,66439,1,0,0,66440,AxisTarget,1,False,True,True,False,0.0,-90.0,90.0,-0.004938,-0.003916,1e-06,525.0,0.0,890.005493,51.578213,89.993698,51.578213,16409,False,True,44,0,False,
93,/kuka/axis_move/feedback_json,std_msgs/msg/String,2026-08-28T20:16:22.019360-04:00,1787962582,19340047,1787962582019340047,129.740123,,,,66441,66440,1,0,0,66441,AxisTarget,1,False,True,True,False,0.0,-90.0,90.0,-0.004938,-0.003916,1e-06,525.0,0.0,890.005493,51.578213,89.993698,51.578213,16409,False,True,44,0,False,
94,/kuka/axis_move/feedback_json,std_msgs/msg/String,2026-08-28T20:16:22.240704-04:00,1787962582,240681447,1787962582240681447,221.3414,,,,66442,66441,1,0,0,66442,AxisTarget,1,False,True,True,False,0.0,-90.0,90.0,-0.004938,-0.003916,1e-06,525.0,0.0,890.005493,51.578213,89.993698,51.578213,16410,False,True,44,0,False,
95,/kuka/axis_move/feedback_json,std_msgs/msg/String,2026-08-28T20:16:22.362213-04:00,1787962582,362201807,1787962582362201807,121.52036,,,,66443,66442,1,0,0,66443,AxisTarget,1,False,True,True,False,0.0,-90.0,90.0,-0.004938,-0.003916,1e-06,525.0,0.0,890.005493,51.578213,89.993698,51.578213,16410,False,True,44,0,False,
96,/kuka/axis_move/feedback_json,std_msgs/msg/String,2026-08-28T20:16:22.486148-04:00,1787962582,486142673,1787962582486142673,123.940866,,,,66444,66443,1,0,0,66444,AxisTarget,1,False,True,True,False,0.0,-90.0,90.0,-0.004938,-0.003916,1e-06,525.0,0.0,890.005493,51.578213,89.993698,51.578213,16410,False,True,44,0,False,
97,/kuka/axis_move/feedback_json,std_msgs/msg/String,2026-08-28T20:16:22.607006-04:00,1787962582,607000141,1787962582607000141,120.857468,,,,66445,66444,1,0,0,66445,AxisTarget,1,False,True,True,False,0.0,-90.0,90.0,-0.004938,-0.003916,1e-06,525.0,0.0,890.005493,51.578213,89.993698,51.578213,16410,False,True,44,0,False,
98,/kuka/axis_move/feedback_json,std_msgs/msg/String,2026-08-28T20:16:22.829951-04:00,1787962582,829945433,1787962582829945433,222.945292,,,,66446,66445,1,0,0,66446,AxisTarget,1,False,True,True,False,0.0,-90.0,90.0,-0.004938,-0.003916,1e-06,525.0,0.0,890.005493,51.578213,89.993698,51.578213,16411,False,True,44,0,False,
99,/kuka/axis_move/feedback_json,std_msgs/msg/String,2026-08-28T20:16:22.954817-04:00,1787962582,954796501,1787962582954796501,124.851068,,,,66447,66446,1,0,0,66447,AxisTarget,1,False,True,True,False,0.0,-90.0,90.0,-0.004938,-0.003916,1e-06,525.0,0.0,890.005493,51.578213,89.993698,51.578213,16411,False,True,44,0,False,
100,/kuka/axis_move/feedback_json,std_msgs/msg/String,2026-08-28T20:16:23.082147-04:00,1787962583,82136001,1787962583082136001,127.3395,,,,66448,66447,1,0,0,66448,AxisTarget,1,False,True,True,False,0.0,-90.0,90.0,-0.004938,-0.003916,1e-06,525.0,0.0,890.005493,51.578213,89.993698,51.578213,16411,False,True,44,0,False,
101,/kuka/axis_move/feedback_json,std_msgs/msg/String,2026-08-28T20:16:23.206921-04:00,1787962583,206905200,1787962583206905200,124.769199,,,,66449,66448,1,0,0,66449,AxisTarget,1,False,True,True,False,0.0,-90.0,90.0,-0.004938,-0.003916,1e-06,525.0,0.0,890.005493,51.578213,89.993698,51.578213,16411,False,True,44,0,False,
102,/kuka/axis_move/feedback_json,std_msgs/msg/String,2026-08-28T20:16:23.424953-04:00,1787962583,424947157,1787962583424947157,218.041957,,,,66450,66449,1,0,0,66450,AxisTarget,1,False,True,True,False,0.0,-90.0,90.0,-0.004938,-0.003916,1e-06,525.0,0.0,890.005493,51.578213,89.993698,51.578213,16412,False,True,44,0,False,
103,/kuka/axis_move/feedback_json,std_msgs/msg/String,2026-08-28T20:16:23.553266-04:00,1787962583,553260620,1787962583553260620,128.313463,,,,66451,66450,1,0,0,66451,AxisTarget,1,False,True,True,False,0.0,-90.0,90.0,-0.004938,-0.003916,1e-06,525.0,0.0,890.005493,51.578213,89.993698,51.578213,16412,False,True,44,0,False,
104,/kuka/axis_move/feedback_json,std_msgs/msg/String,2026-08-28T20:16:23.679527-04:00,1787962583,679522239,1787962583679522239,126.261619,,,,66452,66451,1,0,0,66452,AxisTarget,1,False,True,True,False,0.0,-90.0,90.0,-0.004938,-0.003916,1e-06,525.0,0.0,890.005493,51.578213,89.993698,51.578213,16412,False,True,44,0,False,
105,/kuka/axis_move/feedback_json,std_msgs/msg/String,2026-08-28T20:16:23.801558-04:00,1787962583,801547446,1787962583801547446,122.025207,,,,66453,66452,1,0,0,66453,AxisTarget,1,False,True,True,False,0.0,-90.0,90.0,-0.004938,-0.003916,1e-06,525.0,0.0,890.005493,51.578213,89.993698,51.578213,16412,False,True,44,0,False,
106,/kuka/axis_move/feedback_json,std_msgs/msg/String,2026-08-28T20:16:24.017979-04:00,1787962584,17967887,1787962584017967887,216.420441,,,,66454,66453,1,0,0,66454,AxisTarget,1,False,True,True,False,0.0,-90.0,90.0,-0.004938,-0.003916,1e-06,525.0,0.0,890.005493,51.578213,89.993698,51.578213,16413,False,True,44,0,False,
107,/kuka/axis_move/feedback_json,std_msgs/msg/String,2026-08-28T20:16:24.143162-04:00,1787962584,143154798,1787962584143154798,125.186911,,,,66455,66454,1,0,0,66455,AxisTarget,1,False,True,True,False,0.0,-90.0,90.0,-0.004938,-0.003916,1e-06,525.0,0.0,890.005493,51.578213,89.993698,51.578213,16413,False,True,44,0,False,
108,/kuka/axis_move/feedback_json,std_msgs/msg/String,2026-08-28T20:16:24.269903-04:00,1787962584,269890937,1787962584269890937,126.736139,,,,66456,66455,1,0,0,66456,AxisTarget,1,False,True,True,False,0.0,-90.0,90.0,-0.004938,-0.003916,1e-06,525.0,0.0,890.005493,51.578213,89.993698,51.578213,16413,False,True,44,0,False,
109,/kuka/axis_move/feedback_json,std_msgs/msg/String,2026-08-28T20:16:24.390989-04:00,1787962584,390972266,1787962584390972266,121.081329,,,,66457,66456,1,0,0,66457,AxisTarget,1,False,True,True,False,0.0,-90.0,90.0,-0.004938,-0.003916,1e-06,525.0,0.0,890.005493,51.578213,89.993698,51.578213,16413,False,True,44,0,False,
110,/kuka/axis_move/feedback_json,std_msgs/msg/String,2026-08-28T20:16:24.607275-04:00,1787962584,607245893,1787962584607245893,216.273627,,,,66458,66457,1,0,0,66458,AxisTarget,1,False,True,True,False,0.0,-90.0,90.0,-0.004938,-0.003916,1e-06,525.0,0.0,890.005493,51.578213,89.993698,51.578213,16414,False,True,44,0,False,
111,/kuka/axis_move/feedback_json,std_msgs/msg/String,2026-08-28T20:16:24.730131-04:00,1787962584,730120754,1787962584730120754,122.874861,,,,66459,66458,1,0,0,66459,AxisTarget,1,False,True,True,False,0.0,-90.0,90.0,-0.004938,-0.003916,1e-06,525.0,0.0,890.005493,51.578213,89.993698,51.578213,16414,False,True,44,0,False,
112,/kuka/axis_move/feedback_json,std_msgs/msg/String,2026-08-28T20:16:24.946237-04:00,1787962584,946227093,1787962584946227093,216.106339,,,,66460,66459,1,0,0,66460,AxisTarget,1,True,True,True,False,0.0,-90.0,90.0,-0.004938,-0.003916,1e-06,525.0,0.0,890.005493,51.578213,89.993698,51.578213,16415,False,True,44,0,False,
113,/kuka/axis_move/feedback_json,std_msgs/msg/String,2026-08-28T20:16:25.166177-04:00,1787962585,166172052,1787962585166172052,219.944959,,,,66461,66460,1,0,0,66461,AxisTarget,1,True,True,True,False,0.000978,-90.000061,89.999794,-0.005223,-0.00397,0.000109,524.999634,-0.005957,890.006592,51.006721,89.993546,51.007374,16416,False,True,44,0,False,
114,/kuka/axis_move/feedback_json,std_msgs/msg/String,2026-08-28T20:16:25.386017-04:00,1787962585,386006940,1787962585386006940,219.834888,,,,66462,66461,1,0,0,66462,AxisTarget,1,True,True,True,False,0.045759,-90.002441,89.992706,-0.013913,-0.00542,0.002691,524.977112,-0.39272,890.080688,37.091003,89.983002,37.133862,16417,False,True,44,0,False,
115,/kuka/axis_move/feedback_json,std_msgs/msg/String,2026-08-28T20:16:25.610082-04:00,1787962585,610070214,1787962585610070214,224.063274,,,,66463,66462,1,0,0,66463,AxisTarget,1,True,True,True,False,0.16561,-90.008705,89.975166,-0.035085,-0.008899,0.008796,524.91449,-1.441066,890.281616,31.774097,89.95372,31.931389,16418,False,True,44,0,False,
116,/kuka/axis_move/feedback_json,std_msgs/msg/String,2026-08-28T20:16:25.825992-04:00,1787962585,825987127,1787962585825987127,215.916913,,,,66464,66463,1,0,0,66464,AxisTarget,1,True,True,True,False,0.356076,-90.018616,89.947174,-0.068738,-0.014409,0.018426,524.805359,-3.186561,890.61615,30.03834,89.904793,30.386208,16419,False,True,44,0,False,
117,/kuka/axis_move/feedback_json,std_msgs/msg/String,2026-08-28T20:16:26.049291-04:00,1787962586,49260196,1787962586049260196,223.273069,,,,66465,66464,1,0,0,66465,AxisTarget,1,True,True,True,False,0.604482,-90.031471,89.911057,-0.112679,-0.02156,0.03085,524.654663,-5.452258,891.050598,29.205973,89.841232,29.801311,16420,False,True,44,0,False,
118,/kuka/axis_move/feedback_json,std_msgs/msg/String,2026-08-28T20:16:26.266060-04:00,1787962586,266050437,1787962586266050437,216.790241,,,,66466,66465,1,0,0,66466,AxisTarget,1,True,True,True,False,0.816996,-90.042389,89.880623,-0.14802,-0.02727,0.040702,524.515442,-7.42062,891.428162,28.764721,89.785973,29.575148,16421,False,True,44,0,False,
119,/kuka/axis_move/feedback_json,std_msgs/msg/String,2026-08-28T20:16:26.486335-04:00,1787962586,486323904,1787962586486323904,220.273467,,,,66467,66466,1,0,0,66467,AxisTarget,1,True,True,True,False,0.957412,-90.049576,89.860641,-0.171647,-0.031075,0.047245,524.419922,-8.710891,891.67572,28.529581,89.749741,29.48105,16422,False,True,44,0,False,
120,/kuka/axis_move/feedback_json,std_msgs/msg/String,2026-08-28T20:16:26.705814-04:00,1787962586,705802299,1787962586705802299,219.478395,,,,66468,66467,1,0,0,66468,AxisTarget,1,True,True,True,False,1.025728,-90.05304,89.851044,-0.18288,-0.032864,0.050286,524.369324,-9.377398,891.80365,28.41802,89.73101,29.442362,16423,False,True,44,0,False,
121,/kuka/axis_move/feedback_json,std_msgs/msg/String,2026-08-28T20:16:26.937919-04:00,1787962586,937896488,1787962586937896488,232.094189,,,,66469,66468,1,0,0,66469,AxisTarget,1,True,True,True,False,1.0332,-90.053398,89.850197,-0.1838,-0.033,0.0505,524.36322,-9.45688,891.818909,28.405073,89.728783,29.438103,16424,False,True,44,0,False,
122,/kuka/axis_move/feedback_json,std_msgs/msg/String,2026-08-28T20:16:27.160008-04:00,1787962587,159998491,1787962587159998491,222.102003,,,,66470,66469,1,0,0,66470,AxisTarget,1,True,True,True,False,1.0332,-90.053398,89.850197,-0.1838,-0.033,0.0505,524.36322,-9.45688,891.818909,28.405073,89.728783,29.438103,16425,False,True,44,0,False,
123,/kuka/axis_move/feedback_json,std_msgs/msg/String,2026-08-28T20:16:27.382096-04:00,1787962587,382087899,1787962587382087899,222.089408,,,,66471,66470,1,0,0,66471,AxisTarget,1,True,True,True,False,1.0332,-90.053398,89.850197,-0.1838,-0.033,0.0505,524.36322,-9.45688,891.818909,28.405073,89.728783,29.438103,16426,False,True,44,0,False,
124,/kuka/axis_move/feedback_json,std_msgs/msg/String,2026-08-28T20:16:27.597942-04:00,1787962587,597935541,1787962587597935541,215.847642,,,,66472,66471,1,0,0,66472,AxisTarget,1,True,True,True,False,1.0332,-90.053398,89.850197,-0.1838,-0.033,0.0505,524.36322,-9.45688,891.818909,28.405073,89.728783,29.438103,16427,False,True,44,0,False,
125,/kuka/axis_move/feedback_json,std_msgs/msg/String,2026-08-28T20:16:27.814289-04:00,1787962587,814274186,1787962587814274186,216.338645,,,,66473,66472,1,0,0,66473,AxisTarget,1,True,True,True,False,1.0332,-90.053398,89.850197,-0.1838,-0.033,0.0505,524.36322,-9.45688,891.818909,28.405073,89.728783,29.438103,16428,False,True,44,0,False,
126,/kuka/axis_move/feedback_json,std_msgs/msg/String,2026-08-28T20:16:28.031777-04:00,1787962588,31771155,1787962588031771155,217.496969,,,,66474,66473,1,0,0,66474,AxisTarget,1,True,True,True,False,1.0332,-90.053398,89.850197,-0.1838,-0.033,0.0505,524.36322,-9.45688,891.818909,28.405073,89.728783,29.438103,16429,False,True,44,0,False,
127,/kuka/axis_move/feedback_json,std_msgs/msg/String,2026-08-28T20:16:28.153902-04:00,1787962588,153877593,1787962588153877593,122.106438,,,,66475,66474,1,0,0,66475,AxisTarget,1,True,True,True,False,1.0332,-90.053398,89.850197,-0.1838,-0.033,0.0505,524.36322,-9.45688,891.818909,28.405073,89.728783,29.438103,16429,False,True,44,0,False,
128,/kuka/axis_move/feedback_json,std_msgs/msg/String,2026-08-28T20:16:28.281588-04:00,1787962588,281565421,1787962588281565421,127.687828,,,,66476,66475,1,0,0,66476,AxisTarget,1,True,True,True,False,1.0332,-90.053398,89.850197,-0.1838,-0.033,0.0505,524.36322,-9.45688,891.818909,28.405073,89.728783,29.438103,16429,False,True,44,0,False,
129,/kuka/axis_move/feedback_json,std_msgs/msg/String,2026-08-28T20:16:28.405559-04:00,1787962588,405542198,1787962588405542198,123.976777,,,,66477,66476,1,0,0,66477,AxisTarget,1,True,True,True,False,1.0332,-90.053398,89.850197,-0.1838,-0.033,0.0505,524.36322,-9.45688,891.818909,28.405073,89.728783,29.438103,16429,False,True,44,0,False,
130,/kuka/axis_move/feedback_json,std_msgs/msg/String,2026-08-28T20:16:28.626196-04:00,1787962588,626185218,1787962588626185218,220.64302,,,,66478,66477,1,0,0,66478,AxisTarget,1,True,True,True,False,1.0332,-90.053398,89.850197,-0.1838,-0.033,0.0505,524.36322,-9.45688,891.818909,28.405073,89.728783,29.438103,16430,False,True,44,0,False,
131,/kuka/axis_move/feedback_json,std_msgs/msg/String,2026-08-28T20:16:28.750167-04:00,1787962588,750157366,1787962588750157366,123.972148,,,,66479,66478,1,0,0,66479,AxisTarget,1,True,True,True,False,1.0332,-90.053398,89.850197,-0.1838,-0.033,0.0505,524.36322,-9.45688,891.818909,28.405073,89.728783,29.438103,16430,False,True,44,0,False,
132,/kuka/axis_move/feedback_json,std_msgs/msg/String,2026-08-28T20:16:28.874218-04:00,1787962588,874209827,1787962588874209827,124.052461,,,,66480,66479,1,0,0,66480,AxisTarget,1,True,True,True,False,1.0332,-90.053398,89.850197,-0.1838,-0.033,0.0505,524.36322,-9.45688,891.818909,28.405073,89.728783,29.438103,16430,False,True,44,0,False,
133,/kuka/axis_move/feedback_json,std_msgs/msg/String,2026-08-28T20:16:29.003828-04:00,1787962589,3821265,1787962589003821265,129.611438,,,,66481,66480,1,0,0,66481,AxisTarget,1,True,True,True,True,1.0332,-90.053398,89.850197,-0.1838,-0.033,0.0505,524.36322,-9.45688,891.818909,28.405073,89.728783,29.438103,16430,False,True,44,0,False,
134,/kuka/axis_move/feedback_json,std_msgs/msg/String,2026-08-28T20:16:29.230144-04:00,1787962589,230134218,1787962589230134218,226.312953,,,,66482,66481,1,0,0,66482,AxisTarget,1,False,True,True,False,1.0332,-90.053398,89.850197,-0.1838,-0.033,0.0505,524.36322,-9.45688,891.818909,28.405073,89.728783,29.438103,16431,False,True,44,0,False,
135,/kuka/axis_move/feedback_json,std_msgs/msg/String,2026-08-28T20:16:29.355396-04:00,1787962589,355374095,1787962589355374095,125.239877,,,,66483,66482,1,0,0,66483,AxisTarget,1,False,True,True,False,1.0332,-90.053398,89.850197,-0.1838,-0.033,0.0505,524.36322,-9.45688,891.818909,28.405073,89.728783,29.438103,16431,False,True,44,0,False,
136,/kuka/axis_move/feedback_json,std_msgs/msg/String,2026-08-28T20:16:29.481915-04:00,1787962589,481893366,1787962589481893366,126.519271,,,,66484,66483,1,0,0,66484,AxisTarget,1,False,True,True,False,1.0332,-90.053398,89.850197,-0.1838,-0.033,0.0505,524.36322,-9.45688,891.818909,28.405073,89.728783,29.438103,16431,False,True,44,0,False,
137,/kuka/axis_move/feedback_json,std_msgs/msg/String,2026-08-28T20:16:29.601841-04:00,1787962589,601816297,1787962589601816297,119.922931,,,,66485,66484,1,0,0,66485,AxisTarget,1,False,True,True,False,1.0332,-90.053398,89.850197,-0.1838,-0.033,0.0505,524.36322,-9.45688,891.818909,28.405073,89.728783,29.438103,16431,False,True,44,0,False,
138,/kuka/axis_move/feedback_json,std_msgs/msg/String,2026-08-28T20:16:29.822957-04:00,1787962589,822923947,1787962589822923947,221.10765,,,,66486,66485,1,0,0,66486,AxisTarget,1,False,True,True,False,1.0332,-90.053398,89.850197,-0.1838,-0.033,0.0505,524.36322,-9.45688,891.818909,28.405073,89.728783,29.438103,16432,False,True,44,0,False,
139,/kuka/axis_move/feedback_json,std_msgs/msg/String,2026-08-28T20:16:29.945962-04:00,1787962589,945933531,1787962589945933531,123.009584,,,,66487,66486,1,0,0,66487,AxisTarget,1,False,True,True,False,1.0332,-90.053398,89.850197,-0.1838,-0.033,0.0505,524.36322,-9.45688,891.818909,28.405073,89.728783,29.438103,16432,False,True,44,0,False,
140,/kuka/axis_move/feedback_json,std_msgs/msg/String,2026-08-28T20:16:30.070283-04:00,1787962590,70272402,1787962590070272402,124.338871,,,,66488,66487,1,0,0,66488,AxisTarget,1,False,True,True,False,1.0332,-90.053398,89.850197,-0.1838,-0.033,0.0505,524.36322,-9.45688,891.818909,28.405073,89.728783,29.438103,16432,False,True,44,0,False,
141,/kuka/axis_move/feedback_json,std_msgs/msg/String,2026-08-28T20:16:30.192704-04:00,1787962590,192687782,1787962590192687782,122.41538,,,,66489,66488,1,0,0,66489,AxisTarget,1,False,True,True,False,1.0332,-90.053398,89.850197,-0.1838,-0.033,0.0505,524.36322,-9.45688,891.818909,28.405073,89.728783,29.438103,16432,False,True,44,0,False,
142,/kuka/axis_move/feedback_json,std_msgs/msg/String,2026-08-28T20:16:30.414243-04:00,1787962590,414238710,1787962590414238710,221.550928,,,,66490,66489,1,0,0,66490,AxisTarget,1,False,True,True,False,1.0332,-90.053398,89.850197,-0.1838,-0.033,0.0505,524.36322,-9.45688,891.818909,28.405073,89.728783,29.438103,16433,False,True,44,0,False,
143,/kuka/axis_move/feedback_json,std_msgs/msg/String,2026-08-28T20:16:30.538013-04:00,1787962590,537989621,1787962590537989621,123.750911,,,,66491,66490,1,0,0,66491,AxisTarget,1,False,True,True,False,1.0332,-90.053398,89.850197,-0.1838,-0.033,0.0505,524.36322,-9.45688,891.818909,28.405073,89.728783,29.438103,16433,False,True,44,0,False,
144,/kuka/axis_move/feedback_json,std_msgs/msg/String,2026-08-28T20:16:30.664038-04:00,1787962590,664032493,1787962590664032493,126.042872,,,,66492,66491,1,0,0,66492,AxisTarget,1,False,True,True,False,1.0332,-90.053398,89.850197,-0.1838,-0.033,0.0505,524.36322,-9.45688,891.818909,28.405073,89.728783,29.438103,16433,False,True,44,0,False,
145,/kuka/axis_move/feedback_json,std_msgs/msg/String,2026-08-28T20:16:30.785760-04:00,1787962590,785742331,1787962590785742331,121.709838,,,,66493,66492,1,0,0,66493,AxisTarget,1,False,True,True,False,1.0332,-90.053398,89.850197,-0.1838,-0.033,0.0505,524.36322,-9.45688,891.818909,28.405073,89.728783,29.438103,16433,False,True,44,0,False,
146,/kuka/axis_move/feedback_json,std_msgs/msg/String,2026-08-28T20:16:31.008974-04:00,1787962591,8955031,1787962591008955031,223.2127,,,,66494,66493,1,0,0,66494,AxisTarget,1,False,True,True,False,1.0332,-90.053398,89.850197,-0.1838,-0.033,0.0505,524.36322,-9.45688,891.818909,28.405073,89.728783,29.438103,16434,False,True,44,0,False,
147,/kuka/axis_move/feedback_json,std_msgs/msg/String,2026-08-28T20:16:31.130068-04:00,1787962591,130044796,1787962591130044796,121.089765,,,,66495,66494,1,0,0,66495,AxisTarget,1,False,True,True,False,1.0332,-90.053398,89.850197,-0.1838,-0.033,0.0505,524.36322,-9.45688,891.818909,28.405073,89.728783,29.438103,16434,False,True,44,0,False,
148,/kuka/axis_move/feedback_json,std_msgs/msg/String,2026-08-28T20:16:31.255786-04:00,1787962591,255753199,1787962591255753199,125.708403,,,,66496,66495,1,0,0,66496,AxisTarget,1,False,True,True,False,1.0332,-90.053398,89.850197,-0.1838,-0.033,0.0505,524.36322,-9.45688,891.818909,28.405073,89.728783,29.438103,16434,False,True,44,0,False,
149,/kuka/axis_move/feedback_json,std_msgs/msg/String,2026-08-28T20:16:31.377985-04:00,1787962591,377979596,1787962591377979596,122.226397,,,,66497,66496,1,0,0,66497,AxisTarget,1,False,True,True,False,1.0332,-90.053398,89.850197,-0.1838,-0.033,0.0505,524.36322,-9.45688,891.818909,28.405073,89.728783,29.438103,16434,False,True,44,0,False,
150,/kuka/axis_move/feedback_json,std_msgs/msg/String,2026-08-28T20:16:31.594148-04:00,1787962591,594138310,1787962591594138310,216.158714,,,,66498,66497,1,0,0,66498,AxisTarget,1,False,True,True,False,1.0332,-90.053398,89.850197,-0.1838,-0.033,0.0505,524.36322,-9.45688,891.818909,28.405073,89.728783,29.438103,16435,False,True,44,0,False,
151,/kuka/axis_move/feedback_json,std_msgs/msg/String,2026-08-28T20:16:31.719819-04:00,1787962591,719808089,1787962591719808089,125.669779,,,,66499,66498,1,0,0,66499,AxisTarget,1,False,True,True,False,1.0332,-90.053398,89.850197,-0.1838,-0.033,0.0505,524.36322,-9.45688,891.818909,28.405073,89.728783,29.438103,16435,False,True,44,0,False,
152,/kuka/axis_move/feedback_json,std_msgs/msg/String,2026-08-28T20:16:31.842292-04:00,1787962591,842278081,1787962591842278081,122.469992,,,,66500,66499,1,0,0,66500,AxisTarget,1,False,True,True,False,1.0332,-90.053398,89.850197,-0.1838,-0.033,0.0505,524.36322,-9.45688,891.818909,28.405073,89.728783,29.438103,16435,False,True,44,0,False,
153,/kuka/axis_move/feedback_json,std_msgs/msg/String,2026-08-28T20:16:31.970038-04:00,1787962591,970032847,1787962591970032847,127.754766,,,,66501,66500,1,0,0,66501,AxisTarget,1,False,True,True,False,1.0332,-90.053398,89.850197,-0.1838,-0.033,0.0505,524.36322,-9.45688,891.818909,28.405073,89.728783,29.438103,16435,False,True,44,0,False,
154,/kuka/axis_move/feedback_json,std_msgs/msg/String,2026-08-28T20:16:32.186083-04:00,1787962592,186073571,1787962592186073571,216.040724,,,,66502,66501,1,0,0,66502,AxisTarget,1,False,True,True,False,1.0332,-90.053398,89.850197,-0.1838,-0.033,0.0505,524.36322,-9.45688,891.818909,28.405073,89.728783,29.438103,16436,False,True,44,0,False,
155,/kuka/axis_move/feedback_json,std_msgs/msg/String,2026-08-28T20:16:32.314065-04:00,1787962592,314059565,1787962592314059565,127.985994,,,,66503,66502,1,0,0,66503,AxisTarget,1,False,True,True,False,1.0332,-90.053398,89.850197,-0.1838,-0.033,0.0505,524.36322,-9.45688,891.818909,28.405073,89.728783,29.438103,16436,False,True,44,0,False,
156,/kuka/axis_move/feedback_json,std_msgs/msg/String,2026-08-28T20:16:32.437017-04:00,1787962592,437009065,1787962592437009065,122.9495,,,,66504,66503,1,0,0,66504,AxisTarget,1,False,True,True,False,1.0332,-90.053398,89.850197,-0.1838,-0.033,0.0505,524.36322,-9.45688,891.818909,28.405073,89.728783,29.438103,16436,False,True,44,0,False,
157,/kuka/axis_move/feedback_json,std_msgs/msg/String,2026-08-28T20:16:32.560393-04:00,1787962592,560376521,1787962592560376521,123.367456,,,,66505,66504,1,0,0,66505,AxisTarget,1,False,True,True,False,1.0332,-90.053398,89.850197,-0.1838,-0.033,0.0505,524.36322,-9.45688,891.818909,28.405073,89.728783,29.438103,16436,False,True,44,0,False,
158,/kuka/axis_move/feedback_json,std_msgs/msg/String,2026-08-28T20:16:32.778302-04:00,1787962592,778292714,1787962592778292714,217.916193,,,,66506,66505,1,0,0,66506,AxisTarget,1,False,True,True,False,1.0332,-90.053398,89.850197,-0.1838,-0.033,0.0505,524.36322,-9.45688,891.818909,28.405073,89.728783,29.438103,16437,False,True,44,0,False,
159,/kuka/axis_move/feedback_json,std_msgs/msg/String,2026-08-28T20:16:32.904336-04:00,1787962592,904324810,1787962592904324810,126.032096,,,,66507,66506,1,0,0,66507,AxisTarget,1,False,True,True,False,1.0332,-90.053398,89.850197,-0.1838,-0.033,0.0505,524.36322,-9.45688,891.818909,28.405073,89.728783,29.438103,16437,False,True,44,0,False,
160,/kuka/axis_move/feedback_json,std_msgs/msg/String,2026-08-28T20:16:33.029136-04:00,1787962593,29130060,1787962593029130060,124.80525,,,,66508,66507,1,0,0,66508,AxisTarget,1,False,True,True,False,1.0332,-90.053398,89.850197,-0.1838,-0.033,0.0505,524.36322,-9.45688,891.818909,28.405073,89.728783,29.438103,16437,False,True,44,0,False,
161,/kuka/axis_move/feedback_json,std_msgs/msg/String,2026-08-28T20:16:33.166298-04:00,1787962593,166287450,1787962593166287450,137.15739,,,,66509,66508,1,0,0,66509,AxisTarget,1,False,True,True,False,1.0332,-90.053398,89.850197,-0.1838,-0.033,0.0505,524.36322,-9.45688,891.818909,28.405073,89.728783,29.438103,16437,False,True,44,0,False,
162,/kuka/axis_move/feedback_json,std_msgs/msg/String,2026-08-28T20:16:33.390224-04:00,1787962593,390214203,1787962593390214203,223.926753,,,,66510,66509,1,0,0,66510,AxisTarget,1,False,True,True,False,1.0332,-90.053398,89.850197,-0.1838,-0.033,0.0505,524.36322,-9.45688,891.818909,28.405073,89.728783,29.438103,16438,False,True,44,0,False,
163,/kuka/axis_move/feedback_json,std_msgs/msg/String,2026-08-28T20:16:34.154267-04:00,1787962594,154256080,1787962594154256080,764.041877,,,,66511,66510,1,0,0,66511,AxisTarget,1,True,True,True,True,1.033151,-90.053391,89.850243,-0.183683,-0.032965,0.050399,524.36322,-9.456878,891.818909,28.405073,89.728783,29.438103,16439,False,True,45,3,True,
164,/kuka/axis_move/feedback_json,std_msgs/msg/String,2026-08-28T20:16:34.912177-04:00,1787962594,912128726,1787962594912128726,757.872646,,,,66512,66511,1,0,0,66512,AxisTarget,1,True,True,True,True,-0.001499,-90.017815,89.988678,-0.007865,5.082926,-0.015563,524.567566,0.014368,883.547119,179.733887,85.224838,179.732697,16440,False,True,45,9,True,
165,/kuka/axis_move/feedback_json,std_msgs/msg/String,2026-08-28T20:16:35.034390-04:00,1787962595,34380503,1787962595034380503,122.251777,,,,66513,66512,1,0,0,66513,AxisTarget,1,True,True,True,False,-0.001961,-90.023193,89.985321,-0.008733,6.574168,-0.020074,524.320557,0.018998,881.550842,179.748413,83.742325,179.747055,16440,False,True,45,9,True,
166,/kuka/axis_move/feedback_json,std_msgs/msg/String,2026-08-28T20:16:35.158617-04:00,1787962595,158606664,1787962595158606664,124.226161,,,,66514,66513,1,0,0,66514,AxisTarget,1,True,True,True,False,-0.0024,-90.028221,89.982155,-0.009538,7.972208,-0.024435,524.040649,0.023435,879.684631,179.757172,82.35247,179.755722,16440,False,True,45,10,True,
167,/kuka/axis_move/feedback_json,std_msgs/msg/String,2026-08-28T20:16:35.282591-04:00,1787962595,282582499,1787962595282582499,123.975835,,,,66515,66514,1,0,0,66515,AxisTarget,1,True,True,True,True,-0.002858,-90.033401,89.978851,-0.010364,9.416848,-0.028651,523.702515,0.028118,877.762878,179.763611,80.916298,179.762146,16440,False,True,45,10,True,
168,/kuka/axis_move/feedback_json,std_msgs/msg/String,2026-08-28T20:16:35.807057-04:00,1787962595,807030767,1787962595807030767,524.448268,,,,66516,66515,1,0,0,66516,AxisTarget,1,True,True,True,True,-0.004797,-90.055305,89.965073,-0.013908,15.490446,-0.047079,521.739746,0.048468,869.785034,179.777115,74.878349,179.776611,16441,False,True,46,12,True,
169,/kuka/axis_move/feedback_json,std_msgs/msg/String,2026-08-28T20:16:35.930405-04:00,1787962595,930394808,1787962595930394808,123.364041,,,,66517,66516,1,0,0,66517,AxisTarget,1,True,True,True,False,-0.00523,-90.060516,89.961792,-0.014729,16.935087,-0.051437,521.165649,0.053124,867.978149,179.779053,73.488518,179.779007,16441,False,True,46,12,True,
170,/kuka/axis_move/feedback_json,std_msgs/msg/String,2026-08-28T20:16:36.058430-04:00,1787962596,58419154,1787962596058419154,128.024346,,,,66518,66517,1,0,0,66518,AxisTarget,1,True,True,True,False,-0.005691,-90.06572,89.958519,-0.015562,18.426329,-0.05595,520.503662,0.058131,866.065491,179.780731,72.00602,179.781281,16441,False,True,46,12,True,
171,/kuka/axis_move/feedback_json,std_msgs/msg/String,2026-08-28T20:16:36.184573-04:00,1787962596,184562450,1787962596184562450,126.143296,,,,66519,66518,1,0,0,66519,AxisTarget,1,True,True,True,True,-0.006152,-90.071068,89.955139,-0.016442,19.87097,-0.06034,519.790894,0.063186,864.169189,179.782059,70.523499,179.783295,16441,False,True,46,13,True,
172,/kuka/axis_move/feedback_json,std_msgs/msg/String,2026-08-28T20:16:36.310782-04:00,1787962596,310764507,1787962596310764507,126.202057,,,,66520,66519,1,0,0,66520,AxisTarget,1,True,True,True,False,-0.006614,-90.076408,89.951866,-0.017294,21.362211,-0.06487,519.052246,0.068121,862.349121,179.783142,69.087303,179.785126,16441,False,True,46,13,True,
173,/kuka/axis_move/feedback_json,std_msgs/msg/String,2026-08-28T20:16:36.432578-04:00,1787962596,432562626,1787962596432562626,121.798119,,,,66521,66520,1,0,0,66521,AxisTarget,1,True,True,True,False,-0.00706,-90.081604,89.948502,-0.018155,22.76025,-0.069099,518.266479,0.073081,860.546936,179.784149,67.6511,179.787003,16441,False,True,46,14,True,
174,/kuka/axis_move/feedback_json,std_msgs/msg/String,2026-08-28T20:16:36.556929-04:00,1787962596,556903112,1787962596556903112,124.340486,,,,66522,66521,1,0,0,66522,AxisTarget,1,True,True,True,True,-0.007497,-90.0867,89.945343,-0.018956,24.216314,-0.073491,517.450562,0.077966,858.797913,179.785095,66.242462,179.788864,16441,False,True,46,14,True,
175,/kuka/axis_move/feedback_json,std_msgs/msg/String,2026-08-28T20:16:36.684492-04:00,1787962596,684482019,1787962596684482019,127.578907,,,,66523,66522,1,0,0,66523,AxisTarget,1,True,True,True,False,-0.007929,-90.091736,89.9422,-0.019748,25.660549,-0.077857,516.577942,0.082944,857.044312,179.785934,64.814087,179.790741,16441,False,True,46,14,True,
176,/kuka/axis_move/feedback_json,std_msgs/msg/String,2026-08-28T20:16:36.806015-04:00,1787962596,806009744,1787962596806009744,121.527725,,,,66524,66523,1,0,0,66524,AxisTarget,1,True,True,True,False,-0.00839,-90.097115,89.938835,-0.020593,27.102463,-0.082229,515.624756,0.088136,855.246887,179.786652,63.331623,179.792633,16441,False,True,46,15,True,
177,/kuka/axis_move/feedback_json,std_msgs/msg/String,2026-08-28T20:16:36.935737-04:00,1787962596,935707923,1787962596935707923,129.698179,,,,66525,66524,1,0,0,66525,AxisTarget,1,True,True,True,True,-0.008806,-90.101967,89.935776,-0.021357,28.450359,-0.086473,514.723206,0.092846,853.645203,179.787186,61.993557,179.794342,16441,False,True,46,15,True,
178,/kuka/axis_move/feedback_json,std_msgs/msg/String,2026-08-28T20:16:37.066132-04:00,1787962597,66125369,1787962597066125369,130.417446,,,,66526,66525,1,0,0,66526,AxisTarget,1,True,True,True,False,-0.00928,-90.107338,89.932396,-0.022217,29.941628,-0.090992,513.680054,0.098182,851.895325,179.787704,60.511791,179.796234,16441,False,True,46,15,True,
179,/kuka/axis_move/feedback_json,std_msgs/msg/String,2026-08-28T20:16:37.186243-04:00,1787962597,186215035,1787962597186215035,120.089666,,,,66527,66526,1,0,0,66527,AxisTarget,1,True,True,True,True,-0.009772,-90.112686,89.929016,-0.023095,31.432871,-0.095353,512.589905,0.10373,850.170776,179.788177,59.029274,179.798157,16441,False,True,46,16,True,
180,/kuka/axis_move/feedback_json,std_msgs/msg/String,2026-08-28T20:16:37.314086-04:00,1787962597,314078170,1787962597314078170,127.863135,,,,66528,66527,1,0,0,66528,AxisTarget,1,True,True,True,False,-0.010254,-90.117867,89.925636,-0.023975,32.92411,-0.099854,511.490082,0.109172,848.526367,179.788574,57.593079,179.800049,16441,False,True,46,16,True,
181,/kuka/axis_move/feedback_json,std_msgs/msg/String,2026-08-28T20:16:37.440807-04:00,1787962597,440801807,1787962597440801807,126.723637,,,,66529,66528,1,0,0,66529,AxisTarget,1,True,True,True,False,-0.010734,-90.12323,89.922462,-0.024784,34.322151,-0.104091,510.347656,0.114482,846.908997,179.788879,56.156902,179.801971,16441,False,True,46,17,True,
182,/kuka/axis_move/feedback_json,std_msgs/msg/String,2026-08-28T20:16:37.562214-04:00,1787962597,562191186,1787962597562191186,121.389379,,,,66530,66529,1,0,0,66530,AxisTarget,1,True,True,True,True,-0.011146,-90.127991,89.919373,-0.025556,35.67733,-0.108202,509.214478,0.119424,845.386658,179.789108,54.781693,179.803879,16441,False,True,46,17,True,
183,/kuka/axis_move/feedback_json,std_msgs/msg/String,2026-08-28T20:16:37.690538-04:00,1787962597,690526990,1787962597690526990,128.335804,,,,66531,66530,1,0,0,66531,AxisTarget,1,True,True,True,False,-0.011585,-90.133293,89.916023,-0.026401,37.158508,-0.112707,508.023743,0.124425,843.86615,179.789276,53.383522,179.805862,16441,False,True,46,17,True,
184,/kuka/axis_move/feedback_json,std_msgs/msg/String,2026-08-28T20:16:37.814024-04:00,1787962597,813997938,1787962597813997938,123.470948,,,,66532,66531,1,0,0,66532,AxisTarget,1,True,True,True,False,-0.01206,-90.138672,89.912643,-0.027274,38.649441,-0.117213,506.719452,0.129749,842.285034,179.789398,51.901035,179.807999,16441,False,True,46,18,True,
185,/kuka/axis_move/feedback_json,std_msgs/msg/String,2026-08-28T20:16:37.938493-04:00,1787962597,938488277,1787962597938488277,124.490339,,,,66533,66532,1,0,0,66533,AxisTarget,1,True,True,True,True,-0.012482,-90.143585,89.909554,-0.02808,40.012169,-0.121324,505.447845,0.134796,840.820862,179.789474,50.499786,179.810089,16441,False,True,46,18,True,
186,/kuka/axis_move/feedback_json,std_msgs/msg/String,2026-08-28T20:16:38.064436-04:00,1787962598,64394377,1787962598064394377,125.9061,,,,66534,66533,1,0,0,66534,AxisTarget,1,True,True,True,False,-0.012943,-90.148956,89.906174,-0.028951,41.503422,-0.125835,504.062897,0.140127,839.305359,179.789505,49.01778,179.812347,16441,False,True,46,18,True,
187,/kuka/axis_move/feedback_json,std_msgs/msg/String,2026-08-28T20:16:38.188197-04:00,1787962598,188187196,1787962598188187196,123.792819,,,,66535,66534,1,0,0,66535,AxisTarget,1,True,True,True,True,-0.013404,-90.154305,89.902794,-0.029803,42.994663,-0.130365,502.682343,0.145274,837.870056,179.789459,47.581593,179.814621,16441,False,True,46,19,True,
188,/kuka/axis_move/feedback_json,std_msgs/msg/String,2026-08-28T20:16:38.314448-04:00,1787962598,314437629,1787962598314437629,126.250433,,,,66536,66535,1,0,0,66536,AxisTarget,1,True,True,True,False,-0.013836,-90.159317,89.899628,-0.030599,44.439304,-0.134755,501.264709,0.150408,836.468567,179.789368,46.145401,179.816956,16441,False,True,46,19,True,
189,/kuka/axis_move/feedback_json,std_msgs/msg/String,2026-08-28T20:16:38.438254-04:00,1787962598,438243493,1787962598438243493,123.805864,,,,66537,66536,1,0,0,66537,AxisTarget,1,True,True,True,False,-0.014283,-90.164513,89.896347,-0.031437,45.837345,-0.138987,499.81076,0.155548,835.102051,179.78923,44.709221,179.819351,16441,False,True,46,20,True,
190,/kuka/axis_move/feedback_json,std_msgs/msg/String,2026-08-28T20:16:38.562122-04:00,1787962598,562116534,1787962598562116534,123.873041,,,,66538,66537,1,0,0,66538,AxisTarget,1,True,True,True,True,-0.014725,-90.16964,89.893135,-0.032271,47.245304,-0.143223,498.367889,0.160536,833.812012,179.789063,43.317478,179.821732,16441,False,True,46,20,True,
191,/kuka/axis_move/feedback_json,std_msgs/msg/String,2026-08-28T20:16:38.691240-04:00,1787962598,691218963,1787962598691218963,129.102429,,,,66539,66538,1,0,0,66539,AxisTarget,1,True,True,True,False,-0.015146,-90.174576,89.889915,-0.033109,48.673576,-0.147548,496.903534,0.165476,832.565491,179.788849,41.93597,179.824173,16441,False,True,46,20,True,
192,/kuka/axis_move/feedback_json,std_msgs/msg/String,2026-08-28T20:16:38.814764-04:00,1787962598,814736167,1787962598814736167,123.517204,,,,66540,66539,1,0,0,66540,AxisTarget,1,True,True,True,False,-0.015607,-90.179955,89.886635,-0.033968,50.164692,-0.152071,495.297607,0.170744,831.266296,179.788559,40.453487,179.826874,16441,False,True,46,21,True,
193,/kuka/axis_move/feedback_json,std_msgs/msg/String,2026-08-28T20:16:38.946022-04:00,1787962598,945998586,1787962598945998586,131.262419,,,,66541,66540,1,0,0,66541,AxisTarget,1,True,True,True,True,-0.016039,-90.184982,89.883476,-0.034732,51.556438,-0.156303,493.759125,0.175654,830.084229,179.788239,39.062458,179.829483,16441,False,True,46,21,True,
194,/kuka/axis_move/feedback_json,std_msgs/msg/String,2026-08-28T20:16:39.072724-04:00,1787962599,72697882,1787962599072697882,126.699296,,,,66542,66541,1,0,0,66542,AxisTarget,1,True,True,True,False,-0.016499,-90.190353,89.880096,-0.035588,53.001003,-0.160696,492.09552,0.180844,828.871033,179.787827,37.587627,179.832321,16441,False,True,46,21,True,
195,/kuka/axis_move/feedback_json,std_msgs/msg/String,2026-08-28T20:16:39.194337-04:00,1787962599,194325869,1787962599194325869,121.627987,,,,66543,66542,1,0,0,66543,AxisTarget,1,True,True,True,False,-0.016959,-90.195557,89.876831,-0.036458,54.477779,-0.165175,490.445404,0.185892,827.730652,179.787369,36.152309,179.835159,16441,False,True,46,22,True,
196,/kuka/axis_move/feedback_json,std_msgs/msg/String,2026-08-28T20:16:39.322604-04:00,1787962599,322596855,1787962599322596855,128.270986,,,,66544,66543,1,0,0,66544,AxisTarget,1,True,True,True,True,-0.017377,-90.200584,89.873665,-0.03726,55.837147,-0.16932,488.82608,0.190753,826.669312,179.78688,34.768185,179.837952,16441,False,True,46,22,True,
197,/kuka/axis_move/feedback_json,std_msgs/msg/String,2026-08-28T20:16:39.448454-04:00,1787962599,448425914,1787962599448425914,125.829059,,,,66545,66544,1,0,0,66545,AxisTarget,1,True,True,True,False,-0.017853,-90.205956,89.870285,-0.038127,57.328388,-0.173837,487.062225,0.196025,825.574951,179.786331,33.285648,179.841064,16441,False,True,46,23,True,
198,/kuka/axis_move/feedback_json,std_msgs/msg/String,2026-08-28T20:16:39.574641-04:00,1787962599,574608085,1787962599574608085,126.182171,,,,66546,66545,1,0,0,66546,AxisTarget,1,True,True,True,True,-0.018348,-90.211296,89.866898,-0.038976,58.81963,-0.178336,485.325623,0.201232,824.557312,179.785797,31.849461,179.844208,16441,False,True,46,23,True,
199,/kuka/axis_move/feedback_json,std_msgs/msg/String,2026-08-28T20:16:39.701576-04:00,1787962599,701570731,1787962599701570731,126.962646,,,,66547,66546,1,0,0,66547,AxisTarget,1,True,True,True,False,-0.018828,-90.216476,89.863625,-0.039801,60.264271,-0.182699,483.505219,0.206584,823.551697,179.785187,30.366943,179.847549,16441,False,True,46,23,True,
200,/kuka/axis_move/feedback_json,std_msgs/msg/String,2026-08-28T20:16:39.827445-04:00,1787962599,827433905,1787962599827433905,125.863174,,,,66548,66547,1,0,0,66548,AxisTarget,1,True,True,True,False,-0.019305,-90.221848,89.860245,-0.040671,61.755466,-0.187221,481.715698,0.211608,822.621643,179.7845,28.930773,179.850861,16441,False,True,46,24,True,
201,/kuka/axis_move/feedback_json,std_msgs/msg/String,2026-08-28T20:16:39.950606-04:00,1787962599,950590110,1787962599950590110,123.156205,,,,66549,66548,1,0,0,66549,AxisTarget,1,True,True,True,True,-0.01971,-90.226707,89.857185,-0.041468,63.101032,-0.191311,480.00946,0.2162,821.786743,179.783768,27.579351,179.854034,16441,False,True,46,24,True,
202,/kuka/axis_move/feedback_json,std_msgs/msg/String,2026-08-28T20:16:40.074376-04:00,1787962600,74363447,1787962600074363447,123.773337,,,,66550,66549,1,0,0,66550,AxisTarget,1,True,True,True,False,-0.020155,-90.231743,89.854019,-0.042286,64.49836,-0.195552,478.192291,0.220966,820.95105,179.782944,26.157711,179.857483,16441,False,True,46,24,True,
203,/kuka/axis_move/feedback_json,std_msgs/msg/String,2026-08-28T20:16:40.198190-04:00,1787962600,198184093,1787962600198184093,123.820646,,,,66551,66550,1,0,0,66551,AxisTarget,1,True,True,True,False,-0.020616,-90.237122,89.850639,-0.043141,65.989601,-0.200057,476.334534,0.225714,820.151733,179.782074,24.721558,179.861099,16441,False,True,46,25,True,
204,/kuka/axis_move/feedback_json,std_msgs/msg/String,2026-08-28T20:16:40.322206-04:00,1787962600,322198206,1787962600322198206,124.014113,,,,66552,66551,1,0,0,66552,AxisTarget,1,True,True,True,True,-0.021048,-90.242165,89.847466,-0.043936,67.434242,-0.204416,474.45575,0.230401,819.39801,179.781158,23.285404,179.864822,16441,False,True,46,25,True,
205,/kuka/axis_move/feedback_json,std_msgs/msg/String,2026-08-28T20:16:40.448752-04:00,1787962600,448746752,1787962600448746752,126.548546,,,,66553,66552,1,0,0,66553,AxisTarget,1,True,True,True,False,-0.021509,-90.247528,89.844086,-0.044797,68.878883,-0.208789,472.55719,0.235052,818.690369,179.780151,21.849239,179.868652,16441,False,True,46,25,True,
206,/kuka/axis_move/feedback_json,std_msgs/msg/String,2026-08-28T20:16:40.570615-04:00,1787962600,570603020,1787962600570603020,121.856268,,,,66554,66553,1,0,0,66554,AxisTarget,1,True,True,True,True,-0.021953,-90.25267,89.840843,-0.045639,70.304199,-0.213113,470.586578,0.239802,818.011597,179.779022,20.373207,179.872665,16441,False,True,46,26,True,
207,/kuka/axis_move/feedback_json,std_msgs/msg/String,2026-08-28T20:16:40.694960-04:00,1787962600,694954566,1787962600694954566,124.351546,,,,66555,66554,1,0,0,66555,AxisTarget,1,True,True,True,False,-0.022378,-90.257599,89.837723,-0.04648,71.732422,-0.217458,468.753418,0.244136,817.42981,179.777924,19.0124,179.876465,16441,False,True,46,26,True,
208,/kuka/axis_move/feedback_json,std_msgs/msg/String,2026-08-28T20:16:40.820140-04:00,1787962600,820126463,1787962600820126463,125.171897,,,,66556,66555,1,0,0,66556,AxisTarget,1,True,True,True,False,-0.022824,-90.262787,89.834366,-0.047289,73.130463,-0.221829,466.802673,0.248635,816.862122,179.776703,17.576212,179.88063,16441,False,True,46,27,True,
209,/kuka/axis_move/feedback_json,std_msgs/msg/String,2026-08-28T20:16:40.942747-04:00,1787962600,942708252,1787962600942708252,122.581789,,,,66557,66556,1,0,0,66557,AxisTarget,1,True,True,True,True,-0.023286,-90.268166,89.831123,-0.048136,74.621704,-0.226187,464.772949,0.253194,816.326355,179.775391,16.093699,179.885071,16441,False,True,46,27,True,
210,/kuka/axis_move/feedback_json,std_msgs/msg/String,2026-08-28T20:16:41.066467-04:00,1787962601,66457109,1787962601066457109,123.748857,,,,66558,66557,1,0,0,66558,AxisTarget,1,True,True,True,False,-0.023722,-90.273209,89.827972,-0.048929,76.019745,-0.230409,462.856537,0.25743,815.87085,179.774078,14.703848,179.889343,16441,False,True,46,27,True,
211,/kuka/axis_move/feedback_json,std_msgs/msg/String,2026-08-28T20:16:41.190297-04:00,1787962601,190290146,1787962601190290146,123.833037,,,,66559,66558,1,0,0,66559,AxisTarget,1,True,True,True,False,-0.024199,-90.278587,89.8246,-0.049776,77.507004,-0.234911,460.799377,0.26198,815.435303,179.772583,13.221444,179.894043,16441,False,True,46,28,True,
212,/kuka/axis_move/feedback_json,std_msgs/msg/String,2026-08-28T20:16:41.314372-04:00,1787962601,314365183,1787962601314365183,124.075037,,,,66560,66559,1,0,0,66560,AxisTarget,1,True,True,True,True,-0.024634,-90.283409,89.821548,-0.05054,78.849495,-0.238991,458.941498,0.266061,815.088745,179.771179,11.890185,179.898376,16441,False,True,46,28,True,
213,/kuka/axis_move/feedback_json,std_msgs/msg/String,2026-08-28T20:16:41.443046-04:00,1787962601,443019421,1787962601443019421,128.654238,,,,66561,66560,1,0,0,66561,AxisTarget,1,True,True,True,False,-0.025086,-90.288605,89.818161,-0.051411,80.340759,-0.243519,456.92807,0.270299,814.762207,179.769547,10.45455,179.903168,16441,False,True,46,29,True,
214,/kuka/axis_move/feedback_json,std_msgs/msg/String,2026-08-28T20:16:41.568791-04:00,1787962601,568785976,1787962601568785976,125.766555,,,,66562,66561,1,0,0,66562,AxisTarget,1,True,True,True,True,-0.025508,-90.293953,89.81488,-0.052285,81.7854,-0.247908,454.904907,0.274267,814.484863,179.767776,9.018373,179.908066,16441,False,True,46,29,True,
215,/kuka/axis_move/feedback_json,std_msgs/msg/String,2026-08-28T20:16:41.692359-04:00,1787962601,692347356,1787962601692347356,123.56138,,,,66563,66562,1,0,0,66563,AxisTarget,1,True,True,True,False,-0.025945,-90.299133,89.8116,-0.053139,83.230042,-0.252287,452.808197,0.278271,814.25061,179.765869,7.535867,179.913284,16441,False,True,46,30,True,
216,/kuka/axis_move/feedback_json,std_msgs/msg/String,2026-08-28T20:16:41.818538-04:00,1787962601,818531355,1787962601818531355,126.183999,,,,66564,66563,1,0,0,66564,AxisTarget,1,True,True,True,True,-0.026399,-90.304398,89.80838,-0.053923,84.69001,-0.25669,450.802979,0.282126,814.076904,179.763992,6.122808,179.918472,16441,False,True,46,30,True,
217,/kuka/axis_move/feedback_json,std_msgs/msg/String,2026-08-28T20:16:41.943126-04:00,1787962601,943119397,1787962601943119397,124.588042,,,,66565,66564,1,0,0,66565,AxisTarget,1,True,True,True,False,-0.02687,-90.309601,89.805008,-0.054772,86.126167,-0.261023,448.772278,0.286133,813.950684,179.762009,4.695611,179.923859,16441,False,True,46,31,False,
218,/kuka/axis_move/feedback_json,std_msgs/msg/String,2026-08-28T20:16:42.065326-04:00,1787962602,65303365,1787962602065303365,122.183968,,,,66566,66565,1,0,0,66566,AxisTarget,1,True,True,True,True,-0.027327,-90.314369,89.802025,-0.055564,87.446198,-0.265174,446.845886,0.290176,813.876953,179.760056,3.344532,179.929047,16441,False,True,46,31,False,
219,/kuka/axis_move/feedback_json,std_msgs/msg/String,2026-08-28T20:16:42.190365-04:00,1787962602,190360107,1787962602190360107,125.056742,,,,66567,66566,1,0,0,66567,AxisTarget,1,True,True,True,False,-0.027719,-90.319031,89.798965,-0.056337,88.787369,-0.268979,444.976532,0.293509,813.847351,179.75798,2.034723,179.93425,16441,False,True,46,31,False,
220,/kuka/axis_move/feedback_json,std_msgs/msg/String,2026-08-28T20:16:42.314244-04:00,1787962602,314238588,1787962602314238588,123.878481,,,,66568,66567,1,0,0,66568,AxisTarget,1,True,True,True,False,-0.028077,-90.322845,89.796776,-0.056915,89.76828,-0.271991,443.399292,0.296482,813.854309,179.75621,0.930476,179.938751,16441,False,True,46,31,False,
221,/kuka/axis_move/feedback_json,std_msgs/msg/String,2026-08-28T20:16:42.443558-04:00,1787962602,443536137,1787962602443536137,129.297549,,,,66569,66568,1,0,0,66569,AxisTarget,1,True,True,True,False,-0.0281,-90.323898,89.796204,-0.057,89.955803,-0.2725,442.886078,0.296795,813.863403,179.755539,0.571592,179.940277,16441,False,True,46,31,False,
222,/kuka/axis_move/feedback_json,std_msgs/msg/String,2026-08-28T20:16:43.159983-04:00,1787962603,159953289,1787962603159953289,716.417152,,,,66570,66569,1,0,0,66570,AxisTarget,1,True,True,True,False,-0.0281,-90.323898,89.796204,-0.057,89.955765,-0.272505,442.886108,0.296795,813.863403,179.755539,0.571614,179.940277,16442,False,True,47,36,True,
223,/kuka/axis_move/feedback_json,std_msgs/msg/String,2026-08-28T20:16:43.882701-04:00,1787962603,882684962,1787962603882684962,722.731673,,,,66571,66570,1,0,0,66571,AxisTarget,1,True,True,True,True,-0.291015,-88.316193,92.641716,-0.065494,85.050064,-0.49178,459.984619,2.371423,779.446533,179.801315,0.530313,179.930679,16443,False,True,47,39,True,
224,/kuka/axis_move/feedback_json,std_msgs/msg/String,2026-08-28T20:16:44.006358-04:00,1787962604,6349904,1787962604006349904,123.664942,,,,66572,66571,1,0,0,66572,AxisTarget,1,True,True,True,False,-0.34904,-87.880516,93.249542,-0.067282,84.030891,-0.536778,463.673157,2.889853,771.089233,179.812134,0.520406,179.928482,16443,False,True,47,40,True,
225,/kuka/axis_move/feedback_json,std_msgs/msg/String,2026-08-28T20:16:44.134928-04:00,1787962604,134912940,1787962604134912940,128.563036,,,,66573,66572,1,0,0,66573,AxisTarget,1,True,True,True,False,-0.419314,-87.342339,94.014069,-0.069568,82.708824,-0.597899,467.596252,3.47611,761.73175,179.824112,0.509352,179.926102,16443,False,True,47,40,True,
226,/kuka/axis_move/feedback_json,std_msgs/msg/String,2026-08-28T20:16:44.260489-04:00,1787962604,260480498,1787962604260480498,125.567558,,,,66574,66573,1,0,0,66574,AxisTarget,1,True,True,True,False,-0.490462,-86.809219,94.755363,-0.071739,81.4785,-0.649882,471.43103,4.088862,752.044922,179.836334,0.497887,179.923706,16443,False,True,47,41,True,
227,/kuka/axis_move/feedback_json,std_msgs/msg/String,2026-08-28T20:16:44.386376-04:00,1787962604,386365189,1787962604386365189,125.884691,,,,66575,66574,1,0,0,66575,AxisTarget,1,True,True,True,True,-0.555145,-86.313873,95.486717,-0.07393,80.209824,-0.706795,474.773438,4.65997,743.093262,179.847519,0.487296,179.92157,16443,False,True,47,41,True,
228,/kuka/axis_move/feedback_json,std_msgs/msg/String,2026-08-28T20:16:44.512688-04:00,1787962604,512678916,1787962604512678916,126.313727,,,,66576,66575,1,0,0,66576,AxisTarget,1,True,True,True,False,-0.636921,-85.695244,96.327705,-0.076419,78.790199,-0.769567,478.710114,5.38483,731.826111,179.86145,0.474025,179.918961,16443,False,True,47,42,True,
229,/kuka/axis_move/feedback_json,std_msgs/msg/String,2026-08-28T20:16:44.634462-04:00,1787962604,634454009,1787962604634454009,121.775093,,,,66577,66576,1,0,0,66577,AxisTarget,1,True,True,True,True,-0.701581,-85.208626,97.007874,-0.078432,77.646042,-0.820166,481.657654,5.971519,722.774414,179.872528,0.463412,179.916946,16443,False,True,47,42,True,
230,/kuka/axis_move/feedback_json,std_msgs/msg/String,2026-08-28T20:16:44.758439-04:00,1787962604,758415742,1787962604758415742,123.961733,,,,66578,66577,1,0,0,66578,AxisTarget,1,True,True,True,False,-0.773429,-84.660217,97.811806,-0.080832,76.264946,-0.881751,484.622864,6.607756,713.017578,179.884384,0.45199,179.914856,16443,False,True,47,42,True,
231,/kuka/axis_move/feedback_json,std_msgs/msg/String,2026-08-28T20:16:44.887509-04:00,1787962604,887498237,1787962604887498237,129.082495,,,,66579,66578,1,0,0,66579,AxisTarget,1,True,True,True,False,-0.852509,-84.044525,98.647484,-0.083286,74.856178,-0.943983,487.69696,7.327265,702.048157,179.897629,0.439157,179.912628,16443,False,True,47,43,True,
232,/kuka/axis_move/feedback_json,std_msgs/msg/String,2026-08-28T20:16:45.010475-04:00,1787962605,10470187,1787962605010470187,122.97195,,,,66580,66579,1,0,0,66580,AxisTarget,1,True,True,True,True,-0.919711,-83.557472,99.327698,-0.085269,73.714066,-0.994425,490.063232,7.933065,692.857178,179.908646,0.428406,179.910858,16443,False,True,47,43,True,
233,/kuka/axis_move/feedback_json,std_msgs/msg/String,2026-08-28T20:16:45.135010-04:00,1787962605,134993425,1787962605134993425,124.523238,,,,66581,66580,1,0,0,66581,AxisTarget,1,True,True,True,False,-0.992773,-83.018822,100.091461,-0.087611,72.351135,-1.055265,492.379517,8.581978,683.049255,179.920334,0.416928,179.909058,16443,False,True,47,43,True,
234,/kuka/axis_move/feedback_json,std_msgs/msg/String,2026-08-28T20:16:45.256708-04:00,1787962605,256698813,1787962605256698813,121.705388,,,,66582,66581,1,0,0,66582,AxisTarget,1,True,True,True,False,-1.069282,-82.421188,100.929482,-0.090001,70.984016,-1.115689,494.716125,9.310001,672.082336,179.933273,0.404068,179.90715,16443,False,True,47,44,True,
235,/kuka/axis_move/feedback_json,std_msgs/msg/String,2026-08-28T20:16:45.384686-04:00,1787962605,384676323,1787962605384676323,127.97751,,,,66583,66582,1,0,0,66583,AxisTarget,1,True,True,True,True,-1.132454,-81.933212,101.609917,-0.092008,69.845215,-1.165928,496.41629,9.902073,663.185181,179.94371,0.393612,179.90567,16443,False,True,47,44,True,
236,/kuka/axis_move/feedback_json,std_msgs/msg/String,2026-08-28T20:16:45.514484-04:00,1787962605,514473774,1787962605514473774,129.797451,,,,66584,66583,1,0,0,66584,AxisTarget,1,True,True,True,False,-1.206166,-81.383408,102.417564,-0.09443,68.451744,-1.230279,498.053558,10.541257,653.595398,179.95488,0.382326,179.90416,16443,False,True,47,44,True,
237,/kuka/axis_move/feedback_json,std_msgs/msg/String,2026-08-28T20:16:45.634166-04:00,1787962605,634149120,1787962605634149120,119.675346,,,,66585,66584,1,0,0,66585,AxisTarget,1,True,True,True,False,-1.287728,-80.767174,103.25412,-0.09691,67.041138,-1.290561,499.765747,11.316095,641.982605,179.968353,0.368646,179.902466,16443,False,True,47,45,True,
238,/kuka/axis_move/feedback_json,std_msgs/msg/String,2026-08-28T20:16:45.760760-04:00,1787962605,760754579,1787962605760754579,126.605459,,,,66586,66585,1,0,0,66586,AxisTarget,1,True,True,True,True,-1.350529,-80.29554,103.912148,-0.098854,65.938316,-1.339254,500.863129,11.901652,633.208923,179.978485,0.358297,179.901276,16443,False,True,47,45,True,
239,/kuka/axis_move/feedback_json,std_msgs/msg/String,2026-08-28T20:16:45.884213-04:00,1787962605,884203013,1787962605884203013,123.448434,,,,66587,66586,1,0,0,66587,AxisTarget,1,True,True,True,False,-1.423154,-79.740356,104.699547,-0.101211,64.580589,-1.399917,501.882935,12.550904,623.476135,179.9897,0.34678,179.90007,16443,False,True,47,45,True,
240,/kuka/axis_move/feedback_json,std_msgs/msg/String,2026-08-28T20:16:46.006297-04:00,1787962606,6288073,1787962606006288073,122.08506,,,,66588,66587,1,0,0,66588,AxisTarget,1,True,True,True,False,-1.502227,-79.142761,105.537521,-0.103682,63.167137,-1.462394,502.748199,13.248884,612.998474,-179.998276,0.334315,179.898895,16443,False,True,47,46,True,
241,/kuka/axis_move/feedback_json,std_msgs/msg/String,2026-08-28T20:16:46.131228-04:00,1787962606,131219465,1787962606131219465,124.931392,,,,66589,66588,1,0,0,66589,AxisTarget,1,True,True,True,True,-1.565185,-78.670021,106.196701,-0.105612,62.063812,-1.511067,503.288208,13.834126,604.195618,-179.98819,0.323787,179.89801,16443,False,True,47,46,True,
242,/kuka/axis_move/feedback_json,std_msgs/msg/String,2026-08-28T20:16:46.254735-04:00,1787962606,254702071,1787962606254702071,123.482606,,,,66590,66589,1,0,0,66590,AxisTarget,1,True,True,True,False,-1.63468,-78.138245,106.951439,-0.107854,60.760532,-1.569327,503.676727,14.460032,594.758484,-179.977386,0.312449,179.897186,16443,False,True,47,46,True,
243,/kuka/axis_move/feedback_json,std_msgs/msg/String,2026-08-28T20:16:46.378756-04:00,1787962606,378741016,1787962606378741016,124.038945,,,,66591,66590,1,0,0,66591,AxisTarget,1,True,True,True,False,-1.715268,-77.530441,107.801964,-0.110334,59.332199,-1.632305,503.876831,15.160357,584.165771,-179.96524,0.299657,179.896393,16443,False,True,47,47,True,
244,/kuka/axis_move/feedback_json,std_msgs/msg/String,2026-08-28T20:16:46.502236-04:00,1787962606,502230285,1787962606502230285,123.489269,,,,66592,66591,1,0,0,66592,AxisTarget,1,True,True,True,True,-1.772282,-77.086655,108.423233,-0.112144,58.282654,-1.678839,503.860748,15.691019,576.109924,-179.955994,0.289878,179.895889,16443,False,True,47,47,True,
245,/kuka/axis_move/feedback_json,std_msgs/msg/String,2026-08-28T20:16:46.630196-04:00,1787962606,630185599,1787962606630185599,127.955314,,,,66593,66592,1,0,0,66593,AxisTarget,1,True,True,True,False,-1.848736,-76.517601,109.229073,-0.114522,56.898067,-1.740555,503.649139,16.322582,566.480408,-179.944916,0.278138,179.895401,16443,False,True,47,47,True,
246,/kuka/axis_move/feedback_json,std_msgs/msg/String,2026-08-28T20:16:46.754220-04:00,1787962606,754213863,1787962606754213863,124.028264,,,,66594,66593,1,0,0,66594,AxisTarget,1,True,True,True,True,-1.919268,-75.990074,109.961105,-0.116661,55.688889,-1.793444,503.225311,16.95137,556.83905,-179.933838,0.266357,179.89502,16443,False,True,47,48,True,
247,/kuka/axis_move/feedback_json,std_msgs/msg/String,2026-08-28T20:16:46.881893-04:00,1787962606,881887001,1787962606881887001,127.673138,,,,66595,66594,1,0,0,66595,AxisTarget,1,True,True,True,False,-1.975443,-75.55896,110.602242,-0.118593,54.569302,-1.84383,502.752075,17.433531,549.404236,-179.925293,0.257235,179.894806,16443,False,True,47,48,True,
248,/kuka/axis_move/feedback_json,std_msgs/msg/String,2026-08-28T20:16:47.006321-04:00,1787962607,6296009,1787962607006296009,124.409008,,,,66596,66595,1,0,0,66596,AxisTarget,1,True,True,True,False,-2.05074,-75.007332,111.343658,-0.120773,53.340027,-1.897661,501.938965,18.059723,539.687927,-179.914093,0.245167,179.894653,16443,False,True,47,49,True,
249,/kuka/axis_move/feedback_json,std_msgs/msg/String,2026-08-28T20:16:47.130825-04:00,1787962607,130813581,1787962607130813581,124.517572,,,,66597,66596,1,0,0,66597,AxisTarget,1,True,True,True,True,-2.099644,-74.621521,111.889221,-0.122407,52.399426,-1.939792,501.2659,18.478498,533.147339,-179.906525,0.236938,179.894638,16443,False,True,47,49,True,
250,/kuka/axis_move/feedback_json,std_msgs/msg/String,2026-08-28T20:16:47.256375-04:00,1787962607,256351754,1787962607256351754,125.538173,,,,66598,66597,1,0,0,66598,AxisTarget,1,True,True,True,False,-2.165201,-74.128387,112.57666,-0.124433,51.256542,-1.98988,500.236572,19.019718,524.634888,-179.896652,0.226202,179.894714,16443,False,True,47,50,False,
251,/kuka/axis_move/feedback_json,std_msgs/msg/String,2026-08-28T20:16:47.383126-04:00,1787962607,383084550,1787962607383084550,126.732796,,,,66599,66598,1,0,0,66599,AxisTarget,1,True,True,True,True,-2.211334,-73.776642,113.074608,-0.125989,50.363117,-2.02985,499.428802,19.388348,518.794128,-179.889877,0.218836,179.894836,16443,False,True,47,50,False,
252,/kuka/axis_move/feedback_json,std_msgs/msg/String,2026-08-28T20:16:47.506650-04:00,1787962607,506642847,1787962607506642847,123.558297,,,,66600,66599,1,0,0,66600,AxisTarget,1,True,True,True,False,-2.259893,-73.414764,113.574638,-0.127394,49.578793,-2.064904,498.455139,19.786594,512.444153,-179.882477,0.210762,179.895035,16443,False,True,47,50,False,
253,/kuka/axis_move/feedback_json,std_msgs/msg/String,2026-08-28T20:16:47.628853-04:00,1787962607,628830076,1787962607628830076,122.187229,,,,66601,66600,1,0,0,66601,AxisTarget,1,True,True,True,False,-2.299161,-73.117493,113.992058,-0.128614,48.857056,-2.09585,497.626373,20.095121,507.494141,-179.876663,0.204415,179.895248,16443,False,True,47,50,False,
254,/kuka/axis_move/feedback_json,std_msgs/msg/String,2026-08-28T20:16:47.754783-04:00,1787962607,754750096,1787962607754750096,125.92002,,,,66602,66601,1,0,0,66602,AxisTarget,1,True,True,True,False,-2.324361,-72.931023,114.252907,-0.129331,48.452908,-2.113299,497.038422,20.300255,504.187347,-179.872681,0.200159,179.895447,16443,False,True,47,50,False,
255,/kuka/axis_move/feedback_json,std_msgs/msg/String,2026-08-28T20:16:48.232325-04:00,1787962608,232315324,1787962608232315324,477.565228,,,,66603,66602,1,0,0,66603,AxisTarget,1,True,True,True,False,-2.3297,-72.894501,114.294403,-0.1295,48.397202,-2.1155,496.889923,20.350471,503.377075,-179.871796,0.199099,179.895432,16444,False,True,48,54,True,
256,/kuka/axis_move/feedback_json,std_msgs/msg/String,2026-08-28T20:16:48.358350-04:00,1787962608,358344649,1787962608358344649,126.029325,,,,66604,66603,1,0,0,66604,AxisTarget,1,True,True,True,True,-2.329345,-72.885109,114.301003,-0.129291,48.371536,-2.116317,496.892029,20.349159,503.339539,-179.872055,0.198923,179.895493,16444,False,True,48,55,True,
257,/kuka/axis_move/feedback_json,std_msgs/msg/String,2026-08-28T20:16:48.486150-04:00,1787962608,486126608,1787962608486126608,127.781959,,,,66605,66604,1,0,0,66605,AxisTarget,1,True,True,True,False,-2.322822,-72.74469,114.382393,-0.127135,48.147247,-2.122427,496.971283,20.297979,501.879181,-179.882248,0.19206,179.897415,16444,False,True,48,55,True,
258,/kuka/axis_move/feedback_json,std_msgs/msg/String,2026-08-28T20:16:48.610814-04:00,1787962608,610806686,1787962608610806686,124.680078,,,,66606,66605,1,0,0,66606,AxisTarget,1,True,True,True,False,-2.315257,-72.585571,114.47274,-0.124825,47.898708,-2.129083,497.067657,20.231033,499.977356,-179.895538,0.18315,179.899887,16444,False,True,48,56,True,
259,/kuka/axis_move/feedback_json,std_msgs/msg/String,2026-08-28T20:16:48.734424-04:00,1787962608,734397723,1787962608734397723,123.591037,,,,66607,66606,1,0,0,66607,AxisTarget,1,True,True,True,True,-2.30745,-72.426453,114.563087,-0.122528,47.665699,-2.135319,497.153534,20.165901,498.136597,-179.908386,0.174539,179.902252,16444,False,True,48,56,True,
260,/kuka/axis_move/feedback_json,std_msgs/msg/String,2026-08-28T20:16:48.858613-04:00,1787962608,858602618,1787962608858602618,124.204895,,,,66608,66607,1,0,0,66608,AxisTarget,1,True,True,True,False,-2.299885,-72.262207,114.656342,-0.120157,47.41716,-2.141971,497.234375,20.098343,496.238037,-179.921631,0.165651,179.904694,16444,False,True,48,56,True,
261,/kuka/axis_move/feedback_json,std_msgs/msg/String,2026-08-28T20:16:48.983002-04:00,1787962608,982990440,1787962608982990440,124.387822,,,,66609,66608,1,0,0,66609,AxisTarget,1,True,True,True,False,-2.292315,-72.103096,114.746696,-0.117865,47.176388,-2.148419,497.305115,20.032545,494.400391,-179.934464,0.157038,179.907043,16444,False,True,48,56,True,
262,/kuka/axis_move/feedback_json,std_msgs/msg/String,2026-08-28T20:16:49.110872-04:00,1787962609,110854292,1787962609110854292,127.863852,,,,66610,66609,1,0,0,66610,AxisTarget,1,True,True,True,False,-2.284738,-71.943993,114.837059,-0.115577,46.935612,-2.154871,497.366516,19.968534,492.623505,-179.946884,0.148702,179.909302,16444,False,True,48,56,True,
263,/kuka/axis_move/feedback_json,std_msgs/msg/String,2026-08-28T20:16:49.235051-04:00,1787962609,235040789,1787962609235040789,124.186497,,,,66611,66610,1,0,0,66611,AxisTarget,1,True,True,True,False,-2.277111,-71.784081,114.927795,-0.113283,46.694244,-2.161337,497.423157,19.9014,490.77063,-179.959824,0.139999,179.911652,16444,False,True,48,57,True,
264,/kuka/axis_move/feedback_json,std_msgs/msg/String,2026-08-28T20:16:49.360321-04:00,1787962609,360291080,1787962609360291080,125.250291,,,,66612,66611,1,0,0,66612,AxisTarget,1,True,True,True,True,-2.269583,-71.625938,115.017708,-0.111006,46.454281,-2.167775,497.472809,19.833204,488.89856,-179.972916,0.131199,179.914017,16444,False,True,48,57,True,
265,/kuka/axis_move/feedback_json,std_msgs/msg/String,2026-08-28T20:16:49.483095-04:00,1787962609,483082623,1787962609483082623,122.791543,,,,66613,66612,1,0,0,66613,AxisTarget,1,True,True,True,False,-2.262003,-71.466843,115.10807,-0.108719,46.213505,-2.174229,497.513977,19.76615,487.067352,-179.985703,0.122582,179.916306,16444,False,True,48,57,True,
266,/kuka/axis_move/feedback_json,std_msgs/msg/String,2026-08-28T20:16:49.606446-04:00,1787962609,606435023,1787962609606435023,123.3524,,,,66614,66613,1,0,0,66614,AxisTarget,1,True,True,True,False,-2.254424,-71.307739,115.198441,-0.106429,45.972733,-2.180682,497.547791,19.69882,485.237793,-179.998474,0.11396,179.91861,16444,False,True,48,57,True,
267,/kuka/axis_move/feedback_json,std_msgs/msg/String,2026-08-28T20:16:49.732651-04:00,1787962609,732644799,1787962609732644799,126.209776,,,,66615,66614,1,0,0,66615,AxisTarget,1,True,True,True,False,-2.247092,-71.148636,115.288811,-0.104133,45.73196,-2.187134,497.573547,19.63341,483.468842,179.989182,0.105611,179.920822,16444,False,True,48,57,True,
268,/kuka/axis_move/feedback_json,std_msgs/msg/String,2026-08-28T20:16:49.860145-04:00,1787962609,860119240,1787962609860119240,127.474441,,,,66616,66615,1,0,0,66616,AxisTarget,1,True,True,True,False,-2.239028,-70.98439,115.382095,-0.101758,45.483418,-2.193793,497.593445,19.563368,481.58371,179.976044,0.096698,179.923172,16444,False,True,48,57,True,
269,/kuka/axis_move/feedback_json,std_msgs/msg/String,2026-08-28T20:16:49.984810-04:00,1787962609,984803914,1787962609984803914,124.684674,,,,66617,66616,1,0,0,66617,AxisTarget,1,True,True,True,False,-2.231455,-70.825279,115.472473,-0.099454,45.242645,-2.200242,497.605286,19.495253,479.759247,179.963333,0.088059,179.925446,16444,False,True,48,57,True,
270,/kuka/axis_move/feedback_json,std_msgs/msg/String,2026-08-28T20:16:50.105129-04:00,1787962610,105111961,1787962610105111961,120.308047,,,,66618,66617,1,0,0,66618,AxisTarget,1,True,True,True,False,-2.224532,-70.68042,115.554405,-0.097372,45.026165,-2.206017,497.609802,19.429979,478.019196,179.951218,0.079807,179.927612,16444,False,True,48,58,True,
271,/kuka/axis_move/feedback_json,std_msgs/msg/String,2026-08-28T20:16:50.227225-04:00,1787962610,227213068,1787962610227213068,122.101107,,,,66619,66618,1,0,0,66619,AxisTarget,1,True,True,True,True,-2.21739,-70.529716,115.640358,-0.09517,44.795391,-2.212221,497.607758,19.365807,476.316254,179.939377,0.071724,179.929718,16444,False,True,48,58,True,
272,/kuka/axis_move/feedback_json,std_msgs/msg/String,2026-08-28T20:16:50.350697-04:00,1787962610,350687247,1787962610350687247,123.474179,,,,66620,66619,1,0,0,66620,AxisTarget,1,True,True,True,False,-2.209819,-70.370598,115.730736,-0.092863,44.554619,-2.218669,497.598572,19.296932,474.497101,179.926712,0.063081,179.931961,16444,False,True,48,58,True,
273,/kuka/axis_move/feedback_json,std_msgs/msg/String,2026-08-28T20:16:50.476643-04:00,1787962610,476612228,1787962610476612228,125.924981,,,,66621,66620,1,0,0,66621,AxisTarget,1,True,True,True,False,-2.202247,-70.211487,115.821114,-0.090557,44.313847,-2.225118,497.582764,19.230038,472.738403,179.914474,0.054716,179.934128,16444,False,True,48,58,True,
274,/kuka/axis_move/feedback_json,std_msgs/msg/String,2026-08-28T20:16:50.602762-04:00,1787962610,602750675,1787962610602750675,126.138447,,,,66622,66621,1,0,0,66622,AxisTarget,1,True,True,True,False,-2.194433,-70.047234,115.914406,-0.088178,44.065304,-2.231776,497.558441,19.158428,470.864471,179.901428,0.045795,179.936417,16444,False,True,48,58,True,
275,/kuka/axis_move/feedback_json,std_msgs/msg/String,2026-08-28T20:16:50.726358-04:00,1787962610,726352788,1787962610726352788,123.602113,,,,66623,66622,1,0,0,66623,AxisTarget,1,True,True,True,False,-2.186864,-69.888123,116.004776,-0.085874,43.824532,-2.238227,497.527527,19.088816,469.051056,179.888809,0.037152,179.938629,16444,False,True,48,58,True,
276,/kuka/axis_move/feedback_json,std_msgs/msg/String,2026-08-28T20:16:50.848259-04:00,1787962610,848236501,1787962610848236501,121.883713,,,,66624,66623,1,0,0,66624,AxisTarget,1,True,True,True,False,-2.17954,-69.734138,116.092232,-0.083646,43.591526,-2.244471,497.489441,19.018967,467.239655,179.876205,0.02851,179.940826,16444,False,True,48,58,True,
277,/kuka/axis_move/feedback_json,std_msgs/msg/String,2026-08-28T20:16:50.976878-04:00,1787962610,976857240,1787962610976857240,128.620739,,,,66625,66624,1,0,0,66625,AxisTarget,1,True,True,True,False,-2.17173,-69.569885,116.185524,-0.081271,43.342983,-2.250924,497.444153,18.948889,465.430237,179.863617,0.019868,179.943008,16444,False,True,48,58,True,
278,/kuka/axis_move/feedback_json,std_msgs/msg/String,2026-08-28T20:16:51.104370-04:00,1787962611,104343468,1787962611104343468,127.486228,,,,66626,66625,1,0,0,66626,AxisTarget,1,True,True,True,False,-2.164408,-69.410767,116.275894,-0.078971,43.102211,-2.257586,497.391663,18.87858,463.622894,179.851044,0.011226,179.945175,16444,False,True,48,59,False,
279,/kuka/axis_move/feedback_json,std_msgs/msg/String,2026-08-28T20:16:51.231121-04:00,1787962611,231102152,1787962611231102152,126.758684,,,,66627,66626,1,0,0,66627,AxisTarget,1,True,True,True,True,-2.156356,-69.246521,116.369179,-0.076523,42.845905,-2.264456,497.327942,18.803482,461.701202,179.837677,0.002028,179.947479,16444,False,True,48,59,False,
280,/kuka/axis_move/feedback_json,std_msgs/msg/String,2026-08-28T20:16:51.360413-04:00,1787962611,360406779,1787962611360406779,129.304627,,,,66628,66627,1,0,0,66628,AxisTarget,1,True,True,True,False,-2.148303,-69.077133,116.465378,-0.074149,42.597363,-2.271118,497.258392,18.730408,459.840027,179.824722,-0.006893,179.949692,16444,False,True,48,59,False,
281,/kuka/axis_move/feedback_json,std_msgs/msg/String,2026-08-28T20:16:51.482770-04:00,1787962611,482763480,1787962611482763480,122.356701,,,,66629,66628,1,0,0,66629,AxisTarget,1,True,True,True,False,-2.140982,-68.923149,116.552834,-0.071924,42.364357,-2.277364,497.183777,18.65938,458.039154,179.81218,-0.015533,179.951828,16444,False,True,48,59,False,
282,/kuka/axis_move/feedback_json,std_msgs/msg/String,2026-08-28T20:16:51.606299-04:00,1787962611,606279436,1787962611606279436,123.515956,,,,66630,66629,1,0,0,66630,AxisTarget,1,True,True,True,False,-2.133414,-68.764038,116.643204,-0.069626,42.123585,-2.283816,497.10202,18.588104,456.240509,179.799667,-0.024169,179.953949,16444,False,True,48,59,False,
283,/kuka/axis_move/feedback_json,std_msgs/msg/String,2026-08-28T20:16:51.731086-04:00,1787962611,731074254,1787962611731074254,124.794818,,,,66631,66630,1,0,0,66631,AxisTarget,1,True,True,True,False,-2.125597,-68.599792,116.736481,-0.067255,41.875042,-2.290474,497.010193,18.514252,454.3862,179.786743,-0.033076,179.956131,16444,False,True,48,59,False,
284,/kuka/axis_move/feedback_json,std_msgs/msg/String,2026-08-28T20:16:51.854431-04:00,1787962611,854403335,1787962611854403335,123.329081,,,,66632,66631,1,0,0,66632,AxisTarget,1,True,True,True,False,-2.118263,-68.445824,116.823929,-0.064959,41.63427,-2.296922,496.917297,18.444763,452.649963,179.774658,-0.041416,179.95816,16444,False,True,48,59,False,
285,/kuka/axis_move/feedback_json,std_msgs/msg/String,2026-08-28T20:16:51.983349-04:00,1787962611,983338348,1787962611983338348,128.935013,,,,66633,66632,1,0,0,66633,AxisTarget,1,True,True,True,False,-2.110437,-68.281586,116.917198,-0.062665,41.393497,-2.303369,496.810883,18.370384,450.800385,179.761765,-0.050306,179.960312,16444,False,True,48,59,False,
286,/kuka/axis_move/feedback_json,std_msgs/msg/String,2026-08-28T20:16:52.113991-04:00,1787962612,113985476,1787962612113985476,130.647128,,,,66634,66633,1,0,0,66634,AxisTarget,1,True,True,True,False,-2.102853,-68.12249,117.007553,-0.060371,41.144955,-2.310022,496.700623,18.298101,449.010925,179.749283,-0.058915,179.962372,16444,False,True,48,59,False,
287,/kuka/axis_move/feedback_json,std_msgs/msg/String,2026-08-28T20:16:52.239266-04:00,1787962612,239255867,1787962612239255867,125.270391,,,,66635,66634,1,0,0,66635,AxisTarget,1,True,True,True,False,-2.094537,-67.94799,117.106659,-0.057856,40.888649,-2.316885,496.5755,18.220928,447.108551,179.736008,-0.06808,179.964569,16444,False,True,48,59,False,
288,/kuka/axis_move/feedback_json,std_msgs/msg/String,2026-08-28T20:16:52.363006-04:00,1787962612,362994774,1787962612362994774,123.738907,,,,66636,66635,1,0,0,66636,AxisTarget,1,True,True,True,False,-2.086959,-67.788887,117.197014,-0.055641,40.655643,-2.323336,496.450684,18.148264,445.323853,179.723557,-0.076697,179.966614,16444,False,True,48,59,False,
289,/kuka/axis_move/feedback_json,std_msgs/msg/String,2026-08-28T20:16:52.486592-04:00,1787962612,486586631,1787962612486586631,123.591857,,,,66637,66636,1,0,0,66637,AxisTarget,1,True,True,True,False,-2.079643,-67.630241,117.287003,-0.053298,40.409,-2.329727,496.318878,18.07551,443.542175,179.711121,-0.08532,179.968628,16444,False,True,48,59,False,
290,/kuka/axis_move/feedback_json,std_msgs/msg/String,2026-08-28T20:16:52.611597-04:00,1787962612,611590795,1787962612611590795,125.004164,,,,66638,66637,1,0,0,66638,AxisTarget,1,True,True,True,False,-2.072546,-67.485847,117.369133,-0.051222,40.189293,-2.335638,496.188904,18.007145,441.873688,179.699463,-0.093412,179.97052,16444,False,True,48,59,False,
291,/kuka/axis_move/feedback_json,std_msgs/msg/String,2026-08-28T20:16:52.736319-04:00,1787962612,736301871,1787962612736301871,124.711076,,,,66639,66638,1,0,0,66639,AxisTarget,1,True,True,True,False,-2.06504,-67.328247,117.458374,-0.048909,39.946388,-2.3421,496.043945,17.934288,440.101501,179.687103,-0.102013,179.972519,16444,False,True,48,59,False,
292,/kuka/axis_move/feedback_json,std_msgs/msg/String,2026-08-28T20:16:53.286406-04:00,1787962613,286396155,1787962613286396155,550.094284,,,,66640,66639,1,0,0,66640,AxisTarget,1,True,True,True,False,-2.0615,-67.258202,117.495499,-0.0481,39.868099,-2.344,495.963989,17.89555,439.159088,179.680573,-0.106576,179.973572,16445,False,True,49,63,True,
293,/kuka/axis_move/feedback_json,std_msgs/msg/String,2026-08-28T20:16:53.839421-04:00,1787962613,839415737,1787962613839415737,553.019582,,,,66641,66640,1,0,0,66641,AxisTarget,1,True,True,True,True,-2.054532,-66.801575,116.707047,-0.052544,40.178398,-2.321402,500.8909,18.017115,439.416107,179.691666,-0.084657,179.969711,16446,False,True,49,65,True,
294,/kuka/axis_move/feedback_json,std_msgs/msg/String,2026-08-28T20:16:53.966928-04:00,1787962613,966914323,1787962613966914323,127.498586,,,,66642,66641,1,0,0,66642,AxisTarget,1,True,True,True,False,-2.052468,-66.666885,116.476646,-0.053833,40.267456,-2.315222,502.334778,18.052574,439.488373,179.694946,-0.078251,179.968567,16446,False,True,49,65,True,
295,/kuka/axis_move/feedback_json,std_msgs/msg/String,2026-08-28T20:16:54.095058-04:00,1787962614,95053264,1787962614095053264,128.138941,,,,66643,66642,1,0,0,66643,AxisTarget,1,True,True,True,False,-2.050406,-66.532196,116.246246,-0.055128,40.356506,-2.308847,503.869965,18.09017,439.563812,179.698425,-0.071423,179.967346,16446,False,True,49,65,True,
296,/kuka/axis_move/feedback_json,std_msgs/msg/String,2026-08-28T20:16:54.218794-04:00,1787962614,218783209,1787962614218783209,123.729945,,,,66644,66643,1,0,0,66644,AxisTarget,1,True,True,True,False,-2.048411,-66.401726,116.023048,-0.056387,40.445557,-2.302476,505.310303,18.125347,439.633301,179.701706,-0.064999,179.966202,16446,False,True,49,65,True,
297,/kuka/axis_move/feedback_json,std_msgs/msg/String,2026-08-28T20:16:54.346450-04:00,1787962614,346445063,1787962614346445063,127.661854,,,,66645,66644,1,0,0,66645,AxisTarget,1,True,True,True,False,-2.046352,-66.267044,115.792648,-0.05769,40.531818,-2.296305,506.795319,18.161505,439.703583,179.705078,-0.058363,179.965012,16446,False,True,49,66,True,
298,/kuka/axis_move/feedback_json,std_msgs/msg/String,2026-08-28T20:16:54.472091-04:00,1787962614,472085130,1787962614472085130,125.640067,,,,66646,66645,1,0,0,66646,AxisTarget,1,True,True,True,True,-2.044357,-66.136574,115.56945,-0.058952,40.618084,-2.290135,508.232178,18.196371,439.770294,179.708359,-0.051934,179.963852,16446,False,True,49,66,True,
299,/kuka/axis_move/feedback_json,std_msgs/msg/String,2026-08-28T20:16:54.598560-04:00,1787962614,598554686,1787962614598554686,126.469556,,,,66647,66646,1,0,0,66647,AxisTarget,1,True,True,True,False,-2.042298,-66.0019,115.33905,-0.060255,40.707127,-2.283766,509.713562,18.232199,439.837677,179.711731,-0.045297,179.962662,16446,False,True,49,66,True,
300,/kuka/axis_move/feedback_json,std_msgs/msg/String,2026-08-28T20:16:54.723702-04:00,1787962614,723633416,1787962614723633416,125.07873,,,,66648,66647,1,0,0,66648,AxisTarget,1,True,True,True,False,-2.040304,-65.867218,115.10865,-0.061557,40.796173,-2.277397,511.146881,18.266748,439.901581,179.715012,-0.038866,179.961502,16446,False,True,49,66,True,
301,/kuka/axis_move/feedback_json,std_msgs/msg/String,2026-08-28T20:16:54.847712-04:00,1787962614,847706313,1787962614847706313,124.072897,,,,66649,66648,1,0,0,66649,AxisTarget,1,True,True,True,False,-2.038246,-65.736755,114.885452,-0.062817,40.882431,-2.271229,512.57843,18.301144,439.964111,179.718292,-0.032432,179.960342,16446,False,True,49,66,True,
302,/kuka/axis_move/feedback_json,std_msgs/msg/String,2026-08-28T20:16:54.970838-04:00,1787962614,970827260,1787962614970827260,123.120947,,,,66650,66649,1,0,0,66650,AxisTarget,1,True,True,True,False,-2.036253,-65.606285,114.662247,-0.064076,40.968693,-2.265061,514.00824,18.335382,440.025269,179.721588,-0.025995,179.959183,16446,False,True,49,66,True,
303,/kuka/axis_move/feedback_json,std_msgs/msg/String,2026-08-28T20:16:55.096940-04:00,1787962615,96928623,1787962615096928623,126.101363,,,,66651,66650,1,0,0,66651,AxisTarget,1,True,True,True,False,-2.034261,-65.475822,114.439049,-0.065335,41.054951,-2.258894,515.43634,18.369469,440.085052,179.724869,-0.019556,179.958023,16446,False,True,49,66,True,
304,/kuka/axis_move/feedback_json,std_msgs/msg/String,2026-08-28T20:16:55.223394-04:00,1787962615,223386864,1787962615223386864,126.458241,,,,66652,66651,1,0,0,66652,AxisTarget,1,True,True,True,False,-2.032268,-65.341148,114.208649,-0.066633,41.14399,-2.252529,516.908569,18.40449,440.145325,179.728271,-0.012907,179.956818,16446,False,True,49,66,True,
305,/kuka/axis_move/feedback_json,std_msgs/msg/String,2026-08-28T20:16:55.346902-04:00,1787962615,346896407,1787962615346896407,123.509543,,,,66653,66652,1,0,0,66653,AxisTarget,1,True,True,True,False,-2.030212,-65.21489,113.992645,-0.06785,41.227463,-2.246562,518.333069,18.438257,440.202332,179.731567,-0.006465,179.955658,16446,False,True,49,67,True,
306,/kuka/axis_move/feedback_json,std_msgs/msg/String,2026-08-28T20:16:55.467046-04:00,1787962615,467036000,1787962615467036000,120.139593,,,,66654,66653,1,0,0,66654,AxisTarget,1,True,True,True,True,-2.028284,-65.084427,113.769447,-0.069108,41.313721,-2.240396,519.755737,18.471865,440.257965,179.734863,-2.3e-05,179.954483,16446,False,True,49,67,True,
307,/kuka/axis_move/feedback_json,std_msgs/msg/String,2026-08-28T20:16:55.594157-04:00,1787962615,594148626,1787962615594148626,127.112626,,,,66655,66654,1,0,0,66655,AxisTarget,1,True,True,True,False,-2.026292,-64.953964,113.546249,-0.070365,41.399975,-2.23423,521.176636,18.505316,440.312225,179.738159,0.006419,179.953323,16446,False,True,49,67,True,
308,/kuka/axis_move/feedback_json,std_msgs/msg/String,2026-08-28T20:16:55.722788-04:00,1787962615,722783157,1787962615722783157,128.634531,,,,66656,66655,1,0,0,66656,AxisTarget,1,True,True,True,False,-2.024235,-64.819283,113.315849,-0.071663,41.489017,-2.227864,522.595764,18.538609,440.365112,179.741455,0.012859,179.952148,16446,False,True,49,67,True,
309,/kuka/axis_move/feedback_json,std_msgs/msg/String,2026-08-28T20:16:55.851253-04:00,1787962615,851236814,1787962615851236814,128.453657,,,,66657,66656,1,0,0,66657,AxisTarget,1,True,True,True,False,-2.022179,-64.684608,113.085449,-0.072961,41.578056,-2.221497,524.058777,18.572809,440.418243,179.744873,0.019506,179.950943,16446,False,True,49,67,True,
310,/kuka/axis_move/feedback_json,std_msgs/msg/String,2026-08-28T20:16:55.974443-04:00,1787962615,974421288,1787962615974421288,123.184474,,,,66658,66657,1,0,0,66658,AxisTarget,1,True,True,True,False,-2.020123,-64.549927,112.855049,-0.074258,41.667095,-2.215129,525.519836,18.606844,440.469879,179.748291,0.02615,179.949738,16446,False,True,49,67,True,
311,/kuka/axis_move/feedback_json,std_msgs/msg/String,2026-08-28T20:16:56.098578-04:00,1787962616,98554866,1787962616098554866,124.133578,,,,66659,66658,1,0,0,66659,AxisTarget,1,True,True,True,False,-2.018131,-64.419456,112.631851,-0.075514,41.753353,-2.209158,526.933472,18.639656,440.518494,179.751602,0.032585,179.948563,16446,False,True,49,67,True,
312,/kuka/axis_move/feedback_json,std_msgs/msg/String,2026-08-28T20:16:56.224362-04:00,1787962616,224355744,1787962616224355744,125.800878,,,,66660,66659,1,0,0,66660,AxisTarget,1,True,True,True,False,-2.016204,-64.288986,112.408646,-0.07677,41.839611,-2.202788,528.345215,18.67231,440.565735,179.754929,0.039018,179.947388,16446,False,True,49,67,True,
313,/kuka/axis_move/feedback_json,std_msgs/msg/String,2026-08-28T20:16:56.353475-04:00,1787962616,353457220,1787962616353457220,129.101476,,,,66661,66660,1,0,0,66661,AxisTarget,1,True,True,True,False,-2.014149,-64.158508,112.185448,-0.078025,41.92865,-2.196417,529.800659,18.705853,440.613068,179.758347,0.045657,179.946182,16446,False,True,49,67,True,
314,/kuka/axis_move/feedback_json,std_msgs/msg/String,2026-08-28T20:16:56.477126-04:00,1787962616,477116445,1787962616477116445,123.659225,,,,66662,66661,1,0,0,66662,AxisTarget,1,True,True,True,False,-2.012169,-64.025085,111.957748,-0.079303,42.010849,-2.190554,531.204346,18.738087,440.657379,179.761673,0.052068,179.945007,16446,False,True,49,67,True,
315,/kuka/axis_move/feedback_json,std_msgs/msg/String,2026-08-28T20:16:56.602642-04:00,1787962616,602631980,1787962616602631980,125.515535,,,,66663,66662,1,0,0,66663,AxisTarget,1,True,True,True,False,-2.0103,-63.906719,111.761925,-0.080403,42.091591,-2.184773,532.489502,18.767498,440.696777,179.764709,0.057944,179.943924,16446,False,True,49,68,True,
316,/kuka/axis_move/feedback_json,std_msgs/msg/String,2026-08-28T20:16:56.724616-04:00,1787962616,724610258,1787962616724610258,121.978278,,,,66664,66663,1,0,0,66664,AxisTarget,1,True,True,True,True,-2.00844,-63.784389,111.545464,-0.081625,42.173195,-2.178918,533.83313,18.798141,440.736847,179.767899,0.064095,179.94281,16446,False,True,49,68,True,
317,/kuka/axis_move/feedback_json,std_msgs/msg/String,2026-08-28T20:16:56.851016-04:00,1787962616,851006328,1787962616851006328,126.39607,,,,66665,66664,1,0,0,66665,AxisTarget,1,True,True,True,False,-2.006384,-63.649704,111.315063,-0.08288,42.259453,-2.172746,535.235901,18.830021,440.777374,179.771225,0.070526,179.94162,16446,False,True,49,68,True,
318,/kuka/axis_move/feedback_json,std_msgs/msg/String,2026-08-28T20:16:56.974891-04:00,1787962616,974860364,1787962616974860364,123.854036,,,,66666,66665,1,0,0,66666,AxisTarget,1,True,True,True,False,-2.004393,-63.519226,111.091858,-0.084176,42.348492,-2.166374,536.682007,18.862761,440.81778,179.774673,0.077164,179.940399,16446,False,True,49,68,True,
319,/kuka/axis_move/feedback_json,std_msgs/msg/String,2026-08-28T20:16:57.098637-04:00,1787962617,98632040,1787962617098632040,123.771676,,,,66667,66666,1,0,0,66667,AxisTarget,1,True,True,True,False,-2.002465,-63.39296,110.875862,-0.085392,42.431969,-2.160401,538.03595,18.893297,440.85434,179.777908,0.083388,179.939255,16446,False,True,49,68,True,
320,/kuka/axis_move/feedback_json,std_msgs/msg/String,2026-08-28T20:16:57.222945-04:00,1787962617,222921531,1787962617222921531,124.289491,,,,66668,66667,1,0,0,66668,AxisTarget,1,True,True,True,False,-2.000409,-63.258274,110.645462,-0.086689,42.521008,-2.15403,539.47821,18.925701,440.891937,179.781357,0.090027,179.938034,16446,False,True,49,68,True,
321,/kuka/axis_move/feedback_json,std_msgs/msg/String,2026-08-28T20:16:57.350692-04:00,1787962617,350684368,1787962617350684368,127.762837,,,,66669,66668,1,0,0,66669,AxisTarget,1,True,True,True,False,-1.998416,-63.1278,110.422264,-0.087947,42.607265,-2.147859,540.828552,18.955923,440.925903,179.784592,0.096252,179.93689,16446,False,True,49,68,True,
322,/kuka/axis_move/feedback_json,std_msgs/msg/String,2026-08-28T20:16:57.475961-04:00,1787962617,475954804,1787962617475954804,125.270436,,,,66670,66669,1,0,0,66670,AxisTarget,1,True,True,True,False,-1.996423,-62.997326,110.199059,-0.089206,42.693527,-2.141687,542.266907,18.987989,440.960724,179.78804,0.102892,179.935654,16446,False,True,49,68,True,
323,/kuka/axis_move/feedback_json,std_msgs/msg/String,2026-08-28T20:16:57.600446-04:00,1787962617,600429187,1787962617600429187,124.474383,,,,66671,66670,1,0,0,66671,AxisTarget,1,True,True,True,False,-1.994364,-62.862644,109.968658,-0.090506,42.782566,-2.135317,543.658447,19.018888,440.993073,179.791382,0.109326,179.934464,16446,False,True,49,68,True,
324,/kuka/axis_move/feedback_json,std_msgs/msg/String,2026-08-28T20:16:57.724490-04:00,1787962617,724460116,1787962617724460116,124.030929,,,,66672,66671,1,0,0,66672,AxisTarget,1,True,True,True,False,-1.992434,-62.736382,109.745461,-0.091766,42.868824,-2.129146,545.048096,19.049623,441.024078,179.794724,0.11576,179.933273,16446,False,True,49,68,True,
325,/kuka/axis_move/feedback_json,std_msgs/msg/String,2026-08-28T20:16:57.846767-04:00,1787962617,846743682,1787962617846743682,122.283566,,,,66673,66672,1,0,0,66673,AxisTarget,1,True,True,True,False,-1.990375,-62.6017,109.522263,-0.093027,42.955086,-2.122975,546.480591,19.081179,441.054688,179.798172,0.122402,179.932037,16446,False,True,49,68,True,
326,/kuka/axis_move/feedback_json,std_msgs/msg/String,2026-08-28T20:16:57.971301-04:00,1787962617,971295652,1787962617971295652,124.55197,,,,66674,66673,1,0,0,66674,AxisTarget,1,True,True,True,False,-1.988379,-62.471226,109.299065,-0.094288,43.041344,-2.116804,547.866394,19.111584,441.082947,179.801529,0.128837,179.930832,16446,False,True,49,68,True,
327,/kuka/axis_move/feedback_json,std_msgs/msg/String,2026-08-28T20:16:58.095264-04:00,1787962618,95255503,1787962618095255503,123.959851,,,,66675,66674,1,0,0,66675,AxisTarget,1,True,True,True,False,-1.986448,-62.340755,109.075859,-0.09555,43.127602,-2.110634,549.205688,19.140854,441.109009,179.804764,0.135065,179.929672,16446,False,True,49,69,True,
328,/kuka/axis_move/feedback_json,std_msgs/msg/String,2026-08-28T20:16:58.219067-04:00,1787962618,219039550,1787962618219039550,123.784047,,,,66676,66675,1,0,0,66676,AxisTarget,1,True,True,True,True,-1.984388,-62.210285,108.852661,-0.096811,43.213863,-2.104463,550.587708,19.170942,441.134644,179.808121,0.1415,179.928482,16446,False,True,49,69,True,
329,/kuka/axis_move/feedback_json,std_msgs/msg/String,2026-08-28T20:16:58.342084-04:00,1787962618,342078700,1787962618342078700,123.03915,,,,66677,66676,1,0,0,66677,AxisTarget,1,True,True,True,False,-1.982392,-62.079815,108.629463,-0.098073,43.300121,-2.098292,551.967834,19.200872,441.158905,179.811478,0.147936,179.927277,16446,False,True,49,69,True,
330,/kuka/axis_move/feedback_json,std_msgs/msg/String,2026-08-28T20:16:58.466419-04:00,1787962618,466396823,1787962618466396823,124.318123,,,,66678,66677,1,0,0,66678,AxisTarget,1,True,True,True,False,-1.980397,-61.949341,108.406258,-0.099335,43.386379,-2.092122,553.390442,19.231602,441.182526,179.814941,0.154579,179.926025,16446,False,True,49,69,True,
331,/kuka/axis_move/feedback_json,std_msgs/msg/String,2026-08-28T20:16:58.591729-04:00,1787962618,591688167,1787962618591688167,125.291344,,,,66679,66678,1,0,0,66679,AxisTarget,1,True,True,True,False,-1.978401,-61.818871,108.18306,-0.100596,43.472641,-2.085951,554.72229,19.260258,441.203369,179.818192,0.160808,179.924866,16446,False,True,49,69,True,
332,/kuka/axis_move/feedback_json,std_msgs/msg/String,2026-08-28T20:16:58.720342-04:00,1787962618,720336215,1787962618720336215,128.648048,,,,66680,66679,1,0,0,66680,AxisTarget,1,True,True,True,False,-1.976406,-61.6884,107.967064,-0.101816,43.558899,-2.079781,556.096619,19.289717,441.223602,179.821564,0.167244,179.92366,16446,False,True,49,69,True,
333,/kuka/axis_move/feedback_json,std_msgs/msg/String,2026-08-28T20:16:58.848783-04:00,1787962618,848777740,1787962618848777740,128.441525,,,,66681,66680,1,0,0,66681,AxisTarget,1,True,True,True,False,-1.974347,-61.553719,107.729462,-0.103157,43.647938,-2.073413,557.557495,19.320904,441.243652,179.82515,0.174096,179.922379,16446,False,True,49,69,True,
334,/kuka/axis_move/feedback_json,std_msgs/msg/String,2026-08-28T20:16:58.966781-04:00,1787962618,966773197,1787962618966773197,117.995457,,,,66682,66681,1,0,0,66682,AxisTarget,1,True,True,True,False,-1.972353,-61.423244,107.506264,-0.104415,43.734196,-2.067244,558.927795,19.350044,441.261078,179.828522,0.180532,179.921173,16446,False,True,49,69,True,
335,/kuka/axis_move/feedback_json,std_msgs/msg/String,2026-08-28T20:16:59.093370-04:00,1787962619,93364761,1787962619093364761,126.591564,,,,66683,66682,1,0,0,66683,AxisTarget,1,True,True,True,False,-1.97036,-61.29277,107.283058,-0.105673,43.820454,-2.061076,560.296204,19.37903,441.277161,179.831894,0.186969,179.919968,16446,False,True,49,69,True,
336,/kuka/axis_move/feedback_json,std_msgs/msg/String,2026-08-28T20:16:59.219307-04:00,1787962619,219301460,1787962619219301460,125.936699,,,,66684,66683,1,0,0,66684,AxisTarget,1,True,True,True,False,-1.968303,-61.158089,107.052658,-0.106969,43.909492,-2.05471,561.662598,19.407862,441.291901,179.835266,0.193406,179.918747,16446,False,True,49,69,True,
337,/kuka/axis_move/feedback_json,std_msgs/msg/String,2026-08-28T20:16:59.343121-04:00,1787962619,343115751,1787962619343115751,123.814291,,,,66685,66684,1,0,0,66685,AxisTarget,1,True,True,True,False,-1.966311,-61.027615,106.82946,-0.108225,43.99575,-2.048543,563.027039,19.436541,441.305328,179.838654,0.199843,179.917542,16446,False,True,49,69,True,
338,/kuka/axis_move/feedback_json,std_msgs/msg/String,2026-08-28T20:16:59.470221-04:00,1787962619,470196766,1787962619470196766,127.081015,,,,66686,66685,1,0,0,66686,AxisTarget,1,True,True,True,False,-1.96432,-60.897141,106.606262,-0.109479,44.082005,-2.042377,564.389526,19.465065,441.317383,179.842041,0.206281,179.916336,16446,False,True,49,69,True,
339,/kuka/axis_move/feedback_json,std_msgs/msg/String,2026-08-28T20:16:59.594572-04:00,1787962619,594550123,1787962619594550123,124.353357,,,,66687,66686,1,0,0,66687,AxisTarget,1,True,True,True,False,-1.962265,-60.762459,106.375862,-0.110773,44.17104,-2.036012,565.793884,19.494347,441.32843,179.845535,0.212926,179.915085,16446,False,True,49,70,True,
340,/kuka/axis_move/feedback_json,std_msgs/msg/String,2026-08-28T20:16:59.722928-04:00,1787962619,722917144,1787962619722917144,128.367021,,,,66688,66687,1,0,0,66688,AxisTarget,1,True,True,True,True,-1.960453,-60.644531,106.175491,-0.111891,44.247444,-2.030587,567.090637,19.521273,441.337372,179.84877,0.219071,179.913925,16446,False,True,49,70,True,
341,/kuka/axis_move/feedback_json,std_msgs/msg/String,2026-08-28T20:16:59.846588-04:00,1787962619,846582412,1787962619846582412,123.665268,,,,66689,66688,1,0,0,66689,AxisTarget,1,True,True,True,False,-1.958625,-60.523952,105.96788,-0.113064,44.328701,-2.024742,568.277588,19.545828,441.344482,179.851746,0.224704,179.912872,16446,False,True,49,70,True,
342,/kuka/axis_move/feedback_json,std_msgs/msg/String,2026-08-28T20:16:59.968569-04:00,1787962619,968550042,1787962619968550042,121.96763,,,,66690,66689,1,0,0,66690,AxisTarget,1,True,True,True,False,-1.9567,-60.397709,105.7519,-0.114277,44.412174,-2.018775,569.630127,19.573698,441.351379,179.855133,0.231131,179.911652,16446,False,True,49,70,True,
343,/kuka/axis_move/feedback_json,std_msgs/msg/String,2026-08-28T20:17:00.096433-04:00,1787962620,96414234,1787962620096414234,127.864192,,,,66691,66690,1,0,0,66691,AxisTarget,1,True,True,True,False,-1.954709,-60.267235,105.528702,-0.115531,44.498428,-2.012609,570.982971,19.601454,441.356934,179.858536,0.237569,179.910446,16446,False,True,49,70,True,
344,/kuka/axis_move/feedback_json,std_msgs/msg/String,2026-08-28T20:17:00.219128-04:00,1787962620,219116398,1787962620219116398,122.702164,,,,66692,66691,1,0,0,66692,AxisTarget,1,True,True,True,False,-1.952718,-60.136761,105.305496,-0.116784,44.587471,-2.006241,572.33374,19.629049,441.361176,179.861938,0.244006,179.909225,16446,False,True,49,70,True,
345,/kuka/axis_move/feedback_json,std_msgs/msg/String,2026-08-28T20:17:00.347068-04:00,1787962620,347055712,1787962620347055712,127.939314,,,,66693,66692,1,0,0,66693,AxisTarget,1,True,True,True,False,-1.950663,-60.002079,105.075096,-0.118079,44.673733,-2.00007,573.726013,19.657368,441.364166,179.865463,0.250649,179.907974,16446,False,True,49,70,True,
346,/kuka/axis_move/feedback_json,std_msgs/msg/String,2026-08-28T20:17:00.472960-04:00,1787962620,472949045,1787962620472949045,125.893333,,,,66694,66693,1,0,0,66694,AxisTarget,1,True,True,True,False,-1.948671,-59.871609,104.851898,-0.119334,44.759995,-1.993895,575.072754,19.684637,441.365753,179.868881,0.257082,179.906754,16446,False,True,49,70,True,
347,/kuka/axis_move/feedback_json,std_msgs/msg/String,2026-08-28T20:17:00.599032-04:00,1787962620,599008996,1787962620599008996,126.059951,,,,66695,66694,1,0,0,66695,AxisTarget,1,True,True,True,False,-1.946615,-59.736927,104.614296,-0.120669,44.85183,-1.98732,576.460754,19.712618,441.365967,179.872406,0.263721,179.905487,16446,False,True,49,70,True,
348,/kuka/axis_move/feedback_json,std_msgs/msg/String,2026-08-28T20:17:00.722607-04:00,1787962620,722576375,1787962620722576375,123.567379,,,,66696,66695,1,0,0,66696,AxisTarget,1,True,True,True,False,-1.944559,-59.602249,104.391098,-0.121925,44.938099,-1.981141,577.803345,19.739561,441.364868,179.875839,0.270151,179.904266,16446,False,True,49,70,True,
349,/kuka/axis_move/feedback_json,std_msgs/msg/String,2026-08-28T20:17:00.846811-04:00,1787962620,846799802,1787962620846799802,124.223427,,,,66697,66696,1,0,0,66697,AxisTarget,1,True,True,True,False,-1.942568,-59.471886,104.168213,-0.123177,45.024078,-1.97499,579.143799,19.766342,441.362427,179.879257,0.27658,179.903046,16446,False,True,49,71,False,
350,/kuka/axis_move/feedback_json,std_msgs/msg/String,2026-08-28T20:17:00.975324-04:00,1787962620,975311956,1787962620975311956,128.512154,,,,66698,66697,1,0,0,66698,AxisTarget,1,True,True,True,True,-1.940831,-59.35482,103.968544,-0.124298,45.100945,-1.969488,580.36554,19.790648,441.359039,179.882401,0.282448,179.901917,16446,False,True,49,71,False,
351,/kuka/axis_move/feedback_json,std_msgs/msg/String,2026-08-28T20:17:01.103440-04:00,1787962621,103435048,1787962621103435048,128.123092,,,,66699,66698,1,0,0,66699,AxisTarget,1,True,True,True,False,-1.93883,-59.226997,103.749138,-0.125536,45.186226,-1.963363,581.696533,19.817013,441.354095,179.885818,0.28885,179.900696,16446,False,True,49,71,False,
352,/kuka/axis_move/feedback_json,std_msgs/msg/String,2026-08-28T20:17:01.227185-04:00,1787962621,227180263,1787962621227180263,123.745215,,,,66700,66699,1,0,0,66700,AxisTarget,1,True,True,True,False,-1.936774,-59.092319,103.518738,-0.126832,45.27528,-1.956984,583.031067,19.84333,441.347839,179.889252,0.295279,179.899475,16446,False,True,49,71,False,
353,/kuka/axis_move/feedback_json,std_msgs/msg/String,2026-08-28T20:17:01.350573-04:00,1787962621,350567407,1787962621350567407,123.387144,,,,66701,66700,1,0,0,66701,AxisTarget,1,True,True,True,False,-1.934781,-58.961845,103.29554,-0.128089,45.361549,-1.950808,584.406555,19.870329,441.339966,179.892792,0.301918,179.898209,16446,False,True,49,71,False,
354,/kuka/axis_move/feedback_json,std_msgs/msg/String,2026-08-28T20:17:01.475888-04:00,1787962621,475859855,1787962621475859855,125.292448,,,,66702,66701,1,0,0,66702,AxisTarget,1,True,True,True,False,-1.932788,-58.831375,103.072342,-0.129346,45.447807,-1.944638,585.694092,19.895481,441.331268,179.896118,0.308145,179.897018,16446,False,True,49,71,False,
355,/kuka/axis_move/feedback_json,std_msgs/msg/String,2026-08-28T20:17:01.604130-04:00,1787962621,604122862,1787962621604122862,128.263007,,,,66703,66702,1,0,0,66703,AxisTarget,1,True,True,True,False,-1.930795,-58.700897,102.841942,-0.130645,45.536846,-1.938275,587.065369,19.922142,441.320648,179.899658,0.314791,179.895737,16446,False,True,49,71,False,
356,/kuka/axis_move/feedback_json,std_msgs/msg/String,2026-08-28T20:17:01.730463-04:00,1787962621,730440499,1787962621730440499,126.317637,,,,66704,66703,1,0,0,66704,AxisTarget,1,True,True,True,False,-1.928736,-58.566216,102.618744,-0.131904,45.623089,-1.932116,588.391663,19.947802,441.30899,179.903076,0.321233,179.894501,16446,False,True,49,71,False,
357,/kuka/axis_move/feedback_json,std_msgs/msg/String,2026-08-28T20:17:01.857140-04:00,1787962621,857122990,1787962621857122990,126.682491,,,,66705,66704,1,0,0,66705,AxisTarget,1,True,True,True,False,-1.926833,-58.44186,102.406204,-0.133103,45.705124,-1.92626,589.701172,19.973021,441.296173,179.906464,0.327604,179.89328,16446,False,True,49,71,False,
358,/kuka/axis_move/feedback_json,std_msgs/msg/String,2026-08-28T20:17:01.978695-04:00,1787962621,978672088,1787962621978672088,121.549098,,,,66706,66705,1,0,0,66706,AxisTarget,1,True,True,True,False,-1.924783,-58.307579,102.176308,-0.134401,45.794067,-1.919907,591.014465,19.998194,441.281982,179.909882,0.334004,179.892044,16446,False,True,49,71,False,
359,/kuka/axis_move/feedback_json,std_msgs/msg/String,2026-08-28T20:17:02.101029-04:00,1787962622,100999234,1787962622100999234,122.327146,,,,66707,66706,1,0,0,66707,AxisTarget,1,True,True,True,False,-1.922852,-58.181309,101.960312,-0.135663,45.877537,-1.913942,592.334534,20.023375,441.266418,179.9133,0.340445,179.890808,16446,False,True,49,71,False,
360,/kuka/axis_move/feedback_json,std_msgs/msg/String,2026-08-28T20:17:02.226235-04:00,1787962622,226213540,1787962622226213540,125.214306,,,,66708,66707,1,0,0,66708,AxisTarget,1,True,True,True,False,-1.920854,-58.050831,101.737106,-0.136887,45.963802,-1.907765,593.610046,20.047569,441.250092,179.916641,0.34667,179.889603,16446,False,True,49,71,False,
361,/kuka/axis_move/feedback_json,std_msgs/msg/String,2026-08-28T20:17:02.351446-04:00,1787962622,351430662,1787962622351430662,125.217122,,,,66709,66708,1,0,0,66709,AxisTarget,1,True,True,True,False,-1.918828,-57.919106,101.512619,-0.138159,46.049911,-1.90161,594.955627,20.072954,441.231537,179.920166,0.353237,179.888336,16446,False,True,49,71,False,
362,/kuka/axis_move/feedback_json,std_msgs/msg/String,2026-08-28T20:17:02.476130-04:00,1787962622,476106854,1787962622476106854,124.676192,,,,66710,66709,1,0,0,66710,AxisTarget,1,True,True,True,False,-1.916973,-57.797623,101.303955,-0.139392,46.134014,-1.89555,596.204163,20.096388,441.213043,179.923462,0.359337,179.887146,16446,False,True,49,71,False,
363,/kuka/axis_move/feedback_json,std_msgs/msg/String,2026-08-28T20:17:02.978438-04:00,1787962622,978418066,1787962622978418066,502.311212,,,,66711,66710,1,0,0,66711,AxisTarget,1,True,True,True,False,-1.9142,-57.623901,101.013901,-0.1409,46.237701,-1.8883,598.077515,20.130827,441.183502,179.928406,0.368636,179.885391,16447,False,True,50,75,True,
364,/kuka/axis_move/feedback_json,std_msgs/msg/String,2026-08-28T20:17:03.106793-04:00,1787962623,106786449,1787962623106786449,128.368383,,,,66712,66711,1,0,0,66712,AxisTarget,1,True,True,True,True,-1.887748,-57.621971,101.010345,-0.139743,46.240791,-1.834777,598.094177,19.936752,441.182495,179.929153,0.368138,179.88591,16447,False,True,50,76,True,
365,/kuka/axis_move/feedback_json,std_msgs/msg/String,2026-08-28T20:17:03.235712-04:00,1787962623,235692173,1787962623235692173,128.905724,,,,66713,66712,1,0,0,66713,AxisTarget,1,True,True,True,False,-1.679388,-57.608364,100.988503,-0.133484,46.255638,-1.604639,598.270874,17.827265,441.171478,179.93721,0.36271,179.891525,16447,False,True,50,76,True,
366,/kuka/axis_move/feedback_json,std_msgs/msg/String,2026-08-28T20:17:03.358849-04:00,1787962623,358818807,1787962623358818807,123.126634,,,,66714,66713,1,0,0,66714,AxisTarget,1,True,True,True,False,-1.452793,-57.594315,100.966187,-0.127174,46.270454,-1.375675,598.46106,15.44901,441.159241,179.946274,0.356623,179.897781,16447,False,True,50,76,True,
367,/kuka/axis_move/feedback_json,std_msgs/msg/String,2026-08-28T20:17:03.487635-04:00,1787962623,487627296,1787962623487627296,128.808489,,,,66715,66714,1,0,0,66715,AxisTarget,1,True,True,True,True,-1.233072,-57.580593,100.944313,-0.120974,46.285057,-1.149213,598.635193,13.159176,441.147522,179.955017,0.350754,179.903763,16447,False,True,50,77,True,
368,/kuka/axis_move/feedback_json,std_msgs/msg/String,2026-08-28T20:17:03.610818-04:00,1787962623,610812430,1787962623610812430,123.185134,,,,66716,66715,1,0,0,66716,AxisTarget,1,True,True,True,False,-0.995472,-57.566261,100.921501,-0.114517,46.300236,-0.914109,598.80896,10.747565,441.135162,179.964203,0.344533,179.909988,16447,False,True,50,77,True,
369,/kuka/axis_move/feedback_json,std_msgs/msg/String,2026-08-28T20:17:03.732965-04:00,1787962623,732943049,1787962623732943049,122.130619,,,,66717,66716,1,0,0,66717,AxisTarget,1,True,True,True,False,-0.772272,-57.552826,100.900116,-0.108462,46.314468,-0.693703,598.968018,8.410182,441.123199,179.973114,0.338463,179.915985,16447,False,True,50,77,True,
370,/kuka/axis_move/feedback_json,std_msgs/msg/String,2026-08-28T20:17:03.858958-04:00,1787962623,858936093,1787962623858936093,125.993044,,,,66718,66717,1,0,0,66718,AxisTarget,1,True,True,True,False,-0.556272,-57.538944,100.878014,-0.1022,46.329178,-0.465953,599.117981,6.071715,441.111237,179.98201,0.332353,179.921936,16447,False,True,50,77,True,
371,/kuka/axis_move/feedback_json,std_msgs/msg/String,2026-08-28T20:17:03.983064-04:00,1787962623,983052860,1787962623983052860,124.116767,,,,66719,66718,1,0,0,66719,AxisTarget,1,True,True,True,False,-0.325872,-57.524616,100.855202,-0.095734,46.344357,-0.230859,599.263123,3.656717,441.098907,179.991196,0.326002,179.928024,16447,False,True,50,77,True,
372,/kuka/axis_move/feedback_json,std_msgs/msg/String,2026-08-28T20:17:04.107047-04:00,1787962624,107031481,1787962624107031481,123.978621,,,,66720,66719,1,0,0,66720,AxisTarget,1,True,True,True,True,-0.102672,-57.511181,100.833817,-0.089671,46.358593,-0.010458,599.390381,1.39168,441.087311,179.999802,0.320008,179.933685,16447,False,True,50,78,True,
373,/kuka/axis_move/feedback_json,std_msgs/msg/String,2026-08-28T20:17:04.230785-04:00,1787962624,230776958,1787962624230776958,123.745477,,,,66721,66720,1,0,0,66721,AxisTarget,1,True,True,True,False,0.120528,-57.496853,100.810997,-0.083205,46.373775,0.224636,599.516602,-1.025361,441.074951,-179.991028,0.313572,179.939667,16447,False,True,50,78,True,
374,/kuka/axis_move/feedback_json,std_msgs/msg/String,2026-08-28T20:17:04.355238-04:00,1787962624,355223740,1787962624355223740,124.446782,,,,66722,66721,1,0,0,66722,AxisTarget,1,True,True,True,False,0.343728,-57.482971,100.788902,-0.076941,46.388485,0.452382,599.626099,-3.292241,441.063324,-179.982422,0.307495,179.945236,16447,False,True,50,78,True,
375,/kuka/axis_move/feedback_json,std_msgs/msg/String,2026-08-28T20:17:04.480258-04:00,1787962624,480240335,1787962624480240335,125.016595,,,,66723,66722,1,0,0,66723,AxisTarget,1,True,True,True,False,0.566928,-57.46909,100.7668,-0.070679,46.403194,0.680128,599.733459,-5.711174,441.050873,-179.973251,0.300967,179.951126,16447,False,True,50,78,True,
376,/kuka/axis_move/feedback_json,std_msgs/msg/String,2026-08-28T20:17:04.608570-04:00,1787962624,608564641,1787962624608564641,128.324306,,,,66724,66723,1,0,0,66724,AxisTarget,1,True,True,True,False,0.790128,-57.455204,100.744698,-0.064419,46.417908,0.907873,599.825134,-7.979758,441.039185,-179.964661,0.294803,179.956589,16447,False,True,50,78,True,
377,/kuka/axis_move/feedback_json,std_msgs/msg/String,2026-08-28T20:17:04.730770-04:00,1787962624,730763807,1787962624730763807,122.199166,,,,66725,66724,1,0,0,66725,AxisTarget,1,True,True,True,False,1.013328,-57.440868,100.721886,-0.057958,46.433102,1.142963,599.913513,-10.400432,441.026672,-179.955505,0.288182,179.962372,16447,False,True,50,78,True,
378,/kuka/axis_move/feedback_json,std_msgs/msg/String,2026-08-28T20:17:04.858310-04:00,1787962624,858286869,1787962624858286869,127.523062,,,,66726,66725,1,0,0,66726,AxisTarget,1,True,True,True,False,1.236528,-57.427425,100.700493,-0.0517,46.447819,1.370706,599.989746,-12.746263,441.014496,-179.94664,0.281723,179.967911,16447,False,True,50,78,True,
379,/kuka/axis_move/feedback_json,std_msgs/msg/String,2026-08-28T20:17:04.983385-04:00,1787962624,983362116,1787962624983362116,125.075247,,,,66727,66726,1,0,0,66727,AxisTarget,1,True,True,True,False,1.466928,-57.413086,100.676971,-0.04524,46.463013,1.605795,600.058838,-15.168556,441.001923,-179.937485,0.275013,179.973587,16447,False,True,50,79,True,
380,/kuka/axis_move/feedback_json,std_msgs/msg/String,2026-08-28T20:17:05.106882-04:00,1787962625,106873296,1787962625106873296,123.51118,,,,66728,66727,1,0,0,66728,AxisTarget,1,True,True,True,True,1.690128,-57.399197,100.655579,-0.039184,46.477257,1.826192,600.116394,-17.515882,440.989746,-179.928619,0.268473,179.979034,16447,False,True,50,79,True,
381,/kuka/axis_move/feedback_json,std_msgs/msg/String,2026-08-28T20:17:05.231052-04:00,1787962625,231041444,1787962625231041444,124.168148,,,,66729,66728,1,0,0,66729,AxisTarget,1,True,True,True,False,1.920528,-57.384861,100.632767,-0.032725,46.492451,2.061281,600.164734,-19.863888,440.977539,-179.919769,0.261894,179.984421,16447,False,True,50,79,True,
382,/kuka/axis_move/feedback_json,std_msgs/msg/String,2026-08-28T20:17:05.350983-04:00,1787962625,350971222,1787962625350971222,119.929778,,,,66730,66729,1,0,0,66730,AxisTarget,1,True,True,True,False,2.136528,-57.371418,100.611382,-0.026668,46.506691,2.281678,600.203918,-22.21254,440.965302,-179.910904,0.255276,179.989761,16447,False,True,50,79,True,
383,/kuka/axis_move/feedback_json,std_msgs/msg/String,2026-08-28T20:17:05.477465-04:00,1787962625,477460145,1787962625477460145,126.488923,,,,66731,66730,1,0,0,66731,AxisTarget,1,True,True,True,False,2.352528,-57.357529,100.589279,-0.020409,46.521408,2.509423,600.233032,-24.48601,440.953461,-179.902328,0.248837,179.994888,16447,False,True,50,79,True,
384,/kuka/axis_move/feedback_json,std_msgs/msg/String,2026-08-28T20:17:05.603576-04:00,1787962625,603553495,1787962625603553495,126.09335,,,,66732,66731,1,0,0,66732,AxisTarget,1,True,True,True,False,2.582928,-57.343193,100.566467,-0.013947,46.536598,2.744514,600.254578,-26.911634,440.940826,-179.893188,0.241931,-179.99971,16447,False,True,50,79,True,
385,/kuka/axis_move/feedback_json,std_msgs/msg/String,2026-08-28T20:17:05.730906-04:00,1787962625,730899437,1787962625730899437,127.345942,,,,66733,66732,1,0,0,66733,AxisTarget,1,True,True,True,False,2.813328,-57.329304,100.544365,-0.007687,46.551308,2.97226,600.266296,-29.337833,440.928162,-179.884048,0.234986,-179.994354,16447,False,True,50,79,True,
386,/kuka/axis_move/feedback_json,std_msgs/msg/String,2026-08-28T20:17:05.855863-04:00,1787962625,855857368,1787962625855857368,124.957931,,,,66734,66733,1,0,0,66734,AxisTarget,1,True,True,True,False,3.043728,-57.314968,100.521553,-0.001223,46.566494,3.207353,600.26825,-31.688721,440.915894,-179.875198,0.228222,-179.989227,16447,False,True,50,79,True,
387,/kuka/axis_move/feedback_json,std_msgs/msg/String,2026-08-28T20:17:05.978872-04:00,1787962625,978847626,1787962625978847626,122.990258,,,,66735,66734,1,0,0,66735,AxisTarget,1,True,True,True,False,3.266928,-57.301079,100.499451,0.005039,46.581203,3.435101,600.26062,-34.115929,440.903198,-179.866058,0.221201,-179.983978,16447,False,True,50,79,True,
388,/kuka/axis_move/feedback_json,std_msgs/msg/String,2026-08-28T20:17:06.106235-04:00,1787962626,106229395,1787962626106229395,127.381769,,,,66736,66735,1,0,0,66736,AxisTarget,1,True,True,True,False,3.488774,-57.287304,100.477585,0.011218,46.595673,3.658331,600.243896,-36.460461,440.89093,-179.857239,0.214385,-179.978973,16447,False,True,50,80,True,
389,/kuka/axis_move/feedback_json,std_msgs/msg/String,2026-08-28T20:17:06.227615-04:00,1787962626,227598056,1787962626227598056,121.368661,,,,66737,66736,1,0,0,66737,AxisTarget,1,True,True,True,True,3.681094,-57.275349,100.458572,0.016609,46.608345,3.854973,600.221924,-38.495914,440.880249,-179.849579,0.208438,-179.974655,16447,False,True,50,80,True,
390,/kuka/axis_move/feedback_json,std_msgs/msg/String,2026-08-28T20:17:06.348785-04:00,1787962626,348768100,1787962626348768100,121.170044,,,,66738,66737,1,0,0,66738,AxisTarget,1,True,True,True,False,3.892759,-57.261688,100.436775,0.0228,46.622917,4.08103,600.190186,-40.711075,440.868652,-179.841248,0.201937,-179.970016,16447,False,True,50,80,True,
391,/kuka/axis_move/feedback_json,std_msgs/msg/String,2026-08-28T20:17:06.474742-04:00,1787962626,474728445,1787962626474728445,125.960345,,,,66739,66738,1,0,0,66739,AxisTarget,1,True,True,True,False,4.115959,-57.248249,100.41539,0.02886,46.637154,4.301431,600.147461,-43.063862,440.856293,-179.832413,0.194997,-179.965134,16447,False,True,50,80,True,
392,/kuka/axis_move/feedback_json,std_msgs/msg/String,2026-08-28T20:17:06.598734-04:00,1787962626,598711589,1787962626598711589,123.983144,,,,66740,66739,1,0,0,66740,AxisTarget,1,True,True,True,False,4.346359,-57.233913,100.392578,0.035325,46.652336,4.536524,600.09552,-45.416935,440.843933,-179.823563,0.188022,-179.960312,16447,False,True,50,80,True,
393,/kuka/axis_move/feedback_json,std_msgs/msg/String,2026-08-28T20:17:06.724637-04:00,1787962626,724629923,1787962626724629923,125.918334,,,,66741,66740,1,0,0,66741,AxisTarget,1,True,True,True,False,4.562359,-57.220024,100.370476,0.041588,46.667046,4.76427,600.034363,-47.77026,440.831543,-179.814728,0.181011,-179.955551,16447,False,True,50,80,True,
394,/kuka/axis_move/feedback_json,std_msgs/msg/String,2026-08-28T20:17:06.845196-04:00,1787962626,845184887,1787962626845184887,120.554964,,,,66742,66741,1,0,0,66742,AxisTarget,1,True,True,True,False,4.785559,-57.206585,100.349083,0.04765,46.681282,4.992015,599.963928,-50.123802,440.819183,-179.805893,0.173964,-179.950821,16447,False,True,50,80,True,
395,/kuka/axis_move/feedback_json,std_msgs/msg/String,2026-08-28T20:17:06.971230-04:00,1787962626,971213632,1787962626971213632,126.028745,,,,66743,66742,1,0,0,66743,AxisTarget,1,True,True,True,False,5.008759,-57.192696,100.326263,0.054116,46.696468,5.21976,599.884277,-52.47752,440.806793,-179.797058,0.166883,-179.946167,16447,False,True,50,80,True,
396,/kuka/axis_move/feedback_json,std_msgs/msg/String,2026-08-28T20:17:07.097625-04:00,1787962627,97613320,1787962627097613320,126.399688,,,,66744,66743,1,0,0,66744,AxisTarget,1,True,True,True,False,5.239159,-57.178806,100.304871,0.060178,46.710709,5.440157,599.795349,-54.831379,440.794373,-179.788239,0.159768,-179.941559,16447,False,True,50,81,False,
397,/kuka/axis_move/feedback_json,std_msgs/msg/String,2026-08-28T20:17:07.219556-04:00,1787962627,219550220,1787962627219550220,121.9369,,,,66745,66744,1,0,0,66745,AxisTarget,1,True,True,True,True,5.462359,-57.164471,100.282051,0.066645,46.725899,5.675246,599.693909,-57.26128,440.781555,-179.779129,0.152387,-179.936859,16447,False,True,50,81,False,
398,/kuka/axis_move/feedback_json,std_msgs/msg/String,2026-08-28T20:17:07.343573-04:00,1787962627,343556175,1787962627343556175,124.005955,,,,66746,66745,1,0,0,66746,AxisTarget,1,True,True,True,False,5.685559,-57.150581,100.259941,0.07291,46.740612,5.902989,599.589783,-59.539379,440.769531,-179.770584,0.145434,-179.932495,16447,False,True,50,81,False,
399,/kuka/axis_move/feedback_json,std_msgs/msg/String,2026-08-28T20:17:07.466010-04:00,1787962627,466000159,1787962627466000159,122.443984,,,,66747,66746,1,0,0,66747,AxisTarget,1,True,True,True,False,5.908759,-57.136692,100.237839,0.079174,46.755325,6.130732,599.473083,-61.893444,440.75708,-179.761765,0.138216,-179.928055,16447,False,True,50,81,False,
400,/kuka/axis_move/feedback_json,std_msgs/msg/String,2026-08-28T20:17:07.587960-04:00,1787962627,587937550,1787962627587937550,121.937391,,,,66748,66747,1,0,0,66748,AxisTarget,1,True,True,True,False,6.124759,-57.123253,100.216438,0.085234,46.769566,6.351124,599.347107,-64.247505,440.744659,-179.75296,0.130968,-179.92366,16447,False,True,50,81,False,
401,/kuka/axis_move/feedback_json,std_msgs/msg/String,2026-08-28T20:17:07.711669-04:00,1787962627,711663903,1787962627711663903,123.726353,,,,66749,66748,1,0,0,66749,AxisTarget,1,True,True,True,False,6.347959,-57.109371,100.194336,0.091493,46.784283,6.578857,599.216431,-66.525581,440.732666,-179.744431,0.123926,-179.919479,16447,False,True,50,81,False,
402,/kuka/axis_move/feedback_json,std_msgs/msg/String,2026-08-28T20:17:07.835120-04:00,1787962627,835107087,1787962627835107087,123.443184,,,,66750,66749,1,0,0,66750,AxisTarget,1,True,True,True,False,6.571159,-57.095493,100.172935,0.097548,46.798523,6.806586,599.072205,-68.879517,440.720306,-179.735641,0.116621,-179.915192,16447,False,True,50,81,False,
403,/kuka/axis_move/feedback_json,std_msgs/msg/String,2026-08-28T20:17:07.959902-04:00,1787962627,959871494,1787962627959871494,124.764407,,,,66751,66750,1,0,0,66751,AxisTarget,1,True,True,True,False,6.787159,-57.082066,100.150833,0.104005,46.813713,7.034312,598.918762,-71.233337,440.707947,-179.726852,0.109286,-179.91098,16447,False,True,50,81,False,
404,/kuka/axis_move/feedback_json,std_msgs/msg/String,2026-08-28T20:17:08.087487-04:00,1787962628,87476823,1787962628087476823,127.605329,,,,66752,66751,1,0,0,66752,AxisTarget,1,True,True,True,False,7.017559,-57.067745,100.128014,0.11026,46.82843,7.262039,598.75061,-73.662926,440.69516,-179.717789,0.101681,-179.906677,16447,False,True,50,81,False,
405,/kuka/axis_move/feedback_json,std_msgs/msg/String,2026-08-28T20:17:08.211434-04:00,1787962628,211428962,1787962628211428962,123.952139,,,,66753,66752,1,0,0,66753,AxisTarget,1,True,True,True,False,7.247959,-57.053867,100.105911,0.116522,46.843605,7.497131,598.578247,-76.016403,440.682709,-179.708984,0.09428,-179.902573,16447,False,True,50,81,False,
406,/kuka/axis_move/feedback_json,std_msgs/msg/String,2026-08-28T20:17:08.336309-04:00,1787962628,336303617,1787962628336303617,124.874655,,,,66754,66753,1,0,0,66754,AxisTarget,1,True,True,True,False,7.455403,-57.040539,100.084045,0.122734,46.857662,7.71523,598.402954,-78.28862,440.670502,-179.700455,0.087102,-179.898651,16447,False,True,50,81,False,
407,/kuka/axis_move/feedback_json,std_msgs/msg/String,2026-08-28T20:17:08.883112-04:00,1787962628,883101617,1787962628883101617,546.798,,,,66755,66754,1,0,0,66755,AxisTarget,1,True,True,True,False,7.6344,-57.0298,100.068398,0.1269,46.867199,7.8548,598.239014,-80.318192,440.659271,-179.692841,0.080575,-179.895248,16448,False,True,51,85,True,
408,/kuka/axis_move/feedback_json,std_msgs/msg/String,2026-08-28T20:17:09.434789-04:00,1787962629,434763286,1787962629434763286,551.661669,,,,66756,66755,1,0,0,66756,AxisTarget,1,True,True,True,True,7.700948,-57.468304,100.792046,0.12639,46.559078,7.913332,594.140381,-80.456047,440.932922,-179.703323,0.100899,-179.893112,16449,False,True,51,87,True,
409,/kuka/axis_move/feedback_json,std_msgs/msg/String,2026-08-28T20:17:09.559595-04:00,1787962629,559584756,1787962629559584756,124.82147,,,,66757,66756,1,0,0,66757,AxisTarget,1,True,True,True,False,7.72188,-57.604939,101.015244,0.126233,46.465893,7.930861,592.862183,-80.496346,441.015137,-179.706573,0.107245,-179.892426,16449,False,True,51,87,True,
410,/kuka/axis_move/feedback_json,std_msgs/msg/String,2026-08-28T20:17:09.684579-04:00,1787962629,684549690,1787962629684549690,124.964934,,,,66758,66757,1,0,0,66758,AxisTarget,1,True,True,True,False,7.742812,-57.741566,101.238449,0.126071,46.372711,7.948385,591.496643,-80.538033,441.101105,-179.710052,0.114006,-179.891708,16449,False,True,51,87,True,
411,/kuka/axis_move/feedback_json,std_msgs/msg/String,2026-08-28T20:17:09.806712-04:00,1787962629,806706933,1787962629806706933,122.157243,,,,66759,66758,1,0,0,66759,AxisTarget,1,True,True,True,False,7.763741,-57.878181,101.461647,0.125904,46.279526,7.965904,590.214478,-80.575882,441.180084,-179.713318,0.120335,-179.891037,16449,False,True,51,87,True,
412,/kuka/axis_move/feedback_json,std_msgs/msg/String,2026-08-28T20:17:09.936837-04:00,1787962629,936819987,1787962629936819987,130.113054,,,,66760,66759,1,0,0,66760,AxisTarget,1,True,True,True,False,7.784668,-58.014793,101.684845,0.125733,46.186344,7.983984,588.844666,-80.614952,441.262634,-179.716812,0.127078,-179.890305,16449,False,True,51,87,True,
413,/kuka/axis_move/feedback_json,std_msgs/msg/String,2026-08-28T20:17:10.059550-04:00,1787962630,59545200,1787962630059545200,122.725213,,,,66761,66760,1,0,0,66761,AxisTarget,1,True,True,True,True,7.80627,-58.155807,101.915245,0.125556,46.090157,8.001498,587.472717,-80.652687,441.343445,-179.720291,0.133819,-179.889587,16449,False,True,51,88,True,
414,/kuka/axis_move/feedback_json,std_msgs/msg/String,2026-08-28T20:17:10.182573-04:00,1787962630,182550714,1787962630182550714,123.005514,,,,66762,66761,1,0,0,66762,AxisTarget,1,True,True,True,False,7.827197,-58.292419,102.138451,0.125385,45.996975,8.019012,586.141541,-80.687981,441.420135,-179.723679,0.140349,-179.88887,16449,False,True,51,88,True,
415,/kuka/axis_move/feedback_json,std_msgs/msg/String,2026-08-28T20:17:10.307077-04:00,1787962630,307071179,1787962630307071179,124.520465,,,,66763,66762,1,0,0,66763,AxisTarget,1,True,True,True,False,7.848125,-58.429028,102.354446,0.125218,45.906796,8.035961,584.851379,-80.720947,441.492859,-179.726959,0.146669,-179.888184,16449,False,True,51,88,True,
416,/kuka/axis_move/feedback_json,std_msgs/msg/String,2026-08-28T20:17:10.427277-04:00,1787962630,427265617,1787962630427265617,120.194438,,,,66764,66763,1,0,0,66764,AxisTarget,1,True,True,True,False,7.86838,-58.561237,102.577644,0.125044,45.813614,8.053473,583.516235,-80.753799,441.566467,-179.730347,0.153204,-179.887466,16449,False,True,51,88,True,
417,/kuka/axis_move/feedback_json,std_msgs/msg/String,2026-08-28T20:17:10.547118-04:00,1787962630,547107726,1787962630547107726,119.842109,,,,66765,66764,1,0,0,66765,AxisTarget,1,True,True,True,False,7.888637,-58.693447,102.793648,0.124875,45.723434,8.07042,582.222168,-80.784424,441.6362,-179.733627,0.159531,-179.88678,16449,False,True,51,88,True,
418,/kuka/axis_move/feedback_json,std_msgs/msg/String,2026-08-28T20:17:10.672859-04:00,1787962630,672853020,1787962630672853020,125.745294,,,,66766,66765,1,0,0,66766,AxisTarget,1,True,True,True,False,7.908895,-58.825665,103.009644,0.124704,45.633259,8.087365,580.92627,-80.813889,441.704468,-179.736923,0.165862,-179.886078,16449,False,True,51,88,True,
419,/kuka/axis_move/feedback_json,std_msgs/msg/String,2026-08-28T20:17:10.799215-04:00,1787962630,799203796,1787962630799203796,126.350776,,,,66767,66766,1,0,0,66767,AxisTarget,1,True,True,True,False,7.931181,-58.971104,103.247238,0.124515,45.534077,8.105435,579.54187,-80.84404,441.775696,-179.740433,0.172618,-179.88533,16449,False,True,51,88,True,
420,/kuka/axis_move/feedback_json,std_msgs/msg/String,2026-08-28T20:17:10.918962-04:00,1787962630,918956945,1787962630918956945,119.753149,,,,66768,66767,1,0,0,66768,AxisTarget,1,True,True,True,False,7.949972,-59.093224,103.445953,0.124357,45.45174,8.121414,578.282898,-80.87027,441.838867,-179.743622,0.178754,-179.884644,16449,False,True,51,89,True,
421,/kuka/axis_move/feedback_json,std_msgs/msg/String,2026-08-28T20:17:11.041858-04:00,1787962631,41852750,1787962631041852750,122.895805,,,,66769,66768,1,0,0,66769,AxisTarget,1,True,True,True,True,7.969888,-59.223698,103.659897,0.124186,45.364792,8.137807,577.057068,-80.894707,441.898987,-179.746735,0.18472,-179.883972,16449,False,True,51,89,True,
422,/kuka/axis_move/feedback_json,std_msgs/msg/String,2026-08-28T20:17:11.167465-04:00,1787962631,167444740,1787962631167444740,125.59199,,,,66770,66769,1,0,0,66770,AxisTarget,1,True,True,True,False,7.990825,-59.360325,103.883095,0.124008,45.2686,8.155881,575.710266,-80.920319,441.963379,-179.750137,0.191266,-179.88324,16449,False,True,51,89,True,
423,/kuka/axis_move/feedback_json,std_msgs/msg/String,2026-08-28T20:17:11.296976-04:00,1787962631,296959160,1787962631296959160,129.51442,,,,66771,66770,1,0,0,66771,AxisTarget,1,True,True,True,False,8.01176,-59.496952,104.106293,0.123831,45.175419,8.17339,574.317871,-80.945427,442.028137,-179.753647,0.198019,-179.882462,16449,False,True,51,89,True,
424,/kuka/axis_move/feedback_json,std_msgs/msg/String,2026-08-28T20:17:11.423118-04:00,1787962631,423112588,1787962631423112588,126.153428,,,,66772,66771,1,0,0,66772,AxisTarget,1,True,True,True,False,8.033369,-59.637981,104.336693,0.12365,45.079231,8.191465,572.923401,-80.969177,442.091187,-179.757156,0.204769,-179.881699,16449,False,True,51,89,True,
425,/kuka/axis_move/feedback_json,std_msgs/msg/String,2026-08-28T20:17:11.547254-04:00,1787962631,547239643,1787962631547239643,124.127055,,,,66773,66772,1,0,0,66773,AxisTarget,1,True,True,True,False,8.054976,-59.779007,104.567093,0.123471,44.983047,8.209543,571.526855,-80.99157,442.152466,-179.760666,0.211513,-179.88092,16449,False,True,51,89,True,
426,/kuka/axis_move/feedback_json,std_msgs/msg/String,2026-08-28T20:17:11.674776-04:00,1787962631,674770360,1787962631674770360,127.530717,,,,66774,66773,1,0,0,66774,AxisTarget,1,True,True,True,False,8.075906,-59.915627,104.790298,0.1233,44.88987,8.227058,570.215698,-81.011314,442.208344,-179.763947,0.21783,-179.880188,16449,False,True,51,89,True,
427,/kuka/axis_move/feedback_json,std_msgs/msg/String,2026-08-28T20:17:11.799084-04:00,1787962631,799063180,1787962631799063180,124.29282,,,,66775,66774,1,0,0,66775,AxisTarget,1,True,True,True,False,8.097508,-60.056648,105.020699,0.123126,44.79369,8.245141,568.815125,-81.031044,442.266235,-179.767441,0.224562,-179.879395,16449,False,True,51,89,True,
428,/kuka/axis_move/feedback_json,std_msgs/msg/String,2026-08-28T20:17:11.927675-04:00,1787962631,927663882,1787962631927663882,128.600702,,,,66776,66775,1,0,0,66776,AxisTarget,1,True,True,True,False,8.118433,-60.19326,105.243896,0.122959,44.700516,8.262659,567.456299,-81.048859,442.320679,-179.770828,0.231078,-179.878632,16449,False,True,51,89,True,
429,/kuka/axis_move/feedback_json,std_msgs/msg/String,2026-08-28T20:17:12.053176-04:00,1787962632,53165559,1787962632053165559,125.501677,,,,66777,66776,1,0,0,66777,AxisTarget,1,True,True,True,False,8.139357,-60.334278,105.474297,0.122789,44.607346,8.280179,566.051636,-81.065903,442.375122,-179.774307,0.2378,-179.877838,16449,False,True,51,89,True,
430,/kuka/axis_move/feedback_json,std_msgs/msg/String,2026-08-28T20:17:12.175432-04:00,1787962632,175426402,1787962632175426402,122.260843,,,,66778,66777,1,0,0,66778,AxisTarget,1,True,True,True,False,8.16028,-60.46648,105.6903,0.12263,44.514175,8.2977,564.688904,-81.081116,442.426208,-179.777679,0.244309,-179.87706,16449,False,True,51,89,True,
431,/kuka/axis_move/feedback_json,std_msgs/msg/String,2026-08-28T20:17:12.299558-04:00,1787962632,299546821,1787962632299546821,124.120419,,,,66779,66778,1,0,0,66779,AxisTarget,1,True,True,True,True,8.181878,-60.607494,105.9207,0.12246,44.417999,8.315786,563.32428,-81.095062,442.475677,-179.781052,0.250818,-179.876282,16449,False,True,51,90,True,
432,/kuka/axis_move/feedback_json,std_msgs/msg/String,2026-08-28T20:17:12.427166-04:00,1787962632,427155173,1787962632427155173,127.608352,,,,66780,66779,1,0,0,66780,AxisTarget,1,True,True,True,False,8.202801,-60.744102,106.143898,0.122295,44.324829,8.333872,561.913574,-81.108116,442.525024,-179.784546,0.257536,-179.875458,16449,False,True,51,90,True,
433,/kuka/axis_move/feedback_json,std_msgs/msg/String,2026-08-28T20:17:12.551091-04:00,1787962632,551081554,1787962632551081554,123.926381,,,,66781,66780,1,0,0,66781,AxisTarget,1,True,True,True,False,8.224399,-60.88512,106.374298,0.122125,44.228653,8.351392,560.500854,-81.11982,442.572662,-179.788025,0.264254,-179.874649,16449,False,True,51,90,True,
434,/kuka/axis_move/feedback_json,std_msgs/msg/String,2026-08-28T20:17:12.676019-04:00,1787962632,676011523,1787962632676011523,124.929969,,,,66782,66781,1,0,0,66782,AxisTarget,1,True,True,True,False,8.245322,-61.021729,106.597496,0.121959,44.135479,8.368912,559.174622,-81.12957,442.615723,-179.791306,0.270552,-179.873886,16449,False,True,51,90,True,
435,/kuka/axis_move/feedback_json,std_msgs/msg/String,2026-08-28T20:17:12.800700-04:00,1787962632,800692868,1787962632800692868,124.681345,,,,66783,66782,1,0,0,66783,AxisTarget,1,True,True,True,False,8.266247,-61.158337,106.820694,0.121792,44.042309,8.38643,557.802307,-81.13839,442.65863,-179.794678,0.277061,-179.873093,16449,False,True,51,90,True,
436,/kuka/axis_move/feedback_json,std_msgs/msg/String,2026-08-28T20:17:12.923244-04:00,1787962632,923227963,1787962632923227963,122.535095,,,,66784,66783,1,0,0,66784,AxisTarget,1,True,True,True,False,8.287171,-61.294949,107.0439,0.121623,43.949135,8.403948,556.383728,-81.146156,442.701202,-179.798172,0.283781,-179.872269,16449,False,True,51,90,True,
437,/kuka/axis_move/feedback_json,std_msgs/msg/String,2026-08-28T20:17:13.045005-04:00,1787962633,45000196,1787962633045000196,121.772233,,,,66785,66784,1,0,0,66785,AxisTarget,1,True,True,True,False,8.307423,-61.427151,107.259895,0.121458,43.858967,8.420898,555.051941,-81.152214,442.739532,-179.801453,0.290083,-179.87149,16449,False,True,51,90,True,
438,/kuka/axis_move/feedback_json,std_msgs/msg/String,2026-08-28T20:17:13.171378-04:00,1787962633,171350152,1787962633171350152,126.349956,,,,66786,66785,1,0,0,66786,AxisTarget,1,True,True,True,False,8.328349,-61.563763,107.483093,0.121286,43.765789,8.438414,553.674011,-81.157227,442.777527,-179.804855,0.296595,-179.870682,16449,False,True,51,90,True,
439,/kuka/axis_move/feedback_json,std_msgs/msg/String,2026-08-28T20:17:13.295113-04:00,1787962633,295107368,1787962633295107368,123.757216,,,,66787,66786,1,0,0,66787,AxisTarget,1,True,True,True,False,8.349952,-61.704781,107.713493,0.121106,43.669609,8.455927,552.294128,-81.160957,442.813873,-179.808243,0.303108,-179.869873,16449,False,True,51,90,True,
440,/kuka/axis_move/feedback_json,std_msgs/msg/String,2026-08-28T20:17:13.418922-04:00,1787962633,418899119,1787962633418899119,123.791751,,,,66788,66787,1,0,0,66788,AxisTarget,1,True,True,True,False,8.370879,-61.836983,107.929497,0.120937,43.579437,8.473439,550.912476,-81.163414,442.848602,-179.811646,0.309623,-179.869049,16449,False,True,51,90,True,
441,/kuka/axis_move/feedback_json,std_msgs/msg/String,2026-08-28T20:17:13.543068-04:00,1787962633,543057769,1787962633543057769,124.15865,,,,66789,66788,1,0,0,66789,AxisTarget,1,True,True,True,False,8.391809,-61.978004,108.159897,0.120755,43.483253,8.491515,549.484253,-81.164619,442.882751,-179.81517,0.316348,-179.86821,16449,False,True,51,90,True,
442,/kuka/axis_move/feedback_json,std_msgs/msg/String,2026-08-28T20:17:13.669850-04:00,1787962633,669845037,1787962633669845037,126.787268,,,,66790,66789,1,0,0,66790,AxisTarget,1,True,True,True,False,8.412736,-62.11459,108.383018,0.120578,43.390175,8.508996,548.143494,-81.164505,442.913147,-179.818466,0.322653,-179.867416,16449,False,True,51,90,True,
443,/kuka/axis_move/feedback_json,std_msgs/msg/String,2026-08-28T20:17:13.791880-04:00,1787962633,791873886,1787962633791873886,122.028849,,,,66791,66790,1,0,0,66791,AxisTarget,1,True,True,True,False,8.431504,-62.236401,108.580925,0.120421,43.308426,8.524283,546.840332,-81.163239,442.941193,-179.821655,0.328774,-179.866638,16449,False,True,51,91,True,
444,/kuka/axis_move/feedback_json,std_msgs/msg/String,2026-08-28T20:17:13.916400-04:00,1787962633,916370578,1787962633916370578,124.496692,,,,66792,66791,1,0,0,66792,AxisTarget,1,True,True,True,True,8.449548,-62.354759,108.782333,0.12026,43.223488,8.540327,545.654358,-81.16111,442.965393,-179.82457,0.334338,-179.865936,16449,False,True,51,91,True,
445,/kuka/axis_move/feedback_json,std_msgs/msg/String,2026-08-28T20:17:14.041981-04:00,1787962634,41957183,1787962634041957183,125.586605,,,,66793,66792,1,0,0,66793,AxisTarget,1,True,True,True,False,8.471068,-62.495358,109.005165,0.120083,43.130379,8.557829,544.272705,-81.157455,442.992065,-179.827957,0.340811,-179.865112,16449,False,True,51,91,True,
446,/kuka/axis_move/feedback_json,std_msgs/msg/String,2026-08-28T20:17:14.163196-04:00,1787962634,163185958,1787962634163185958,121.228775,,,,66794,66793,1,0,0,66794,AxisTarget,1,True,True,True,False,8.491998,-62.631969,109.228363,0.119906,43.037201,8.57534,542.835449,-81.152306,443.018066,-179.831482,0.347535,-179.864243,16449,False,True,51,91,True,
447,/kuka/axis_move/feedback_json,std_msgs/msg/String,2026-08-28T20:17:14.292259-04:00,1787962634,292254121,1787962634292254121,129.068163,,,,66795,66794,1,0,0,66795,AxisTarget,1,True,True,True,False,8.512928,-62.768585,109.451569,0.119729,42.944023,8.592852,541.486267,-81.14624,443.040833,-179.834778,0.35384,-179.863434,16449,False,True,51,91,True,
448,/kuka/axis_move/feedback_json,std_msgs/msg/String,2026-08-28T20:17:14.415085-04:00,1787962634,415075805,1787962634415075805,122.821684,,,,66796,66795,1,0,0,66796,AxisTarget,1,True,True,True,False,8.534534,-62.909607,109.681969,0.119547,42.847836,8.610929,540.045288,-81.138443,443.063416,-179.838287,0.360566,-179.862564,16449,False,True,51,91,True,
449,/kuka/axis_move/feedback_json,std_msgs/msg/String,2026-08-28T20:17:14.540463-04:00,1787962634,540453079,1787962634540453079,125.377274,,,,66797,66796,1,0,0,66797,AxisTarget,1,True,True,True,False,8.555465,-63.046223,109.905167,0.119372,42.754658,8.628444,538.602356,-81.12928,443.084229,-179.841812,0.367293,-179.861679,16449,False,True,51,91,True,
450,/kuka/axis_move/feedback_json,std_msgs/msg/String,2026-08-28T20:17:14.660584-04:00,1787962634,660578426,1787962634660578426,120.125347,,,,66798,66797,1,0,0,66798,AxisTarget,1,True,True,True,False,8.576396,-63.182838,110.128365,0.119199,42.661476,8.645394,537.247925,-81.119446,443.102173,-179.845108,0.373602,-179.860855,16449,False,True,51,91,True,
451,/kuka/axis_move/feedback_json,std_msgs/msg/String,2026-08-28T20:17:14.785010-04:00,1787962634,785004861,1787962634785004861,124.426435,,,,66799,66798,1,0,0,66799,AxisTarget,1,True,True,True,False,8.596654,-63.315052,110.344368,0.119032,42.571301,8.662347,535.891785,-81.108414,443.118591,-179.848404,0.379912,-179.860016,16449,False,True,51,91,True,
452,/kuka/axis_move/feedback_json,std_msgs/msg/String,2026-08-28T20:17:14.907271-04:00,1787962634,907260078,1787962634907260078,122.255217,,,,66800,66799,1,0,0,66800,AxisTarget,1,True,True,True,False,8.617587,-63.451675,110.567566,0.11886,42.478119,8.680431,534.488708,-81.095741,443.133942,-179.851807,0.386434,-179.859161,16449,False,True,51,91,True,
453,/kuka/axis_move/feedback_json,std_msgs/msg/String,2026-08-28T20:17:15.031535-04:00,1787962635,31528503,1787962635031528503,124.268425,,,,66801,66800,1,0,0,66801,AxisTarget,1,True,True,True,False,8.638521,-63.588299,110.790764,0.11869,42.384937,8.697952,533.083862,-81.081787,443.147614,-179.855209,0.392958,-179.858292,16449,False,True,51,91,True,
454,/kuka/axis_move/feedback_json,std_msgs/msg/String,2026-08-28T20:17:15.154744-04:00,1787962635,154718836,1787962635154718836,123.190333,,,,66802,66801,1,0,0,66802,AxisTarget,1,True,True,True,False,8.659456,-63.724926,111.013969,0.118521,42.291756,8.715474,531.677307,-81.066544,443.159668,-179.858597,0.399484,-179.857407,16449,False,True,51,91,True,
455,/kuka/axis_move/feedback_json,std_msgs/msg/String,2026-08-28T20:17:15.279685-04:00,1787962635,279666881,1787962635279666881,124.948045,,,,66803,66802,1,0,0,66803,AxisTarget,1,True,True,True,False,8.67962,-63.856297,111.228127,0.118359,42.202831,8.732141,530.271973,-81.050041,443.170013,-179.862,0.405995,-179.856522,16449,False,True,51,92,True,
456,/kuka/axis_move/feedback_json,std_msgs/msg/String,2026-08-28T20:17:15.403272-04:00,1787962635,403260351,1787962635403260351,123.59347,,,,66804,66803,1,0,0,66804,AxisTarget,1,True,True,True,True,8.697928,-63.975418,111.422279,0.118213,42.121983,8.747342,529.029358,-81.034393,443.177795,-179.86499,0.411746,-179.855743,16449,False,True,51,92,True,
457,/kuka/axis_move/feedback_json,std_msgs/msg/String,2026-08-28T20:17:15.527216-04:00,1787962635,527209687,1787962635527209687,123.949336,,,,66805,66804,1,0,0,66805,AxisTarget,1,True,True,True,False,8.718054,-64.107346,111.638702,0.118048,42.030941,8.764519,527.685364,-81.016357,443.184723,-179.868225,0.417959,-179.854904,16449,False,True,51,92,True,
458,/kuka/axis_move/feedback_json,std_msgs/msg/String,2026-08-28T20:17:15.652900-04:00,1787962635,652894072,1787962635652894072,125.684385,,,,66806,66805,1,0,0,66806,AxisTarget,1,True,True,True,False,8.738988,-64.243973,111.8619,0.117879,41.937759,8.782042,526.317688,-80.996811,443.190216,-179.871521,0.424273,-179.854034,16449,False,True,51,92,True,
459,/kuka/axis_move/feedback_json,std_msgs/msg/String,2026-08-28T20:17:15.775748-04:00,1787962635,775739098,1787962635775739098,122.845026,,,,66807,66806,1,0,0,66807,AxisTarget,1,True,True,True,False,8.759923,-64.380592,112.085098,0.11771,41.844578,8.799562,524.902771,-80.975334,443.194214,-179.874924,0.430794,-179.853134,16449,False,True,51,92,True,
460,/kuka/axis_move/feedback_json,std_msgs/msg/String,2026-08-28T20:17:15.903145-04:00,1787962635,903114750,1787962635903114750,127.375652,,,,66808,66807,1,0,0,66808,AxisTarget,1,True,True,True,False,8.780855,-64.51722,112.308304,0.11754,41.7514,8.81708,523.440369,-80.951782,443.196564,-179.878448,0.437522,-179.852203,16449,False,True,51,92,True,
461,/kuka/axis_move/feedback_json,std_msgs/msg/String,2026-08-28T20:17:16.026691-04:00,1787962636,26673573,1787962636026673573,123.558823,,,,66809,66808,1,0,0,66809,AxisTarget,1,True,True,True,False,8.802463,-64.658241,112.538704,0.117364,41.655216,8.83516,522.021973,-80.927635,443.197113,-179.881851,0.444033,-179.851303,16449,False,True,51,92,True,
462,/kuka/axis_move/feedback_json,std_msgs/msg/String,2026-08-28T20:17:16.152198-04:00,1787962636,152188364,1787962636152188364,125.514791,,,,66810,66809,1,0,0,66810,AxisTarget,1,True,True,True,False,8.823392,-64.794861,112.761902,0.117193,41.562038,8.852673,520.601868,-80.902161,443.195953,-179.885254,0.450539,-179.850403,16449,False,True,51,92,True,
463,/kuka/axis_move/feedback_json,std_msgs/msg/String,2026-08-28T20:17:16.277562-04:00,1787962636,277536397,1787962636277536397,125.348033,,,,66811,66810,1,0,0,66811,AxisTarget,1,True,True,True,False,8.84432,-64.931465,112.9851,0.117021,41.468864,8.870182,519.180054,-80.875374,443.193085,-179.888672,0.45704,-179.849487,16449,False,True,51,92,True,
464,/kuka/axis_move/feedback_json,std_msgs/msg/String,2026-08-28T20:17:16.400089-04:00,1787962636,400066291,1787962636400066291,122.529894,,,,66812,66811,1,0,0,66812,AxisTarget,1,True,True,True,False,8.865247,-65.072479,113.2155,0.116843,41.372684,8.888254,517.710632,-80.846344,443.188324,-179.892197,0.463746,-179.848541,16449,False,True,51,93,False,
465,/kuka/axis_move/feedback_json,std_msgs/msg/String,2026-08-28T20:17:16.527119-04:00,1787962636,527109919,1787962636527109919,127.043628,,,,66813,66812,1,0,0,66813,AxisTarget,1,True,True,True,True,8.886173,-65.204681,113.431503,0.11667,41.27951,8.905761,516.2854,-80.816887,443.181976,-179.895615,0.470239,-179.847626,16449,False,True,51,93,False,
466,/kuka/axis_move/feedback_json,std_msgs/msg/String,2026-08-28T20:17:16.652223-04:00,1787962636,652218266,1787962636652218266,125.108347,,,,66814,66813,1,0,0,66814,AxisTarget,1,True,True,True,False,8.907775,-65.345695,113.661903,0.116497,41.186337,8.923267,514.812439,-80.785103,443.173676,-179.899139,0.476941,-179.84668,16449,False,True,51,93,False,
467,/kuka/axis_move/feedback_json,std_msgs/msg/String,2026-08-28T20:17:16.775005-04:00,1787962636,774999108,1787962636774999108,122.780842,,,,66815,66814,1,0,0,66815,AxisTarget,1,True,True,True,False,8.928701,-65.4823,113.885101,0.116325,41.093163,8.940774,513.383789,-80.752991,443.16391,-179.902557,0.483433,-179.845749,16449,False,True,51,93,False,
468,/kuka/axis_move/feedback_json,std_msgs/msg/String,2026-08-28T20:17:16.903198-04:00,1787962636,903179197,1787962636903179197,128.180089,,,,66816,66815,1,0,0,66816,AxisTarget,1,True,True,True,False,8.949628,-65.618912,114.108299,0.116153,40.999985,8.958282,511.999695,-80.720673,443.152863,-179.905853,0.489718,-179.844849,16449,False,True,51,93,False,
469,/kuka/axis_move/feedback_json,std_msgs/msg/String,2026-08-28T20:17:17.027962-04:00,1787962637,27956564,1787962637027956564,124.777367,,,,66817,66816,1,0,0,66817,AxisTarget,1,True,True,True,False,8.971231,-65.759926,114.338699,0.115979,40.903805,8.976357,510.521637,-80.68486,443.139343,-179.909378,0.496424,-179.843887,16449,False,True,51,93,False,
470,/kuka/axis_move/feedback_json,std_msgs/msg/String,2026-08-28T20:17:17.151946-04:00,1787962637,151930101,1787962637151930101,123.973537,,,,66818,66817,1,0,0,66818,AxisTarget,1,True,True,True,False,8.992162,-65.896545,114.561905,0.115813,40.810627,8.99387,509.088043,-80.648857,443.124573,-179.912796,0.502926,-179.842941,16449,False,True,51,93,False,
471,/kuka/axis_move/feedback_json,std_msgs/msg/String,2026-08-28T20:17:17.273833-04:00,1787962637,273816539,1787962637273816539,121.886438,,,,66819,66818,1,0,0,66819,AxisTarget,1,True,True,True,False,9.012417,-66.028755,114.777901,0.115655,40.720451,9.010818,507.652863,-80.611557,443.108154,-179.916199,0.509431,-179.841995,16449,False,True,51,93,False,
472,/kuka/axis_move/feedback_json,std_msgs/msg/String,2026-08-28T20:17:17.399607-04:00,1787962637,399578166,1787962637399578166,125.761627,,,,66820,66819,1,0,0,66820,AxisTarget,1,True,True,True,False,9.032582,-66.164261,114.99894,0.115494,40.62841,9.028103,506.262177,-80.574211,443.090637,-179.919495,0.515729,-179.841064,16449,False,True,51,93,False,
473,/kuka/axis_move/feedback_json,std_msgs/msg/String,2026-08-28T20:17:17.523211-04:00,1787962637,523179986,1787962637523179986,123.60182,,,,66821,66820,1,0,0,66821,AxisTarget,1,True,True,True,False,9.053943,-66.295372,115.220688,0.115332,40.535595,9.045567,504.84729,-80.535004,443.071228,-179.922852,0.522129,-179.840134,16449,False,True,51,93,False,
474,/kuka/axis_move/feedback_json,std_msgs/msg/String,2026-08-28T20:17:17.643791-04:00,1787962637,643775469,1787962637643775469,120.595483,,,,66822,66821,1,0,0,66822,AxisTarget,1,True,True,True,False,9.0742,-66.431992,115.436691,0.115174,40.445423,9.06252,503.407288,-80.493843,443.049774,-179.926254,0.528634,-179.839157,16449,False,True,51,93,False,
475,/kuka/axis_move/feedback_json,std_msgs/msg/String,2026-08-28T20:17:17.766981-04:00,1787962637,766975495,1787962637766975495,123.200026,,,,66823,66822,1,0,0,66823,AxisTarget,1,True,True,True,False,9.09446,-66.564194,115.652695,0.115013,40.355251,9.080046,502.012207,-80.452782,443.027374,-179.92955,0.534918,-179.838226,16449,False,True,51,93,False,
476,/kuka/axis_move/feedback_json,std_msgs/msg/String,2026-08-28T20:17:17.894715-04:00,1787962637,894698301,1787962637894698301,127.722806,,,,66824,66823,1,0,0,66824,AxisTarget,1,True,True,True,False,9.116076,-66.705208,115.883095,0.11484,40.259075,9.097579,500.569061,-80.409088,443.002502,-179.932953,0.541401,-179.837265,16449,False,True,51,93,False,
477,/kuka/axis_move/feedback_json,std_msgs/msg/String,2026-08-28T20:17:18.022780-04:00,1787962638,22769470,1787962638022769470,128.071169,,,,66825,66824,1,0,0,66825,AxisTarget,1,True,True,True,False,9.137691,-66.846214,116.113495,0.114666,40.162899,9.11568,499.031067,-80.361145,442.974121,-179.936569,0.548298,-179.836227,16449,False,True,51,93,False,
478,/kuka/axis_move/feedback_json,std_msgs/msg/String,2026-08-28T20:17:18.530867-04:00,1787962638,530841965,1787962638530841965,508.072495,,,,66826,66825,1,0,0,66826,AxisTarget,1,True,True,True,False,9.1594,-66.983704,116.330902,0.1145,40.078201,9.130999,497.435425,-80.309525,442.942871,-179.940353,0.555424,-179.835175,16450,False,True,52,97,True,
479,/kuka/axis_move/feedback_json,std_msgs/msg/String,2026-08-28T20:17:18.659775-04:00,1787962638,659748380,1787962638659748380,128.906415,,,,66827,66826,1,0,0,66827,AxisTarget,1,True,True,True,True,9.113203,-66.98484,116.334732,0.11456,40.077702,9.06278,497.466736,-80.022171,442.937225,-179.940598,0.554296,-179.835663,16450,False,True,52,98,True,
480,/kuka/axis_move/feedback_json,std_msgs/msg/String,2026-08-28T20:17:18.783765-04:00,1787962638,783740860,1787962638783740860,123.99248,,,,66828,66827,1,0,0,66828,AxisTarget,1,True,True,True,False,8.895647,-66.9897,116.349785,0.114808,40.07584,8.828927,497.669159,-78.126747,442.900085,-179.942108,0.546836,-179.838898,16450,False,True,52,98,True,
481,/kuka/axis_move/feedback_json,std_msgs/msg/String,2026-08-28T20:17:18.907404-04:00,1787962638,907389927,1787962638907389927,123.649067,,,,66829,66828,1,0,0,66829,AxisTarget,1,True,True,True,False,8.683947,-66.994339,116.364151,0.115082,40.074104,8.610373,497.860596,-76.265648,442.863159,-179.943573,0.539407,-179.84201,16450,False,True,52,99,True,
482,/kuka/axis_move/feedback_json,std_msgs/msg/String,2026-08-28T20:17:19.031292-04:00,1787962639,31286885,1787962639031286885,123.896958,,,,66830,66829,1,0,0,66830,AxisTarget,1,True,True,True,True,8.463761,-66.999176,116.379204,0.115358,40.072334,8.386443,498.05072,-74.344902,442.824921,-179.945068,0.531693,-179.845154,16450,False,True,52,99,True,
483,/kuka/axis_move/feedback_json,std_msgs/msg/String,2026-08-28T20:17:19.153091-04:00,1787962639,153060293,1787962639153060293,121.773408,,,,66831,66830,1,0,0,66831,AxisTarget,1,True,True,True,False,8.233361,-67.004074,116.394409,0.115653,40.070553,8.161515,498.236603,-72.389908,442.78598,-179.946594,0.523828,-179.848297,16450,False,True,52,99,True,
484,/kuka/axis_move/feedback_json,std_msgs/msg/String,2026-08-28T20:17:19.277660-04:00,1787962639,277649806,1787962639277649806,124.589513,,,,66832,66831,1,0,0,66832,AxisTarget,1,True,True,True,False,8.017361,-67.008972,116.409615,0.115919,40.068825,7.943844,498.414795,-70.434578,442.747131,-179.948135,0.515957,-179.851379,16450,False,True,52,99,True,
485,/kuka/axis_move/feedback_json,std_msgs/msg/String,2026-08-28T20:17:19.405257-04:00,1787962639,405247620,1787962639405247620,127.597814,,,,66833,66832,1,0,0,66833,AxisTarget,1,True,True,True,False,7.794161,-67.014038,116.425308,0.116188,40.066982,7.711661,498.585327,-68.478951,442.708374,-179.949677,0.508087,-179.854401,16450,False,True,52,99,True,
486,/kuka/axis_move/feedback_json,std_msgs/msg/String,2026-08-28T20:17:19.527163-04:00,1787962639,527152037,1787962639527152037,121.904417,,,,66834,66833,1,0,0,66834,AxisTarget,1,True,True,True,False,7.56982,-67.018806,116.439995,0.116431,40.065262,7.496496,498.750031,-66.50071,442.66925,-179.951233,0.500122,-179.857407,16450,False,True,52,99,True,
487,/kuka/axis_move/feedback_json,std_msgs/msg/String,2026-08-28T20:17:19.652150-04:00,1787962639,652126482,1787962639652126482,124.974445,,,,66835,66834,1,0,0,66835,AxisTarget,1,True,True,True,True,7.357052,-67.023506,116.454582,0.116673,40.063534,7.278423,498.897095,-64.648361,442.632629,-179.952698,0.492653,-179.860153,16450,False,True,52,100,True,
488,/kuka/axis_move/feedback_json,std_msgs/msg/String,2026-08-28T20:17:19.776165-04:00,1787962639,776159958,1787962639776159958,124.033476,,,,66836,66835,1,0,0,66836,AxisTarget,1,True,True,True,False,7.133851,-67.028419,116.469788,0.116925,40.061745,7.053496,499.044922,-62.69202,442.593964,-179.954254,0.48475,-179.862991,16450,False,True,52,100,True,
489,/kuka/axis_move/feedback_json,std_msgs/msg/String,2026-08-28T20:17:19.905076-04:00,1787962639,905057663,1787962639905057663,128.897705,,,,66837,66836,1,0,0,66837,AxisTarget,1,True,True,True,False,6.91785,-67.03318,116.484985,0.117178,40.059956,6.828569,499.180695,-60.798641,442.556549,-179.95575,0.477088,-179.865677,16450,False,True,52,100,True,
490,/kuka/axis_move/feedback_json,std_msgs/msg/String,2026-08-28T20:17:20.027330-04:00,1787962640,27325210,1787962640027325210,122.267547,,,,66838,66837,1,0,0,66838,AxisTarget,1,True,True,True,False,6.680251,-67.038414,116.500671,0.117444,40.058109,6.596386,499.317566,-58.778896,442.516663,-179.957352,0.468899,-179.868469,16450,False,True,52,100,True,
491,/kuka/axis_move/feedback_json,std_msgs/msg/String,2026-08-28T20:17:20.154409-04:00,1787962640,154398433,1787962640154398433,127.073223,,,,66839,66838,1,0,0,66839,AxisTarget,1,True,True,True,False,6.464251,-67.043327,116.515869,0.117705,40.056324,6.371459,499.442352,-56.822155,442.477997,-179.958893,0.460949,-179.871109,16450,False,True,52,100,True,
492,/kuka/axis_move/feedback_json,std_msgs/msg/String,2026-08-28T20:17:20.283738-04:00,1787962640,283712898,1787962640283712898,129.314465,,,,66840,66839,1,0,0,66840,AxisTarget,1,True,True,True,False,6.22665,-67.048393,116.531563,0.117979,40.054482,6.139276,499.56311,-54.802216,442.43811,-179.96048,0.452727,-179.873764,16450,False,True,52,100,True,
493,/kuka/axis_move/feedback_json,std_msgs/msg/String,2026-08-28T20:17:20.411021-04:00,1787962640,411010288,1787962640411010288,127.29739,,,,66841,66840,1,0,0,66841,AxisTarget,1,True,True,True,False,6.003455,-67.053307,116.546761,0.118255,40.052643,5.90733,499.67569,-52.782227,442.398224,-179.962051,0.444489,-179.876358,16450,False,True,52,100,True,
494,/kuka/axis_move/feedback_json,std_msgs/msg/String,2026-08-28T20:17:20.532921-04:00,1787962640,532909071,1787962640532909071,121.898783,,,,66842,66841,1,0,0,66842,AxisTarget,1,True,True,True,False,5.775624,-67.058319,116.562233,0.11852,40.050941,5.693183,499.776306,-50.83868,442.359863,-179.963577,0.436549,-179.878784,16450,False,True,52,101,True,
495,/kuka/axis_move/feedback_json,std_msgs/msg/String,2026-08-28T20:17:20.655654-04:00,1787962640,655643975,1787962640655643975,122.734904,,,,66843,66842,1,0,0,66843,AxisTarget,1,True,True,True,True,5.562411,-67.063019,116.576797,0.118779,40.049171,5.469896,499.868378,-48.915462,442.321899,-179.965088,0.42868,-179.881119,16450,False,True,52,101,True,
496,/kuka/axis_move/feedback_json,std_msgs/msg/String,2026-08-28T20:17:20.783641-04:00,1787962640,783630885,1787962640783630885,127.98691,,,,66844,66843,1,0,0,66844,AxisTarget,1,True,True,True,False,5.339211,-67.067932,116.591995,0.119048,40.04739,5.237713,499.954498,-46.95863,442.283264,-179.966614,0.420662,-179.883423,16450,False,True,52,101,True,
497,/kuka/axis_move/feedback_json,std_msgs/msg/String,2026-08-28T20:17:20.906712-04:00,1787962640,906695456,1787962640906695456,123.064571,,,,66845,66844,1,0,0,66845,AxisTarget,1,True,True,True,False,5.108811,-67.073006,116.607681,0.119326,40.045547,5.012785,500.032928,-45.001865,442.244659,-179.96814,0.412633,-179.885666,16450,False,True,52,101,True,
498,/kuka/axis_move/feedback_json,std_msgs/msg/String,2026-08-28T20:17:21.031109-04:00,1787962641,31099813,1787962641031099813,124.404357,,,,66846,66845,1,0,0,66846,AxisTarget,1,True,True,True,False,4.885612,-67.077919,116.622879,0.119595,40.043766,4.787857,500.105865,-42.982086,442.204834,-179.969727,0.404335,-179.887924,16450,False,True,52,101,True,
499,/kuka/axis_move/feedback_json,std_msgs/msg/String,2026-08-28T20:17:21.156580-04:00,1787962641,156575156,1787962641156575156,125.475343,,,,66847,66846,1,0,0,66847,AxisTarget,1,True,True,True,False,4.662411,-67.082825,116.638077,0.119865,40.041981,4.562928,500.166809,-41.088673,442.16748,-179.971207,0.396546,-179.889969,16450,False,True,52,101,True,
500,/kuka/axis_move/feedback_json,std_msgs/msg/String,2026-08-28T20:17:21.280876-04:00,1787962641,280857820,1787962641280857820,124.282664,,,,66848,66847,1,0,0,66848,AxisTarget,1,True,True,True,False,4.439211,-67.087738,116.653275,0.120134,40.040195,4.337998,500.223938,-39.069195,442.127655,-179.972778,0.388228,-179.892075,16450,False,True,52,101,True,
501,/kuka/axis_move/feedback_json,std_msgs/msg/String,2026-08-28T20:17:21.403765-04:00,1787962641,403756192,1787962641403756192,122.898372,,,,66849,66848,1,0,0,66849,AxisTarget,1,True,True,True,False,4.216012,-67.092651,116.668472,0.120404,40.038406,4.113069,500.271484,-37.113022,442.089081,-179.974319,0.380161,-179.894073,16450,False,True,52,101,True,
502,/kuka/axis_move/feedback_json,std_msgs/msg/String,2026-08-28T20:17:21.528613-04:00,1787962641,528595956,1787962641528595956,124.839764,,,,66850,66849,1,0,0,66850,AxisTarget,1,True,True,True,False,3.992811,-67.097565,116.68367,0.120674,40.036621,3.888138,500.310211,-35.220165,442.051788,-179.9758,0.372346,-179.89592,16450,False,True,52,101,True,
503,/kuka/axis_move/feedback_json,std_msgs/msg/String,2026-08-28T20:17:21.653217-04:00,1787962641,653176957,1787962641653176957,124.581001,,,,66851,66850,1,0,0,66851,AxisTarget,1,True,True,True,False,3.776811,-67.102478,116.698868,0.120943,40.034836,3.663268,500.342682,-33.264458,442.013245,-179.977325,0.364262,-179.897781,16450,False,True,52,101,True,
504,/kuka/axis_move/feedback_json,std_msgs/msg/String,2026-08-28T20:17:21.775696-04:00,1787962641,775665440,1787962641775665440,122.488483,,,,66852,66851,1,0,0,66852,AxisTarget,1,True,True,True,False,3.564789,-67.106964,116.712669,0.121187,40.033226,3.461857,500.366058,-31.442005,441.977325,-179.978745,0.356721,-179.899445,16450,False,True,52,102,True,
505,/kuka/axis_move/feedback_json,std_msgs/msg/String,2026-08-28T20:17:21.904383-04:00,1787962641,904374361,1787962641904374361,128.708921,,,,66853,66852,1,0,0,66853,AxisTarget,1,True,True,True,True,3.359617,-67.111504,116.726776,0.121439,40.031551,3.250108,500.382874,-29.608635,441.941193,-179.980179,0.349126,-179.901077,16450,False,True,52,102,True,
506,/kuka/axis_move/feedback_json,std_msgs/msg/String,2026-08-28T20:17:22.027048-04:00,1787962642,27019241,1787962642027019241,122.64488,,,,66854,66853,1,0,0,66854,AxisTarget,1,True,True,True,False,3.136488,-67.116417,116.741974,0.121709,40.029766,3.025175,500.393402,-27.655527,441.90271,-179.981705,0.341026,-179.90274,16450,False,True,52,102,True,
507,/kuka/axis_move/feedback_json,std_msgs/msg/String,2026-08-28T20:17:22.151259-04:00,1787962642,151249362,1787962642151249362,124.230121,,,,66855,66854,1,0,0,66855,AxisTarget,1,True,True,True,False,2.906088,-67.12149,116.75766,0.121987,40.02792,2.792988,500.396301,-25.701073,441.864197,-179.983231,0.332911,-179.904343,16450,False,True,52,102,True,
508,/kuka/axis_move/feedback_json,std_msgs/msg/String,2026-08-28T20:17:22.273344-04:00,1787962642,273334215,1787962642273334215,122.084853,,,,66856,66855,1,0,0,66856,AxisTarget,1,True,True,True,False,2.690089,-67.126244,116.772362,0.122248,40.026192,2.575312,500.391541,-23.747015,441.825684,-179.984772,0.32479,-179.905884,16450,False,True,52,102,True,
509,/kuka/axis_move/feedback_json,std_msgs/msg/String,2026-08-28T20:17:22.395411-04:00,1787962642,395400512,1787962642395400512,122.066297,,,,66857,66856,1,0,0,66857,AxisTarget,1,True,True,True,False,2.466888,-67.131157,116.78756,0.122516,40.024403,2.35038,500.37915,-21.793383,441.787201,-179.986298,0.316662,-179.907364,16450,False,True,52,102,True,
510,/kuka/axis_move/feedback_json,std_msgs/msg/String,2026-08-28T20:17:22.519476-04:00,1787962642,519438839,1787962642519438839,124.038327,,,,66858,66857,1,0,0,66858,AxisTarget,1,True,True,True,False,2.243688,-67.136063,116.802757,0.122783,40.022614,2.125448,500.359131,-19.840206,441.748688,-179.987823,0.308529,-179.908768,16450,False,True,52,102,True,
511,/kuka/axis_move/feedback_json,std_msgs/msg/String,2026-08-28T20:17:22.646358-04:00,1787962642,646342094,1787962642646342094,126.903255,,,,66859,66858,1,0,0,66859,AxisTarget,1,True,True,True,False,2.020488,-67.140976,116.817947,0.123048,40.020824,1.900514,500.332489,-17.950497,441.711456,-179.989304,0.300653,-179.91008,16450,False,True,52,102,True,
512,/kuka/axis_move/feedback_json,std_msgs/msg/String,2026-08-28T20:17:22.771860-04:00,1787962642,771843423,1787962642771843423,125.501329,,,,66860,66859,1,0,0,66860,AxisTarget,1,True,True,True,False,1.790088,-67.146042,116.833633,0.123313,40.019032,1.67558,500.296204,-15.935339,441.671722,-179.990891,0.292246,-179.911407,16450,False,True,52,102,True,
513,/kuka/axis_move/feedback_json,std_msgs/msg/String,2026-08-28T20:17:22.899177-04:00,1787962642,899171857,1787962642899171857,127.328434,,,,66861,66860,1,0,0,66861,AxisTarget,1,True,True,True,False,1.566888,-67.150955,116.848831,0.123585,40.017185,1.44339,500.253326,-13.983708,441.63327,-179.992432,0.284098,-179.912613,16450,False,True,52,102,True,
514,/kuka/axis_move/feedback_json,std_msgs/msg/String,2026-08-28T20:17:23.021187-04:00,1787962643,21176997,1787962643021176997,122.00514,,,,66862,66861,1,0,0,66862,AxisTarget,1,True,True,True,False,1.343896,-67.155853,116.863983,0.123846,40.0154,1.220039,500.20108,-11.970212,441.593567,-179.994003,0.275684,-179.913803,16450,False,True,52,103,False,
515,/kuka/axis_move/feedback_json,std_msgs/msg/String,2026-08-28T20:17:23.144474-04:00,1787962643,144443073,1787962643144443073,123.266076,,,,66863,66862,1,0,0,66863,AxisTarget,1,True,True,True,True,1.150709,-67.160088,116.877037,0.124071,40.013866,1.027773,500.150482,-10.266179,441.559967,-179.995346,0.268558,-179.914764,16450,False,True,52,103,False,
516,/kuka/axis_move/feedback_json,std_msgs/msg/String,2026-08-28T20:17:23.274522-04:00,1787962643,274512416,1787962643274512416,130.069343,,,,66864,66863,1,0,0,66864,AxisTarget,1,True,True,True,False,0.934136,-67.164871,116.891899,0.124329,40.012104,0.805718,500.088104,-8.391342,441.52298,-179.996826,0.260711,-179.915741,16450,False,True,52,103,False,
517,/kuka/axis_move/feedback_json,std_msgs/msg/String,2026-08-28T20:17:23.399053-04:00,1787962643,399029471,1787962643399029471,124.517055,,,,66865,66864,1,0,0,66865,AxisTarget,1,True,True,True,False,0.696536,-67.170097,116.908073,0.124608,40.010197,0.566271,500.013306,-6.379235,441.483307,-179.998413,0.252283,-179.916748,16450,False,True,52,103,False,
518,/kuka/axis_move/feedback_json,std_msgs/msg/String,2026-08-28T20:17:23.525403-04:00,1787962643,525395742,1787962643525395742,126.366271,,,,66866,66865,1,0,0,66866,AxisTarget,1,True,True,True,False,0.473336,-67.175011,116.923271,0.124878,40.008347,0.334079,499.930359,-4.367864,441.443634,-180.0,0.24385,-179.917664,16450,False,True,52,103,False,
519,/kuka/axis_move/feedback_json,std_msgs/msg/String,2026-08-28T20:17:23.646649-04:00,1787962643,646623232,1787962643646623232,121.22749,,,,66867,66866,1,0,0,66867,AxisTarget,1,True,True,True,False,0.250136,-67.179924,116.938469,0.12513,40.006615,0.116399,499.845215,-2.482902,441.406464,179.99852,0.23594,-179.918472,16450,False,True,52,103,False,
520,/kuka/axis_move/feedback_json,std_msgs/msg/String,2026-08-28T20:17:23.770979-04:00,1787962643,770954844,1787962643770954844,124.331612,,,,66868,66867,1,0,0,66868,AxisTarget,1,True,True,True,False,0.034136,-67.184685,116.953674,0.12539,40.004829,-0.108539,499.749756,-0.535846,441.368042,179.996979,0.227761,-179.91925,16450,False,True,52,103,False,
521,/kuka/axis_move/feedback_json,std_msgs/msg/String,2026-08-28T20:17:23.897454-04:00,1787962643,897447035,1787962643897447035,126.492191,,,,66869,66868,1,0,0,66869,AxisTarget,1,True,True,True,False,-0.189064,-67.189766,116.96888,0.125648,40.00304,-0.333477,499.646637,1.410429,441.329681,179.995438,0.219578,-179.919952,16450,False,True,52,103,False,
522,/kuka/axis_move/feedback_json,std_msgs/msg/String,2026-08-28T20:17:24.020064-04:00,1787962644,20059097,1787962644020059097,122.612062,,,,66870,66869,1,0,0,66870,AxisTarget,1,True,True,True,False,-0.414027,-67.19455,116.983582,0.125896,40.001331,-0.547162,499.534119,3.386689,441.29068,179.993881,0.211263,-179.920593,16450,False,True,52,103,False,
523,/kuka/axis_move/feedback_json,std_msgs/msg/String,2026-08-28T20:17:24.144436-04:00,1787962644,144415213,1787962644144415213,124.356116,,,,66871,66870,1,0,0,66871,AxisTarget,1,True,True,True,False,-0.616527,-67.199036,116.99752,0.126133,39.999676,-0.757018,499.427948,5.135553,441.256195,179.992493,0.203899,-179.921112,16450,False,True,52,103,False,
524,/kuka/axis_move/feedback_json,std_msgs/msg/String,2026-08-28T20:17:24.269677-04:00,1787962644,269667774,1787962644269667774,125.252561,,,,66872,66871,1,0,0,66872,AxisTarget,1,True,True,True,False,-0.839732,-67.203964,117.012733,0.126391,39.99789,-0.981955,499.302704,7.07943,441.217834,179.990952,0.19571,-179.921631,16450,False,True,52,103,False,
525,/kuka/axis_move/feedback_json,std_msgs/msg/String,2026-08-28T20:17:24.395124-04:00,1787962644,395094967,1787962644395094967,125.427193,,,,66873,66872,1,0,0,66873,AxisTarget,1,True,True,True,False,-1.070132,-67.209045,117.028435,0.12666,39.996048,-1.214144,499.169922,9.022357,441.179474,179.989426,0.187519,-179.922073,16450,False,True,52,103,False,
526,/kuka/axis_move/feedback_json,std_msgs/msg/String,2026-08-28T20:17:24.523384-04:00,1787962644,523374223,1787962644523374223,128.279256,,,,66874,66873,1,0,0,66874,AxisTarget,1,True,True,True,False,-1.293332,-67.213959,117.043633,0.126936,39.994213,-1.446325,499.024933,11.026981,441.139893,179.987854,0.179061,-179.92247,16450,False,True,52,103,False,
527,/kuka/axis_move/feedback_json,std_msgs/msg/String,2026-08-28T20:17:24.646802-04:00,1787962644,646787286,1787962644646787286,123.413063,,,,66875,66874,1,0,0,66875,AxisTarget,1,True,True,True,False,-1.516532,-67.218872,117.059311,0.127208,39.992439,-1.671245,498.876862,12.967985,441.101563,179.986343,0.170865,-179.922775,16450,False,True,52,103,False,
528,/kuka/axis_move/feedback_json,std_msgs/msg/String,2026-08-28T20:17:24.775353-04:00,1787962644,775343268,1787962644775343268,128.555982,,,,66876,66875,1,0,0,66876,AxisTarget,1,True,True,True,False,-1.746932,-67.223938,117.074509,0.12749,39.990608,-1.903418,498.716064,14.970565,441.061981,179.984787,0.162405,-179.923019,16450,False,True,52,103,False,
529,/kuka/axis_move/feedback_json,std_msgs/msg/String,2026-08-28T20:17:24.901231-04:00,1787962644,901225937,1787962644901225937,125.882669,,,,66877,66876,1,0,0,66877,AxisTarget,1,True,True,True,False,-1.984527,-67.229012,117.090195,0.127761,39.988777,-2.135289,498.547211,16.972061,441.0224,179.983215,0.153938,-179.923203,16450,False,True,52,103,False,
530,/kuka/axis_move/feedback_json,std_msgs/msg/String,2026-08-28T20:17:25.376411-04:00,1787962645,376405447,1787962645376405447,475.17951,,,,66878,66877,1,0,0,66878,AxisTarget,1,True,True,True,False,-2.1985,-67.233704,117.104301,0.128,39.987301,-2.315,498.366058,19.017292,440.981659,179.981567,0.145247,-179.923309,16451,False,True,53,107,True,
531,/kuka/axis_move/feedback_json,std_msgs/msg/String,2026-08-28T20:17:25.504023-04:00,1787962645,504004367,1787962645504004367,127.59892,,,,66879,66878,1,0,0,66879,AxisTarget,1,True,True,True,True,-2.198897,-67.254448,117.092911,0.126849,40.033455,-2.314457,498.369629,19.019825,441.094086,179.981598,0.145106,-179.923553,16451,False,True,53,108,True,
532,/kuka/axis_move/feedback_json,std_msgs/msg/String,2026-08-28T20:17:25.627373-04:00,1787962645,627365599,1787962645627365599,123.361232,,,,66880,66879,1,0,0,66880,AxisTarget,1,True,True,True,False,-2.202302,-67.408966,117.018433,0.120183,40.271442,-2.311955,498.415802,19.054577,442.639801,179.982132,0.14317,-179.927032,16451,False,True,53,108,True,
533,/kuka/axis_move/feedback_json,std_msgs/msg/String,2026-08-28T20:17:25.751634-04:00,1787962645,751624768,1787962645751624768,124.259169,,,,66881,66880,1,0,0,66881,AxisTarget,1,True,True,True,False,-2.205886,-67.567238,116.943314,0.113521,40.505974,-2.309573,498.46048,19.093227,444.353363,179.982712,0.141007,-179.930939,16451,False,True,53,109,True,
534,/kuka/axis_move/feedback_json,std_msgs/msg/String,2026-08-28T20:17:25.875739-04:00,1787962645,875709816,1787962645875709816,124.085048,,,,66882,66881,1,0,0,66882,AxisTarget,1,True,True,True,True,-2.209518,-67.727646,116.866959,0.106725,40.745621,-2.307145,498.498596,19.131794,446.066864,179.983307,0.138837,-179.934891,16451,False,True,53,109,True,
535,/kuka/axis_move/feedback_json,std_msgs/msg/String,2026-08-28T20:17:25.999419-04:00,1787962645,999409171,1787962645999409171,123.699355,,,,66883,66882,1,0,0,66883,AxisTarget,1,True,True,True,False,-2.213187,-67.889465,116.790054,0.099888,40.986393,-2.304706,498.531708,19.172035,447.865906,179.983978,0.136558,-179.939087,16451,False,True,53,109,True,
536,/kuka/axis_move/feedback_json,std_msgs/msg/String,2026-08-28T20:17:26.126653-04:00,1787962646,126636121,1787962646126636121,127.22695,,,,66884,66883,1,0,0,66884,AxisTarget,1,True,True,True,False,-2.216848,-68.051285,116.71315,0.09305,41.227165,-2.30226,498.557037,19.210768,449.610413,179.98465,0.13434,-179.943192,16451,False,True,53,109,True,
537,/kuka/axis_move/feedback_json,std_msgs/msg/String,2026-08-28T20:17:26.249169-04:00,1787962646,249138458,1787962646249138458,122.502337,,,,66885,66884,1,0,0,66885,AxisTarget,1,True,True,True,False,-2.2205,-68.213089,116.636246,0.08621,41.467934,-2.299809,498.575745,19.249233,451.356598,179.985367,0.132112,-179.947342,16451,False,True,53,109,True,
538,/kuka/axis_move/feedback_json,std_msgs/msg/String,2026-08-28T20:17:26.374876-04:00,1787962646,374860556,1787962646374860556,125.722098,,,,66886,66885,1,0,0,66886,AxisTarget,1,True,True,True,False,-2.224047,-68.375366,116.559181,0.079358,41.708946,-2.297354,498.587585,19.286495,453.059937,179.986099,0.129934,-179.951431,16451,False,True,53,110,True,
539,/kuka/axis_move/feedback_json,std_msgs/msg/String,2026-08-28T20:17:26.501200-04:00,1787962646,501194989,1787962646501194989,126.334433,,,,66887,66886,1,0,0,66887,AxisTarget,1,True,True,True,True,-2.227792,-68.53656,116.482513,0.072533,41.949272,-2.294903,498.59317,19.32424,454.795868,179.986877,0.127714,-179.955643,16451,False,True,53,110,True,
540,/kuka/axis_move/feedback_json,std_msgs/msg/String,2026-08-28T20:17:26.627611-04:00,1787962646,627602150,1787962646627602150,126.407161,,,,66888,66887,1,0,0,66888,AxisTarget,1,True,True,True,False,-2.231558,-68.703583,116.405609,0.065692,42.190048,-2.292449,498.59201,19.363298,456.603424,179.987717,0.125404,-179.960052,16451,False,True,53,110,True,
541,/kuka/axis_move/feedback_json,std_msgs/msg/String,2026-08-28T20:17:26.752900-04:00,1787962646,752883029,1787962646752883029,125.280879,,,,66889,66888,1,0,0,66889,AxisTarget,1,True,True,True,False,-2.235206,-68.865387,116.326225,0.058632,42.438587,-2.289917,498.58374,19.402149,458.41272,179.988617,0.123094,-179.964523,16451,False,True,53,110,True,
542,/kuka/axis_move/feedback_json,std_msgs/msg/String,2026-08-28T20:17:26.875851-04:00,1787962646,875840601,1787962646875840601,122.957572,,,,66890,66889,1,0,0,66890,AxisTarget,1,True,True,True,False,-2.238855,-69.027191,116.249321,0.052016,42.671593,-2.287544,498.56955,19.438379,460.110474,179.989487,0.12093,-179.96875,16451,False,True,53,110,True,
543,/kuka/axis_move/feedback_json,std_msgs/msg/String,2026-08-28T20:17:26.998838-04:00,1787962646,998832709,1787962646998832709,122.992108,,,,66891,66890,1,0,0,66891,AxisTarget,1,True,True,True,False,-2.242505,-69.189003,116.174889,0.045181,42.912369,-2.285094,498.548309,19.475622,461.866394,179.990417,0.118697,-179.97316,16451,False,True,53,110,True,
544,/kuka/axis_move/feedback_json,std_msgs/msg/String,2026-08-28T20:17:27.119885-04:00,1787962647,119878483,1787962647119878483,121.045774,,,,66892,66891,1,0,0,66892,AxisTarget,1,True,True,True,False,-2.246037,-69.345589,116.097984,0.038348,43.153137,-2.282644,498.520386,19.512661,463.62384,179.991409,0.116465,-179.9776,16451,False,True,53,110,True,
545,/kuka/axis_move/feedback_json,std_msgs/msg/String,2026-08-28T20:17:27.243018-04:00,1787962647,242989324,1787962647242989324,123.110841,,,,66893,66892,1,0,0,66893,AxisTarget,1,True,True,True,False,-2.249459,-69.496666,116.026451,0.032017,43.375412,-2.28039,498.488861,19.54644,465.236389,179.99234,0.114418,-179.98172,16451,False,True,53,111,True,
546,/kuka/axis_move/feedback_json,std_msgs/msg/String,2026-08-28T20:17:27.367294-04:00,1787962647,367263326,1787962647367263326,124.274002,,,,66894,66893,1,0,0,66894,AxisTarget,1,True,True,True,True,-2.252935,-69.651367,115.952637,0.025436,43.608135,-2.278014,498.450684,19.580914,466.892242,179.993317,0.112317,-179.985977,16451,False,True,53,111,True,
547,/kuka/axis_move/feedback_json,std_msgs/msg/String,2026-08-28T20:17:27.494978-04:00,1787962647,494955408,1787962647494955408,127.692082,,,,66895,66894,1,0,0,66895,AxisTarget,1,True,True,True,False,-2.256586,-69.813171,115.875725,0.018603,43.848911,-2.275565,498.401886,19.618528,468.710785,179.994446,0.11001,-179.990692,16451,False,True,53,111,True,
548,/kuka/axis_move/feedback_json,std_msgs/msg/String,2026-08-28T20:17:27.620089-04:00,1787962647,620081440,1787962647620081440,125.126032,,,,66896,66895,1,0,0,66896,AxisTarget,1,True,True,True,False,-2.260354,-69.980202,115.796333,0.011551,44.09745,-2.273036,498.347778,19.654749,470.473938,179.995575,0.107774,-179.9953,16451,False,True,53,111,True,
549,/kuka/axis_move/feedback_json,std_msgs/msg/String,2026-08-28T20:17:27.743878-04:00,1787962647,743871292,1787962647743871292,123.789852,,,,66897,66896,1,0,0,66897,AxisTarget,1,True,True,True,False,-2.264004,-70.142014,115.719421,0.00472,44.338223,-2.270588,498.284851,19.69191,472.295471,179.996796,0.105464,179.999893,16451,False,True,53,111,True,
550,/kuka/axis_move/feedback_json,std_msgs/msg/String,2026-08-28T20:17:27.867400-04:00,1787962647,867394226,1787962647867394226,123.522934,,,,66898,66897,1,0,0,66898,AxisTarget,1,True,True,True,False,-2.267536,-70.298607,115.644989,-0.001889,44.578999,-2.26814,498.219269,19.726536,474.004486,179.997971,0.103299,179.995361,16451,False,True,53,111,True,
551,/kuka/axis_move/feedback_json,std_msgs/msg/String,2026-08-28T20:17:27.995444-04:00,1787962647,995436173,1787962647995436173,128.041947,,,,66899,66898,1,0,0,66899,AxisTarget,1,True,True,True,False,-2.271304,-70.465637,115.565598,-0.008937,44.819771,-2.265693,498.142334,19.763239,475.828827,179.999252,0.10099,179.990463,16451,False,True,53,111,True,
552,/kuka/axis_move/feedback_json,std_msgs/msg/String,2026-08-28T20:17:28.121173-04:00,1787962648,121161813,1787962648121161813,125.72564,,,,66900,66899,1,0,0,66900,AxisTarget,1,True,True,True,False,-2.274954,-70.627457,115.488686,-0.015764,45.06831,-2.263168,498.060913,19.798569,477.597504,-179.999451,0.098752,179.985703,16451,False,True,53,111,True,
553,/kuka/axis_move/feedback_json,std_msgs/msg/String,2026-08-28T20:17:28.244216-04:00,1787962648,244193822,1787962648244193822,123.032009,,,,66901,66900,1,0,0,66901,AxisTarget,1,True,True,True,False,-2.278722,-70.794487,115.409294,-0.02281,45.309086,-2.260722,497.969727,19.834801,479.424622,-179.998077,0.096441,179.980728,16451,False,True,53,111,True,
554,/kuka/axis_move/feedback_json,std_msgs/msg/String,2026-08-28T20:17:28.367920-04:00,1787962648,367914890,1787962648367914890,123.721068,,,,66902,66901,1,0,0,66902,AxisTarget,1,True,True,True,True,-2.2823,-70.952477,115.334541,-0.029411,45.540691,-2.258383,497.875732,19.869225,481.17334,-179.996719,0.094231,179.975937,16451,False,True,53,112,False,
555,/kuka/axis_move/feedback_json,std_msgs/msg/String,2026-08-28T20:17:28.491523-04:00,1787962648,491515049,1787962648491515049,123.600159,,,,66903,66902,1,0,0,66903,AxisTarget,1,True,True,True,False,-2.28535,-71.088219,115.269745,-0.03519,45.745708,-2.256288,497.791412,19.89805,482.647339,-179.995529,0.092367,179.971878,16451,False,True,53,112,False,
556,/kuka/axis_move/feedback_json,std_msgs/msg/String,2026-08-28T20:17:28.615228-04:00,1787962648,615222442,1787962648615222442,123.707393,,,,66904,66903,1,0,0,66904,AxisTarget,1,True,True,True,False,-2.288988,-71.249657,115.192955,-0.042008,45.986343,-2.253844,497.684418,19.932293,484.410126,-179.994095,0.090139,179.96698,16451,False,True,53,112,False,
557,/kuka/axis_move/feedback_json,std_msgs/msg/String,2026-08-28T20:17:28.743232-04:00,1787962648,743226794,1787962648743226794,128.004352,,,,66905,66904,1,0,0,66905,AxisTarget,1,True,True,True,False,-2.292873,-71.421906,115.111084,-0.049274,46.242649,-2.25124,497.566132,19.967611,486.242126,-179.992554,0.087823,179.961868,16451,False,True,53,112,False,
558,/kuka/axis_move/feedback_json,std_msgs/msg/String,2026-08-28T20:17:28.865379-04:00,1787962648,865352449,1787962648865352449,122.125655,,,,66906,66905,1,0,0,66906,AxisTarget,1,True,True,True,False,-2.296404,-71.578499,115.036652,-0.055881,46.475655,-2.248873,497.444641,20.001585,488.018005,-179.991013,0.085575,179.956863,16451,False,True,53,112,False,
559,/kuka/axis_move/feedback_json,std_msgs/msg/String,2026-08-28T20:17:28.991639-04:00,1787962648,991634087,1787962648991634087,126.281638,,,,66907,66906,1,0,0,66907,AxisTarget,1,True,True,True,False,-2.300053,-71.740311,114.957253,-0.06293,46.724197,-2.246347,497.316254,20.035318,489.795013,-179.989441,0.083325,179.951813,16451,False,True,53,112,False,
560,/kuka/axis_move/feedback_json,std_msgs/msg/String,2026-08-28T20:17:29.115158-04:00,1787962649,115152878,1787962649115152878,123.518791,,,,66908,66907,1,0,0,66908,AxisTarget,1,True,True,True,False,-2.3037,-71.902122,114.88282,-0.06954,46.957203,-2.243978,497.181061,20.06881,491.57312,-179.987823,0.08107,179.946732,16451,False,True,53,112,False,
561,/kuka/axis_move/feedback_json,std_msgs/msg/String,2026-08-28T20:17:29.239671-04:00,1787962649,239665339,1787962649239665339,124.512461,,,,66909,66908,1,0,0,66909,AxisTarget,1,True,True,True,False,-2.307348,-72.063927,114.803429,-0.076592,47.205742,-2.241451,497.038971,20.102058,493.352295,-179.98616,0.078812,179.94162,16451,False,True,53,112,False,
562,/kuka/axis_move/feedback_json,std_msgs/msg/String,2026-08-28T20:17:29.364017-04:00,1787962649,364011063,1787962649364011063,124.345724,,,,66910,66909,1,0,0,66910,AxisTarget,1,True,True,True,False,-2.311112,-72.230949,114.726517,-0.083423,47.446514,-2.239002,496.885071,20.136124,495.189941,-179.984406,0.076479,179.936295,16451,False,True,53,112,False,
563,/kuka/axis_move/feedback_json,std_msgs/msg/String,2026-08-28T20:17:29.487951-04:00,1787962649,487929053,1787962649487929053,123.91799,,,,66911,66910,1,0,0,66911,AxisTarget,1,True,True,True,False,-2.314759,-72.392761,114.649597,-0.090255,47.68729,-2.236553,496.734131,20.167824,496.913727,-179.982712,0.074291,179.931259,16451,False,True,53,112,False,
564,/kuka/axis_move/feedback_json,std_msgs/msg/String,2026-08-28T20:17:29.611750-04:00,1787962649,611738998,1787962649611738998,123.809945,,,,66912,66911,1,0,0,66912,AxisTarget,1,True,True,True,False,-2.318405,-72.554565,114.572693,-0.097091,47.928062,-2.234103,496.565979,20.201374,498.753479,-179.980865,0.071956,179.925858,16451,False,True,53,112,False,
565,/kuka/axis_move/feedback_json,std_msgs/msg/String,2026-08-28T20:17:29.739316-04:00,1787962649,739306498,1787962649739306498,127.5675,,,,66913,66912,1,0,0,66913,AxisTarget,1,True,True,True,False,-2.322048,-72.716385,114.495789,-0.103934,48.176601,-2.23157,496.396027,20.233608,500.536774,-179.979034,0.069694,179.920578,16451,False,True,53,112,False,
566,/kuka/axis_move/feedback_json,std_msgs/msg/String,2026-08-28T20:17:29.862128-04:00,1787962649,862122803,1787962649862122803,122.816305,,,,66914,66913,1,0,0,66914,AxisTarget,1,True,True,True,False,-2.325699,-72.877937,114.419342,-0.110521,48.399448,-2.229236,496.222351,20.265003,502.288788,-179.977203,0.067472,179.915344,16451,False,True,53,112,False,
567,/kuka/axis_move/feedback_json,std_msgs/msg/String,2026-08-28T20:17:29.990117-04:00,1787962649,990111433,1787962649990111433,127.98863,,,,66915,66914,1,0,0,66915,AxisTarget,1,True,True,True,False,-2.329211,-73.034706,114.344528,-0.117405,48.642448,-2.226818,496.047424,20.295231,503.989746,-179.975372,0.065316,179.910248,16451,False,True,53,112,False,
568,/kuka/axis_move/feedback_json,std_msgs/msg/String,2026-08-28T20:17:30.116398-04:00,1787962650,116391162,1787962650116391162,126.279729,,,,66916,66915,1,0,0,66916,AxisTarget,1,True,True,True,False,-2.332985,-73.201736,114.265129,-0.124467,48.890987,-2.224308,495.850922,20.327824,505.833405,-179.973358,0.062984,179.904678,16451,False,True,53,112,False,
569,/kuka/axis_move/feedback_json,std_msgs/msg/String,2026-08-28T20:17:30.872154-04:00,1787962650,872137098,1787962650872137098,755.745936,,,,66917,66916,1,0,0,66917,AxisTarget,1,True,True,True,False,-2.3359,-73.324303,114.209297,-0.1292,49.050098,-2.2228,495.676575,20.355879,507.417694,-179.971573,0.060998,179.899887,16452,False,True,54,116,True,
570,/kuka/axis_move/feedback_json,std_msgs/msg/String,2026-08-28T20:17:31.619862-04:00,1787962651,619855748,1787962651619855748,747.71865,,,,66918,66917,1,0,0,66918,AxisTarget,1,True,True,True,True,-2.098382,-75.017113,111.722038,-0.134833,43.949799,-1.984558,512.031311,18.951454,536.292297,179.982208,8.844385,179.579514,16453,False,True,54,121,True,
571,/kuka/axis_move/feedback_json,std_msgs/msg/String,2026-08-28T20:17:31.747268-04:00,1787962651,747240495,1787962651747240495,127.384747,,,,66919,66918,1,0,0,66919,AxisTarget,1,True,True,True,False,-2.038628,-75.437599,111.090279,-0.136261,42.679199,-1.925713,516.101868,18.536055,544.55188,179.961975,11.219546,179.502258,16453,False,True,54,121,True,
572,/kuka/axis_move/feedback_json,std_msgs/msg/String,2026-08-28T20:17:31.873005-04:00,1787962651,872986616,1787962651872986616,125.746121,,,,66920,66919,1,0,0,66920,AxisTarget,1,True,True,True,False,-1.968522,-75.934181,110.386169,-0.137852,41.254688,-1.859643,520.443787,18.056269,553.971069,179.936035,13.865205,179.42038,16453,False,True,54,122,True,
573,/kuka/axis_move/feedback_json,std_msgs/msg/String,2026-08-28T20:17:31.995663-04:00,1787962651,995655677,1787962651995655677,122.669061,,,,66921,66920,1,0,0,66921,AxisTarget,1,True,True,True,True,-1.905751,-76.375877,109.745033,-0.139284,39.969196,-1.800186,524.212158,17.604353,562.740784,179.909531,16.273245,179.349457,16453,False,True,54,122,True,
574,/kuka/axis_move/feedback_json,std_msgs/msg/String,2026-08-28T20:17:32.275069-04:00,1787962652,275057578,1787962652275057578,279.401901,,,,66922,66921,1,0,0,66922,AxisTarget,1,True,True,True,True,-1.753647,-77.450836,108.17881,-0.142781,36.810047,-1.653785,532.498291,16.462633,584.520752,179.835373,22.051563,179.192001,16454,False,True,55,123,True,
575,/kuka/axis_move/feedback_json,std_msgs/msg/String,2026-08-28T20:17:32.400203-04:00,1787962652,400197074,1787962652400197074,125.139496,,,,66923,66922,1,0,0,66923,AxisTarget,1,True,True,True,False,-1.682618,-77.953377,107.445824,-0.144416,35.328594,-1.585083,535.869019,15.922008,594.677307,179.797318,24.659296,179.126328,16454,False,True,55,123,True,
576,/kuka/axis_move/feedback_json,std_msgs/msg/String,2026-08-28T20:17:32.523663-04:00,1787962652,523648810,1787962652523648810,123.451736,,,,66924,66923,1,0,0,66924,AxisTarget,1,True,True,True,False,-1.61521,-78.429169,106.730797,-0.14601,33.890461,-1.518555,539.050232,15.35666,605.208008,179.755875,27.311754,179.062637,16454,False,True,55,124,True,
577,/kuka/axis_move/feedback_json,std_msgs/msg/String,2026-08-28T20:17:32.647310-04:00,1787962652,647304765,1787962652647304765,123.655955,,,,66925,66924,1,0,0,66925,AxisTarget,1,True,True,True,True,-1.551548,-78.876564,106.104813,-0.147403,32.638218,-1.460722,541.682129,14.837355,614.810364,179.716446,29.688698,179.008072,16454,False,True,55,124,True,
578,/kuka/axis_move/feedback_json,std_msgs/msg/String,2026-08-28T20:17:32.777420-04:00,1787962652,777406394,1787962652777406394,130.101629,,,,66926,66925,1,0,0,66926,AxisTarget,1,True,True,True,False,-1.485118,-79.347931,105.415291,-0.148949,31.237152,-1.395589,544.290222,14.262553,625.371582,179.671402,32.261009,178.951492,16454,False,True,55,124,True,
579,/kuka/axis_move/feedback_json,std_msgs/msg/String,2026-08-28T20:17:32.907747-04:00,1787962652,907731499,1787962652907731499,130.325105,,,,66927,66926,1,0,0,66927,AxisTarget,1,True,True,True,False,-1.41148,-79.866905,104.661201,-0.150629,29.725525,-1.327737,546.775574,13.639175,636.757019,179.621017,34.989037,178.894119,16454,False,True,55,125,True,
580,/kuka/axis_move/feedback_json,std_msgs/msg/String,2026-08-28T20:17:33.031437-04:00,1787962653,31427549,1787962653031427549,123.69605,,,,66928,66927,1,0,0,66928,AxisTarget,1,True,True,True,True,-1.351444,-80.289597,104.047012,-0.151999,28.490694,-1.268607,548.70459,13.083462,646.855957,179.574768,37.373108,178.846008,16454,False,True,55,125,True,
581,/kuka/axis_move/feedback_json,std_msgs/msg/String,2026-08-28T20:17:33.158379-04:00,1787962653,158371342,1787962653158371342,126.943793,,,,66929,66928,1,0,0,66929,AxisTarget,1,True,True,True,False,-1.286898,-80.763397,103.354172,-0.153563,27.08407,-1.203242,550.432739,12.50689,657.293213,179.525467,39.80481,178.798721,16454,False,True,55,125,True,
582,/kuka/axis_move/feedback_json,std_msgs/msg/String,2026-08-28T20:17:33.282861-04:00,1787962653,282855489,1787962653282855489,124.484147,,,,66930,66929,1,0,0,66930,AxisTarget,1,True,True,True,False,-1.216289,-81.244537,102.656296,-0.155143,25.690542,-1.139033,552.063599,11.855193,669.051819,179.468094,42.508514,178.748001,16454,False,True,55,126,True,
583,/kuka/axis_move/feedback_json,std_msgs/msg/String,2026-08-28T20:17:33.408391-04:00,1787962653,408368772,1787962653408368772,125.513283,,,,66931,66930,1,0,0,66931,AxisTarget,1,True,True,True,True,-1.159566,-81.644867,102.052933,-0.156522,24.471632,-1.084406,553.145874,11.324918,678.59491,179.420074,44.677319,178.708588,16454,False,True,55,126,True,
584,/kuka/axis_move/feedback_json,std_msgs/msg/String,2026-08-28T20:17:33.531735-04:00,1787962653,531727389,1787962653531727389,123.358617,,,,66932,66931,1,0,0,66932,AxisTarget,1,True,True,True,False,-1.092732,-82.134872,101.357147,-0.158105,23.060129,-1.016875,554.145874,10.70081,689.802612,179.361954,47.197895,178.663986,16454,False,True,55,126,True,
585,/kuka/axis_move/feedback_json,std_msgs/msg/String,2026-08-28T20:17:33.656738-04:00,1787962653,656710214,1787962653656710214,124.982825,,,,66933,66932,1,0,0,66933,AxisTarget,1,True,True,True,True,-1.025028,-82.594879,100.69088,-0.159633,21.695425,-0.954095,554.881042,10.049533,701.477295,179.299286,49.795834,178.619141,16454,False,True,55,127,True,
586,/kuka/axis_move/feedback_json,std_msgs/msg/String,2026-08-28T20:17:33.780154-04:00,1787962653,780137612,1787962653780137612,123.427398,,,,66934,66933,1,0,0,66934,AxisTarget,1,True,True,True,False,-0.96723,-83.003235,100.095512,-0.160923,20.527628,-0.899787,555.255981,9.510454,711.132019,179.245682,51.924969,178.582962,16454,False,True,55,127,True,
587,/kuka/axis_move/feedback_json,std_msgs/msg/String,2026-08-28T20:17:33.905449-04:00,1787962653,905439583,1787962653905439583,125.301971,,,,66935,66934,1,0,0,66935,AxisTarget,1,True,True,True,False,-0.90017,-83.478683,99.400574,-0.162481,19.117561,-0.834293,555.431519,8.845927,723.03186,179.177124,54.527592,178.539063,16454,False,True,55,127,True,
588,/kuka/axis_move/feedback_json,std_msgs/msg/String,2026-08-28T20:17:34.027447-04:00,1787962654,27441340,1787962654027441340,122.001757,,,,66936,66935,1,0,0,66936,AxisTarget,1,True,True,True,True,-0.833413,-83.947227,98.722656,-0.163984,17.770584,-0.772411,555.295349,8.185212,734.869995,179.10582,57.095539,178.495621,16454,False,True,55,128,True,
589,/kuka/axis_move/feedback_json,std_msgs/msg/String,2026-08-28T20:17:34.153413-04:00,1787962654,153408103,1787962654153408103,125.966763,,,,66937,66936,1,0,0,66937,AxisTarget,1,True,True,True,False,-0.778404,-84.336288,98.154701,-0.165257,16.617857,-0.718803,554.954224,7.644081,744.576477,179.044693,59.187103,178.459702,16454,False,True,55,128,True,
590,/kuka/axis_move/feedback_json,std_msgs/msg/String,2026-08-28T20:17:34.276981-04:00,1787962654,276964383,1787962654276964383,123.55628,,,,66938,66937,1,0,0,66938,AxisTarget,1,True,True,True,False,-0.711786,-84.808746,97.463829,-0.166811,15.215083,-0.653628,554.268066,6.991692,756.299255,178.967056,61.698345,178.415268,16454,False,True,55,128,True,
591,/kuka/axis_move/feedback_json,std_msgs/msg/String,2026-08-28T20:17:34.402684-04:00,1787962654,402666934,1787962654402666934,125.702551,,,,66939,66938,1,0,0,66939,AxisTarget,1,True,True,True,True,-0.645573,-85.273155,96.792412,-0.168311,13.847517,-0.590819,553.258606,6.32698,768.274963,178.882538,64.249275,178.367645,16454,False,True,55,129,True,
592,/kuka/axis_move/feedback_json,std_msgs/msg/String,2026-08-28T20:17:34.530342-04:00,1787962654,530336063,1787962654530336063,127.669129,,,,66940,66939,1,0,0,66940,AxisTarget,1,True,True,True,False,-0.590124,-85.665359,96.219902,-0.169604,12.721184,-0.538386,552.223816,5.795278,777.883301,178.809937,66.286873,178.326782,16454,False,True,55,129,True,
593,/kuka/axis_move/feedback_json,std_msgs/msg/String,2026-08-28T20:17:34.656156-04:00,1787962654,656151058,1787962654656151058,125.814995,,,,66941,66940,1,0,0,66941,AxisTarget,1,True,True,True,False,-0.524548,-86.130714,95.539101,-0.17113,11.337762,-0.471941,550.6474,5.132487,789.904236,178.711365,68.826614,178.270554,16454,False,True,55,129,True,
594,/kuka/axis_move/feedback_json,std_msgs/msg/String,2026-08-28T20:17:34.784944-04:00,1787962654,784937902,1787962654784937902,128.786844,,,,66942,66941,1,0,0,66942,AxisTarget,1,True,True,True,True,-0.461064,-86.57428,94.900116,-0.172558,10.046705,-0.414908,548.810791,4.490098,801.609985,178.604324,71.291611,178.20752,16454,False,True,55,130,True,
595,/kuka/axis_move/feedback_json,std_msgs/msg/String,2026-08-28T20:17:34.911463-04:00,1787962654,911452737,1787962654911452737,126.514835,,,,66943,66942,1,0,0,66943,AxisTarget,1,True,True,True,False,-0.408252,-86.949242,94.350784,-0.173741,8.956527,-0.364017,547.167542,3.990433,810.758911,178.510101,73.213852,178.149567,16454,False,True,55,130,True,
596,/kuka/axis_move/feedback_json,std_msgs/msg/String,2026-08-28T20:17:35.035706-04:00,1787962655,35683920,1787962655035683920,124.231183,,,,66944,66943,1,0,0,66944,AxisTarget,1,True,True,True,False,-0.342736,-87.412621,93.675453,-0.175257,7.596206,-0.301088,544.699829,3.330085,822.919128,178.36377,75.764694,178.05397,16454,False,True,55,131,True,
597,/kuka/axis_move/feedback_json,std_msgs/msg/String,2026-08-28T20:17:35.161349-04:00,1787962655,161326985,1787962655161326985,125.643065,,,,66945,66944,1,0,0,66945,AxisTarget,1,True,True,True,True,-0.293588,-87.75589,93.180748,-0.176376,6.617243,-0.256101,542.688782,2.85017,831.812683,178.233917,77.628448,177.963043,16454,False,True,55,131,True,
598,/kuka/axis_move/feedback_json,std_msgs/msg/String,2026-08-28T20:17:35.291398-04:00,1787962655,291388250,1787962655291388250,130.061265,,,,66946,66945,1,0,0,66946,AxisTarget,1,True,True,True,False,-0.242356,-88.12088,92.644623,-0.177608,5.518507,-0.202957,540.371826,2.345791,841.214905,178.063217,79.59816,177.83519,16454,False,True,55,131,True,
599,/kuka/axis_move/feedback_json,std_msgs/msg/String,2026-08-28T20:17:35.414333-04:00,1787962655,414316624,1787962655414316624,122.928374,,,,66947,66946,1,0,0,66947,AxisTarget,1,True,True,True,True,-0.18805,-88.509041,92.08596,-0.178849,4.446175,-0.155781,537.672485,1.809479,851.279358,177.815659,81.706947,177.635437,16454,False,True,55,132,True,
600,/kuka/axis_move/feedback_json,std_msgs/msg/String,2026-08-28T20:17:35.541349-04:00,1787962655,541327920,1787962655541327920,127.011296,,,,66948,66947,1,0,0,66948,AxisTarget,1,True,True,True,False,-0.144672,-88.808243,91.646935,-0.179843,3.520875,-0.112554,535.508057,1.411767,858.79303,177.550507,83.282181,177.407288,16454,False,True,55,132,True,
601,/kuka/axis_move/feedback_json,std_msgs/msg/String,2026-08-28T20:17:35.667076-04:00,1787962655,667064814,1787962655667064814,125.736894,,,,66949,66948,1,0,0,66949,AxisTarget,1,True,True,True,True,-0.096894,-89.143036,91.163673,-0.180931,2.566233,-0.068846,532.728455,0.935964,867.846924,177.033737,85.18203,176.9366,16454,False,True,55,133,False,
602,/kuka/axis_move/feedback_json,std_msgs/msg/String,2026-08-28T20:17:35.791588-04:00,1787962655,791564455,1787962655791564455,124.499641,,,,66950,66949,1,0,0,66950,AxisTarget,1,True,True,True,False,-0.059759,-89.406235,90.778748,-0.181814,1.781552,-0.032274,530.625977,0.59834,874.317749,176.347488,86.541252,176.284317,16454,False,True,55,133,False,
603,/kuka/axis_move/feedback_json,std_msgs/msg/String,2026-08-28T20:17:35.915454-04:00,1787962655,915443556,1787962655915443556,123.879101,,,,66951,66950,1,0,0,66951,AxisTarget,1,True,True,True,False,-0.022198,-89.66861,90.410606,-0.182621,1.041332,0.00068,528.238647,0.235191,881.326172,174.595917,88.01432,174.57048,16454,False,True,55,133,False,
604,/kuka/axis_move/feedback_json,std_msgs/msg/String,2026-08-28T20:17:36.039638-04:00,1787962656,39627556,1787962656039627556,124.184,,,,66952,66951,1,0,0,66952,AxisTarget,1,True,True,True,False,0.00632,-89.870628,90.10685,-0.183314,0.429106,0.029836,526.357483,-0.037512,886.623413,169.436295,89.124771,169.440063,16454,False,True,55,133,False,
605,/kuka/axis_move/feedback_json,std_msgs/msg/String,2026-08-28T20:17:36.163563-04:00,1787962656,163532244,1787962656163532244,123.904688,,,,66953,66952,1,0,0,66953,AxisTarget,1,True,True,True,False,0.028155,-90.021347,89.892319,-0.183765,0.035339,0.047652,524.888733,-0.243228,890.636169,95.55777,89.859795,95.584053,16454,False,True,55,133,False,
606,/kuka/axis_move/feedback_json,std_msgs/msg/String,2026-08-28T20:17:36.288977-04:00,1787962656,288971479,1787962656288971479,125.439235,,,,66954,66953,1,0,0,66954,AxisTarget,1,True,True,True,False,0.0332,-90.053398,89.850197,-0.1838,-0.032999,0.0505,524.448364,-0.304046,891.819031,29.402092,89.72876,29.435123,16454,False,True,55,133,False,
607,/kuka/axis_move/feedback_json,std_msgs/msg/String,2026-08-28T20:17:36.407493-04:00,1787962656,407482752,1787962656407482752,118.511273,,,,66955,66954,1,0,0,66955,AxisTarget,1,False,True,False,False,0.0332,-90.053398,89.850197,-0.1838,-0.033,0.0505,524.448425,-0.304039,891.818909,29.405073,89.728783,29.438103,16454,False,True,55,133,False,
608,/kuka/axis_move/feedback_json,std_msgs/msg/String,2026-08-28T20:17:36.536972-04:00,1787962656,536960635,1787962656536960635,129.477883,,,,66956,66955,1,0,0,66956,AxisTarget,1,False,True,False,False,0.0332,-90.053398,89.850197,-0.1838,-0.033,0.0505,524.448425,-0.304039,891.818909,29.405073,89.728783,29.438103,16454,False,True,55,133,False,
609,/kuka/axis_move/feedback_json,std_msgs/msg/String,2026-08-28T20:17:36.659661-04:00,1787962656,659650624,1787962656659650624,122.689989,,,,66957,66956,1,0,0,66957,AxisTarget,1,False,True,False,False,0.0332,-90.053398,89.850197,-0.1838,-0.033,0.0505,524.448425,-0.304039,891.818909,29.405073,89.728783,29.438103,16454,False,True,55,133,False,
610,/kuka/axis_move/feedback_json,std_msgs/msg/String,2026-08-28T20:17:36.783323-04:00,1787962656,783317699,1787962656783317699,123.667075,,,,66958,66957,1,0,0,66958,AxisTarget,1,False,True,False,False,0.0332,-90.053398,89.850197,-0.1838,-0.033,0.0505,524.448425,-0.304039,891.818909,29.405073,89.728783,29.438103,16454,False,True,55,133,False,
611,/kuka/axis_move/feedback_json,std_msgs/msg/String,2026-08-28T20:17:36.907602-04:00,1787962656,907592240,1787962656907592240,124.274541,,,,66959,66958,1,0,0,66959,AxisTarget,1,False,True,False,False,0.0332,-90.053398,89.850197,-0.1838,-0.033,0.0505,524.448425,-0.304039,891.818909,29.405073,89.728783,29.438103,16454,False,True,55,133,False,
612,/kuka/axis_move/feedback_json,std_msgs/msg/String,2026-08-28T20:17:37.031441-04:00,1787962657,31435500,1787962657031435500,123.84326,,,,66960,66959,1,0,0,66960,AxisTarget,1,False,True,False,False,0.0332,-90.053398,89.850197,-0.1838,-0.033,0.0505,524.448425,-0.304039,891.818909,29.405073,89.728783,29.438103,16454,False,True,55,133,False,
613,/kuka/axis_move/feedback_json,std_msgs/msg/String,2026-08-28T20:17:37.156455-04:00,1787962657,156438724,1787962657156438724,125.003224,,,,66961,66960,1,0,0,66961,AxisTarget,1,False,True,False,False,0.0332,-90.053398,89.850197,-0.1838,-0.033,0.0505,524.448425,-0.304039,891.818909,29.405073,89.728783,29.438103,16454,False,True,55,133,False,
614,/kuka/axis_move/feedback_json,std_msgs/msg/String,2026-08-28T20:17:37.280095-04:00,1787962657,280069318,1787962657280069318,123.630594,,,,66962,66961,1,0,0,66962,AxisTarget,1,False,True,False,False,0.0332,-90.053398,89.850197,-0.1838,-0.033,0.0505,524.448425,-0.304039,891.818909,29.405073,89.728783,29.438103,16454,False,True,55,133,False,
615,/kuka/axis_move/feedback_json,std_msgs/msg/String,2026-08-28T20:17:37.403741-04:00,1787962657,403713668,1787962657403713668,123.64435,,,,66963,66962,1,0,0,66963,AxisTarget,1,False,True,False,False,0.0332,-90.053398,89.850197,-0.1838,-0.033,0.0505,524.448425,-0.304039,891.818909,29.405073,89.728783,29.438103,16454,False,True,55,133,False,
616,/kuka/axis_move/feedback_json,std_msgs/msg/String,2026-08-28T20:17:37.527454-04:00,1787962657,527448520,1787962657527448520,123.734852,,,,66964,66963,1,0,0,66964,AxisTarget,1,False,True,False,False,0.0332,-90.053398,89.850197,-0.1838,-0.033,0.0505,524.448425,-0.304039,891.818909,29.405073,89.728783,29.438103,16454,False,True,55,133,False,
617,/kuka/axis_move/feedback_json,std_msgs/msg/String,2026-08-28T20:17:37.661639-04:00,1787962657,661618731,1787962657661618731,134.170211,,,,66965,66964,1,0,0,66965,AxisTarget,1,False,True,False,False,0.0332,-90.053398,89.850197,-0.1838,-0.033,0.0505,524.448425,-0.304039,891.818909,29.405073,89.728783,29.438103,16454,False,True,55,133,False,
618,/kuka/axis_move/feedback_json,std_msgs/msg/String,2026-08-28T20:17:37.787588-04:00,1787962657,787578393,1787962657787578393,125.959662,,,,66966,66965,1,0,0,66966,AxisTarget,1,False,True,False,False,0.0332,-90.053398,89.850197,-0.1838,-0.033,0.0505,524.448425,-0.304039,891.818909,29.405073,89.728783,29.438103,16454,False,True,55,133,False,
619,/kuka/axis_move/feedback_json,std_msgs/msg/String,2026-08-28T20:17:38.003834-04:00,1787962658,3816541,1787962658003816541,216.238148,,,,66967,66966,1,0,0,66967,AxisTarget,1,False,True,False,False,0.0332,-90.053398,89.850197,-0.1838,-0.033,0.0505,524.448425,-0.304039,891.818909,29.405073,89.728783,29.438103,16455,False,True,55,133,False,
620,/kuka/axis_move/feedback_json,std_msgs/msg/String,2026-08-28T20:17:38.129701-04:00,1787962658,129688994,1787962658129688994,125.872453,,,,66968,66967,1,0,0,66968,AxisTarget,1,False,True,False,False,0.0332,-90.053398,89.850197,-0.1838,-0.033,0.0505,524.448425,-0.304039,891.818909,29.405073,89.728783,29.438103,16455,False,True,55,133,False,
621,/kuka/axis_move/feedback_json,std_msgs/msg/String,2026-08-28T20:17:38.249714-04:00,1787962658,249704803,1787962658249704803,120.015809,,,,66969,66968,1,0,0,66969,AxisTarget,1,False,True,False,False,0.0332,-90.053398,89.850197,-0.1838,-0.033,0.0505,524.448425,-0.304039,891.818909,29.405073,89.728783,29.438103,16455,False,True,55,133,False,
622,/kuka/axis_move/feedback_json,std_msgs/msg/String,2026-08-28T20:17:38.375394-04:00,1787962658,375380723,1787962658375380723,125.67592,,,,66970,66969,1,0,0,66970,AxisTarget,1,False,True,False,False,0.0332,-90.053398,89.850197,-0.1838,-0.033,0.0505,524.448425,-0.304039,891.818909,29.405073,89.728783,29.438103,16455,False,True,55,133,False,
623,/kuka/axis_move/feedback_json,std_msgs/msg/String,2026-08-28T20:17:38.595687-04:00,1787962658,595663887,1787962658595663887,220.283164,,,,66971,66970,1,0,0,66971,AxisTarget,1,False,True,False,False,0.0332,-90.053398,89.850197,-0.1838,-0.033,0.0505,524.448425,-0.304039,891.818909,29.405073,89.728783,29.438103,16456,False,True,55,133,False,
624,/kuka/axis_move/feedback_json,std_msgs/msg/String,2026-08-28T20:17:38.720427-04:00,1787962658,720403066,1787962658720403066,124.739179,,,,66972,66971,1,0,0,66972,AxisTarget,1,False,True,False,False,0.0332,-90.053398,89.850197,-0.1838,-0.033,0.0505,524.448425,-0.304039,891.818909,29.405073,89.728783,29.438103,16456,False,True,55,133,False,
625,/kuka/axis_move/feedback_json,std_msgs/msg/String,2026-08-28T20:17:38.847081-04:00,1787962658,847057676,1787962658847057676,126.65461,,,,66973,66972,1,0,0,66973,AxisTarget,1,False,True,False,False,0.0332,-90.053398,89.850197,-0.1838,-0.033,0.0505,524.448425,-0.304039,891.818909,29.405073,89.728783,29.438103,16456,False,True,55,133,False,
626,/kuka/axis_move/feedback_json,std_msgs/msg/String,2026-08-28T20:17:38.967819-04:00,1787962658,967801559,1787962658967801559,120.743883,,,,66974,66973,1,0,0,66974,AxisTarget,1,False,True,False,False,0.0332,-90.053398,89.850197,-0.1838,-0.033,0.0505,524.448425,-0.304039,891.818909,29.405073,89.728783,29.438103,16456,False,True,55,133,False,
627,/kuka/axis_move/feedback_json,std_msgs/msg/String,2026-08-28T20:17:39.183338-04:00,1787962659,183314180,1787962659183314180,215.512621,,,,66975,66974,1,0,0,66975,AxisTarget,1,False,True,False,False,0.0332,-90.053398,89.850197,-0.1838,-0.033,0.0505,524.448425,-0.304039,891.818909,29.405073,89.728783,29.438103,16457,False,True,55,133,False,
628,/kuka/axis_move/feedback_json,std_msgs/msg/String,2026-08-28T20:17:39.311971-04:00,1787962659,311961586,1787962659311961586,128.647406,,,,66976,66975,1,0,0,66976,AxisTarget,1,False,True,False,False,0.0332,-90.053398,89.850197,-0.1838,-0.033,0.0505,524.448425,-0.304039,891.818909,29.405073,89.728783,29.438103,16457,False,True,55,133,False,
629,/kuka/axis_move/feedback_json,std_msgs/msg/String,2026-08-28T20:17:39.435488-04:00,1787962659,435478589,1787962659435478589,123.517003,,,,66977,66976,1,0,0,66977,AxisTarget,1,False,True,False,False,0.0332,-90.053398,89.850197,-0.1838,-0.033,0.0505,524.448425,-0.304039,891.818909,29.405073,89.728783,29.438103,16457,False,True,55,133,False,
630,/kuka/axis_move/feedback_json,std_msgs/msg/String,2026-08-28T20:17:39.559621-04:00,1787962659,559609840,1787962659559609840,124.131251,,,,66978,66977,1,0,0,66978,AxisTarget,1,False,True,False,False,0.0332,-90.053398,89.850197,-0.1838,-0.033,0.0505,524.448425,-0.304039,891.818909,29.405073,89.728783,29.438103,16457,False,True,55,133,False,
631,/kuka/axis_move/feedback_json,std_msgs/msg/String,2026-08-28T20:17:39.779914-04:00,1787962659,779896846,1787962659779896846,220.287006,,,,66979,66978,1,0,0,66979,AxisTarget,1,False,True,False,False,0.0332,-90.053398,89.850197,-0.1838,-0.033,0.0505,524.448425,-0.304039,891.818909,29.405073,89.728783,29.438103,16458,False,True,55,133,False,
632,/kuka/axis_move/feedback_json,std_msgs/msg/String,2026-08-28T20:17:39.903903-04:00,1787962659,903892980,1787962659903892980,123.996134,,,,66980,66979,1,0,0,66980,AxisTarget,1,False,True,False,False,0.0332,-90.053398,89.850197,-0.1838,-0.033,0.0505,524.448425,-0.304039,891.818909,29.405073,89.728783,29.438103,16458,False,True,55,133,False,
633,/kuka/axis_move/feedback_json,std_msgs/msg/String,2026-08-28T20:17:40.023976-04:00,1787962660,23944935,1787962660023944935,120.051955,,,,66981,66980,1,0,0,66981,AxisTarget,1,False,True,False,False,0.0332,-90.053398,89.850197,-0.1838,-0.033,0.0505,524.448425,-0.304039,891.818909,29.405073,89.728783,29.438103,16458,False,True,55,133,False,
634,/kuka/axis_move/feedback_json,std_msgs/msg/String,2026-08-28T20:17:40.148184-04:00,1787962660,148167466,1787962660148167466,124.222531,,,,66982,66981,1,0,0,66982,AxisTarget,1,False,True,False,False,0.0332,-90.053398,89.850197,-0.1838,-0.033,0.0505,524.448425,-0.304039,891.818909,29.405073,89.728783,29.438103,16458,False,True,55,133,False,
635,/kuka/axis_move/feedback_json,std_msgs/msg/String,2026-08-28T20:17:40.362361-04:00,1787962660,362344202,1787962660362344202,214.176736,,,,66983,66982,1,0,0,66983,AxisTarget,1,False,True,False,False,0.0332,-90.053398,89.850197,-0.1838,-0.033,0.0505,524.448425,-0.304039,891.818909,29.405073,89.728783,29.438103,16459,False,True,55,133,False,
636,/kuka/axis_move/feedback_json,std_msgs/msg/String,2026-08-28T20:17:40.487768-04:00,1787962660,487757878,1787962660487757878,125.413676,,,,66984,66983,1,0,0,66984,AxisTarget,1,False,True,False,False,0.0332,-90.053398,89.850197,-0.1838,-0.033,0.0505,524.448425,-0.304039,891.818909,29.405073,89.728783,29.438103,16459,False,True,55,133,False,
637,/kuka/axis_move/feedback_json,std_msgs/msg/String,2026-08-28T20:17:40.611424-04:00,1787962660,611419403,1787962660611419403,123.661525,,,,66985,66984,1,0,0,66985,AxisTarget,1,False,True,False,False,0.0332,-90.053398,89.850197,-0.1838,-0.033,0.0505,524.448425,-0.304039,891.818909,29.405073,89.728783,29.438103,16459,False,True,55,133,False,
638,/kuka/axis_move/feedback_json,std_msgs/msg/String,2026-08-28T20:17:40.740259-04:00,1787962660,740254224,1787962660740254224,128.834821,,,,66986,66985,1,0,0,66986,AxisTarget,1,False,True,False,False,0.0332,-90.053398,89.850197,-0.1838,-0.033,0.0505,524.448425,-0.304039,891.818909,29.405073,89.728783,29.438103,16459,False,True,55,133,False,
