receive_index,topic_name,message_type,receive_wall_time_iso8601,receive_ros_time_sec,receive_ros_time_nanosec,receive_ros_time_ns,delta_receive_ms,source_stamp_sec,source_stamp_nanosec,source_stamp_ns,sequence,prev_sequence,delta_seq,sequence_gap,estimated_missing,seq,mode,status,move_ready,limits_ok,delta_ok,move_executed,axis_actual.A1,axis_actual.A2,axis_actual.A3,axis_actual.A4,axis_actual.A5,axis_actual.A6,position_actual.X,position_actual.Y,position_actual.Z,position_actual.A,position_actual.B,position_actual.C,rx_counter,bridge_safe_mode,bridge_allow_motion,batch_seq,batch_consumed,batch_active,unmapped_json
1,/kuka/axis_move/feedback_json,std_msgs/msg/String,2026-08-27T21:22:12.232898-04:00,1787880132,232892388,1787880132232892388,,,,,1108,,,0,0,1108,AxisTarget,1,True,True,True,False,1.0,-90.0,90.0,-0.0049,-0.0039,0.0,524.920044,-9.162514,890.005432,50.483074,89.993736,51.483074,40,False,True,0,0,False,
2,/kuka/axis_move/feedback_json,std_msgs/msg/String,2026-08-27T21:22:12.359885-04:00,1787880132,359878809,1787880132359878809,126.986421,,,,1109,1108,1,0,0,1109,AxisTarget,1,True,True,True,False,1.0,-90.0,90.0,-0.0049,-0.0039,0.0,524.920044,-9.162514,890.005432,50.483074,89.993736,51.483074,40,False,True,0,0,False,
3,/kuka/axis_move/feedback_json,std_msgs/msg/String,2026-08-27T21:22:12.486814-04:00,1787880132,486806777,1787880132486806777,126.927968,,,,1110,1109,1,0,0,1110,AxisTarget,1,True,True,True,False,1.0,-90.0,90.0,-0.0049,-0.0039,0.0,524.920044,-9.162514,890.005432,50.483074,89.993736,51.483074,40,False,True,0,0,False,
4,/kuka/axis_move/feedback_json,std_msgs/msg/String,2026-08-27T21:22:12.711240-04:00,1787880132,711229095,1787880132711229095,224.422318,,,,1111,1110,1,0,0,1111,AxisTarget,1,True,True,True,False,1.0,-90.0,90.0,-0.0049,-0.0039,0.0,524.920044,-9.162514,890.005432,50.483074,89.993736,51.483074,41,False,True,0,0,False,
5,/kuka/axis_move/feedback_json,std_msgs/msg/String,2026-08-27T21:22:12.839574-04:00,1787880132,839551376,1787880132839551376,128.322281,,,,1112,1111,1,0,0,1112,AxisTarget,1,True,True,True,False,1.0,-90.0,90.0,-0.0049,-0.0039,0.0,524.920044,-9.162514,890.005432,50.483074,89.993736,51.483074,41,False,True,0,0,False,
6,/kuka/axis_move/feedback_json,std_msgs/msg/String,2026-08-27T21:22:12.969904-04:00,1787880132,969892954,1787880132969892954,130.341578,,,,1113,1112,1,0,0,1113,AxisTarget,1,True,True,True,False,1.0,-90.0,90.0,-0.0049,-0.0039,0.0,524.920044,-9.162514,890.005432,50.483074,89.993736,51.483074,41,False,True,0,0,False,
7,/kuka/axis_move/feedback_json,std_msgs/msg/String,2026-08-27T21:22:13.093718-04:00,1787880133,93696259,1787880133093696259,123.803305,,,,1114,1113,1,0,0,1114,AxisTarget,1,True,True,True,False,1.0,-90.0,90.0,-0.0049,-0.0039,0.0,524.920044,-9.162514,890.005432,50.483074,89.993736,51.483074,41,False,True,0,0,False,
8,/kuka/axis_move/feedback_json,std_msgs/msg/String,2026-08-27T21:22:13.311947-04:00,1787880133,311919110,1787880133311919110,218.222851,,,,1115,1114,1,0,0,1115,AxisTarget,1,True,True,True,False,1.0,-90.0,90.0,-0.0049,-0.0039,0.0,524.920044,-9.162514,890.005432,50.483074,89.993736,51.483074,42,False,True,0,0,False,
9,/kuka/axis_move/feedback_json,std_msgs/msg/String,2026-08-27T21:22:13.437869-04:00,1787880133,437847009,1787880133437847009,125.927899,,,,1116,1115,1,0,0,1116,AxisTarget,1,True,True,True,False,1.0,-90.0,90.0,-0.0049,-0.0039,0.0,524.920044,-9.162514,890.005432,50.483074,89.993736,51.483074,42,False,True,0,0,False,
10,/kuka/axis_move/feedback_json,std_msgs/msg/String,2026-08-27T21:22:13.567478-04:00,1787880133,567472833,1787880133567472833,129.625824,,,,1117,1116,1,0,0,1117,AxisTarget,1,True,True,True,False,1.0,-90.0,90.0,-0.0049,-0.0039,0.0,524.920044,-9.162514,890.005432,50.483074,89.993736,51.483074,42,False,True,0,0,False,
11,/kuka/axis_move/feedback_json,std_msgs/msg/String,2026-08-27T21:22:13.692263-04:00,1787880133,692245269,1787880133692245269,124.772436,,,,1118,1117,1,0,0,1118,AxisTarget,1,True,True,True,False,1.0,-90.0,90.0,-0.0049,-0.0039,0.0,524.920044,-9.162514,890.005432,50.483074,89.993736,51.483074,42,False,True,0,0,False,
12,/kuka/axis_move/feedback_json,std_msgs/msg/String,2026-08-27T21:22:13.911995-04:00,1787880133,911964640,1787880133911964640,219.719371,,,,1119,1118,1,0,0,1119,AxisTarget,1,True,True,True,False,1.0,-90.0,90.0,-0.0049,-0.0039,0.0,524.920044,-9.162514,890.005432,50.483074,89.993736,51.483074,43,False,True,0,0,False,
13,/kuka/axis_move/feedback_json,std_msgs/msg/String,2026-08-27T21:22:14.044215-04:00,1787880134,44203327,1787880134044203327,132.238687,,,,1120,1119,1,0,0,1120,AxisTarget,1,True,True,True,False,1.0,-90.0,90.0,-0.0049,-0.0039,0.0,524.920044,-9.162514,890.005432,50.483074,89.993736,51.483074,43,False,True,0,0,False,
14,/kuka/axis_move/feedback_json,std_msgs/msg/String,2026-08-27T21:22:14.168071-04:00,1787880134,168049926,1787880134168049926,123.846599,,,,1121,1120,1,0,0,1121,AxisTarget,1,True,True,True,False,1.0,-90.0,90.0,-0.0049,-0.0039,0.0,524.920044,-9.162514,890.005432,50.483074,89.993736,51.483074,43,False,True,0,0,False,
15,/kuka/axis_move/feedback_json,std_msgs/msg/String,2026-08-27T21:22:14.291911-04:00,1787880134,291888471,1787880134291888471,123.838545,,,,1122,1121,1,0,0,1122,AxisTarget,1,True,True,True,False,1.0,-90.0,90.0,-0.0049,-0.0039,0.0,524.920044,-9.162514,890.005432,50.483074,89.993736,51.483074,43,False,True,0,0,False,
16,/kuka/axis_move/feedback_json,std_msgs/msg/String,2026-08-27T21:22:14.514016-04:00,1787880134,513993827,1787880134513993827,222.105356,,,,1123,1122,1,0,0,1123,AxisTarget,1,True,True,True,False,1.0,-90.0,90.0,-0.0049,-0.0039,0.0,524.920044,-9.162514,890.005432,50.483074,89.993736,51.483074,44,False,True,0,0,False,
17,/kuka/axis_move/feedback_json,std_msgs/msg/String,2026-08-27T21:22:14.639888-04:00,1787880134,639865151,1787880134639865151,125.871324,,,,1124,1123,1,0,0,1124,AxisTarget,1,True,True,True,False,1.0,-90.0,90.0,-0.0049,-0.0039,0.0,524.920044,-9.162514,890.005432,50.483074,89.993736,51.483074,44,False,True,0,0,False,
18,/kuka/axis_move/feedback_json,std_msgs/msg/String,2026-08-27T21:22:14.767797-04:00,1787880134,767775059,1787880134767775059,127.909908,,,,1125,1124,1,0,0,1125,AxisTarget,1,True,True,True,False,1.0,-90.0,90.0,-0.0049,-0.0039,0.0,524.920044,-9.162514,890.005432,50.483074,89.993736,51.483074,44,False,True,0,0,False,
19,/kuka/axis_move/feedback_json,std_msgs/msg/String,2026-08-27T21:22:14.895956-04:00,1787880134,895927863,1787880134895927863,128.152804,,,,1126,1125,1,0,0,1126,AxisTarget,1,True,True,True,False,1.0,-90.0,90.0,-0.0049,-0.0039,0.0,524.920044,-9.162514,890.005432,50.483074,89.993736,51.483074,44,False,True,0,0,False,
20,/kuka/axis_move/feedback_json,std_msgs/msg/String,2026-08-27T21:22:15.119997-04:00,1787880135,119968890,1787880135119968890,224.041027,,,,1127,1126,1,0,0,1127,AxisTarget,1,True,True,True,False,1.0,-90.0,90.0,-0.0049,-0.0039,0.0,524.920044,-9.162514,890.005432,50.483074,89.993736,51.483074,45,False,True,0,0,False,
21,/kuka/axis_move/feedback_json,std_msgs/msg/String,2026-08-27T21:22:15.247609-04:00,1787880135,247586350,1787880135247586350,127.61746,,,,1128,1127,1,0,0,1128,AxisTarget,1,True,True,True,False,1.0,-90.0,90.0,-0.0049,-0.0039,0.0,524.920044,-9.162514,890.005432,50.483074,89.993736,51.483074,45,False,True,0,0,False,
22,/kuka/axis_move/feedback_json,std_msgs/msg/String,2026-08-27T21:22:15.376122-04:00,1787880135,376110454,1787880135376110454,128.524104,,,,1129,1128,1,0,0,1129,AxisTarget,1,True,True,True,False,1.0,-90.0,90.0,-0.0049,-0.0039,0.0,524.920044,-9.162514,890.005432,50.483074,89.993736,51.483074,45,False,True,0,0,False,
23,/kuka/axis_move/feedback_json,std_msgs/msg/String,2026-08-27T21:22:15.501635-04:00,1787880135,501611932,1787880135501611932,125.501478,,,,1130,1129,1,0,0,1130,AxisTarget,1,True,True,True,False,1.0,-90.0,90.0,-0.0049,-0.0039,0.0,524.920044,-9.162514,890.005432,50.483074,89.993736,51.483074,45,False,True,0,0,False,
24,/kuka/axis_move/feedback_json,std_msgs/msg/String,2026-08-27T21:22:15.726273-04:00,1787880135,726261587,1787880135726261587,224.649655,,,,1131,1130,1,0,0,1131,AxisTarget,1,True,True,True,False,1.0,-90.0,90.0,-0.0049,-0.0039,0.0,524.920044,-9.162514,890.005432,50.483074,89.993736,51.483074,46,False,True,0,0,False,
25,/kuka/axis_move/feedback_json,std_msgs/msg/String,2026-08-27T21:22:15.850994-04:00,1787880135,850965401,1787880135850965401,124.703814,,,,1132,1131,1,0,0,1132,AxisTarget,1,True,True,True,False,1.0,-90.0,90.0,-0.0049,-0.0039,0.0,524.920044,-9.162514,890.005432,50.483074,89.993736,51.483074,46,False,True,0,0,False,
26,/kuka/axis_move/feedback_json,std_msgs/msg/String,2026-08-27T21:22:15.981919-04:00,1787880135,981891537,1787880135981891537,130.926136,,,,1133,1132,1,0,0,1133,AxisTarget,1,True,True,True,False,1.0,-90.0,90.0,-0.0049,-0.0039,0.0,524.920044,-9.162514,890.005432,50.483074,89.993736,51.483074,46,False,True,0,0,False,
27,/kuka/axis_move/feedback_json,std_msgs/msg/String,2026-08-27T21:22:16.109911-04:00,1787880136,109886690,1787880136109886690,127.995153,,,,1134,1133,1,0,0,1134,AxisTarget,1,True,True,True,False,1.0,-90.0,90.0,-0.0049,-0.0039,0.0,524.920044,-9.162514,890.005432,50.483074,89.993736,51.483074,46,False,True,0,0,False,
28,/kuka/axis_move/feedback_json,std_msgs/msg/String,2026-08-27T21:22:16.335641-04:00,1787880136,335612838,1787880136335612838,225.726148,,,,1135,1134,1,0,0,1135,AxisTarget,1,True,True,True,False,1.0,-90.0,90.0,-0.0049,-0.0039,0.0,524.920044,-9.162514,890.005432,50.483074,89.993736,51.483074,47,False,True,0,0,False,
29,/kuka/axis_move/feedback_json,std_msgs/msg/String,2026-08-27T21:22:16.468036-04:00,1787880136,468007493,1787880136468007493,132.394655,,,,1136,1135,1,0,0,1136,AxisTarget,1,False,True,True,True,1.0,-90.0,90.0,-0.0049,-0.0039,0.0,524.920044,-9.162514,890.005432,50.483074,89.993736,51.483074,47,False,True,0,0,False,
30,/kuka/axis_move/feedback_json,std_msgs/msg/String,2026-08-27T21:22:16.596355-04:00,1787880136,596326808,1787880136596326808,128.319315,,,,1137,1136,1,0,0,1137,AxisTarget,1,False,True,True,False,1.0,-90.0,90.0,-0.0049,-0.0039,0.0,524.920044,-9.162514,890.005432,50.483074,89.993736,51.483074,47,False,True,0,0,False,
31,/kuka/axis_move/feedback_json,std_msgs/msg/String,2026-08-27T21:22:16.722236-04:00,1787880136,722197612,1787880136722197612,125.870804,,,,1138,1137,1,0,0,1138,AxisTarget,1,False,True,True,False,1.0,-90.0,90.0,-0.0049,-0.0039,0.0,524.920044,-9.162514,890.005432,50.483074,89.993736,51.483074,47,False,True,0,0,False,
32,/kuka/axis_move/feedback_json,std_msgs/msg/String,2026-08-27T21:22:16.943708-04:00,1787880136,943697912,1787880136943697912,221.5003,,,,1139,1138,1,0,0,1139,AxisTarget,1,False,True,True,False,1.0,-90.0,90.0,-0.0049,-0.0039,0.0,524.920044,-9.162514,890.005432,50.483074,89.993736,51.483074,48,False,True,0,0,False,
33,/kuka/axis_move/feedback_json,std_msgs/msg/String,2026-08-27T21:22:17.068433-04:00,1787880137,68409989,1787880137068409989,124.712077,,,,1140,1139,1,0,0,1140,AxisTarget,1,False,True,True,False,1.0,-90.0,90.0,-0.0049,-0.0039,0.0,524.920044,-9.162514,890.005432,50.483074,89.993736,51.483074,48,False,True,0,0,False,
34,/kuka/axis_move/feedback_json,std_msgs/msg/String,2026-08-27T21:22:17.195665-04:00,1787880137,195642307,1787880137195642307,127.232318,,,,1141,1140,1,0,0,1141,AxisTarget,1,False,True,True,False,1.0,-90.0,90.0,-0.0049,-0.0039,0.0,524.920044,-9.162514,890.005432,50.483074,89.993736,51.483074,48,False,True,0,0,False,
35,/kuka/axis_move/feedback_json,std_msgs/msg/String,2026-08-27T21:22:17.321757-04:00,1787880137,321746236,1787880137321746236,126.103929,,,,1142,1141,1,0,0,1142,AxisTarget,1,False,True,True,False,1.0,-90.0,90.0,-0.0049,-0.0039,0.0,524.920044,-9.162514,890.005432,50.483074,89.993736,51.483074,48,False,True,0,0,False,
36,/kuka/axis_move/feedback_json,std_msgs/msg/String,2026-08-27T21:22:17.539915-04:00,1787880137,539904750,1787880137539904750,218.158514,,,,1143,1142,1,0,0,1143,AxisTarget,1,False,True,True,False,1.0,-90.0,90.0,-0.0049,-0.0039,0.0,524.920044,-9.162514,890.005432,50.483074,89.993736,51.483074,49,False,True,0,0,False,
37,/kuka/axis_move/feedback_json,std_msgs/msg/String,2026-08-27T21:22:17.664214-04:00,1787880137,664208675,1787880137664208675,124.303925,,,,1144,1143,1,0,0,1144,AxisTarget,1,False,True,True,False,1.0,-90.0,90.0,-0.0049,-0.0039,0.0,524.920044,-9.162514,890.005432,50.483074,89.993736,51.483074,49,False,True,0,0,False,
38,/kuka/axis_move/feedback_json,std_msgs/msg/String,2026-08-27T21:22:17.787838-04:00,1787880137,787815630,1787880137787815630,123.606955,,,,1145,1144,1,0,0,1145,AxisTarget,1,False,True,True,False,1.0,-90.0,90.0,-0.0049,-0.0039,0.0,524.920044,-9.162514,890.005432,50.483074,89.993736,51.483074,49,False,True,0,0,False,
39,/kuka/axis_move/feedback_json,std_msgs/msg/String,2026-08-27T21:22:17.911733-04:00,1787880137,911727160,1787880137911727160,123.91153,,,,1146,1145,1,0,0,1146,AxisTarget,1,False,True,True,False,1.0,-90.0,90.0,-0.0049,-0.0039,0.0,524.920044,-9.162514,890.005432,50.483074,89.993736,51.483074,49,False,True,0,0,False,
40,/kuka/axis_move/feedback_json,std_msgs/msg/String,2026-08-27T21:22:18.135108-04:00,1787880138,135083929,1787880138135083929,223.356769,,,,1147,1146,1,0,0,1147,AxisTarget,1,False,True,True,False,1.0,-90.0,90.0,-0.0049,-0.0039,0.0,524.920044,-9.162514,890.005432,50.483074,89.993736,51.483074,50,False,True,0,0,False,
41,/kuka/axis_move/feedback_json,std_msgs/msg/String,2026-08-27T21:22:18.260228-04:00,1787880138,260208980,1787880138260208980,125.125051,,,,1148,1147,1,0,0,1148,AxisTarget,1,False,True,True,False,1.0,-90.0,90.0,-0.0049,-0.0039,0.0,524.920044,-9.162514,890.005432,50.483074,89.993736,51.483074,50,False,True,0,0,False,
42,/kuka/axis_move/feedback_json,std_msgs/msg/String,2026-08-27T21:22:18.384064-04:00,1787880138,384051323,1787880138384051323,123.842343,,,,1149,1148,1,0,0,1149,AxisTarget,1,False,True,True,False,1.0,-90.0,90.0,-0.0049,-0.0039,0.0,524.920044,-9.162514,890.005432,50.483074,89.993736,51.483074,50,False,True,0,0,False,
43,/kuka/axis_move/feedback_json,std_msgs/msg/String,2026-08-27T21:22:18.509837-04:00,1787880138,509806485,1787880138509806485,125.755162,,,,1150,1149,1,0,0,1150,AxisTarget,1,False,True,True,False,1.0,-90.0,90.0,-0.0049,-0.0039,0.0,524.920044,-9.162514,890.005432,50.483074,89.993736,51.483074,50,False,True,0,0,False,
44,/kuka/axis_move/feedback_json,std_msgs/msg/String,2026-08-27T21:22:18.725528-04:00,1787880138,725521824,1787880138725521824,215.715339,,,,1151,1150,1,0,0,1151,AxisTarget,1,False,True,True,False,1.0,-90.0,90.0,-0.0049,-0.0039,0.0,524.920044,-9.162514,890.005432,50.483074,89.993736,51.483074,51,False,True,0,0,False,
45,/kuka/axis_move/feedback_json,std_msgs/msg/String,2026-08-27T21:22:18.848439-04:00,1787880138,848434689,1787880138848434689,122.912865,,,,1152,1151,1,0,0,1152,AxisTarget,1,False,True,True,False,1.0,-90.0,90.0,-0.0049,-0.0039,0.0,524.920044,-9.162514,890.005432,50.483074,89.993736,51.483074,51,False,True,0,0,False,
46,/kuka/axis_move/feedback_json,std_msgs/msg/String,2026-08-27T21:22:18.978290-04:00,1787880138,978281913,1787880138978281913,129.847224,,,,1153,1152,1,0,0,1153,AxisTarget,1,False,True,True,False,1.0,-90.0,90.0,-0.0049,-0.0039,0.0,524.920044,-9.162514,890.005432,50.483074,89.993736,51.483074,51,False,True,0,0,False,
47,/kuka/axis_move/feedback_json,std_msgs/msg/String,2026-08-27T21:22:19.101940-04:00,1787880139,101928457,1787880139101928457,123.646544,,,,1154,1153,1,0,0,1154,AxisTarget,1,False,True,True,False,1.0,-90.0,90.0,-0.0049,-0.0039,0.0,524.920044,-9.162514,890.005432,50.483074,89.993736,51.483074,51,False,True,0,0,False,
48,/kuka/axis_move/feedback_json,std_msgs/msg/String,2026-08-27T21:22:19.328503-04:00,1787880139,328497237,1787880139328497237,226.56878,,,,1155,1154,1,0,0,1155,AxisTarget,1,False,True,True,False,1.0,-90.0,90.0,-0.0049,-0.0039,0.0,524.920044,-9.162514,890.005432,50.483074,89.993736,51.483074,52,False,True,0,0,False,
49,/kuka/axis_move/feedback_json,std_msgs/msg/String,2026-08-27T21:22:19.455895-04:00,1787880139,455866629,1787880139455866629,127.369392,,,,1156,1155,1,0,0,1156,AxisTarget,1,False,True,True,False,1.0,-90.0,90.0,-0.0049,-0.0039,0.0,524.920044,-9.162514,890.005432,50.483074,89.993736,51.483074,52,False,True,0,0,False,
50,/kuka/axis_move/feedback_json,std_msgs/msg/String,2026-08-27T21:22:19.584506-04:00,1787880139,584495235,1787880139584495235,128.628606,,,,1157,1156,1,0,0,1157,AxisTarget,1,False,True,True,False,1.0,-90.0,90.0,-0.0049,-0.0039,0.0,524.920044,-9.162514,890.005432,50.483074,89.993736,51.483074,52,False,True,0,0,False,
51,/kuka/axis_move/feedback_json,std_msgs/msg/String,2026-08-27T21:22:19.709285-04:00,1787880139,709262041,1787880139709262041,124.766806,,,,1158,1157,1,0,0,1158,AxisTarget,1,False,True,True,False,1.0,-90.0,90.0,-0.0049,-0.0039,0.0,524.920044,-9.162514,890.005432,50.483074,89.993736,51.483074,52,False,True,0,0,False,
52,/kuka/axis_move/feedback_json,std_msgs/msg/String,2026-08-27T21:22:19.927257-04:00,1787880139,927240468,1787880139927240468,217.978427,,,,1159,1158,1,0,0,1159,AxisTarget,1,False,True,True,False,1.0,-90.0,90.0,-0.0049,-0.0039,0.0,524.920044,-9.162514,890.005432,50.483074,89.993736,51.483074,53,False,True,0,0,False,
53,/kuka/axis_move/feedback_json,std_msgs/msg/String,2026-08-27T21:22:20.700657-04:00,1787880140,700646509,1787880140700646509,773.406041,,,,1160,1159,1,0,0,1160,AxisTarget,1,True,True,True,False,1.0,-90.0,90.0,-0.0049,-0.0039,0.0,524.920044,-9.162514,890.005432,50.483074,89.993736,51.483074,54,False,True,1,3,True,
54,/kuka/axis_move/feedback_json,std_msgs/msg/String,2026-08-27T21:22:21.475849-04:00,1787880141,475827189,1787880141475827189,775.18068,,,,1161,1160,1,0,0,1161,AxisTarget,1,True,True,True,True,-0.008065,-90.000664,89.993752,-0.002207,3.814731,-0.007603,524.839172,0.072166,885.124512,179.856018,86.471443,179.848297,55,False,True,1,8,True,
55,/kuka/axis_move/feedback_json,std_msgs/msg/String,2026-08-27T21:22:21.604832-04:00,1787880141,604815817,1787880141604815817,128.988628,,,,1162,1161,1,0,0,1162,AxisTarget,1,True,True,True,False,-0.011289,-90.000908,89.991325,-0.001159,5.259371,-0.010408,524.686523,0.101648,883.136292,179.883041,85.029472,179.87233,55,False,True,1,9,True,
56,/kuka/axis_move/feedback_json,std_msgs/msg/String,2026-08-27T21:22:21.735479-04:00,1787880141,735456270,1787880141735456270,130.640453,,,,1163,1162,1,0,0,1163,AxisTarget,1,True,True,True,True,-0.014691,-90.001198,89.988754,-8.1e-05,6.797215,-0.013394,524.475586,0.131689,881.088745,179.899307,83.541,179.88562,55,False,True,1,9,True,
57,/kuka/axis_move/feedback_json,std_msgs/msg/String,2026-08-27T21:22:21.865593-04:00,1787880141,865586954,1787880141865586954,130.130684,,,,1164,1163,1,0,0,1164,AxisTarget,1,True,True,True,False,-0.017984,-90.001457,89.986198,0.001013,8.31484,-0.01636,524.202698,0.162542,878.987488,179.910904,82.008965,179.894287,55,False,True,1,10,True,
58,/kuka/axis_move/feedback_json,std_msgs/msg/String,2026-08-27T21:22:21.994665-04:00,1787880141,994659493,1787880141994659493,129.072539,,,,1165,1164,1,0,0,1165,AxisTarget,1,True,True,True,True,-0.021159,-90.001686,89.983856,0.002027,9.711576,-0.019116,523.89856,0.191152,877.042175,179.91922,80.585503,179.899948,55,False,True,1,10,True,
59,/kuka/axis_move/feedback_json,std_msgs/msg/String,2026-08-27T21:22:22.556797-04:00,1787880142,556792230,1787880142556792230,562.132737,,,,1166,1165,1,0,0,1166,AxisTarget,1,True,True,True,True,-0.035729,-90.002876,89.972923,0.006675,16.248377,-0.031959,521.901367,0.320151,868.309631,179.944107,74.107346,179.913956,56,False,True,2,12,True,
60,/kuka/axis_move/feedback_json,std_msgs/msg/String,2026-08-27T21:22:23.122646-04:00,1787880143,122635379,1787880143122635379,565.843149,,,,1167,1166,1,0,0,1167,AxisTarget,1,True,True,True,True,-0.050317,-90.004066,89.961899,0.011425,22.830057,-0.044851,518.872803,0.446872,859.740234,179.96167,67.537872,179.922653,57,False,True,2,14,True,
61,/kuka/axis_move/feedback_json,std_msgs/msg/String,2026-08-27T21:22:23.248547-04:00,1787880143,248535176,1787880143248535176,125.899797,,,,1168,1167,1,0,0,1168,AxisTarget,1,True,True,True,False,-0.053548,-90.004326,89.959457,0.012476,24.285772,-0.047702,518.067261,0.474483,857.888672,179.965042,66.07972,179.924362,57,False,True,2,14,True,
62,/kuka/axis_move/feedback_json,std_msgs/msg/String,2026-08-27T21:22:23.376079-04:00,1787880143,376057935,1787880143376057935,127.522759,,,,1169,1168,1,0,0,1169,AxisTarget,1,True,True,True,False,-0.056754,-90.004585,89.957039,0.013518,25.730288,-0.050532,517.19928,0.502423,856.026917,179.968338,64.596512,179.926056,57,False,True,2,14,True,
63,/kuka/axis_move/feedback_json,std_msgs/msg/String,2026-08-27T21:22:23.501966-04:00,1787880143,501942804,1787880143501942804,125.884869,,,,1170,1169,1,0,0,1170,AxisTarget,1,True,True,True,False,-0.060084,-90.00486,89.954544,0.014591,27.214161,-0.053433,516.309143,0.529545,854.239136,179.971451,63.154716,179.927704,57,False,True,2,15,True,
64,/kuka/axis_move/feedback_json,std_msgs/msg/String,2026-08-27T21:22:23.626421-04:00,1787880143,626404376,1787880143626404376,124.461572,,,,1171,1170,1,0,0,1171,AxisTarget,1,True,True,True,True,-0.063102,-90.005104,89.952286,0.015565,28.566622,-0.056087,515.40863,0.555572,852.538086,179.97435,61.765396,179.929291,57,False,True,2,15,True,
65,/kuka/axis_move/feedback_json,std_msgs/msg/String,2026-08-27T21:22:23.753564-04:00,1787880143,753555279,1787880143753555279,127.150903,,,,1172,1171,1,0,0,1172,AxisTarget,1,True,True,True,False,-0.066432,-90.005371,89.949783,0.016641,30.057865,-0.059008,514.430176,0.582281,850.796143,179.977249,60.323483,179.930939,57,False,True,2,15,True,
66,/kuka/axis_move/feedback_json,std_msgs/msg/String,2026-08-27T21:22:23.883352-04:00,1787880143,883322063,1787880143883322063,129.766784,,,,1173,1172,1,0,0,1173,AxisTarget,1,True,True,True,True,-0.06964,-90.00563,89.947365,0.017717,31.549107,-0.061929,513.374023,0.609449,849.024292,179.980118,58.835007,179.932648,57,False,True,2,16,True,
67,/kuka/axis_move/feedback_json,std_msgs/msg/String,2026-08-27T21:22:24.008577-04:00,1787880144,8565478,1787880144008565478,125.243415,,,,1174,1173,1,0,0,1174,AxisTarget,1,True,True,True,False,-0.072945,-90.005898,89.94487,0.01876,32.993748,-0.064764,512.271606,0.636314,847.280334,179.98288,57.346531,179.934402,57,False,True,2,16,True,
68,/kuka/axis_move/feedback_json,std_msgs/msg/String,2026-08-27T21:22:24.136724-04:00,1787880144,136706861,1787880144136706861,128.141383,,,,1175,1174,1,0,0,1175,AxisTarget,1,True,True,True,False,-0.07625,-90.006165,89.942368,0.019836,34.484985,-0.06771,511.123779,0.662935,845.565552,179.985535,55.858055,179.936142,57,False,True,2,17,True,
69,/kuka/axis_move/feedback_json,std_msgs/msg/String,2026-08-27T21:22:24.260444-04:00,1787880144,260433195,1787880144260433195,123.726334,,,,1176,1175,1,0,0,1176,AxisTarget,1,True,True,True,True,-0.079354,-90.006416,89.940033,0.020842,35.878208,-0.070472,509.999756,0.687825,843.975342,179.98793,54.453609,179.93782,57,False,True,2,17,True,
70,/kuka/axis_move/feedback_json,std_msgs/msg/String,2026-08-27T21:22:24.388485-04:00,1787880144,388479837,1787880144388479837,128.046642,,,,1177,1176,1,0,0,1177,AxisTarget,1,True,True,True,False,-0.082537,-90.006676,89.937531,0.021907,37.367889,-0.073419,508.817963,0.712882,842.388733,179.990295,53.027027,179.939545,57,False,True,2,17,True,
71,/kuka/axis_move/feedback_json,std_msgs/msg/String,2026-08-27T21:22:24.514589-04:00,1787880144,514578002,1787880144514578002,126.098165,,,,1178,1177,1,0,0,1178,AxisTarget,1,True,True,True,True,-0.085842,-90.00695,89.935081,0.022921,38.812531,-0.076257,507.542664,0.738792,840.765259,179.992691,51.538578,179.941391,57,False,True,2,18,True,
72,/kuka/axis_move/feedback_json,std_msgs/msg/String,2026-08-27T21:22:24.641471-04:00,1787880144,641464273,1787880144641464273,126.886271,,,,1179,1178,1,0,0,1179,AxisTarget,1,True,True,True,False,-0.089148,-90.007217,89.932549,0.023961,40.303772,-0.079178,506.266907,0.763655,839.22467,179.994934,50.096657,179.943237,57,False,True,2,18,True,
73,/kuka/axis_move/feedback_json,std_msgs/msg/String,2026-08-27T21:22:24.766030-04:00,1787880144,766013790,1787880144766013790,124.549517,,,,1180,1179,1,0,0,1180,AxisTarget,1,True,True,True,False,-0.09235,-90.007477,89.930107,0.024982,41.748413,-0.082007,504.909241,0.789052,837.668335,179.997208,48.608208,179.945206,57,False,True,2,19,True,
74,/kuka/axis_move/feedback_json,std_msgs/msg/String,2026-08-27T21:22:24.892710-04:00,1787880144,892699255,1787880144892699255,126.685465,,,,1181,1180,1,0,0,1181,AxisTarget,1,True,True,True,True,-0.095655,-90.007751,89.927605,0.026054,43.239655,-0.084928,503.555359,0.813384,836.194519,179.999344,47.166256,179.947205,57,False,True,2,19,True,
75,/kuka/axis_move/feedback_json,std_msgs/msg/String,2026-08-27T21:22:25.020333-04:00,1787880145,20322349,1787880145020322349,127.623094,,,,1182,1181,1,0,0,1182,AxisTarget,1,True,True,True,False,-0.098861,-90.008011,89.925186,0.027096,44.684296,-0.087758,502.118835,0.838257,834.709229,-179.998505,45.677784,179.949341,57,False,True,2,19,True,
76,/kuka/axis_move/feedback_json,std_msgs/msg/String,2026-08-27T21:22:25.148801-04:00,1787880145,148789725,1787880145148789725,128.467376,,,,1183,1182,1,0,0,1183,AxisTarget,1,True,True,True,False,-0.102188,-90.008278,89.922684,0.028172,46.175529,-0.090679,500.690369,0.862237,833.306335,-179.996475,44.235825,179.951462,57,False,True,2,20,True,
77,/kuka/axis_move/feedback_json,std_msgs/msg/String,2026-08-27T21:22:25.276577-04:00,1787880145,276569399,1787880145276569399,127.779674,,,,1184,1183,1,0,0,1184,AxisTarget,1,True,True,True,True,-0.10532,-90.00853,89.920349,0.029178,47.567955,-0.093406,499.221222,0.886176,831.934875,-179.994507,42.788673,179.953644,57,False,True,2,20,True,
78,/kuka/axis_move/feedback_json,std_msgs/msg/String,2026-08-27T21:22:25.405180-04:00,1787880145,405163239,1787880145405163239,128.59384,,,,1185,1184,1,0,0,1185,AxisTarget,1,True,True,True,False,-0.108642,-90.008797,89.917854,0.030286,49.10498,-0.096417,497.686218,0.910292,830.573853,-179.992569,41.311821,179.955948,57,False,True,2,20,True,
79,/kuka/axis_move/feedback_json,std_msgs/msg/String,2026-08-27T21:22:25.532067-04:00,1787880145,532050356,1787880145532050356,126.887117,,,,1186,1185,1,0,0,1186,AxisTarget,1,True,True,True,True,-0.111957,-90.009064,89.915359,0.031329,50.549622,-0.099247,496.103577,0.934149,829.242554,-179.990707,39.823349,179.958344,57,False,True,2,21,True,
80,/kuka/axis_move/feedback_json,std_msgs/msg/String,2026-08-27T21:22:25.657232-04:00,1787880145,657215082,1787880145657215082,125.164726,,,,1187,1186,1,0,0,1187,AxisTarget,1,True,True,True,False,-0.115263,-90.009331,89.912857,0.032405,52.040863,-0.102168,494.486389,0.957632,827.952759,-179.988937,38.334877,179.960815,57,False,True,2,21,True,
81,/kuka/axis_move/feedback_json,std_msgs/msg/String,2026-08-27T21:22:25.784907-04:00,1787880145,784895364,1787880145784895364,127.680282,,,,1188,1187,1,0,0,1188,AxisTarget,1,True,True,True,False,-0.118465,-90.00959,89.910439,0.033448,53.532104,-0.105089,492.887756,0.980111,826.743591,-179.987305,36.892921,179.963272,57,False,True,2,22,True,
82,/kuka/axis_move/feedback_json,std_msgs/msg/String,2026-08-27T21:22:25.909308-04:00,1787880145,909297133,1787880145909297133,124.401769,,,,1189,1188,1,0,0,1189,AxisTarget,1,True,True,True,True,-0.121728,-90.009857,89.907982,0.034505,54.949104,-0.107861,491.222168,1.002817,825.5495,-179.985718,35.418892,179.965866,57,False,True,2,22,True,
83,/kuka/axis_move/feedback_json,std_msgs/msg/String,2026-08-27T21:22:26.037871-04:00,1787880146,37865960,1787880146037865960,128.568827,,,,1190,1189,1,0,0,1190,AxisTarget,1,True,True,True,False,-0.124893,-90.010117,89.905579,0.035541,56.385746,-0.110678,489.641571,1.023739,824.474976,-179.984299,34.044582,179.968369,57,False,True,2,22,True,
84,/kuka/axis_move/feedback_json,std_msgs/msg/String,2026-08-27T21:22:26.168834-04:00,1787880146,168822828,1787880146168822828,130.956868,,,,1191,1190,1,0,0,1191,AxisTarget,1,True,True,True,False,-0.128302,-90.010399,89.903,0.03665,57.923557,-0.113691,487.845764,1.046824,823.319946,-179.982803,32.509598,179.971237,57,False,True,2,23,True,
85,/kuka/axis_move/feedback_json,std_msgs/msg/String,2026-08-27T21:22:26.291889-04:00,1787880146,291867363,1787880146291867363,123.044535,,,,1192,1191,1,0,0,1192,AxisTarget,1,True,True,True,True,-0.131529,-90.010658,89.900566,0.037701,59.379181,-0.116542,486.06076,1.069102,822.237854,-179.981415,31.009333,179.974121,57,False,True,2,23,True,
86,/kuka/axis_move/feedback_json,std_msgs/msg/String,2026-08-27T21:22:26.420601-04:00,1787880146,420571399,1787880146420571399,128.704036,,,,1193,1192,1,0,0,1193,AxisTarget,1,True,True,True,False,-0.134741,-90.010918,89.898148,0.038743,60.823826,-0.119372,484.319519,1.090306,821.242676,-179.980164,29.568233,179.97699,57,False,True,2,23,True,
87,/kuka/axis_move/feedback_json,std_msgs/msg/String,2026-08-27T21:22:26.544119-04:00,1787880146,544104304,1787880146544104304,123.532905,,,,1194,1193,1,0,0,1194,AxisTarget,1,True,True,True,True,-0.138062,-90.011185,89.895668,0.039808,62.295177,-0.122244,482.498352,1.112056,820.262817,-179.978943,28.082598,179.980026,57,False,True,2,24,True,
88,/kuka/axis_move/feedback_json,std_msgs/msg/String,2026-08-27T21:22:26.668472-04:00,1787880146,668449911,1787880146668449911,124.345607,,,,1195,1194,1,0,0,1195,AxisTarget,1,True,True,True,False,-0.14109,-90.011429,89.893394,0.04079,63.659966,-0.124927,480.88559,1.130903,819.445068,-179.977936,26.783918,179.982773,57,False,True,2,24,True,
89,/kuka/axis_move/feedback_json,std_msgs/msg/String,2026-08-27T21:22:26.797292-04:00,1787880146,797280760,1787880146797280760,128.830849,,,,1196,1195,1,0,0,1196,AxisTarget,1,True,True,True,False,-0.144314,-90.011673,89.890976,0.041833,65.104607,-0.127757,479.014435,1.15214,818.552856,-179.976883,25.295393,179.986008,57,False,True,2,25,True,
90,/kuka/axis_move/feedback_json,std_msgs/msg/String,2026-08-27T21:22:26.926372-04:00,1787880146,926349218,1787880146926349218,129.068458,,,,1197,1196,1,0,0,1197,AxisTarget,1,True,True,True,True,-0.147624,-90.011909,89.888474,0.042909,66.595848,-0.130678,477.120392,1.172944,817.709351,-179.975952,23.806892,179.989349,57,False,True,2,25,True,
91,/kuka/axis_move/feedback_json,std_msgs/msg/String,2026-08-27T21:22:27.053589-04:00,1787880147,53578182,1787880147053578182,127.228964,,,,1198,1197,1,0,0,1198,AxisTarget,1,True,True,True,False,-0.151033,-90.012154,89.885895,0.044012,68.13369,-0.13369,475.204559,1.193438,816.915283,-179.975113,22.31839,179.992783,57,False,True,2,25,True,
92,/kuka/axis_move/feedback_json,std_msgs/msg/String,2026-08-27T21:22:27.178447-04:00,1787880147,178435549,1787880147178435549,124.857367,,,,1199,1198,1,0,0,1199,AxisTarget,1,True,True,True,False,-0.154235,-90.012398,89.883476,0.04503,69.578331,-0.13652,473.268097,1.213687,816.171265,-179.97438,20.829906,179.996307,57,False,True,2,26,True,
93,/kuka/axis_move/feedback_json,std_msgs/msg/String,2026-08-27T21:22:27.305868-04:00,1787880147,305856393,1787880147305856393,127.420844,,,,1200,1199,1,0,0,1200,AxisTarget,1,True,True,True,True,-0.15754,-90.012665,89.880981,0.046069,71.069572,-0.139441,471.373718,1.233071,815.498718,-179.973785,19.387953,179.999817,57,False,True,2,26,True,
94,/kuka/axis_move/feedback_json,std_msgs/msg/String,2026-08-27T21:22:27.432012-04:00,1787880147,432003659,1787880147432003659,126.147266,,,,1201,1200,1,0,0,1201,AxisTarget,1,True,True,True,False,-0.160742,-90.012932,89.878563,0.047086,72.514214,-0.14227,469.400604,1.252814,814.854614,-179.973251,17.899487,-179.996429,57,False,True,2,26,True,
95,/kuka/axis_move/feedback_json,std_msgs/msg/String,2026-08-27T21:22:27.563024-04:00,1787880147,563001611,1787880147563001611,130.997952,,,,1202,1201,1,0,0,1202,AxisTarget,1,True,True,True,True,-0.164028,-90.013199,89.876091,0.048141,73.980576,-0.145132,467.477142,1.271633,814.280762,-179.972839,16.460407,-179.992676,57,False,True,2,27,True,
96,/kuka/axis_move/feedback_json,std_msgs/msg/String,2026-08-27T21:22:27.691860-04:00,1787880147,691842596,1787880147691842596,128.840985,,,,1203,1202,1,0,0,1203,AxisTarget,1,True,True,True,False,-0.167216,-90.013458,89.873665,0.049188,75.434601,-0.147991,465.552551,1.290085,813.758667,-179.972534,15.03106,-179.988831,57,False,True,2,27,True,
97,/kuka/axis_move/feedback_json,std_msgs/msg/String,2026-08-27T21:22:27.820950-04:00,1787880147,820924855,1787880147820924855,129.082259,,,,1204,1203,1,0,0,1204,AxisTarget,1,True,True,True,False,-0.170532,-90.013733,89.871178,0.050267,76.925842,-0.150915,463.534576,1.30912,813.266052,-179.972321,13.542579,-179.98468,57,False,True,2,28,True,
98,/kuka/axis_move/feedback_json,std_msgs/msg/String,2026-08-27T21:22:27.947981-04:00,1787880147,947951191,1787880147947951191,127.026336,,,,1205,1204,1,0,0,1205,AxisTarget,1,True,True,True,True,-0.17368,-90.013992,89.868843,0.051282,78.320786,-0.153647,461.532562,1.32773,812.831787,-179.972229,12.075009,-179.980453,57,False,True,2,28,True,
99,/kuka/axis_move/feedback_json,std_msgs/msg/String,2026-08-27T21:22:28.076574-04:00,1787880148,76544542,1787880148076544542,128.593351,,,,1206,1205,1,0,0,1206,AxisTarget,1,True,True,True,False,-0.176943,-90.014267,89.866379,0.052354,79.802002,-0.156558,459.544037,1.345874,812.453186,-179.972244,10.625264,-179.976151,57,False,True,2,28,True,
100,/kuka/axis_move/feedback_json,std_msgs/msg/String,2026-08-27T21:22:28.200934-04:00,1787880148,200895911,1787880148200895911,124.351369,,,,1207,1206,1,0,0,1207,AxisTarget,1,True,True,True,True,-0.180229,-90.014549,89.863876,0.053423,81.267441,-0.159419,457.560791,1.363539,812.127441,-179.972397,9.18621,-179.971741,57,False,True,2,29,True,
101,/kuka/axis_move/feedback_json,std_msgs/msg/String,2026-08-27T21:22:28.324267-04:00,1787880148,324261315,1787880148324261315,123.365404,,,,1208,1207,1,0,0,1208,AxisTarget,1,True,True,True,False,-0.183223,-90.014801,89.861557,0.054411,82.636909,-0.162113,455.636841,1.38035,811.860107,-179.972687,7.795733,-179.967361,57,False,True,2,29,True,
102,/kuka/axis_move/feedback_json,std_msgs/msg/String,2026-08-27T21:22:28.447983-04:00,1787880148,447966712,1787880148447966712,123.705397,,,,1209,1208,1,0,0,1209,AxisTarget,1,True,True,True,True,-0.186334,-90.015038,89.859215,0.055395,84.030396,-0.164848,453.700104,1.397198,811.638367,-179.973068,6.400507,-179.962845,57,False,True,2,30,True,
103,/kuka/axis_move/feedback_json,std_msgs/msg/String,2026-08-27T21:22:28.576130-04:00,1787880148,576107827,1787880148576107827,128.141115,,,,1210,1209,1,0,0,1210,AxisTarget,1,True,True,True,False,-0.1896,-90.015266,89.856789,0.056418,85.494354,-0.167734,451.672241,1.414741,811.456726,-179.973618,4.943539,-179.957993,57,False,True,2,31,True,
104,/kuka/axis_move/feedback_json,std_msgs/msg/String,2026-08-27T21:22:28.700082-04:00,1787880148,700059558,1787880148700059558,123.951731,,,,1211,1210,1,0,0,1211,AxisTarget,1,True,True,True,True,-0.19279,-90.015541,89.854401,0.057458,86.908379,-0.170527,449.66684,1.431728,811.328552,-179.974304,3.506125,-179.953003,57,False,True,2,31,True,
105,/kuka/axis_move/feedback_json,std_msgs/msg/String,2026-08-27T21:22:28.829117-04:00,1787880148,829093750,1787880148829093750,129.034192,,,,1212,1211,1,0,0,1212,AxisTarget,1,True,True,True,False,-0.195888,-90.015823,89.852013,0.05848,88.328499,-0.173295,447.722168,1.447912,811.252441,-179.975098,2.114495,-179.948029,57,False,True,2,32,False,
106,/kuka/axis_move/feedback_json,std_msgs/msg/String,2026-08-27T21:22:28.952785-04:00,1787880148,952755975,1787880148952755975,123.662225,,,,1213,1212,1,0,0,1213,AxisTarget,1,True,True,True,False,-0.198715,-90.016045,89.849945,0.059377,89.541862,-0.175635,445.907013,1.462667,811.223816,-179.975967,0.816525,-179.943237,57,False,True,2,32,False,
107,/kuka/axis_move/feedback_json,std_msgs/msg/String,2026-08-27T21:22:29.080911-04:00,1787880149,80887923,1787880149080887923,128.131948,,,,1214,1213,1,0,0,1214,AxisTarget,1,True,True,True,False,-0.200423,-90.01619,89.848732,0.059891,90.205162,-0.176887,444.7854,1.471781,811.226807,-179.976578,0.014752,-179.940186,57,False,True,2,32,False,
108,/kuka/axis_move/feedback_json,std_msgs/msg/String,2026-08-27T21:22:29.208032-04:00,1787880149,208001739,1787880149208001739,127.113816,,,,1215,1214,1,0,0,1215,AxisTarget,1,False,True,False,False,-0.2005,-90.016197,89.848701,0.0599,90.214798,-0.1769,444.698792,1.472543,811.227722,-179.976624,-0.047117,-179.939957,57,False,True,2,32,False,
109,/kuka/axis_move/feedback_json,std_msgs/msg/String,2026-08-27T21:22:29.897416-04:00,1787880149,897405406,1787880149897405406,689.403667,,,,1216,1215,1,0,0,1216,AxisTarget,1,False,True,False,False,-0.2005,-90.016197,89.848701,0.0599,90.214798,-0.1769,444.698792,1.472543,811.227722,-179.976624,-0.047117,-179.939957,58,False,True,3,36,True,
110,/kuka/axis_move/feedback_json,std_msgs/msg/String,2026-08-27T21:22:30.583818-04:00,1787880150,583789085,1787880150583789085,686.383679,,,,1217,1216,1,0,0,1217,AxisTarget,1,True,True,True,True,-1.43178,-87.659874,90.463036,0.065962,87.153793,-1.479543,464.045044,11.323501,789.690308,-179.979935,-0.051912,-179.93309,59,False,True,3,40,True,
111,/kuka/axis_move/feedback_json,std_msgs/msg/String,2026-08-27T21:22:30.708879-04:00,1787880150,708840642,1787880150708840642,125.051557,,,,1218,1217,1,0,0,1218,AxisTarget,1,True,True,True,False,-1.770198,-87.016136,90.630074,0.06759,86.358025,-1.818053,469.040771,14.115843,783.74585,-179.980728,-0.053069,-179.931259,59,False,True,3,40,True,
112,/kuka/axis_move/feedback_json,std_msgs/msg/String,2026-08-27T21:22:30.834752-04:00,1787880150,834721965,1787880150834721965,125.881323,,,,1219,1218,1,0,0,1219,AxisTarget,1,True,True,True,False,-2.208578,-86.181526,90.846405,0.0697,85.303123,-2.263572,475.706696,18.017239,775.538635,-179.98175,-0.054621,-179.928726,59,False,True,3,40,True,
113,/kuka/axis_move/feedback_json,std_msgs/msg/String,2026-08-27T21:22:30.960559-04:00,1787880150,960528213,1787880150960528213,125.806248,,,,1220,1219,1,0,0,1220,AxisTarget,1,True,True,True,True,-2.569692,-85.503395,91.025032,0.071434,84.448891,-2.621657,481.086548,21.321432,768.668457,-179.982544,-0.055888,-179.926636,59,False,True,3,41,True,
114,/kuka/axis_move/feedback_json,std_msgs/msg/String,2026-08-27T21:22:31.084804-04:00,1787880151,84780675,1787880151084780675,124.252462,,,,1221,1220,1,0,0,1221,AxisTarget,1,True,True,True,False,-2.979018,-84.715752,91.226471,0.073439,83.441391,-3.052901,486.747345,24.958548,761.182373,-179.983337,-0.057231,-179.924362,59,False,True,3,41,True,
115,/kuka/axis_move/feedback_json,std_msgs/msg/String,2026-08-27T21:22:31.209273-04:00,1787880151,209261491,1787880151209261491,124.480816,,,,1222,1221,1,0,0,1222,AxisTarget,1,True,True,True,False,-3.462127,-83.804298,91.460617,0.075728,82.318855,-3.523199,493.285339,29.379206,752.179199,-179.984207,-0.058795,-179.921677,59,False,True,3,41,True,
116,/kuka/axis_move/feedback_json,std_msgs/msg/String,2026-08-27T21:22:31.337496-04:00,1787880151,337483428,1787880151337483428,128.221937,,,,1223,1222,1,0,0,1223,AxisTarget,1,True,True,True,True,-3.82631,-83.11805,91.636948,0.077459,81.469757,-3.880476,498.428619,33.035603,744.803162,-179.984863,-0.060037,-179.919495,59,False,True,3,42,True,
117,/kuka/axis_move/feedback_json,std_msgs/msg/String,2026-08-27T21:22:31.464597-04:00,1787880151,464580604,1787880151464580604,127.097176,,,,1224,1223,1,0,0,1224,AxisTarget,1,True,True,True,False,-4.283759,-82.238365,91.867386,0.079761,80.320389,-4.371721,504.211365,37.350998,736.170776,-179.98555,-0.061448,-179.916977,59,False,True,3,42,True,
118,/kuka/axis_move/feedback_json,std_msgs/msg/String,2026-08-27T21:22:31.592551-04:00,1787880151,592528244,1787880151592528244,127.94764,,,,1225,1224,1,0,0,1225,AxisTarget,1,True,True,True,False,-4.819131,-81.228531,92.126816,0.082294,79.076408,-4.893048,510.790649,42.549046,725.86554,-179.986237,-0.063076,-179.914017,59,False,True,3,42,True,
119,/kuka/axis_move/feedback_json,std_msgs/msg/String,2026-08-27T21:22:31.720659-04:00,1787880151,720653325,1787880151720653325,128.125081,,,,1226,1225,1,0,0,1226,AxisTarget,1,True,True,True,True,-5.221981,-80.471077,92.320984,0.084181,78.146858,-5.282867,515.917053,46.833927,717.437256,-179.986694,-0.064365,-179.911652,59,False,True,3,43,True,
120,/kuka/axis_move/feedback_json,std_msgs/msg/String,2026-08-27T21:22:31.853568-04:00,1787880151,853562733,1787880151853562733,132.909408,,,,1227,1226,1,0,0,1227,AxisTarget,1,True,True,True,False,-5.663165,-79.622887,92.543228,0.086387,77.036774,-5.776069,520.910583,51.226654,708.851074,-179.987091,-0.065639,-179.909271,59,False,True,3,43,True,
121,/kuka/axis_move/feedback_json,std_msgs/msg/String,2026-08-27T21:22:31.981045-04:00,1787880151,981039809,1787880151981039809,127.477076,,,,1228,1227,1,0,0,1228,AxisTarget,1,True,True,True,False,-6.228856,-78.521866,92.826988,0.089158,75.667732,-6.333293,527.215515,57.117863,697.409729,-179.987534,-0.06728,-179.906174,59,False,True,3,43,True,
122,/kuka/axis_move/feedback_json,std_msgs/msg/String,2026-08-27T21:22:32.110420-04:00,1787880152,110409461,1787880152110409461,129.369652,,,,1229,1228,1,0,0,1229,AxisTarget,1,True,True,True,False,-6.688039,-77.689911,93.039825,0.091223,74.654602,-6.756523,532.176514,62.058891,687.868958,-179.987839,-0.0686,-179.903625,59,False,True,3,44,True,
123,/kuka/axis_move/feedback_json,std_msgs/msg/String,2026-08-27T21:22:32.240958-04:00,1787880152,240930503,1787880152240930503,130.521042,,,,1230,1229,1,0,0,1230,AxisTarget,1,True,True,True,True,-7.054767,-76.990959,93.221512,0.093016,73.758835,-7.137923,535.75354,65.810272,680.653809,-179.988022,-0.069571,-179.901749,59,False,True,3,44,True,
124,/kuka/axis_move/feedback_json,std_msgs/msg/String,2026-08-27T21:22:32.368761-04:00,1787880152,368737890,1787880152368737890,127.807387,,,,1231,1230,1,0,0,1231,AxisTarget,1,True,True,True,False,-7.57991,-75.986526,93.483093,0.095599,72.470749,-7.684697,540.88385,71.504105,669.742188,-179.98822,-0.071,-179.898941,59,False,True,3,44,True,
125,/kuka/axis_move/feedback_json,std_msgs/msg/String,2026-08-27T21:22:32.492978-04:00,1787880152,492947170,1787880152492947170,124.20928,,,,1232,1231,1,0,0,1232,AxisTarget,1,True,True,True,False,-8.083264,-75.03994,93.725616,0.097959,71.312683,-8.169209,545.580017,77.08799,659.078857,-179.988281,-0.072352,-179.896271,59,False,True,3,45,True,
126,/kuka/axis_move/feedback_json,std_msgs/msg/String,2026-08-27T21:22:32.623849-04:00,1787880152,623826070,1787880152623826070,130.8789,,,,1233,1232,1,0,0,1233,AxisTarget,1,True,True,True,True,-8.440583,-74.368965,93.897354,0.09963,70.493011,-8.512375,548.674622,80.992516,651.639709,-179.988266,-0.073273,-179.894424,59,False,True,3,45,True,
127,/kuka/axis_move/feedback_json,std_msgs/msg/String,2026-08-27T21:22:32.748602-04:00,1787880152,748573906,1787880152748573906,124.747836,,,,1234,1233,1,0,0,1234,AxisTarget,1,True,True,True,False,-8.833531,-73.612572,94.095802,0.101609,69.498497,-8.938718,551.939819,85.335556,643.377625,-179.988205,-0.074273,-179.892426,59,False,True,3,45,True,
128,/kuka/axis_move/feedback_json,std_msgs/msg/String,2026-08-27T21:22:32.872641-04:00,1787880152,872612960,1787880152872612960,124.039054,,,,1235,1234,1,0,0,1235,AxisTarget,1,True,True,True,False,-9.36443,-72.606941,94.355186,0.104157,68.245262,-9.465726,556.106201,91.264893,632.112366,-179.988037,-0.075597,-179.889755,59,False,True,3,45,True,
129,/kuka/axis_move/feedback_json,std_msgs/msg/String,2026-08-27T21:22:32.997483-04:00,1787880152,997471759,1787880152997471759,124.858799,,,,1236,1235,1,0,0,1236,AxisTarget,1,True,True,True,False,-9.772965,-71.840027,94.551346,0.106073,67.31192,-9.855518,559.085327,95.820396,623.463501,-179.987854,-0.076584,-179.887756,59,False,True,3,46,True,
130,/kuka/axis_move/feedback_json,std_msgs/msg/String,2026-08-27T21:22:33.126935-04:00,1787880153,126905829,1787880153126905829,129.43407,,,,1237,1236,1,0,0,1237,AxisTarget,1,True,True,True,True,-10.084908,-71.247879,94.704689,0.107593,66.561066,-10.18676,561.339844,99.475555,616.524841,-179.987671,-0.07736,-179.886169,59,False,True,3,46,True,
131,/kuka/axis_move/feedback_json,std_msgs/msg/String,2026-08-27T21:22:33.252583-04:00,1787880153,252554743,1787880153252554743,125.648914,,,,1238,1237,1,0,0,1238,AxisTarget,1,True,True,True,False,-10.563449,-70.332146,94.943283,0.109965,65.38549,-10.673333,564.306152,104.608627,606.777771,-179.987366,-0.078433,-179.883987,59,False,True,3,46,True,
132,/kuka/axis_move/feedback_json,std_msgs/msg/String,2026-08-27T21:22:33.380207-04:00,1787880153,380184373,1787880153380184373,127.62963,,,,1239,1238,1,0,0,1239,AxisTarget,1,True,True,True,False,-10.98578,-69.538895,95.146271,0.111943,64.41861,-11.077363,567.015747,109.686859,597.126404,-179.987045,-0.079491,-179.881897,59,False,True,3,47,True,
133,/kuka/axis_move/feedback_json,std_msgs/msg/String,2026-08-27T21:22:33.511846-04:00,1787880153,511816056,1787880153511816056,131.631683,,,,1240,1239,1,0,0,1240,AxisTarget,1,True,True,True,True,-11.295088,-68.957008,95.295547,0.1134,63.701897,-11.388412,568.80011,113.280014,590.289612,-179.986786,-0.080237,-179.880447,59,False,True,3,47,True,
134,/kuka/axis_move/feedback_json,std_msgs/msg/String,2026-08-27T21:22:33.636499-04:00,1787880153,636471500,1787880153636471500,124.655444,,,,1241,1240,1,0,0,1241,AxisTarget,1,True,True,True,False,-11.682158,-68.212395,95.49762,0.115406,62.696831,-11.807258,570.789001,117.571434,582.112915,-179.986435,-0.081117,-179.878738,59,False,True,3,47,True,
135,/kuka/axis_move/feedback_json,std_msgs/msg/String,2026-08-27T21:22:33.764559-04:00,1787880153,764552769,1787880153764552769,128.081269,,,,1242,1241,1,0,0,1242,AxisTarget,1,True,True,True,False,-12.086182,-67.453743,95.684631,0.117212,61.807495,-12.17856,572.796021,122.28212,573.119873,-179.986038,-0.082051,-179.876923,59,False,True,3,48,True,
136,/kuka/axis_move/feedback_json,std_msgs/msg/String,2026-08-27T21:22:33.888793-04:00,1787880153,888772667,1787880153888772667,124.219898,,,,1243,1242,1,0,0,1243,AxisTarget,1,True,True,True,True,-12.364348,-66.930222,95.819031,0.118513,61.160912,-12.450639,574.071533,125.524933,566.916382,-179.985733,-0.082676,-179.875717,59,False,True,3,48,True,
137,/kuka/axis_move/feedback_json,std_msgs/msg/String,2026-08-27T21:22:34.014456-04:00,1787880154,14434264,1787880154014434264,125.661597,,,,1244,1243,1,0,0,1244,AxisTarget,1,True,True,True,False,-12.709746,-66.267746,95.992012,0.120215,60.305508,-12.814365,575.426514,129.237747,559.799133,-179.985367,-0.083388,-179.874344,59,False,True,3,48,True,
138,/kuka/axis_move/feedback_json,std_msgs/msg/String,2026-08-27T21:22:34.145006-04:00,1787880154,144982730,1787880154144982730,130.548466,,,,1245,1244,1,0,0,1245,AxisTarget,1,True,True,True,False,-13.026666,-65.674507,96.143311,0.121682,59.589939,-13.119769,576.717957,133.102386,552.372314,-179.984924,-0.084141,-179.872925,59,False,True,3,49,False,
139,/kuka/axis_move/feedback_json,std_msgs/msg/String,2026-08-27T21:22:34.269885-04:00,1787880154,269853805,1787880154269853805,124.871075,,,,1246,1245,1,0,0,1246,AxisTarget,1,True,True,True,True,-13.268696,-65.193787,96.268578,0.122929,58.96928,-13.377207,577.561768,135.84697,547.085205,-179.984573,-0.084684,-179.871933,59,False,True,3,49,False,
140,/kuka/axis_move/feedback_json,std_msgs/msg/String,2026-08-27T21:22:34.397253-04:00,1787880154,397242819,1787880154397242819,127.389014,,,,1247,1246,1,0,0,1247,AxisTarget,1,True,True,True,False,-13.57734,-64.630608,96.412956,0.124332,58.28075,-13.671939,578.565125,139.403656,540.215942,-179.984146,-0.085367,-179.870682,59,False,True,3,49,False,
141,/kuka/axis_move/feedback_json,std_msgs/msg/String,2026-08-27T21:22:34.521100-04:00,1787880154,521076552,1787880154521076552,123.833733,,,,1248,1247,1,0,0,1248,AxisTarget,1,True,True,True,False,-13.7818,-64.244293,96.512527,0.125299,57.796902,-13.869357,579.175781,141.767151,535.63916,-179.983871,-0.085795,-179.869873,59,False,True,3,49,False,
142,/kuka/axis_move/feedback_json,std_msgs/msg/String,2026-08-27T21:22:34.644814-04:00,1787880154,644784321,1787880154644784321,123.707769,,,,1249,1248,1,0,0,1249,AxisTarget,1,True,True,True,False,-13.999514,-63.834702,96.617332,0.126318,57.299644,-14.076295,579.775391,144.278488,530.764832,-179.983551,-0.086252,-179.869019,59,False,True,3,49,False,
143,/kuka/axis_move/feedback_json,std_msgs/msg/String,2026-08-27T21:22:34.773137-04:00,1787880154,773113913,1787880154773113913,128.329592,,,,1250,1249,1,0,0,1250,AxisTarget,1,True,True,True,False,-14.134337,-63.58189,96.681923,0.126963,56.993217,-14.204057,580.114441,145.802399,527.800964,-179.983337,-0.086544,-179.868484,59,False,True,3,49,False,
144,/kuka/axis_move/feedback_json,std_msgs/msg/String,2026-08-27T21:22:35.287642-04:00,1787880155,287612447,1787880155287612447,514.498534,,,,1251,1250,1,0,0,1251,AxisTarget,1,True,True,True,True,-14.1943,-63.475296,96.707718,0.127197,56.883751,-14.247003,580.288635,146.620728,526.208496,-179.9832,-0.0867,-179.86821,60,False,True,4,53,True,
145,/kuka/axis_move/feedback_json,std_msgs/msg/String,2026-08-27T21:22:35.805555-04:00,1787880155,805538593,1787880155805538593,517.926146,,,,1252,1251,1,0,0,1252,AxisTarget,1,True,True,True,True,-14.192513,-62.976082,97.063072,0.104977,55.966732,-14.252167,580.823608,146.763977,519.19104,-179.999939,-0.051515,-179.89621,61,False,True,4,55,True,
146,/kuka/axis_move/feedback_json,std_msgs/msg/String,2026-08-27T21:22:35.931756-04:00,1787880155,931734400,1787880155931734400,126.195807,,,,1253,1252,1,0,0,1253,AxisTarget,1,True,True,True,False,-14.192019,-62.837299,97.161026,0.098903,55.718189,-14.253554,580.965637,146.802231,517.109314,179.99498,-0.041045,-179.904465,61,False,True,4,55,True,
147,/kuka/axis_move/feedback_json,std_msgs/msg/String,2026-08-27T21:22:36.057863-04:00,1787880156,57840889,1787880156057840889,126.106489,,,,1254,1253,1,0,0,1254,AxisTarget,1,True,True,True,False,-14.19152,-62.698517,97.258972,0.09283,55.46965,-14.254943,581.092041,146.836319,515.154968,179.990173,-0.031198,-179.912201,61,False,True,4,55,True,
148,/kuka/axis_move/feedback_json,std_msgs/msg/String,2026-08-27T21:22:36.185426-04:00,1787880156,185414901,1787880156185414901,127.574012,,,,1255,1254,1,0,0,1255,AxisTarget,1,True,True,True,False,-14.191025,-62.562325,97.354958,0.086888,55.226768,-14.256297,581.213867,146.869202,513.163879,179.985214,-0.02115,-179.920059,61,False,True,4,56,True,
149,/kuka/axis_move/feedback_json,std_msgs/msg/String,2026-08-27T21:22:36.311095-04:00,1787880156,311083161,1787880156311083161,125.66826,,,,1256,1255,1,0,0,1256,AxisTarget,1,True,True,True,True,-14.190545,-62.42976,97.448662,0.081069,54.988316,-14.257631,581.324402,146.899094,511.251434,179.980423,-0.011487,-179.927582,61,False,True,4,56,True,
150,/kuka/axis_move/feedback_json,std_msgs/msg/String,2026-08-27T21:22:36.441107-04:00,1787880156,441066873,1787880156441066873,129.983712,,,,1257,1256,1,0,0,1257,AxisTarget,1,True,True,True,False,-14.190042,-62.290981,97.546616,0.074996,54.739777,-14.259019,581.433777,146.928772,509.237671,179.975311,-0.001299,-179.935501,61,False,True,4,56,True,
151,/kuka/axis_move/feedback_json,std_msgs/msg/String,2026-08-27T21:22:36.570977-04:00,1787880156,570955232,1787880156570955232,129.888359,,,,1258,1257,1,0,0,1258,AxisTarget,1,True,True,True,False,-14.18954,-62.152206,97.644562,0.068923,54.491234,-14.26045,581.539063,146.957428,507.162323,179.970016,0.009213,-179.943619,61,False,True,4,56,True,
152,/kuka/axis_move/feedback_json,std_msgs/msg/String,2026-08-27T21:22:36.693283-04:00,1787880156,693272733,1787880156693272733,122.317501,,,,1259,1258,1,0,0,1259,AxisTarget,1,True,True,True,False,-14.18904,-62.013432,97.742516,0.06285,54.242695,-14.261795,581.633789,146.983322,505.151184,179.964828,0.019411,-179.951477,61,False,True,4,56,True,
153,/kuka/axis_move/feedback_json,std_msgs/msg/String,2026-08-27T21:22:36.821532-04:00,1787880156,821502113,1787880156821502113,128.22938,,,,1260,1259,1,0,0,1260,AxisTarget,1,True,True,True,False,-14.188558,-61.878998,97.83741,0.056967,54.001923,-14.26314,581.716064,147.005936,503.266998,179.959915,0.028977,-179.958817,61,False,True,4,56,True,
154,/kuka/axis_move/feedback_json,std_msgs/msg/String,2026-08-27T21:22:36.947971-04:00,1787880156,947965291,1787880156947965291,126.463178,,,,1261,1260,1,0,0,1261,AxisTarget,1,True,True,True,False,-14.188061,-61.740227,97.935364,0.050894,53.75338,-14.264528,581.799255,147.028946,501.19574,179.954483,0.039505,-179.966858,61,False,True,4,56,True,
155,/kuka/axis_move/feedback_json,std_msgs/msg/String,2026-08-27T21:22:37.080922-04:00,1787880157,80915816,1787880157080915816,132.950525,,,,1262,1261,1,0,0,1262,AxisTarget,1,True,True,True,False,-14.187588,-61.608551,98.027939,0.045178,53.520332,-14.265825,581.869934,147.048599,499.267822,179.949387,0.049317,-179.974319,61,False,True,4,57,True,
156,/kuka/axis_move/feedback_json,std_msgs/msg/String,2026-08-27T21:22:37.206224-04:00,1787880157,206208390,1787880157206208390,125.292574,,,,1263,1262,1,0,0,1263,AxisTarget,1,True,True,True,True,-14.187106,-61.473175,98.123878,0.039208,53.275085,-14.2672,581.93219,147.06604,497.397217,179.944397,0.058849,-179.981552,61,False,True,4,57,True,
157,/kuka/axis_move/feedback_json,std_msgs/msg/String,2026-08-27T21:22:37.334602-04:00,1787880157,334591122,1787880157334591122,128.382732,,,,1264,1263,1,0,0,1264,AxisTarget,1,True,True,True,False,-14.18661,-61.334404,98.22184,0.033135,53.026546,-14.268588,581.992004,147.082947,495.392944,179.938995,0.069076,-179.989273,61,False,True,4,57,True,
158,/kuka/axis_move/feedback_json,std_msgs/msg/String,2026-08-27T21:22:37.456689-04:00,1787880157,456666595,1787880157456666595,122.075473,,,,1265,1264,1,0,0,1265,AxisTarget,1,True,True,True,False,-14.18613,-61.19997,98.316734,0.027253,52.78577,-14.269934,582.043213,147.097565,493.452667,179.933731,0.07899,-179.996719,61,False,True,4,57,True,
159,/kuka/axis_move/feedback_json,std_msgs/msg/String,2026-08-27T21:22:37.584726-04:00,1787880157,584714103,1787880157584714103,128.047508,,,,1266,1265,1,0,0,1266,AxisTarget,1,True,True,True,False,-14.185647,-61.065533,98.411629,0.021183,52.537231,-14.271324,582.088989,147.110825,491.451294,179.928238,0.089232,179.995621,61,False,True,4,57,True,
160,/kuka/axis_move/feedback_json,std_msgs/msg/String,2026-08-27T21:22:37.709896-04:00,1787880157,709883831,1787880157709883831,125.169728,,,,1267,1266,1,0,0,1267,AxisTarget,1,True,True,True,False,-14.185148,-60.926758,98.509583,0.015303,52.296459,-14.272673,582.126648,147.121902,489.513947,179.922897,0.099161,179.98822,61,False,True,4,57,True,
161,/kuka/axis_move/feedback_json,std_msgs/msg/String,2026-08-27T21:22:37.835883-04:00,1787880157,835859688,1787880157835859688,125.975857,,,,1268,1267,1,0,0,1268,AxisTarget,1,True,True,True,False,-14.184679,-60.796658,98.60141,0.009616,52.06345,-14.27398,582.157593,147.131226,487.578033,179.917496,0.109098,179.980865,61,False,True,4,57,True,
162,/kuka/axis_move/feedback_json,std_msgs/msg/String,2026-08-27T21:22:37.964738-04:00,1787880157,964700471,1787880157964700471,128.840783,,,,1269,1268,1,0,0,1269,AxisTarget,1,True,True,True,False,-14.184161,-60.653542,98.702415,0.003361,51.807144,-14.275419,582.182617,147.139038,485.581268,179.91188,0.119363,179.973282,61,False,True,4,57,True,
163,/kuka/axis_move/feedback_json,std_msgs/msg/String,2026-08-27T21:22:38.088940-04:00,1787880158,88917178,1787880158088917178,124.216707,,,,1270,1269,1,0,0,1270,AxisTarget,1,True,True,True,False,-14.183674,-60.5191,98.800362,-0.002703,51.558605,-14.276816,582.200562,147.144989,483.586121,179.906235,0.129637,179.965744,61,False,True,4,57,True,
164,/kuka/axis_move/feedback_json,std_msgs/msg/String,2026-08-27T21:22:38.215788-04:00,1787880158,215782471,1787880158215782471,126.865293,,,,1271,1270,1,0,0,1271,AxisTarget,1,True,True,True,False,-14.183172,-60.38139,98.894325,-0.008508,51.321129,-14.278149,582.211182,147.148987,481.660431,179.900726,0.139567,179.958481,61,False,True,4,58,True,
165,/kuka/axis_move/feedback_json,std_msgs/msg/String,2026-08-27T21:22:38.345484-04:00,1787880158,345476819,1787880158345476819,129.694348,,,,1272,1271,1,0,0,1272,AxisTarget,1,True,True,True,True,-14.182715,-60.255348,98.983398,-0.014218,51.086609,-14.279471,582.215149,147.15123,479.794495,179.895355,0.149205,179.951477,61,False,True,4,58,True,
166,/kuka/axis_move/feedback_json,std_msgs/msg/String,2026-08-27T21:22:38.468861-04:00,1787880158,468838209,1787880158468838209,123.36139,,,,1273,1272,1,0,0,1273,AxisTarget,1,True,True,True,False,-14.182197,-60.112492,99.084274,-0.020277,50.838169,-14.280869,582.212402,147.15184,477.750122,179.88942,0.159779,179.943817,61,False,True,4,58,True,
167,/kuka/axis_move/feedback_json,std_msgs/msg/String,2026-08-27T21:22:38.597535-04:00,1787880158,597523058,1787880158597523058,128.684849,,,,1274,1273,1,0,0,1274,AxisTarget,1,True,True,True,False,-14.181708,-59.978046,99.179153,-0.026151,50.597397,-14.282267,582.203003,147.150665,475.8237,179.883774,0.169759,179.93663,61,False,True,4,58,True,
168,/kuka/axis_move/feedback_json,std_msgs/msg/String,2026-08-27T21:22:38.723582-04:00,1787880158,723576520,1787880158723576520,126.053462,,,,1275,1274,1,0,0,1275,AxisTarget,1,True,True,True,False,-14.181206,-59.839272,99.2771,-0.032215,50.348858,-14.28362,582.18634,147.147644,473.836914,179.877914,0.180067,179.92923,61,False,True,4,58,True,
169,/kuka/axis_move/feedback_json,std_msgs/msg/String,2026-08-27T21:22:38.849544-04:00,1787880158,849536473,1787880158849536473,125.959953,,,,1276,1275,1,0,0,1276,AxisTarget,1,True,True,True,False,-14.180706,-59.700493,99.375046,-0.038281,50.100315,-14.285014,582.163513,147.143021,471.91391,179.872208,0.19006,179.922089,61,False,True,4,58,True,
170,/kuka/axis_move/feedback_json,std_msgs/msg/String,2026-08-27T21:22:38.973586-04:00,1787880158,973579674,1787880158973579674,124.043201,,,,1277,1276,1,0,0,1277,AxisTarget,1,True,True,True,False,-14.180239,-59.570389,99.466873,-0.043969,49.859543,-14.286364,582.134094,147.136688,469.992584,179.86647,0.200059,179.914993,61,False,True,4,58,True,
171,/kuka/axis_move/feedback_json,std_msgs/msg/String,2026-08-27T21:22:39.097633-04:00,1787880159,97620739,1787880159097620739,124.041065,,,,1278,1277,1,0,0,1278,AxisTarget,1,True,True,True,False,-14.179743,-59.431618,99.564827,-0.050037,49.618771,-14.287712,582.096802,147.128387,468.011139,179.860504,0.210387,179.907684,61,False,True,4,58,True,
172,/kuka/axis_move/feedback_json,std_msgs/msg/String,2026-08-27T21:22:39.227057-04:00,1787880159,227044995,1787880159227044995,129.424256,,,,1279,1278,1,0,0,1279,AxisTarget,1,True,True,True,True,-14.179263,-59.29718,99.659714,-0.055917,49.377995,-14.289059,582.053955,147.118622,466.093353,179.854675,0.220399,179.900635,61,False,True,4,59,False,
173,/kuka/axis_move/feedback_json,std_msgs/msg/String,2026-08-27T21:22:39.356498-04:00,1787880159,356487004,1787880159356487004,129.442009,,,,1280,1279,1,0,0,1280,AxisTarget,1,True,True,True,False,-14.178753,-59.154068,99.760727,-0.062177,49.121689,-14.290492,582.002869,147.106766,464.115601,179.848633,0.230741,179.893387,61,False,True,4,59,False,
174,/kuka/axis_move/feedback_json,std_msgs/msg/String,2026-08-27T21:22:39.484579-04:00,1787880159,484573899,1787880159484573899,128.086895,,,,1281,1280,1,0,0,1281,AxisTarget,1,True,True,True,False,-14.178274,-59.01963,99.855621,-0.068057,48.880917,-14.291839,581.944824,147.093109,462.13974,179.84256,0.241091,179.886169,61,False,True,4,59,False,
175,/kuka/axis_move/feedback_json,std_msgs/msg/String,2026-08-27T21:22:39.609347-04:00,1787880159,609340886,1787880159609340886,124.766987,,,,1282,1281,1,0,0,1282,AxisTarget,1,True,True,True,False,-14.177778,-58.880856,99.953575,-0.074127,48.632374,-14.293229,581.879883,147.077621,460.165833,179.836426,0.251446,179.878983,61,False,True,4,59,False,
176,/kuka/axis_move/feedback_json,std_msgs/msg/String,2026-08-27T21:22:39.737305-04:00,1787880159,737294065,1787880159737294065,127.953179,,,,1283,1282,1,0,0,1283,AxisTarget,1,True,True,True,False,-14.177279,-58.742073,100.051521,-0.080195,48.383835,-14.29462,581.807922,147.060303,458.193848,179.830261,0.261804,179.871841,61,False,True,4,59,False,
177,/kuka/axis_move/feedback_json,std_msgs/msg/String,2026-08-27T21:22:39.861468-04:00,1787880159,861440721,1787880159861440721,124.146656,,,,1284,1283,1,0,0,1284,AxisTarget,1,True,True,True,False,-14.176778,-58.603283,100.149475,-0.086264,48.135292,-14.296011,581.729126,147.041153,456.223785,179.824066,0.272166,179.864731,61,False,True,4,59,False,
178,/kuka/axis_move/feedback_json,std_msgs/msg/String,2026-08-27T21:22:39.991744-04:00,1787880159,991738785,1787880159991738785,130.298064,,,,1285,1284,1,0,0,1285,AxisTarget,1,True,True,True,False,-14.176291,-58.46883,100.247421,-0.092331,47.886753,-14.297401,581.646118,147.020874,454.3172,179.818008,0.282208,179.857864,61,False,True,4,59,False,
179,/kuka/axis_move/feedback_json,std_msgs/msg/String,2026-08-27T21:22:40.115155-04:00,1787880160,115143724,1787880160115143724,123.404939,,,,1286,1285,1,0,0,1286,AxisTarget,1,True,True,True,False,-14.175787,-58.330036,100.342308,-0.098209,47.645981,-14.298749,581.553711,146.998154,452.351166,179.811722,0.292582,179.85083,61,False,True,4,59,False,
180,/kuka/axis_move/feedback_json,std_msgs/msg/String,2026-08-27T21:22:40.241543-04:00,1787880160,241537603,1787880160241537603,126.393879,,,,1287,1286,1,0,0,1287,AxisTarget,1,True,True,True,False,-14.175305,-58.195595,100.437195,-0.104085,47.405205,-14.300098,581.457581,146.974503,450.448639,179.805603,0.302653,179.844025,61,False,True,4,59,False,
181,/kuka/axis_move/feedback_json,std_msgs/msg/String,2026-08-27T21:22:40.368233-04:00,1787880160,368221540,1787880160368221540,126.683937,,,,1288,1287,1,0,0,1288,AxisTarget,1,True,True,True,False,-14.174829,-58.059383,100.533295,-0.110031,47.161476,-14.301465,581.353333,146.948898,448.519104,179.799377,0.312918,179.837158,61,False,True,4,59,False,
182,/kuka/axis_move/feedback_json,std_msgs/msg/String,2026-08-27T21:22:40.495551-04:00,1787880160,495540246,1787880160495540246,127.318706,,,,1289,1288,1,0,0,1289,AxisTarget,1,True,True,True,False,-14.174432,-57.957752,100.602592,-0.114189,46.998745,-14.302382,581.264771,146.926865,446.971741,179.794281,0.321117,179.831665,61,False,True,4,59,False,
183,/kuka/axis_move/feedback_json,std_msgs/msg/String,2026-08-27T21:22:40.621391-04:00,1787880160,621359291,1787880160621359291,125.819045,,,,1290,1289,1,0,0,1290,AxisTarget,1,True,True,True,False,-14.1744,-57.9538,100.604797,-0.1143,46.995499,-14.3024,581.257568,146.92485,446.848267,179.793823,0.321724,179.831223,61,False,True,4,59,False,
184,/kuka/axis_move/feedback_json,std_msgs/msg/String,2026-08-27T21:22:40.749398-04:00,1787880160,749384305,1787880160749384305,128.025014,,,,1291,1290,1,0,0,1291,AxisTarget,1,True,True,True,False,-14.1744,-57.9538,100.604797,-0.1143,46.995499,-14.3024,581.257568,146.92485,446.848267,179.793823,0.321724,179.831223,61,False,True,4,59,False,
185,/kuka/axis_move/feedback_json,std_msgs/msg/String,2026-08-27T21:22:40.874624-04:00,1787880160,874613035,1787880160874613035,125.22873,,,,1292,1291,1,0,0,1292,AxisTarget,1,True,True,True,False,-14.1744,-57.9538,100.604797,-0.1143,46.995499,-14.3024,581.257568,146.92485,446.848267,179.793823,0.321724,179.831223,61,False,True,4,59,False,
186,/kuka/axis_move/feedback_json,std_msgs/msg/String,2026-08-27T21:22:40.998178-04:00,1787880160,998172129,1787880160998172129,123.559094,,,,1293,1292,1,0,0,1293,AxisTarget,1,True,True,True,False,-14.1744,-57.9538,100.604797,-0.1143,46.995499,-14.3024,581.257568,146.92485,446.848267,179.793823,0.321724,179.831223,61,False,True,4,59,False,
187,/kuka/axis_move/feedback_json,std_msgs/msg/String,2026-08-27T21:22:41.123116-04:00,1787880161,123092836,1787880161123092836,124.920707,,,,1294,1293,1,0,0,1294,AxisTarget,1,True,True,True,False,-14.1744,-57.9538,100.604797,-0.1143,46.995499,-14.3024,581.257568,146.92485,446.848267,179.793823,0.321724,179.831223,61,False,True,4,59,False,
188,/kuka/axis_move/feedback_json,std_msgs/msg/String,2026-08-27T21:22:41.252631-04:00,1787880161,252625071,1787880161252625071,129.532235,,,,1295,1294,1,0,0,1295,AxisTarget,1,True,True,True,False,-14.1744,-57.9538,100.604797,-0.1143,46.995499,-14.3024,581.257568,146.92485,446.848267,179.793823,0.321724,179.831223,61,False,True,4,59,False,
189,/kuka/axis_move/feedback_json,std_msgs/msg/String,2026-08-27T21:22:41.476653-04:00,1787880161,476637454,1787880161476637454,224.012383,,,,1296,1295,1,0,0,1296,AxisTarget,1,False,True,False,False,-14.1744,-57.9538,100.604797,-0.1143,46.995499,-14.3024,581.257568,146.92485,446.848267,179.793823,0.321724,179.831223,62,False,True,4,59,False,
190,/kuka/axis_move/feedback_json,std_msgs/msg/String,2026-08-27T21:22:41.709920-04:00,1787880161,709890650,1787880161709890650,233.253196,,,,1297,1296,1,0,0,1297,AxisTarget,1,False,True,False,False,-14.1744,-57.9538,100.604797,-0.1143,46.995499,-14.3024,581.257568,146.92485,446.848267,179.793823,0.321724,179.831223,63,False,True,4,59,False,
191,/kuka/axis_move/feedback_json,std_msgs/msg/String,2026-08-27T21:22:41.837628-04:00,1787880161,837582489,1787880161837582489,127.691839,,,,1298,1297,1,0,0,1298,AxisTarget,1,False,True,False,False,-14.1744,-57.9538,100.604797,-0.1143,46.995499,-14.3024,581.257568,146.92485,446.848267,179.793823,0.321724,179.831223,63,False,True,4,59,False,
192,/kuka/axis_move/feedback_json,std_msgs/msg/String,2026-08-27T21:22:41.969547-04:00,1787880161,969520245,1787880161969520245,131.937756,,,,1299,1298,1,0,0,1299,AxisTarget,1,False,True,False,False,-14.1744,-57.9538,100.604797,-0.1143,46.995499,-14.3024,581.257568,146.92485,446.848267,179.793823,0.321724,179.831223,63,False,True,4,59,False,
193,/kuka/axis_move/feedback_json,std_msgs/msg/String,2026-08-27T21:22:42.097087-04:00,1787880162,97059691,1787880162097059691,127.539446,,,,1300,1299,1,0,0,1300,AxisTarget,1,False,True,False,False,-14.1744,-57.9538,100.604797,-0.1143,46.995499,-14.3024,581.257568,146.92485,446.848267,179.793823,0.321724,179.831223,63,False,True,4,59,False,
194,/kuka/axis_move/feedback_json,std_msgs/msg/String,2026-08-27T21:22:42.323724-04:00,1787880162,323707473,1787880162323707473,226.647782,,,,1301,1300,1,0,0,1301,AxisTarget,1,False,True,False,False,-14.1744,-57.9538,100.604797,-0.1143,46.995499,-14.3024,581.257568,146.92485,446.848267,179.793823,0.321724,179.831223,64,False,True,4,59,False,
195,/kuka/axis_move/feedback_json,std_msgs/msg/String,2026-08-27T21:22:42.847903-04:00,1787880162,847874514,1787880162847874514,524.167041,,,,1302,1301,1,0,0,1302,AxisTarget,1,False,True,False,False,-14.1744,-57.9538,100.604797,-0.1143,46.995499,-14.3024,581.257568,146.92485,446.848267,179.793823,0.321724,179.831223,65,False,True,5,62,True,
196,/kuka/axis_move/feedback_json,std_msgs/msg/String,2026-08-27T21:22:42.980642-04:00,1787880162,980620178,1787880162980620178,132.745664,,,,1303,1302,1,0,0,1303,AxisTarget,1,True,True,True,True,-14.174423,-57.955429,100.603279,-0.114231,47.004112,-14.302411,581.257751,146.924957,446.852448,179.793839,0.321703,179.831223,65,False,True,5,64,True,
197,/kuka/axis_move/feedback_json,std_msgs/msg/String,2026-08-27T21:22:43.111186-04:00,1787880163,111162819,1787880163111162819,130.542641,,,,1304,1303,1,0,0,1304,AxisTarget,1,True,True,True,False,-14.176391,-58.056747,100.531677,-0.112314,47.199421,-14.302622,581.317871,146.958252,448.10144,179.796799,0.315577,179.833786,65,False,True,5,64,True,
198,/kuka/axis_move/feedback_json,std_msgs/msg/String,2026-08-27T21:22:43.234893-04:00,1787880163,234869425,1787880163234869425,123.706606,,,,1305,1304,1,0,0,1305,AxisTarget,1,True,True,True,False,-14.179247,-58.197956,100.435539,-0.109791,47.446678,-14.3029,581.40741,147.009552,450.080292,179.801468,0.305873,179.83786,65,False,True,5,64,True,
199,/kuka/axis_move/feedback_json,std_msgs/msg/String,2026-08-27T21:22:43.365395-04:00,1787880163,365390061,1787880163365390061,130.520636,,,,1306,1305,1,0,0,1306,AxisTarget,1,True,True,True,True,-14.182076,-58.337925,100.340073,-0.107272,47.692917,-14.303187,581.486755,147.056992,451.975525,179.805908,0.296582,179.841797,65,False,True,5,65,True,
200,/kuka/axis_move/feedback_json,std_msgs/msg/String,2026-08-27T21:22:43.493514-04:00,1787880163,493502772,1787880163493502772,128.112711,,,,1307,1306,1,0,0,1307,AxisTarget,1,True,True,True,False,-14.184939,-58.479519,100.243568,-0.104727,47.941456,-14.303476,581.565125,147.106354,454.022797,179.810684,0.286559,179.846054,65,False,True,5,65,True,
201,/kuka/axis_move/feedback_json,std_msgs/msg/String,2026-08-27T21:22:43.621818-04:00,1787880163,621805848,1787880163621805848,128.303076,,,,1308,1307,1,0,0,1308,AxisTarget,1,True,True,True,False,-14.187802,-58.621117,100.147064,-0.10218,48.189999,-14.303761,581.633972,147.152374,456.010071,179.815323,0.276843,179.850189,65,False,True,5,65,True,
202,/kuka/axis_move/feedback_json,std_msgs/msg/String,2026-08-27T21:22:43.745117-04:00,1787880163,745087419,1787880163745087419,123.281571,,,,1309,1308,1,0,0,1309,AxisTarget,1,True,True,True,False,-14.190665,-58.762718,100.050568,-0.09963,48.438538,-14.304041,581.693909,147.195236,457.937134,179.819794,0.267431,179.854218,65,False,True,5,65,True,
203,/kuka/axis_move/feedback_json,std_msgs/msg/String,2026-08-27T21:22:43.869104-04:00,1787880163,869082310,1787880163869082310,123.994891,,,,1310,1309,1,0,0,1310,AxisTarget,1,True,True,True,False,-14.193378,-58.896729,99.959373,-0.097223,48.672874,-14.304302,581.746338,147.235703,459.832886,179.824173,0.258183,179.8582,65,False,True,5,66,True,
204,/kuka/axis_move/feedback_json,std_msgs/msg/String,2026-08-27T21:22:43.997794-04:00,1787880163,997782179,1787880163997782179,128.699869,,,,1311,1310,1,0,0,1311,AxisTarget,1,True,True,True,True,-14.19612,-59.032528,99.866714,-0.09477,48.912106,-14.304569,581.793762,147.275833,461.795074,179.828705,0.248623,179.86232,65,False,True,5,66,True,
205,/kuka/axis_move/feedback_json,std_msgs/msg/String,2026-08-27T21:22:44.129593-04:00,1787880164,129581196,1787880164129581196,131.799017,,,,1312,1311,1,0,0,1312,AxisTarget,1,True,True,True,False,-14.198983,-59.174129,99.770226,-0.09222,49.160645,-14.304848,581.834961,147.314789,463.789948,179.833282,0.238917,179.866531,65,False,True,5,66,True,
206,/kuka/axis_move/feedback_json,std_msgs/msg/String,2026-08-27T21:22:44.253197-04:00,1787880164,253174382,1787880164253174382,123.593186,,,,1313,1312,1,0,0,1313,AxisTarget,1,True,True,True,False,-14.201935,-59.320156,99.670723,-0.089592,49.416954,-14.305136,581.869934,147.353073,465.849091,179.837982,0.228908,179.87088,65,False,True,5,66,True,
207,/kuka/axis_move/feedback_json,std_msgs/msg/String,2026-08-27T21:22:44.381583-04:00,1787880164,381572498,1787880164381572498,128.398116,,,,1314,1313,1,0,0,1314,AxisTarget,1,True,True,True,False,-14.204708,-59.457325,99.57724,-0.087125,49.657726,-14.305417,581.895996,147.387283,467.785217,179.842377,0.219506,179.874985,65,False,True,5,66,True,
208,/kuka/axis_move/feedback_json,std_msgs/msg/String,2026-08-27T21:22:44.505381-04:00,1787880164,505358285,1787880164505358285,123.785787,,,,1315,1314,1,0,0,1315,AxisTarget,1,True,True,True,False,-14.207571,-59.598915,99.480751,-0.084582,49.906265,-14.305691,581.915833,147.420807,469.785553,179.846893,0.2098,179.879227,65,False,True,5,66,True,
209,/kuka/axis_move/feedback_json,std_msgs/msg/String,2026-08-27T21:22:44.630519-04:00,1787880164,630490668,1787880164630490668,125.132383,,,,1316,1315,1,0,0,1316,AxisTarget,1,True,True,True,False,-14.210345,-59.736076,99.387268,-0.08212,50.147041,-14.305966,581.92804,147.450592,471.662445,179.851105,0.200701,179.883224,65,False,True,5,66,True,
210,/kuka/axis_move/feedback_json,std_msgs/msg/String,2026-08-27T21:22:44.761410-04:00,1787880164,761382062,1787880164761382062,130.891394,,,,1317,1316,1,0,0,1317,AxisTarget,1,True,True,True,False,-14.213119,-59.873238,99.293793,-0.079658,50.39558,-14.306252,581.934082,147.480576,473.666168,179.855591,0.190997,179.887497,65,False,True,5,67,True,
211,/kuka/axis_move/feedback_json,std_msgs/msg/String,2026-08-27T21:22:44.889380-04:00,1787880164,889343268,1787880164889343268,127.961206,,,,1318,1317,1,0,0,1318,AxisTarget,1,True,True,True,True,-14.21607,-60.019245,99.194275,-0.077038,50.644119,-14.306537,581.932983,147.508743,475.671631,179.860062,0.181296,179.891785,65,False,True,5,67,True,
212,/kuka/axis_move/feedback_json,std_msgs/msg/String,2026-08-27T21:22:45.012900-04:00,1787880165,12884232,1787880165012884232,123.540964,,,,1319,1318,1,0,0,1319,AxisTarget,1,True,True,True,False,-14.218933,-60.160831,99.097786,-0.074498,50.892662,-14.306821,581.924744,147.535065,477.678833,179.864517,0.171599,179.896088,65,False,True,5,67,True,
213,/kuka/axis_move/feedback_json,std_msgs/msg/String,2026-08-27T21:22:45.142237-04:00,1787880165,142224714,1787880165142224714,129.340482,,,,1320,1319,1,0,0,1320,AxisTarget,1,True,True,True,False,-14.221706,-60.297993,99.004303,-0.072038,51.133434,-14.307096,581.909973,147.558807,479.624908,179.868805,0.16221,179.900253,65,False,True,5,67,True,
214,/kuka/axis_move/feedback_json,std_msgs/msg/String,2026-08-27T21:22:45.269787-04:00,1787880165,269781490,1787880165269781490,127.556776,,,,1321,1320,1,0,0,1321,AxisTarget,1,True,True,True,False,-14.224567,-60.439583,98.907806,-0.0695,51.38974,-14.307389,581.88678,147.582184,481.698273,179.873352,0.152222,179.904724,65,False,True,5,67,True,
215,/kuka/axis_move/feedback_json,std_msgs/msg/String,2026-08-27T21:22:45.393505-04:00,1787880165,393500616,1787880165393500616,123.719126,,,,1322,1321,1,0,0,1322,AxisTarget,1,True,True,True,False,-14.227428,-60.581177,98.81131,-0.066963,51.630516,-14.307663,581.858032,147.602325,483.647614,179.877609,0.142846,179.90892,65,False,True,5,67,True,
216,/kuka/axis_move/feedback_json,std_msgs/msg/String,2026-08-27T21:22:45.520992-04:00,1787880165,520963140,1787880165520963140,127.462524,,,,1323,1322,1,0,0,1323,AxisTarget,1,True,True,True,False,-14.230199,-60.718349,98.717834,-0.064508,51.871288,-14.307937,581.821228,147.621307,485.661438,179.882004,0.133175,179.913269,65,False,True,5,67,True,
217,/kuka/axis_move/feedback_json,std_msgs/msg/String,2026-08-27T21:22:45.647417-04:00,1787880165,647381419,1787880165647381419,126.418279,,,,1324,1323,1,0,0,1324,AxisTarget,1,True,True,True,False,-14.233057,-60.859951,98.621338,-0.061975,52.119827,-14.308217,581.777222,147.638412,487.67688,179.886353,0.12351,179.917633,65,False,True,5,67,True,
218,/kuka/axis_move/feedback_json,std_msgs/msg/String,2026-08-27T21:22:45.777042-04:00,1787880165,777011397,1787880165777011397,129.629978,,,,1325,1324,1,0,0,1325,AxisTarget,1,True,True,True,False,-14.235915,-61.001556,98.524841,-0.059443,52.36837,-14.308497,581.726013,147.653671,489.693878,179.890701,0.113851,179.921997,65,False,True,5,67,True,
219,/kuka/axis_move/feedback_json,std_msgs/msg/String,2026-08-27T21:22:45.901373-04:00,1787880165,901344462,1787880165901344462,124.333065,,,,1326,1325,1,0,0,1326,AxisTarget,1,True,True,True,True,-14.238656,-61.13665,98.433289,-0.057056,52.60149,-14.308759,581.669495,147.666656,491.649475,179.894897,0.104499,179.926239,65,False,True,5,68,True,
220,/kuka/axis_move/feedback_json,std_msgs/msg/String,2026-08-27T21:22:46.029838-04:00,1787880166,29825981,1787880166029825981,128.481519,,,,1327,1326,1,0,0,1327,AxisTarget,1,True,True,True,False,-14.241114,-61.259121,98.349342,-0.054841,52.820339,-14.309007,581.616333,147.6763,493.307404,179.898438,0.096577,179.929855,65,False,True,5,68,True,
221,/kuka/axis_move/feedback_json,std_msgs/msg/String,2026-08-27T21:22:46.157660-04:00,1787880166,157637583,1787880166157637583,127.811602,,,,1328,1327,1,0,0,1328,AxisTarget,1,True,True,True,False,-14.243969,-61.400673,98.252869,-0.05231,53.068878,-14.309287,581.545044,147.686325,495.32373,179.90271,0.086953,179.93425,65,False,True,5,68,True,
222,/kuka/axis_move/feedback_json,std_msgs/msg/String,2026-08-27T21:22:46.286231-04:00,1787880166,286216157,1787880166286216157,128.578574,,,,1329,1328,1,0,0,1329,AxisTarget,1,True,True,True,False,-14.246826,-61.542278,98.156372,-0.049779,53.317417,-14.309567,581.463867,147.694717,497.409576,179.90712,0.077008,179.938812,65,False,True,5,68,True,
223,/kuka/axis_move/feedback_json,std_msgs/msg/String,2026-08-27T21:22:46.413650-04:00,1787880166,413626839,1787880166413626839,127.410682,,,,1330,1329,1,0,0,1330,AxisTarget,1,True,True,True,False,-14.249683,-61.683884,98.059875,-0.047167,53.573727,-14.309857,581.380493,147.70079,499.370331,179.911255,0.067668,179.9431,65,False,True,5,68,True,
224,/kuka/axis_move/feedback_json,std_msgs/msg/String,2026-08-27T21:22:46.541210-04:00,1787880166,541188360,1787880166541188360,127.561521,,,,1331,1330,1,0,0,1331,AxisTarget,1,True,True,True,False,-14.252541,-61.825489,97.963379,-0.044711,53.814499,-14.310131,581.284241,147.705322,501.459015,179.915634,0.057728,179.947693,65,False,True,5,68,True,
225,/kuka/axis_move/feedback_json,std_msgs/msg/String,2026-08-27T21:22:46.668330-04:00,1787880166,668300419,1787880166668300419,127.112059,,,,1332,1331,1,0,0,1332,AxisTarget,1,True,True,True,False,-14.255308,-61.967091,97.866882,-0.042174,54.063038,-14.310415,581.186829,147.707748,503.422424,179.919724,0.048393,179.952011,65,False,True,5,68,True,
226,/kuka/axis_move/feedback_json,std_msgs/msg/String,2026-08-27T21:22:46.793491-04:00,1787880166,793473443,1787880166793473443,125.173024,,,,1333,1332,1,0,0,1333,AxisTarget,1,True,True,True,False,-14.258254,-62.108692,97.770386,-0.039636,54.311581,-14.3107,581.079041,147.708405,505.450439,179.92392,0.03876,179.956497,65,False,True,5,69,False,
227,/kuka/axis_move/feedback_json,std_msgs/msg/String,2026-08-27T21:22:46.924900-04:00,1787880166,924877655,1787880166924877655,131.404212,,,,1334,1333,1,0,0,1334,AxisTarget,1,True,True,True,True,-14.260933,-62.245869,97.676903,-0.037176,54.552353,-14.310977,580.967651,147.70723,507.41629,179.927979,0.02943,179.960846,65,False,True,5,69,False,
228,/kuka/axis_move/feedback_json,std_msgs/msg/String,2026-08-27T21:22:47.053767-04:00,1787880167,53732915,1787880167053732915,128.85526,,,,1335,1334,1,0,0,1335,AxisTarget,1,True,True,True,False,-14.263968,-62.391895,97.577393,-0.034557,54.808662,-14.311272,580.837585,147.703903,509.573761,179.932419,0.019201,179.965622,65,False,True,5,69,False,
229,/kuka/axis_move/feedback_json,std_msgs/msg/String,2026-08-27T21:22:47.181148-04:00,1787880167,181126030,1787880167181126030,127.393115,,,,1336,1335,1,0,0,1336,AxisTarget,1,True,True,True,False,-14.266825,-62.537922,97.477882,-0.031938,55.064968,-14.311567,580.707642,147.698822,511.605591,179.936569,0.009577,179.970139,65,False,True,5,69,False,
230,/kuka/axis_move/feedback_json,std_msgs/msg/String,2026-08-27T21:22:47.311727-04:00,1787880167,311665187,1787880167311665187,130.539157,,,,1337,1336,1,0,0,1337,AxisTarget,1,True,True,True,False,-14.26968,-62.679523,97.381386,-0.029393,55.313507,-14.311858,580.570435,147.691833,513.638611,179.940689,-4.1e-05,179.97467,65,False,True,5,69,False,
231,/kuka/axis_move/feedback_json,std_msgs/msg/String,2026-08-27T21:22:47.437931-04:00,1787880167,437908674,1787880167437908674,126.243487,,,,1338,1337,1,0,0,1338,AxisTarget,1,True,True,True,False,-14.272623,-62.821125,97.284882,-0.026844,55.56205,-14.312155,580.425842,147.682922,515.672791,179.944809,-0.009655,179.979218,65,False,True,5,69,False,
232,/kuka/axis_move/feedback_json,std_msgs/msg/String,2026-08-27T21:22:47.565569-04:00,1787880167,565536730,1787880167565536730,127.628056,,,,1339,1338,1,0,0,1339,AxisTarget,1,True,True,True,False,-14.275318,-62.954254,97.19458,-0.024468,55.792343,-14.312431,580.276489,147.672302,517.674133,179.948822,-0.019102,179.983704,65,False,True,5,69,False,
233,/kuka/axis_move/feedback_json,std_msgs/msg/String,2026-08-27T21:22:47.700084-04:00,1787880167,700078744,1787880167700078744,134.542014,,,,1340,1339,1,0,0,1340,AxisTarget,1,True,True,True,False,-14.278115,-63.093666,97.099144,-0.021852,56.04818,-14.312742,580.126831,147.6604,519.591248,179.952652,-0.028144,179.988022,65,False,True,5,69,False,
234,/kuka/axis_move/feedback_json,std_msgs/msg/String,2026-08-27T21:22:47.825322-04:00,1787880167,825310558,1787880167825310558,125.231814,,,,1341,1340,1,0,0,1341,AxisTarget,1,True,True,True,False,-14.281065,-63.239685,96.999626,-0.019301,56.296722,-14.313026,579.955444,147.645477,521.692383,179.956848,-0.03805,179.992737,65,False,True,5,69,False,
235,/kuka/axis_move/feedback_json,std_msgs/msg/String,2026-08-27T21:22:47.953362-04:00,1787880167,953340656,1787880167953340656,128.030098,,,,1342,1341,1,0,0,1342,AxisTarget,1,True,True,True,False,-14.283865,-63.376842,96.906151,-0.016835,56.537495,-14.313263,579.781677,147.629379,523.730713,179.960953,-0.047674,179.997345,65,False,True,5,69,False,
236,/kuka/axis_move/feedback_json,std_msgs/msg/String,2026-08-27T21:22:48.623221-04:00,1787880168,623199633,1787880168623199633,669.858977,,,,1343,1342,1,0,0,1343,AxisTarget,1,True,True,True,False,-14.2861,-63.4856,96.835098,-0.0151,56.705002,-14.3135,579.625977,147.613266,525.488037,179.96431,-0.055928,-179.998749,66,False,True,6,73,True,
237,/kuka/axis_move/feedback_json,std_msgs/msg/String,2026-08-27T21:22:49.293999-04:00,1787880169,293987589,1787880169293987589,670.787956,,,,1344,1343,1,0,0,1344,AxisTarget,1,True,True,True,True,-9.975793,-64.608803,98.549469,0.000603,56.067818,-15.696833,579.377014,102.802841,525.687744,174.456924,-0.011009,-179.997055,67,False,True,6,77,True,
238,/kuka/axis_move/feedback_json,std_msgs/msg/String,2026-08-27T21:22:49.417920-04:00,1787880169,417853064,1787880169417853064,123.865475,,,,1345,1344,1,0,0,1345,AxisTarget,1,True,True,True,True,-8.68227,-64.940414,99.047432,0.005071,55.888577,-16.079855,578.608643,89.440201,525.722656,172.796021,0.002555,-179.997009,67,False,True,6,78,True,
239,/kuka/axis_move/feedback_json,std_msgs/msg/String,2026-08-27T21:22:49.544970-04:00,1787880169,544963470,1787880169544963470,127.110406,,,,1346,1345,1,0,0,1346,AxisTarget,1,True,True,True,False,-7.444742,-65.261841,99.536491,0.00953,55.708004,-16.470455,577.583191,76.791809,525.744812,171.214233,0.015444,-179.997116,67,False,True,6,78,True,
240,/kuka/axis_move/feedback_json,std_msgs/msg/String,2026-08-27T21:22:49.669385-04:00,1787880169,669363420,1787880169669363420,124.39995,,,,1347,1346,1,0,0,1347,AxisTarget,1,True,True,True,False,-6.083012,-65.612144,100.064278,0.014315,55.516979,-16.87965,576.033997,62.182812,525.75708,169.374207,0.030425,-179.997452,67,False,True,6,79,True,
241,/kuka/axis_move/feedback_json,std_msgs/msg/String,2026-08-27T21:22:49.797188-04:00,1787880169,797182677,1787880169797182677,127.819257,,,,1348,1347,1,0,0,1348,AxisTarget,1,True,True,True,True,-4.833459,-65.935532,100.554733,0.0188,55.336849,-17.268591,574.356079,49.41946,525.755859,167.753952,0.043606,-179.99794,67,False,True,6,79,True,
242,/kuka/axis_move/feedback_json,std_msgs/msg/String,2026-08-27T21:22:49.922146-04:00,1787880169,922134347,1787880169922134347,124.95167,,,,1349,1348,1,0,0,1349,AxisTarget,1,True,True,True,False,-3.451083,-66.292168,101.093735,0.023691,55.140415,-17.690872,572.14917,35.343182,525.741272,165.951859,0.058258,-179.998718,67,False,True,6,80,True,
243,/kuka/axis_move/feedback_json,std_msgs/msg/String,2026-08-27T21:22:50.045550-04:00,1787880170,45544453,1787880170045544453,123.410106,,,,1350,1349,1,0,0,1350,AxisTarget,1,True,True,True,True,-2.201221,-66.613335,101.577347,0.028048,54.965225,-18.066565,569.90033,22.99571,525.716614,164.356735,0.071218,-179.999619,67,False,True,6,80,True,
244,/kuka/axis_move/feedback_json,std_msgs/msg/String,2026-08-27T21:22:50.172230-04:00,1787880170,172225221,1787880170172225221,126.680768,,,,1351,1350,1,0,0,1351,AxisTarget,1,True,True,True,False,-0.8965,-66.951286,102.089973,0.032694,54.777203,-18.471825,567.144043,9.693773,525.677368,162.621872,0.085297,179.999191,67,False,True,6,80,True,
245,/kuka/axis_move/feedback_json,std_msgs/msg/String,2026-08-27T21:22:50.297398-04:00,1787880170,297376210,1787880170297376210,125.150989,,,,1352,1351,1,0,0,1352,AxisTarget,1,True,True,True,False,0.4859,-67.307945,102.629044,0.037568,54.5807,-18.894331,564.049011,-3.549377,525.624756,160.87619,0.099443,179.997772,67,False,True,6,81,True,
246,/kuka/axis_move/feedback_json,std_msgs/msg/String,2026-08-27T21:22:50.421141-04:00,1787880170,421118906,1787880170421118906,123.742696,,,,1353,1352,1,0,0,1353,AxisTarget,1,True,True,True,True,1.8251,-67.653465,103.151253,0.042292,54.390347,-19.303642,560.521484,-17.062019,525.55658,159.074203,0.114018,179.996094,67,False,True,6,81,True,
247,/kuka/axis_move/feedback_json,std_msgs/msg/String,2026-08-27T21:22:50.549666-04:00,1787880170,549660586,1787880170549660586,128.54168,,,,1354,1353,1,0,0,1354,AxisTarget,1,True,True,True,False,3.1643,-67.998978,103.673462,0.047016,54.199993,-19.712957,556.787415,-29.991625,525.477173,157.328552,0.128118,179.994232,67,False,True,6,81,True,
248,/kuka/axis_move/feedback_json,std_msgs/msg/String,2026-08-27T21:22:50.674915-04:00,1787880170,674892693,1787880170674892693,125.232107,,,,1355,1354,1,0,0,1355,AxisTarget,1,True,True,True,True,4.522941,-68.348419,104.199738,0.051758,54.009697,-20.120308,552.664185,-43.006752,525.382568,155.548294,0.142484,179.992111,67,False,True,6,82,True,
249,/kuka/axis_move/feedback_json,std_msgs/msg/String,2026-08-27T21:22:50.804270-04:00,1787880170,804238347,1787880170804238347,129.345654,,,,1356,1355,1,0,0,1356,AxisTarget,1,True,True,True,False,5.769607,-68.671165,104.689354,0.056205,53.829678,-20.509268,548.794556,-54.262871,525.288391,153.988419,0.155052,179.990067,67,False,True,6,82,True,
250,/kuka/axis_move/feedback_json,std_msgs/msg/String,2026-08-27T21:22:50.927715-04:00,1787880170,927708129,1787880170927708129,123.469782,,,,1357,1356,1,0,0,1357,AxisTarget,1,True,True,True,False,7.108191,-69.016426,105.210915,0.060923,53.639832,-20.917038,544.033691,-67.081543,525.166321,152.18721,0.169525,179.987488,67,False,True,6,83,True,
251,/kuka/axis_move/feedback_json,std_msgs/msg/String,2026-08-27T21:22:51.053504-04:00,1787880171,53475207,1787880171053475207,125.767078,,,,1358,1357,1,0,0,1358,AxisTarget,1,True,True,True,True,8.299558,-69.322563,105.672035,0.065089,53.472527,-21.276318,539.772766,-77.754379,525.052063,150.665787,0.181715,179.985138,67,False,True,6,83,True,
252,/kuka/axis_move/feedback_json,std_msgs/msg/String,2026-08-27T21:22:51.185504-04:00,1787880171,185474513,1787880171185474513,131.999306,,,,1359,1358,1,0,0,1359,AxisTarget,1,True,True,True,False,9.605194,-69.660515,106.184097,0.069888,53.279533,-21.691307,534.653503,-89.742111,524.909546,148.931396,0.195581,179.982254,67,False,True,6,84,True,
253,/kuka/axis_move/feedback_json,std_msgs/msg/String,2026-08-27T21:22:51.313929-04:00,1787880171,313906369,1787880171313906369,128.431856,,,,1360,1359,1,0,0,1360,AxisTarget,1,True,True,True,True,10.764074,-69.957893,106.631454,0.073793,53.123287,-22.026915,529.90802,-100.159775,524.772888,147.400497,0.207801,179.979538,67,False,True,6,84,True,
254,/kuka/axis_move/feedback_json,std_msgs/msg/String,2026-08-27T21:22:51.438301-04:00,1787880171,438283622,1787880171438283622,124.377253,,,,1361,1360,1,0,0,1361,AxisTarget,1,True,True,True,True,12.031527,-70.284042,107.122452,0.078243,52.946377,-22.404366,524.697876,-110.93499,524.617981,145.792038,0.220604,179.976517,67,False,True,6,85,False,
255,/kuka/axis_move/feedback_json,std_msgs/msg/String,2026-08-27T21:22:51.566261-04:00,1787880171,566248952,1787880171566248952,127.96533,,,,1362,1361,1,0,0,1362,AxisTarget,1,True,True,True,False,12.996754,-70.534187,107.502502,0.081729,52.806213,-22.707483,520.337524,-119.484276,524.484497,144.496414,0.230886,179.973953,67,False,True,6,85,False,
256,/kuka/axis_move/feedback_json,std_msgs/msg/String,2026-08-27T21:22:51.690255-04:00,1787880171,690249541,1787880171690249541,124.000589,,,,1363,1362,1,0,0,1363,AxisTarget,1,True,True,True,False,13.896456,-70.763664,107.84539,0.084789,52.683796,-22.96838,516.277954,-127.101089,524.358337,143.326614,0.240154,179.971512,67,False,True,6,85,False,
257,/kuka/axis_move/feedback_json,std_msgs/msg/String,2026-08-27T21:22:51.818124-04:00,1787880171,818113296,1787880171818113296,127.863755,,,,1364,1363,1,0,0,1364,AxisTarget,1,True,True,True,False,14.556662,-70.930901,108.098358,0.087021,52.595676,-23.152914,513.001221,-133.029099,524.254822,142.405579,0.247476,179.969498,67,False,True,6,85,False,
258,/kuka/axis_move/feedback_json,std_msgs/msg/String,2026-08-27T21:22:51.945790-04:00,1787880171,945766968,1787880171945766968,127.653672,,,,1365,1364,1,0,0,1365,AxisTarget,1,True,True,True,False,14.723801,-70.970299,108.147202,0.0874,52.581501,-23.179899,512.076538,-134.66864,524.22522,142.149155,0.249475,179.968933,67,False,True,6,85,False,
259,/kuka/axis_move/feedback_json,std_msgs/msg/String,2026-08-27T21:22:52.462038-04:00,1787880172,462016781,1787880172462016781,516.249813,,,,1366,1365,1,0,0,1366,AxisTarget,1,True,True,True,False,14.7238,-70.970299,108.147202,0.0874,52.581501,-23.179899,512.07666,-134.668381,524.22522,142.1492,0.249474,179.968933,68,False,True,7,89,True,
260,/kuka/axis_move/feedback_json,std_msgs/msg/String,2026-08-27T21:22:52.594008-04:00,1787880172,593994822,1787880172593994822,131.978041,,,,1367,1366,1,0,0,1367,AxisTarget,1,True,True,True,True,14.722034,-70.910233,108.187759,0.087668,52.456474,-23.17939,512.125671,-134.667282,523.638916,142.151154,0.247354,179.969925,68,False,True,7,90,True,
261,/kuka/axis_move/feedback_json,std_msgs/msg/String,2026-08-27T21:22:52.721854-04:00,1787880172,721823988,1787880172721823988,127.829166,,,,1368,1367,1,0,0,1368,AxisTarget,1,True,True,True,False,14.716875,-70.747963,108.289375,0.088294,52.207996,-23.178413,512.291382,-134.662094,521.593811,142.157974,0.23997,179.973358,68,False,True,7,90,True,
262,/kuka/axis_move/feedback_json,std_msgs/msg/String,2026-08-27T21:22:52.849335-04:00,1787880172,849313452,1787880172849313452,127.489464,,,,1369,1368,1,0,0,1369,AxisTarget,1,True,True,True,False,14.711871,-70.590202,108.388054,0.088901,51.959454,-23.17737,512.445496,-134.65506,519.595154,142.164673,0.2328,179.976685,68,False,True,7,91,True,
263,/kuka/axis_move/feedback_json,std_msgs/msg/String,2026-08-27T21:22:52.978018-04:00,1787880172,978004984,1787880172978004984,128.691532,,,,1370,1369,1,0,0,1370,AxisTarget,1,True,True,True,True,14.706867,-70.432442,108.486732,0.089508,51.710915,-23.17639,512.587219,-134.646255,517.660278,142.171173,0.225857,179.979919,68,False,True,7,91,True,
264,/kuka/axis_move/feedback_json,std_msgs/msg/String,2026-08-27T21:22:53.109280-04:00,1787880173,109268593,1787880173109268593,131.263609,,,,1371,1370,1,0,0,1371,AxisTarget,1,True,True,True,False,14.701865,-70.274681,108.585403,0.090111,51.462376,-23.175343,512.729858,-134.634705,515.602051,142.178085,0.218466,179.983337,68,False,True,7,91,True,
265,/kuka/axis_move/feedback_json,std_msgs/msg/String,2026-08-27T21:22:53.237615-04:00,1787880173,237592846,1787880173237592846,128.324253,,,,1372,1371,1,0,0,1372,AxisTarget,1,True,True,True,False,14.69671,-70.111992,108.687149,0.090726,51.206066,-23.174322,512.860229,-134.621384,513.607666,142.184799,0.211303,179.986649,68,False,True,7,91,True,
266,/kuka/axis_move/feedback_json,std_msgs/msg/String,2026-08-27T21:22:53.369003-04:00,1787880173,368974368,1787880173368974368,131.381522,,,,1373,1372,1,0,0,1373,AxisTarget,1,True,True,True,False,14.691869,-69.954239,108.785812,0.091316,50.957527,-23.1733,512.982666,-134.605988,511.614807,142.191513,0.204142,179.989944,68,False,True,7,91,True,
267,/kuka/axis_move/feedback_json,std_msgs/msg/String,2026-08-27T21:22:53.494095-04:00,1787880173,494082347,1787880173494082347,125.107979,,,,1374,1373,1,0,0,1374,AxisTarget,1,True,True,True,True,14.686559,-69.79155,108.88755,0.091925,50.701221,-23.172243,513.104065,-134.587326,509.499023,142.198639,0.196533,179.993439,68,False,True,7,92,True,
268,/kuka/axis_move/feedback_json,std_msgs/msg/String,2026-08-27T21:22:53.621795-04:00,1787880173,621780549,1787880173621780549,127.698202,,,,1375,1374,1,0,0,1375,AxisTarget,1,True,True,True,False,14.681718,-69.638725,108.983131,0.092497,50.460445,-23.171251,513.203857,-134.568893,507.633575,142.204941,0.189817,179.996506,68,False,True,7,92,True,
269,/kuka/axis_move/feedback_json,std_msgs/msg/String,2026-08-27T21:22:53.749126-04:00,1787880173,749113639,1787880173749113639,127.33309,,,,1376,1375,1,0,0,1376,AxisTarget,1,True,True,True,False,14.676719,-69.480965,109.081787,0.09309,50.211906,-23.170229,513.305542,-134.546494,505.58313,142.211868,0.182428,179.999893,68,False,True,7,92,True,
270,/kuka/axis_move/feedback_json,std_msgs/msg/String,2026-08-27T21:22:53.873648-04:00,1787880173,873625995,1787880173873625995,124.512356,,,,1377,1376,1,0,0,1377,AxisTarget,1,True,True,True,False,14.671718,-69.323204,109.18045,0.093687,49.963364,-23.169209,513.393433,-134.523407,503.658508,142.218384,0.175484,-179.996933,68,False,True,7,92,True,
271,/kuka/axis_move/feedback_json,std_msgs/msg/String,2026-08-27T21:22:53.999874-04:00,1787880173,999868150,1787880173999868150,126.242155,,,,1378,1377,1,0,0,1378,AxisTarget,1,True,True,True,False,14.666871,-69.17038,109.276031,0.094269,49.722591,-23.168221,513.476501,-134.497513,501.67337,142.225113,0.168313,-179.993652,68,False,True,7,92,True,
272,/kuka/axis_move/feedback_json,std_msgs/msg/String,2026-08-27T21:22:54.128505-04:00,1787880174,128483801,1787880174128483801,128.615651,,,,1379,1378,1,0,0,1379,AxisTarget,1,True,True,True,False,14.661865,-69.012619,109.374695,0.094874,49.474052,-23.167204,513.549438,-134.470444,499.751862,142.231628,0.161365,-179.990479,68,False,True,7,92,True,
273,/kuka/axis_move/feedback_json,std_msgs/msg/String,2026-08-27T21:22:54.254984-04:00,1787880174,254977607,1787880174254977607,126.493806,,,,1380,1379,1,0,0,1380,AxisTarget,1,True,True,True,False,14.657037,-68.861099,109.469078,0.095452,49.238239,-23.166245,513.615417,-134.441193,497.818451,142.238205,0.154366,-179.987274,68,False,True,7,92,True,
274,/kuka/axis_move/feedback_json,std_msgs/msg/String,2026-08-27T21:22:54.381247-04:00,1787880174,381232095,1787880174381232095,126.254488,,,,1381,1380,1,0,0,1381,AxisTarget,1,True,True,True,True,14.652542,-68.718872,109.558403,0.096005,49.003525,-23.165279,513.669006,-134.412888,496.061279,142.244186,0.147997,-179.984375,68,False,True,7,93,True,
275,/kuka/axis_move/feedback_json,std_msgs/msg/String,2026-08-27T21:22:54.505998-04:00,1787880174,505986793,1787880174505986793,124.754698,,,,1382,1381,1,0,0,1382,AxisTarget,1,True,True,True,False,14.647536,-68.561134,109.657066,0.096612,48.762749,-23.164295,513.72345,-134.377991,494.022797,142.251144,0.140601,-179.981018,68,False,True,7,93,True,
276,/kuka/axis_move/feedback_json,std_msgs/msg/String,2026-08-27T21:22:54.630201-04:00,1787880174,630190012,1787880174630190012,124.203219,,,,1383,1382,1,0,0,1383,AxisTarget,1,True,True,True,False,14.642686,-68.408302,109.752647,0.097199,48.521976,-23.163311,513.765869,-134.344345,492.169495,142.257462,0.133868,-179.977951,68,False,True,7,93,True,
277,/kuka/axis_move/feedback_json,std_msgs/msg/String,2026-08-27T21:22:54.757778-04:00,1787880174,757755186,1787880174757755186,127.565174,,,,1384,1383,1,0,0,1384,AxisTarget,1,True,True,True,False,14.637836,-68.255478,109.848236,0.097786,48.281204,-23.162329,513.803528,-134.306488,490.194427,142.264206,0.126683,-179.974701,68,False,True,7,93,True,
278,/kuka/axis_move/feedback_json,std_msgs/msg/String,2026-08-27T21:22:54.888785-04:00,1787880174,888750063,1787880174888750063,130.994877,,,,1385,1384,1,0,0,1385,AxisTarget,1,True,True,True,False,14.632832,-68.097717,109.946899,0.098389,48.032661,-23.161314,513.832581,-134.267853,488.282837,142.270752,0.119719,-179.971542,68,False,True,7,93,True,
279,/kuka/axis_move/feedback_json,std_msgs/msg/String,2026-08-27T21:22:55.015730-04:00,1787880175,15718831,1787880175015718831,126.968768,,,,1386,1385,1,0,0,1386,AxisTarget,1,True,True,True,False,14.627828,-67.935028,110.048653,0.09901,47.776356,-23.160267,513.855469,-134.22464,486.249847,142.27771,0.112301,-179.968201,68,False,True,7,93,True,
280,/kuka/axis_move/feedback_json,std_msgs/msg/String,2026-08-27T21:22:55.141498-04:00,1787880175,141476090,1787880175141476090,125.757259,,,,1387,1386,1,0,0,1387,AxisTarget,1,True,True,True,False,14.622826,-67.782196,110.144241,0.099592,47.535583,-23.159286,513.869812,-134.180679,484.280426,142.284454,0.105104,-179.964966,68,False,True,7,93,True,
281,/kuka/axis_move/feedback_json,std_msgs/msg/String,2026-08-27T21:22:55.269604-04:00,1787880175,269582249,1787880175269582249,128.106159,,,,1388,1387,1,0,0,1388,AxisTarget,1,True,True,True,False,14.617823,-67.624435,110.242912,0.10019,47.287041,-23.158274,513.876343,-134.136154,482.37439,142.290985,0.098129,-179.961823,68,False,True,7,93,True,
282,/kuka/axis_move/feedback_json,std_msgs/msg/String,2026-08-27T21:22:55.397602-04:00,1787880175,397591150,1787880175397591150,128.008901,,,,1389,1388,1,0,0,1389,AxisTarget,1,True,True,True,True,14.612822,-67.466675,110.341583,0.100788,47.030735,-23.157228,513.875305,-134.086685,480.347412,142.297943,0.090699,-179.958496,68,False,True,7,94,True,
283,/kuka/axis_move/feedback_json,std_msgs/msg/String,2026-08-27T21:22:55.526181-04:00,1787880175,526170708,1787880175526170708,128.579558,,,,1390,1389,1,0,0,1390,AxisTarget,1,True,True,True,False,14.607821,-67.308914,110.440254,0.101386,46.789959,-23.156248,513.866455,-134.036682,478.383942,142.304688,0.083493,-179.955276,68,False,True,7,94,True,
284,/kuka/axis_move/feedback_json,std_msgs/msg/String,2026-08-27T21:22:55.653060-04:00,1787880175,653054531,1787880175653054531,126.883823,,,,1391,1390,1,0,0,1391,AxisTarget,1,True,True,True,False,14.602818,-67.151154,110.538925,0.101984,46.54142,-23.155235,513.850525,-133.986313,476.483765,142.311218,0.076509,-179.952164,68,False,True,7,94,True,
285,/kuka/axis_move/feedback_json,std_msgs/msg/String,2026-08-27T21:22:55.781265-04:00,1787880175,781241895,1787880175781241895,128.187364,,,,1392,1391,1,0,0,1392,AxisTarget,1,True,True,True,False,14.597817,-66.993401,110.637604,0.102581,46.292881,-23.154224,513.826538,-133.932343,474.524353,142.317978,0.069299,-179.948944,68,False,True,7,94,True,
286,/kuka/axis_move/feedback_json,std_msgs/msg/String,2026-08-27T21:22:55.910231-04:00,1787880175,910218244,1787880175910218244,128.976349,,,,1393,1392,1,0,0,1393,AxisTarget,1,True,True,True,False,14.592972,-66.83564,110.736275,0.103178,46.044338,-23.153215,513.794861,-133.876373,472.567078,142.324722,0.062087,-179.94574,68,False,True,7,94,True,
287,/kuka/axis_move/feedback_json,std_msgs/msg/String,2026-08-27T21:22:56.036310-04:00,1787880176,36298492,1787880176036298492,126.080248,,,,1394,1393,1,0,0,1394,AxisTarget,1,True,True,True,False,14.587812,-66.677887,110.834953,0.103773,45.795799,-23.15221,513.755493,-133.818405,470.611969,142.331467,0.054873,-179.942535,68,False,True,7,94,True,
288,/kuka/axis_move/feedback_json,std_msgs/msg/String,2026-08-27T21:22:56.166138-04:00,1787880176,166127004,1787880176166127004,129.828512,,,,1395,1394,1,0,0,1395,AxisTarget,1,True,True,True,False,14.582965,-66.525063,110.930542,0.104368,45.54726,-23.151207,513.708496,-133.758423,468.659058,142.338226,0.047657,-179.939331,68,False,True,7,94,True,
289,/kuka/axis_move/feedback_json,std_msgs/msg/String,2026-08-27T21:22:56.290259-04:00,1787880176,290252489,1787880176290252489,124.125485,,,,1396,1395,1,0,0,1396,AxisTarget,1,True,True,True,False,14.577961,-66.367317,111.029221,0.104943,45.306484,-23.150236,513.65387,-133.696472,466.708405,142.344971,0.04044,-179.936142,68,False,True,7,95,False,
290,/kuka/axis_move/feedback_json,std_msgs/msg/String,2026-08-27T21:22:56.422360-04:00,1787880176,422354064,1787880176422354064,132.101575,,,,1397,1396,1,0,0,1397,AxisTarget,1,True,True,True,True,14.5728,-66.204636,111.130989,0.105556,45.050179,-23.149204,513.591675,-133.632523,464.759979,142.351715,0.033222,-179.932968,68,False,True,7,95,False,
291,/kuka/axis_move/feedback_json,std_msgs/msg/String,2026-08-27T21:22:56.549974-04:00,1787880176,549967785,1787880176549967785,127.613721,,,,1398,1397,1,0,0,1398,AxisTarget,1,True,True,True,False,14.567796,-66.046883,111.229668,0.10615,44.80164,-23.148201,513.52179,-133.56662,462.813843,142.358475,0.026001,-179.929779,68,False,True,7,95,False,
292,/kuka/axis_move/feedback_json,std_msgs/msg/String,2026-08-27T21:22:56.678953-04:00,1787880176,678938951,1787880176678938951,128.971166,,,,1399,1398,1,0,0,1399,AxisTarget,1,True,True,True,False,14.562789,-65.889137,111.328339,0.106747,44.553097,-23.147194,513.441833,-133.496597,460.809326,142.365448,0.018553,-179.926498,68,False,True,7,95,False,
293,/kuka/axis_move/feedback_json,std_msgs/msg/String,2026-08-27T21:22:56.806217-04:00,1787880176,806205917,1787880176806205917,127.266966,,,,1400,1399,1,0,0,1400,AxisTarget,1,True,True,True,False,14.557778,-65.731377,111.42701,0.107353,44.304558,-23.146173,513.359497,-133.428894,458.928558,142.372009,0.011557,-179.923431,68,False,True,7,95,False,
294,/kuka/axis_move/feedback_json,std_msgs/msg/String,2026-08-27T21:22:56.935115-04:00,1787880176,935093252,1787880176935093252,128.887335,,,,1401,1400,1,0,0,1401,AxisTarget,1,True,True,True,False,14.552818,-65.57576,111.524017,0.107952,44.062042,-23.145174,513.264587,-133.35524,456.940857,142.378983,0.004154,-179.920181,68,False,True,7,95,False,
295,/kuka/axis_move/feedback_json,std_msgs/msg/String,2026-08-27T21:22:57.062812-04:00,1787880177,62800737,1787880177062800737,127.707485,,,,1402,1401,1,0,0,1402,AxisTarget,1,True,True,True,False,14.548121,-65.427567,111.61702,0.108532,43.825924,-23.144159,513.171509,-133.286514,455.135925,142.385345,-0.002577,-179.917221,68,False,True,7,95,False,
296,/kuka/axis_move/feedback_json,std_msgs/msg/String,2026-08-27T21:22:57.186049-04:00,1787880177,186044127,1787880177186044127,123.24339,,,,1403,1402,1,0,0,1403,AxisTarget,1,True,True,True,False,14.54311,-65.269806,111.715683,0.109133,43.577381,-23.143164,513.06781,-133.213287,453.261993,142.391937,-0.009576,-179.914154,68,False,True,7,95,False,
297,/kuka/axis_move/feedback_json,std_msgs/msg/String,2026-08-27T21:22:57.312738-04:00,1787880177,312729714,1787880177312729714,126.685587,,,,1404,1403,1,0,0,1404,AxisTarget,1,True,True,True,False,14.538309,-65.118362,111.810081,0.109659,43.341785,-23.14221,512.957275,-133.138596,451.394623,142.398438,-0.016561,-179.911148,68,False,True,7,95,False,
298,/kuka/axis_move/feedback_json,std_msgs/msg/String,2026-08-27T21:22:57.444056-04:00,1787880177,444051138,1787880177444051138,131.321424,,,,1405,1404,1,0,0,1405,AxisTarget,1,True,True,True,False,14.5366,-65.068802,111.838303,0.1098,43.284,-23.142,512.905579,-133.104599,450.559631,142.401352,-0.019688,-179.909805,68,False,True,7,95,False,
299,/kuka/axis_move/feedback_json,std_msgs/msg/String,2026-08-27T21:22:57.577143-04:00,1787880177,577119936,1787880177577119936,133.068798,,,,1406,1405,1,0,0,1406,AxisTarget,1,True,True,True,False,14.5366,-65.068802,111.838303,0.1098,43.284,-23.142,512.905579,-133.104599,450.559753,142.401352,-0.019688,-179.909805,68,False,True,7,95,False,
300,/kuka/axis_move/feedback_json,std_msgs/msg/String,2026-08-27T21:22:57.702280-04:00,1787880177,702258012,1787880177702258012,125.138076,,,,1407,1406,1,0,0,1407,AxisTarget,1,True,True,True,False,14.5366,-65.068802,111.838303,0.1098,43.284,-23.142,512.905579,-133.104599,450.559753,142.401352,-0.019688,-179.909805,68,False,True,7,95,False,
301,/kuka/axis_move/feedback_json,std_msgs/msg/String,2026-08-27T21:22:57.829507-04:00,1787880177,829497211,1787880177829497211,127.239199,,,,1408,1407,1,0,0,1408,AxisTarget,1,True,True,True,False,14.5366,-65.068802,111.838303,0.1098,43.284,-23.142,512.905579,-133.104599,450.559753,142.401352,-0.019688,-179.909805,68,False,True,7,95,False,
302,/kuka/axis_move/feedback_json,std_msgs/msg/String,2026-08-27T21:22:57.959996-04:00,1787880177,959982340,1787880177959982340,130.485129,,,,1409,1408,1,0,0,1409,AxisTarget,1,True,True,True,False,14.5366,-65.068802,111.838303,0.1098,43.284,-23.142,512.905579,-133.104599,450.559753,142.401352,-0.019688,-179.909805,68,False,True,7,95,False,
303,/kuka/axis_move/feedback_json,std_msgs/msg/String,2026-08-27T21:22:58.087823-04:00,1787880178,87812204,1787880178087812204,127.829864,,,,1410,1409,1,0,0,1410,AxisTarget,1,True,True,True,False,14.5366,-65.068802,111.838303,0.1098,43.284,-23.142,512.905579,-133.104599,450.559753,142.401352,-0.019688,-179.909805,68,False,True,7,95,False,
304,/kuka/axis_move/feedback_json,std_msgs/msg/String,2026-08-27T21:22:58.210037-04:00,1787880178,210026506,1787880178210026506,122.214302,,,,1411,1410,1,0,0,1411,AxisTarget,1,True,True,True,False,14.5366,-65.068802,111.838303,0.1098,43.284,-23.142,512.905579,-133.104599,450.559753,142.401352,-0.019688,-179.909805,68,False,True,7,95,False,
305,/kuka/axis_move/feedback_json,std_msgs/msg/String,2026-08-27T21:22:58.336754-04:00,1787880178,336731597,1787880178336731597,126.705091,,,,1412,1411,1,0,0,1412,AxisTarget,1,True,True,True,False,14.5366,-65.068802,111.838303,0.1098,43.284,-23.142,512.905579,-133.104599,450.559753,142.401352,-0.019688,-179.909805,68,False,True,7,95,False,
306,/kuka/axis_move/feedback_json,std_msgs/msg/String,2026-08-27T21:22:58.561582-04:00,1787880178,561576115,1787880178561576115,224.844518,,,,1413,1412,1,0,0,1413,AxisTarget,1,False,True,False,False,14.5366,-65.068802,111.838303,0.1098,43.284,-23.142,512.905579,-133.104599,450.559753,142.401352,-0.019688,-179.909805,69,False,True,7,95,False,
307,/kuka/axis_move/feedback_json,std_msgs/msg/String,2026-08-27T21:22:58.793800-04:00,1787880178,793777482,1787880178793777482,232.201367,,,,1414,1413,1,0,0,1414,AxisTarget,1,False,True,False,False,14.5366,-65.068802,111.838303,0.1098,43.284,-23.142,512.905579,-133.104599,450.559753,142.401352,-0.019688,-179.909805,70,False,True,7,95,False,
308,/kuka/axis_move/feedback_json,std_msgs/msg/String,2026-08-27T21:22:58.925845-04:00,1787880178,925822161,1787880178925822161,132.044679,,,,1415,1414,1,0,0,1415,AxisTarget,1,False,True,False,False,14.5366,-65.068802,111.838303,0.1098,43.284,-23.142,512.905579,-133.104599,450.559753,142.401352,-0.019688,-179.909805,70,False,True,7,95,False,
309,/kuka/axis_move/feedback_json,std_msgs/msg/String,2026-08-27T21:22:59.053926-04:00,1787880179,53889872,1787880179053889872,128.067711,,,,1416,1415,1,0,0,1416,AxisTarget,1,False,True,False,False,14.5366,-65.068802,111.838303,0.1098,43.284,-23.142,512.905579,-133.104599,450.559753,142.401352,-0.019688,-179.909805,70,False,True,7,95,False,
310,/kuka/axis_move/feedback_json,std_msgs/msg/String,2026-08-27T21:22:59.183582-04:00,1787880179,183553018,1787880179183553018,129.663146,,,,1417,1416,1,0,0,1417,AxisTarget,1,False,True,False,False,14.5366,-65.068802,111.838303,0.1098,43.284,-23.142,512.905579,-133.104599,450.559753,142.401352,-0.019688,-179.909805,70,False,True,7,95,False,
311,/kuka/axis_move/feedback_json,std_msgs/msg/String,2026-08-27T21:22:59.413794-04:00,1787880179,413771004,1787880179413771004,230.217986,,,,1418,1417,1,0,0,1418,AxisTarget,1,False,True,False,False,14.5366,-65.068802,111.838303,0.1098,43.284,-23.142,512.905579,-133.104599,450.559753,142.401352,-0.019688,-179.909805,71,False,True,7,95,False,
312,/kuka/axis_move/feedback_json,std_msgs/msg/String,2026-08-27T21:22:59.947763-04:00,1787880179,947740783,1787880179947740783,533.969779,,,,1419,1418,1,0,0,1419,AxisTarget,1,True,True,True,False,14.5366,-65.068802,111.838303,0.1098,43.284,-23.142,512.905579,-133.104599,450.559753,142.401352,-0.019688,-179.909805,72,False,True,8,99,True,
313,/kuka/axis_move/feedback_json,std_msgs/msg/String,2026-08-27T21:23:00.082354-04:00,1787880180,82323052,1787880180082323052,134.582269,,,,1420,1419,1,0,0,1420,AxisTarget,1,True,True,True,True,14.5366,-65.077507,111.831795,0.109142,43.312847,-23.142084,512.908569,-133.105225,450.612671,142.401199,-0.019822,-179.909851,72,False,True,8,100,True,
314,/kuka/axis_move/feedback_json,std_msgs/msg/String,2026-08-27T21:23:00.210334-04:00,1787880180,210298146,1787880180210298146,127.975094,,,,1421,1420,1,0,0,1421,AxisTarget,1,True,True,True,False,14.536603,-65.21286,111.746613,0.102472,43.541355,-23.142645,512.997559,-133.122757,452.140533,142.396072,-0.022281,-179.912994,72,False,True,8,100,True,
315,/kuka/axis_move/feedback_json,std_msgs/msg/String,2026-08-27T21:23:00.338177-04:00,1787880180,338154591,1787880180338154591,127.856445,,,,1422,1421,1,0,0,1422,AxisTarget,1,True,True,True,False,14.536666,-65.365883,111.652306,0.095143,43.789894,-23.143204,513.099854,-133.14299,454.00769,142.389832,-0.025256,-179.91687,72,False,True,8,101,True,
316,/kuka/axis_move/feedback_json,std_msgs/msg/String,2026-08-27T21:23:00.462774-04:00,1787880180,462750229,1787880180462750229,124.595638,,,,1423,1422,1,0,0,1423,AxisTarget,1,True,True,True,True,14.536753,-65.518898,111.557999,0.087827,44.038433,-23.143753,513.192261,-133.161072,455.818665,142.383835,-0.028151,-179.92067,72,False,True,8,101,True,
317,/kuka/axis_move/feedback_json,std_msgs/msg/String,2026-08-27T21:23:00.589959-04:00,1787880180,589927952,1787880180589927952,127.177723,,,,1424,1423,1,0,0,1424,AxisTarget,1,True,True,True,False,14.536834,-65.66713,111.466637,0.080509,44.286976,-23.144306,513.280762,-133.177872,457.690247,142.377686,-0.031157,-179.924637,72,False,True,8,101,True,
318,/kuka/axis_move/feedback_json,std_msgs/msg/String,2026-08-27T21:23:00.714168-04:00,1787880180,714157397,1787880180714157397,124.229445,,,,1425,1424,1,0,0,1425,AxisTarget,1,True,True,True,False,14.536906,-65.820152,111.37233,0.073419,44.527748,-23.14485,513.359802,-133.192245,459.505432,142.371765,-0.034087,-179.928513,72,False,True,8,101,True,
319,/kuka/axis_move/feedback_json,std_msgs/msg/String,2026-08-27T21:23:00.838603-04:00,1787880180,838597486,1787880180838597486,124.440089,,,,1426,1425,1,0,0,1426,AxisTarget,1,True,True,True,False,14.536963,-65.968391,111.280968,0.066326,44.768497,-23.145399,513.432312,-133.204727,461.322693,142.365891,-0.037035,-179.932419,72,False,True,8,101,True,
320,/kuka/axis_move/feedback_json,std_msgs/msg/String,2026-08-27T21:23:00.968603-04:00,1787880180,968580342,1787880180968580342,129.982856,,,,1427,1426,1,0,0,1427,AxisTarget,1,True,True,True,False,14.537012,-66.107849,111.195175,0.059676,44.993938,-23.145918,513.496948,-133.215164,463.104401,142.360184,-0.039939,-179.936295,72,False,True,8,102,True,
321,/kuka/axis_move/feedback_json,std_msgs/msg/String,2026-08-27T21:23:01.093881-04:00,1787880181,93852429,1787880181093852429,125.272087,,,,1428,1427,1,0,0,1428,AxisTarget,1,True,True,True,True,14.537066,-66.264198,111.098663,0.052171,45.248985,-23.146507,513.557251,-133.224197,464.955048,142.354309,-0.04297,-179.940353,72,False,True,8,102,True,
322,/kuka/axis_move/feedback_json,std_msgs/msg/String,2026-08-27T21:23:01.218034-04:00,1787880181,218012660,1787880181218012660,124.160231,,,,1429,1428,1,0,0,1429,AxisTarget,1,True,True,True,False,14.537116,-66.412445,111.007309,0.045078,45.489758,-23.14706,513.611511,-133.231476,466.837097,142.348373,-0.046067,-179.944519,72,False,True,8,102,True,
323,/kuka/axis_move/feedback_json,std_msgs/msg/String,2026-08-27T21:23:01.344536-04:00,1787880181,344520665,1787880181344520665,126.508005,,,,1430,1429,1,0,0,1430,AxisTarget,1,True,True,True,False,14.537169,-66.560684,110.915955,0.037987,45.730534,-23.147615,513.655945,-133.236588,468.603394,142.342865,-0.048989,-179.948471,72,False,True,8,102,True,
324,/kuka/axis_move/feedback_json,std_msgs/msg/String,2026-08-27T21:23:01.470105-04:00,1787880181,470082334,1787880181470082334,125.561669,,,,1431,1430,1,0,0,1431,AxisTarget,1,True,True,True,False,14.537226,-66.713707,110.821655,0.03067,45.979073,-23.148186,513.696472,-133.240219,470.48938,142.337021,-0.052125,-179.952713,72,False,True,8,102,True,
325,/kuka/axis_move/feedback_json,std_msgs/msg/String,2026-08-27T21:23:01.594241-04:00,1787880181,594208949,1787880181594208949,124.126615,,,,1432,1431,1,0,0,1432,AxisTarget,1,True,True,True,False,14.537283,-66.861946,110.730309,0.023584,46.219845,-23.148739,513.728882,-133.241943,472.318298,142.331406,-0.055184,-179.956848,72,False,True,8,102,True,
326,/kuka/axis_move/feedback_json,std_msgs/msg/String,2026-08-27T21:23:01.725647-04:00,1787880181,725616657,1787880181725616657,131.407708,,,,1433,1432,1,0,0,1433,AxisTarget,1,True,True,True,False,14.537342,-67.014969,110.636017,0.016271,46.468372,-23.149309,513.755371,-133.241852,474.208191,142.325653,-0.05836,-179.961166,72,False,True,8,102,True,
327,/kuka/axis_move/feedback_json,std_msgs/msg/String,2026-08-27T21:23:01.850244-04:00,1787880181,850207293,1787880181850207293,124.590636,,,,1434,1433,1,0,0,1434,AxisTarget,1,True,True,True,False,14.537403,-67.162209,110.545425,0.009255,46.706505,-23.149855,513.77417,-133.239944,476.040833,142.320114,-0.061456,-179.965378,72,False,True,8,103,True,
328,/kuka/axis_move/feedback_json,std_msgs/msg/String,2026-08-27T21:23:01.978411-04:00,1787880181,978405662,1787880181978405662,128.198369,,,,1435,1434,1,0,0,1435,AxisTarget,1,True,True,True,True,14.537462,-67.308441,110.455185,0.002247,46.945042,-23.150404,513.786133,-133.236343,477.837982,142.314743,-0.064504,-179.969543,72,False,True,8,103,True,
329,/kuka/axis_move/feedback_json,std_msgs/msg/String,2026-08-27T21:23:02.102069-04:00,1787880182,102031727,1787880182102031727,123.626065,,,,1436,1435,1,0,0,1436,AxisTarget,1,True,True,True,False,14.537524,-67.461464,110.360893,-0.005065,47.193581,-23.150974,513.791748,-133.230682,479.733429,142.309128,-0.067733,-179.973984,72,False,True,8,103,True,
330,/kuka/axis_move/feedback_json,std_msgs/msg/String,2026-08-27T21:23:02.226066-04:00,1787880182,226042378,1787880182226042378,124.010651,,,,1437,1436,1,0,0,1437,AxisTarget,1,True,True,True,False,14.537582,-67.604919,110.272499,-0.011922,47.426586,-23.151508,513.790344,-133.223358,481.571411,142.303726,-0.070877,-179.978302,72,False,True,8,103,True,
331,/kuka/axis_move/feedback_json,std_msgs/msg/String,2026-08-27T21:23:02.359681-04:00,1787880182,359664983,1787880182359664983,133.622605,,,,1438,1437,1,0,0,1438,AxisTarget,1,True,True,True,False,14.537645,-67.762726,110.175255,-0.019465,47.682896,-23.152096,513.78186,-133.213898,483.47052,142.298187,-0.074138,-179.982819,72,False,True,8,103,True,
332,/kuka/axis_move/feedback_json,std_msgs/msg/String,2026-08-27T21:23:02.489915-04:00,1787880182,489884327,1787880182489884327,130.219344,,,,1439,1438,1,0,0,1439,AxisTarget,1,True,True,True,False,14.537708,-67.920532,110.078011,-0.02701,47.939201,-23.152685,513.765625,-133.202133,485.430847,142.292542,-0.077516,-179.987518,72,False,True,8,103,True,
333,/kuka/axis_move/feedback_json,std_msgs/msg/String,2026-08-27T21:23:02.614115-04:00,1787880182,614100261,1787880182614100261,124.215934,,,,1440,1439,1,0,0,1440,AxisTarget,1,True,True,True,False,14.537766,-68.073555,109.983711,-0.034329,48.187744,-23.153255,513.742554,-133.188766,487.333588,142.287109,-0.080807,-179.992111,72,False,True,8,103,True,
334,/kuka/axis_move/feedback_json,std_msgs/msg/String,2026-08-27T21:23:02.742120-04:00,1787880182,742097452,1787880182742097452,127.997191,,,,1441,1440,1,0,0,1441,AxisTarget,1,True,True,True,False,14.537827,-68.221794,109.892357,-0.04142,48.428516,-23.153809,513.71228,-133.173462,489.238098,142.281723,-0.084114,-179.996735,72,False,True,8,103,True,
335,/kuka/axis_move/feedback_json,std_msgs/msg/String,2026-08-27T21:23:02.867818-04:00,1787880182,867794819,1787880182867794819,125.697367,,,,1442,1441,1,0,0,1442,AxisTarget,1,True,True,True,False,14.537887,-68.374817,109.798058,-0.048741,48.677055,-23.154379,513.674805,-133.156219,491.144287,142.276382,-0.087435,179.998596,72,False,True,8,103,True,
336,/kuka/axis_move/feedback_json,std_msgs/msg/String,2026-08-27T21:23:02.996788-04:00,1787880182,996765047,1787880182996765047,128.970228,,,,1443,1442,1,0,0,1443,AxisTarget,1,True,True,True,True,14.537943,-68.518349,109.710121,-0.055528,48.906078,-23.154902,513.633545,-133.138474,492.915466,142.271469,-0.090533,179.994217,72,False,True,8,104,True,
337,/kuka/axis_move/feedback_json,std_msgs/msg/String,2026-08-27T21:23:03.126121-04:00,1787880183,126088670,1787880183126088670,129.323623,,,,1444,1443,1,0,0,1444,AxisTarget,1,True,True,True,False,14.537994,-68.652969,109.626633,-0.062279,49.136604,-23.155434,513.588135,-133.119904,494.614136,142.2668,-0.093515,179.990005,72,False,True,8,104,True,
338,/kuka/axis_move/feedback_json,std_msgs/msg/String,2026-08-27T21:23:03.259970-04:00,1787880183,259947335,1787880183259947335,133.858665,,,,1445,1444,1,0,0,1445,AxisTarget,1,True,True,True,False,14.538055,-68.810776,109.526428,-0.06983,49.392914,-23.15604,513.52832,-133.096466,496.584198,142.261444,-0.096987,179.985077,72,False,True,8,104,True,
339,/kuka/axis_move/feedback_json,std_msgs/msg/String,2026-08-27T21:23:03.383830-04:00,1787880183,383779812,1787880183383779812,123.832477,,,,1446,1445,1,0,0,1446,AxisTarget,1,True,True,True,False,14.538116,-68.968582,109.432129,-0.077151,49.641453,-23.15659,513.460754,-133.070953,498.556488,142.256134,-0.100477,179.980103,72,False,True,8,104,True,
340,/kuka/axis_move/feedback_json,std_msgs/msg/String,2026-08-27T21:23:03.511470-04:00,1787880183,511454440,1787880183511454440,127.674628,,,,1447,1446,1,0,0,1447,AxisTarget,1,True,True,True,False,14.538173,-69.121605,109.337822,-0.084472,49.889996,-23.157156,513.390259,-133.045074,500.410767,142.25119,-0.10377,179.975403,72,False,True,8,104,True,
341,/kuka/axis_move/feedback_json,std_msgs/msg/String,2026-08-27T21:23:03.634654-04:00,1787880183,634637981,1787880183634637981,123.183541,,,,1448,1447,1,0,0,1448,AxisTarget,1,True,True,True,False,14.538225,-69.269844,109.24646,-0.091564,50.130768,-23.1577,513.310303,-133.016418,502.326385,142.246155,-0.107183,179.970505,72,False,True,8,104,True,
342,/kuka/axis_move/feedback_json,std_msgs/msg/String,2026-08-27T21:23:03.762434-04:00,1787880183,762411570,1787880183762411570,127.773589,,,,1449,1448,1,0,0,1449,AxisTarget,1,True,True,True,False,14.538275,-69.418083,109.155098,-0.098654,50.37154,-23.158241,513.225891,-132.986786,504.183563,142.241333,-0.110504,179.965744,72,False,True,8,104,True,
343,/kuka/axis_move/feedback_json,std_msgs/msg/String,2026-08-27T21:23:03.890380-04:00,1787880183,890368841,1787880183890368841,127.957271,,,,1450,1449,1,0,0,1450,AxisTarget,1,True,True,True,False,14.538326,-69.575859,109.057877,-0.106196,50.627502,-23.158813,513.131531,-132.954254,506.102112,142.236404,-0.113946,179.960785,72,False,True,8,105,False,
344,/kuka/axis_move/feedback_json,std_msgs/msg/String,2026-08-27T21:23:04.017900-04:00,1787880184,17889082,1787880184017889082,127.520241,,,,1451,1450,1,0,0,1451,AxisTarget,1,True,True,True,True,14.538368,-69.707741,108.976761,-0.112482,50.848301,-23.159307,513.040283,-132.923279,507.831421,142.23201,-0.11706,179.956284,72,False,True,8,105,False,
345,/kuka/axis_move/feedback_json,std_msgs/msg/String,2026-08-27T21:23:04.141992-04:00,1787880184,141986545,1787880184141986545,124.097463,,,,1452,1451,1,0,0,1452,AxisTarget,1,True,True,True,False,14.538417,-69.859505,108.883049,-0.119766,51.088493,-23.159845,512.933838,-132.887619,509.721741,142.227249,-0.120476,179.95134,72,False,True,8,105,False,
346,/kuka/axis_move/feedback_json,std_msgs/msg/String,2026-08-27T21:23:04.270340-04:00,1787880184,270310226,1787880184270310226,128.323681,,,,1453,1452,1,0,0,1453,AxisTarget,1,True,True,True,False,14.538465,-70.007744,108.791687,-0.126855,51.329266,-23.160385,512.822021,-132.850647,511.584229,142.222626,-0.123856,179.946442,72,False,True,8,105,False,
347,/kuka/axis_move/feedback_json,std_msgs/msg/String,2026-08-27T21:23:04.395568-04:00,1787880184,395533149,1787880184395533149,125.222923,,,,1454,1453,1,0,0,1454,AxisTarget,1,True,True,True,False,14.538515,-70.160774,108.697395,-0.13417,51.577805,-23.16095,512.703247,-132.811829,513.447937,142.218033,-0.127256,179.941513,72,False,True,8,105,False,
348,/kuka/axis_move/feedback_json,std_msgs/msg/String,2026-08-27T21:23:04.521200-04:00,1787880184,521170045,1787880184521170045,125.636896,,,,1455,1454,1,0,0,1455,AxisTarget,1,True,True,True,False,14.538565,-70.309013,108.606056,-0.141254,51.818581,-23.161505,512.573364,-132.769836,515.373047,142.213333,-0.130789,179.936401,72,False,True,8,105,False,
349,/kuka/axis_move/feedback_json,std_msgs/msg/String,2026-08-27T21:23:04.650170-04:00,1787880184,650146119,1787880184650146119,128.976074,,,,1456,1455,1,0,0,1456,AxisTarget,1,True,True,True,False,14.538617,-70.462044,108.511772,-0.148565,52.074886,-23.1621,512.436035,-132.725861,517.299377,142.208694,-0.134342,179.931244,72,False,True,8,105,False,
350,/kuka/axis_move/feedback_json,std_msgs/msg/String,2026-08-27T21:23:04.776563-04:00,1787880184,776551500,1787880184776551500,126.405381,,,,1457,1456,1,0,0,1457,AxisTarget,1,True,True,True,False,14.538669,-70.615074,108.417496,-0.155876,52.315659,-23.162659,512.295959,-132.681396,519.166687,142.204239,-0.137798,179.926239,72,False,True,8,105,False,
351,/kuka/axis_move/feedback_json,std_msgs/msg/String,2026-08-27T21:23:04.905784-04:00,1787880184,905752705,1787880184905752705,129.201205,,,,1458,1457,1,0,0,1458,AxisTarget,1,True,True,True,False,14.538729,-70.768082,108.323204,-0.163205,52.564201,-23.163246,512.144104,-132.633591,521.095337,142.199677,-0.141392,179.921021,72,False,True,8,105,False,
352,/kuka/axis_move/feedback_json,std_msgs/msg/String,2026-08-27T21:23:05.578438-04:00,1787880185,578420821,1787880185578420821,672.668116,,,,1459,1458,1,0,0,1459,AxisTarget,1,True,True,True,True,14.5388,-70.933899,108.2239,-0.1707,52.810211,-23.163725,511.951141,-132.573364,523.428589,142.194214,-0.145656,179.914612,73,False,True,9,110,True,
353,/kuka/axis_move/feedback_json,std_msgs/msg/String,2026-08-27T21:23:06.236475-04:00,1787880186,236463936,1787880186236463936,658.043115,,,,1460,1459,1,0,0,1460,AxisTarget,1,True,True,True,True,9.334525,-71.280663,108.123985,-0.165807,53.262474,-21.914583,520.866882,-86.60894,526.975342,148.44899,-0.139255,179.912964,74,False,True,9,114,True,
354,/kuka/axis_move/feedback_json,std_msgs/msg/String,2026-08-27T21:23:06.358150-04:00,1787880186,358128026,1787880186358128026,121.66409,,,,1461,1460,1,0,0,1461,AxisTarget,1,True,True,True,False,8.070616,-71.364311,108.099998,-0.164628,53.36972,-21.619749,522.49054,-74.705017,527.885742,150.055023,-0.137566,179.912582,74,False,True,9,114,True,
355,/kuka/axis_move/feedback_json,std_msgs/msg/String,2026-08-27T21:23:06.486843-04:00,1787880186,486811804,1787880186486811804,128.683778,,,,1462,1461,1,0,0,1462,AxisTarget,1,True,True,True,False,6.775374,-71.449898,108.075508,-0.163415,53.482201,-21.311611,523.832947,-62.846947,528.790344,151.650955,-0.135901,179.912201,74,False,True,9,115,True,
356,/kuka/axis_move/feedback_json,std_msgs/msg/String,2026-08-27T21:23:06.614272-04:00,1787880186,614241254,1787880186614241254,127.42945,,,,1463,1462,1,0,0,1463,AxisTarget,1,True,True,True,True,5.440866,-71.538101,108.050262,-0.162265,53.591198,-21.012461,524.933228,-50.601212,529.722534,153.295868,-0.134201,179.911819,74,False,True,9,115,True,
357,/kuka/axis_move/feedback_json,std_msgs/msg/String,2026-08-27T21:23:06.738474-04:00,1787880186,738442522,1787880186738442522,124.201268,,,,1464,1463,1,0,0,1464,AxisTarget,1,True,True,True,False,4.059398,-71.62944,108.024132,-0.161021,53.707664,-20.693127,525.746399,-38.324997,530.655518,154.942535,-0.132507,179.911469,74,False,True,9,115,True,
358,/kuka/axis_move/feedback_json,std_msgs/msg/String,2026-08-27T21:23:06.872028-04:00,1787880186,871999138,1787880186871999138,133.556616,,,,1465,1464,1,0,0,1465,AxisTarget,1,True,True,True,True,2.720198,-71.717941,107.998817,-0.159792,53.820507,-20.383799,526.28363,-25.619831,531.619995,156.645264,-0.130772,179.911148,74,False,True,9,116,True,
359,/kuka/axis_move/feedback_json,std_msgs/msg/String,2026-08-27T21:23:07.002641-04:00,1787880187,2616044,1787880187002616044,130.616906,,,,1466,1465,1,0,0,1466,AxisTarget,1,True,True,True,False,1.294598,-71.812164,107.971878,-0.158437,53.944267,-20.044537,526.514282,-12.5139,532.614319,158.401184,-0.128987,179.910843,74,False,True,9,116,True,
360,/kuka/axis_move/feedback_json,std_msgs/msg/String,2026-08-27T21:23:07.128706-04:00,1787880187,128655697,1787880187128655697,126.039653,,,,1467,1466,1,0,0,1467,AxisTarget,1,True,True,True,False,-0.130754,-71.906372,107.944931,-0.157168,54.060638,-19.725592,526.424561,0.190401,533.578552,160.103867,-0.127226,179.910568,74,False,True,9,117,True,
361,/kuka/axis_move/feedback_json,std_msgs/msg/String,2026-08-27T21:23:07.254600-04:00,1787880187,254594285,1787880187254594285,125.938588,,,,1468,1467,1,0,0,1468,AxisTarget,1,True,True,True,True,-1.40162,-71.990082,107.921051,-0.156013,54.166447,-19.436028,526.063782,12.012412,534.476624,161.689682,-0.12556,179.910309,74,False,True,9,117,True,
362,/kuka/axis_move/feedback_json,std_msgs/msg/String,2026-08-27T21:23:07.382767-04:00,1787880187,382746270,1787880187382746270,128.151985,,,,1469,1468,1,0,0,1469,AxisTarget,1,True,True,True,False,-2.709326,-72.076843,107.896149,-0.154806,54.277958,-19.129622,525.408386,24.245165,535.407043,163.332901,-0.12383,179.910049,74,False,True,9,117,True,
363,/kuka/axis_move/feedback_json,std_msgs/msg/String,2026-08-27T21:23:07.507870-04:00,1787880187,507847412,1787880187507847412,125.101142,,,,1470,1469,1,0,0,1470,AxisTarget,1,True,True,True,False,-4.091726,-72.168221,107.869995,-0.153549,54.394417,-18.81028,524.462769,36.500584,536.340698,164.982422,-0.122102,179.909821,74,False,True,9,118,True,
364,/kuka/axis_move/feedback_json,std_msgs/msg/String,2026-08-27T21:23:07.634717-04:00,1787880187,634706577,1787880187634706577,126.859165,,,,1471,1470,1,0,0,1471,AxisTarget,1,True,True,True,True,-5.430926,-72.256729,107.844666,-0.152336,54.507236,-18.500916,523.185181,49.118641,537.30426,166.68515,-0.120325,179.909592,74,False,True,9,118,True,
365,/kuka/axis_move/feedback_json,std_msgs/msg/String,2026-08-27T21:23:07.762236-04:00,1787880187,762229385,1787880187762229385,127.522808,,,,1472,1471,1,0,0,1472,AxisTarget,1,True,True,True,False,-6.813324,-72.348099,107.818527,-0.151092,54.627335,-18.171644,521.602295,61.696091,538.267578,168.387863,-0.118566,179.909378,74,False,True,9,119,True,
366,/kuka/axis_move/feedback_json,std_msgs/msg/String,2026-08-27T21:23:07.889906-04:00,1787880187,889898644,1787880187889898644,127.669259,,,,1473,1472,1,0,0,1473,AxisTarget,1,True,True,True,True,-8.10767,-72.433235,107.794312,-0.149955,54.730804,-17.889046,519.824829,73.550827,539.17865,169.998718,-0.116933,179.90921,74,False,True,9,119,True,
367,/kuka/axis_move/feedback_json,std_msgs/msg/String,2026-08-27T21:23:08.017200-04:00,1787880188,17178564,1787880188017178564,127.27992,,,,1474,1473,1,0,0,1474,AxisTarget,1,True,True,True,False,-9.44141,-72.52182,107.768875,-0.148739,54.845154,-17.574459,517.755554,85.468498,540.098267,171.624893,-0.115284,179.909058,74,False,True,9,120,True,
368,/kuka/axis_move/feedback_json,std_msgs/msg/String,2026-08-27T21:23:08.145933-04:00,1787880188,145927282,1787880188145927282,128.748718,,,,1475,1474,1,0,0,1475,AxisTarget,1,True,True,True,True,-10.729465,-72.6063,107.744904,-0.147572,54.950378,-17.287985,515.436401,97.211617,541.008423,173.234879,-0.113612,179.908936,74,False,True,9,120,True,
369,/kuka/axis_move/feedback_json,std_msgs/msg/String,2026-08-27T21:23:08.269960-04:00,1787880188,269934784,1787880188269934784,124.007502,,,,1476,1475,1,0,0,1476,AxisTarget,1,True,True,True,False,-11.993693,-72.690498,107.72065,-0.146373,55.059963,-16.985598,512.9776,108.342873,541.875549,174.768814,-0.112001,179.908844,74,False,True,9,121,False,
370,/kuka/axis_move/feedback_json,std_msgs/msg/String,2026-08-27T21:23:08.403375-04:00,1787880188,403364561,1787880188403364561,133.429777,,,,1477,1476,1,0,0,1477,AxisTarget,1,True,True,True,True,-13.10066,-72.762962,107.699478,-0.145368,55.152893,-16.732264,510.534821,118.400276,542.663269,176.162033,-0.110521,179.908737,74,False,True,9,121,False,
371,/kuka/axis_move/feedback_json,std_msgs/msg/String,2026-08-27T21:23:08.530219-04:00,1787880188,530212552,1787880188530212552,126.847991,,,,1478,1477,1,0,0,1478,AxisTarget,1,True,True,True,False,-14.34527,-72.845009,107.67672,-0.144285,55.252869,-16.460524,507.684326,129.163254,543.511047,177.661423,-0.10894,179.908646,74,False,True,9,121,False,
372,/kuka/axis_move/feedback_json,std_msgs/msg/String,2026-08-27T21:23:08.653897-04:00,1787880188,653891043,1787880188653891043,123.678491,,,,1479,1478,1,0,0,1479,AxisTarget,1,True,True,True,False,-15.248895,-72.904755,107.659615,-0.143455,55.328915,-16.252401,505.343414,137.372406,544.161072,178.811462,-0.107748,179.9086,74,False,True,9,121,False,
373,/kuka/axis_move/feedback_json,std_msgs/msg/String,2026-08-27T21:23:08.777892-04:00,1787880188,777886602,1787880188777886602,123.995559,,,,1480,1479,1,0,0,1480,AxisTarget,1,True,True,True,False,-15.908689,-72.947502,107.647644,-0.142888,55.380196,-16.114555,503.587189,143.217926,544.62561,179.634033,-0.10688,179.908585,74,False,True,9,121,False,
374,/kuka/axis_move/feedback_json,std_msgs/msg/String,2026-08-27T21:23:08.905992-04:00,1787880188,905970153,1787880188905970153,128.083551,,,,1481,1480,1,0,0,1481,AxisTarget,1,True,True,True,False,-16.099918,-72.959099,107.6446,-0.1428,55.391602,-16.0863,502.933044,145.33342,544.793884,179.932419,-0.1067,179.908569,74,False,True,9,121,False,
375,/kuka/axis_move/feedback_json,std_msgs/msg/String,2026-08-27T21:23:09.438813-04:00,1787880189,438807727,1787880189438807727,532.837574,,,,1482,1481,1,0,0,1482,AxisTarget,1,True,True,True,False,-16.099899,-72.959099,107.6446,-0.1428,55.39159,-16.0863,502.932861,145.333969,544.793884,179.932495,-0.1067,179.908569,75,False,True,10,125,True,
376,/kuka/axis_move/feedback_json,std_msgs/msg/String,2026-08-27T21:23:09.566577-04:00,1787880189,566566142,1787880189566566142,127.758415,,,,1483,1482,1,0,0,1483,AxisTarget,1,True,True,True,True,-16.101112,-72.893562,107.693825,-0.141412,55.255596,-16.085999,502.999023,145.361588,544.103638,179.934097,-0.105501,179.90918,75,False,True,10,126,True,
377,/kuka/axis_move/feedback_json,std_msgs/msg/String,2026-08-27T21:23:09.693270-04:00,1787880189,693247672,1787880189693247672,126.68153,,,,1484,1483,1,0,0,1484,AxisTarget,1,True,True,True,False,-16.103971,-72.749313,107.795242,-0.138747,55.007343,-16.085466,503.175934,145.436127,542.207031,179.938507,-0.102215,179.910873,75,False,True,10,126,True,
378,/kuka/axis_move/feedback_json,std_msgs/msg/String,2026-08-27T21:23:09.818860-04:00,1787880189,818850051,1787880189818850051,125.602379,,,,1485,1484,1,0,0,1485,AxisTarget,1,True,True,True,False,-16.106745,-72.609406,107.893585,-0.136195,54.766273,-16.084932,503.335876,145.504456,540.423645,179.942657,-0.099142,179.912415,75,False,True,10,127,True,
379,/kuka/axis_move/feedback_json,std_msgs/msg/String,2026-08-27T21:23:09.946459-04:00,1787880189,946453850,1787880189946453850,127.603799,,,,1486,1485,1,0,0,1486,AxisTarget,1,True,True,True,True,-16.109518,-72.469536,107.99189,-0.133646,54.525497,-16.0844,503.494324,145.573105,538.583618,179.946976,-0.095972,179.914001,75,False,True,10,127,True,
380,/kuka/axis_move/feedback_json,std_msgs/msg/String,2026-08-27T21:23:10.070639-04:00,1787880190,70627503,1787880190070627503,124.173653,,,,1487,1486,1,0,0,1487,AxisTarget,1,True,True,True,False,-16.112381,-72.325157,108.093361,-0.131017,54.276958,-16.083855,503.655548,145.644073,536.625244,179.951584,-0.0926,179.91568,75,False,True,10,127,True,
381,/kuka/axis_move/feedback_json,std_msgs/msg/String,2026-08-27T21:23:10.194045-04:00,1787880190,194034720,1787880190194034720,123.407217,,,,1488,1487,1,0,0,1488,AxisTarget,1,True,True,True,False,-16.115154,-72.185303,108.191673,-0.128475,54.036186,-16.08333,503.79538,145.70668,534.84613,179.955795,-0.089538,179.917191,75,False,True,10,127,True,
382,/kuka/axis_move/feedback_json,std_msgs/msg/String,2026-08-27T21:23:10.321029-04:00,1787880190,321017836,1787880190321017836,126.983116,,,,1489,1488,1,0,0,1489,AxisTarget,1,True,True,True,False,-16.117928,-72.045448,108.289986,-0.125936,53.79541,-16.082808,503.933167,145.769485,533.008911,179.960144,-0.086376,179.918747,75,False,True,10,127,True,
383,/kuka/axis_move/feedback_json,std_msgs/msg/String,2026-08-27T21:23:10.445778-04:00,1787880190,445755434,1787880190445755434,124.737598,,,,1490,1489,1,0,0,1490,AxisTarget,1,True,True,True,True,-16.12079,-71.901085,108.391479,-0.123316,53.546871,-16.082272,504.068268,145.832275,531.113647,179.964661,-0.083116,179.920334,75,False,True,10,128,True,
384,/kuka/axis_move/feedback_json,std_msgs/msg/String,2026-08-27T21:23:10.574287-04:00,1787880190,574264647,1787880190574264647,128.509213,,,,1491,1490,1,0,0,1491,AxisTarget,1,True,True,True,False,-16.123566,-71.76123,108.489792,-0.120777,53.306099,-16.081734,504.196136,145.893021,529.219788,179.969193,-0.07986,179.921906,75,False,True,10,128,True,
385,/kuka/axis_move/feedback_json,std_msgs/msg/String,2026-08-27T21:23:10.704735-04:00,1787880190,704659778,1787880190704659778,130.395131,,,,1492,1491,1,0,0,1492,AxisTarget,1,True,True,True,False,-16.126429,-71.616867,108.591278,-0.118154,53.057556,-16.081213,504.313171,145.949905,527.386353,179.973602,-0.076708,179.923416,75,False,True,10,128,True,
386,/kuka/axis_move/feedback_json,std_msgs/msg/String,2026-08-27T21:23:10.830532-04:00,1787880190,830509209,1787880190830509209,125.849431,,,,1493,1492,1,0,0,1493,AxisTarget,1,True,True,True,False,-16.129292,-71.472496,108.695938,-0.115445,52.80125,-16.08066,504.430359,146.008362,525.436035,179.978317,-0.073359,179.925034,75,False,True,10,128,True,
387,/kuka/axis_move/feedback_json,std_msgs/msg/String,2026-08-27T21:23:10.962707-04:00,1787880190,962659857,1787880190962659857,132.150648,,,,1494,1493,1,0,0,1494,AxisTarget,1,True,True,True,False,-16.132154,-71.323616,108.797424,-0.112812,52.552708,-16.080126,504.536682,146.062943,523.546265,179.98291,-0.070116,179.92659,75,False,True,10,128,True,
388,/kuka/axis_move/feedback_json,std_msgs/msg/String,2026-08-27T21:23:11.090292-04:00,1787880191,90269325,1787880191090269325,127.609468,,,,1495,1494,1,0,0,1495,AxisTarget,1,True,True,True,False,-16.135107,-71.179237,108.898903,-0.110175,52.304169,-16.079592,504.638855,146.117111,521.598938,179.987671,-0.066777,179.928177,75,False,True,10,128,True,
389,/kuka/axis_move/feedback_json,std_msgs/msg/String,2026-08-27T21:23:11.214369-04:00,1787880191,214337989,1787880191214337989,124.068664,,,,1496,1495,1,0,0,1496,AxisTarget,1,True,True,True,False,-16.13797,-71.034859,109.000389,-0.107536,52.05563,-16.07906,504.730682,146.167557,519.712097,179.99231,-0.063543,179.929718,75,False,True,10,128,True,
390,/kuka/axis_move/feedback_json,std_msgs/msg/String,2026-08-27T21:23:11.341317-04:00,1787880191,341277319,1787880191341277319,126.93933,,,,1497,1496,1,0,0,1497,AxisTarget,1,True,True,True,True,-16.140743,-70.894989,109.098701,-0.104978,51.814854,-16.078543,504.812805,146.214478,517.885681,179.996826,-0.060414,179.931198,75,False,True,10,129,True,
391,/kuka/axis_move/feedback_json,std_msgs/msg/String,2026-08-27T21:23:11.470734-04:00,1787880191,470697056,1787880191470697056,129.419737,,,,1498,1497,1,0,0,1498,AxisTarget,1,True,True,True,False,-16.143606,-70.75061,109.20018,-0.102338,51.558548,-16.077993,504.890564,146.260895,516.001831,-179.998489,-0.057188,179.932709,75,False,True,10,129,True,
392,/kuka/axis_move/feedback_json,std_msgs/msg/String,2026-08-27T21:23:11.598274-04:00,1787880191,598252567,1787880191598252567,127.555511,,,,1499,1498,1,0,0,1499,AxisTarget,1,True,True,True,False,-16.146469,-70.606232,109.301666,-0.099699,51.317776,-16.077461,504.961182,146.305298,514.119568,-179.993805,-0.053965,179.934204,75,False,True,10,129,True,
393,/kuka/axis_move/feedback_json,std_msgs/msg/String,2026-08-27T21:23:11.724094-04:00,1787880191,724070957,1787880191724070957,125.81839,,,,1500,1499,1,0,0,1500,AxisTarget,1,True,True,True,False,-16.149334,-70.461853,109.403145,-0.09706,51.069233,-16.076944,505.024719,146.347656,512.238892,-179.98909,-0.050745,179.935699,75,False,True,10,129,True,
394,/kuka/axis_move/feedback_json,std_msgs/msg/String,2026-08-27T21:23:11.853093-04:00,1787880191,853071611,1787880191853071611,129.000654,,,,1501,1500,1,0,0,1501,AxisTarget,1,True,True,True,False,-16.152199,-70.317474,109.504631,-0.094423,50.820694,-16.07641,505.079468,146.386765,510.41861,-179.984497,-0.047629,179.937134,75,False,True,10,129,True,
395,/kuka/axis_move/feedback_json,std_msgs/msg/String,2026-08-27T21:23:11.979915-04:00,1787880191,979910017,1787880191979910017,126.838406,,,,1502,1501,1,0,0,1502,AxisTarget,1,True,True,True,False,-16.154974,-70.177605,109.602943,-0.091786,50.572155,-16.075876,505.128998,146.425156,508.541199,-179.979752,-0.044415,179.938583,75,False,True,10,129,True,
396,/kuka/axis_move/feedback_json,std_msgs/msg/String,2026-08-27T21:23:12.104300-04:00,1787880192,104278626,1787880192104278626,124.368609,,,,1503,1502,1,0,0,1503,AxisTarget,1,True,True,True,False,-16.157841,-70.033226,109.704422,-0.089233,50.331379,-16.075359,505.171417,146.461533,506.665497,-179.974976,-0.041204,179.940033,75,False,True,10,129,True,
397,/kuka/axis_move/feedback_json,std_msgs/msg/String,2026-08-27T21:23:12.230838-04:00,1787880192,230813469,1787880192230813469,126.534843,,,,1504,1503,1,0,0,1504,AxisTarget,1,True,True,True,False,-16.160618,-69.893364,109.802734,-0.08668,50.090607,-16.074841,505.205811,146.494827,504.850067,-179.970337,-0.038097,179.941422,75,False,True,10,129,True,
398,/kuka/axis_move/feedback_json,std_msgs/msg/String,2026-08-27T21:23:12.362493-04:00,1787880192,362464122,1787880192362464122,131.650653,,,,1505,1504,1,0,0,1505,AxisTarget,1,True,True,True,False,-16.163485,-69.748985,109.904213,-0.084046,49.834301,-16.074289,505.233551,146.526245,503.036285,-179.965668,-0.034993,179.94281,75,False,True,10,129,True,
399,/kuka/axis_move/feedback_json,std_msgs/msg/String,2026-08-27T21:23:12.487766-04:00,1787880192,487749388,1787880192487749388,125.285266,,,,1506,1505,1,0,0,1506,AxisTarget,1,True,True,True,False,-16.166441,-69.600098,110.008865,-0.081329,49.585758,-16.073755,505.255829,146.557602,501.10733,-179.960693,-0.031693,179.94426,75,False,True,10,130,True,
400,/kuka/axis_move/feedback_json,std_msgs/msg/String,2026-08-27T21:23:12.614314-04:00,1787880192,614285222,1787880192614285222,126.535834,,,,1507,1506,1,0,0,1507,AxisTarget,1,True,True,True,True,-16.16931,-69.455719,110.110344,-0.078695,49.337219,-16.073219,505.270294,146.585968,499.238647,-179.955856,-0.028496,179.945663,75,False,True,10,130,True,
401,/kuka/axis_move/feedback_json,std_msgs/msg/String,2026-08-27T21:23:12.738860-04:00,1787880192,738852170,1787880192738852170,124.566948,,,,1508,1507,1,0,0,1508,AxisTarget,1,True,True,True,False,-16.172087,-69.315857,110.208656,-0.076143,49.096447,-16.072702,505.277618,146.611526,497.430145,-179.951141,-0.025404,179.947006,75,False,True,10,130,True,
402,/kuka/axis_move/feedback_json,std_msgs/msg/String,2026-08-27T21:23:12.866449-04:00,1787880192,866422208,1787880192866422208,127.570038,,,,1509,1508,1,0,0,1509,AxisTarget,1,True,True,True,False,-16.174864,-69.175995,110.306969,-0.073592,48.855671,-16.072166,505.278259,146.635925,495.565125,-179.946259,-0.022216,179.948364,75,False,True,10,130,True,
403,/kuka/axis_move/feedback_json,std_msgs/msg/String,2026-08-27T21:23:12.992406-04:00,1787880192,992395553,1787880192992395553,125.973345,,,,1510,1509,1,0,0,1510,AxisTarget,1,True,True,True,False,-16.177729,-69.031616,110.408455,-0.07096,48.607132,-16.071648,505.271912,146.658295,493.701965,-179.94136,-0.019034,179.949722,75,False,True,10,130,True,
404,/kuka/axis_move/feedback_json,std_msgs/msg/String,2026-08-27T21:23:13.122616-04:00,1787880193,122583399,1787880193122583399,130.187846,,,,1511,1510,1,0,0,1511,AxisTarget,1,True,True,True,False,-16.180504,-68.891747,110.506767,-0.06841,48.36636,-16.071112,505.259094,146.678055,491.898865,-179.9366,-0.015957,179.951035,75,False,True,10,130,True,
405,/kuka/axis_move/feedback_json,std_msgs/msg/String,2026-08-27T21:23:13.245917-04:00,1787880193,245894217,1787880193245894217,123.310818,,,,1512,1511,1,0,0,1512,AxisTarget,1,True,True,True,False,-16.183367,-68.747368,110.608253,-0.06578,48.11005,-16.070576,505.239014,146.696457,490.03952,-179.931671,-0.012787,179.952362,75,False,True,10,130,True,
406,/kuka/axis_move/feedback_json,std_msgs/msg/String,2026-08-27T21:23:13.376555-04:00,1787880193,376527697,1787880193376527697,130.63348,,,,1513,1512,1,0,0,1513,AxisTarget,1,True,True,True,False,-16.186228,-68.602989,110.70974,-0.063152,47.861511,-16.07004,505.211945,146.712845,488.182159,-179.926712,-0.009623,179.953674,75,False,True,10,130,True,
407,/kuka/axis_move/feedback_json,std_msgs/msg/String,2026-08-27T21:23:13.498953-04:00,1787880193,498930482,1787880193498930482,122.402785,,,,1514,1513,1,0,0,1514,AxisTarget,1,True,True,True,False,-16.189089,-68.458611,110.811226,-0.060524,47.620739,-16.069519,505.177948,146.727219,486.326782,-179.921753,-0.006466,179.954987,75,False,True,10,130,True,
408,/kuka/axis_move/feedback_json,std_msgs/msg/String,2026-08-27T21:23:13.622864-04:00,1787880193,622841771,1787880193622841771,123.911289,,,,1515,1514,1,0,0,1515,AxisTarget,1,True,True,True,False,-16.191858,-68.318741,110.909546,-0.05798,47.379963,-16.068998,505.138397,146.739243,484.531342,-179.916931,-0.003413,179.956223,75,False,True,10,130,True,
409,/kuka/axis_move/feedback_json,std_msgs/msg/String,2026-08-27T21:23:13.750554-04:00,1787880193,750532117,1787880193750532117,127.690346,,,,1516,1515,1,0,0,1516,AxisTarget,1,True,True,True,False,-16.194614,-68.179749,111.007042,-0.055463,47.142475,-16.068485,505.093994,146.749069,482.798096,-179.912262,-0.000467,179.957428,75,False,True,10,131,True,
410,/kuka/axis_move/feedback_json,std_msgs/msg/String,2026-08-27T21:23:13.878962-04:00,1787880193,878923708,1787880193878923708,128.391591,,,,1517,1516,1,0,0,1517,AxisTarget,1,True,True,True,True,-16.197044,-68.057175,111.093086,-0.053238,46.931877,-16.068029,505.046356,146.756775,481.158173,-179.907822,0.002319,179.958542,75,False,True,10,131,True,
411,/kuka/axis_move/feedback_json,std_msgs/msg/String,2026-08-27T21:23:14.004360-04:00,1787880194,4328621,1787880194004328621,125.404913,,,,1518,1517,1,0,0,1518,AxisTarget,1,True,True,True,False,-16.199831,-67.915909,111.192711,-0.050653,46.686523,-16.067497,504.98822,146.763382,479.371246,-179.902954,0.005355,179.959747,75,False,True,10,131,True,
412,/kuka/axis_move/feedback_json,std_msgs/msg/String,2026-08-27T21:23:14.130300-04:00,1787880194,130276915,1787880194130276915,125.948294,,,,1519,1518,1,0,0,1519,AxisTarget,1,True,True,True,False,-16.20269,-67.77153,111.294205,-0.048027,46.437984,-16.066959,504.923553,146.768158,477.583496,-179.898071,0.008392,179.960953,75,False,True,10,131,True,
413,/kuka/axis_move/feedback_json,std_msgs/msg/String,2026-08-27T21:23:14.254905-04:00,1787880194,254882833,1787880194254882833,124.605918,,,,1520,1519,1,0,0,1520,AxisTarget,1,True,True,True,False,-16.20546,-67.63166,111.392517,-0.045482,46.197208,-16.066437,504.850037,146.771149,475.740234,-179.893005,0.011527,179.962173,75,False,True,10,131,True,
414,/kuka/axis_move/feedback_json,std_msgs/msg/String,2026-08-27T21:23:14.382855-04:00,1787880194,382850158,1787880194382850158,127.967325,,,,1521,1520,1,0,0,1521,AxisTarget,1,True,True,True,False,-16.208233,-67.491798,111.494003,-0.042853,45.948669,-16.065897,504.772278,146.772186,473.956726,-179.888092,0.014566,179.963348,75,False,True,10,131,True,
415,/kuka/axis_move/feedback_json,std_msgs/msg/String,2026-08-27T21:23:14.510929-04:00,1787880194,510916694,1787880194510916694,128.066536,,,,1522,1521,1,0,0,1522,AxisTarget,1,True,True,True,False,-16.211098,-67.347427,111.592308,-0.040306,45.707897,-16.065374,504.685333,146.771347,472.11792,-179.88298,0.017706,179.964539,75,False,True,10,131,True,
416,/kuka/axis_move/feedback_json,std_msgs/msg/String,2026-08-27T21:23:14.636497-04:00,1787880194,636474438,1787880194636474438,125.557744,,,,1523,1522,1,0,0,1523,AxisTarget,1,True,True,True,False,-16.213964,-67.203049,111.693787,-0.037674,45.459354,-16.064831,504.594574,146.768661,470.338806,-179.878021,0.02075,179.965668,75,False,True,10,131,True,
417,/kuka/axis_move/feedback_json,std_msgs/msg/String,2026-08-27T21:23:14.762647-04:00,1787880194,762641581,1787880194762641581,126.167143,,,,1524,1523,1,0,0,1524,AxisTarget,1,True,True,True,False,-16.216743,-67.063194,111.795258,-0.035042,45.210815,-16.064289,504.494202,146.763992,468.504578,-179.872879,0.023894,179.966843,75,False,True,10,132,False,
418,/kuka/axis_move/feedback_json,std_msgs/msg/String,2026-08-27T21:23:14.890589-04:00,1787880194,890584038,1787880194890584038,127.942457,,,,1525,1524,1,0,0,1525,AxisTarget,1,True,True,True,True,-16.219612,-66.918823,111.893555,-0.032491,44.970043,-16.063763,504.390503,146.757599,466.729889,-179.867874,0.026938,179.967941,75,False,True,10,132,False,
419,/kuka/axis_move/feedback_json,std_msgs/msg/String,2026-08-27T21:23:15.018508-04:00,1787880195,18480315,1787880195018480315,127.896277,,,,1526,1525,1,0,0,1526,AxisTarget,1,True,True,True,False,-16.222483,-66.77446,111.995026,-0.029858,44.7215,-16.063219,504.276764,146.749069,464.900299,-179.862686,0.030078,179.969086,75,False,True,10,132,False,
420,/kuka/axis_move/feedback_json,std_msgs/msg/String,2026-08-27T21:23:15.146414-04:00,1787880195,146397493,1787880195146397493,127.917178,,,,1527,1526,1,0,0,1527,AxisTarget,1,True,True,True,False,-16.225353,-66.630089,112.096497,-0.027225,44.472961,-16.062675,504.156281,146.738586,463.073059,-179.857483,0.033212,179.9702,75,False,True,10,132,False,
421,/kuka/axis_move/feedback_json,std_msgs/msg/String,2026-08-27T21:23:15.270615-04:00,1787880195,270592152,1787880195270592152,124.194659,,,,1528,1527,1,0,0,1528,AxisTarget,1,True,True,True,False,-16.228224,-66.485725,112.197975,-0.024593,44.224422,-16.062134,504.028992,146.726151,461.248199,-179.85228,0.036337,179.971298,75,False,True,10,132,False,
422,/kuka/axis_move/feedback_json,std_msgs/msg/String,2026-08-27T21:23:15.394531-04:00,1787880195,394507104,1787880195394507104,123.914952,,,,1529,1528,1,0,0,1529,AxisTarget,1,True,True,True,False,-16.231007,-66.345863,112.296288,-0.022045,43.983646,-16.061613,503.899231,146.712234,459.482635,-179.847214,0.03935,179.972351,75,False,True,10,132,False,
423,/kuka/axis_move/feedback_json,std_msgs/msg/String,2026-08-27T21:23:15.525054-04:00,1787880195,525030259,1787880195525030259,130.523155,,,,1530,1529,1,0,0,1530,AxisTarget,1,True,True,True,False,-16.233789,-66.206001,112.394608,-0.019498,43.735107,-16.061077,503.758606,146.695938,457.662476,-179.84198,0.042447,179.973434,75,False,True,10,132,False,
424,/kuka/axis_move/feedback_json,std_msgs/msg/String,2026-08-27T21:23:15.648544-04:00,1787880195,648539253,1787880195648539253,123.508994,,,,1531,1530,1,0,0,1531,AxisTarget,1,True,True,True,False,-16.23661,-66.064781,112.493454,-0.016951,43.50312,-16.060581,503.612946,146.677933,455.865509,-179.836792,0.045497,179.974487,75,False,True,10,132,False,
425,/kuka/axis_move/feedback_json,std_msgs/msg/String,2026-08-27T21:23:15.774500-04:00,1787880195,774469179,1787880195774469179,125.929926,,,,1532,1531,1,0,0,1532,AxisTarget,1,True,True,True,False,-16.239273,-65.930504,112.58828,-0.014485,43.268612,-16.060076,503.476471,146.660126,454.252838,-179.832108,0.048232,179.975418,75,False,True,10,132,False,
426,/kuka/axis_move/feedback_json,std_msgs/msg/String,2026-08-27T21:23:15.901610-04:00,1787880195,901587154,1787880195901587154,127.117975,,,,1533,1532,1,0,0,1533,AxisTarget,1,True,True,True,False,-16.242056,-65.790642,112.686607,-0.011939,43.02784,-16.059557,503.316559,146.638229,452.439819,-179.826828,0.051307,179.97644,75,False,True,10,132,False,
427,/kuka/axis_move/feedback_json,std_msgs/msg/String,2026-08-27T21:23:16.032297-04:00,1787880196,32291433,1787880196032291433,130.704279,,,,1534,1533,1,0,0,1534,AxisTarget,1,True,True,True,False,-16.244917,-65.646263,112.788101,-0.009301,42.779301,-16.059017,503.155304,146.615097,450.685883,-179.821701,0.054276,179.977432,75,False,True,10,132,False,
428,/kuka/axis_move/feedback_json,std_msgs/msg/String,2026-08-27T21:23:16.160115-04:00,1787880196,160085161,1787880196160085161,127.793728,,,,1535,1534,1,0,0,1535,AxisTarget,1,True,True,True,False,-16.247747,-65.50312,112.888397,-0.006692,42.535088,-16.058485,502.981323,146.58902,448.867615,-179.81636,0.057347,179.97847,75,False,True,10,132,False,
429,/kuka/axis_move/feedback_json,std_msgs/msg/String,2026-08-27T21:23:16.286769-04:00,1787880196,286734997,1787880196286734997,126.649836,,,,1536,1535,1,0,0,1536,AxisTarget,1,True,True,True,False,-16.250444,-65.365753,112.985275,-0.004157,42.296535,-16.057945,502.807495,146.562042,447.119415,-179.811203,0.060298,179.979431,75,False,True,10,132,False,
430,/kuka/axis_move/feedback_json,std_msgs/msg/String,2026-08-27T21:23:16.410572-04:00,1787880196,410542030,1787880196410542030,123.807033,,,,1537,1536,1,0,0,1537,AxisTarget,1,True,True,True,False,-16.252373,-65.27021,113.0495,-0.002606,42.153969,-16.057699,502.671448,146.540115,445.79303,-179.807373,0.062576,179.980118,75,False,True,10,132,False,
431,/kuka/axis_move/feedback_json,std_msgs/msg/String,2026-08-27T21:23:16.534219-04:00,1787880196,534196933,1787880196534196933,123.654903,,,,1538,1537,1,0,0,1538,AxisTarget,1,False,True,False,False,-16.252399,-65.269302,113.049896,-0.0026,42.153702,-16.057699,502.666565,146.539322,445.746002,-179.807236,0.062658,179.980148,75,False,True,10,132,False,
432,/kuka/axis_move/feedback_json,std_msgs/msg/String,2026-08-27T21:23:16.658526-04:00,1787880196,658510398,1787880196658510398,124.313465,,,,1539,1538,1,0,0,1539,AxisTarget,1,False,True,False,False,-16.252399,-65.269302,113.049896,-0.0026,42.153702,-16.057699,502.666565,146.539322,445.746002,-179.807236,0.062658,179.980148,75,False,True,10,132,False,
433,/kuka/axis_move/feedback_json,std_msgs/msg/String,2026-08-27T21:23:16.787953-04:00,1787880196,787937368,1787880196787937368,129.42697,,,,1540,1539,1,0,0,1540,AxisTarget,1,False,True,False,False,-16.252399,-65.269302,113.049896,-0.0026,42.153702,-16.057699,502.666565,146.539322,445.746002,-179.807236,0.062658,179.980148,75,False,True,10,132,False,
434,/kuka/axis_move/feedback_json,std_msgs/msg/String,2026-08-27T21:23:17.016295-04:00,1787880197,16272978,1787880197016272978,228.33561,,,,1541,1540,1,0,0,1541,AxisTarget,1,False,True,False,False,-16.252399,-65.269302,113.049896,-0.0026,42.153702,-16.057699,502.666565,146.539322,445.746002,-179.807236,0.062658,179.980148,76,False,True,10,132,False,
435,/kuka/axis_move/feedback_json,std_msgs/msg/String,2026-08-27T21:23:17.146043-04:00,1787880197,146032353,1787880197146032353,129.759375,,,,1542,1541,1,0,0,1542,AxisTarget,1,False,True,False,False,-16.252399,-65.269302,113.049896,-0.0026,42.153702,-16.057699,502.666565,146.539322,445.746002,-179.807236,0.062658,179.980148,76,False,True,10,132,False,
436,/kuka/axis_move/feedback_json,std_msgs/msg/String,2026-08-27T21:23:17.276415-04:00,1787880197,276410426,1787880197276410426,130.378073,,,,1543,1542,1,0,0,1543,AxisTarget,1,False,True,False,False,-16.252399,-65.269302,113.049896,-0.0026,42.153702,-16.057699,502.666565,146.539322,445.746002,-179.807236,0.062658,179.980148,76,False,True,10,132,False,
437,/kuka/axis_move/feedback_json,std_msgs/msg/String,2026-08-27T21:23:17.402303-04:00,1787880197,402274503,1787880197402274503,125.864077,,,,1544,1543,1,0,0,1544,AxisTarget,1,False,True,False,False,-16.252399,-65.269302,113.049896,-0.0026,42.153702,-16.057699,502.666565,146.539322,445.746002,-179.807236,0.062658,179.980148,76,False,True,10,132,False,
438,/kuka/axis_move/feedback_json,std_msgs/msg/String,2026-08-27T21:23:17.626973-04:00,1787880197,626943983,1787880197626943983,224.66948,,,,1545,1544,1,0,0,1545,AxisTarget,1,False,True,False,False,-16.252399,-65.269302,113.049896,-0.0026,42.153702,-16.057699,502.666565,146.539322,445.746002,-179.807236,0.062658,179.980148,77,False,True,10,132,False,
439,/kuka/axis_move/feedback_json,std_msgs/msg/String,2026-08-27T21:23:17.758082-04:00,1787880197,758060170,1787880197758060170,131.116187,,,,1546,1545,1,0,0,1546,AxisTarget,1,False,True,False,False,-16.252399,-65.269302,113.049896,-0.0026,42.153702,-16.057699,502.666565,146.539322,445.746002,-179.807236,0.062658,179.980148,77,False,True,10,132,False,
440,/kuka/axis_move/feedback_json,std_msgs/msg/String,2026-08-27T21:23:17.894001-04:00,1787880197,893995457,1787880197893995457,135.935287,,,,1547,1546,1,0,0,1547,AxisTarget,1,False,True,False,False,-16.252399,-65.269302,113.049896,-0.0026,42.153702,-16.057699,502.666565,146.539322,445.746002,-179.807236,0.062658,179.980148,77,False,True,10,132,False,
441,/kuka/axis_move/feedback_json,std_msgs/msg/String,2026-08-27T21:23:18.020338-04:00,1787880198,20333331,1787880198020333331,126.337874,,,,1548,1547,1,0,0,1548,AxisTarget,1,False,True,False,False,-16.252399,-65.269302,113.049896,-0.0026,42.153702,-16.057699,502.666565,146.539322,445.746002,-179.807236,0.062658,179.980148,77,False,True,10,132,False,
442,/kuka/axis_move/feedback_json,std_msgs/msg/String,2026-08-27T21:23:18.262485-04:00,1787880198,262457226,1787880198262457226,242.123895,,,,1549,1548,1,0,0,1549,AxisTarget,1,False,True,False,False,-16.252399,-65.269302,113.049896,-0.0026,42.153702,-16.057699,502.666565,146.539322,445.746002,-179.807236,0.062658,179.980148,78,False,True,10,132,False,
443,/kuka/axis_move/feedback_json,std_msgs/msg/String,2026-08-27T21:23:18.824209-04:00,1787880198,824203949,1787880198824203949,561.746723,,,,1550,1549,1,0,0,1550,AxisTarget,1,True,True,True,False,-16.252399,-65.269302,113.049896,-0.0026,42.153774,-16.057701,502.666565,146.539322,445.746002,-179.807236,0.062658,179.980148,79,False,True,11,136,True,
444,/kuka/axis_move/feedback_json,std_msgs/msg/String,2026-08-27T21:23:19.377865-04:00,1787880199,377833413,1787880199377833413,553.629464,,,,1551,1550,1,0,0,1551,AxisTarget,1,True,True,True,True,-16.252575,-65.838615,112.654846,0.005108,43.112179,-16.06377,503.319366,146.72403,452.590424,-179.807373,0.088127,179.977997,80,False,True,11,138,True,
445,/kuka/axis_move/feedback_json,std_msgs/msg/String,2026-08-27T21:23:19.501059-04:00,1787880199,501042877,1787880199501042877,123.209464,,,,1552,1551,1,0,0,1552,AxisTarget,1,True,True,True,False,-16.252605,-65.985191,112.55397,0.007059,43.352951,-16.065283,503.482208,146.769775,454.478333,-179.807449,0.095139,179.977432,80,False,True,11,138,True,
446,/kuka/axis_move/feedback_json,std_msgs/msg/String,2026-08-27T21:23:19.630951-04:00,1787880199,630892642,1787880199630892642,129.849765,,,,1553,1552,1,0,0,1553,AxisTarget,1,True,True,True,False,-16.252636,-66.131752,112.449852,0.009061,43.601494,-16.066845,503.632996,146.812057,456.309662,-179.807556,0.101911,179.976883,80,False,True,11,138,True,
447,/kuka/axis_move/feedback_json,std_msgs/msg/String,2026-08-27T21:23:19.754377-04:00,1787880199,754347166,1787880199754347166,123.454524,,,,1554,1553,1,0,0,1554,AxisTarget,1,True,True,True,False,-16.252672,-66.287766,112.345741,0.011057,43.850033,-16.068407,503.78598,146.854874,458.26178,-179.807663,0.109106,179.976334,80,False,True,11,139,True,
448,/kuka/axis_move/feedback_json,std_msgs/msg/String,2026-08-27T21:23:19.882518-04:00,1787880199,882501751,1787880199882501751,128.154585,,,,1555,1554,1,0,0,1555,AxisTarget,1,True,True,True,True,-16.252707,-66.434326,112.244888,0.01299,44.090805,-16.06992,503.918365,146.891846,460.038818,-179.807785,0.115648,179.97583,80,False,True,11,139,True,
449,/kuka/axis_move/feedback_json,std_msgs/msg/String,2026-08-27T21:23:20.010779-04:00,1787880200,10692935,1787880200010692935,128.191184,,,,1556,1555,1,0,0,1556,AxisTarget,1,True,True,True,False,-16.252741,-66.585609,112.140785,0.014986,44.339348,-16.071482,504.05658,146.930328,461.996216,-179.807938,0.122848,179.975296,80,False,True,11,139,True,
450,/kuka/axis_move/feedback_json,std_msgs/msg/String,2026-08-27T21:23:20.139657-04:00,1787880200,139633955,1787880200139633955,128.94102,,,,1557,1556,1,0,0,1557,AxisTarget,1,True,True,True,False,-16.252773,-66.736893,112.036674,0.016984,44.587887,-16.073048,504.183258,146.965469,463.896912,-179.80809,0.129837,179.974792,80,False,True,11,139,True,
451,/kuka/axis_move/feedback_json,std_msgs/msg/String,2026-08-27T21:23:20.266475-04:00,1787880200,266452938,1787880200266452938,126.818983,,,,1558,1557,1,0,0,1558,AxisTarget,1,True,True,True,False,-16.252804,-66.888184,111.932556,0.018985,44.836426,-16.074615,504.298981,146.997437,465.740662,-179.808258,0.136613,179.974304,80,False,True,11,139,True,
452,/kuka/axis_move/feedback_json,std_msgs/msg/String,2026-08-27T21:23:20.394951-04:00,1787880200,394937624,1787880200394937624,128.484686,,,,1559,1558,1,0,0,1559,AxisTarget,1,True,True,True,False,-16.252831,-67.044197,111.825188,0.021052,45.092735,-16.076235,504.414673,147.029221,467.705933,-179.808456,0.143835,179.973816,80,False,True,11,139,True,
453,/kuka/axis_move/feedback_json,std_msgs/msg/String,2026-08-27T21:23:20.518500-04:00,1787880200,518470748,1787880200518470748,123.533124,,,,1560,1559,1,0,0,1560,AxisTarget,1,True,True,True,False,-16.252857,-67.190758,111.724327,0.022996,45.333492,-16.077759,504.51944,147.057846,469.614197,-179.808655,0.150844,179.973343,80,False,True,11,139,True,
454,/kuka/axis_move/feedback_json,std_msgs/msg/String,2026-08-27T21:23:20.639093-04:00,1787880200,639056832,1787880200639056832,120.586084,,,,1561,1560,1,0,0,1561,AxisTarget,1,True,True,True,False,-16.252878,-67.322449,111.634048,0.024731,45.547386,-16.079107,504.605652,147.081268,471.297974,-179.808853,0.157025,179.972946,80,False,True,11,140,True,
455,/kuka/axis_move/feedback_json,std_msgs/msg/String,2026-08-27T21:23:20.766731-04:00,1787880200,766702940,1787880200766702940,127.646108,,,,1562,1561,1,0,0,1562,AxisTarget,1,True,True,True,True,-16.252901,-67.46299,111.536972,0.026609,45.780735,-16.080591,504.686646,147.103134,472.994263,-179.809052,0.163249,179.972549,80,False,True,11,140,True,
456,/kuka/axis_move/feedback_json,std_msgs/msg/String,2026-08-27T21:23:20.890580-04:00,1787880200,890548833,1787880200890548833,123.845893,,,,1563,1562,1,0,0,1563,AxisTarget,1,True,True,True,False,-16.252926,-67.614281,111.432854,0.028617,46.029278,-16.082165,504.773529,147.126419,474.969116,-179.809296,0.170488,179.972092,80,False,True,11,140,True,
457,/kuka/axis_move/feedback_json,std_msgs/msg/String,2026-08-27T21:23:21.014739-04:00,1787880201,14666806,1787880201014666806,124.117973,,,,1564,1563,1,0,0,1564,AxisTarget,1,True,True,True,False,-16.252953,-67.760841,111.331993,0.030562,46.27005,-16.083689,504.847961,147.14621,476.826538,-179.80954,0.177293,179.97168,80,False,True,11,140,True,
458,/kuka/axis_move/feedback_json,std_msgs/msg/String,2026-08-27T21:23:21.145700-04:00,1787880201,145654948,1787880201145654948,130.988142,,,,1565,1564,1,0,0,1565,AxisTarget,1,True,True,True,False,-16.252979,-67.907402,111.231125,0.03257,46.518589,-16.08526,504.915436,147.163956,478.686127,-179.809799,0.184101,179.971283,80,False,True,11,140,True,
459,/kuka/axis_move/feedback_json,std_msgs/msg/String,2026-08-27T21:23:21.270739-04:00,1787880201,270698686,1787880201270698686,125.043738,,,,1566,1565,1,0,0,1566,AxisTarget,1,True,True,True,False,-16.253012,-68.063423,111.123756,0.034577,46.767132,-16.086832,504.977783,147.180161,480.607971,-179.810074,0.191132,179.970871,80,False,True,11,140,True,
460,/kuka/axis_move/feedback_json,std_msgs/msg/String,2026-08-27T21:23:21.394915-04:00,1787880201,394884289,1787880201394884289,124.185603,,,,1567,1566,1,0,0,1567,AxisTarget,1,True,True,True,False,-16.253042,-68.209991,111.022896,0.036522,47.007904,-16.088354,505.031036,147.193771,482.471924,-179.810349,0.197947,179.97049,80,False,True,11,140,True,
461,/kuka/axis_move/feedback_json,std_msgs/msg/String,2026-08-27T21:23:21.523035-04:00,1787880201,523010536,1787880201523010536,128.126247,,,,1568,1567,1,0,0,1568,AxisTarget,1,True,True,True,False,-16.253077,-68.35656,110.922035,0.038467,47.248676,-16.089876,505.078674,147.205704,484.398193,-179.810638,0.204986,179.970108,80,False,True,11,140,True,
462,/kuka/axis_move/feedback_json,std_msgs/msg/String,2026-08-27T21:23:21.646796-04:00,1787880201,646774239,1787880201646774239,123.763703,,,,1569,1568,1,0,0,1569,AxisTarget,1,True,True,True,False,-16.253115,-68.507858,110.817924,0.040475,47.497219,-16.091446,505.117676,147.215179,486.266357,-179.810928,0.211808,179.969742,80,False,True,11,140,True,
463,/kuka/axis_move/feedback_json,std_msgs/msg/String,2026-08-27T21:23:21.774970-04:00,1787880201,774947216,1787880201774947216,128.172977,,,,1570,1569,1,0,0,1570,AxisTarget,1,True,True,True,False,-16.253153,-68.651535,110.719414,0.042367,47.737278,-16.092955,505.150238,147.222733,488.1763,-179.811249,0.218778,179.969391,80,False,True,11,140,True,
464,/kuka/axis_move/feedback_json,std_msgs/msg/String,2026-08-27T21:23:21.898699-04:00,1787880201,898658620,1787880201898658620,123.711404,,,,1571,1570,1,0,0,1571,AxisTarget,1,True,True,True,True,-16.253187,-68.785103,110.627342,0.044146,47.951412,-16.094311,505.173065,147.227661,489.878876,-179.811539,0.224988,179.96907,80,False,True,11,141,True,
465,/kuka/axis_move/feedback_json,std_msgs/msg/String,2026-08-27T21:23:22.027177-04:00,1787880202,27159773,1787880202027159773,128.501153,,,,1572,1571,1,0,0,1572,AxisTarget,1,True,True,True,False,-16.253223,-68.929901,110.527512,0.046075,48.190514,-16.095821,505.190674,147.230957,491.65686,-179.811844,0.231469,179.968765,80,False,True,11,141,True,
466,/kuka/axis_move/feedback_json,std_msgs/msg/String,2026-08-27T21:23:22.151217-04:00,1787880202,151211518,1787880202151211518,124.051745,,,,1573,1572,1,0,0,1573,AxisTarget,1,True,True,True,False,-16.253262,-69.076477,110.426651,0.048019,48.43129,-16.097342,505.202606,147.232437,493.593262,-179.812195,0.238524,179.96843,80,False,True,11,141,True,
467,/kuka/axis_move/feedback_json,std_msgs/msg/String,2026-08-27T21:23:22.278736-04:00,1787880202,278729226,1787880202278729226,127.517708,,,,1574,1573,1,0,0,1574,AxisTarget,1,True,True,True,False,-16.2533,-69.227776,110.32254,0.050026,48.679829,-16.098909,505.207001,147.231705,495.531708,-179.812561,0.245581,179.968094,80,False,True,11,141,True,
468,/kuka/axis_move/feedback_json,std_msgs/msg/String,2026-08-27T21:23:22.406557-04:00,1787880202,406551629,1787880202406551629,127.822403,,,,1575,1574,1,0,0,1575,AxisTarget,1,True,True,True,False,-16.253338,-69.383797,110.215172,0.052095,48.936134,-16.100527,505.203857,147.228745,497.472137,-179.812943,0.252641,179.967789,80,False,True,11,141,True,
469,/kuka/axis_move/feedback_json,std_msgs/msg/String,2026-08-27T21:23:22.534618-04:00,1787880202,534607129,1787880202534607129,128.0555,,,,1576,1575,1,0,0,1576,AxisTarget,1,True,True,True,False,-16.253374,-69.530365,110.114311,0.054037,49.17691,-16.102043,505.193634,147.223755,499.353821,-179.813324,0.259484,179.967484,80,False,True,11,141,True,
470,/kuka/axis_move/feedback_json,std_msgs/msg/String,2026-08-27T21:23:22.662645-04:00,1787880202,662615819,1787880202662615819,128.00869,,,,1577,1576,1,0,0,1577,AxisTarget,1,True,True,True,False,-16.25341,-69.681664,110.010193,0.05604,49.425449,-16.103607,505.174896,147.216141,501.358887,-179.813751,0.266771,179.967178,80,False,True,11,141,True,
471,/kuka/axis_move/feedback_json,std_msgs/msg/String,2026-08-27T21:23:22.787196-04:00,1787880202,787159356,1787880202787159356,124.543537,,,,1578,1577,1,0,0,1578,AxisTarget,1,True,True,True,False,-16.253445,-69.832954,109.906075,0.058042,49.673988,-16.105171,505.149994,147.206818,503.244263,-179.814163,0.27362,179.966904,80,False,True,11,141,True,
472,/kuka/axis_move/feedback_json,std_msgs/msg/String,2026-08-27T21:23:22.914864-04:00,1787880202,914848914,1787880202914848914,127.689558,,,,1579,1578,1,0,0,1579,AxisTarget,1,True,True,True,False,-16.253477,-69.979523,109.805214,0.05998,49.914764,-16.106733,505.116791,147.195007,505.192291,-179.814606,0.280692,179.966629,80,False,True,11,141,True,
473,/kuka/axis_move/feedback_json,std_msgs/msg/String,2026-08-27T21:23:23.039818-04:00,1787880203,39806232,1787880203039806232,124.957318,,,,1580,1579,1,0,0,1580,AxisTarget,1,True,True,True,False,-16.25351,-70.130814,109.701088,0.061979,50.163303,-16.108246,505.077362,147.181427,507.081207,-179.815048,0.287547,179.96637,80,False,True,11,141,True,
474,/kuka/axis_move/feedback_json,std_msgs/msg/String,2026-08-27T21:23:23.166838-04:00,1787880203,166815835,1787880203166815835,127.009603,,,,1581,1580,1,0,0,1581,AxisTarget,1,True,True,True,True,-16.25354,-70.277374,109.600227,0.063916,50.404076,-16.109806,505.029175,147.165192,509.032837,-179.815506,0.294625,179.966095,80,False,True,11,142,True,
475,/kuka/axis_move/feedback_json,std_msgs/msg/String,2026-08-27T21:23:23.295333-04:00,1787880203,295300777,1787880203295300777,128.484942,,,,1582,1581,1,0,0,1582,AxisTarget,1,True,True,True,False,-16.253572,-70.428673,109.496101,0.065915,50.652618,-16.111319,504.973328,147.146713,510.986237,-179.815994,0.301706,179.965851,80,False,True,11,142,True,
476,/kuka/axis_move/feedback_json,std_msgs/msg/String,2026-08-27T21:23:23.419052-04:00,1787880203,419021475,1787880203419021475,123.720698,,,,1583,1582,1,0,0,1583,AxisTarget,1,True,True,True,False,-16.253605,-70.579964,109.391983,0.067914,50.901157,-16.112879,504.911957,147.126678,512.880249,-179.816483,0.308568,179.965622,80,False,True,11,142,True,
477,/kuka/axis_move/feedback_json,std_msgs/msg/String,2026-08-27T21:23:23.542981-04:00,1787880203,542951014,1787880203542951014,123.929539,,,,1584,1583,1,0,0,1584,AxisTarget,1,True,True,True,False,-16.253633,-70.726524,109.291115,0.069851,51.14193,-16.114393,504.843353,147.104523,514.775818,-179.816971,0.315433,179.965393,80,False,True,11,142,True,
478,/kuka/axis_move/feedback_json,std_msgs/msg/String,2026-08-27T21:23:23.670653-04:00,1787880203,670629891,1787880203670629891,127.678877,,,,1585,1584,1,0,0,1585,AxisTarget,1,True,True,True,False,-16.253666,-70.873085,109.186996,0.071853,51.390472,-16.115957,504.764984,147.079422,516.734192,-179.817505,0.322519,179.965164,80,False,True,11,142,True,
479,/kuka/axis_move/feedback_json,std_msgs/msg/String,2026-08-27T21:23:23.794293-04:00,1787880203,794275305,1787880203794275305,123.645414,,,,1586,1585,1,0,0,1586,AxisTarget,1,True,True,True,False,-16.253696,-71.024376,109.086136,0.073795,51.631245,-16.117474,504.681732,147.052948,518.632874,-179.818024,0.329383,179.964966,80,False,True,11,142,True,
480,/kuka/axis_move/feedback_json,std_msgs/msg/String,2026-08-27T21:23:23.920324-04:00,1787880203,920295562,1787880203920295562,126.020257,,,,1587,1586,1,0,0,1587,AxisTarget,1,True,True,True,False,-16.253725,-71.170937,108.985275,0.075741,51.872017,-16.118994,504.591217,147.024338,520.533081,-179.818573,0.336246,179.964767,80,False,True,11,142,True,
481,/kuka/axis_move/feedback_json,std_msgs/msg/String,2026-08-27T21:23:24.046880-04:00,1787880204,46848335,1787880204046848335,126.552773,,,,1588,1587,1,0,0,1588,AxisTarget,1,True,True,True,False,-16.253754,-71.31749,108.884415,0.077689,52.112793,-16.120518,504.493469,146.993591,522.434692,-179.819122,0.343109,179.9646,80,False,True,11,142,True,
482,/kuka/axis_move/feedback_json,std_msgs/msg/String,2026-08-27T21:23:24.178514-04:00,1787880204,178499223,1787880204178499223,131.650888,,,,1589,1588,1,0,0,1589,AxisTarget,1,True,True,True,False,-16.253782,-71.468773,108.777054,0.079765,52.369099,-16.122139,504.381439,146.958511,524.460571,-179.819733,0.350414,179.964417,80,False,True,11,143,False,
483,/kuka/axis_move/feedback_json,std_msgs/msg/String,2026-08-27T21:23:24.306850-04:00,1787880204,306827473,1787880204306827473,128.32825,,,,1590,1589,1,0,0,1590,AxisTarget,1,True,True,True,True,-16.253811,-71.624786,108.672943,0.081779,52.617638,-16.123714,504.261169,146.921021,526.488037,-179.820358,0.357721,179.964249,80,False,True,11,143,False,
484,/kuka/axis_move/feedback_json,std_msgs/msg/String,2026-08-27T21:23:24.438791-04:00,1787880204,438735143,1787880204438735143,131.90767,,,,1591,1590,1,0,0,1591,AxisTarget,1,True,True,True,False,-16.253839,-71.77607,108.56884,0.083793,52.86618,-16.125288,504.136688,146.882355,528.455505,-179.820984,0.364809,179.964096,80,False,True,11,143,False,
485,/kuka/axis_move/feedback_json,std_msgs/msg/String,2026-08-27T21:23:24.567018-04:00,1787880204,566974771,1787880204566974771,128.239628,,,,1592,1591,1,0,0,1592,AxisTarget,1,True,True,True,False,-16.253868,-71.932083,108.461479,0.085869,53.122486,-16.126911,504.000183,146.840088,530.486023,-179.82164,0.372123,179.963943,80,False,True,11,143,False,
486,/kuka/axis_move/feedback_json,std_msgs/msg/String,2026-08-27T21:23:24.695014-04:00,1787880204,695004669,1787880204695004669,128.029898,,,,1593,1592,1,0,0,1593,AxisTarget,1,True,True,True,False,-16.253895,-72.083374,108.357368,0.087879,53.371029,-16.128479,503.86441,146.798157,532.394836,-179.822266,0.378999,179.963806,80,False,True,11,143,False,
487,/kuka/axis_move/feedback_json,std_msgs/msg/String,2026-08-27T21:23:24.820563-04:00,1787880204,820533552,1787880204820533552,125.528883,,,,1594,1593,1,0,0,1594,AxisTarget,1,True,True,True,False,-16.253918,-72.234665,108.253258,0.089885,53.619568,-16.130045,503.716583,146.752609,534.366638,-179.822937,0.386104,179.963669,80,False,True,11,143,False,
488,/kuka/axis_move/feedback_json,std_msgs/msg/String,2026-08-27T21:23:24.945556-04:00,1787880204,945540274,1787880204945540274,125.006722,,,,1595,1594,1,0,0,1595,AxisTarget,1,True,True,True,False,-16.253939,-72.381233,108.152405,0.091826,53.860245,-16.131556,503.565948,146.706299,536.278137,-179.823593,0.392994,179.963547,80,False,True,11,143,False,
489,/kuka/axis_move/feedback_json,std_msgs/msg/String,2026-08-27T21:23:25.075298-04:00,1787880205,75274603,1787880205075274603,129.734329,,,,1596,1595,1,0,0,1596,AxisTarget,1,True,True,True,False,-16.253958,-72.51931,108.057465,0.093651,54.086742,-16.132977,503.416382,146.6604,538.091675,-179.824234,0.39953,179.963425,80,False,True,11,143,False,
490,/kuka/axis_move/feedback_json,std_msgs/msg/String,2026-08-27T21:23:25.206926-04:00,1787880205,206904338,1787880205206904338,131.629735,,,,1597,1596,1,0,0,1597,AxisTarget,1,True,True,True,False,-16.253979,-72.670303,107.950226,0.095714,54.342964,-16.134584,503.241943,146.606979,540.113281,-179.824966,0.406814,179.963303,80,False,True,11,143,False,
491,/kuka/axis_move/feedback_json,std_msgs/msg/String,2026-08-27T21:23:25.335036-04:00,1787880205,335012825,1787880205335012825,128.108487,,,,1598,1597,1,0,0,1598,AxisTarget,1,True,True,True,False,-16.254007,-72.826324,107.846115,0.097718,54.591507,-16.136143,503.057861,146.550751,542.151917,-179.825714,0.414152,179.963196,80,False,True,11,143,False,
492,/kuka/axis_move/feedback_json,std_msgs/msg/String,2026-08-27T21:23:25.462099-04:00,1787880205,462070016,1787880205462070016,127.057191,,,,1599,1598,1,0,0,1599,AxisTarget,1,True,True,True,False,-16.254044,-72.977608,107.742012,0.099725,54.840046,-16.137701,502.871399,146.493988,544.129822,-179.826431,0.421257,179.963104,80,False,True,11,143,False,
493,/kuka/axis_move/feedback_json,std_msgs/msg/String,2026-08-27T21:23:25.587065-04:00,1787880205,587042532,1787880205587042532,124.972516,,,,1600,1599,1,0,0,1600,AxisTarget,1,True,True,True,False,-16.254084,-73.128883,107.637909,0.101734,55.088585,-16.139259,502.683228,146.436844,546.046997,-179.827148,0.428136,179.963028,80,False,True,11,143,False,
494,/kuka/axis_move/feedback_json,std_msgs/msg/String,2026-08-27T21:23:26.238735-04:00,1787880206,238708723,1787880206238708723,651.666191,,,,1601,1600,1,0,0,1601,AxisTarget,1,True,True,True,False,-16.254101,-73.235397,107.567802,0.103,55.2402,-16.1402,502.516785,146.386246,547.688965,-179.827835,0.434152,179.962906,81,False,True,12,147,True,
495,/kuka/axis_move/feedback_json,std_msgs/msg/String,2026-08-27T21:23:26.887356-04:00,1787880206,887339239,1787880206887339239,648.630516,,,,1602,1601,1,0,0,1602,AxisTarget,1,True,True,True,True,-11.952171,-70.987694,104.867722,0.071681,55.724022,-11.641105,529.170898,113.174217,545.057434,-179.862244,0.389384,179.979706,82,False,True,12,151,True,
496,/kuka/axis_move/feedback_json,std_msgs/msg/String,2026-08-27T21:23:27.015093-04:00,1787880207,15066964,1787880207015066964,127.727725,,,,1603,1602,1,0,0,1603,AxisTarget,1,True,True,True,True,-10.682103,-70.334702,104.095901,0.062875,55.85796,-10.415116,537.14563,101.937889,544.093933,-179.873123,0.37511,179.983612,82,False,True,12,152,True,
497,/kuka/axis_move/feedback_json,std_msgs/msg/String,2026-08-27T21:23:27.142698-04:00,1787880207,142664118,1787880207142664118,127.597154,,,,1604,1603,1,0,0,1604,AxisTarget,1,True,True,True,False,-9.401719,-69.668282,103.298378,0.053667,55.999817,-9.101128,544.254578,91.317078,543.153259,-179.883102,0.361963,179.986603,82,False,True,12,152,True,
498,/kuka/axis_move/feedback_json,std_msgs/msg/String,2026-08-27T21:23:27.267514-04:00,1787880207,267484349,1787880207267484349,124.820231,,,,1605,1604,1,0,0,1605,AxisTarget,1,True,True,True,False,-8.08175,-68.987473,102.491226,0.044423,56.140633,-7.809724,551.945313,79.106544,542.038818,-179.894272,0.347312,179.989258,82,False,True,12,153,True,
499,/kuka/axis_move/feedback_json,std_msgs/msg/String,2026-08-27T21:23:27.393621-04:00,1787880207,393593050,1787880207393593050,126.108701,,,,1606,1605,1,0,0,1606,AxisTarget,1,True,True,True,True,-6.801934,-68.323441,101.698723,0.035276,56.280972,-6.512129,558.596008,67.865723,540.983521,-179.904282,0.334239,179.991013,82,False,True,12,153,True,
500,/kuka/axis_move/feedback_json,std_msgs/msg/String,2026-08-27T21:23:27.517103-04:00,1787880207,517074356,1787880207517074356,123.481306,,,,1607,1606,1,0,0,1607,AxisTarget,1,True,True,True,False,-5.462729,-67.630699,100.874748,0.025803,56.425762,-5.178975,565.767395,54.934784,539.736389,-179.915482,0.319656,179.992294,82,False,True,12,154,True,
501,/kuka/axis_move/feedback_json,std_msgs/msg/String,2026-08-27T21:23:27.643098-04:00,1787880207,643075801,1787880207643075801,126.001445,,,,1608,1607,1,0,0,1608,AxisTarget,1,True,True,True,True,-4.171097,-66.965286,100.086288,0.016771,56.563412,-3.914749,572.044739,42.821857,538.53772,-179.92569,0.306424,179.992813,82,False,True,12,154,True,
502,/kuka/axis_move/feedback_json,std_msgs/msg/String,2026-08-27T21:23:27.771483-04:00,1787880207,771472316,1787880207771472316,128.396515,,,,1609,1608,1,0,0,1609,AxisTarget,1,True,True,True,False,-2.870129,-66.289536,99.279434,0.007466,56.706139,-2.553611,578.315613,29.857767,537.223877,-179.93634,0.29271,179.992737,82,False,True,12,154,True,
503,/kuka/axis_move/feedback_json,std_msgs/msg/String,2026-08-27T21:23:27.895789-04:00,1787880207,895778402,1787880207895778402,124.306086,,,,1610,1609,1,0,0,1610,AxisTarget,1,True,True,True,False,-1.490047,-65.576134,98.431564,-0.002258,56.854782,-1.22966,584.31366,16.505306,535.838867,-179.947067,0.279074,179.991989,82,False,True,12,155,True,
504,/kuka/axis_move/feedback_json,std_msgs/msg/String,2026-08-27T21:23:28.020948-04:00,1787880208,20936911,1787880208020936911,125.158509,,,,1611,1610,1,0,0,1611,AxisTarget,1,True,True,True,True,-0.348745,-64.989426,97.737541,-0.010183,56.975624,-0.120473,589.402161,4.308734,534.546631,-179.956665,0.267038,179.990768,82,False,True,12,155,True,
505,/kuka/axis_move/feedback_json,std_msgs/msg/String,2026-08-27T21:23:28.146889-04:00,1787880208,146882669,1787880208146882669,125.945758,,,,1612,1611,1,0,0,1612,AxisTarget,1,True,True,True,False,0.959491,-64.308571,96.923042,-0.01958,57.120205,1.217059,594.394531,-8.589105,533.152588,-179.966614,0.254702,179.988937,82,False,True,12,155,True,
506,/kuka/axis_move/feedback_json,std_msgs/msg/String,2026-08-27T21:23:28.270977-04:00,1787880208,270954415,1787880208270954415,124.071746,,,,1613,1612,1,0,0,1613,AxisTarget,1,True,True,True,True,2.247597,-63.646156,96.140213,-0.028512,57.255806,2.455684,599.425598,-22.727156,531.592773,-179.97731,0.241574,179.986328,82,False,True,12,156,True,
507,/kuka/axis_move/feedback_json,std_msgs/msg/String,2026-08-27T21:23:28.395785-04:00,1787880208,395777361,1787880208395777361,124.822946,,,,1614,1613,1,0,0,1614,AxisTarget,1,True,True,True,False,3.271572,-63.114857,95.505661,-0.035843,57.368641,3.502166,603.000916,-33.629807,530.36792,-179.985413,0.231745,179.983932,82,False,True,12,156,True,
508,/kuka/axis_move/feedback_json,std_msgs/msg/String,2026-08-27T21:23:28.521778-04:00,1787880208,521767573,1787880208521767573,125.990212,,,,1615,1614,1,0,0,1615,AxisTarget,1,True,True,True,False,4.569788,-62.442806,94.706383,-0.04501,57.508705,4.788697,607.213013,-47.619751,528.769165,-179.995636,0.219588,179.980362,82,False,True,12,157,True,
509,/kuka/axis_move/feedback_json,std_msgs/msg/String,2026-08-27T21:23:28.642924-04:00,1787880208,642913251,1787880208642913251,121.145678,,,,1616,1615,1,0,0,1616,AxisTarget,1,True,True,True,True,5.546113,-61.943497,94.118607,-0.051685,57.610168,5.716885,610.22937,-58.592377,527.494446,179.996475,0.210432,179.977234,82,False,True,12,157,True,
510,/kuka/axis_move/feedback_json,std_msgs/msg/String,2026-08-27T21:23:28.770538-04:00,1787880208,770515763,1787880208770515763,127.602512,,,,1617,1616,1,0,0,1617,AxisTarget,1,True,True,True,False,6.662231,-61.361214,93.420723,-0.059743,57.734276,6.865065,613.277283,-70.720261,526.064331,179.987885,0.200624,179.973419,82,False,True,12,158,False,
511,/kuka/axis_move/feedback_json,std_msgs/msg/String,2026-08-27T21:23:28.898454-04:00,1787880208,898443499,1787880208898443499,127.927736,,,,1618,1617,1,0,0,1618,AxisTarget,1,True,True,True,True,7.59898,-60.883846,92.860931,-0.066092,57.830193,7.738357,615.750366,-81.548309,524.768555,179.980316,0.192093,179.969711,82,False,True,12,158,False,
512,/kuka/axis_move/feedback_json,std_msgs/msg/String,2026-08-27T21:23:29.024934-04:00,1787880209,24922667,1787880209024922667,126.479168,,,,1619,1618,1,0,0,1619,AxisTarget,1,True,True,True,False,8.570833,-60.37825,92.256752,-0.073075,57.937019,8.723415,617.924255,-92.021713,523.498596,179.973068,0.184087,179.965851,82,False,True,12,158,False,
513,/kuka/axis_move/feedback_json,std_msgs/msg/String,2026-08-27T21:23:29.147364-04:00,1787880209,147353166,1787880209147353166,122.430499,,,,1620,1619,1,0,0,1620,AxisTarget,1,True,True,True,False,9.283823,-60.012642,91.82502,-0.078038,58.012119,9.413562,619.562561,-100.682518,522.436035,179.967148,0.177689,179.962479,82,False,True,12,158,False,
514,/kuka/axis_move/feedback_json,std_msgs/msg/String,2026-08-27T21:23:29.277277-04:00,1787880209,277247749,1787880209277247749,129.894583,,,,1621,1620,1,0,0,1621,AxisTarget,1,True,True,True,False,9.991205,-59.642582,91.39016,-0.082941,58.086498,10.088164,620.990906,-108.933075,521.413574,179.961533,0.171716,179.959137,82,False,True,12,158,False,
515,/kuka/axis_move/feedback_json,std_msgs/msg/String,2026-08-27T21:23:29.403298-04:00,1787880209,403275092,1787880209403275092,126.027343,,,,1622,1621,1,0,0,1622,AxisTarget,1,True,True,True,False,10.452362,-59.41581,91.124702,-0.085957,58.132336,10.502166,621.868469,-114.409531,520.729675,179.95784,0.167831,179.956879,82,False,True,12,158,False,
516,/kuka/axis_move/feedback_json,std_msgs/msg/String,2026-08-27T21:23:29.529363-04:00,1787880209,529352140,1787880209529352140,126.077048,,,,1623,1622,1,0,0,1623,AxisTarget,1,True,True,True,False,10.5609,-59.364201,91.068398,-0.0865,58.139702,10.5634,622.094421,-115.878357,520.545959,179.956879,0.166918,179.956268,82,False,True,12,158,False,
517,/kuka/axis_move/feedback_json,std_msgs/msg/String,2026-08-27T21:23:30.011007-04:00,1787880210,10984376,1787880210010984376,481.632236,,,,1624,1623,1,0,0,1624,AxisTarget,1,True,True,True,False,10.5609,-59.364201,91.068398,-0.0865,58.139702,10.5634,622.09436,-115.878098,520.545959,179.956879,0.166918,179.956268,83,False,True,13,162,True,
518,/kuka/axis_move/feedback_json,std_msgs/msg/String,2026-08-27T21:23:30.140770-04:00,1787880210,140758978,1787880210140758978,129.774602,,,,1625,1624,1,0,0,1625,AxisTarget,1,True,True,True,True,10.56127,-59.345417,91.085182,-0.087013,58.082901,10.563732,622.104309,-115.882622,520.369629,179.956573,0.167103,179.956116,83,False,True,13,163,True,
519,/kuka/axis_move/feedback_json,std_msgs/msg/String,2026-08-27T21:23:30.263263-04:00,1787880210,263252739,1787880210263252739,122.493761,,,,1626,1625,1,0,0,1626,AxisTarget,1,True,True,True,False,10.564274,-59.213402,91.188141,-0.089778,57.847134,10.564969,622.212769,-115.932716,518.388672,179.953171,0.16919,179.954453,83,False,True,13,163,True,
520,/kuka/axis_move/feedback_json,std_msgs/msg/String,2026-08-27T21:23:30.391546-04:00,1787880210,391535792,1787880210391535792,128.283053,,,,1627,1626,1,0,0,1627,AxisTarget,1,True,True,True,False,10.567304,-59.080215,91.294136,-0.092579,57.60194,10.566226,622.32019,-115.983902,516.299072,179.949585,0.171502,179.952728,83,False,True,13,164,True,
521,/kuka/axis_move/feedback_json,std_msgs/msg/String,2026-08-27T21:23:30.515455-04:00,1787880210,515444053,1787880210515444053,123.908261,,,,1628,1627,1,0,0,1628,AxisTarget,1,True,True,True,True,10.570345,-58.941536,91.397911,-0.095319,57.361458,10.567457,622.420593,-116.033783,514.202942,179.945984,0.173856,179.951035,83,False,True,13,164,True,
522,/kuka/axis_move/feedback_json,std_msgs/msg/String,2026-08-27T21:23:30.639458-04:00,1787880210,639452516,1787880210639452516,124.008463,,,,1629,1628,1,0,0,1629,AxisTarget,1,True,True,True,False,10.573499,-58.806763,91.501892,-0.098066,57.120686,10.568686,622.516785,-116.084122,512.028137,179.942215,0.176296,179.949295,83,False,True,13,164,True,
523,/kuka/axis_move/feedback_json,std_msgs/msg/String,2026-08-27T21:23:30.766611-04:00,1787880210,766588181,1787880210766588181,127.135665,,,,1630,1629,1,0,0,1630,AxisTarget,1,True,True,True,False,10.576562,-58.671978,91.605873,-0.100817,56.87991,10.569908,622.602234,-116.131554,509.922577,179.938538,0.178653,179.947617,83,False,True,13,164,True,
524,/kuka/axis_move/feedback_json,std_msgs/msg/String,2026-08-27T21:23:30.895950-04:00,1787880210,895928401,1787880210895928401,129.34022,,,,1631,1630,1,0,0,1631,AxisTarget,1,True,True,True,False,10.579733,-58.53286,91.713188,-0.103659,56.623947,10.571197,622.682373,-116.179146,507.750397,179.934692,0.181078,179.945892,83,False,True,13,164,True,
525,/kuka/axis_move/feedback_json,std_msgs/msg/String,2026-08-27T21:23:31.023274-04:00,1787880211,23243758,1787880211023243758,127.315357,,,,1632,1631,1,0,0,1632,AxisTarget,1,True,True,True,False,10.582711,-58.402477,91.813675,-0.106322,56.399097,10.572328,622.748352,-116.221268,505.772156,179.931168,0.183284,179.944321,83,False,True,13,165,True,
526,/kuka/axis_move/feedback_json,std_msgs/msg/String,2026-08-27T21:23:31.151466-04:00,1787880211,151455293,1787880211151455293,128.211535,,,,1633,1632,1,0,0,1633,AxisTarget,1,True,True,True,True,10.585871,-58.263897,91.920685,-0.109161,56.143196,10.573615,622.812439,-116.26564,503.623474,179.927307,0.185678,179.942642,83,False,True,13,165,True,
527,/kuka/axis_move/feedback_json,std_msgs/msg/String,2026-08-27T21:23:31.275335-04:00,1787880211,275311583,1787880211275311583,123.85629,,,,1634,1633,1,0,0,1634,AxisTarget,1,True,True,True,False,10.589046,-58.124756,92.028015,-0.112006,55.902424,10.574827,622.870728,-116.310303,501.387726,179.923279,0.188167,179.940903,83,False,True,13,165,True,
528,/kuka/axis_move/feedback_json,std_msgs/msg/String,2026-08-27T21:23:31.399300-04:00,1787880211,399294807,1787880211399294807,123.983224,,,,1635,1634,1,0,0,1635,AxisTarget,1,True,True,True,False,10.592123,-57.989964,92.132004,-0.114763,55.661652,10.576044,622.917603,-116.35083,499.288879,179.919479,0.190499,179.939285,83,False,True,13,165,True,
529,/kuka/axis_move/feedback_json,std_msgs/msg/String,2026-08-27T21:23:31.525466-04:00,1787880211,525454591,1787880211525454591,126.159784,,,,1636,1635,1,0,0,1636,AxisTarget,1,True,True,True,False,10.595201,-57.855167,92.235985,-0.117519,55.420876,10.577268,622.956848,-116.389961,497.191498,179.915665,0.192824,179.937683,83,False,True,13,165,True,
530,/kuka/axis_move/feedback_json,std_msgs/msg/String,2026-08-27T21:23:31.651706-04:00,1787880211,651689630,1787880211651689630,126.235039,,,,1637,1636,1,0,0,1637,AxisTarget,1,True,True,True,False,10.598279,-57.716022,92.34333,-0.120363,55.172337,10.578536,622.988525,-116.427719,495.095551,179.911835,0.195143,179.936096,83,False,True,13,165,True,
531,/kuka/axis_move/feedback_json,std_msgs/msg/String,2026-08-27T21:23:31.778688-04:00,1787880211,778662501,1787880211778662501,126.972871,,,,1638,1637,1,0,0,1638,AxisTarget,1,True,True,True,False,10.601557,-57.576912,92.450623,-0.123205,54.924156,10.579805,623.013306,-116.465233,492.933533,179.907883,0.197529,179.934464,83,False,True,13,165,True,
532,/kuka/axis_move/feedback_json,std_msgs/msg/String,2026-08-27T21:23:31.917027-04:00,1787880211,917022112,1787880211917022112,138.359611,,,,1639,1638,1,0,0,1639,AxisTarget,1,True,True,True,False,10.604369,-57.454159,92.545067,-0.125784,54.699116,10.580996,623.028992,-116.498512,490.941711,179.904205,0.199726,179.932983,83,False,True,13,166,True,
533,/kuka/axis_move/feedback_json,std_msgs/msg/String,2026-08-27T21:23:32.044077-04:00,1787880212,44066677,1787880212044066677,127.044565,,,,1640,1639,1,0,0,1640,AxisTarget,1,True,True,True,True,10.607776,-57.304672,92.660667,-0.128772,54.437592,10.582301,623.038452,-116.534348,488.708893,179.90007,0.202187,179.931335,83,False,True,13,166,True,
534,/kuka/axis_move/feedback_json,std_msgs/msg/String,2026-08-27T21:23:32.171034-04:00,1787880212,170960848,1787880212170960848,126.894171,,,,1641,1640,1,0,0,1641,AxisTarget,1,True,True,True,False,10.610855,-57.169872,92.764664,-0.131527,54.196819,10.583535,623.03949,-116.566475,486.619202,179.896179,0.204489,179.929794,83,False,True,13,166,True,
535,/kuka/axis_move/feedback_json,std_msgs/msg/String,2026-08-27T21:23:32.303485-04:00,1787880212,303461851,1787880212303461851,132.501003,,,,1642,1641,1,0,0,1642,AxisTarget,1,True,True,True,False,10.614033,-57.030727,92.872009,-0.13437,53.94051,10.584847,623.032349,-116.599136,484.396515,179.892014,0.206938,179.928192,83,False,True,13,166,True,
536,/kuka/axis_move/feedback_json,std_msgs/msg/String,2026-08-27T21:23:32.434509-04:00,1787880212,434497827,1787880212434497827,131.035976,,,,1643,1642,1,0,0,1643,AxisTarget,1,True,True,True,False,10.617307,-56.882889,92.986069,-0.137391,53.684204,10.586158,623.016724,-116.630203,482.17572,179.887833,0.209386,179.92659,83,False,True,13,166,True,
537,/kuka/axis_move/feedback_json,std_msgs/msg/String,2026-08-27T21:23:32.560183-04:00,1787880212,560154746,1787880212560154746,125.656919,,,,1644,1643,1,0,0,1644,AxisTarget,1,True,True,True,False,10.620579,-56.743752,93.093414,-0.140232,53.435665,10.587425,622.993408,-116.658791,480.024109,179.883759,0.211759,179.925064,83,False,True,13,166,True,
538,/kuka/axis_move/feedback_json,std_msgs/msg/String,2026-08-27T21:23:32.687010-04:00,1787880212,686983481,1787880212686983481,126.828735,,,,1645,1644,1,0,0,1645,AxisTarget,1,True,True,True,False,10.623649,-56.608967,93.197411,-0.143072,53.187122,10.588692,622.962036,-116.685875,477.87439,179.879669,0.214131,179.923553,83,False,True,13,166,True,
539,/kuka/axis_move/feedback_json,std_msgs/msg/String,2026-08-27T21:23:32.815295-04:00,1787880212,815267084,1787880212815267084,128.283603,,,,1646,1645,1,0,0,1646,AxisTarget,1,True,True,True,False,10.626817,-56.469837,93.304764,-0.145823,52.94635,10.589916,622.924133,-116.710686,475.79361,179.875702,0.216428,179.922104,83,False,True,13,167,False,
540,/kuka/axis_move/feedback_json,std_msgs/msg/String,2026-08-27T21:23:32.942383-04:00,1787880212,942356338,1787880212942356338,127.089254,,,,1647,1646,1,0,0,1647,AxisTarget,1,True,True,True,True,10.629983,-56.330708,93.412117,-0.148662,52.697811,10.591179,622.875549,-116.735565,473.580597,179.871445,0.218872,179.920593,83,False,True,13,167,False,
541,/kuka/axis_move/feedback_json,std_msgs/msg/String,2026-08-27T21:23:33.067791-04:00,1787880213,67768202,1787880213067768202,125.411864,,,,1648,1647,1,0,0,1648,AxisTarget,1,True,True,True,False,10.63315,-56.191582,93.51947,-0.151501,52.449268,10.592443,622.822144,-116.757507,471.503571,179.867432,0.221164,179.919174,83,False,True,13,167,False,
542,/kuka/axis_move/feedback_json,std_msgs/msg/String,2026-08-27T21:23:33.199489-04:00,1787880213,199475834,1787880213199475834,131.707632,,,,1649,1648,1,0,0,1649,AxisTarget,1,True,True,True,False,10.636316,-56.052452,93.626823,-0.154341,52.200729,10.593703,622.759277,-116.778709,469.361481,179.863266,0.223526,179.917725,83,False,True,13,167,False,
543,/kuka/axis_move/feedback_json,std_msgs/msg/String,2026-08-27T21:23:33.326343-04:00,1787880213,326312232,1787880213326312232,126.836398,,,,1650,1649,1,0,0,1650,AxisTarget,1,True,True,True,False,10.639483,-55.913319,93.734177,-0.157185,51.95219,10.594957,622.686157,-116.799034,467.15448,179.858948,0.225955,179.91626,83,False,True,13,167,False,
544,/kuka/axis_move/feedback_json,std_msgs/msg/String,2026-08-27T21:23:33.457320-04:00,1787880213,457297590,1787880213457297590,130.985358,,,,1651,1650,1,0,0,1651,AxisTarget,1,True,True,True,False,10.64265,-55.774178,93.84153,-0.160033,51.695881,10.596243,622.607178,-116.817245,465.016388,179.854736,0.228304,179.914841,83,False,True,13,167,False,
545,/kuka/axis_move/feedback_json,std_msgs/msg/String,2026-08-27T21:23:33.588427-04:00,1787880213,588405724,1787880213588405724,131.108134,,,,1652,1651,1,0,0,1652,AxisTarget,1,True,True,True,False,10.646015,-55.626339,93.955589,-0.163061,51.439575,10.597525,622.517517,-116.834496,462.813599,179.850372,0.23072,179.913391,83,False,True,13,167,False,
546,/kuka/axis_move/feedback_json,std_msgs/msg/String,2026-08-27T21:23:33.723826-04:00,1787880213,723814427,1787880213723814427,135.408703,,,,1653,1652,1,0,0,1653,AxisTarget,1,True,True,True,False,10.649181,-55.487198,94.066299,-0.166,51.183266,10.598805,622.419434,-116.850182,460.613007,179.845978,0.233132,179.911972,83,False,True,13,167,False,
547,/kuka/axis_move/feedback_json,std_msgs/msg/String,2026-08-27T21:23:33.851527-04:00,1787880213,851516293,1787880213851516293,127.701866,,,,1654,1653,1,0,0,1654,AxisTarget,1,True,True,True,False,10.652448,-55.343719,94.173645,-0.168844,50.934727,10.600102,622.313049,-116.864311,458.414856,179.841583,0.235556,179.910568,83,False,True,13,167,False,
548,/kuka/axis_move/feedback_json,std_msgs/msg/String,2026-08-27T21:23:33.975399-04:00,1787880213,975367632,1787880213975367632,123.851339,,,,1655,1654,1,0,0,1655,AxisTarget,1,True,True,True,False,10.655614,-55.204617,94.280968,-0.171677,50.686283,10.601337,622.201904,-116.876556,456.285858,179.837326,0.237941,179.909241,83,False,True,13,167,False,
549,/kuka/axis_move/feedback_json,std_msgs/msg/String,2026-08-27T21:23:34.106204-04:00,1787880214,106198706,1787880214106198706,130.831074,,,,1656,1655,1,0,0,1656,AxisTarget,1,True,True,True,False,10.657723,-55.115932,94.346413,-0.173366,50.54845,10.601995,622.119019,-116.884399,454.784302,179.83429,0.239636,179.90831,83,False,True,13,167,False,
550,/kuka/axis_move/feedback_json,std_msgs/msg/String,2026-08-27T21:23:34.239751-04:00,1787880214,239746511,1787880214239746511,133.547805,,,,1657,1656,1,0,0,1657,AxisTarget,1,True,True,True,False,10.6578,-55.1134,94.3479,-0.1734,50.5466,10.602,622.113953,-116.884918,454.692261,179.834076,0.239746,179.908234,83,False,True,13,167,False,
551,/kuka/axis_move/feedback_json,std_msgs/msg/String,2026-08-27T21:23:34.363750-04:00,1787880214,363714814,1787880214363714814,123.968303,,,,1658,1657,1,0,0,1658,AxisTarget,1,True,True,True,False,10.6578,-55.1134,94.3479,-0.1734,50.5466,10.602,622.113953,-116.884918,454.692261,179.834076,0.239746,179.908234,83,False,True,13,167,False,
552,/kuka/axis_move/feedback_json,std_msgs/msg/String,2026-08-27T21:23:34.487985-04:00,1787880214,487974945,1787880214487974945,124.260131,,,,1659,1658,1,0,0,1659,AxisTarget,1,True,True,True,False,10.6578,-55.1134,94.3479,-0.1734,50.5466,10.602,622.113953,-116.884918,454.692261,179.834076,0.239746,179.908234,83,False,True,13,167,False,
553,/kuka/axis_move/feedback_json,std_msgs/msg/String,2026-08-27T21:23:34.612830-04:00,1787880214,612823936,1787880214612823936,124.848991,,,,1660,1659,1,0,0,1660,AxisTarget,1,True,True,True,False,10.6578,-55.1134,94.3479,-0.1734,50.5466,10.602,622.113953,-116.884918,454.692261,179.834076,0.239746,179.908234,83,False,True,13,167,False,
554,/kuka/axis_move/feedback_json,std_msgs/msg/String,2026-08-27T21:23:34.738094-04:00,1787880214,738071368,1787880214738071368,125.247432,,,,1661,1660,1,0,0,1661,AxisTarget,1,True,True,True,False,10.6578,-55.1134,94.3479,-0.1734,50.5466,10.602,622.113953,-116.884918,454.692261,179.834076,0.239746,179.908234,83,False,True,13,167,False,
555,/kuka/axis_move/feedback_json,std_msgs/msg/String,2026-08-27T21:23:34.859532-04:00,1787880214,859509082,1787880214859509082,121.437714,,,,1662,1661,1,0,0,1662,AxisTarget,1,True,True,True,False,10.6578,-55.1134,94.3479,-0.1734,50.5466,10.602,622.113953,-116.884918,454.692261,179.834076,0.239746,179.908234,83,False,True,13,167,False,
556,/kuka/axis_move/feedback_json,std_msgs/msg/String,2026-08-27T21:23:35.083020-04:00,1787880215,82997760,1787880215082997760,223.488678,,,,1663,1662,1,0,0,1663,AxisTarget,1,False,True,False,False,10.6578,-55.1134,94.3479,-0.1734,50.5466,10.602,622.113953,-116.884918,454.692261,179.834076,0.239746,179.908234,84,False,True,13,167,False,
557,/kuka/axis_move/feedback_json,std_msgs/msg/String,2026-08-27T21:23:35.314948-04:00,1787880215,314942475,1787880215314942475,231.944715,,,,1664,1663,1,0,0,1664,AxisTarget,1,False,True,False,False,10.6578,-55.1134,94.3479,-0.1734,50.5466,10.602,622.113953,-116.884918,454.692261,179.834076,0.239746,179.908234,85,False,True,13,167,False,
558,/kuka/axis_move/feedback_json,std_msgs/msg/String,2026-08-27T21:23:35.440050-04:00,1787880215,440044138,1787880215440044138,125.101663,,,,1665,1664,1,0,0,1665,AxisTarget,1,False,True,False,False,10.6578,-55.1134,94.3479,-0.1734,50.5466,10.602,622.113953,-116.884918,454.692261,179.834076,0.239746,179.908234,85,False,True,13,167,False,
559,/kuka/axis_move/feedback_json,std_msgs/msg/String,2026-08-27T21:23:35.567503-04:00,1787880215,567480454,1787880215567480454,127.436316,,,,1666,1665,1,0,0,1666,AxisTarget,1,False,True,False,False,10.6578,-55.1134,94.3479,-0.1734,50.5466,10.602,622.113953,-116.884918,454.692261,179.834076,0.239746,179.908234,85,False,True,13,167,False,
560,/kuka/axis_move/feedback_json,std_msgs/msg/String,2026-08-27T21:23:35.698124-04:00,1787880215,698100840,1787880215698100840,130.620386,,,,1667,1666,1,0,0,1667,AxisTarget,1,False,True,False,False,10.6578,-55.1134,94.3479,-0.1734,50.5466,10.602,622.113953,-116.884918,454.692261,179.834076,0.239746,179.908234,85,False,True,13,167,False,
561,/kuka/axis_move/feedback_json,std_msgs/msg/String,2026-08-27T21:23:35.929112-04:00,1787880215,929106957,1787880215929106957,231.006117,,,,1668,1667,1,0,0,1668,AxisTarget,1,False,True,False,False,10.6578,-55.1134,94.3479,-0.1734,50.5466,10.602,622.113953,-116.884918,454.692261,179.834076,0.239746,179.908234,86,False,True,13,167,False,
562,/kuka/axis_move/feedback_json,std_msgs/msg/String,2026-08-27T21:23:36.435305-04:00,1787880216,435274899,1787880216435274899,506.167942,,,,1669,1668,1,0,0,1669,AxisTarget,1,True,True,True,True,10.6578,-55.113403,94.347893,-0.173399,50.54686,10.602004,622.113953,-116.884918,454.692261,179.834076,0.239746,179.908234,87,False,True,14,171,True,
563,/kuka/axis_move/feedback_json,std_msgs/msg/String,2026-08-27T21:23:36.573717-04:00,1787880216,573710415,1787880216573710415,138.435516,,,,1670,1669,1,0,0,1670,AxisTarget,1,True,True,True,False,10.65931,-55.183868,94.284645,-0.170527,50.698738,10.603172,622.1698,-116.910912,455.48349,179.834915,0.240342,179.909607,87,False,True,14,172,True,
564,/kuka/axis_move/feedback_json,std_msgs/msg/String,2026-08-27T21:23:36.707293-04:00,1787880216,707281843,1787880216707281843,133.571428,,,,1671,1670,1,0,0,1671,AxisTarget,1,True,True,True,False,10.662771,-55.323673,94.166191,-0.165425,50.954311,10.605083,622.323181,-116.983635,457.73999,179.83728,0.242053,179.913574,87,False,True,14,172,True,
565,/kuka/axis_move/feedback_json,std_msgs/msg/String,2026-08-27T21:23:36.831518-04:00,1787880216,831507086,1787880216831507086,124.225243,,,,1672,1671,1,0,0,1672,AxisTarget,1,True,True,True,True,10.665988,-55.459755,94.050804,-0.160434,51.203918,10.606832,622.460815,-117.050598,459.88562,179.839539,0.243706,179.917374,87,False,True,14,173,True,
566,/kuka/axis_move/feedback_json,std_msgs/msg/String,2026-08-27T21:23:36.961539-04:00,1787880216,961533994,1787880216961533994,130.026908,,,,1673,1672,1,0,0,1673,AxisTarget,1,True,True,True,False,10.669099,-55.59129,93.939323,-0.155615,51.444695,10.608567,622.59021,-117.115997,462.03064,179.841782,0.245352,179.921219,87,False,True,14,173,True,
567,/kuka/axis_move/feedback_json,std_msgs/msg/String,2026-08-27T21:23:37.091564-04:00,1787880217,91553761,1787880217091553761,130.019767,,,,1674,1673,1,0,0,1674,AxisTarget,1,True,True,True,False,10.672419,-55.731316,93.820663,-0.150489,51.701,10.610409,622.711609,-117.180016,464.17807,179.843964,0.246992,179.925079,87,False,True,14,173,True,
568,/kuka/axis_move/feedback_json,std_msgs/msg/String,2026-08-27T21:23:37.223161-04:00,1787880217,223137890,1787880217223137890,131.584129,,,,1675,1674,1,0,0,1675,AxisTarget,1,True,True,True,False,10.675652,-55.867104,93.705597,-0.145523,51.957306,10.612241,622.824829,-117.242706,466.32785,179.8461,0.248624,179.92897,87,False,True,14,173,True,
569,/kuka/axis_move/feedback_json,std_msgs/msg/String,2026-08-27T21:23:37.351774-04:00,1787880217,351726040,1787880217351726040,128.58815,,,,1676,1675,1,0,0,1676,AxisTarget,1,True,True,True,False,10.678996,-56.007137,93.586945,-0.140405,52.205849,10.614011,622.936218,-117.307816,468.614471,179.848297,0.250351,179.933121,87,False,True,14,174,True,
570,/kuka/axis_move/feedback_json,std_msgs/msg/String,2026-08-27T21:23:37.481219-04:00,1787880217,481213694,1787880217481213694,129.487654,,,,1677,1676,1,0,0,1677,AxisTarget,1,True,True,True,True,10.68224,-56.142929,93.471886,-0.135443,52.454388,10.615781,623.032715,-117.367599,470.768951,179.850342,0.25197,179.937057,87,False,True,14,174,True,
571,/kuka/axis_move/feedback_json,std_msgs/msg/String,2026-08-27T21:23:37.607050-04:00,1787880217,607026768,1787880217607026768,125.813074,,,,1678,1677,1,0,0,1678,AxisTarget,1,True,True,True,False,10.685586,-56.282963,93.353233,-0.130325,52.710693,10.617607,623.121094,-117.425911,472.925659,179.852356,0.253583,179.941025,87,False,True,14,174,True,
572,/kuka/axis_move/feedback_json,std_msgs/msg/String,2026-08-27T21:23:37.734382-04:00,1787880217,734360875,1787880217734360875,127.334107,,,,1679,1678,1,0,0,1679,AxisTarget,1,True,True,True,False,10.688727,-56.414509,93.241776,-0.125519,52.951469,10.619326,623.201355,-117.482712,475.084503,179.854324,0.255187,179.945023,87,False,True,14,174,True,
573,/kuka/axis_move/feedback_json,std_msgs/msg/String,2026-08-27T21:23:37.863173-04:00,1787880217,863150311,1787880217863150311,128.789436,,,,1680,1679,1,0,0,1680,AxisTarget,1,True,True,True,False,10.691967,-56.550285,93.126717,-0.120558,53.200008,10.621105,623.27356,-117.53801,477.245453,179.856277,0.25678,179.949051,87,False,True,14,174,True,
574,/kuka/axis_move/feedback_json,std_msgs/msg/String,2026-08-27T21:23:37.993462-04:00,1787880217,993445341,1787880217993445341,130.29503,,,,1681,1680,1,0,0,1681,AxisTarget,1,True,True,True,False,10.695304,-56.690304,93.008064,-0.115443,53.456318,10.622947,623.337646,-117.591782,479.408478,179.858215,0.258362,179.953094,87,False,True,14,174,True,
575,/kuka/axis_move/feedback_json,std_msgs/msg/String,2026-08-27T21:23:38.121372-04:00,1787880218,121355602,1787880218121355602,127.910261,,,,1682,1681,1,0,0,1682,AxisTarget,1,True,True,True,False,10.698538,-56.826073,92.892998,-0.110484,53.704857,10.624736,623.393555,-117.644035,481.573547,179.860107,0.259934,179.957169,87,False,True,14,174,True,
576,/kuka/axis_move/feedback_json,std_msgs/msg/String,2026-08-27T21:23:38.251155-04:00,1787880218,251147267,1787880218251147267,129.791665,,,,1683,1682,1,0,0,1683,AxisTarget,1,True,True,True,False,10.70177,-56.961838,92.777939,-0.105526,53.953396,10.626527,623.441345,-117.694771,483.740631,179.861984,0.261497,179.961273,87,False,True,14,175,True,
577,/kuka/axis_move/feedback_json,std_msgs/msg/String,2026-08-27T21:23:38.375746-04:00,1787880218,375714965,1787880218375714965,124.567698,,,,1684,1683,1,0,0,1684,AxisTarget,1,True,True,True,True,10.705002,-57.097603,92.66288,-0.100567,54.201939,10.628319,623.482056,-117.745522,485.97757,179.863876,0.263103,179.96553,87,False,True,14,175,True,
578,/kuka/axis_move/feedback_json,std_msgs/msg/String,2026-08-27T21:23:38.503337-04:00,1787880218,503306826,1787880218503306826,127.591861,,,,1685,1684,1,0,0,1685,AxisTarget,1,True,True,True,False,10.708134,-57.229122,92.551414,-0.095763,54.442711,10.630054,623.512329,-117.79174,488.080872,179.865631,0.264607,179.969543,87,False,True,14,175,True,
579,/kuka/axis_move/feedback_json,std_msgs/msg/String,2026-08-27T21:23:38.631028-04:00,1787880218,630999941,1787880218630999941,127.693115,,,,1686,1685,1,0,0,1686,AxisTarget,1,True,True,True,False,10.711365,-57.364891,92.436356,-0.090805,54.69125,10.6319,623.535583,-117.837959,490.253967,179.867401,0.266156,179.973724,87,False,True,14,175,True,
580,/kuka/axis_move/feedback_json,std_msgs/msg/String,2026-08-27T21:23:38.769436-04:00,1787880218,769420545,1787880218769420545,138.420604,,,,1687,1686,1,0,0,1687,AxisTarget,1,True,True,True,False,10.714595,-57.50066,92.321297,-0.085847,54.939793,10.633633,623.550537,-117.882645,492.429047,179.869141,0.267703,179.977936,87,False,True,14,175,True,
581,/kuka/axis_move/feedback_json,std_msgs/msg/String,2026-08-27T21:23:38.893335-04:00,1787880218,893318249,1787880218893318249,123.897704,,,,1688,1687,1,0,0,1688,AxisTarget,1,True,True,True,False,10.718025,-57.644924,92.199043,-0.08058,55.203865,10.63553,623.557495,-117.928436,494.742188,179.870941,0.269348,179.982422,87,False,True,14,175,True,
582,/kuka/axis_move/feedback_json,std_msgs/msg/String,2026-08-27T21:23:39.023779-04:00,1787880219,23747233,1787880219023747233,130.428984,,,,1689,1688,1,0,0,1689,AxisTarget,1,True,True,True,False,10.721251,-57.780704,92.083977,-0.075622,55.452404,10.637313,623.555664,-117.968674,496.853119,179.872559,0.270848,179.986557,87,False,True,14,175,True,
583,/kuka/axis_move/feedback_json,std_msgs/msg/String,2026-08-27T21:23:39.153662-04:00,1787880219,153646272,1787880219153646272,129.899039,,,,1690,1689,1,0,0,1690,AxisTarget,1,True,True,True,False,10.724476,-57.916489,91.968925,-0.070666,55.700886,10.639148,623.545227,-118.009911,499.102203,179.874237,0.272444,179.990967,87,False,True,14,176,False,
584,/kuka/axis_move/feedback_json,std_msgs/msg/String,2026-08-27T21:23:39.283352-04:00,1787880219,283336131,1787880219283336131,129.689859,,,,1691,1690,1,0,0,1691,AxisTarget,1,True,True,True,True,10.727376,-58.038189,91.866104,-0.066103,55.92931,10.640727,623.528809,-118.044807,501.080719,179.875687,0.273844,179.994873,87,False,True,14,176,False,
585,/kuka/axis_move/feedback_json,std_msgs/msg/String,2026-08-27T21:23:39.411499-04:00,1787880219,411493905,1787880219411493905,128.157774,,,,1692,1691,1,0,0,1692,AxisTarget,1,True,True,True,False,10.730647,-58.176353,91.748711,-0.06118,56.176594,10.642501,623.502625,-118.082108,503.281006,179.877258,0.275396,179.999237,87,False,True,14,176,False,
586,/kuka/axis_move/feedback_json,std_msgs/msg/String,2026-08-27T21:23:39.535473-04:00,1787880219,535451113,1787880219535451113,123.957208,,,,1693,1692,1,0,0,1693,AxisTarget,1,True,True,True,False,10.733871,-58.312141,91.633652,-0.056222,56.425137,10.644282,623.469482,-118.116524,505.398712,179.878738,0.276881,-179.996536,87,False,True,14,176,False,
587,/kuka/axis_move/feedback_json,std_msgs/msg/String,2026-08-27T21:23:39.667796-04:00,1787880219,667752864,1787880219667752864,132.301751,,,,1694,1693,1,0,0,1694,AxisTarget,1,True,True,True,False,10.737099,-58.447918,91.518585,-0.051263,56.673676,10.646063,623.427063,-118.150558,507.586365,179.880234,0.278404,-179.992157,87,False,True,14,176,False,
588,/kuka/axis_move/feedback_json,std_msgs/msg/String,2026-08-27T21:23:39.795168-04:00,1787880219,795153318,1787880219795153318,127.400454,,,,1695,1694,1,0,0,1695,AxisTarget,1,True,True,True,False,10.74033,-58.583687,91.403519,-0.046301,56.922215,10.647844,623.374695,-118.184074,509.844025,179.881729,0.279962,-179.98761,87,False,True,14,176,False,
589,/kuka/axis_move/feedback_json,std_msgs/msg/String,2026-08-27T21:23:39.923931-04:00,1787880219,923908756,1787880219923908756,128.755438,,,,1696,1695,1,0,0,1696,AxisTarget,1,True,True,True,False,10.743562,-58.719448,91.288452,-0.041338,57.170757,10.649626,623.315491,-118.215034,512.034851,179.883148,0.281463,-179.98317,87,False,True,14,176,False,
590,/kuka/axis_move/feedback_json,std_msgs/msg/String,2026-08-27T21:23:40.054864-04:00,1787880220,54852803,1787880220054852803,130.944047,,,,1697,1696,1,0,0,1697,AxisTarget,1,True,True,True,False,10.746795,-58.855209,91.173386,-0.036374,57.419296,10.651407,623.250183,-118.243553,514.158691,179.884476,0.282912,-179.978867,87,False,True,14,176,False,
591,/kuka/axis_move/feedback_json,std_msgs/msg/String,2026-08-27T21:23:40.177734-04:00,1787880220,177728819,1787880220177728819,122.876016,,,,1698,1697,1,0,0,1698,AxisTarget,1,True,True,True,False,10.750038,-58.990993,91.058319,-0.031401,57.667824,10.653192,623.171997,-118.272408,516.421387,179.885864,0.284462,-179.974228,87,False,True,14,176,False,
592,/kuka/axis_move/feedback_json,std_msgs/msg/String,2026-08-27T21:23:40.309325-04:00,1787880220,309302975,1787880220309302975,131.574156,,,,1699,1698,1,0,0,1699,AxisTarget,1,True,True,True,False,10.753141,-59.120033,90.949158,-0.026678,57.902534,10.654873,623.094421,-118.29702,518.446411,179.887054,0.285873,-179.970047,87,False,True,14,176,False,
593,/kuka/axis_move/feedback_json,std_msgs/msg/String,2026-08-27T21:23:41.092492-04:00,1787880221,92475835,1787880221092475835,783.17286,,,,1700,1699,1,0,0,1700,AxisTarget,1,False,True,True,False,10.7545,-59.174801,90.906197,-0.025,57.980999,10.6554,623.047058,-118.309761,519.59967,179.887772,0.286575,-179.967712,88,False,True,15,180,True,
594,/kuka/axis_move/feedback_json,std_msgs/msg/String,2026-08-27T21:23:41.857879-04:00,1787880221,857873380,1787880221857873380,765.397545,,,,1701,1700,1,0,0,1701,AxisTarget,1,True,True,True,True,9.871367,-61.720768,90.835396,-0.010015,53.030067,9.722228,625.816833,-109.082321,546.811218,179.970612,7.391774,-178.727844,89,False,True,15,185,True,
595,/kuka/axis_move/feedback_json,std_msgs/msg/String,2026-08-27T21:23:41.990540-04:00,1787880221,990518236,1787880221990518236,132.644856,,,,1702,1701,1,0,0,1702,AxisTarget,1,True,True,True,False,9.618161,-62.441975,90.815559,-0.005856,51.673943,9.469263,626.348999,-106.401108,554.729431,-179.980057,9.424049,-178.408554,89,False,True,15,185,True,
596,/kuka/axis_move/feedback_json,std_msgs/msg/String,2026-08-27T21:23:42.118632-04:00,1787880222,118610293,1787880222118610293,128.092057,,,,1703,1702,1,0,0,1703,AxisTarget,1,True,True,True,False,9.336694,-63.247189,90.793343,-0.001169,50.145988,9.183757,626.805176,-103.343826,563.765564,-179.912018,11.725368,-178.064163,89,False,True,15,186,True,
597,/kuka/axis_move/feedback_json,std_msgs/msg/String,2026-08-27T21:23:42.249717-04:00,1787880222,249662007,1787880222249662007,131.051714,,,,1704,1703,1,0,0,1704,AxisTarget,1,True,True,True,True,9.081545,-63.974201,90.773354,0.003047,48.777069,8.928254,627.084351,-100.506981,572.157288,-179.838593,13.846337,-177.762131,89,False,True,15,186,True,
598,/kuka/axis_move/feedback_json,std_msgs/msg/String,2026-08-27T21:23:42.592087-04:00,1787880222,592070567,1787880222592070567,342.40856,,,,1705,1704,1,0,0,1705,AxisTarget,1,True,True,True,True,8.350483,-66.062897,90.715767,0.015125,44.823097,8.189648,627.101868,-92.256165,596.621643,-179.575714,19.948071,-176.969147,90,False,True,16,187,True,
599,/kuka/axis_move/feedback_json,std_msgs/msg/String,2026-08-27T21:23:42.719370-04:00,1787880222,719359745,1787880222719359745,127.289178,,,,1706,1705,1,0,0,1706,AxisTarget,1,True,True,True,False,8.074122,-66.851944,90.694016,0.019681,43.331882,7.911194,626.80835,-89.22673,605.62854,-179.462891,22.166737,-176.706726,90,False,True,16,188,True,
600,/kuka/axis_move/feedback_json,std_msgs/msg/String,2026-08-27T21:23:42.841194-04:00,1787880222,841164680,1787880222841164680,121.804935,,,,1707,1706,1,0,0,1707,AxisTarget,1,True,True,True,True,7.818443,-67.578064,90.67411,0.023841,41.982243,7.660556,626.350586,-86.190926,614.669067,-179.34201,24.380148,-176.457748,90,False,True,16,188,True,
601,/kuka/axis_move/feedback_json,std_msgs/msg/String,2026-08-27T21:23:42.972684-04:00,1787880222,972667147,1787880222972667147,131.502467,,,,1708,1707,1,0,0,1708,AxisTarget,1,True,True,True,False,7.564747,-68.30619,90.653931,0.028108,40.583462,7.397923,625.788025,-83.418442,622.939697,-179.225204,26.39402,-176.241913,90,False,True,16,188,True,
602,/kuka/axis_move/feedback_json,std_msgs/msg/String,2026-08-27T21:23:43.099890-04:00,1787880223,99857418,1787880223099857418,127.190271,,,,1709,1708,1,0,0,1709,AxisTarget,1,True,True,True,False,7.288373,-69.095245,90.632202,0.032682,39.092213,7.119452,624.945129,-80.14846,632.713623,-179.080017,28.761366,-176.000687,90,False,True,16,189,True,
603,/kuka/axis_move/feedback_json,std_msgs/msg/String,2026-08-27T21:23:43.231984-04:00,1787880223,231979230,1787880223231979230,132.121812,,,,1710,1709,1,0,0,1710,AxisTarget,1,True,True,True,True,7.011993,-69.884293,90.610481,0.037255,37.600971,6.840996,623.935669,-76.964767,642.251587,-178.931351,31.059469,-175.778946,90,False,True,16,189,True,
604,/kuka/axis_move/feedback_json,std_msgs/msg/String,2026-08-27T21:23:43.359249-04:00,1787880223,359219534,1787880223359219534,127.240304,,,,1711,1710,1,0,0,1711,AxisTarget,1,True,True,True,False,6.726977,-70.698006,90.588074,0.041961,36.063126,6.553839,622.692688,-73.671547,652.142639,-178.770432,33.431232,-175.562485,90,False,True,16,189,True,
605,/kuka/axis_move/feedback_json,std_msgs/msg/String,2026-08-27T21:23:43.488415-04:00,1787880223,488403741,1787880223488403741,129.184207,,,,1712,1711,1,0,0,1712,AxisTarget,1,True,True,True,False,6.453324,-71.500549,90.566017,0.046557,34.55957,6.27409,621.297668,-70.492073,661.718567,-178.608505,35.717438,-175.365341,90,False,True,16,190,True,
606,/kuka/axis_move/feedback_json,std_msgs/msg/String,2026-08-27T21:23:43.611526-04:00,1787880223,611503164,1787880223611503164,123.099423,,,,1713,1712,1,0,0,1713,AxisTarget,1,True,True,True,True,6.210111,-72.172714,90.547447,0.050439,33.27956,6.034204,619.94635,-67.765892,669.95166,-178.464722,37.676041,-175.205124,90,False,True,16,190,True,
607,/kuka/axis_move/feedback_json,std_msgs/msg/String,2026-08-27T21:23:43.742656-04:00,1787880223,742627105,1787880223742627105,131.123941,,,,1714,1713,1,0,0,1714,AxisTarget,1,True,True,True,False,5.943739,-72.934105,90.526451,0.054838,31.837063,5.764702,618.187683,-64.589272,679.57312,-178.291626,39.957706,-175.02829,90,False,True,16,190,True,
608,/kuka/axis_move/feedback_json,std_msgs/msg/String,2026-08-27T21:23:43.867609-04:00,1787880223,867580579,1787880223867580579,124.953474,,,,1715,1714,1,0,0,1715,AxisTarget,1,True,True,True,True,5.669727,-73.712524,90.505135,0.059298,30.38946,5.495909,616.262207,-61.46711,689.061157,-178.115829,42.201172,-174.864426,90,False,True,16,191,True,
609,/kuka/axis_move/feedback_json,std_msgs/msg/String,2026-08-27T21:23:43.995748-04:00,1787880223,995723691,1787880223995723691,128.143112,,,,1716,1715,1,0,0,1716,AxisTarget,1,True,True,True,False,5.431188,-74.397133,90.486183,0.063313,29.072573,5.248454,614.344727,-58.637512,697.689514,-177.951752,44.236568,-174.724121,90,False,True,16,191,True,
610,/kuka/axis_move/feedback_json,std_msgs/msg/String,2026-08-27T21:23:44.123043-04:00,1787880224,123037094,1787880224123037094,127.313403,,,,1717,1716,1,0,0,1717,AxisTarget,1,True,True,True,False,5.155095,-75.185532,90.464462,0.067883,27.58239,4.970224,612.053589,-55.540543,707.168152,-177.767059,46.468189,-174.579208,90,False,True,16,192,True,
611,/kuka/axis_move/feedback_json,std_msgs/msg/String,2026-08-27T21:23:44.244661-04:00,1787880224,244644841,1787880224244644841,121.607747,,,,1718,1717,1,0,0,1718,AxisTarget,1,True,True,True,True,4.909073,-75.883217,90.445358,0.071874,26.289284,4.730229,609.65155,-52.557327,716.335876,-177.584167,48.623234,-174.447937,90,False,True,16,192,True,
612,/kuka/axis_move/feedback_json,std_msgs/msg/String,2026-08-27T21:23:44.378054-04:00,1787880224,378037606,1787880224378037606,133.392765,,,,1719,1718,1,0,0,1719,AxisTarget,1,True,True,True,False,4.665147,-76.608772,90.425232,0.076127,24.892443,4.467886,607.23877,-49.780243,724.905151,-177.409576,50.635517,-174.332916,90,False,True,16,192,True,
613,/kuka/axis_move/feedback_json,std_msgs/msg/String,2026-08-27T21:23:44.504400-04:00,1787880224,504383747,1787880224504383747,126.346141,,,,1720,1719,1,0,0,1720,AxisTarget,1,True,True,True,False,4.37218,-77.420227,90.402901,0.080799,23.36286,4.182637,604.171997,-46.509586,735.044067,-177.198624,53.014904,-174.206238,90,False,True,16,193,True,
614,/kuka/axis_move/feedback_json,std_msgs/msg/String,2026-08-27T21:23:44.632132-04:00,1787880224,632120631,1787880224632120631,127.736884,,,,1721,1720,1,0,0,1721,AxisTarget,1,True,True,True,True,4.139751,-78.080307,90.384827,0.084559,22.131275,3.953391,601.441772,-43.800579,743.48291,-177.019577,54.995022,-174.108414,90,False,True,16,193,True,
615,/kuka/axis_move/feedback_json,std_msgs/msg/String,2026-08-27T21:23:44.760242-04:00,1787880224,760230850,1787880224760230850,128.110219,,,,1722,1721,1,0,0,1722,AxisTarget,1,True,True,True,False,3.878553,-78.830009,90.364082,0.088919,20.694151,3.683929,598.296814,-40.878284,752.631348,-176.821991,57.142273,-174.01004,90,False,True,16,193,True,
616,/kuka/axis_move/feedback_json,std_msgs/msg/String,2026-08-27T21:23:44.889476-04:00,1787880224,889465612,1787880224889465612,129.234762,,,,1723,1722,1,0,0,1723,AxisTarget,1,True,True,True,False,3.595567,-79.636436,90.341904,0.093561,19.181742,3.402438,594.589355,-37.663937,762.752563,-176.599335,59.519833,-173.910446,90,False,True,16,194,True,
617,/kuka/axis_move/feedback_json,std_msgs/msg/String,2026-08-27T21:23:45.015623-04:00,1787880225,15601239,1787880225015601239,126.135627,,,,1724,1723,1,0,0,1724,AxisTarget,1,True,True,True,True,3.363773,-80.297134,90.323708,0.097387,17.933599,3.169022,591.357117,-35.035652,771.077454,-176.413147,61.477951,-173.8358,90,False,True,16,194,True,
618,/kuka/axis_move/feedback_json,std_msgs/msg/String,2026-08-27T21:23:45.140183-04:00,1787880225,140177690,1787880225140177690,124.576451,,,,1725,1724,1,0,0,1725,AxisTarget,1,True,True,True,False,3.112446,-81.017227,90.303802,0.101587,16.560467,2.911969,587.619873,-32.170925,780.205322,-176.205978,63.628593,-173.761566,90,False,True,16,194,True,
619,/kuka/axis_move/feedback_json,std_msgs/msg/String,2026-08-27T21:23:45.264229-04:00,1787880225,264217865,1787880225264217865,124.040175,,,,1726,1725,1,0,0,1726,AxisTarget,1,True,True,True,False,2.842075,-81.786003,90.282722,0.106003,15.128695,2.646132,583.442505,-29.161367,789.859863,-175.983643,65.908722,-173.691895,90,False,True,16,195,True,
620,/kuka/axis_move/feedback_json,std_msgs/msg/String,2026-08-27T21:23:45.395934-04:00,1787880225,395928908,1787880225395928908,131.711043,,,,1727,1726,1,0,0,1727,AxisTarget,1,True,True,True,True,2.624288,-82.408218,90.264946,0.109756,13.900901,2.415896,579.93573,-26.772797,797.573853,-175.803909,67.73539,-173.642975,90,False,True,16,195,True,
621,/kuka/axis_move/feedback_json,std_msgs/msg/String,2026-08-27T21:23:45.526606-04:00,1787880225,526576365,1787880225526576365,130.647457,,,,1728,1727,1,0,0,1728,AxisTarget,1,True,True,True,False,2.347131,-83.202065,90.242958,0.114391,12.384747,2.132207,575.305725,-23.789333,807.278809,-175.575623,70.040833,-173.5905,90,False,True,16,195,True,
622,/kuka/axis_move/feedback_json,std_msgs/msg/String,2026-08-27T21:23:45.655878-04:00,1787880225,655856814,1787880225655856814,129.280449,,,,1729,1728,1,0,0,1729,AxisTarget,1,True,True,True,True,2.087536,-83.936722,90.223564,0.118419,11.080655,1.891059,570.766541,-21.031498,816.324524,-175.36142,72.198227,-173.551468,90,False,True,16,196,True,
623,/kuka/axis_move/feedback_json,std_msgs/msg/String,2026-08-27T21:23:45.784280-04:00,1787880225,784257608,1787880225784257608,128.400794,,,,1730,1729,1,0,0,1730,AxisTarget,1,True,True,True,False,1.864462,-84.578606,90.205719,0.122191,9.835891,1.656512,566.605347,-18.633047,824.254333,-175.173416,74.097305,-173.526062,90,False,True,16,196,True,
624,/kuka/axis_move/feedback_json,std_msgs/msg/String,2026-08-27T21:23:45.910385-04:00,1787880225,910373998,1787880225910373998,126.11639,,,,1731,1730,1,0,0,1731,AxisTarget,1,True,True,True,False,1.595473,-85.345291,90.184669,0.126586,8.399747,1.389505,561.612671,-15.902438,833.358887,-174.95903,76.287926,-173.508972,90,False,True,16,197,True,
625,/kuka/axis_move/feedback_json,std_msgs/msg/String,2026-08-27T21:23:46.035769-04:00,1787880226,35729328,1787880226035729328,125.35533,,,,1732,1731,1,0,0,1732,AxisTarget,1,True,True,True,True,1.399335,-85.900848,90.169502,0.129741,7.368091,1.197599,557.495422,-13.760427,840.562378,-174.792679,78.029785,-173.506866,90,False,True,16,197,True,
626,/kuka/axis_move/feedback_json,std_msgs/msg/String,2026-08-27T21:23:46.164182-04:00,1787880226,164166401,1787880226164166401,128.437073,,,,1733,1732,1,0,0,1733,AxisTarget,1,True,True,True,False,1.164343,-86.577324,90.150742,0.133696,6.061976,0.95231,552.939636,-11.496108,848.241882,-174.622192,79.896004,-173.519485,90,False,True,16,198,True,
627,/kuka/axis_move/feedback_json,std_msgs/msg/String,2026-08-27T21:23:46.291866-04:00,1787880226,291831496,1787880226291831496,127.665095,,,,1734,1733,1,0,0,1734,AxisTarget,1,True,True,True,True,0.955184,-87.165886,90.134743,0.137001,4.967973,0.75065,548.213379,-9.255503,855.912598,-174.465942,81.7705,-173.554581,90,False,True,16,198,True,
628,/kuka/axis_move/feedback_json,std_msgs/msg/String,2026-08-27T21:23:46.419905-04:00,1787880226,419876268,1787880226419876268,128.044772,,,,1735,1734,1,0,0,1735,AxisTarget,1,True,True,True,False,0.760218,-87.728539,90.119057,0.140329,3.899617,0.542079,544.05719,-7.369351,862.428345,-174.355713,83.371704,-173.613632,90,False,True,16,199,False,
629,/kuka/axis_move/feedback_json,std_msgs/msg/String,2026-08-27T21:23:46.546837-04:00,1787880226,546805224,1787880226546805224,126.928956,,,,1736,1735,1,0,0,1736,AxisTarget,1,True,True,True,True,0.568524,-88.267982,90.104408,0.143382,2.924093,0.369733,539.759033,-5.495547,868.956848,-174.290329,84.985016,-173.724319,90,False,True,16,199,False,
630,/kuka/axis_move/feedback_json,std_msgs/msg/String,2026-08-27T21:23:46.675852-04:00,1787880226,675822658,1787880226675822658,129.017434,,,,1737,1736,1,0,0,1737,AxisTarget,1,True,True,True,False,0.39813,-88.758812,90.090767,0.146293,1.973314,0.190951,535.966797,-3.903435,874.551147,-174.31929,86.375092,-173.909363,90,False,True,16,199,False,
631,/kuka/axis_move/feedback_json,std_msgs/msg/String,2026-08-27T21:23:46.811736-04:00,1787880226,811705029,1787880226811705029,135.882371,,,,1738,1737,1,0,0,1738,AxisTarget,1,True,True,True,False,0.246429,-89.186195,90.079163,0.14871,1.194574,0.047068,532.267517,-2.403085,879.867249,-174.561447,87.702866,-174.304352,90,False,True,16,199,False,
632,/kuka/axis_move/feedback_json,std_msgs/msg/String,2026-08-27T21:23:46.941855-04:00,1787880226,941824183,1787880226941824183,130.119154,,,,1739,1738,1,0,0,1739,AxisTarget,1,True,True,True,False,0.108636,-89.576889,90.068504,0.150915,0.460016,-0.088706,528.856323,-1.063088,884.652344,-175.612869,88.903816,-175.497238,90,False,True,16,199,False,
633,/kuka/axis_move/feedback_json,std_msgs/msg/String,2026-08-27T21:23:47.066772-04:00,1787880227,66761300,1787880227066761300,124.937117,,,,1740,1739,1,0,0,1740,AxisTarget,1,True,True,True,False,0.023455,-89.815887,90.062012,0.152251,0.047813,-0.164109,526.729614,-0.247617,887.581482,179.780441,89.640411,179.807602,90,False,True,16,199,False,
634,/kuka/axis_move/feedback_json,std_msgs/msg/String,2026-08-27T21:23:47.204291-04:00,1787880227,204282667,1787880227204282667,137.521367,,,,1741,1740,1,0,0,1741,AxisTarget,1,True,True,True,False,0.0051,-89.863602,90.060799,0.1525,-0.0188,-0.1752,526.200745,-0.046765,888.303894,172.743042,89.820168,172.748123,90,False,True,16,199,False,
635,/kuka/axis_move/feedback_json,std_msgs/msg/String,2026-08-27T21:23:47.335367-04:00,1787880227,335361499,1787880227335361499,131.078832,,,,1742,1741,1,0,0,1742,AxisTarget,1,False,True,False,False,0.0051,-89.863602,90.060799,0.1525,-0.0188,-0.1752,526.200745,-0.046768,888.303894,172.743301,89.820168,172.748383,90,False,True,16,199,False,
636,/kuka/axis_move/feedback_json,std_msgs/msg/String,2026-08-27T21:23:47.462320-04:00,1787880227,462289762,1787880227462289762,126.928263,,,,1743,1742,1,0,0,1743,AxisTarget,1,False,True,False,False,0.0051,-89.863602,90.060799,0.1525,-0.0188,-0.1752,526.200745,-0.046768,888.303894,172.743301,89.820168,172.748383,90,False,True,16,199,False,
637,/kuka/axis_move/feedback_json,std_msgs/msg/String,2026-08-27T21:23:47.589096-04:00,1787880227,589073038,1787880227589073038,126.783276,,,,1744,1743,1,0,0,1744,AxisTarget,1,False,True,False,False,0.0051,-89.863602,90.060799,0.1525,-0.0188,-0.1752,526.200745,-0.046768,888.303894,172.743301,89.820168,172.748383,90,False,True,16,199,False,
638,/kuka/axis_move/feedback_json,std_msgs/msg/String,2026-08-27T21:23:47.713596-04:00,1787880227,713590857,1787880227713590857,124.517819,,,,1745,1744,1,0,0,1745,AxisTarget,1,False,True,False,False,0.0051,-89.863602,90.060799,0.1525,-0.0188,-0.1752,526.200745,-0.046768,888.303894,172.743301,89.820168,172.748383,90,False,True,16,199,False,
639,/kuka/axis_move/feedback_json,std_msgs/msg/String,2026-08-27T21:23:47.840249-04:00,1787880227,840232352,1787880227840232352,126.641495,,,,1746,1745,1,0,0,1746,AxisTarget,1,False,True,False,False,0.0051,-89.863602,90.060799,0.1525,-0.0188,-0.1752,526.200745,-0.046768,888.303894,172.743301,89.820168,172.748383,90,False,True,16,199,False,
640,/kuka/axis_move/feedback_json,std_msgs/msg/String,2026-08-27T21:23:47.968775-04:00,1787880227,968766240,1787880227968766240,128.533888,,,,1747,1746,1,0,0,1747,AxisTarget,1,False,True,False,False,0.0051,-89.863602,90.060799,0.1525,-0.0188,-0.1752,526.200745,-0.046768,888.303894,172.743301,89.820168,172.748383,90,False,True,16,199,False,
641,/kuka/axis_move/feedback_json,std_msgs/msg/String,2026-08-27T21:23:48.094972-04:00,1787880228,94966152,1787880228094966152,126.199912,,,,1748,1747,1,0,0,1748,AxisTarget,1,False,True,False,False,0.0051,-89.863602,90.060799,0.1525,-0.0188,-0.1752,526.200745,-0.046768,888.303894,172.743301,89.820168,172.748383,90,False,True,16,199,False,
642,/kuka/axis_move/feedback_json,std_msgs/msg/String,2026-08-27T21:23:48.215892-04:00,1787880228,215881282,1787880228215881282,120.91513,,,,1749,1748,1,0,0,1749,AxisTarget,1,False,True,False,False,0.0051,-89.863602,90.060799,0.1525,-0.0188,-0.1752,526.200745,-0.046768,888.303894,172.743301,89.820168,172.748383,90,False,True,16,199,False,
643,/kuka/axis_move/feedback_json,std_msgs/msg/String,2026-08-27T21:23:48.344936-04:00,1787880228,344925787,1787880228344925787,129.044505,,,,1750,1749,1,0,0,1750,AxisTarget,1,False,True,False,False,0.0051,-89.863602,90.060799,0.1525,-0.0188,-0.1752,526.200745,-0.046768,888.303894,172.743301,89.820168,172.748383,90,False,True,16,199,False,
644,/kuka/axis_move/feedback_json,std_msgs/msg/String,2026-08-27T21:23:48.469638-04:00,1787880228,469616716,1787880228469616716,124.690929,,,,1751,1750,1,0,0,1751,AxisTarget,1,False,True,False,False,0.0051,-89.863602,90.060799,0.1525,-0.0188,-0.1752,526.200745,-0.046768,888.303894,172.743301,89.820168,172.748383,90,False,True,16,199,False,
645,/kuka/axis_move/feedback_json,std_msgs/msg/String,2026-08-27T21:23:48.694539-04:00,1787880228,694509485,1787880228694509485,224.892769,,,,1752,1751,1,0,0,1752,AxisTarget,1,False,True,False,False,0.0051,-89.863602,90.060799,0.1525,-0.0188,-0.1752,526.200745,-0.046768,888.303894,172.743301,89.820168,172.748383,91,False,True,16,199,False,
646,/kuka/axis_move/feedback_json,std_msgs/msg/String,2026-08-27T21:23:48.824198-04:00,1787880228,824193184,1787880228824193184,129.683699,,,,1753,1752,1,0,0,1753,AxisTarget,1,False,True,False,False,0.0051,-89.863602,90.060799,0.1525,-0.0188,-0.1752,526.200745,-0.046768,888.303894,172.743301,89.820168,172.748383,91,False,True,16,199,False,
647,/kuka/axis_move/feedback_json,std_msgs/msg/String,2026-08-27T21:23:48.951329-04:00,1787880228,951305179,1787880228951305179,127.111995,,,,1754,1753,1,0,0,1754,AxisTarget,1,False,True,False,False,0.0051,-89.863602,90.060799,0.1525,-0.0188,-0.1752,526.200745,-0.046768,888.303894,172.743301,89.820168,172.748383,91,False,True,16,199,False,
648,/kuka/axis_move/feedback_json,std_msgs/msg/String,2026-08-27T21:23:49.081624-04:00,1787880229,81618847,1787880229081618847,130.313668,,,,1755,1754,1,0,0,1755,AxisTarget,1,False,True,False,False,0.0051,-89.863602,90.060799,0.1525,-0.0188,-0.1752,526.200745,-0.046768,888.303894,172.743301,89.820168,172.748383,91,False,True,16,199,False,
649,/kuka/axis_move/feedback_json,std_msgs/msg/String,2026-08-27T21:23:49.299656-04:00,1787880229,299627778,1787880229299627778,218.008931,,,,1756,1755,1,0,0,1756,AxisTarget,1,False,True,False,False,0.0051,-89.863602,90.060799,0.1525,-0.0188,-0.1752,526.200745,-0.046768,888.303894,172.743301,89.820168,172.748383,92,False,True,16,199,False,
650,/kuka/axis_move/feedback_json,std_msgs/msg/String,2026-08-27T21:23:49.424228-04:00,1787880229,424221982,1787880229424221982,124.594204,,,,1757,1756,1,0,0,1757,AxisTarget,1,False,True,False,False,0.0051,-89.863602,90.060799,0.1525,-0.0188,-0.1752,526.200745,-0.046768,888.303894,172.743301,89.820168,172.748383,92,False,True,16,199,False,
651,/kuka/axis_move/feedback_json,std_msgs/msg/String,2026-08-27T21:23:49.549635-04:00,1787880229,549612671,1787880229549612671,125.390689,,,,1758,1757,1,0,0,1758,AxisTarget,1,False,True,False,False,0.0051,-89.863602,90.060799,0.1525,-0.0188,-0.1752,526.200745,-0.046768,888.303894,172.743301,89.820168,172.748383,92,False,True,16,199,False,
652,/kuka/axis_move/feedback_json,std_msgs/msg/String,2026-08-27T21:23:49.680039-04:00,1787880229,680008452,1787880229680008452,130.395781,,,,1759,1758,1,0,0,1759,AxisTarget,1,False,True,False,False,0.0051,-89.863602,90.060799,0.1525,-0.0188,-0.1752,526.200745,-0.046768,888.303894,172.743301,89.820168,172.748383,92,False,True,16,199,False,
653,/kuka/axis_move/feedback_json,std_msgs/msg/String,2026-08-27T21:23:49.899854-04:00,1787880229,899843740,1787880229899843740,219.835288,,,,1760,1759,1,0,0,1760,AxisTarget,1,False,True,False,False,0.0051,-89.863602,90.060799,0.1525,-0.0188,-0.1752,526.200745,-0.046768,888.303894,172.743301,89.820168,172.748383,93,False,True,16,199,False,
654,/kuka/axis_move/feedback_json,std_msgs/msg/String,2026-08-27T21:23:50.026077-04:00,1787880230,26065588,1787880230026065588,126.221848,,,,1761,1760,1,0,0,1761,AxisTarget,1,False,True,False,False,0.0051,-89.863602,90.060799,0.1525,-0.0188,-0.1752,526.200745,-0.046768,888.303894,172.743301,89.820168,172.748383,93,False,True,16,199,False,
655,/kuka/axis_move/feedback_json,std_msgs/msg/String,2026-08-27T21:23:50.152160-04:00,1787880230,152124627,1787880230152124627,126.059039,,,,1762,1761,1,0,0,1762,AxisTarget,1,False,True,False,False,0.0051,-89.863602,90.060799,0.1525,-0.0188,-0.1752,526.200745,-0.046768,888.303894,172.743301,89.820168,172.748383,93,False,True,16,199,False,
656,/kuka/axis_move/feedback_json,std_msgs/msg/String,2026-08-27T21:23:50.281969-04:00,1787880230,281957299,1787880230281957299,129.832672,,,,1763,1762,1,0,0,1763,AxisTarget,1,False,True,False,False,0.0051,-89.863602,90.060799,0.1525,-0.0188,-0.1752,526.200745,-0.046768,888.303894,172.743301,89.820168,172.748383,93,False,True,16,199,False,
657,/kuka/axis_move/feedback_json,std_msgs/msg/String,2026-08-27T21:23:50.503813-04:00,1787880230,503782899,1787880230503782899,221.8256,,,,1764,1763,1,0,0,1764,AxisTarget,1,False,True,False,False,0.0051,-89.863602,90.060799,0.1525,-0.0188,-0.1752,526.200745,-0.046768,888.303894,172.743301,89.820168,172.748383,94,False,True,16,199,False,
658,/kuka/axis_move/feedback_json,std_msgs/msg/String,2026-08-27T21:23:50.629089-04:00,1787880230,629072874,1787880230629072874,125.289975,,,,1765,1764,1,0,0,1765,AxisTarget,1,False,True,False,False,0.0051,-89.863602,90.060799,0.1525,-0.0188,-0.1752,526.200745,-0.046768,888.303894,172.743301,89.820168,172.748383,94,False,True,16,199,False,
659,/kuka/axis_move/feedback_json,std_msgs/msg/String,2026-08-27T21:23:50.759377-04:00,1787880230,759355619,1787880230759355619,130.282745,,,,1766,1765,1,0,0,1766,AxisTarget,1,False,True,False,False,0.0051,-89.863602,90.060799,0.1525,-0.0188,-0.1752,526.200745,-0.046768,888.303894,172.743301,89.820168,172.748383,94,False,True,16,199,False,
660,/kuka/axis_move/feedback_json,std_msgs/msg/String,2026-08-27T21:23:50.891270-04:00,1787880230,891247595,1787880230891247595,131.891976,,,,1767,1766,1,0,0,1767,AxisTarget,1,False,True,False,False,0.0051,-89.863602,90.060799,0.1525,-0.0188,-0.1752,526.200745,-0.046768,888.303894,172.743301,89.820168,172.748383,94,False,True,16,199,False,
661,/kuka/axis_move/feedback_json,std_msgs/msg/String,2026-08-27T21:23:51.115584-04:00,1787880231,115567180,1787880231115567180,224.319585,,,,1768,1767,1,0,0,1768,AxisTarget,1,False,True,False,False,0.0051,-89.863602,90.060799,0.1525,-0.0188,-0.1752,526.200745,-0.046768,888.303894,172.743301,89.820168,172.748383,95,False,True,16,199,False,
662,/kuka/axis_move/feedback_json,std_msgs/msg/String,2026-08-27T21:23:51.240042-04:00,1787880231,240013901,1787880231240013901,124.446721,,,,1769,1768,1,0,0,1769,AxisTarget,1,False,True,False,False,0.0051,-89.863602,90.060799,0.1525,-0.0188,-0.1752,526.200745,-0.046768,888.303894,172.743301,89.820168,172.748383,95,False,True,16,199,False,
663,/kuka/axis_move/feedback_json,std_msgs/msg/String,2026-08-27T21:23:51.369450-04:00,1787880231,369420108,1787880231369420108,129.406207,,,,1770,1769,1,0,0,1770,AxisTarget,1,False,True,False,False,0.0051,-89.863602,90.060799,0.1525,-0.0188,-0.1752,526.200745,-0.046768,888.303894,172.743301,89.820168,172.748383,95,False,True,16,199,False,
664,/kuka/axis_move/feedback_json,std_msgs/msg/String,2026-08-27T21:23:51.492646-04:00,1787880231,492639840,1787880231492639840,123.219732,,,,1771,1770,1,0,0,1771,AxisTarget,1,False,True,False,False,0.0051,-89.863602,90.060799,0.1525,-0.0188,-0.1752,526.200745,-0.046768,888.303894,172.743301,89.820168,172.748383,95,False,True,16,199,False,
