receive_index,topic_name,message_type,receive_wall_time_iso8601,receive_ros_time_sec,receive_ros_time_nanosec,receive_ros_time_ns,delta_receive_ms,source_stamp_sec,source_stamp_nanosec,source_stamp_ns,sequence,prev_sequence,delta_seq,sequence_gap,estimated_missing,seq,mode,status,move_ready,limits_ok,delta_ok,move_executed,axis_actual.A1,axis_actual.A2,axis_actual.A3,axis_actual.A4,axis_actual.A5,axis_actual.A6,position_actual.X,position_actual.Y,position_actual.Z,position_actual.A,position_actual.B,position_actual.C,rx_counter,bridge_safe_mode,bridge_allow_motion,unmapped_json
1,/kuka/axis_move/feedback_json,std_msgs/msg/String,2026-08-22T19:49:35.497946-04:00,1787442575,497922007,1787442575497922007,,,,,6792,,,0,0,6792,AxisTarget,1,True,True,True,False,10.594739,-57.878216,92.216011,-0.116932,55.477142,10.576962,622.952698,-116.385452,497.436523,179.916107,0.192561,179.937866,1971,False,True,
2,/kuka/axis_move/feedback_json,std_msgs/msg/String,2026-08-22T19:49:35.701957-04:00,1787442575,701951212,1787442575701951212,204.029205,,,,6793,6792,1,0,0,6793,AxisTarget,1,True,True,True,False,10.595961,-57.823978,92.258438,-0.118072,55.372009,10.577493,622.965942,-116.400017,496.640259,179.914658,0.19344,179.937271,1971,False,True,
3,/kuka/axis_move/feedback_json,std_msgs/msg/String,2026-08-22T19:49:35.714090-04:00,1787442575,714084208,1787442575714084208,12.132996,,,,6794,6793,1,0,0,6794,AxisTarget,1,True,True,True,False,10.597686,-57.747681,92.317886,-0.119663,55.235836,10.578197,622.983643,-116.421318,495.455872,179.912491,0.194747,179.936371,1971,False,True,
4,/kuka/axis_move/feedback_json,std_msgs/msg/String,2026-08-22T19:49:35.823241-04:00,1787442575,823229804,1787442575823229804,109.145596,,,,6795,6794,1,0,0,6795,AxisTarget,1,True,True,True,False,10.599831,-57.65308,92.391434,-0.121626,55.062927,10.57909,623.001221,-116.44558,494.07666,179.909973,0.196269,179.935318,1971,False,True,
5,/kuka/axis_move/feedback_json,std_msgs/msg/String,2026-08-22T19:49:36.010387-04:00,1787442576,10359814,1787442576010359814,187.13001,,,,6796,6795,1,0,0,6796,AxisTarget,1,True,True,True,False,10.604221,-57.460255,92.540642,-0.125591,54.715492,10.580876,623.028259,-116.496651,491.055267,179.904419,0.199601,179.93306,1972,False,True,
6,/kuka/axis_move/feedback_json,std_msgs/msg/String,2026-08-22T19:49:36.199698-04:00,1787442576,199673890,1787442576199673890,189.314076,,,,6797,6796,1,0,0,6797,AxisTarget,1,True,True,True,False,10.608891,-57.255882,92.698311,-0.129769,54.350449,10.582747,623.039673,-116.546135,487.952362,179.898666,0.20302,179.930771,1973,False,True,
7,/kuka/axis_move/feedback_json,std_msgs/msg/String,2026-08-22T19:49:36.310861-04:00,1787442576,310849722,1787442576310849722,111.175832,,,,6798,6797,1,0,0,6798,AxisTarget,1,True,True,True,False,10.611671,-57.134129,92.795586,-0.132346,54.125271,10.583901,623.038391,-116.575768,485.997986,179.89502,0.205173,179.929352,1973,False,True,
8,/kuka/axis_move/feedback_json,std_msgs/msg/String,2026-08-22T19:49:36.425095-04:00,1787442576,425085486,1787442576425085486,114.235764,,,,6799,6798,1,0,0,6799,AxisTarget,1,True,True,True,False,10.61429,-57.016617,92.882278,-0.134626,53.927505,10.584908,623.031311,-116.601936,484.202148,179.891647,0.207151,179.92804,1973,False,True,
9,/kuka/axis_move/feedback_json,std_msgs/msg/String,2026-08-22T19:49:36.612870-04:00,1787442576,612861380,1787442576612861380,187.775894,,,,6800,6799,1,0,0,6800,AxisTarget,1,True,True,True,False,10.617295,-56.890392,92.978378,-0.137176,53.707787,10.586019,623.016174,-116.631104,482.113983,179.887711,0.209449,179.926544,1974,False,True,
10,/kuka/axis_move/feedback_json,std_msgs/msg/String,2026-08-22T19:49:36.727112-04:00,1787442576,727095291,1787442576727095291,114.233911,,,,6801,6800,1,0,0,6801,AxisTarget,1,True,True,True,False,10.618237,-56.850204,93.008568,-0.137917,53.643513,10.586338,623.009705,-116.640175,481.443665,179.886444,0.210186,179.926071,1974,False,True,
11,/kuka/axis_move/feedback_json,std_msgs/msg/String,2026-08-22T19:49:36.843119-04:00,1787442576,843107374,1787442576843107374,116.012083,,,,6802,6801,1,0,0,6802,AxisTarget,1,True,True,True,False,10.6185,-56.839607,93.016098,-0.1381,53.630199,10.5864,623.007568,-116.642914,481.238983,179.886063,0.210412,179.925919,1974,False,True,
12,/kuka/axis_move/feedback_json,std_msgs/msg/String,2026-08-22T19:49:36.960758-04:00,1787442576,960729864,1787442576960729864,117.62249,,,,6803,6802,1,0,0,6803,AxisTarget,1,True,True,True,False,10.6185,-56.8396,93.016098,-0.1381,53.630199,10.5864,623.007568,-116.642937,481.237213,179.886063,0.210414,179.925919,1974,False,True,
13,/kuka/axis_move/feedback_json,std_msgs/msg/String,2026-08-22T19:49:37.145714-04:00,1787442577,145702679,1787442577145702679,184.972815,,,,6804,6803,1,0,0,6804,AxisTarget,1,True,True,True,True,10.618787,-56.826084,93.027245,-0.138414,53.600891,10.586558,623.005859,-116.645012,481.080872,179.885757,0.210586,179.925812,1975,False,True,
14,/kuka/axis_move/feedback_json,std_msgs/msg/String,2026-08-22T19:49:37.256689-04:00,1787442577,256683745,1787442577256683745,110.981066,,,,6805,6804,1,0,0,6805,AxisTarget,1,True,True,True,False,10.619634,-56.787991,93.057327,-0.139228,53.528072,10.586937,622.999512,-116.65239,480.520721,179.884705,0.211206,179.925415,1975,False,True,
15,/kuka/axis_move/feedback_json,std_msgs/msg/String,2026-08-22T19:49:37.366979-04:00,1787442577,366969635,1787442577366969635,110.28589,,,,6806,6805,1,0,0,6806,AxisTarget,1,True,True,True,False,10.621048,-56.724972,93.106636,-0.14055,53.410725,10.587542,622.98822,-116.66394,479.627808,179.883011,0.212193,179.924789,1975,False,True,
16,/kuka/axis_move/feedback_json,std_msgs/msg/String,2026-08-22T19:49:37.480979-04:00,1787442577,480967622,1787442577480967622,113.997987,,,,6807,6806,1,0,0,6807,AxisTarget,1,True,True,True,False,10.623029,-56.637032,93.175186,-0.142381,53.248856,10.588372,622.969299,-116.680351,478.324005,179.880539,0.213633,179.923874,1975,False,True,
17,/kuka/axis_move/feedback_json,std_msgs/msg/String,2026-08-22T19:49:37.670807-04:00,1787442577,670799210,1787442577670799210,189.831588,,,,6808,6807,1,0,0,6808,AxisTarget,1,True,True,True,False,10.627447,-56.442154,93.326126,-0.146388,52.896893,10.590167,622.915405,-116.715607,475.366455,179.874878,0.2169,179.921814,1976,False,True,
18,/kuka/axis_move/feedback_json,std_msgs/msg/String,2026-08-22T19:49:37.781009-04:00,1787442577,780991794,1787442577780991794,110.192584,,,,6809,6808,1,0,0,6809,AxisTarget,1,True,True,True,False,10.630218,-56.320415,93.420059,-0.148872,52.67942,10.591272,622.871704,-116.737289,473.421906,179.87114,0.219047,179.920486,1976,False,True,
19,/kuka/axis_move/feedback_json,std_msgs/msg/String,2026-08-22T19:49:37.895945-04:00,1787442577,895932082,1787442577895932082,114.940288,,,,6810,6809,1,0,0,6810,AxisTarget,1,True,True,True,False,10.632981,-56.199104,93.513565,-0.151341,52.463577,10.592368,622.823364,-116.75705,471.54837,179.867523,0.221114,179.919205,1976,False,True,
20,/kuka/axis_move/feedback_json,std_msgs/msg/String,2026-08-22T19:49:38.008522-04:00,1787442578,8511623,1787442578008511623,112.579541,,,,6811,6810,1,0,0,6811,AxisTarget,1,True,True,True,False,10.635394,-56.094063,93.596321,-0.153509,52.275673,10.593314,622.775452,-116.773643,469.886749,179.864304,0.222948,179.918091,1976,False,True,
21,/kuka/axis_move/feedback_json,std_msgs/msg/String,2026-08-22T19:49:38.194749-04:00,1787442578,194705493,1787442578194705493,186.19387,,,,6812,6811,1,0,0,6812,AxisTarget,1,True,True,True,False,10.637999,-55.981319,93.680695,-0.155706,52.086399,10.59426,622.71759,-116.790756,468.073578,179.860764,0.224947,179.91687,1977,False,True,
22,/kuka/axis_move/feedback_json,std_msgs/msg/String,2026-08-22T19:49:38.308258-04:00,1787442578,308248675,1787442578308248675,113.543182,,,,6813,6812,1,0,0,6813,AxisTarget,1,True,True,True,False,10.6387,-55.951569,93.701691,-0.15624,52.041412,10.594481,622.700439,-116.795349,467.567719,179.859772,0.225505,179.916534,1977,False,True,
23,/kuka/axis_move/feedback_json,std_msgs/msg/String,2026-08-22T19:49:38.419422-04:00,1787442578,419403067,1787442578419403067,111.154392,,,,6814,6813,1,0,0,6814,AxisTarget,1,True,True,True,False,10.6388,-55.947701,93.7043,-0.1563,52.0369,10.5945,622.69751,-116.796112,467.482544,179.859604,0.225599,179.916473,1977,False,True,
24,/kuka/axis_move/feedback_json,std_msgs/msg/String,2026-08-22T19:49:38.534218-04:00,1787442578,534212970,1787442578534212970,114.809903,,,,6815,6814,1,0,0,6815,AxisTarget,1,True,True,True,False,10.6388,-55.947701,93.7043,-0.1563,52.0369,10.5945,622.69751,-116.796112,467.482544,179.859604,0.225599,179.916473,1977,False,True,
25,/kuka/axis_move/feedback_json,std_msgs/msg/String,2026-08-22T19:49:38.724323-04:00,1787442578,724284980,1787442578724284980,190.07201,,,,6816,6815,1,0,0,6816,AxisTarget,1,True,True,True,True,10.639536,-55.913567,93.732063,-0.157076,51.965736,10.594873,622.682922,-116.799835,467.063995,179.85878,0.226058,179.916199,1978,False,True,
26,/kuka/axis_move/feedback_json,std_msgs/msg/String,2026-08-22T19:49:38.914517-04:00,1787442578,914488527,1787442578914488527,190.203547,,,,6817,6816,1,0,0,6817,AxisTarget,1,True,True,True,False,10.642684,-55.772915,93.842354,-0.160051,51.702267,10.59621,622.608337,-116.817009,465.04541,179.854797,0.228273,179.914856,1979,False,True,
27,/kuka/axis_move/feedback_json,std_msgs/msg/String,2026-08-22T19:49:39.026846-04:00,1787442579,26834338,1787442579026834338,112.345811,,,,6818,6817,1,0,0,6818,AxisTarget,1,True,True,True,False,10.645431,-55.651997,93.935799,-0.162535,51.477638,10.597334,622.53418,-116.83152,463.207306,179.851151,0.230288,179.913651,1979,False,True,
28,/kuka/axis_move/feedback_json,std_msgs/msg/String,2026-08-22T19:49:39.139620-04:00,1787442579,139582736,1787442579139582736,112.748398,,,,6819,6818,1,0,0,6819,AxisTarget,1,True,True,True,False,10.648159,-55.532539,94.027618,-0.164963,51.274666,10.598344,622.450623,-116.845505,461.292145,179.847336,0.232388,179.912415,1979,False,True,
29,/kuka/axis_move/feedback_json,std_msgs/msg/String,2026-08-22T19:49:39.325501-04:00,1787442579,325468768,1787442579325468768,185.886032,,,,6820,6819,1,0,0,6820,AxisTarget,1,True,True,True,False,10.651167,-55.402679,94.126007,-0.167527,51.055214,10.59942,622.353088,-116.859299,459.221985,179.843185,0.234657,179.911072,1980,False,True,
30,/kuka/axis_move/feedback_json,std_msgs/msg/String,2026-08-22T19:49:39.434922-04:00,1787442579,434912314,1787442579434912314,109.443546,,,,6821,6820,1,0,0,6821,AxisTarget,1,True,True,True,False,10.651773,-55.377415,94.144455,-0.167989,51.017292,10.599597,622.329834,-116.862251,458.750397,179.842239,0.235173,179.910782,1980,False,True,
31,/kuka/axis_move/feedback_json,std_msgs/msg/String,2026-08-22T19:49:39.621372-04:00,1787442579,621343260,1787442579621343260,186.430946,,,,6822,6821,1,0,0,6822,AxisTarget,1,True,True,True,True,10.6518,-55.376499,94.144997,-0.168,51.016575,10.5996,622.328186,-116.862457,458.717102,179.842178,0.23521,179.910751,1981,False,True,
32,/kuka/axis_move/feedback_json,std_msgs/msg/String,2026-08-22T19:49:39.735268-04:00,1787442579,735261948,1787442579735261948,113.918688,,,,6823,6822,1,0,0,6823,AxisTarget,1,True,True,True,False,10.652215,-55.356323,94.162163,-0.168502,50.968838,10.599866,622.318298,-116.863678,458.519043,179.841782,0.235433,179.910629,1981,False,True,
33,/kuka/axis_move/feedback_json,std_msgs/msg/String,2026-08-22T19:49:39.923007-04:00,1787442579,922995642,1787442579922995642,187.733694,,,,6824,6823,1,0,0,6824,AxisTarget,1,True,True,True,False,10.656287,-55.175827,94.302719,-0.172275,50.637962,10.601566,622.180786,-116.878769,455.892181,179.836502,0.238394,179.908981,1982,False,True,
34,/kuka/axis_move/feedback_json,std_msgs/msg/String,2026-08-22T19:49:40.035824-04:00,1787442580,35814432,1787442580035814432,112.81879,,,,6825,6824,1,0,0,6825,AxisTarget,1,True,True,True,False,10.657774,-55.114159,94.347527,-0.173394,50.546879,10.601999,622.116394,-116.884705,454.735413,179.834167,0.239698,179.908264,1982,False,True,
35,/kuka/axis_move/feedback_json,std_msgs/msg/String,2026-08-22T19:49:40.151015-04:00,1787442580,151008127,1787442580151008127,115.193695,,,,6826,6825,1,0,0,6826,AxisTarget,1,False,True,True,False,10.6578,-55.1134,94.3479,-0.1734,50.5466,10.602,622.113953,-116.884918,454.692261,179.834076,0.239746,179.908234,1982,False,True,
36,/kuka/axis_move/feedback_json,std_msgs/msg/String,2026-08-22T19:49:40.259637-04:00,1787442580,259628726,1787442580259628726,108.620599,,,,6827,6826,1,0,0,6827,AxisTarget,1,False,True,True,False,10.6578,-55.1134,94.3479,-0.1734,50.5466,10.602,622.113953,-116.884918,454.692261,179.834076,0.239746,179.908234,1982,False,True,
37,/kuka/axis_move/feedback_json,std_msgs/msg/String,2026-08-22T19:49:40.448949-04:00,1787442580,448943151,1787442580448943151,189.314425,,,,6828,6827,1,0,0,6828,AxisTarget,1,False,True,True,False,10.6578,-55.1134,94.3479,-0.1734,50.5466,10.602,622.113953,-116.884918,454.692261,179.834076,0.239746,179.908234,1983,False,True,
38,/kuka/axis_move/feedback_json,std_msgs/msg/String,2026-08-22T19:49:40.562788-04:00,1787442580,562782460,1787442580562782460,113.839309,,,,6829,6828,1,0,0,6829,AxisTarget,1,False,True,True,False,10.6578,-55.1134,94.3479,-0.1734,50.5466,10.602,622.113953,-116.884918,454.692261,179.834076,0.239746,179.908234,1983,False,True,
39,/kuka/axis_move/feedback_json,std_msgs/msg/String,2026-08-22T19:49:40.678899-04:00,1787442580,678888810,1787442580678888810,116.10635,,,,6830,6829,1,0,0,6830,AxisTarget,1,False,True,True,False,10.6578,-55.1134,94.3479,-0.1734,50.5466,10.602,622.113953,-116.884918,454.692261,179.834076,0.239746,179.908234,1983,False,True,
40,/kuka/axis_move/feedback_json,std_msgs/msg/String,2026-08-22T19:49:40.793694-04:00,1787442580,793688062,1787442580793688062,114.799252,,,,6831,6830,1,0,0,6831,AxisTarget,1,False,True,True,False,10.6578,-55.1134,94.3479,-0.1734,50.5466,10.602,622.113953,-116.884918,454.692261,179.834076,0.239746,179.908234,1983,False,True,
41,/kuka/axis_move/feedback_json,std_msgs/msg/String,2026-08-22T19:49:40.983145-04:00,1787442580,983133564,1787442580983133564,189.445502,,,,6832,6831,1,0,0,6832,AxisTarget,1,False,True,True,False,10.6578,-55.1134,94.3479,-0.1734,50.5466,10.602,622.113953,-116.884918,454.692261,179.834076,0.239746,179.908234,1984,False,True,
42,/kuka/axis_move/feedback_json,std_msgs/msg/String,2026-08-22T19:49:41.096524-04:00,1787442581,96505795,1787442581096505795,113.372231,,,,6833,6832,1,0,0,6833,AxisTarget,1,False,True,True,False,10.6578,-55.1134,94.3479,-0.1734,50.5466,10.602,622.113953,-116.884918,454.692261,179.834076,0.239746,179.908234,1984,False,True,
43,/kuka/axis_move/feedback_json,std_msgs/msg/String,2026-08-22T19:49:41.211378-04:00,1787442581,211353859,1787442581211353859,114.848064,,,,6834,6833,1,0,0,6834,AxisTarget,1,False,True,True,False,10.6578,-55.1134,94.3479,-0.1734,50.5466,10.602,622.113953,-116.884918,454.692261,179.834076,0.239746,179.908234,1984,False,True,
44,/kuka/axis_move/feedback_json,std_msgs/msg/String,2026-08-22T19:49:41.326046-04:00,1787442581,326027837,1787442581326027837,114.673978,,,,6835,6834,1,0,0,6835,AxisTarget,1,False,True,True,False,10.6578,-55.1134,94.3479,-0.1734,50.5466,10.602,622.113953,-116.884918,454.692261,179.834076,0.239746,179.908234,1984,False,True,
45,/kuka/axis_move/feedback_json,std_msgs/msg/String,2026-08-22T19:49:41.514741-04:00,1787442581,514731233,1787442581514731233,188.703396,,,,6836,6835,1,0,0,6836,AxisTarget,1,False,True,True,False,10.6578,-55.1134,94.3479,-0.1734,50.5466,10.602,622.113953,-116.884918,454.692261,179.834076,0.239746,179.908234,1985,False,True,
46,/kuka/axis_move/feedback_json,std_msgs/msg/String,2026-08-22T19:49:41.714636-04:00,1787442581,714578878,1787442581714578878,199.847645,,,,6837,6836,1,0,0,6837,AxisTarget,1,False,True,True,False,10.6578,-55.1134,94.3479,-0.1734,50.5466,10.602,622.113953,-116.884918,454.692261,179.834076,0.239746,179.908234,1986,False,True,
47,/kuka/axis_move/feedback_json,std_msgs/msg/String,2026-08-22T19:49:41.830927-04:00,1787442581,830918446,1787442581830918446,116.339568,,,,6838,6837,1,0,0,6838,AxisTarget,1,False,True,True,False,10.6578,-55.1134,94.3479,-0.1734,50.5466,10.602,622.113953,-116.884918,454.692261,179.834076,0.239746,179.908234,1986,False,True,
48,/kuka/axis_move/feedback_json,std_msgs/msg/String,2026-08-22T19:49:42.020124-04:00,1787442582,20117374,1787442582020117374,189.198928,,,,6839,6838,1,0,0,6839,AxisTarget,1,True,True,True,False,10.6578,-55.1134,94.3479,-0.1734,50.5466,10.602,622.113953,-116.884918,454.692261,179.834076,0.239746,179.908234,1987,False,True,
49,/kuka/axis_move/feedback_json,std_msgs/msg/String,2026-08-22T19:49:42.141509-04:00,1787442582,141478040,1787442582141478040,121.360666,,,,6840,6839,1,0,0,6840,AxisTarget,1,True,True,True,True,10.6578,-55.1134,94.3479,-0.1734,50.5466,10.602,622.113953,-116.884918,454.692261,179.834076,0.239746,179.908234,1987,False,True,
50,/kuka/axis_move/feedback_json,std_msgs/msg/String,2026-08-22T19:49:42.336221-04:00,1787442582,336214988,1787442582336214988,194.736948,,,,6841,6840,1,0,0,6841,AxisTarget,1,True,True,True,False,10.6578,-55.1134,94.3479,-0.1734,50.5466,10.602,622.113953,-116.884918,454.692261,179.834076,0.239746,179.908234,1988,False,True,
51,/kuka/axis_move/feedback_json,std_msgs/msg/String,2026-08-22T19:49:42.452925-04:00,1787442582,452919692,1787442582452919692,116.704704,,,,6842,6841,1,0,0,6842,AxisTarget,1,True,True,True,True,10.658079,-55.126865,94.334656,-0.172654,50.589054,10.60235,622.122986,-116.889114,454.819611,179.834213,0.239842,179.908447,1988,False,True,
52,/kuka/axis_move/feedback_json,std_msgs/msg/String,2026-08-22T19:49:42.646856-04:00,1787442582,646844804,1787442582646844804,193.925112,,,,6843,6842,1,0,0,6843,AxisTarget,1,True,True,True,False,10.661593,-55.269768,94.21534,-0.1677,50.833126,10.6041,622.282898,-116.964523,457.135864,179.836624,0.241584,179.912506,1989,False,True,
53,/kuka/axis_move/feedback_json,std_msgs/msg/String,2026-08-22T19:49:42.759023-04:00,1787442582,759013091,1787442582759013091,112.168287,,,,6844,6843,1,0,0,6844,AxisTarget,1,True,True,True,False,10.6616,-55.269901,94.215302,-0.1677,50.833099,10.6041,622.284424,-116.965233,457.157898,179.836655,0.241601,179.912537,1989,False,True,
54,/kuka/axis_move/feedback_json,std_msgs/msg/String,2026-08-22T19:49:42.874127-04:00,1787442582,874113500,1787442582874113500,115.100409,,,,6845,6844,1,0,0,6845,AxisTarget,1,True,True,True,True,10.661655,-55.272739,94.212448,-0.167555,50.841537,10.604171,622.285706,-116.965858,457.177612,179.83667,0.241616,179.912567,1989,False,True,
55,/kuka/axis_move/feedback_json,std_msgs/msg/String,2026-08-22T19:49:42.990892-04:00,1787442582,990882154,1787442582990882154,116.768654,,,,6846,6845,1,0,0,6846,AxisTarget,1,True,True,True,False,10.662535,-55.311592,94.178101,-0.166009,50.921825,10.604772,622.31958,-116.981941,457.685455,179.837219,0.242009,179.913467,1989,False,True,
56,/kuka/axis_move/feedback_json,std_msgs/msg/String,2026-08-22T19:49:43.178390-04:00,1787442583,178384744,1787442583178384744,187.50259,,,,6847,6846,1,0,0,6847,AxisTarget,1,True,True,True,False,10.666306,-55.473194,94.039413,-0.159941,51.228519,10.607009,622.473999,-117.057137,460.097809,179.839767,0.243869,179.917755,1990,False,True,
57,/kuka/axis_move/feedback_json,std_msgs/msg/String,2026-08-22T19:49:43.294782-04:00,1787442583,294765078,1787442583294765078,116.380334,,,,6848,6847,1,0,0,6848,AxisTarget,1,True,True,True,False,10.669201,-55.595417,93.936035,-0.155483,51.450665,10.608606,622.590698,-117.116226,462.038361,179.841782,0.245358,179.921234,1990,False,True,
58,/kuka/axis_move/feedback_json,std_msgs/msg/String,2026-08-22T19:49:43.474759-04:00,1787442583,474753194,1787442583474753194,179.988116,,,,6849,6848,1,0,0,6849,AxisTarget,1,True,True,True,False,10.672239,-55.721355,93.831512,-0.151062,51.666775,10.61013,622.712402,-117.180344,464.192139,179.843994,0.247003,179.92511,1991,False,True,
59,/kuka/axis_move/feedback_json,std_msgs/msg/String,2026-08-22T19:49:43.587760-04:00,1787442583,587753304,1787442583587753304,113.00011,,,,6850,6849,1,0,0,6850,AxisTarget,1,True,True,True,False,10.672697,-55.739342,93.817421,-0.1505,51.692497,10.6103,622.732849,-117.191399,464.568695,179.844376,0.24729,179.925781,1991,False,True,
60,/kuka/axis_move/feedback_json,std_msgs/msg/String,2026-08-22T19:49:43.702865-04:00,1787442583,702854925,1787442583702854925,115.101621,,,,6851,6850,1,0,0,6851,AxisTarget,1,True,True,True,False,10.6727,-55.739399,93.817398,-0.1505,51.692501,10.6103,622.733154,-117.191566,464.574646,179.844391,0.247295,179.925797,1991,False,True,
61,/kuka/axis_move/feedback_json,std_msgs/msg/String,2026-08-22T19:49:43.812333-04:00,1787442583,812326884,1787442583812326884,109.471959,,,,6852,6851,1,0,0,6852,AxisTarget,1,True,True,True,True,10.672723,-55.740582,93.816177,-0.150437,51.696266,10.610332,622.733643,-117.191849,464.584106,179.844391,0.247302,179.925812,1991,False,True,
62,/kuka/axis_move/feedback_json,std_msgs/msg/String,2026-08-22T19:49:43.998113-04:00,1787442583,998099973,1787442583998099973,185.773089,,,,6853,6852,1,0,0,6853,AxisTarget,1,True,True,True,False,10.673834,-55.788704,93.77404,-0.14856,51.793213,10.611043,622.768677,-117.211151,465.242157,179.845047,0.247802,179.927002,1992,False,True,
63,/kuka/axis_move/feedback_json,std_msgs/msg/String,2026-08-22T19:49:44.188871-04:00,1787442584,188845328,1787442584188845328,190.745355,,,,6854,6853,1,0,0,6854,AxisTarget,1,True,True,True,False,10.676804,-55.914608,93.665962,-0.143838,52.032719,10.61277,622.865051,-117.265778,467.131775,179.846878,0.249232,179.93042,1993,False,True,
64,/kuka/axis_move/feedback_json,std_msgs/msg/String,2026-08-22T19:49:44.298794-04:00,1787442584,298783894,1787442584298783894,109.938566,,,,6855,6854,1,0,0,6855,AxisTarget,1,True,True,True,False,10.679429,-56.025265,93.571587,-0.139743,52.246792,10.614303,622.949585,-117.315895,468.902344,179.848572,0.250568,179.93364,1993,False,True,
65,/kuka/axis_move/feedback_json,std_msgs/msg/String,2026-08-22T19:49:44.416577-04:00,1787442584,416549502,1787442584416549502,117.765608,,,,6856,6855,1,0,0,6856,AxisTarget,1,True,True,True,False,10.682369,-56.148327,93.467316,-0.135246,52.464264,10.61585,623.033447,-117.368103,470.787262,179.850357,0.251984,179.937088,1993,False,True,
66,/kuka/axis_move/feedback_json,std_msgs/msg/String,2026-08-22T19:49:44.524260-04:00,1787442584,524249600,1787442584524249600,107.700098,,,,6857,6856,1,0,0,6857,AxisTarget,1,True,True,True,False,10.685204,-56.266842,93.366982,-0.130923,52.680481,10.617388,623.11377,-117.420959,472.740112,179.852173,0.253445,179.940689,1993,False,True,
67,/kuka/axis_move/feedback_json,std_msgs/msg/String,2026-08-22T19:49:44.710853-04:00,1787442584,710840807,1787442584710840807,186.591207,,,,6858,6857,1,0,0,6858,AxisTarget,1,True,True,True,False,10.689038,-56.42577,93.233665,-0.125231,52.962608,10.619376,623.210327,-117.489388,475.340881,179.854553,0.255382,179.945511,1994,False,True,
68,/kuka/axis_move/feedback_json,std_msgs/msg/String,2026-08-22T19:49:44.818741-04:00,1787442584,818734870,1787442584818734870,107.894063,,,,6859,6858,1,0,0,6859,AxisTarget,1,True,True,True,False,10.690419,-56.482643,93.186264,-0.123221,53.061592,10.620069,623.242615,-117.513809,476.290375,179.855408,0.256086,179.947266,1994,False,True,
69,/kuka/axis_move/feedback_json,std_msgs/msg/String,2026-08-22T19:49:45.002842-04:00,1787442585,2831688,1787442585002831688,184.096818,,,,6860,6859,1,0,0,6860,AxisTarget,1,True,True,True,False,10.69139,-56.521694,93.15448,-0.121905,53.124722,10.620499,623.26532,-117.531532,476.986511,179.856033,0.256602,179.948563,1995,False,True,
70,/kuka/axis_move/feedback_json,std_msgs/msg/String,2026-08-22T19:49:45.120720-04:00,1787442585,120697875,1787442585120697875,117.866187,,,,6861,6860,1,0,0,6861,AxisTarget,1,True,True,True,False,10.6914,-56.521999,93.154297,-0.1219,53.124901,10.6205,623.265625,-117.531815,476.99765,179.856049,0.25661,179.948593,1995,False,True,
71,/kuka/axis_move/feedback_json,std_msgs/msg/String,2026-08-22T19:49:45.237007-04:00,1787442585,236998750,1787442585236998750,116.300875,,,,6862,6861,1,0,0,6862,AxisTarget,1,True,True,True,True,10.691405,-56.522343,93.153908,-0.121878,53.126301,10.620512,623.265686,-117.531845,476.99884,179.856049,0.256611,179.948593,1995,False,True,
72,/kuka/axis_move/feedback_json,std_msgs/msg/String,2026-08-22T19:49:45.357002-04:00,1787442585,356991925,1787442585356991925,119.993175,,,,6863,6862,1,0,0,6863,AxisTarget,1,True,True,True,False,10.69178,-56.539063,93.137939,-0.121152,53.164593,10.620802,623.272705,-117.53743,477.220093,179.856247,0.256772,179.949005,1995,False,True,
73,/kuka/axis_move/feedback_json,std_msgs/msg/String,2026-08-22T19:49:45.545534-04:00,1787442585,545528488,1787442585545528488,188.536563,,,,6864,6863,1,0,0,6864,AxisTarget,1,True,True,True,False,10.693944,-56.634438,93.05661,-0.117586,53.346451,10.622135,623.315002,-117.572243,478.614044,179.857498,0.257788,179.951614,1996,False,True,
74,/kuka/axis_move/feedback_json,std_msgs/msg/String,2026-08-22T19:49:45.734880-04:00,1787442585,734866177,1787442585734866177,189.337689,,,,6865,6864,1,0,0,6865,AxisTarget,1,True,True,True,False,10.69812,-56.80851,92.907883,-0.111126,53.672707,10.624504,623.38678,-117.637375,481.293976,179.859863,0.259732,179.95665,1997,False,True,
75,/kuka/axis_move/feedback_json,std_msgs/msg/String,2026-08-22T19:49:45.844658-04:00,1787442585,844650843,1787442585844650843,109.784666,,,,6866,6865,1,0,0,6866,AxisTarget,1,True,True,True,False,10.700847,-56.923061,92.810806,-0.106942,53.882412,10.626016,623.429932,-117.682007,483.18924,179.861511,0.2611,179.96022,1997,False,True,
76,/kuka/axis_move/feedback_json,std_msgs/msg/String,2026-08-22T19:49:45.955745-04:00,1787442585,955720505,1787442585955720505,111.069662,,,,6867,6866,1,0,0,6867,AxisTarget,1,True,True,True,False,10.703675,-57.041855,92.710129,-0.102603,54.099884,10.627583,623.465637,-117.723976,485.01886,179.863068,0.262416,179.963699,1997,False,True,
77,/kuka/axis_move/feedback_json,std_msgs/msg/String,2026-08-22T19:49:46.070890-04:00,1787442586,70868263,1787442586070868263,115.147758,,,,6868,6867,1,0,0,6868,AxisTarget,1,True,True,True,False,10.706402,-57.156406,92.609444,-0.098264,54.31736,10.62915,623.496521,-117.766365,486.917755,179.86467,0.263776,179.967316,1997,False,True,
78,/kuka/axis_move/feedback_json,std_msgs/msg/String,2026-08-22T19:49:46.262514-04:00,1787442586,262505103,1787442586262505103,191.63684,,,,6869,6868,1,0,0,6869,AxisTarget,1,True,True,True,False,10.710926,-57.345566,92.453468,-0.091454,54.656998,10.631586,623.533142,-117.832306,489.983887,179.867188,0.265962,179.973206,1998,False,True,
79,/kuka/axis_move/feedback_json,std_msgs/msg/String,2026-08-22T19:49:46.378883-04:00,1787442586,378872393,1787442586378872393,116.36729,,,,6870,6869,1,0,0,6870,AxisTarget,1,True,True,True,False,10.713086,-57.435532,92.377876,-0.088346,54.811405,10.632689,623.544617,-117.862099,491.418701,179.868332,0.26698,179.975967,1998,False,True,
80,/kuka/axis_move/feedback_json,std_msgs/msg/String,2026-08-22T19:49:46.565648-04:00,1787442586,565640822,1787442586565640822,186.768429,,,,6871,6870,1,0,0,6871,AxisTarget,1,True,True,True,False,10.715324,-57.528351,92.300224,-0.085042,54.974804,10.633851,623.553162,-117.894287,493.006592,179.869598,0.268104,179.97905,1999,False,True,
81,/kuka/axis_move/feedback_json,std_msgs/msg/String,2026-08-22T19:49:46.679083-04:00,1787442586,679069057,1787442586679069057,113.428235,,,,6872,6871,1,0,0,6872,AxisTarget,1,True,True,True,False,10.716066,-57.558792,92.275055,-0.083985,55.026421,10.634212,623.554993,-117.904488,493.518402,179.869995,0.268465,179.980042,1999,False,True,
82,/kuka/axis_move/feedback_json,std_msgs/msg/String,2026-08-22T19:49:46.794925-04:00,1787442586,794913454,1787442586794913454,115.844397,,,,6873,6872,1,0,0,6873,AxisTarget,1,True,True,True,False,10.716298,-57.567863,92.267914,-0.0837,55.039593,10.6343,623.555542,-117.908241,493.707855,179.870148,0.268599,179.980408,1999,False,True,
83,/kuka/axis_move/feedback_json,std_msgs/msg/String,2026-08-22T19:49:46.909415-04:00,1787442586,909384059,1787442586909384059,114.470605,,,,6874,6873,1,0,0,6874,AxisTarget,1,True,True,True,False,10.7163,-57.567902,92.267899,-0.0837,55.0396,10.6343,623.555542,-117.908302,493.711121,179.870148,0.268601,179.980423,1999,False,True,
84,/kuka/axis_move/feedback_json,std_msgs/msg/String,2026-08-22T19:49:47.099376-04:00,1787442587,99361179,1787442587099361179,189.97712,,,,6875,6874,1,0,0,6875,AxisTarget,1,True,True,True,True,10.716588,-57.580959,92.25602,-0.083152,55.068993,10.634525,623.555969,-117.911583,493.877502,179.870285,0.26872,179.980743,2000,False,True,
85,/kuka/axis_move/feedback_json,std_msgs/msg/String,2026-08-22T19:49:47.295955-04:00,1787442587,295921163,1787442587295921163,196.559984,,,,6876,6875,1,0,0,6876,AxisTarget,1,True,True,True,False,10.718532,-57.66711,92.18158,-0.079883,55.235992,10.635743,623.557739,-117.936111,495.137329,179.871246,0.269621,179.9832,2001,False,True,
86,/kuka/axis_move/feedback_json,std_msgs/msg/String,2026-08-22T19:49:47.404674-04:00,1787442587,404662488,1787442587404662488,108.741325,,,,6877,6876,1,0,0,6877,AxisTarget,1,True,True,True,False,10.720655,-57.754959,92.106293,-0.076604,55.402222,10.636948,623.556458,-117.962807,496.539978,179.87233,0.270622,179.985931,2001,False,True,
87,/kuka/axis_move/feedback_json,std_msgs/msg/String,2026-08-22T19:49:47.520477-04:00,1787442587,520446051,1787442587520446051,115.783563,,,,6878,6877,1,0,0,6878,AxisTarget,1,True,True,True,False,10.723429,-57.872356,92.006317,-0.072277,55.620171,10.638515,623.5495,-117.997093,498.393127,179.873718,0.271941,179.989578,2001,False,True,
88,/kuka/axis_move/feedback_json,std_msgs/msg/String,2026-08-22T19:49:47.631105-04:00,1787442587,631100332,1787442587631100332,110.654281,,,,6879,6878,1,0,0,6879,AxisTarget,1,True,True,True,False,10.72625,-57.991173,91.905632,-0.067939,55.845409,10.640129,623.536072,-118.031235,500.30246,179.875122,0.273294,179.993332,2001,False,True,
89,/kuka/axis_move/feedback_json,std_msgs/msg/String,2026-08-22T19:49:47.812671-04:00,1787442587,812665380,1787442587812665380,181.565048,,,,6880,6879,1,0,0,6880,AxisTarget,1,True,True,True,False,10.730824,-58.18343,91.74308,-0.060953,56.18705,10.64257,623.500793,-118.084282,503.412201,179.87735,0.275488,179.999496,2002,False,True,
90,/kuka/axis_move/feedback_json,std_msgs/msg/String,2026-08-22T19:49:47.923147-04:00,1787442587,923135716,1787442587923135716,110.470336,,,,6881,6880,1,0,0,6881,AxisTarget,1,True,True,True,False,10.733027,-58.275383,91.665894,-0.057554,56.355862,10.643767,623.477417,-118.109093,504.934052,179.878418,0.276557,-179.997467,2002,False,True,
91,/kuka/axis_move/feedback_json,std_msgs/msg/String,2026-08-22T19:49:48.111076-04:00,1787442588,111070677,1787442588111070677,187.934961,,,,6882,6881,1,0,0,6882,AxisTarget,1,True,True,True,False,10.735546,-58.379959,91.578545,-0.053952,56.533798,10.64504,623.445435,-118.13678,506.690979,179.879623,0.277787,-179.993958,2003,False,True,
92,/kuka/axis_move/feedback_json,std_msgs/msg/String,2026-08-22T19:49:48.229846-04:00,1787442588,229832558,1787442588229832558,118.761881,,,,6883,6882,1,0,0,6883,AxisTarget,1,True,True,True,False,10.736266,-58.409321,91.554451,-0.052948,56.582466,10.645359,623.435181,-118.144592,507.198212,179.879974,0.278142,-179.992935,2003,False,True,
93,/kuka/axis_move/feedback_json,std_msgs/msg/String,2026-08-22T19:49:48.343013-04:00,1787442588,343001977,1787442588343001977,113.169419,,,,6884,6883,1,0,0,6884,AxisTarget,1,True,True,True,False,10.7364,-58.414398,91.550598,-0.0528,56.589001,10.6454,623.432678,-118.146446,507.319611,179.880051,0.278226,-179.992691,2003,False,True,
94,/kuka/axis_move/feedback_json,std_msgs/msg/String,2026-08-22T19:49:48.454684-04:00,1787442588,454678599,1787442588454678599,111.676622,,,,6885,6884,1,0,0,6885,AxisTarget,1,True,True,True,False,10.7364,-58.414398,91.550598,-0.0528,56.589001,10.6454,623.432678,-118.146446,507.319611,179.880051,0.278226,-179.992691,2003,False,True,
95,/kuka/axis_move/feedback_json,std_msgs/msg/String,2026-08-22T19:49:48.643791-04:00,1787442588,643781737,1787442588643781737,189.103138,,,,6886,6885,1,0,0,6886,AxisTarget,1,True,True,True,True,10.737101,-58.445576,91.522659,-0.051528,56.656166,10.645907,623.423767,-118.152863,507.740631,179.880341,0.278517,-179.991852,2004,False,True,
96,/kuka/axis_move/feedback_json,std_msgs/msg/String,2026-08-22T19:49:48.827114-04:00,1787442588,827090453,1787442588827090453,183.308716,,,,6887,6886,1,0,0,6887,AxisTarget,1,True,True,True,False,10.740248,-58.58007,91.406731,-0.046445,56.91481,10.64779,623.375854,-118.183403,509.79776,179.881699,0.279931,-179.987701,2005,False,True,
97,/kuka/axis_move/feedback_json,std_msgs/msg/String,2026-08-22T19:49:48.938612-04:00,1787442588,938606734,1787442588938606734,111.516281,,,,6888,6887,1,0,0,6888,AxisTarget,1,True,True,True,False,10.743156,-58.702408,91.302895,-0.041961,57.139561,10.649403,623.325317,-118.210289,511.691315,179.882919,0.281228,-179.983871,2005,False,True,
98,/kuka/axis_move/feedback_json,std_msgs/msg/String,2026-08-22T19:49:49.052422-04:00,1787442589,52387011,1787442589052387011,113.780277,,,,6889,6888,1,0,0,6889,AxisTarget,1,True,True,True,False,10.74581,-58.816978,91.206329,-0.037821,57.345531,10.650868,623.268921,-118.235847,513.574036,179.884125,0.282513,-179.980057,2005,False,True,
99,/kuka/axis_move/feedback_json,std_msgs/msg/String,2026-08-22T19:49:49.239117-04:00,1787442589,239110295,1787442589239110295,186.723284,,,,6890,6889,1,0,0,6890,AxisTarget,1,True,True,True,False,10.748656,-58.930485,91.112099,-0.033841,57.540539,10.652236,623.202881,-118.261536,515.558411,179.885345,0.283863,-179.976013,2006,False,True,
100,/kuka/axis_move/feedback_json,std_msgs/msg/String,2026-08-22T19:49:49.349008-04:00,1787442589,349001311,1787442589349001311,109.891016,,,,6891,6890,1,0,0,6891,AxisTarget,1,True,True,True,False,10.749096,-58.947701,91.098549,-0.033301,57.565475,10.6524,623.190002,-118.266121,515.923462,179.885574,0.284111,-179.975266,2006,False,True,
101,/kuka/axis_move/feedback_json,std_msgs/msg/String,2026-08-22T19:49:49.533408-04:00,1787442589,533380920,1787442589533380920,184.379609,,,,6892,6891,1,0,0,6892,AxisTarget,1,True,True,True,True,10.749104,-58.948051,91.098145,-0.033276,57.567272,10.652418,623.189819,-118.266197,515.92926,179.885574,0.284115,-179.97525,2007,False,True,
102,/kuka/axis_move/feedback_json,std_msgs/msg/String,2026-08-22T19:49:49.638971-04:00,1787442589,638962897,1787442589638962897,105.581977,,,,6893,6892,1,0,0,6893,AxisTarget,1,True,True,True,False,10.750199,-58.997086,91.05365,-0.031218,57.676231,10.653247,623.166992,-118.274094,516.55835,179.885956,0.284555,-179.973953,2007,False,True,
103,/kuka/axis_move/feedback_json,std_msgs/msg/String,2026-08-22T19:49:49.823731-04:00,1787442589,823712300,1787442589823712300,184.749403,,,,6894,6893,1,0,0,6894,AxisTarget,1,True,True,True,False,10.754066,-59.156113,90.920692,-0.025537,57.954655,10.655213,623.063416,-118.305946,519.209167,179.887497,0.286404,-179.968475,2008,False,True,
104,/kuka/axis_move/feedback_json,std_msgs/msg/String,2026-08-22T19:49:49.935176-04:00,1787442589,935169811,1787442589935169811,111.457511,,,,6895,6894,1,0,0,6895,AxisTarget,1,True,True,True,False,10.7544,-59.168301,90.911697,-0.0252,57.969002,10.6553,623.051514,-118.309242,519.494568,179.887665,0.286602,-179.96788,2008,False,True,
105,/kuka/axis_move/feedback_json,std_msgs/msg/String,2026-08-22T19:49:50.118872-04:00,1787442590,118866697,1787442590118866697,183.696886,,,,6896,6895,1,0,0,6896,AxisTarget,1,True,True,True,True,10.754466,-59.172958,90.907425,-0.025034,57.979576,10.655393,623.0495,-118.309471,519.542297,179.887726,0.28659,-179.967804,2009,False,True,
106,/kuka/axis_move/feedback_json,std_msgs/msg/String,2026-08-22T19:49:50.230783-04:00,1787442590,230777770,1787442590230777770,111.911073,,,,6897,6896,1,0,0,6897,AxisTarget,1,True,True,True,False,10.7545,-59.174801,90.906197,-0.025,57.980999,10.6554,623.047058,-118.309761,519.59967,179.887772,0.286575,-179.967712,2009,False,True,
107,/kuka/axis_move/feedback_json,std_msgs/msg/String,2026-08-22T19:49:50.418955-04:00,1787442590,418944597,1787442590418944597,188.166827,,,,6898,6897,1,0,0,6898,AxisTarget,1,True,True,True,True,10.738029,-59.226887,90.90461,-0.024592,57.840176,10.627,623.099365,-118.171211,520.007996,179.887894,0.394644,-179.947296,2010,False,True,
108,/kuka/axis_move/feedback_json,std_msgs/msg/String,2026-08-22T19:49:50.532674-04:00,1787442590,532666093,1787442590532666093,113.721496,,,,6899,6898,1,0,0,6899,AxisTarget,1,True,True,True,False,10.701413,-59.326405,90.902,-0.0241,57.694492,10.6019,623.255249,-117.75341,521.239258,179.888474,0.720276,-179.886063,2010,False,True,
109,/kuka/axis_move/feedback_json,std_msgs/msg/String,2026-08-22T19:49:50.644548-04:00,1787442590,644542231,1787442590644542231,111.876138,,,,6900,6899,1,0,0,6900,AxisTarget,1,True,True,True,False,10.7014,-59.326401,90.902,-0.0241,57.6945,10.6019,623.255676,-117.752205,521.242798,179.888474,0.721215,-179.88588,2010,False,True,
110,/kuka/axis_move/feedback_json,std_msgs/msg/String,2026-08-22T19:49:50.756843-04:00,1787442590,756836114,1787442590756836114,112.293883,,,,6901,6900,1,0,0,6901,AxisTarget,1,True,True,True,True,10.695682,-59.348732,90.901291,-0.023932,57.631355,10.588609,623.271179,-117.710098,521.366943,179.888535,0.754022,-179.879745,2010,False,True,
111,/kuka/axis_move/feedback_json,std_msgs/msg/String,2026-08-22T19:49:50.949079-04:00,1787442590,949052803,1787442590949052803,192.216689,,,,6902,6901,1,0,0,6902,AxisTarget,1,True,True,True,False,10.559842,-59.737377,90.890533,-0.021683,56.88604,10.449315,623.758118,-116.346169,525.388,179.892761,1.814511,-179.683731,2011,False,True,
112,/kuka/axis_move/feedback_json,std_msgs/msg/String,2026-08-22T19:49:51.138883-04:00,1787442591,138872597,1787442591138872597,189.819794,,,,6903,6902,1,0,0,6903,AxisTarget,1,True,True,True,False,10.5422,-59.781101,90.889503,-0.0215,56.835098,10.4414,623.851501,-116.073814,526.19104,179.894028,2.025768,-179.645264,2012,False,True,
113,/kuka/axis_move/feedback_json,std_msgs/msg/String,2026-08-22T19:49:51.322832-04:00,1787442591,322822548,1787442591322822548,183.949951,,,,6904,6903,1,0,0,6904,AxisTarget,1,True,True,True,True,10.5422,-59.781101,90.889503,-0.0215,56.835098,10.4414,623.851501,-116.073814,526.19104,179.894028,2.025768,-179.645264,2013,False,True,
114,/kuka/axis_move/feedback_json,std_msgs/msg/String,2026-08-22T19:49:51.439074-04:00,1787442591,439061526,1787442591439061526,116.238978,,,,6905,6904,1,0,0,6905,AxisTarget,1,True,True,True,True,10.540541,-59.787151,90.889297,-0.021446,56.813541,10.436562,623.854004,-116.066483,526.212646,179.894073,2.031449,-179.644226,2013,False,True,
115,/kuka/axis_move/feedback_json,std_msgs/msg/String,2026-08-22T19:49:51.551085-04:00,1787442591,551058992,1787442591551058992,111.997466,,,,6906,6905,1,0,0,6906,AxisTarget,1,True,True,True,False,10.492337,-59.932293,90.885078,-0.020515,56.496109,10.37459,624.008118,-115.608803,527.561584,179.896545,2.385899,-179.580093,2013,False,True,
116,/kuka/axis_move/feedback_json,std_msgs/msg/String,2026-08-22T19:49:51.666933-04:00,1787442591,666922304,1787442591666922304,115.863312,,,,6907,6906,1,0,0,6907,AxisTarget,1,True,True,True,False,10.366067,-60.29866,90.874825,-0.018327,55.775719,10.238724,624.406494,-114.372787,531.205139,179.905121,3.340815,-179.409897,2013,False,True,
117,/kuka/axis_move/feedback_json,std_msgs/msg/String,2026-08-22T19:49:51.847026-04:00,1787442591,847015686,1787442591847015686,180.093382,,,,6908,6907,1,0,0,6908,AxisTarget,1,True,True,True,False,10.2767,-60.539001,90.868599,-0.0171,55.402699,10.1739,624.744934,-113.252998,534.506897,179.915192,4.203087,-179.259384,2014,False,True,
118,/kuka/axis_move/feedback_json,std_msgs/msg/String,2026-08-22T19:49:51.958814-04:00,1787442591,958804279,1787442591958804279,111.788593,,,,6909,6908,1,0,0,6909,AxisTarget,1,True,True,True,True,10.2767,-60.539001,90.868599,-0.0171,55.402699,10.1739,624.744934,-113.252991,534.506897,179.915192,4.203091,-179.259384,2014,False,True,
119,/kuka/axis_move/feedback_json,std_msgs/msg/String,2026-08-22T19:49:52.142841-04:00,1787442592,142830983,1787442592142830983,184.026704,,,,6910,6909,1,0,0,6910,AxisTarget,1,True,True,True,False,10.2767,-60.539001,90.868599,-0.0171,55.402699,10.1739,624.744934,-113.252991,534.506897,179.915192,4.203091,-179.259384,2015,False,True,
120,/kuka/axis_move/feedback_json,std_msgs/msg/String,2026-08-22T19:49:52.259252-04:00,1787442592,259245812,1787442592259245812,116.414829,,,,6911,6910,1,0,0,6911,AxisTarget,1,True,True,True,True,10.270031,-60.561153,90.867897,-0.016932,55.340069,10.160717,624.757324,-113.210548,534.63208,179.915619,4.23572,-179.253738,2015,False,True,
121,/kuka/axis_move/feedback_json,std_msgs/msg/String,2026-08-22T19:49:52.372816-04:00,1787442592,372805534,1787442592372805534,113.559722,,,,6912,6911,1,0,0,6912,AxisTarget,1,True,True,True,False,10.203533,-60.758545,90.861946,-0.015645,54.902084,10.076179,624.94696,-112.54792,536.586121,179.922623,4.744633,-179.166367,2015,False,True,
122,/kuka/axis_move/feedback_json,std_msgs/msg/String,2026-08-22T19:49:52.486896-04:00,1787442592,486887638,1787442592486887638,114.082104,,,,6913,6912,1,0,0,6913,AxisTarget,1,True,True,True,False,10.051732,-61.199108,90.849945,-0.0131,54.054142,9.915863,625.350098,-111.042152,541.027649,179.941177,5.897722,-178.972107,2015,False,True,
123,/kuka/axis_move/feedback_json,std_msgs/msg/String,2026-08-22T19:49:52.676849-04:00,1787442592,676842796,1787442592676842796,189.955158,,,,6914,6913,1,0,0,6914,AxisTarget,1,True,True,True,False,9.905,-61.600121,90.839401,-0.011,53.397293,9.7994,625.777161,-109.260117,546.286133,179.967697,7.256472,-178.749634,2016,False,True,
124,/kuka/axis_move/feedback_json,std_msgs/msg/String,2026-08-22T19:49:52.799931-04:00,1787442592,799890773,1787442592799890773,123.047977,,,,6915,6914,1,0,0,6915,AxisTarget,1,True,True,True,False,9.905,-61.600101,90.839401,-0.011,53.397301,9.7994,625.777344,-109.259384,546.288269,179.967712,7.257029,-178.749542,2016,False,True,
125,/kuka/axis_move/feedback_json,std_msgs/msg/String,2026-08-22T19:49:52.978951-04:00,1787442592,978940593,1787442592978940593,179.04982,,,,6916,6915,1,0,0,6916,AxisTarget,1,True,True,True,True,9.905,-61.600101,90.839401,-0.011,53.397301,9.7994,625.777344,-109.259384,546.288269,179.967712,7.257029,-178.749542,2017,False,True,
126,/kuka/axis_move/feedback_json,std_msgs/msg/String,2026-08-22T19:49:53.096973-04:00,1787442593,96962232,1787442593096962232,118.021639,,,,6917,6916,1,0,0,6917,AxisTarget,1,True,True,True,True,9.90336,-61.606079,90.839195,-0.010946,53.375999,9.794621,625.778992,-109.251976,546.310181,179.967834,7.262664,-178.748642,2017,False,True,
127,/kuka/axis_move/feedback_json,std_msgs/msg/String,2026-08-22T19:49:53.215602-04:00,1787442593,215566816,1787442593215566816,118.604584,,,,6918,6917,1,0,0,6918,AxisTarget,1,True,True,True,False,9.852686,-61.76775,90.834518,-0.009917,53.024857,9.726213,625.887573,-108.758636,547.766663,179.976028,7.637795,-178.688416,2017,False,True,
128,/kuka/axis_move/feedback_json,std_msgs/msg/String,2026-08-22T19:49:53.332199-04:00,1787442593,332188704,1787442593332188704,116.621888,,,,6919,6918,1,0,0,6919,AxisTarget,1,True,True,True,False,9.723862,-62.133854,90.823753,-0.007612,52.258415,9.580459,626.16156,-107.418526,551.723999,-179.999954,8.654443,-178.527756,2017,False,True,
129,/kuka/axis_move/feedback_json,std_msgs/msg/String,2026-08-22T19:49:53.520089-04:00,1787442593,520078780,1787442593520078780,187.890076,,,,6920,6919,1,0,0,6920,AxisTarget,1,True,True,True,False,9.448755,-62.910107,90.802933,-0.003304,50.87558,9.326879,626.672424,-104.352974,560.782349,-179.935791,10.967658,-178.175598,2018,False,True,
130,/kuka/axis_move/feedback_json,std_msgs/msg/String,2026-08-22T19:49:53.702223-04:00,1787442593,702216114,1787442593702216114,182.137334,,,,6921,6920,1,0,0,6921,AxisTarget,1,True,True,True,False,9.4272,-62.964298,90.801804,-0.0031,50.819,9.318,626.713623,-104.054062,561.666016,-179.928894,11.192322,-178.142365,2019,False,True,
131,/kuka/axis_move/feedback_json,std_msgs/msg/String,2026-08-22T19:49:53.891689-04:00,1787442593,891670972,1787442593891670972,189.454858,,,,6922,6921,1,0,0,6922,AxisTarget,1,True,True,True,True,9.4272,-62.964298,90.801804,-0.0031,50.819,9.318,626.713623,-104.054062,561.666016,-179.928894,11.192322,-178.142365,2020,False,True,
132,/kuka/axis_move/feedback_json,std_msgs/msg/String,2026-08-22T19:49:54.007101-04:00,1787442594,7083186,1787442594007083186,115.412214,,,,6923,6922,1,0,0,6923,AxisTarget,1,True,True,True,True,9.426521,-62.966961,90.801704,-0.003073,50.807804,9.315377,626.713928,-104.051811,561.672668,-179.928833,11.194016,-178.142105,2020,False,True,
133,/kuka/axis_move/feedback_json,std_msgs/msg/String,2026-08-22T19:49:54.123000-04:00,1787442594,122989679,1787442594122989679,115.906493,,,,6924,6923,1,0,0,6924,AxisTarget,1,True,True,True,False,9.384176,-63.095257,90.797966,-0.002239,50.522377,9.259359,626.764282,-103.669441,562.80304,-179.91983,11.481116,-178.099884,2020,False,True,
134,/kuka/axis_move/feedback_json,std_msgs/msg/String,2026-08-22T19:49:54.240217-04:00,1787442594,240211875,1787442594240211875,117.222196,,,,6925,6924,1,0,0,6925,AxisTarget,1,True,True,True,False,9.264387,-63.444729,90.788139,-0.000118,49.819366,9.125428,626.909424,-102.438408,566.443054,-179.889618,12.403755,-177.966003,2020,False,True,
135,/kuka/axis_move/feedback_json,std_msgs/msg/String,2026-08-22T19:49:54.432396-04:00,1787442594,432373309,1787442594432373309,192.161434,,,,6926,6925,1,0,0,6926,AxisTarget,1,True,True,True,False,8.935395,-64.384087,90.762291,0.005335,48.051498,8.796266,627.18457,-98.8153,577.165649,-179.790436,15.105061,-177.589554,2021,False,True,
136,/kuka/axis_move/feedback_json,std_msgs/msg/String,2026-08-22T19:49:54.538939-04:00,1787442594,538923285,1787442594538923285,106.549976,,,,6927,6926,1,0,0,6927,AxisTarget,1,True,True,True,False,8.846218,-64.62487,90.756035,0.006578,47.672703,8.730111,627.224487,-97.658577,580.592102,-179.755722,15.963273,-177.47464,2021,False,True,
137,/kuka/axis_move/feedback_json,std_msgs/msg/String,2026-08-22T19:49:54.723707-04:00,1787442594,723690292,1787442594723690292,184.767007,,,,6928,6927,1,0,0,6928,AxisTarget,1,True,True,True,False,8.8431,-64.631699,90.755898,0.0066,47.667774,8.729486,627.226135,-97.589813,580.795837,-179.753601,16.014229,-177.46788,2022,False,True,
138,/kuka/axis_move/feedback_json,std_msgs/msg/String,2026-08-22T19:49:54.834998-04:00,1787442594,834987641,1787442594834987641,111.297349,,,,6929,6928,1,0,0,6929,AxisTarget,1,True,True,True,True,8.828837,-64.677048,90.754509,0.006919,47.552841,8.706028,627.228638,-97.478745,581.125,-179.750183,16.096544,-177.456985,2022,False,True,
139,/kuka/axis_move/feedback_json,std_msgs/msg/String,2026-08-22T19:49:54.947353-04:00,1787442594,947338000,1787442594947338000,112.350359,,,,6930,6929,1,0,0,6930,AxisTarget,1,True,True,True,False,8.748719,-64.913109,90.747803,0.008362,47.065403,8.612453,627.240234,-96.669838,583.522827,-179.72493,16.695488,-177.378326,2022,False,True,
140,/kuka/axis_move/feedback_json,std_msgs/msg/String,2026-08-22T19:49:55.060701-04:00,1787442595,60688709,1787442595060688709,113.350709,,,,6931,6930,1,0,0,6931,AxisTarget,1,True,True,True,False,8.598186,-65.349945,90.735573,0.010958,46.200169,8.448449,627.229431,-95.067131,588.276245,-179.672928,17.87952,-177.225906,2022,False,True,
141,/kuka/axis_move/feedback_json,std_msgs/msg/String,2026-08-22T19:49:55.245650-04:00,1787442595,245639160,1787442595245639160,184.950451,,,,6932,6931,1,0,0,6932,AxisTarget,1,True,True,True,False,8.254506,-66.328514,90.708694,0.016548,44.374424,8.109539,627.01001,-91.111153,600.024353,-179.534027,20.787907,-176.868271,2023,False,True,
142,/kuka/axis_move/feedback_json,std_msgs/msg/String,2026-08-22T19:49:55.360193-04:00,1787442595,360186638,1787442595360186638,114.547478,,,,6933,6932,1,0,0,6933,AxisTarget,1,True,True,True,False,8.15921,-66.586617,90.701958,0.017875,43.964321,8.037661,626.891479,-89.934372,603.52356,-179.48996,21.649467,-176.766739,2023,False,True,
143,/kuka/axis_move/feedback_json,std_msgs/msg/String,2026-08-22T19:49:55.554848-04:00,1787442595,554839716,1787442595554839716,194.653078,,,,6934,6933,1,0,0,6934,AxisTarget,1,True,True,True,True,8.1557,-66.594398,90.701797,0.0179,43.958046,8.036778,626.882935,-89.858025,603.750671,-179.487061,21.705307,-176.760239,2024,False,True,
144,/kuka/axis_move/feedback_json,std_msgs/msg/String,2026-08-22T19:49:55.670784-04:00,1787442595,670768942,1787442595670768942,115.929226,,,,6935,6934,1,0,0,6935,AxisTarget,1,True,True,True,False,8.134663,-66.660072,90.699821,0.01835,43.799484,8.004872,626.86261,-89.680229,604.279541,-179.480286,21.83532,-176.745102,2024,False,True,
145,/kuka/axis_move/feedback_json,std_msgs/msg/String,2026-08-22T19:49:55.783135-04:00,1787442595,783126654,1787442595783126654,112.357712,,,,6936,6935,1,0,0,6936,AxisTarget,1,True,True,True,False,8.040966,-66.935005,90.692039,0.02003,43.237865,7.897379,626.741455,-88.705795,607.178833,-179.442688,22.547243,-176.66304,2024,False,True,
146,/kuka/axis_move/feedback_json,std_msgs/msg/String,2026-08-22T19:49:55.895181-04:00,1787442595,895154577,1787442595895154577,112.027923,,,,6937,6936,1,0,0,6937,AxisTarget,1,True,True,True,False,7.887029,-67.381111,90.679008,0.02281,42.318642,7.723338,626.481934,-86.958954,612.380432,-179.373306,23.821043,-176.51947,2024,False,True,
147,/kuka/axis_move/feedback_json,std_msgs/msg/String,2026-08-22T19:49:56.078615-04:00,1787442596,78581203,1787442596078581203,183.426626,,,,6938,6937,1,0,0,6938,AxisTarget,1,True,True,True,False,7.53893,-68.38739,90.651947,0.028468,40.485428,7.383397,625.682373,-82.963264,624.29895,-179.205475,26.724035,-176.207489,2025,False,True,
148,/kuka/axis_move/feedback_json,std_msgs/msg/String,2026-08-22T19:49:56.195711-04:00,1787442596,195686399,1787442596195686399,117.105196,,,,6939,6938,1,0,0,6939,AxisTarget,1,True,True,True,False,7.440997,-68.637444,90.645416,0.029766,40.086655,7.313407,625.381104,-81.745232,627.938293,-179.151901,27.606356,-176.11673,2025,False,True,
149,/kuka/axis_move/feedback_json,std_msgs/msg/String,2026-08-22T19:49:56.387909-04:00,1787442596,387899912,1787442596387899912,192.213513,,,,6940,6939,1,0,0,6940,AxisTarget,1,True,True,True,True,7.4366,-68.6474,90.645203,0.0298,40.078228,7.312235,625.357239,-81.652985,628.213989,-179.147797,27.67313,-176.109924,2026,False,True,
150,/kuka/axis_move/feedback_json,std_msgs/msg/String,2026-08-22T19:49:56.502792-04:00,1787442596,502785486,1787442596502785486,114.885574,,,,6941,6940,1,0,0,6941,AxisTarget,1,True,True,True,False,7.419446,-68.701401,90.64357,0.030176,39.944908,7.285235,625.319946,-81.510498,628.639954,-179.141449,27.776258,-176.099457,2026,False,True,
151,/kuka/axis_move/feedback_json,std_msgs/msg/String,2026-08-22T19:49:56.614936-04:00,1787442596,614925820,1787442596614925820,112.140334,,,,6942,6941,1,0,0,6942,AxisTarget,1,True,True,True,False,7.332081,-68.958183,90.636299,0.031749,39.418003,7.184265,625.072021,-80.595947,631.374817,-179.100342,28.437859,-176.032867,2026,False,True,
152,/kuka/axis_move/feedback_json,std_msgs/msg/String,2026-08-22T19:49:56.732370-04:00,1787442596,732338023,1787442596732338023,117.412203,,,,6943,6942,1,0,0,6943,AxisTarget,1,True,True,True,False,7.177991,-69.40493,90.623817,0.034418,38.535206,7.017045,624.550293,-78.831497,636.656372,-179.019363,29.712719,-175.90744,2026,False,True,
153,/kuka/axis_move/feedback_json,std_msgs/msg/String,2026-08-22T19:49:56.918294-04:00,1787442596,918283113,1787442596918283113,185.94509,,,,6944,6943,1,0,0,6944,AxisTarget,1,True,True,True,False,6.824595,-70.411118,90.596222,0.040206,36.657001,6.668275,623.14624,-74.812004,648.714294,-178.826965,32.610401,-175.636002,2027,False,True,
154,/kuka/axis_move/feedback_json,std_msgs/msg/String,2026-08-22T19:49:57.105611-04:00,1787442597,105600853,1787442597105600853,187.31774,,,,6945,6944,1,0,0,6945,AxisTarget,1,True,True,True,False,6.7175,-70.700401,90.588699,0.0417,36.198399,6.5878,622.565308,-73.362,653.07373,-178.754944,33.653938,-175.542786,2028,False,True,
155,/kuka/axis_move/feedback_json,std_msgs/msg/String,2026-08-22T19:49:57.296848-04:00,1787442597,296827180,1787442597296827180,191.226327,,,,6946,6945,1,0,0,6946,AxisTarget,1,True,True,True,True,6.7175,-70.700401,90.588699,0.0417,36.198399,6.5878,622.565308,-73.362022,653.073669,-178.754944,33.653919,-175.542786,2029,False,True,
156,/kuka/axis_move/feedback_json,std_msgs/msg/String,2026-08-22T19:49:57.414899-04:00,1787442597,414893673,1787442597414893673,118.066493,,,,6947,6946,1,0,0,6947,AxisTarget,1,True,True,True,False,6.7175,-70.700401,90.588699,0.0417,36.198399,6.5878,622.565308,-73.362022,653.073669,-178.754944,33.653919,-175.542786,2029,False,True,
157,/kuka/axis_move/feedback_json,std_msgs/msg/String,2026-08-22T19:49:57.526820-04:00,1787442597,526810807,1787442597526810807,111.917134,,,,6948,6947,1,0,0,6948,AxisTarget,1,True,True,True,True,6.711253,-70.721153,90.587944,0.041878,36.132267,6.573969,622.543823,-73.310234,653.229492,-178.75235,33.691181,-175.539505,2029,False,True,
158,/kuka/axis_move/feedback_json,std_msgs/msg/String,2026-08-22T19:49:57.643238-04:00,1787442597,643229242,1787442597643229242,116.418435,,,,6949,6948,1,0,0,6949,AxisTarget,1,True,True,True,False,6.645432,-70.916405,90.582451,0.043064,35.72921,6.496221,622.247498,-72.607941,655.343018,-178.716965,34.196335,-175.49527,2029,False,True,
159,/kuka/axis_move/feedback_json,std_msgs/msg/String,2026-08-22T19:49:57.833000-04:00,1787442597,832988631,1787442597832988631,189.759389,,,,6950,6949,1,0,0,6950,AxisTarget,1,True,True,True,False,6.38452,-71.67244,90.561302,0.047536,34.237724,6.205956,620.908081,-69.675545,664.182312,-178.565918,36.30418,-175.316513,2030,False,True,
160,/kuka/axis_move/feedback_json,std_msgs/msg/String,2026-08-22T19:49:57.943121-04:00,1787442597,943113397,1787442597943113397,110.124766,,,,6951,6950,1,0,0,6951,AxisTarget,1,True,True,True,False,6.155346,-72.325073,90.543373,0.051257,33.021069,5.988173,619.59259,-67.096954,671.97522,-178.428757,38.156525,-175.167023,2030,False,True,
161,/kuka/axis_move/feedback_json,std_msgs/msg/String,2026-08-22T19:49:58.058262-04:00,1787442598,58252286,1787442598058252286,115.138889,,,,6952,6951,1,0,0,6952,AxisTarget,1,True,True,True,False,6.021158,-72.695587,90.533508,0.053242,32.392239,5.875201,618.647461,-65.385857,677.157532,-178.335587,39.385529,-175.071671,2030,False,True,
162,/kuka/axis_move/feedback_json,std_msgs/msg/String,2026-08-22T19:49:58.177204-04:00,1787442598,177191950,1787442598177191950,118.939664,,,,6953,6952,1,0,0,6953,AxisTarget,1,True,True,True,False,5.998401,-72.753403,90.532097,0.0535,32.318401,5.8633,618.439758,-65.0233,678.256775,-178.315613,39.64595,-175.051849,2030,False,True,
163,/kuka/axis_move/feedback_json,std_msgs/msg/String,2026-08-22T19:49:58.365154-04:00,1787442598,365125057,1787442598365125057,187.933107,,,,6954,6953,1,0,0,6954,AxisTarget,1,True,True,True,True,5.9984,-72.753403,90.532097,0.0535,32.318401,5.8633,618.439819,-65.023338,678.256714,-178.315613,39.645924,-175.051849,2031,False,True,
164,/kuka/axis_move/feedback_json,std_msgs/msg/String,2026-08-22T19:49:58.478460-04:00,1787442598,478449486,1787442598478449486,113.324429,,,,6955,6954,1,0,0,6955,AxisTarget,1,True,True,True,False,5.9984,-72.753403,90.532097,0.0535,32.318401,5.8633,618.439819,-65.023338,678.256714,-178.315613,39.645924,-175.051849,2031,False,True,
165,/kuka/axis_move/feedback_json,std_msgs/msg/String,2026-08-22T19:49:58.596985-04:00,1787442598,596974791,1787442598596974791,118.525305,,,,6956,6955,1,0,0,6956,AxisTarget,1,True,True,True,True,5.993147,-72.773903,90.531448,0.053657,32.260422,5.851096,618.415161,-64.980621,678.38623,-178.313263,39.676609,-175.049515,2031,False,True,
166,/kuka/axis_move/feedback_json,std_msgs/msg/String,2026-08-22T19:49:58.710922-04:00,1787442598,710911722,1787442598710911722,113.936931,,,,6957,6956,1,0,0,6957,AxisTarget,1,True,True,True,False,5.927176,-72.966866,90.52594,0.054859,31.854696,5.772778,618.003235,-64.275848,680.524231,-178.274231,40.182861,-175.011398,2031,False,True,
167,/kuka/axis_move/feedback_json,std_msgs/msg/String,2026-08-22T19:49:58.895026-04:00,1787442598,895013928,1787442598895013928,184.102206,,,,6958,6957,1,0,0,6958,AxisTarget,1,True,True,True,False,5.67647,-73.693443,90.505646,0.059196,30.420322,5.501129,616.253662,-61.453964,689.101135,-178.115067,42.210625,-174.863754,2032,False,True,
168,/kuka/axis_move/feedback_json,std_msgs/msg/String,2026-08-22T19:49:59.079139-04:00,1787442599,79121214,1787442599079121214,184.107286,,,,6959,6958,1,0,0,6959,AxisTarget,1,True,True,True,False,5.344133,-74.633575,90.480026,0.064534,28.699734,5.18376,613.553284,-57.536217,701.055725,-177.886688,45.029583,-174.67157,2033,False,True,
169,/kuka/axis_move/feedback_json,std_msgs/msg/String,2026-08-22T19:49:59.190986-04:00,1787442599,190980188,1787442599190980188,111.858974,,,,6960,6959,1,0,0,6960,AxisTarget,1,True,True,True,False,5.280714,-74.803398,90.475655,0.065395,28.439278,5.138783,612.941345,-56.708172,703.589844,-177.837326,45.626217,-174.632813,2033,False,True,
170,/kuka/axis_move/feedback_json,std_msgs/msg/String,2026-08-22T19:49:59.382860-04:00,1787442599,382851157,1787442599382851157,191.870969,,,,6961,6960,1,0,0,6961,AxisTarget,1,True,True,True,True,5.2793,-74.806297,90.475601,0.0654,28.4384,5.1387,612.919678,-56.679176,703.678589,-177.835587,45.647118,-174.63147,2034,False,True,
171,/kuka/axis_move/feedback_json,std_msgs/msg/String,2026-08-22T19:49:59.494683-04:00,1787442599,494653415,1787442599494653415,111.802258,,,,6962,6961,1,0,0,6962,AxisTarget,1,True,True,True,False,5.2793,-74.806297,90.475601,0.0654,28.4384,5.1387,612.919678,-56.679176,703.678589,-177.835587,45.647118,-174.63147,2034,False,True,
172,/kuka/axis_move/feedback_json,std_msgs/msg/String,2026-08-22T19:49:59.607049-04:00,1787442599,607022017,1787442599607022017,112.368602,,,,6963,6962,1,0,0,6963,AxisTarget,1,True,True,True,True,5.279186,-74.807152,90.475563,0.06541,28.43372,5.137533,612.919434,-56.678822,703.679688,-177.835571,45.647373,-174.631439,2034,False,True,
173,/kuka/axis_move/feedback_json,std_msgs/msg/String,2026-08-22T19:49:59.720695-04:00,1787442599,720683781,1787442599720683781,113.661764,,,,6964,6963,1,0,0,6964,AxisTarget,1,True,True,True,False,5.249027,-74.899315,90.472847,0.06602,28.222445,5.095702,612.711853,-56.40263,704.525635,-177.819016,45.846466,-174.618668,2034,False,True,
174,/kuka/axis_move/feedback_json,std_msgs/msg/String,2026-08-22T19:49:59.908317-04:00,1787442599,908301565,1787442599908301565,187.617784,,,,6965,6964,1,0,0,6965,AxisTarget,1,True,True,True,False,5.04853,-75.48304,90.456444,0.069534,27.055269,4.873789,610.957947,-54.14986,711.437134,-177.682404,47.472046,-174.517014,2035,False,True,
175,/kuka/axis_move/feedback_json,std_msgs/msg/String,2026-08-22T19:50:00.100922-04:00,1787442600,100910220,1787442600100910220,192.608655,,,,6966,6965,1,0,0,6966,AxisTarget,1,True,True,True,False,4.706497,-76.460136,90.429016,0.075294,25.180817,4.524635,607.626587,-50.213478,723.56604,-177.437073,50.321152,-174.350403,2036,False,True,
176,/kuka/axis_move/feedback_json,std_msgs/msg/String,2026-08-22T19:50:00.211004-04:00,1787442600,210988076,1787442600210988076,110.077856,,,,6967,6966,1,0,0,6967,AxisTarget,1,True,True,True,False,4.576514,-76.818504,90.419975,0.077123,24.607563,4.421942,606.200256,-48.642841,728.425293,-177.336853,51.461723,-174.287781,2036,False,True,
177,/kuka/axis_move/feedback_json,std_msgs/msg/String,2026-08-22T19:50:00.323070-04:00,1787442600,323061484,1787442600323061484,112.073408,,,,6968,6967,1,0,0,6968,AxisTarget,1,True,True,True,False,4.560201,-76.859299,90.418999,0.0773,24.558399,4.4142,605.951477,-48.375069,729.254883,-177.319626,51.656418,-174.277313,2036,False,True,
178,/kuka/axis_move/feedback_json,std_msgs/msg/String,2026-08-22T19:50:00.515320-04:00,1787442600,515290295,1787442600515290295,192.228811,,,,6969,6968,1,0,0,6969,AxisTarget,1,True,True,True,True,4.5602,-76.859299,90.418999,0.0773,24.558399,4.4142,605.951477,-48.37508,729.254883,-177.319626,51.65641,-174.277328,2037,False,True,
179,/kuka/axis_move/feedback_json,std_msgs/msg/String,2026-08-22T19:50:00.630961-04:00,1787442600,630951206,1787442600630951206,115.660911,,,,6970,6969,1,0,0,6970,AxisTarget,1,True,True,True,False,4.5602,-76.859299,90.418999,0.0773,24.558399,4.4142,605.951477,-48.37508,729.254883,-177.319626,51.65641,-174.277328,2037,False,True,
180,/kuka/axis_move/feedback_json,std_msgs/msg/String,2026-08-22T19:50:00.742681-04:00,1787442600,742675277,1787442600742675277,111.724071,,,,6971,6970,1,0,0,6971,AxisTarget,1,True,True,True,True,4.554163,-76.879356,90.418365,0.077452,24.501686,4.400831,605.90509,-48.325352,729.408936,-177.316422,51.692577,-174.275391,2037,False,True,
181,/kuka/axis_move/feedback_json,std_msgs/msg/String,2026-08-22T19:50:00.857011-04:00,1787442600,857004685,1787442600857004685,114.329408,,,,6972,6971,1,0,0,6972,AxisTarget,1,True,True,True,False,4.490503,-77.068199,90.412971,0.078619,24.104607,4.325624,605.305542,-47.688068,731.384888,-177.275284,52.156265,-174.250793,2037,False,True,
182,/kuka/axis_move/feedback_json,std_msgs/msg/String,2026-08-22T19:50:01.042999-04:00,1787442601,42991503,1787442601042991503,185.986818,,,,6973,6972,1,0,0,6973,AxisTarget,1,True,True,True,False,4.237602,-77.801147,90.392502,0.082957,22.657812,4.051659,602.592224,-44.92099,739.988037,-177.094101,54.174942,-174.148102,2038,False,True,
183,/kuka/axis_move/feedback_json,std_msgs/msg/String,2026-08-22T19:50:01.231451-04:00,1787442601,231442443,1787442601231442443,188.45094,,,,6974,6973,1,0,0,6974,AxisTarget,1,True,True,True,False,3.914204,-78.716377,90.367554,0.088114,20.980835,3.742241,598.538635,-41.096165,751.94751,-176.836884,56.981731,-174.01712,2039,False,True,
184,/kuka/axis_move/feedback_json,std_msgs/msg/String,2026-08-22T19:50:01.344380-04:00,1787442601,344360718,1787442601344360718,112.918275,,,,6975,6974,1,0,0,6975,AxisTarget,1,True,True,True,False,3.843309,-78.907524,90.362602,0.089086,20.681637,3.689938,597.537354,-40.200802,754.759216,-176.775528,57.641926,-173.988312,2039,False,True,
185,/kuka/axis_move/feedback_json,std_msgs/msg/String,2026-08-22T19:50:01.526847-04:00,1787442601,526840534,1787442601526840534,182.479816,,,,6976,6975,1,0,0,6976,AxisTarget,1,True,True,True,True,3.841099,-78.912315,90.362503,0.089101,20.67807,3.689587,597.491089,-40.159855,754.887878,-176.772705,57.67215,-173.987,2040,False,True,
186,/kuka/axis_move/feedback_json,std_msgs/msg/String,2026-08-22T19:50:01.638801-04:00,1787442601,638790410,1787442601638790410,111.949876,,,,6977,6976,1,0,0,6977,AxisTarget,1,True,True,True,False,3.823219,-78.968346,90.360817,0.089487,20.541363,3.661999,597.322388,-40.01088,755.356262,-176.762451,57.782131,-173.982285,2040,False,True,
187,/kuka/axis_move/feedback_json,std_msgs/msg/String,2026-08-22T19:50:01.750771-04:00,1787442601,750763899,1787442601750763899,111.973489,,,,6978,6977,1,0,0,6978,AxisTarget,1,True,True,True,False,3.746214,-79.194687,90.354393,0.090945,20.053329,3.568492,596.363525,-39.173496,757.991333,-176.704605,58.401043,-173.9561,2040,False,True,
188,/kuka/axis_move/feedback_json,std_msgs/msg/String,2026-08-22T19:50:01.864795-04:00,1787442601,864788324,1787442601864788324,114.024425,,,,6979,6978,1,0,0,6979,AxisTarget,1,True,True,True,False,3.602375,-79.611885,90.342712,0.093368,19.251434,3.409764,594.513794,-37.600742,762.952148,-176.59491,59.566757,-173.908585,2040,False,True,
189,/kuka/axis_move/feedback_json,std_msgs/msg/String,2026-08-22T19:50:02.047444-04:00,1787442602,47405769,1787442602047405769,182.617445,,,,6980,6979,1,0,0,6980,AxisTarget,1,True,True,True,False,3.258307,-80.593498,90.315681,0.099039,17.407217,3.073237,589.698669,-33.742779,775.189758,-176.32019,62.446331,-173.801376,2041,False,True,
190,/kuka/axis_move/feedback_json,std_msgs/msg/String,2026-08-22T19:50:02.162795-04:00,1787442602,162789980,1787442602162789980,115.384211,,,,6981,6980,1,0,0,6981,AxisTarget,1,True,True,True,False,3.141027,-80.91713,90.307068,0.100785,16.859154,2.974844,587.897339,-32.377754,779.544495,-176.221085,63.472736,-173.766678,2041,False,True,
191,/kuka/axis_move/feedback_json,std_msgs/msg/String,2026-08-22T19:50:02.277421-04:00,1787442602,277410765,1787442602277410765,114.620785,,,,6982,6981,1,0,0,6982,AxisTarget,1,True,True,True,False,3.122,-80.965302,90.305901,0.101,16.798401,2.9651,587.504395,-32.085159,780.479675,-176.199707,63.693306,-173.759476,2041,False,True,
192,/kuka/axis_move/feedback_json,std_msgs/msg/String,2026-08-22T19:50:02.468492-04:00,1787442602,468481149,1787442602468481149,191.070384,,,,6983,6982,1,0,0,6983,AxisTarget,1,True,True,True,True,3.122,-80.965302,90.305901,0.101,16.798401,2.9651,587.504395,-32.085171,780.479675,-176.199722,63.693302,-173.759476,2042,False,True,
193,/kuka/axis_move/feedback_json,std_msgs/msg/String,2026-08-22T19:50:02.582848-04:00,1787442602,582841405,1787442602582841405,114.360256,,,,6984,6983,1,0,0,6984,AxisTarget,1,True,True,True,False,3.122,-80.965302,90.305901,0.101,16.798401,2.9651,587.504395,-32.085171,780.479675,-176.199722,63.693302,-173.759476,2042,False,True,
194,/kuka/axis_move/feedback_json,std_msgs/msg/String,2026-08-22T19:50:02.694790-04:00,1787442602,694783856,1787442602694783856,111.942451,,,,6985,6984,1,0,0,6985,AxisTarget,1,True,True,True,True,3.116957,-80.984985,90.305275,0.10115,16.742731,2.953383,587.451538,-32.045937,780.605103,-176.196838,63.722889,-173.758514,2042,False,True,
195,/kuka/axis_move/feedback_json,std_msgs/msg/String,2026-08-22T19:50:02.806749-04:00,1787442602,806739081,1787442602806739081,111.955225,,,,6986,6985,1,0,0,6986,AxisTarget,1,True,True,True,False,3.056884,-81.160706,90.300255,0.102247,16.372509,2.881879,586.667603,-31.467987,782.454285,-176.15448,64.159187,-173.744522,2042,False,True,
196,/kuka/axis_move/feedback_json,std_msgs/msg/String,2026-08-22T19:50:02.998820-04:00,1787442602,998811939,1787442602998811939,192.072858,,,,6987,6986,1,0,0,6987,AxisTarget,1,True,True,True,False,2.811979,-81.870682,90.280411,0.106488,14.96963,2.61612,583.053406,-28.890421,790.732544,-175.963409,66.115135,-173.68605,2043,False,True,
197,/kuka/axis_move/feedback_json,std_msgs/msg/String,2026-08-22T19:50:03.190945-04:00,1787442603,190934269,1787442603190934269,192.12233,,,,6988,6987,1,0,0,6988,AxisTarget,1,True,True,True,False,2.479361,-82.812614,90.254707,0.111851,13.218405,2.292773,577.507568,-25.185335,802.7276,-175.682938,68.958588,-173.613815,2044,False,True,
198,/kuka/axis_move/feedback_json,std_msgs/msg/String,2026-08-22T19:50:03.302700-04:00,1787442603,302692514,1787442603302692514,111.758245,,,,6989,6988,1,0,0,6989,AxisTarget,1,True,True,True,False,2.406169,-83.010796,90.24955,0.112876,12.923181,2.241201,576.052795,-24.258482,805.747131,-175.611771,69.676384,-173.598083,2044,False,True,
199,/kuka/axis_move/feedback_json,std_msgs/msg/String,2026-08-22T19:50:03.486387-04:00,1787442603,486357828,1787442603486357828,183.665314,,,,6990,6989,1,0,0,6990,AxisTarget,1,True,True,True,False,2.403,-83.017899,90.249397,0.1129,12.919176,2.240687,575.969177,-24.205748,805.919189,-175.607712,69.717308,-173.597214,2045,False,True,
200,/kuka/axis_move/feedback_json,std_msgs/msg/String,2026-08-22T19:50:03.596458-04:00,1787442603,596447247,1787442603596447247,110.089419,,,,6991,6990,1,0,0,6991,AxisTarget,1,True,True,True,True,2.390075,-83.058998,90.248138,0.11319,12.814996,2.219421,575.814514,-24.108353,806.237,-175.60022,69.792915,-173.595627,2045,False,True,
201,/kuka/axis_move/feedback_json,std_msgs/msg/String,2026-08-22T19:50:03.711518-04:00,1787442603,711498151,1787442603711498151,115.050904,,,,6992,6991,1,0,0,6992,AxisTarget,1,True,True,True,False,2.317299,-83.273422,90.242043,0.114507,12.349822,2.130136,574.617798,-23.361223,808.67804,-175.542557,70.373985,-173.583817,2045,False,True,
202,/kuka/axis_move/feedback_json,std_msgs/msg/String,2026-08-22T19:50:03.826898-04:00,1787442603,826888583,1787442603826888583,115.390432,,,,6993,6992,1,0,0,6993,AxisTarget,1,True,True,True,False,2.174068,-83.689041,90.2304,0.116986,11.513824,1.971676,572.287903,-21.93856,813.341064,-175.432159,71.48568,-173.563217,2045,False,True,
203,/kuka/axis_move/feedback_json,std_msgs/msg/String,2026-08-22T19:50:04.013728-04:00,1787442604,13718295,1787442604013718295,186.829712,,,,6994,6993,1,0,0,6994,AxisTarget,1,True,True,True,False,1.851183,-84.608345,90.205139,0.122261,9.832355,1.659509,566.260498,-18.43947,824.897095,-175.158203,74.251587,-173.524399,2046,False,True,
204,/kuka/axis_move/feedback_json,std_msgs/msg/String,2026-08-22T19:50:04.206665-04:00,1787442604,206659625,1787442604206659625,192.94133,,,,6995,6994,1,0,0,6995,AxisTarget,1,True,True,True,False,1.742502,-84.90361,90.197403,0.1238,9.355301,1.5752,563.99469,-17.186272,829.068054,-175.059708,75.254074,-173.515244,2047,False,True,
205,/kuka/axis_move/feedback_json,std_msgs/msg/String,2026-08-22T19:50:04.394633-04:00,1787442604,394623098,1787442604394623098,187.963473,,,,6996,6995,1,0,0,6996,AxisTarget,1,True,True,True,True,1.7425,-84.903603,90.197403,0.1238,9.3553,1.5752,563.993835,-17.185785,829.069702,-175.059662,75.254463,-173.515228,2048,False,True,
206,/kuka/axis_move/feedback_json,std_msgs/msg/String,2026-08-22T19:50:04.504429-04:00,1787442604,504417832,1787442604504417832,109.794734,,,,6997,6996,1,0,0,6997,AxisTarget,1,True,True,True,False,1.7425,-84.903603,90.197403,0.1238,9.3553,1.5752,563.993835,-17.185785,829.069702,-175.059662,75.254463,-173.515228,2048,False,True,
207,/kuka/axis_move/feedback_json,std_msgs/msg/String,2026-08-22T19:50:04.614833-04:00,1787442604,614823715,1787442604614823715,110.405883,,,,6998,6997,1,0,0,6998,AxisTarget,1,True,True,True,True,1.740682,-84.91011,90.197182,0.123856,9.333062,1.570267,563.97821,-17.177246,829.098145,-175.05899,75.261314,-173.515182,2048,False,True,
208,/kuka/axis_move/feedback_json,std_msgs/msg/String,2026-08-22T19:50:04.727006-04:00,1787442604,726997491,1787442604726997491,112.173776,,,,6999,6998,1,0,0,6999,AxisTarget,1,True,True,True,False,1.699561,-85.033821,90.193382,0.124689,9.047002,1.514523,563.267944,-16.790993,830.387146,-175.028671,75.571617,-173.512955,2048,False,True,
209,/kuka/axis_move/feedback_json,std_msgs/msg/String,2026-08-22T19:50:04.910979-04:00,1787442604,910970473,1787442604910970473,183.972982,,,,7000,6999,1,0,0,7000,AxisTarget,1,True,True,True,False,1.492421,-85.635704,90.176773,0.128223,7.865835,1.290335,559.486084,-14.784269,837.112183,-174.871826,77.194496,-173.506439,2049,False,True,
210,/kuka/axis_move/feedback_json,std_msgs/msg/String,2026-08-22T19:50:05.023406-04:00,1787442605,23376446,1787442605023376446,112.405973,,,,7001,7000,1,0,0,7001,AxisTarget,1,True,True,True,False,1.302612,-86.174568,90.162056,0.131277,6.870899,1.106429,555.629272,-12.819922,843.743652,-174.720917,78.801666,-173.509949,2049,False,True,
211,/kuka/axis_move/feedback_json,std_msgs/msg/String,2026-08-22T19:50:05.134925-04:00,1787442605,134918414,1787442605134918414,111.541968,,,,7002,7001,1,0,0,7002,AxisTarget,1,True,True,True,False,1.2036,-86.447243,90.154839,0.13273,6.412154,1.024293,553.329895,-11.685828,847.595337,-174.636154,79.73851,-173.517731,2049,False,True,
212,/kuka/axis_move/feedback_json,std_msgs/msg/String,2026-08-22T19:50:05.249900-04:00,1787442605,249877465,1787442605249877465,114.959051,,,,7003,7002,1,0,0,7003,AxisTarget,1,True,True,True,False,1.1881,-86.486198,90.1539,0.1329,6.364299,1.0167,552.922729,-11.487764,848.269836,-174.621628,79.902832,-173.519623,2049,False,True,
213,/kuka/axis_move/feedback_json,std_msgs/msg/String,2026-08-22T19:50:05.432991-04:00,1787442605,432976324,1787442605432976324,183.098859,,,,7004,7003,1,0,0,7004,AxisTarget,1,True,True,True,True,1.1881,-86.486198,90.1539,0.1329,6.3643,1.0167,552.922729,-11.487765,848.269836,-174.621628,79.902832,-173.519623,2050,False,True,
214,/kuka/axis_move/feedback_json,std_msgs/msg/String,2026-08-22T19:50:05.548209-04:00,1787442605,548198490,1787442605548198490,115.222166,,,,7005,7004,1,0,0,7005,AxisTarget,1,True,True,True,False,1.1881,-86.486198,90.1539,0.1329,6.3643,1.0167,552.922729,-11.487765,848.269836,-174.621628,79.902832,-173.519623,2050,False,True,
215,/kuka/axis_move/feedback_json,std_msgs/msg/String,2026-08-22T19:50:05.665918-04:00,1787442605,665877564,1787442605665877564,117.679074,,,,7006,7005,1,0,0,7006,AxisTarget,1,True,True,True,True,1.183296,-86.504959,90.153305,0.133043,6.311212,1.005526,552.852661,-11.453789,848.38562,-174.619125,79.931046,-173.519958,2050,False,True,
216,/kuka/axis_move/feedback_json,std_msgs/msg/String,2026-08-22T19:50:05.776229-04:00,1787442605,776218535,1787442605776218535,110.340971,,,,7007,7006,1,0,0,7007,AxisTarget,1,True,True,True,False,1.125721,-86.673462,90.148209,0.13415,5.936847,0.933251,551.747925,-10.92102,850.20343,-174.580505,80.374336,-173.525925,2050,False,True,
217,/kuka/axis_move/feedback_json,std_msgs/msg/String,2026-08-22T19:50:05.954845-04:00,1787442605,954836963,1787442605954836963,178.618428,,,,7008,7007,1,0,0,7008,AxisTarget,1,True,True,True,False,0.897712,-87.332756,90.130074,0.137993,4.668483,0.694296,547.018738,-8.705546,857.806824,-174.43103,82.235107,-173.568222,2051,False,True,
218,/kuka/axis_move/feedback_json,std_msgs/msg/String,2026-08-22T19:50:06.066860-04:00,1787442606,66850858,1787442606066850858,112.013895,,,,7009,7008,1,0,0,7009,AxisTarget,1,True,True,True,False,0.773979,-87.676735,90.120842,0.139872,4.060312,0.584306,544.177185,-7.42283,862.243042,-174.358368,83.326042,-173.611389,2051,False,True,
219,/kuka/axis_move/feedback_json,std_msgs/msg/String,2026-08-22T19:50:06.180614-04:00,1787442606,180605034,1787442606180605034,113.754176,,,,7010,7009,1,0,0,7010,AxisTarget,1,True,True,True,False,0.740007,-87.765701,90.118599,0.1403,3.946197,0.5652,543.295837,-7.032013,863.599854,-174.339554,83.660515,-173.628586,2051,False,True,
220,/kuka/axis_move/feedback_json,std_msgs/msg/String,2026-08-22T19:50:06.362845-04:00,1787442606,362832696,1787442606362832696,182.227662,,,,7011,7010,1,0,0,7011,AxisTarget,1,True,True,True,True,0.74,-87.765701,90.118599,0.1403,3.9462,0.5652,543.292969,-7.030738,863.604309,-174.339493,83.661606,-173.628632,2052,False,True,
221,/kuka/axis_move/feedback_json,std_msgs/msg/String,2026-08-22T19:50:06.478875-04:00,1787442606,478868962,1787442606478868962,116.036266,,,,7012,7011,1,0,0,7012,AxisTarget,1,True,True,True,False,0.74,-87.765701,90.118599,0.1403,3.9462,0.5652,543.292969,-7.030738,863.604309,-174.339493,83.661606,-173.628632,2052,False,True,
222,/kuka/axis_move/feedback_json,std_msgs/msg/String,2026-08-22T19:50:06.592211-04:00,1787442606,592180677,1787442606592180677,113.311715,,,,7013,7012,1,0,0,7013,AxisTarget,1,True,True,True,True,0.738623,-87.770721,90.118423,0.140345,3.92829,0.561179,543.280212,-7.025111,863.62384,-174.339233,83.666428,-173.628906,2052,False,True,
223,/kuka/axis_move/feedback_json,std_msgs/msg/String,2026-08-22T19:50:06.706797-04:00,1787442606,706786834,1787442606706786834,114.606157,,,,7014,7013,1,0,0,7014,AxisTarget,1,True,True,True,False,0.698246,-87.892342,90.114899,0.141131,3.661936,0.506111,542.476196,-6.671359,864.85376,-174.324066,83.969978,-173.646622,2052,False,True,
224,/kuka/axis_move/feedback_json,std_msgs/msg/String,2026-08-22T19:50:06.890677-04:00,1787442606,890668345,1787442606890668345,183.881511,,,,7015,7014,1,0,0,7015,AxisTarget,1,True,True,True,False,0.495597,-88.477135,90.098625,0.144609,2.52709,0.295778,538.13446,-4.806637,871.371887,-174.288223,85.584221,-173.789001,2053,False,True,
225,/kuka/axis_move/feedback_json,std_msgs/msg/String,2026-08-22T19:50:07.078373-04:00,1787442607,78343416,1787442607078343416,187.675071,,,,7016,7015,1,0,0,7016,AxisTarget,1,True,True,True,False,0.398011,-88.741905,90.091698,0.146,2.101086,0.220599,535.542114,-3.728477,875.168457,-174.331894,86.528931,-173.939499,2054,False,True,
226,/kuka/axis_move/feedback_json,std_msgs/msg/String,2026-08-22T19:50:07.264466-04:00,1787442607,264449307,1787442607264449307,186.105891,,,,7017,7016,1,0,0,7017,AxisTarget,1,True,True,True,True,0.398,-88.741898,90.091698,0.146,2.1011,0.2206,535.539978,-3.727614,875.171509,-174.33197,86.529686,-173.939651,2055,False,True,
227,/kuka/axis_move/feedback_json,std_msgs/msg/String,2026-08-22T19:50:07.377007-04:00,1787442607,376995001,1787442607376995001,112.545694,,,,7018,7017,1,0,0,7018,AxisTarget,1,True,True,True,False,0.398,-88.741898,90.091698,0.146,2.1011,0.2206,535.539978,-3.727614,875.171509,-174.33197,86.529686,-173.939651,2055,False,True,
228,/kuka/axis_move/feedback_json,std_msgs/msg/String,2026-08-22T19:50:07.493033-04:00,1787442607,493024545,1787442607493024545,116.029544,,,,7019,7018,1,0,0,7019,AxisTarget,1,True,True,True,True,0.396955,-88.746864,90.09153,0.146045,2.083378,0.216622,535.526794,-3.722196,875.190674,-174.332397,86.534462,-173.940628,2055,False,True,
229,/kuka/axis_move/feedback_json,std_msgs/msg/String,2026-08-22T19:50:07.610409-04:00,1787442607,610400178,1787442607610400178,117.375633,,,,7020,7019,1,0,0,7020,AxisTarget,1,True,True,True,False,0.356697,-88.867233,90.088043,0.146816,1.819796,0.165154,534.694397,-3.381607,876.394958,-174.365524,86.834839,-174.008102,2055,False,True,
230,/kuka/axis_move/feedback_json,std_msgs/msg/String,2026-08-22T19:50:07.798801-04:00,1787442607,798790152,1787442607798790152,188.389974,,,,7021,7020,1,0,0,7021,AxisTarget,1,True,True,True,False,0.182921,-89.362198,90.074493,0.149658,0.898319,-0.005604,530.652893,-1.763823,882.145691,-174.853806,88.274063,-174.663605,2056,False,True,
231,/kuka/axis_move/feedback_json,std_msgs/msg/String,2026-08-22T19:50:07.910753-04:00,1787442607,910746920,1787442607910746920,111.956768,,,,7022,7021,1,0,0,7022,AxisTarget,1,True,True,True,False,0.1623,-89.415001,90.073196,0.1499,0.829001,-0.0169,529.990784,-1.504318,883.072998,-175.051956,88.506874,-174.889221,2056,False,True,
232,/kuka/axis_move/feedback_json,std_msgs/msg/String,2026-08-22T19:50:08.096923-04:00,1787442608,96915589,1787442608096915589,186.168669,,,,7023,7022,1,0,0,7023,AxisTarget,1,True,True,True,True,0.1623,-89.415001,90.073196,0.1499,0.829,-0.0169,529.990784,-1.504321,883.072998,-175.051956,88.506866,-174.889206,2057,False,True,
233,/kuka/axis_move/feedback_json,std_msgs/msg/String,2026-08-22T19:50:08.210327-04:00,1787442608,210299640,1787442608210299640,113.384051,,,,7024,7023,1,0,0,7024,AxisTarget,1,True,True,True,False,0.1623,-89.415001,90.073196,0.1499,0.829,-0.0169,529.990784,-1.504321,883.072998,-175.051956,88.506866,-174.889206,2057,False,True,
234,/kuka/axis_move/feedback_json,std_msgs/msg/String,2026-08-22T19:50:08.324994-04:00,1787442608,324968395,1787442608324968395,114.668755,,,,7025,7024,1,0,0,7025,AxisTarget,1,True,True,True,True,0.159621,-89.424316,90.072891,0.149989,0.794611,-0.024308,529.949524,-1.48818,883.130676,-175.066696,88.521362,-174.90567,2057,False,True,
235,/kuka/axis_move/feedback_json,std_msgs/msg/String,2026-08-22T19:50:08.440332-04:00,1787442608,440324372,1787442608440324372,115.355977,,,,7026,7025,1,0,0,7026,AxisTarget,1,True,True,True,False,0.107643,-89.579468,90.068428,0.150932,0.468601,-0.087382,528.882874,-1.073381,884.615479,-175.594757,88.894547,-175.478012,2057,False,True,
236,/kuka/axis_move/feedback_json,std_msgs/msg/String,2026-08-22T19:50:08.623264-04:00,1787442608,623252540,1787442608623252540,182.928168,,,,7027,7026,1,0,0,7027,AxisTarget,1,True,True,True,False,0.032696,-89.785011,90.063004,0.152,0.129802,-0.1475,526.870117,-0.301185,887.38916,-179.400421,89.592171,-179.367401,2058,False,True,
237,/kuka/axis_move/feedback_json,std_msgs/msg/String,2026-08-22T19:50:08.810738-04:00,1787442608,810715813,1787442608810715813,187.463273,,,,7028,7027,1,0,0,7028,AxisTarget,1,True,True,True,False,0.0327,-89.785004,90.063004,0.152,0.1298,-0.1475,526.870117,-0.301178,887.38916,-179.400528,89.592178,-179.367493,2059,False,True,
238,/kuka/axis_move/feedback_json,std_msgs/msg/String,2026-08-22T19:50:08.927085-04:00,1787442608,927048506,1787442608927048506,116.332693,,,,7029,7028,1,0,0,7029,AxisTarget,1,True,True,True,True,0.030974,-89.791168,90.06279,0.152059,0.108719,-0.152988,526.851318,-0.294019,887.414856,-179.498703,89.598633,-179.466461,2059,False,True,
239,/kuka/axis_move/feedback_json,std_msgs/msg/String,2026-08-22T19:50:09.038982-04:00,1787442609,38972482,1787442609038972482,111.923976,,,,7030,7029,1,0,0,7030,AxisTarget,1,True,True,True,False,0.006009,-89.862396,90.060822,0.152497,-0.018374,-0.175167,526.241516,-0.062216,888.248291,173.748657,89.806511,173.755447,2059,False,True,
240,/kuka/axis_move/feedback_json,std_msgs/msg/String,2026-08-22T19:50:09.153284-04:00,1787442609,153259650,1787442609153259650,114.287168,,,,7031,7030,1,0,0,7031,AxisTarget,1,True,True,True,False,0.0051,-89.863602,90.060799,0.1525,-0.0188,-0.1752,526.200745,-0.046768,888.303894,172.743301,89.820168,172.748383,2059,False,True,
241,/kuka/axis_move/feedback_json,std_msgs/msg/String,2026-08-22T19:50:09.335000-04:00,1787442609,334988263,1787442609334988263,181.728613,,,,7032,7031,1,0,0,7032,AxisTarget,1,True,True,True,False,0.0051,-89.863602,90.060799,0.1525,-0.0188,-0.1752,526.200745,-0.046768,888.303894,172.743301,89.820168,172.748383,2060,False,True,
242,/kuka/axis_move/feedback_json,std_msgs/msg/String,2026-08-22T19:50:09.448944-04:00,1787442609,448931995,1787442609448931995,113.943732,,,,7033,7032,1,0,0,7033,AxisTarget,1,False,True,True,False,0.0051,-89.863602,90.060799,0.1525,-0.0188,-0.1752,526.200745,-0.046768,888.303894,172.743301,89.820168,172.748383,2060,False,True,
243,/kuka/axis_move/feedback_json,std_msgs/msg/String,2026-08-22T19:50:09.560603-04:00,1787442609,560591634,1787442609560591634,111.659639,,,,7034,7033,1,0,0,7034,AxisTarget,1,False,True,True,False,0.0051,-89.863602,90.060799,0.1525,-0.0188,-0.1752,526.200745,-0.046768,888.303894,172.743301,89.820168,172.748383,2060,False,True,
244,/kuka/axis_move/feedback_json,std_msgs/msg/String,2026-08-22T19:50:09.674981-04:00,1787442609,674974422,1787442609674974422,114.382788,,,,7035,7034,1,0,0,7035,AxisTarget,1,False,True,True,False,0.0051,-89.863602,90.060799,0.1525,-0.0188,-0.1752,526.200745,-0.046768,888.303894,172.743301,89.820168,172.748383,2060,False,True,
245,/kuka/axis_move/feedback_json,std_msgs/msg/String,2026-08-22T19:50:09.862944-04:00,1787442609,862935931,1787442609862935931,187.961509,,,,7036,7035,1,0,0,7036,AxisTarget,1,False,True,True,False,0.0051,-89.863602,90.060799,0.1525,-0.0188,-0.1752,526.200745,-0.046768,888.303894,172.743301,89.820168,172.748383,2061,False,True,
246,/kuka/axis_move/feedback_json,std_msgs/msg/String,2026-08-22T19:50:09.979299-04:00,1787442609,979285796,1787442609979285796,116.349865,,,,7037,7036,1,0,0,7037,AxisTarget,1,False,True,True,False,0.0051,-89.863602,90.060799,0.1525,-0.0188,-0.1752,526.200745,-0.046768,888.303894,172.743301,89.820168,172.748383,2061,False,True,
247,/kuka/axis_move/feedback_json,std_msgs/msg/String,2026-08-22T19:50:10.094892-04:00,1787442610,94882826,1787442610094882826,115.59703,,,,7038,7037,1,0,0,7038,AxisTarget,1,False,True,True,False,0.0051,-89.863602,90.060799,0.1525,-0.0188,-0.1752,526.200745,-0.046768,888.303894,172.743301,89.820168,172.748383,2061,False,True,
248,/kuka/axis_move/feedback_json,std_msgs/msg/String,2026-08-22T19:50:10.211955-04:00,1787442610,211946272,1787442610211946272,117.063446,,,,7039,7038,1,0,0,7039,AxisTarget,1,False,True,True,False,0.0051,-89.863602,90.060799,0.1525,-0.0188,-0.1752,526.200745,-0.046768,888.303894,172.743301,89.820168,172.748383,2061,False,True,
249,/kuka/axis_move/feedback_json,std_msgs/msg/String,2026-08-22T19:50:10.403720-04:00,1787442610,403696793,1787442610403696793,191.750521,,,,7040,7039,1,0,0,7040,AxisTarget,1,False,True,True,False,0.0051,-89.863602,90.060799,0.1525,-0.0188,-0.1752,526.200745,-0.046768,888.303894,172.743301,89.820168,172.748383,2062,False,True,
250,/kuka/axis_move/feedback_json,std_msgs/msg/String,2026-08-22T19:50:10.514906-04:00,1787442610,514895335,1787442610514895335,111.198542,,,,7041,7040,1,0,0,7041,AxisTarget,1,False,True,True,False,0.0051,-89.863602,90.060799,0.1525,-0.0188,-0.1752,526.200745,-0.046768,888.303894,172.743301,89.820168,172.748383,2062,False,True,
251,/kuka/axis_move/feedback_json,std_msgs/msg/String,2026-08-22T19:50:10.627486-04:00,1787442610,627457852,1787442610627457852,112.562517,,,,7042,7041,1,0,0,7042,AxisTarget,1,False,True,True,False,0.0051,-89.863602,90.060799,0.1525,-0.0188,-0.1752,526.200745,-0.046768,888.303894,172.743301,89.820168,172.748383,2062,False,True,
252,/kuka/axis_move/feedback_json,std_msgs/msg/String,2026-08-22T19:50:10.735026-04:00,1787442610,735010952,1787442610735010952,107.5531,,,,7043,7042,1,0,0,7043,AxisTarget,1,False,True,True,False,0.0051,-89.863602,90.060799,0.1525,-0.0188,-0.1752,526.200745,-0.046768,888.303894,172.743301,89.820168,172.748383,2062,False,True,
253,/kuka/axis_move/feedback_json,std_msgs/msg/String,2026-08-22T19:50:10.918802-04:00,1787442610,918789128,1787442610918789128,183.778176,,,,7044,7043,1,0,0,7044,AxisTarget,1,False,True,True,False,0.0051,-89.863602,90.060799,0.1525,-0.0188,-0.1752,526.200745,-0.046768,888.303894,172.743301,89.820168,172.748383,2063,False,True,
254,/kuka/axis_move/feedback_json,std_msgs/msg/String,2026-08-22T19:50:11.031099-04:00,1787442611,31088148,1787442611031088148,112.29902,,,,7045,7044,1,0,0,7045,AxisTarget,1,False,True,True,False,0.0051,-89.863602,90.060799,0.1525,-0.0188,-0.1752,526.200745,-0.046768,888.303894,172.743301,89.820168,172.748383,2063,False,True,
255,/kuka/axis_move/feedback_json,std_msgs/msg/String,2026-08-22T19:50:11.142334-04:00,1787442611,142322749,1787442611142322749,111.234601,,,,7046,7045,1,0,0,7046,AxisTarget,1,False,True,True,False,0.0051,-89.863602,90.060799,0.1525,-0.0188,-0.1752,526.200745,-0.046768,888.303894,172.743301,89.820168,172.748383,2063,False,True,
256,/kuka/axis_move/feedback_json,std_msgs/msg/String,2026-08-22T19:50:11.256180-04:00,1787442611,256173596,1787442611256173596,113.850847,,,,7047,7046,1,0,0,7047,AxisTarget,1,False,True,True,False,0.0051,-89.863602,90.060799,0.1525,-0.0188,-0.1752,526.200745,-0.046768,888.303894,172.743301,89.820168,172.748383,2063,False,True,
257,/kuka/axis_move/feedback_json,std_msgs/msg/String,2026-08-22T19:50:11.438685-04:00,1787442611,438678999,1787442611438678999,182.505403,,,,7048,7047,1,0,0,7048,AxisTarget,1,False,True,True,False,0.0051,-89.863602,90.060799,0.1525,-0.0188,-0.1752,526.200745,-0.046768,888.303894,172.743301,89.820168,172.748383,2064,False,True,
258,/kuka/axis_move/feedback_json,std_msgs/msg/String,2026-08-22T19:50:11.551916-04:00,1787442611,551883823,1787442611551883823,113.204824,,,,7049,7048,1,0,0,7049,AxisTarget,1,False,True,True,False,0.0051,-89.863602,90.060799,0.1525,-0.0188,-0.1752,526.200745,-0.046768,888.303894,172.743301,89.820168,172.748383,2064,False,True,
259,/kuka/axis_move/feedback_json,std_msgs/msg/String,2026-08-22T19:50:11.664448-04:00,1787442611,664441680,1787442611664441680,112.557857,,,,7050,7049,1,0,0,7050,AxisTarget,1,False,True,True,False,0.0051,-89.863602,90.060799,0.1525,-0.0188,-0.1752,526.200745,-0.046768,888.303894,172.743301,89.820168,172.748383,2064,False,True,
260,/kuka/axis_move/feedback_json,std_msgs/msg/String,2026-08-22T19:50:11.775461-04:00,1787442611,775441479,1787442611775441479,110.999799,,,,7051,7050,1,0,0,7051,AxisTarget,1,False,True,True,False,0.0051,-89.863602,90.060799,0.1525,-0.0188,-0.1752,526.200745,-0.046768,888.303894,172.743301,89.820168,172.748383,2064,False,True,
261,/kuka/axis_move/feedback_json,std_msgs/msg/String,2026-08-22T19:50:11.959154-04:00,1787442611,959136478,1787442611959136478,183.694999,,,,7052,7051,1,0,0,7052,AxisTarget,1,False,True,True,False,0.0051,-89.863602,90.060799,0.1525,-0.0188,-0.1752,526.200745,-0.046768,888.303894,172.743301,89.820168,172.748383,2065,False,True,
262,/kuka/axis_move/feedback_json,std_msgs/msg/String,2026-08-22T19:50:12.074537-04:00,1787442612,74509056,1787442612074509056,115.372578,,,,7053,7052,1,0,0,7053,AxisTarget,1,False,True,True,False,0.0051,-89.863602,90.060799,0.1525,-0.0188,-0.1752,526.200745,-0.046768,888.303894,172.743301,89.820168,172.748383,2065,False,True,
263,/kuka/axis_move/feedback_json,std_msgs/msg/String,2026-08-22T19:50:12.189978-04:00,1787442612,189964670,1787442612189964670,115.455614,,,,7054,7053,1,0,0,7054,AxisTarget,1,False,True,True,False,0.0051,-89.863602,90.060799,0.1525,-0.0188,-0.1752,526.200745,-0.046768,888.303894,172.743301,89.820168,172.748383,2065,False,True,
264,/kuka/axis_move/feedback_json,std_msgs/msg/String,2026-08-22T19:50:12.305685-04:00,1787442612,305674572,1787442612305674572,115.709902,,,,7055,7054,1,0,0,7055,AxisTarget,1,False,True,True,False,0.0051,-89.863602,90.060799,0.1525,-0.0188,-0.1752,526.200745,-0.046768,888.303894,172.743301,89.820168,172.748383,2065,False,True,
265,/kuka/axis_move/feedback_json,std_msgs/msg/String,2026-08-22T19:50:12.494965-04:00,1787442612,494953517,1787442612494953517,189.278945,,,,7056,7055,1,0,0,7056,AxisTarget,1,False,True,True,False,0.0051,-89.863602,90.060799,0.1525,-0.0188,-0.1752,526.200745,-0.046768,888.303894,172.743301,89.820168,172.748383,2066,False,True,
266,/kuka/axis_move/feedback_json,std_msgs/msg/String,2026-08-22T19:50:12.609783-04:00,1787442612,609752136,1787442612609752136,114.798619,,,,7057,7056,1,0,0,7057,AxisTarget,1,False,True,True,False,0.0051,-89.863602,90.060799,0.1525,-0.0188,-0.1752,526.200745,-0.046768,888.303894,172.743301,89.820168,172.748383,2066,False,True,
267,/kuka/axis_move/feedback_json,std_msgs/msg/String,2026-08-22T19:50:12.718880-04:00,1787442612,718868574,1787442612718868574,109.116438,,,,7058,7057,1,0,0,7058,AxisTarget,1,False,True,True,False,0.0051,-89.863602,90.060799,0.1525,-0.0188,-0.1752,526.200745,-0.046768,888.303894,172.743301,89.820168,172.748383,2066,False,True,
268,/kuka/axis_move/feedback_json,std_msgs/msg/String,2026-08-22T19:50:12.836465-04:00,1787442612,836442300,1787442612836442300,117.573726,,,,7059,7058,1,0,0,7059,AxisTarget,1,False,True,True,False,0.0051,-89.863602,90.060799,0.1525,-0.0188,-0.1752,526.200745,-0.046768,888.303894,172.743301,89.820168,172.748383,2066,False,True,
269,/kuka/axis_move/feedback_json,std_msgs/msg/String,2026-08-22T19:50:13.023683-04:00,1787442613,23666723,1787442613023666723,187.224423,,,,7060,7059,1,0,0,7060,AxisTarget,1,False,True,True,False,0.0051,-89.863602,90.060799,0.1525,-0.0188,-0.1752,526.200745,-0.046768,888.303894,172.743301,89.820168,172.748383,2067,False,True,
270,/kuka/axis_move/feedback_json,std_msgs/msg/String,2026-08-22T19:50:13.132287-04:00,1787442613,132276689,1787442613132276689,108.609966,,,,7061,7060,1,0,0,7061,AxisTarget,1,False,True,True,False,0.0051,-89.863602,90.060799,0.1525,-0.0188,-0.1752,526.200745,-0.046768,888.303894,172.743301,89.820168,172.748383,2067,False,True,
271,/kuka/axis_move/feedback_json,std_msgs/msg/String,2026-08-22T19:50:13.247528-04:00,1787442613,247491581,1787442613247491581,115.214892,,,,7062,7061,1,0,0,7062,AxisTarget,1,False,True,True,False,0.0051,-89.863602,90.060799,0.1525,-0.0188,-0.1752,526.200745,-0.046768,888.303894,172.743301,89.820168,172.748383,2067,False,True,
272,/kuka/axis_move/feedback_json,std_msgs/msg/String,2026-08-22T19:50:13.359095-04:00,1787442613,359081679,1787442613359081679,111.590098,,,,7063,7062,1,0,0,7063,AxisTarget,1,False,True,True,False,0.0051,-89.863602,90.060799,0.1525,-0.0188,-0.1752,526.200745,-0.046768,888.303894,172.743301,89.820168,172.748383,2067,False,True,
273,/kuka/axis_move/feedback_json,std_msgs/msg/String,2026-08-22T19:50:13.542060-04:00,1787442613,542019955,1787442613542019955,182.938276,,,,7064,7063,1,0,0,7064,AxisTarget,1,False,True,True,False,0.0051,-89.863602,90.060799,0.1525,-0.0188,-0.1752,526.200745,-0.046768,888.303894,172.743301,89.820168,172.748383,2068,False,True,
274,/kuka/axis_move/feedback_json,std_msgs/msg/String,2026-08-22T19:50:13.653243-04:00,1787442613,653231883,1787442613653231883,111.211928,,,,7065,7064,1,0,0,7065,AxisTarget,1,False,True,True,False,0.0051,-89.863602,90.060799,0.1525,-0.0188,-0.1752,526.200745,-0.046768,888.303894,172.743301,89.820168,172.748383,2068,False,True,
275,/kuka/axis_move/feedback_json,std_msgs/msg/String,2026-08-22T19:50:13.766558-04:00,1787442613,766534951,1787442613766534951,113.303068,,,,7066,7065,1,0,0,7066,AxisTarget,1,False,True,True,False,0.0051,-89.863602,90.060799,0.1525,-0.0188,-0.1752,526.200745,-0.046768,888.303894,172.743301,89.820168,172.748383,2068,False,True,
276,/kuka/axis_move/feedback_json,std_msgs/msg/String,2026-08-22T19:50:13.876895-04:00,1787442613,876884507,1787442613876884507,110.349556,,,,7067,7066,1,0,0,7067,AxisTarget,1,False,True,True,False,0.0051,-89.863602,90.060799,0.1525,-0.0188,-0.1752,526.200745,-0.046768,888.303894,172.743301,89.820168,172.748383,2068,False,True,
277,/kuka/axis_move/feedback_json,std_msgs/msg/String,2026-08-22T19:50:14.061413-04:00,1787442614,61384890,1787442614061384890,184.500383,,,,7068,7067,1,0,0,7068,AxisTarget,1,False,True,True,False,0.0051,-89.863602,90.060799,0.1525,-0.0188,-0.1752,526.200745,-0.046768,888.303894,172.743301,89.820168,172.748383,2069,False,True,
278,/kuka/axis_move/feedback_json,std_msgs/msg/String,2026-08-22T19:50:14.171950-04:00,1787442614,171928300,1787442614171928300,110.54341,,,,7069,7068,1,0,0,7069,AxisTarget,1,False,True,True,False,0.0051,-89.863602,90.060799,0.1525,-0.0188,-0.1752,526.200745,-0.046768,888.303894,172.743301,89.820168,172.748383,2069,False,True,
279,/kuka/axis_move/feedback_json,std_msgs/msg/String,2026-08-22T19:50:14.283019-04:00,1787442614,283009672,1787442614283009672,111.081372,,,,7070,7069,1,0,0,7070,AxisTarget,1,False,True,True,False,0.0051,-89.863602,90.060799,0.1525,-0.0188,-0.1752,526.200745,-0.046768,888.303894,172.743301,89.820168,172.748383,2069,False,True,
280,/kuka/axis_move/feedback_json,std_msgs/msg/String,2026-08-22T19:50:14.400488-04:00,1787442614,400456098,1787442614400456098,117.446426,,,,7071,7070,1,0,0,7071,AxisTarget,1,False,True,True,False,0.0051,-89.863602,90.060799,0.1525,-0.0188,-0.1752,526.200745,-0.046768,888.303894,172.743301,89.820168,172.748383,2069,False,True,
281,/kuka/axis_move/feedback_json,std_msgs/msg/String,2026-08-22T19:50:14.582957-04:00,1787442614,582950260,1787442614582950260,182.494162,,,,7072,7071,1,0,0,7072,AxisTarget,1,False,True,True,False,0.0051,-89.863602,90.060799,0.1525,-0.0188,-0.1752,526.200745,-0.046768,888.303894,172.743301,89.820168,172.748383,2070,False,True,
282,/kuka/axis_move/feedback_json,std_msgs/msg/String,2026-08-22T19:50:14.699162-04:00,1787442614,699151164,1787442614699151164,116.200904,,,,7073,7072,1,0,0,7073,AxisTarget,1,False,True,True,False,0.0051,-89.863602,90.060799,0.1525,-0.0188,-0.1752,526.200745,-0.046768,888.303894,172.743301,89.820168,172.748383,2070,False,True,
283,/kuka/axis_move/feedback_json,std_msgs/msg/String,2026-08-22T19:50:14.815548-04:00,1787442614,815519785,1787442614815519785,116.368621,,,,7074,7073,1,0,0,7074,AxisTarget,1,False,True,True,False,0.0051,-89.863602,90.060799,0.1525,-0.0188,-0.1752,526.200745,-0.046768,888.303894,172.743301,89.820168,172.748383,2070,False,True,
284,/kuka/axis_move/feedback_json,std_msgs/msg/String,2026-08-22T19:50:14.924583-04:00,1787442614,924562585,1787442614924562585,109.0428,,,,7075,7074,1,0,0,7075,AxisTarget,1,False,True,True,False,0.0051,-89.863602,90.060799,0.1525,-0.0188,-0.1752,526.200745,-0.046768,888.303894,172.743301,89.820168,172.748383,2070,False,True,
285,/kuka/axis_move/feedback_json,std_msgs/msg/String,2026-08-22T19:50:15.110933-04:00,1787442615,110919597,1787442615110919597,186.357012,,,,7076,7075,1,0,0,7076,AxisTarget,1,False,True,True,False,0.0051,-89.863602,90.060799,0.1525,-0.0188,-0.1752,526.200745,-0.046768,888.303894,172.743301,89.820168,172.748383,2071,False,True,
286,/kuka/axis_move/feedback_json,std_msgs/msg/String,2026-08-22T19:50:15.222903-04:00,1787442615,222885231,1787442615222885231,111.965634,,,,7077,7076,1,0,0,7077,AxisTarget,1,False,True,True,False,0.0051,-89.863602,90.060799,0.1525,-0.0188,-0.1752,526.200745,-0.046768,888.303894,172.743301,89.820168,172.748383,2071,False,True,
287,/kuka/axis_move/feedback_json,std_msgs/msg/String,2026-08-22T19:50:15.333467-04:00,1787442615,333425866,1787442615333425866,110.540635,,,,7078,7077,1,0,0,7078,AxisTarget,1,False,True,True,False,0.0051,-89.863602,90.060799,0.1525,-0.0188,-0.1752,526.200745,-0.046768,888.303894,172.743301,89.820168,172.748383,2071,False,True,
288,/kuka/axis_move/feedback_json,std_msgs/msg/String,2026-08-22T19:50:15.448152-04:00,1787442615,448144304,1787442615448144304,114.718438,,,,7079,7078,1,0,0,7079,AxisTarget,1,False,True,True,False,0.0051,-89.863602,90.060799,0.1525,-0.0188,-0.1752,526.200745,-0.046768,888.303894,172.743301,89.820168,172.748383,2071,False,True,
289,/kuka/axis_move/feedback_json,std_msgs/msg/String,2026-08-22T19:50:15.638674-04:00,1787442615,638664311,1787442615638664311,190.520007,,,,7080,7079,1,0,0,7080,AxisTarget,1,False,True,True,False,0.0051,-89.863602,90.060799,0.1525,-0.0188,-0.1752,526.200745,-0.046768,888.303894,172.743301,89.820168,172.748383,2072,False,True,
290,/kuka/axis_move/feedback_json,std_msgs/msg/String,2026-08-22T19:50:15.748841-04:00,1787442615,748830914,1787442615748830914,110.166603,,,,7081,7080,1,0,0,7081,AxisTarget,1,False,True,True,False,0.0051,-89.863602,90.060799,0.1525,-0.0188,-0.1752,526.200745,-0.046768,888.303894,172.743301,89.820168,172.748383,2072,False,True,
291,/kuka/axis_move/feedback_json,std_msgs/msg/String,2026-08-22T19:50:15.858873-04:00,1787442615,858860689,1787442615858860689,110.029775,,,,7082,7081,1,0,0,7082,AxisTarget,1,False,True,True,False,0.0051,-89.863602,90.060799,0.1525,-0.0188,-0.1752,526.200745,-0.046768,888.303894,172.743301,89.820168,172.748383,2072,False,True,
292,/kuka/axis_move/feedback_json,std_msgs/msg/String,2026-08-22T19:50:15.967774-04:00,1787442615,967735343,1787442615967735343,108.874654,,,,7083,7082,1,0,0,7083,AxisTarget,1,False,True,True,False,0.0051,-89.863602,90.060799,0.1525,-0.0188,-0.1752,526.200745,-0.046768,888.303894,172.743301,89.820168,172.748383,2072,False,True,
293,/kuka/axis_move/feedback_json,std_msgs/msg/String,2026-08-22T19:50:16.150803-04:00,1787442616,150792523,1787442616150792523,183.05718,,,,7084,7083,1,0,0,7084,AxisTarget,1,False,True,True,False,0.0051,-89.863602,90.060799,0.1525,-0.0188,-0.1752,526.200745,-0.046768,888.303894,172.743301,89.820168,172.748383,2073,False,True,
294,/kuka/axis_move/feedback_json,std_msgs/msg/String,2026-08-22T19:50:16.264604-04:00,1787442616,264569211,1787442616264569211,113.776688,,,,7085,7084,1,0,0,7085,AxisTarget,1,False,True,True,False,0.0051,-89.863602,90.060799,0.1525,-0.0188,-0.1752,526.200745,-0.046768,888.303894,172.743301,89.820168,172.748383,2073,False,True,
295,/kuka/axis_move/feedback_json,std_msgs/msg/String,2026-08-22T19:50:16.374912-04:00,1787442616,374901244,1787442616374901244,110.332033,,,,7086,7085,1,0,0,7086,AxisTarget,1,False,True,True,False,0.0051,-89.863602,90.060799,0.1525,-0.0188,-0.1752,526.200745,-0.046768,888.303894,172.743301,89.820168,172.748383,2073,False,True,
296,/kuka/axis_move/feedback_json,std_msgs/msg/String,2026-08-22T19:50:16.486918-04:00,1787442616,486907374,1787442616486907374,112.00613,,,,7087,7086,1,0,0,7087,AxisTarget,1,False,True,True,False,0.0051,-89.863602,90.060799,0.1525,-0.0188,-0.1752,526.200745,-0.046768,888.303894,172.743301,89.820168,172.748383,2073,False,True,
297,/kuka/axis_move/feedback_json,std_msgs/msg/String,2026-08-22T19:50:16.673814-04:00,1787442616,673799702,1787442616673799702,186.892328,,,,7088,7087,1,0,0,7088,AxisTarget,1,False,True,True,False,0.0051,-89.863602,90.060799,0.1525,-0.0188,-0.1752,526.200745,-0.046768,888.303894,172.743301,89.820168,172.748383,2074,False,True,
298,/kuka/axis_move/feedback_json,std_msgs/msg/String,2026-08-22T19:50:16.786826-04:00,1787442616,786815700,1787442616786815700,113.015998,,,,7089,7088,1,0,0,7089,AxisTarget,1,False,True,True,False,0.0051,-89.863602,90.060799,0.1525,-0.0188,-0.1752,526.200745,-0.046768,888.303894,172.743301,89.820168,172.748383,2074,False,True,
299,/kuka/axis_move/feedback_json,std_msgs/msg/String,2026-08-22T19:50:16.901407-04:00,1787442616,901379688,1787442616901379688,114.563988,,,,7090,7089,1,0,0,7090,AxisTarget,1,False,True,True,False,0.0051,-89.863602,90.060799,0.1525,-0.0188,-0.1752,526.200745,-0.046768,888.303894,172.743301,89.820168,172.748383,2074,False,True,
300,/kuka/axis_move/feedback_json,std_msgs/msg/String,2026-08-22T19:50:17.010498-04:00,1787442617,10493131,1787442617010493131,109.113443,,,,7091,7090,1,0,0,7091,AxisTarget,1,False,True,True,False,0.0051,-89.863602,90.060799,0.1525,-0.0188,-0.1752,526.200745,-0.046768,888.303894,172.743301,89.820168,172.748383,2074,False,True,
301,/kuka/axis_move/feedback_json,std_msgs/msg/String,2026-08-22T19:50:17.194827-04:00,1787442617,194815328,1787442617194815328,184.322197,,,,7092,7091,1,0,0,7092,AxisTarget,1,False,True,True,False,0.0051,-89.863602,90.060799,0.1525,-0.0188,-0.1752,526.200745,-0.046768,888.303894,172.743301,89.820168,172.748383,2075,False,True,
302,/kuka/axis_move/feedback_json,std_msgs/msg/String,2026-08-22T19:50:17.307893-04:00,1787442617,307864969,1787442617307864969,113.049641,,,,7093,7092,1,0,0,7093,AxisTarget,1,False,True,True,False,0.0051,-89.863602,90.060799,0.1525,-0.0188,-0.1752,526.200745,-0.046768,888.303894,172.743301,89.820168,172.748383,2075,False,True,
303,/kuka/axis_move/feedback_json,std_msgs/msg/String,2026-08-22T19:50:17.418731-04:00,1787442617,418720777,1787442617418720777,110.855808,,,,7094,7093,1,0,0,7094,AxisTarget,1,False,True,True,False,0.0051,-89.863602,90.060799,0.1525,-0.0188,-0.1752,526.200745,-0.046768,888.303894,172.743301,89.820168,172.748383,2075,False,True,
304,/kuka/axis_move/feedback_json,std_msgs/msg/String,2026-08-22T19:50:17.528423-04:00,1787442617,528413268,1787442617528413268,109.692491,,,,7095,7094,1,0,0,7095,AxisTarget,1,False,True,True,False,0.0051,-89.863602,90.060799,0.1525,-0.0188,-0.1752,526.200745,-0.046768,888.303894,172.743301,89.820168,172.748383,2075,False,True,
305,/kuka/axis_move/feedback_json,std_msgs/msg/String,2026-08-22T19:50:17.714586-04:00,1787442617,714580463,1787442617714580463,186.167195,,,,7096,7095,1,0,0,7096,AxisTarget,1,False,True,True,False,0.0051,-89.863602,90.060799,0.1525,-0.0188,-0.1752,526.200745,-0.046768,888.303894,172.743301,89.820168,172.748383,2076,False,True,
306,/kuka/axis_move/feedback_json,std_msgs/msg/String,2026-08-22T19:50:17.825899-04:00,1787442617,825864626,1787442617825864626,111.284163,,,,7097,7096,1,0,0,7097,AxisTarget,1,False,True,True,False,0.0051,-89.863602,90.060799,0.1525,-0.0188,-0.1752,526.200745,-0.046768,888.303894,172.743301,89.820168,172.748383,2076,False,True,
307,/kuka/axis_move/feedback_json,std_msgs/msg/String,2026-08-22T19:50:17.930759-04:00,1787442617,930753087,1787442617930753087,104.888461,,,,7098,7097,1,0,0,7098,AxisTarget,1,False,True,True,False,0.0051,-89.863602,90.060799,0.1525,-0.0188,-0.1752,526.200745,-0.046768,888.303894,172.743301,89.820168,172.748383,2076,False,True,
308,/kuka/axis_move/feedback_json,std_msgs/msg/String,2026-08-22T19:50:18.047583-04:00,1787442618,47505598,1787442618047505598,116.752511,,,,7099,7098,1,0,0,7099,AxisTarget,1,False,True,True,False,0.0051,-89.863602,90.060799,0.1525,-0.0188,-0.1752,526.200745,-0.046768,888.303894,172.743301,89.820168,172.748383,2076,False,True,
309,/kuka/axis_move/feedback_json,std_msgs/msg/String,2026-08-22T19:50:18.226640-04:00,1787442618,226635306,1787442618226635306,179.129708,,,,7100,7099,1,0,0,7100,AxisTarget,1,False,True,True,False,0.0051,-89.863602,90.060799,0.1525,-0.0188,-0.1752,526.200745,-0.046768,888.303894,172.743301,89.820168,172.748383,2077,False,True,
310,/kuka/axis_move/feedback_json,std_msgs/msg/String,2026-08-22T19:50:18.339931-04:00,1787442618,339909108,1787442618339909108,113.273802,,,,7101,7100,1,0,0,7101,AxisTarget,1,False,True,True,False,0.0051,-89.863602,90.060799,0.1525,-0.0188,-0.1752,526.200745,-0.046768,888.303894,172.743301,89.820168,172.748383,2077,False,True,
311,/kuka/axis_move/feedback_json,std_msgs/msg/String,2026-08-22T19:50:18.450551-04:00,1787442618,450545073,1787442618450545073,110.635965,,,,7102,7101,1,0,0,7102,AxisTarget,1,False,True,True,False,0.0051,-89.863602,90.060799,0.1525,-0.0188,-0.1752,526.200745,-0.046768,888.303894,172.743301,89.820168,172.748383,2077,False,True,
312,/kuka/axis_move/feedback_json,std_msgs/msg/String,2026-08-22T19:50:18.559231-04:00,1787442618,559214170,1787442618559214170,108.669097,,,,7103,7102,1,0,0,7103,AxisTarget,1,False,True,True,False,0.0051,-89.863602,90.060799,0.1525,-0.0188,-0.1752,526.200745,-0.046768,888.303894,172.743301,89.820168,172.748383,2077,False,True,
313,/kuka/axis_move/feedback_json,std_msgs/msg/String,2026-08-22T19:50:18.749522-04:00,1787442618,749485109,1787442618749485109,190.270939,,,,7104,7103,1,0,0,7104,AxisTarget,1,False,True,True,False,0.0051,-89.863602,90.060799,0.1525,-0.0188,-0.1752,526.200745,-0.046768,888.303894,172.743301,89.820168,172.748383,2078,False,True,
314,/kuka/axis_move/feedback_json,std_msgs/msg/String,2026-08-22T19:50:18.855001-04:00,1787442618,854993305,1787442618854993305,105.508196,,,,7105,7104,1,0,0,7105,AxisTarget,1,False,True,True,False,0.0051,-89.863602,90.060799,0.1525,-0.0188,-0.1752,526.200745,-0.046768,888.303894,172.743301,89.820168,172.748383,2078,False,True,
315,/kuka/axis_move/feedback_json,std_msgs/msg/String,2026-08-22T19:50:18.962702-04:00,1787442618,962692229,1787442618962692229,107.698924,,,,7106,7105,1,0,0,7106,AxisTarget,1,False,True,True,False,0.0051,-89.863602,90.060799,0.1525,-0.0188,-0.1752,526.200745,-0.046768,888.303894,172.743301,89.820168,172.748383,2078,False,True,
316,/kuka/axis_move/feedback_json,std_msgs/msg/String,2026-08-22T19:50:19.079088-04:00,1787442619,79064044,1787442619079064044,116.371815,,,,7107,7106,1,0,0,7107,AxisTarget,1,False,True,True,False,0.0051,-89.863602,90.060799,0.1525,-0.0188,-0.1752,526.200745,-0.046768,888.303894,172.743301,89.820168,172.748383,2078,False,True,
317,/kuka/axis_move/feedback_json,std_msgs/msg/String,2026-08-22T19:50:19.266190-04:00,1787442619,266163381,1787442619266163381,187.099337,,,,7108,7107,1,0,0,7108,AxisTarget,1,False,True,True,False,0.0051,-89.863602,90.060799,0.1525,-0.0188,-0.1752,526.200745,-0.046768,888.303894,172.743301,89.820168,172.748383,2079,False,True,
318,/kuka/axis_move/feedback_json,std_msgs/msg/String,2026-08-22T19:50:19.376471-04:00,1787442619,376461811,1787442619376461811,110.29843,,,,7109,7108,1,0,0,7109,AxisTarget,1,False,True,True,False,0.0051,-89.863602,90.060799,0.1525,-0.0188,-0.1752,526.200745,-0.046768,888.303894,172.743301,89.820168,172.748383,2079,False,True,
319,/kuka/axis_move/feedback_json,std_msgs/msg/String,2026-08-22T19:50:19.494253-04:00,1787442619,494246282,1787442619494246282,117.784471,,,,7110,7109,1,0,0,7110,AxisTarget,1,False,True,True,False,0.0051,-89.863602,90.060799,0.1525,-0.0188,-0.1752,526.200745,-0.046768,888.303894,172.743301,89.820168,172.748383,2079,False,True,
320,/kuka/axis_move/feedback_json,std_msgs/msg/String,2026-08-22T19:50:19.603235-04:00,1787442619,603213490,1787442619603213490,108.967208,,,,7111,7110,1,0,0,7111,AxisTarget,1,False,True,True,False,0.0051,-89.863602,90.060799,0.1525,-0.0188,-0.1752,526.200745,-0.046768,888.303894,172.743301,89.820168,172.748383,2079,False,True,
321,/kuka/axis_move/feedback_json,std_msgs/msg/String,2026-08-22T19:50:19.792590-04:00,1787442619,792560391,1787442619792560391,189.346901,,,,7112,7111,1,0,0,7112,AxisTarget,1,False,True,True,False,0.0051,-89.863602,90.060799,0.1525,-0.0188,-0.1752,526.200745,-0.046768,888.303894,172.743301,89.820168,172.748383,2080,False,True,
322,/kuka/axis_move/feedback_json,std_msgs/msg/String,2026-08-22T19:50:19.909354-04:00,1787442619,909343059,1787442619909343059,116.782668,,,,7113,7112,1,0,0,7113,AxisTarget,1,False,True,True,False,0.0051,-89.863602,90.060799,0.1525,-0.0188,-0.1752,526.200745,-0.046768,888.303894,172.743301,89.820168,172.748383,2080,False,True,
323,/kuka/axis_move/feedback_json,std_msgs/msg/String,2026-08-22T19:50:20.023175-04:00,1787442620,23166424,1787442620023166424,113.823365,,,,7114,7113,1,0,0,7114,AxisTarget,1,False,True,True,False,0.0051,-89.863602,90.060799,0.1525,-0.0188,-0.1752,526.200745,-0.046768,888.303894,172.743301,89.820168,172.748383,2080,False,True,
324,/kuka/axis_move/feedback_json,std_msgs/msg/String,2026-08-22T19:50:20.132959-04:00,1787442620,132935700,1787442620132935700,109.769276,,,,7115,7114,1,0,0,7115,AxisTarget,1,False,True,True,False,0.0051,-89.863602,90.060799,0.1525,-0.0188,-0.1752,526.200745,-0.046768,888.303894,172.743301,89.820168,172.748383,2080,False,True,
325,/kuka/axis_move/feedback_json,std_msgs/msg/String,2026-08-22T19:50:20.314939-04:00,1787442620,314931424,1787442620314931424,181.995724,,,,7116,7115,1,0,0,7116,AxisTarget,1,False,True,True,False,0.0051,-89.863602,90.060799,0.1525,-0.0188,-0.1752,526.200745,-0.046768,888.303894,172.743301,89.820168,172.748383,2081,False,True,
326,/kuka/axis_move/feedback_json,std_msgs/msg/String,2026-08-22T19:50:20.430558-04:00,1787442620,430552358,1787442620430552358,115.620934,,,,7117,7116,1,0,0,7117,AxisTarget,1,False,True,True,False,0.0051,-89.863602,90.060799,0.1525,-0.0188,-0.1752,526.200745,-0.046768,888.303894,172.743301,89.820168,172.748383,2081,False,True,
327,/kuka/axis_move/feedback_json,std_msgs/msg/String,2026-08-22T19:50:20.546816-04:00,1787442620,546793688,1787442620546793688,116.24133,,,,7118,7117,1,0,0,7118,AxisTarget,1,False,True,True,False,0.0051,-89.863602,90.060799,0.1525,-0.0188,-0.1752,526.200745,-0.046768,888.303894,172.743301,89.820168,172.748383,2081,False,True,
328,/kuka/axis_move/feedback_json,std_msgs/msg/String,2026-08-22T19:50:20.656686-04:00,1787442620,656675304,1787442620656675304,109.881616,,,,7119,7118,1,0,0,7119,AxisTarget,1,False,True,True,False,0.0051,-89.863602,90.060799,0.1525,-0.0188,-0.1752,526.200745,-0.046768,888.303894,172.743301,89.820168,172.748383,2081,False,True,
329,/kuka/axis_move/feedback_json,std_msgs/msg/String,2026-08-22T19:50:20.843387-04:00,1787442620,843338822,1787442620843338822,186.663518,,,,7120,7119,1,0,0,7120,AxisTarget,1,False,True,True,False,0.0051,-89.863602,90.060799,0.1525,-0.0188,-0.1752,526.200745,-0.046768,888.303894,172.743301,89.820168,172.748383,2082,False,True,
330,/kuka/axis_move/feedback_json,std_msgs/msg/String,2026-08-22T19:50:20.954482-04:00,1787442620,954470839,1787442620954470839,111.132017,,,,7121,7120,1,0,0,7121,AxisTarget,1,False,True,True,False,0.0051,-89.863602,90.060799,0.1525,-0.0188,-0.1752,526.200745,-0.046768,888.303894,172.743301,89.820168,172.748383,2082,False,True,
331,/kuka/axis_move/feedback_json,std_msgs/msg/String,2026-08-22T19:50:21.068189-04:00,1787442621,68173136,1787442621068173136,113.702297,,,,7122,7121,1,0,0,7122,AxisTarget,1,False,True,True,False,0.0051,-89.863602,90.060799,0.1525,-0.0188,-0.1752,526.200745,-0.046768,888.303894,172.743301,89.820168,172.748383,2082,False,True,
332,/kuka/axis_move/feedback_json,std_msgs/msg/String,2026-08-22T19:50:21.174962-04:00,1787442621,174950388,1787442621174950388,106.777252,,,,7123,7122,1,0,0,7123,AxisTarget,1,False,True,True,False,0.0051,-89.863602,90.060799,0.1525,-0.0188,-0.1752,526.200745,-0.046768,888.303894,172.743301,89.820168,172.748383,2082,False,True,
333,/kuka/axis_move/feedback_json,std_msgs/msg/String,2026-08-22T19:50:21.354841-04:00,1787442621,354829493,1787442621354829493,179.879105,,,,7124,7123,1,0,0,7124,AxisTarget,1,False,True,True,False,0.0051,-89.863602,90.060799,0.1525,-0.0188,-0.1752,526.200745,-0.046768,888.303894,172.743301,89.820168,172.748383,2083,False,True,
334,/kuka/axis_move/feedback_json,std_msgs/msg/String,2026-08-22T19:50:21.468244-04:00,1787442621,468214294,1787442621468214294,113.384801,,,,7125,7124,1,0,0,7125,AxisTarget,1,False,True,True,False,0.0051,-89.863602,90.060799,0.1525,-0.0188,-0.1752,526.200745,-0.046768,888.303894,172.743301,89.820168,172.748383,2083,False,True,
335,/kuka/axis_move/feedback_json,std_msgs/msg/String,2026-08-22T19:50:21.582824-04:00,1787442621,582808558,1787442621582808558,114.594264,,,,7126,7125,1,0,0,7126,AxisTarget,1,False,True,True,False,0.0051,-89.863602,90.060799,0.1525,-0.0188,-0.1752,526.200745,-0.046768,888.303894,172.743301,89.820168,172.748383,2083,False,True,
336,/kuka/axis_move/feedback_json,std_msgs/msg/String,2026-08-22T19:50:21.694921-04:00,1787442621,694913373,1787442621694913373,112.104815,,,,7127,7126,1,0,0,7127,AxisTarget,1,False,True,True,False,0.0051,-89.863602,90.060799,0.1525,-0.0188,-0.1752,526.200745,-0.046768,888.303894,172.743301,89.820168,172.748383,2083,False,True,
337,/kuka/axis_move/feedback_json,std_msgs/msg/String,2026-08-22T19:50:21.878517-04:00,1787442621,878500198,1787442621878500198,183.586825,,,,7128,7127,1,0,0,7128,AxisTarget,1,False,True,True,False,0.0051,-89.863602,90.060799,0.1525,-0.0188,-0.1752,526.200745,-0.046768,888.303894,172.743301,89.820168,172.748383,2084,False,True,
338,/kuka/axis_move/feedback_json,std_msgs/msg/String,2026-08-22T19:50:21.989237-04:00,1787442621,989226923,1787442621989226923,110.726725,,,,7129,7128,1,0,0,7129,AxisTarget,1,False,True,True,False,0.0051,-89.863602,90.060799,0.1525,-0.0188,-0.1752,526.200745,-0.046768,888.303894,172.743301,89.820168,172.748383,2084,False,True,
339,/kuka/axis_move/feedback_json,std_msgs/msg/String,2026-08-22T19:50:22.094611-04:00,1787442622,94603571,1787442622094603571,105.376648,,,,7130,7129,1,0,0,7130,AxisTarget,1,False,True,True,False,0.0051,-89.863602,90.060799,0.1525,-0.0188,-0.1752,526.200745,-0.046768,888.303894,172.743301,89.820168,172.748383,2084,False,True,
340,/kuka/axis_move/feedback_json,std_msgs/msg/String,2026-08-22T19:50:22.208380-04:00,1787442622,208369789,1787442622208369789,113.766218,,,,7131,7130,1,0,0,7131,AxisTarget,1,False,True,True,False,0.0051,-89.863602,90.060799,0.1525,-0.0188,-0.1752,526.200745,-0.046768,888.303894,172.743301,89.820168,172.748383,2084,False,True,
341,/kuka/axis_move/feedback_json,std_msgs/msg/String,2026-08-22T19:50:22.400889-04:00,1787442622,400880447,1787442622400880447,192.510658,,,,7132,7131,1,0,0,7132,AxisTarget,1,False,True,True,False,0.0051,-89.863602,90.060799,0.1525,-0.0188,-0.1752,526.200745,-0.046768,888.303894,172.743301,89.820168,172.748383,2085,False,True,
342,/kuka/axis_move/feedback_json,std_msgs/msg/String,2026-08-22T19:50:22.510777-04:00,1787442622,510767413,1787442622510767413,109.886966,,,,7133,7132,1,0,0,7133,AxisTarget,1,False,True,True,False,0.0051,-89.863602,90.060799,0.1525,-0.0188,-0.1752,526.200745,-0.046768,888.303894,172.743301,89.820168,172.748383,2085,False,True,
343,/kuka/axis_move/feedback_json,std_msgs/msg/String,2026-08-22T19:50:22.629068-04:00,1787442622,629059267,1787442622629059267,118.291854,,,,7134,7133,1,0,0,7134,AxisTarget,1,False,True,True,False,0.0051,-89.863602,90.060799,0.1525,-0.0188,-0.1752,526.200745,-0.046768,888.303894,172.743301,89.820168,172.748383,2085,False,True,
344,/kuka/axis_move/feedback_json,std_msgs/msg/String,2026-08-22T19:50:22.743206-04:00,1787442622,743197464,1787442622743197464,114.138197,,,,7135,7134,1,0,0,7135,AxisTarget,1,False,True,True,False,0.0051,-89.863602,90.060799,0.1525,-0.0188,-0.1752,526.200745,-0.046768,888.303894,172.743301,89.820168,172.748383,2085,False,True,
345,/kuka/axis_move/feedback_json,std_msgs/msg/String,2026-08-22T19:50:22.926756-04:00,1787442622,926745696,1787442622926745696,183.548232,,,,7136,7135,1,0,0,7136,AxisTarget,1,False,True,True,False,0.0051,-89.863602,90.060799,0.1525,-0.0188,-0.1752,526.200745,-0.046768,888.303894,172.743301,89.820168,172.748383,2086,False,True,
346,/kuka/axis_move/feedback_json,std_msgs/msg/String,2026-08-22T19:50:23.041221-04:00,1787442623,41193726,1787442623041193726,114.44803,,,,7137,7136,1,0,0,7137,AxisTarget,1,False,True,True,False,0.0051,-89.863602,90.060799,0.1525,-0.0188,-0.1752,526.200745,-0.046768,888.303894,172.743301,89.820168,172.748383,2086,False,True,
347,/kuka/axis_move/feedback_json,std_msgs/msg/String,2026-08-22T19:50:23.153587-04:00,1787442623,153581302,1787442623153581302,112.387576,,,,7138,7137,1,0,0,7138,AxisTarget,1,False,True,True,False,0.0051,-89.863602,90.060799,0.1525,-0.0188,-0.1752,526.200745,-0.046768,888.303894,172.743301,89.820168,172.748383,2086,False,True,
348,/kuka/axis_move/feedback_json,std_msgs/msg/String,2026-08-22T19:50:23.269136-04:00,1787442623,269111055,1787442623269111055,115.529753,,,,7139,7138,1,0,0,7139,AxisTarget,1,False,True,True,False,0.0051,-89.863602,90.060799,0.1525,-0.0188,-0.1752,526.200745,-0.046768,888.303894,172.743301,89.820168,172.748383,2086,False,True,
349,/kuka/axis_move/feedback_json,std_msgs/msg/String,2026-08-22T19:50:23.453008-04:00,1787442623,452984487,1787442623452984487,183.873432,,,,7140,7139,1,0,0,7140,AxisTarget,1,False,True,True,False,0.0051,-89.863602,90.060799,0.1525,-0.0188,-0.1752,526.200745,-0.046768,888.303894,172.743301,89.820168,172.748383,2087,False,True,
350,/kuka/axis_move/feedback_json,std_msgs/msg/String,2026-08-22T19:50:23.563289-04:00,1787442623,563271786,1787442623563271786,110.287299,,,,7141,7140,1,0,0,7141,AxisTarget,1,False,True,True,False,0.0051,-89.863602,90.060799,0.1525,-0.0188,-0.1752,526.200745,-0.046768,888.303894,172.743301,89.820168,172.748383,2087,False,True,
351,/kuka/axis_move/feedback_json,std_msgs/msg/String,2026-08-22T19:50:23.675166-04:00,1787442623,675147040,1787442623675147040,111.875254,,,,7142,7141,1,0,0,7142,AxisTarget,1,False,True,True,False,0.0051,-89.863602,90.060799,0.1525,-0.0188,-0.1752,526.200745,-0.046768,888.303894,172.743301,89.820168,172.748383,2087,False,True,
352,/kuka/axis_move/feedback_json,std_msgs/msg/String,2026-08-22T19:50:23.791173-04:00,1787442623,791160561,1787442623791160561,116.013521,,,,7143,7142,1,0,0,7143,AxisTarget,1,False,True,True,False,0.0051,-89.863602,90.060799,0.1525,-0.0188,-0.1752,526.200745,-0.046768,888.303894,172.743301,89.820168,172.748383,2087,False,True,
353,/kuka/axis_move/feedback_json,std_msgs/msg/String,2026-08-22T19:50:23.978648-04:00,1787442623,978626026,1787442623978626026,187.465465,,,,7144,7143,1,0,0,7144,AxisTarget,1,False,True,True,False,0.0051,-89.863602,90.060799,0.1525,-0.0188,-0.1752,526.200745,-0.046768,888.303894,172.743301,89.820168,172.748383,2088,False,True,
354,/kuka/axis_move/feedback_json,std_msgs/msg/String,2026-08-22T19:50:24.090785-04:00,1787442624,90774303,1787442624090774303,112.148277,,,,7145,7144,1,0,0,7145,AxisTarget,1,False,True,True,False,0.0051,-89.863602,90.060799,0.1525,-0.0188,-0.1752,526.200745,-0.046768,888.303894,172.743301,89.820168,172.748383,2088,False,True,
355,/kuka/axis_move/feedback_json,std_msgs/msg/String,2026-08-22T19:50:24.201882-04:00,1787442624,201866444,1787442624201866444,111.092141,,,,7146,7145,1,0,0,7146,AxisTarget,1,False,True,True,False,0.0051,-89.863602,90.060799,0.1525,-0.0188,-0.1752,526.200745,-0.046768,888.303894,172.743301,89.820168,172.748383,2088,False,True,
356,/kuka/axis_move/feedback_json,std_msgs/msg/String,2026-08-22T19:50:24.318561-04:00,1787442624,318531551,1787442624318531551,116.665107,,,,7147,7146,1,0,0,7147,AxisTarget,1,False,True,True,False,0.0051,-89.863602,90.060799,0.1525,-0.0188,-0.1752,526.200745,-0.046768,888.303894,172.743301,89.820168,172.748383,2088,False,True,
357,/kuka/axis_move/feedback_json,std_msgs/msg/String,2026-08-22T19:50:24.504201-04:00,1787442624,504193716,1787442624504193716,185.662165,,,,7148,7147,1,0,0,7148,AxisTarget,1,False,True,True,False,0.0051,-89.863602,90.060799,0.1525,-0.0188,-0.1752,526.200745,-0.046768,888.303894,172.743301,89.820168,172.748383,2089,False,True,
358,/kuka/axis_move/feedback_json,std_msgs/msg/String,2026-08-22T19:50:24.618692-04:00,1787442624,618673134,1787442624618673134,114.479418,,,,7149,7148,1,0,0,7149,AxisTarget,1,False,True,True,False,0.0051,-89.863602,90.060799,0.1525,-0.0188,-0.1752,526.200745,-0.046768,888.303894,172.743301,89.820168,172.748383,2089,False,True,
359,/kuka/axis_move/feedback_json,std_msgs/msg/String,2026-08-22T19:50:24.732105-04:00,1787442624,732078914,1787442624732078914,113.40578,,,,7150,7149,1,0,0,7150,AxisTarget,1,False,True,True,False,0.0051,-89.863602,90.060799,0.1525,-0.0188,-0.1752,526.200745,-0.046768,888.303894,172.743301,89.820168,172.748383,2089,False,True,
360,/kuka/axis_move/feedback_json,std_msgs/msg/String,2026-08-22T19:50:24.842992-04:00,1787442624,842983433,1787442624842983433,110.904519,,,,7151,7150,1,0,0,7151,AxisTarget,1,False,True,True,False,0.0051,-89.863602,90.060799,0.1525,-0.0188,-0.1752,526.200745,-0.046768,888.303894,172.743301,89.820168,172.748383,2089,False,True,
361,/kuka/axis_move/feedback_json,std_msgs/msg/String,2026-08-22T19:50:25.030971-04:00,1787442625,30963154,1787442625030963154,187.979721,,,,7152,7151,1,0,0,7152,AxisTarget,1,False,True,True,False,0.0051,-89.863602,90.060799,0.1525,-0.0188,-0.1752,526.200745,-0.046768,888.303894,172.743301,89.820168,172.748383,2090,False,True,
362,/kuka/axis_move/feedback_json,std_msgs/msg/String,2026-08-22T19:50:25.144114-04:00,1787442625,144107833,1787442625144107833,113.144679,,,,7153,7152,1,0,0,7153,AxisTarget,1,False,True,True,False,0.0051,-89.863602,90.060799,0.1525,-0.0188,-0.1752,526.200745,-0.046768,888.303894,172.743301,89.820168,172.748383,2090,False,True,
363,/kuka/axis_move/feedback_json,std_msgs/msg/String,2026-08-22T19:50:25.258714-04:00,1787442625,258704111,1787442625258704111,114.596278,,,,7154,7153,1,0,0,7154,AxisTarget,1,False,True,True,False,0.0051,-89.863602,90.060799,0.1525,-0.0188,-0.1752,526.200745,-0.046768,888.303894,172.743301,89.820168,172.748383,2090,False,True,
364,/kuka/axis_move/feedback_json,std_msgs/msg/String,2026-08-22T19:50:25.376359-04:00,1787442625,376326477,1787442625376326477,117.622366,,,,7155,7154,1,0,0,7155,AxisTarget,1,False,True,True,False,0.0051,-89.863602,90.060799,0.1525,-0.0188,-0.1752,526.200745,-0.046768,888.303894,172.743301,89.820168,172.748383,2090,False,True,
365,/kuka/axis_move/feedback_json,std_msgs/msg/String,2026-08-22T19:50:25.558974-04:00,1787442625,558965689,1787442625558965689,182.639212,,,,7156,7155,1,0,0,7156,AxisTarget,1,False,True,True,False,0.0051,-89.863602,90.060799,0.1525,-0.0188,-0.1752,526.200745,-0.046768,888.303894,172.743301,89.820168,172.748383,2091,False,True,
366,/kuka/axis_move/feedback_json,std_msgs/msg/String,2026-08-22T19:50:25.674573-04:00,1787442625,674567066,1787442625674567066,115.601377,,,,7157,7156,1,0,0,7157,AxisTarget,1,False,True,True,False,0.0051,-89.863602,90.060799,0.1525,-0.0188,-0.1752,526.200745,-0.046768,888.303894,172.743301,89.820168,172.748383,2091,False,True,
367,/kuka/axis_move/feedback_json,std_msgs/msg/String,2026-08-22T19:50:25.792596-04:00,1787442625,792563105,1787442625792563105,117.996039,,,,7158,7157,1,0,0,7158,AxisTarget,1,False,True,True,False,0.0051,-89.863602,90.060799,0.1525,-0.0188,-0.1752,526.200745,-0.046768,888.303894,172.743301,89.820168,172.748383,2091,False,True,
368,/kuka/axis_move/feedback_json,std_msgs/msg/String,2026-08-22T19:50:25.902763-04:00,1787442625,902752639,1787442625902752639,110.189534,,,,7159,7158,1,0,0,7159,AxisTarget,1,False,True,True,False,0.0051,-89.863602,90.060799,0.1525,-0.0188,-0.1752,526.200745,-0.046768,888.303894,172.743301,89.820168,172.748383,2091,False,True,
369,/kuka/axis_move/feedback_json,std_msgs/msg/String,2026-08-22T19:50:26.093935-04:00,1787442626,93911836,1787442626093911836,191.159197,,,,7160,7159,1,0,0,7160,AxisTarget,1,False,True,True,False,0.0051,-89.863602,90.060799,0.1525,-0.0188,-0.1752,526.200745,-0.046768,888.303894,172.743301,89.820168,172.748383,2092,False,True,
370,/kuka/axis_move/feedback_json,std_msgs/msg/String,2026-08-22T19:50:26.206771-04:00,1787442626,206722638,1787442626206722638,112.810802,,,,7161,7160,1,0,0,7161,AxisTarget,1,False,True,True,False,0.0051,-89.863602,90.060799,0.1525,-0.0188,-0.1752,526.200745,-0.046768,888.303894,172.743301,89.820168,172.748383,2092,False,True,
371,/kuka/axis_move/feedback_json,std_msgs/msg/String,2026-08-22T19:50:26.318382-04:00,1787442626,318371245,1787442626318371245,111.648607,,,,7162,7161,1,0,0,7162,AxisTarget,1,False,True,True,False,0.0051,-89.863602,90.060799,0.1525,-0.0188,-0.1752,526.200745,-0.046768,888.303894,172.743301,89.820168,172.748383,2092,False,True,
372,/kuka/axis_move/feedback_json,std_msgs/msg/String,2026-08-22T19:50:26.432237-04:00,1787442626,432217253,1787442626432217253,113.846008,,,,7163,7162,1,0,0,7163,AxisTarget,1,False,True,True,False,0.0051,-89.863602,90.060799,0.1525,-0.0188,-0.1752,526.200745,-0.046768,888.303894,172.743301,89.820168,172.748383,2092,False,True,
373,/kuka/axis_move/feedback_json,std_msgs/msg/String,2026-08-22T19:50:26.621092-04:00,1787442626,621060787,1787442626621060787,188.843534,,,,7164,7163,1,0,0,7164,AxisTarget,1,False,True,True,False,0.0051,-89.863602,90.060799,0.1525,-0.0188,-0.1752,526.200745,-0.046768,888.303894,172.743301,89.820168,172.748383,2093,False,True,
374,/kuka/axis_move/feedback_json,std_msgs/msg/String,2026-08-22T19:50:26.726836-04:00,1787442626,726827679,1787442626726827679,105.766892,,,,7165,7164,1,0,0,7165,AxisTarget,1,False,True,True,False,0.0051,-89.863602,90.060799,0.1525,-0.0188,-0.1752,526.200745,-0.046768,888.303894,172.743301,89.820168,172.748383,2093,False,True,
375,/kuka/axis_move/feedback_json,std_msgs/msg/String,2026-08-22T19:50:26.840895-04:00,1787442626,840875205,1787442626840875205,114.047526,,,,7166,7165,1,0,0,7166,AxisTarget,1,False,True,True,False,0.0051,-89.863602,90.060799,0.1525,-0.0188,-0.1752,526.200745,-0.046768,888.303894,172.743301,89.820168,172.748383,2093,False,True,
376,/kuka/axis_move/feedback_json,std_msgs/msg/String,2026-08-22T19:50:26.950150-04:00,1787442626,950116478,1787442626950116478,109.241273,,,,7167,7166,1,0,0,7167,AxisTarget,1,False,True,True,False,0.0051,-89.863602,90.060799,0.1525,-0.0188,-0.1752,526.200745,-0.046768,888.303894,172.743301,89.820168,172.748383,2093,False,True,
377,/kuka/axis_move/feedback_json,std_msgs/msg/String,2026-08-22T19:50:27.138284-04:00,1787442627,138264425,1787442627138264425,188.147947,,,,7168,7167,1,0,0,7168,AxisTarget,1,False,True,True,False,0.0051,-89.863602,90.060799,0.1525,-0.0188,-0.1752,526.200745,-0.046768,888.303894,172.743301,89.820168,172.748383,2094,False,True,
378,/kuka/axis_move/feedback_json,std_msgs/msg/String,2026-08-22T19:50:27.246957-04:00,1787442627,246946165,1787442627246946165,108.68174,,,,7169,7168,1,0,0,7169,AxisTarget,1,False,True,True,False,0.0051,-89.863602,90.060799,0.1525,-0.0188,-0.1752,526.200745,-0.046768,888.303894,172.743301,89.820168,172.748383,2094,False,True,
379,/kuka/axis_move/feedback_json,std_msgs/msg/String,2026-08-22T19:50:27.360688-04:00,1787442627,360664182,1787442627360664182,113.718017,,,,7170,7169,1,0,0,7170,AxisTarget,1,False,True,True,False,0.0051,-89.863602,90.060799,0.1525,-0.0188,-0.1752,526.200745,-0.046768,888.303894,172.743301,89.820168,172.748383,2094,False,True,
380,/kuka/axis_move/feedback_json,std_msgs/msg/String,2026-08-22T19:50:27.472787-04:00,1787442627,472776461,1787442627472776461,112.112279,,,,7171,7170,1,0,0,7171,AxisTarget,1,False,True,True,False,0.0051,-89.863602,90.060799,0.1525,-0.0188,-0.1752,526.200745,-0.046768,888.303894,172.743301,89.820168,172.748383,2094,False,True,
381,/kuka/axis_move/feedback_json,std_msgs/msg/String,2026-08-22T19:50:27.658707-04:00,1787442627,658701429,1787442627658701429,185.924968,,,,7172,7171,1,0,0,7172,AxisTarget,1,False,True,True,False,0.0051,-89.863602,90.060799,0.1525,-0.0188,-0.1752,526.200745,-0.046768,888.303894,172.743301,89.820168,172.748383,2095,False,True,
382,/kuka/axis_move/feedback_json,std_msgs/msg/String,2026-08-22T19:50:27.773996-04:00,1787442627,773990028,1787442627773990028,115.288599,,,,7173,7172,1,0,0,7173,AxisTarget,1,False,True,True,False,0.0051,-89.863602,90.060799,0.1525,-0.0188,-0.1752,526.200745,-0.046768,888.303894,172.743301,89.820168,172.748383,2095,False,True,
383,/kuka/axis_move/feedback_json,std_msgs/msg/String,2026-08-22T19:50:27.885780-04:00,1787442627,885769652,1787442627885769652,111.779624,,,,7174,7173,1,0,0,7174,AxisTarget,1,False,True,True,False,0.0051,-89.863602,90.060799,0.1525,-0.0188,-0.1752,526.200745,-0.046768,888.303894,172.743301,89.820168,172.748383,2095,False,True,
384,/kuka/axis_move/feedback_json,std_msgs/msg/String,2026-08-22T19:50:28.001437-04:00,1787442628,1400604,1787442628001400604,115.630952,,,,7175,7174,1,0,0,7175,AxisTarget,1,False,True,True,False,0.0051,-89.863602,90.060799,0.1525,-0.0188,-0.1752,526.200745,-0.046768,888.303894,172.743301,89.820168,172.748383,2095,False,True,
385,/kuka/axis_move/feedback_json,std_msgs/msg/String,2026-08-22T19:50:28.182864-04:00,1787442628,182853266,1787442628182853266,181.452662,,,,7176,7175,1,0,0,7176,AxisTarget,1,False,True,True,False,0.0051,-89.863602,90.060799,0.1525,-0.0188,-0.1752,526.200745,-0.046768,888.303894,172.743301,89.820168,172.748383,2096,False,True,
386,/kuka/axis_move/feedback_json,std_msgs/msg/String,2026-08-22T19:50:28.294770-04:00,1787442628,294759127,1787442628294759127,111.905861,,,,7177,7176,1,0,0,7177,AxisTarget,1,False,True,True,False,0.0051,-89.863602,90.060799,0.1525,-0.0188,-0.1752,526.200745,-0.046768,888.303894,172.743301,89.820168,172.748383,2096,False,True,
387,/kuka/axis_move/feedback_json,std_msgs/msg/String,2026-08-22T19:50:28.414900-04:00,1787442628,414862897,1787442628414862897,120.10377,,,,7178,7177,1,0,0,7178,AxisTarget,1,False,True,True,False,0.0051,-89.863602,90.060799,0.1525,-0.0188,-0.1752,526.200745,-0.046768,888.303894,172.743301,89.820168,172.748383,2096,False,True,
388,/kuka/axis_move/feedback_json,std_msgs/msg/String,2026-08-22T19:50:28.522699-04:00,1787442628,522689790,1787442628522689790,107.826893,,,,7179,7178,1,0,0,7179,AxisTarget,1,False,True,True,False,0.0051,-89.863602,90.060799,0.1525,-0.0188,-0.1752,526.200745,-0.046768,888.303894,172.743301,89.820168,172.748383,2096,False,True,
389,/kuka/axis_move/feedback_json,std_msgs/msg/String,2026-08-22T19:50:28.710139-04:00,1787442628,710127652,1787442628710127652,187.437862,,,,7180,7179,1,0,0,7180,AxisTarget,1,False,True,True,False,0.0051,-89.863602,90.060799,0.1525,-0.0188,-0.1752,526.200745,-0.046768,888.303894,172.743301,89.820168,172.748383,2097,False,True,
390,/kuka/axis_move/feedback_json,std_msgs/msg/String,2026-08-22T19:50:28.814794-04:00,1787442628,814784107,1787442628814784107,104.656455,,,,7181,7180,1,0,0,7181,AxisTarget,1,False,True,True,False,0.0051,-89.863602,90.060799,0.1525,-0.0188,-0.1752,526.200745,-0.046768,888.303894,172.743301,89.820168,172.748383,2097,False,True,
391,/kuka/axis_move/feedback_json,std_msgs/msg/String,2026-08-22T19:50:28.928472-04:00,1787442628,928443283,1787442628928443283,113.659176,,,,7182,7181,1,0,0,7182,AxisTarget,1,False,True,True,False,0.0051,-89.863602,90.060799,0.1525,-0.0188,-0.1752,526.200745,-0.046768,888.303894,172.743301,89.820168,172.748383,2097,False,True,
392,/kuka/axis_move/feedback_json,std_msgs/msg/String,2026-08-22T19:50:29.038755-04:00,1787442629,38744107,1787442629038744107,110.300824,,,,7183,7182,1,0,0,7183,AxisTarget,1,False,True,True,False,0.0051,-89.863602,90.060799,0.1525,-0.0188,-0.1752,526.200745,-0.046768,888.303894,172.743301,89.820168,172.748383,2097,False,True,
393,/kuka/axis_move/feedback_json,std_msgs/msg/String,2026-08-22T19:50:29.225600-04:00,1787442629,225589836,1787442629225589836,186.845729,,,,7184,7183,1,0,0,7184,AxisTarget,1,False,True,True,False,0.0051,-89.863602,90.060799,0.1525,-0.0188,-0.1752,526.200745,-0.046768,888.303894,172.743301,89.820168,172.748383,2098,False,True,
394,/kuka/axis_move/feedback_json,std_msgs/msg/String,2026-08-22T19:50:29.341299-04:00,1787442629,341280631,1787442629341280631,115.690795,,,,7185,7184,1,0,0,7185,AxisTarget,1,False,True,True,False,0.0051,-89.863602,90.060799,0.1525,-0.0188,-0.1752,526.200745,-0.046768,888.303894,172.743301,89.820168,172.748383,2098,False,True,
395,/kuka/axis_move/feedback_json,std_msgs/msg/String,2026-08-22T19:50:29.453996-04:00,1787442629,453987216,1787442629453987216,112.706585,,,,7186,7185,1,0,0,7186,AxisTarget,1,False,True,True,False,0.0051,-89.863602,90.060799,0.1525,-0.0188,-0.1752,526.200745,-0.046768,888.303894,172.743301,89.820168,172.748383,2098,False,True,
396,/kuka/axis_move/feedback_json,std_msgs/msg/String,2026-08-22T19:50:29.568597-04:00,1787442629,568571140,1787442629568571140,114.583924,,,,7187,7186,1,0,0,7187,AxisTarget,1,False,True,True,False,0.0051,-89.863602,90.060799,0.1525,-0.0188,-0.1752,526.200745,-0.046768,888.303894,172.743301,89.820168,172.748383,2098,False,True,
397,/kuka/axis_move/feedback_json,std_msgs/msg/String,2026-08-22T19:50:29.742885-04:00,1787442629,742873252,1787442629742873252,174.302112,,,,7188,7187,1,0,0,7188,AxisTarget,1,False,True,True,False,0.0051,-89.863602,90.060799,0.1525,-0.0188,-0.1752,526.200745,-0.046768,888.303894,172.743301,89.820168,172.748383,2099,False,True,
398,/kuka/axis_move/feedback_json,std_msgs/msg/String,2026-08-22T19:50:29.856376-04:00,1787442629,856354133,1787442629856354133,113.480881,,,,7189,7188,1,0,0,7189,AxisTarget,1,False,True,True,False,0.0051,-89.863602,90.060799,0.1525,-0.0188,-0.1752,526.200745,-0.046768,888.303894,172.743301,89.820168,172.748383,2099,False,True,
399,/kuka/axis_move/feedback_json,std_msgs/msg/String,2026-08-22T19:50:29.962926-04:00,1787442629,962911651,1787442629962911651,106.557518,,,,7190,7189,1,0,0,7190,AxisTarget,1,False,True,True,False,0.0051,-89.863602,90.060799,0.1525,-0.0188,-0.1752,526.200745,-0.046768,888.303894,172.743301,89.820168,172.748383,2099,False,True,
400,/kuka/axis_move/feedback_json,std_msgs/msg/String,2026-08-22T19:50:30.080576-04:00,1787442630,80536521,1787442630080536521,117.62487,,,,7191,7190,1,0,0,7191,AxisTarget,1,False,True,True,False,0.0051,-89.863602,90.060799,0.1525,-0.0188,-0.1752,526.200745,-0.046768,888.303894,172.743301,89.820168,172.748383,2099,False,True,
401,/kuka/axis_move/feedback_json,std_msgs/msg/String,2026-08-22T19:50:30.254785-04:00,1787442630,254774482,1787442630254774482,174.237961,,,,7192,7191,1,0,0,7192,AxisTarget,1,False,True,True,False,0.0051,-89.863602,90.060799,0.1525,-0.0188,-0.1752,526.200745,-0.046768,888.303894,172.743301,89.820168,172.748383,2100,False,True,
402,/kuka/axis_move/feedback_json,std_msgs/msg/String,2026-08-22T19:50:30.364394-04:00,1787442630,364363728,1787442630364363728,109.589246,,,,7193,7192,1,0,0,7193,AxisTarget,1,False,True,True,False,0.0051,-89.863602,90.060799,0.1525,-0.0188,-0.1752,526.200745,-0.046768,888.303894,172.743301,89.820168,172.748383,2100,False,True,
403,/kuka/axis_move/feedback_json,std_msgs/msg/String,2026-08-22T19:50:30.476207-04:00,1787442630,476196702,1787442630476196702,111.832974,,,,7194,7193,1,0,0,7194,AxisTarget,1,False,True,True,False,0.0051,-89.863602,90.060799,0.1525,-0.0188,-0.1752,526.200745,-0.046768,888.303894,172.743301,89.820168,172.748383,2100,False,True,
404,/kuka/axis_move/feedback_json,std_msgs/msg/String,2026-08-22T19:50:30.582784-04:00,1787442630,582774267,1787442630582774267,106.577565,,,,7195,7194,1,0,0,7195,AxisTarget,1,False,True,True,False,0.0051,-89.863602,90.060799,0.1525,-0.0188,-0.1752,526.200745,-0.046768,888.303894,172.743301,89.820168,172.748383,2100,False,True,
405,/kuka/axis_move/feedback_json,std_msgs/msg/String,2026-08-22T19:50:30.765744-04:00,1787442630,765733521,1787442630765733521,182.959254,,,,7196,7195,1,0,0,7196,AxisTarget,1,False,True,True,False,0.0051,-89.863602,90.060799,0.1525,-0.0188,-0.1752,526.200745,-0.046768,888.303894,172.743301,89.820168,172.748383,2101,False,True,
406,/kuka/axis_move/feedback_json,std_msgs/msg/String,2026-08-22T19:50:30.880575-04:00,1787442630,880541506,1787442630880541506,114.807985,,,,7197,7196,1,0,0,7197,AxisTarget,1,False,True,True,False,0.0051,-89.863602,90.060799,0.1525,-0.0188,-0.1752,526.200745,-0.046768,888.303894,172.743301,89.820168,172.748383,2101,False,True,
407,/kuka/axis_move/feedback_json,std_msgs/msg/String,2026-08-22T19:50:30.990830-04:00,1787442630,990824947,1787442630990824947,110.283441,,,,7198,7197,1,0,0,7198,AxisTarget,1,False,True,True,False,0.0051,-89.863602,90.060799,0.1525,-0.0188,-0.1752,526.200745,-0.046768,888.303894,172.743301,89.820168,172.748383,2101,False,True,
408,/kuka/axis_move/feedback_json,std_msgs/msg/String,2026-08-22T19:50:31.102751-04:00,1787442631,102743131,1787442631102743131,111.918184,,,,7199,7198,1,0,0,7199,AxisTarget,1,False,True,True,False,0.0051,-89.863602,90.060799,0.1525,-0.0188,-0.1752,526.200745,-0.046768,888.303894,172.743301,89.820168,172.748383,2101,False,True,
409,/kuka/axis_move/feedback_json,std_msgs/msg/String,2026-08-22T19:50:31.292417-04:00,1787442631,292385786,1787442631292385786,189.642655,,,,7200,7199,1,0,0,7200,AxisTarget,1,False,True,True,False,0.0051,-89.863602,90.060799,0.1525,-0.0188,-0.1752,526.200745,-0.046768,888.303894,172.743301,89.820168,172.748383,2102,False,True,
410,/kuka/axis_move/feedback_json,std_msgs/msg/String,2026-08-22T19:50:31.402798-04:00,1787442631,402790365,1787442631402790365,110.404579,,,,7201,7200,1,0,0,7201,AxisTarget,1,False,True,True,False,0.0051,-89.863602,90.060799,0.1525,-0.0188,-0.1752,526.200745,-0.046768,888.303894,172.743301,89.820168,172.748383,2102,False,True,
411,/kuka/axis_move/feedback_json,std_msgs/msg/String,2026-08-22T19:50:31.518557-04:00,1787442631,518551101,1787442631518551101,115.760736,,,,7202,7201,1,0,0,7202,AxisTarget,1,False,True,True,False,0.0051,-89.863602,90.060799,0.1525,-0.0188,-0.1752,526.200745,-0.046768,888.303894,172.743301,89.820168,172.748383,2102,False,True,
412,/kuka/axis_move/feedback_json,std_msgs/msg/String,2026-08-22T19:50:31.630750-04:00,1787442631,630743590,1787442631630743590,112.192489,,,,7203,7202,1,0,0,7203,AxisTarget,1,False,True,True,False,0.0051,-89.863602,90.060799,0.1525,-0.0188,-0.1752,526.200745,-0.046768,888.303894,172.743301,89.820168,172.748383,2102,False,True,
413,/kuka/axis_move/feedback_json,std_msgs/msg/String,2026-08-22T19:50:31.819400-04:00,1787442631,819373513,1787442631819373513,188.629923,,,,7204,7203,1,0,0,7204,AxisTarget,1,False,True,True,False,0.0051,-89.863602,90.060799,0.1525,-0.0188,-0.1752,526.200745,-0.046768,888.303894,172.743301,89.820168,172.748383,2103,False,True,
414,/kuka/axis_move/feedback_json,std_msgs/msg/String,2026-08-22T19:50:31.936350-04:00,1787442631,936288658,1787442631936288658,116.915145,,,,7205,7204,1,0,0,7205,AxisTarget,1,False,True,True,False,0.0051,-89.863602,90.060799,0.1525,-0.0188,-0.1752,526.200745,-0.046768,888.303894,172.743301,89.820168,172.748383,2103,False,True,
415,/kuka/axis_move/feedback_json,std_msgs/msg/String,2026-08-22T19:50:32.046803-04:00,1787442632,46789688,1787442632046789688,110.50103,,,,7206,7205,1,0,0,7206,AxisTarget,1,False,True,True,False,0.0051,-89.863602,90.060799,0.1525,-0.0188,-0.1752,526.200745,-0.046768,888.303894,172.743301,89.820168,172.748383,2103,False,True,
416,/kuka/axis_move/feedback_json,std_msgs/msg/String,2026-08-22T19:50:32.160994-04:00,1787442632,160987406,1787442632160987406,114.197718,,,,7207,7206,1,0,0,7207,AxisTarget,1,False,True,True,False,0.0051,-89.863602,90.060799,0.1525,-0.0188,-0.1752,526.200745,-0.046768,888.303894,172.743301,89.820168,172.748383,2103,False,True,
417,/kuka/axis_move/feedback_json,std_msgs/msg/String,2026-08-22T19:50:32.362436-04:00,1787442632,362429771,1787442632362429771,201.442365,,,,7208,7207,1,0,0,7208,AxisTarget,1,False,True,True,False,0.0051,-89.863602,90.060799,0.1525,-0.0188,-0.1752,526.200745,-0.046768,888.303894,172.743301,89.820168,172.748383,2104,False,True,
418,/kuka/axis_move/feedback_json,std_msgs/msg/String,2026-08-22T19:50:32.479479-04:00,1787442632,479441629,1787442632479441629,117.011858,,,,7209,7208,1,0,0,7209,AxisTarget,1,False,True,True,False,0.0051,-89.863602,90.060799,0.1525,-0.0188,-0.1752,526.200745,-0.046768,888.303894,172.743301,89.820168,172.748383,2104,False,True,
419,/kuka/axis_move/feedback_json,std_msgs/msg/String,2026-08-22T19:50:32.590853-04:00,1787442632,590843452,1787442632590843452,111.401823,,,,7210,7209,1,0,0,7210,AxisTarget,1,False,True,True,False,0.0051,-89.863602,90.060799,0.1525,-0.0188,-0.1752,526.200745,-0.046768,888.303894,172.743301,89.820168,172.748383,2104,False,True,
420,/kuka/axis_move/feedback_json,std_msgs/msg/String,2026-08-22T19:50:32.708800-04:00,1787442632,708770830,1787442632708770830,117.927378,,,,7211,7210,1,0,0,7211,AxisTarget,1,False,True,True,False,0.0051,-89.863602,90.060799,0.1525,-0.0188,-0.1752,526.200745,-0.046768,888.303894,172.743301,89.820168,172.748383,2104,False,True,
421,/kuka/axis_move/feedback_json,std_msgs/msg/String,2026-08-22T19:50:32.890029-04:00,1787442632,890013417,1787442632890013417,181.242587,,,,7212,7211,1,0,0,7212,AxisTarget,1,False,True,True,False,0.0051,-89.863602,90.060799,0.1525,-0.0188,-0.1752,526.200745,-0.046768,888.303894,172.743301,89.820168,172.748383,2105,False,True,
422,/kuka/axis_move/feedback_json,std_msgs/msg/String,2026-08-22T19:50:33.003010-04:00,1787442633,2993126,1787442633002993126,112.979709,,,,7213,7212,1,0,0,7213,AxisTarget,1,False,True,True,False,0.0051,-89.863602,90.060799,0.1525,-0.0188,-0.1752,526.200745,-0.046768,888.303894,172.743301,89.820168,172.748383,2105,False,True,
423,/kuka/axis_move/feedback_json,std_msgs/msg/String,2026-08-22T19:50:33.121410-04:00,1787442633,121380859,1787442633121380859,118.387733,,,,7214,7213,1,0,0,7214,AxisTarget,1,False,True,True,False,0.0051,-89.863602,90.060799,0.1525,-0.0188,-0.1752,526.200745,-0.046768,888.303894,172.743301,89.820168,172.748383,2105,False,True,
424,/kuka/axis_move/feedback_json,std_msgs/msg/String,2026-08-22T19:50:33.232805-04:00,1787442633,232797921,1787442633232797921,111.417062,,,,7215,7214,1,0,0,7215,AxisTarget,1,False,True,True,False,0.0051,-89.863602,90.060799,0.1525,-0.0188,-0.1752,526.200745,-0.046768,888.303894,172.743301,89.820168,172.748383,2105,False,True,
425,/kuka/axis_move/feedback_json,std_msgs/msg/String,2026-08-22T19:50:33.415446-04:00,1787442633,415436121,1787442633415436121,182.6382,,,,7216,7215,1,0,0,7216,AxisTarget,1,False,True,True,False,0.0051,-89.863602,90.060799,0.1525,-0.0188,-0.1752,526.200745,-0.046768,888.303894,172.743301,89.820168,172.748383,2106,False,True,
426,/kuka/axis_move/feedback_json,std_msgs/msg/String,2026-08-22T19:50:33.526739-04:00,1787442633,526732636,1787442633526732636,111.296515,,,,7217,7216,1,0,0,7217,AxisTarget,1,False,True,True,False,0.0051,-89.863602,90.060799,0.1525,-0.0188,-0.1752,526.200745,-0.046768,888.303894,172.743301,89.820168,172.748383,2106,False,True,
427,/kuka/axis_move/feedback_json,std_msgs/msg/String,2026-08-22T19:50:33.641914-04:00,1787442633,641902892,1787442633641902892,115.170256,,,,7218,7217,1,0,0,7218,AxisTarget,1,False,True,True,False,0.0051,-89.863602,90.060799,0.1525,-0.0188,-0.1752,526.200745,-0.046768,888.303894,172.743301,89.820168,172.748383,2106,False,True,
428,/kuka/axis_move/feedback_json,std_msgs/msg/String,2026-08-22T19:50:33.746715-04:00,1787442633,746707845,1787442633746707845,104.804953,,,,7219,7218,1,0,0,7219,AxisTarget,1,False,True,True,False,0.0051,-89.863602,90.060799,0.1525,-0.0188,-0.1752,526.200745,-0.046768,888.303894,172.743301,89.820168,172.748383,2106,False,True,
429,/kuka/axis_move/feedback_json,std_msgs/msg/String,2026-08-22T19:50:33.934873-04:00,1787442633,934864818,1787442633934864818,188.156973,,,,7220,7219,1,0,0,7220,AxisTarget,1,False,True,True,False,0.0051,-89.863602,90.060799,0.1525,-0.0188,-0.1752,526.200745,-0.046768,888.303894,172.743301,89.820168,172.748383,2107,False,True,
430,/kuka/axis_move/feedback_json,std_msgs/msg/String,2026-08-22T19:50:34.051278-04:00,1787442634,51255639,1787442634051255639,116.390821,,,,7221,7220,1,0,0,7221,AxisTarget,1,False,True,True,False,0.0051,-89.863602,90.060799,0.1525,-0.0188,-0.1752,526.200745,-0.046768,888.303894,172.743301,89.820168,172.748383,2107,False,True,
431,/kuka/axis_move/feedback_json,std_msgs/msg/String,2026-08-22T19:50:34.162691-04:00,1787442634,162684642,1787442634162684642,111.429003,,,,7222,7221,1,0,0,7222,AxisTarget,1,False,True,True,False,0.0051,-89.863602,90.060799,0.1525,-0.0188,-0.1752,526.200745,-0.046768,888.303894,172.743301,89.820168,172.748383,2107,False,True,
432,/kuka/axis_move/feedback_json,std_msgs/msg/String,2026-08-22T19:50:34.274828-04:00,1787442634,274822008,1787442634274822008,112.137366,,,,7223,7222,1,0,0,7223,AxisTarget,1,False,True,True,False,0.0051,-89.863602,90.060799,0.1525,-0.0188,-0.1752,526.200745,-0.046768,888.303894,172.743301,89.820168,172.748383,2107,False,True,
433,/kuka/axis_move/feedback_json,std_msgs/msg/String,2026-08-22T19:50:34.454926-04:00,1787442634,454913661,1787442634454913661,180.091653,,,,7224,7223,1,0,0,7224,AxisTarget,1,False,True,True,False,0.0051,-89.863602,90.060799,0.1525,-0.0188,-0.1752,526.200745,-0.046768,888.303894,172.743301,89.820168,172.748383,2108,False,True,
434,/kuka/axis_move/feedback_json,std_msgs/msg/String,2026-08-22T19:50:34.566848-04:00,1787442634,566839990,1787442634566839990,111.926329,,,,7225,7224,1,0,0,7225,AxisTarget,1,False,True,True,False,0.0051,-89.863602,90.060799,0.1525,-0.0188,-0.1752,526.200745,-0.046768,888.303894,172.743301,89.820168,172.748383,2108,False,True,
435,/kuka/axis_move/feedback_json,std_msgs/msg/String,2026-08-22T19:50:34.682279-04:00,1787442634,682270575,1787442634682270575,115.430585,,,,7226,7225,1,0,0,7226,AxisTarget,1,False,True,True,False,0.0051,-89.863602,90.060799,0.1525,-0.0188,-0.1752,526.200745,-0.046768,888.303894,172.743301,89.820168,172.748383,2108,False,True,
436,/kuka/axis_move/feedback_json,std_msgs/msg/String,2026-08-22T19:50:34.793721-04:00,1787442634,793709558,1787442634793709558,111.438983,,,,7227,7226,1,0,0,7227,AxisTarget,1,False,True,True,False,0.0051,-89.863602,90.060799,0.1525,-0.0188,-0.1752,526.200745,-0.046768,888.303894,172.743301,89.820168,172.748383,2108,False,True,
437,/kuka/axis_move/feedback_json,std_msgs/msg/String,2026-08-22T19:50:34.986161-04:00,1787442634,986145874,1787442634986145874,192.436316,,,,7228,7227,1,0,0,7228,AxisTarget,1,False,True,True,False,0.0051,-89.863602,90.060799,0.1525,-0.0188,-0.1752,526.200745,-0.046768,888.303894,172.743301,89.820168,172.748383,2109,False,True,
438,/kuka/axis_move/feedback_json,std_msgs/msg/String,2026-08-22T19:50:35.095008-04:00,1787442635,94995570,1787442635094995570,108.849696,,,,7229,7228,1,0,0,7229,AxisTarget,1,False,True,True,False,0.0051,-89.863602,90.060799,0.1525,-0.0188,-0.1752,526.200745,-0.046768,888.303894,172.743301,89.820168,172.748383,2109,False,True,
439,/kuka/axis_move/feedback_json,std_msgs/msg/String,2026-08-22T19:50:35.207112-04:00,1787442635,207099292,1787442635207099292,112.103722,,,,7230,7229,1,0,0,7230,AxisTarget,1,False,True,True,False,0.0051,-89.863602,90.060799,0.1525,-0.0188,-0.1752,526.200745,-0.046768,888.303894,172.743301,89.820168,172.748383,2109,False,True,
440,/kuka/axis_move/feedback_json,std_msgs/msg/String,2026-08-22T19:50:35.320740-04:00,1787442635,320729834,1787442635320729834,113.630542,,,,7231,7230,1,0,0,7231,AxisTarget,1,False,True,True,False,0.0051,-89.863602,90.060799,0.1525,-0.0188,-0.1752,526.200745,-0.046768,888.303894,172.743301,89.820168,172.748383,2109,False,True,
441,/kuka/axis_move/feedback_json,std_msgs/msg/String,2026-08-22T19:50:35.503159-04:00,1787442635,503142750,1787442635503142750,182.412916,,,,7232,7231,1,0,0,7232,AxisTarget,1,False,True,True,False,0.0051,-89.863602,90.060799,0.1525,-0.0188,-0.1752,526.200745,-0.046768,888.303894,172.743301,89.820168,172.748383,2110,False,True,
442,/kuka/axis_move/feedback_json,std_msgs/msg/String,2026-08-22T19:50:35.618688-04:00,1787442635,618679695,1787442635618679695,115.536945,,,,7233,7232,1,0,0,7233,AxisTarget,1,False,True,True,False,0.0051,-89.863602,90.060799,0.1525,-0.0188,-0.1752,526.200745,-0.046768,888.303894,172.743301,89.820168,172.748383,2110,False,True,
443,/kuka/axis_move/feedback_json,std_msgs/msg/String,2026-08-22T19:50:35.730887-04:00,1787442635,730876512,1787442635730876512,112.196817,,,,7234,7233,1,0,0,7234,AxisTarget,1,False,True,True,False,0.0051,-89.863602,90.060799,0.1525,-0.0188,-0.1752,526.200745,-0.046768,888.303894,172.743301,89.820168,172.748383,2110,False,True,
444,/kuka/axis_move/feedback_json,std_msgs/msg/String,2026-08-22T19:50:35.845357-04:00,1787442635,845333047,1787442635845333047,114.456535,,,,7235,7234,1,0,0,7235,AxisTarget,1,False,True,True,False,0.0051,-89.863602,90.060799,0.1525,-0.0188,-0.1752,526.200745,-0.046768,888.303894,172.743301,89.820168,172.748383,2110,False,True,
445,/kuka/axis_move/feedback_json,std_msgs/msg/String,2026-08-22T19:50:36.027215-04:00,1787442636,27198764,1787442636027198764,181.865717,,,,7236,7235,1,0,0,7236,AxisTarget,1,False,True,True,False,0.0051,-89.863602,90.060799,0.1525,-0.0188,-0.1752,526.200745,-0.046768,888.303894,172.743301,89.820168,172.748383,2111,False,True,
446,/kuka/axis_move/feedback_json,std_msgs/msg/String,2026-08-22T19:50:36.138717-04:00,1787442636,138707177,1787442636138707177,111.508413,,,,7237,7236,1,0,0,7237,AxisTarget,1,False,True,True,False,0.0051,-89.863602,90.060799,0.1525,-0.0188,-0.1752,526.200745,-0.046768,888.303894,172.743301,89.820168,172.748383,2111,False,True,
447,/kuka/axis_move/feedback_json,std_msgs/msg/String,2026-08-22T19:50:36.251063-04:00,1787442636,251032967,1787442636251032967,112.32579,,,,7238,7237,1,0,0,7238,AxisTarget,1,False,True,True,False,0.0051,-89.863602,90.060799,0.1525,-0.0188,-0.1752,526.200745,-0.046768,888.303894,172.743301,89.820168,172.748383,2111,False,True,
448,/kuka/axis_move/feedback_json,std_msgs/msg/String,2026-08-22T19:50:36.364529-04:00,1787442636,364502566,1787442636364502566,113.469599,,,,7239,7238,1,0,0,7239,AxisTarget,1,False,True,True,False,0.0051,-89.863602,90.060799,0.1525,-0.0188,-0.1752,526.200745,-0.046768,888.303894,172.743301,89.820168,172.748383,2111,False,True,
449,/kuka/axis_move/feedback_json,std_msgs/msg/String,2026-08-22T19:50:36.547777-04:00,1787442636,547749410,1787442636547749410,183.246844,,,,7240,7239,1,0,0,7240,AxisTarget,1,False,True,True,False,0.0051,-89.863602,90.060799,0.1525,-0.0188,-0.1752,526.200745,-0.046768,888.303894,172.743301,89.820168,172.748383,2112,False,True,
450,/kuka/axis_move/feedback_json,std_msgs/msg/String,2026-08-22T19:50:36.654740-04:00,1787442636,654727588,1787442636654727588,106.978178,,,,7241,7240,1,0,0,7241,AxisTarget,1,False,True,True,False,0.0051,-89.863602,90.060799,0.1525,-0.0188,-0.1752,526.200745,-0.046768,888.303894,172.743301,89.820168,172.748383,2112,False,True,
