receive_index,topic_name,message_type,receive_wall_time_iso8601,receive_ros_time_sec,receive_ros_time_nanosec,receive_ros_time_ns,delta_receive_ms,source_stamp_sec,source_stamp_nanosec,source_stamp_ns,sequence,prev_sequence,delta_seq,sequence_gap,estimated_missing,seq,mode,status,move_ready,limits_ok,delta_ok,move_executed,axis_actual.A1,axis_actual.A2,axis_actual.A3,axis_actual.A4,axis_actual.A5,axis_actual.A6,position_actual.X,position_actual.Y,position_actual.Z,position_actual.A,position_actual.B,position_actual.C,bridge_safe_mode,bridge_allow_motion,unmapped_json
1,/kuka/axis_move/feedback_json,std_msgs/msg/String,2026-08-18T20:40:24.925639-04:00,1787100024,925632985,1787100024925632985,,,,,1114,,,0,0,1114,AxisTarget,1,False,True,True,False,0.0,-90.0,90.0,0.0,90.0,0.0,445.0,0.0,810.0,-180.0,0.0,180.0,False,True,
2,/kuka/axis_move/feedback_json,std_msgs/msg/String,2026-08-18T20:40:25.039276-04:00,1787100025,39265489,1787100025039265489,113.632504,,,,1115,1114,1,0,0,1115,AxisTarget,1,False,True,True,False,0.0,-90.0,90.0,0.0,90.0,0.0,445.0,0.0,810.0,-180.0,0.0,180.0,False,True,
3,/kuka/axis_move/feedback_json,std_msgs/msg/String,2026-08-18T20:40:25.195536-04:00,1787100025,195530387,1787100025195530387,156.264898,,,,1116,1115,1,0,0,1116,AxisTarget,1,False,True,True,False,0.0,-90.0,90.0,0.0,90.0,0.0,445.0,0.0,810.0,-180.0,0.0,180.0,False,True,
4,/kuka/axis_move/feedback_json,std_msgs/msg/String,2026-08-18T20:40:25.301898-04:00,1787100025,301882884,1787100025301882884,106.352497,,,,1117,1116,1,0,0,1117,AxisTarget,1,False,True,True,False,0.0,-90.0,90.0,0.0,90.0,0.0,445.0,0.0,810.0,-180.0,0.0,180.0,False,True,
5,/kuka/axis_move/feedback_json,std_msgs/msg/String,2026-08-18T20:40:25.411364-04:00,1787100025,411347120,1787100025411347120,109.464236,,,,1118,1117,1,0,0,1118,AxisTarget,1,False,True,True,False,0.0,-90.0,90.0,0.0,90.0,0.0,445.0,0.0,810.0,-180.0,0.0,180.0,False,True,
6,/kuka/axis_move/feedback_json,std_msgs/msg/String,2026-08-18T20:40:25.517196-04:00,1787100025,517184165,1787100025517184165,105.837045,,,,1119,1118,1,0,0,1119,AxisTarget,1,False,True,True,False,0.0,-90.0,90.0,0.0,90.0,0.0,445.0,0.0,810.0,-180.0,0.0,180.0,False,True,
7,/kuka/axis_move/feedback_json,std_msgs/msg/String,2026-08-18T20:40:25.623913-04:00,1787100025,623905542,1787100025623905542,106.721377,,,,1120,1119,1,0,0,1120,AxisTarget,1,False,True,True,False,0.0,-90.0,90.0,0.0,90.0,0.0,445.0,0.0,810.0,-180.0,0.0,180.0,False,True,
8,/kuka/axis_move/feedback_json,std_msgs/msg/String,2026-08-18T20:40:25.777051-04:00,1787100025,777044607,1787100025777044607,153.139065,,,,1121,1120,1,0,0,1121,AxisTarget,1,False,True,True,False,0.0,-90.0,90.0,0.0,90.0,0.0,445.0,0.0,810.0,-180.0,0.0,180.0,False,True,
9,/kuka/axis_move/feedback_json,std_msgs/msg/String,2026-08-18T20:40:25.887111-04:00,1787100025,887105310,1787100025887105310,110.060703,,,,1122,1121,1,0,0,1122,AxisTarget,1,False,True,True,False,0.0,-90.0,90.0,0.0,90.0,0.0,445.0,0.0,810.0,-180.0,0.0,180.0,False,True,
10,/kuka/axis_move/feedback_json,std_msgs/msg/String,2026-08-18T20:40:25.995002-04:00,1787100025,994995133,1787100025994995133,107.889823,,,,1123,1122,1,0,0,1123,AxisTarget,1,False,True,True,False,0.0,-90.0,90.0,0.0,90.0,0.0,445.0,0.0,810.0,-180.0,0.0,180.0,False,True,
11,/kuka/axis_move/feedback_json,std_msgs/msg/String,2026-08-18T20:40:26.103071-04:00,1787100026,103063839,1787100026103063839,108.068706,,,,1124,1123,1,0,0,1124,AxisTarget,1,False,True,True,False,0.0,-90.0,90.0,0.0,90.0,0.0,445.0,0.0,810.0,-180.0,0.0,180.0,False,True,
12,/kuka/axis_move/feedback_json,std_msgs/msg/String,2026-08-18T20:40:26.210162-04:00,1787100026,210150825,1787100026210150825,107.086986,,,,1125,1124,1,0,0,1125,AxisTarget,1,False,True,True,False,0.0,-90.0,90.0,0.0,90.0,0.0,445.0,0.0,810.0,-180.0,0.0,180.0,False,True,
13,/kuka/axis_move/feedback_json,std_msgs/msg/String,2026-08-18T20:40:26.367743-04:00,1787100026,367732239,1787100026367732239,157.581414,,,,1126,1125,1,0,0,1126,AxisTarget,1,False,True,True,False,0.0,-90.0,90.0,0.0,90.0,0.0,445.0,0.0,810.0,-180.0,0.0,180.0,False,True,
14,/kuka/axis_move/feedback_json,std_msgs/msg/String,2026-08-18T20:40:26.477057-04:00,1787100026,477045157,1787100026477045157,109.312918,,,,1127,1126,1,0,0,1127,AxisTarget,1,False,True,True,False,0.0,-90.0,90.0,0.0,90.0,0.0,445.0,0.0,810.0,-180.0,0.0,180.0,False,True,
15,/kuka/axis_move/feedback_json,std_msgs/msg/String,2026-08-18T20:40:26.588619-04:00,1787100026,588607978,1787100026588607978,111.562821,,,,1128,1127,1,0,0,1128,AxisTarget,1,False,True,True,False,0.0,-90.0,90.0,0.0,90.0,0.0,445.0,0.0,810.0,-180.0,0.0,180.0,False,True,
16,/kuka/axis_move/feedback_json,std_msgs/msg/String,2026-08-18T20:40:26.700147-04:00,1787100026,700141099,1787100026700141099,111.533121,,,,1129,1128,1,0,0,1129,AxisTarget,1,False,True,True,False,0.0,-90.0,90.0,0.0,90.0,0.0,445.0,0.0,810.0,-180.0,0.0,180.0,False,True,
17,/kuka/axis_move/feedback_json,std_msgs/msg/String,2026-08-18T20:40:26.807713-04:00,1787100026,807704479,1787100026807704479,107.56338,,,,1130,1129,1,0,0,1130,AxisTarget,1,False,True,True,False,0.0,-90.0,90.0,0.0,90.0,0.0,445.0,0.0,810.0,-180.0,0.0,180.0,False,True,
18,/kuka/axis_move/feedback_json,std_msgs/msg/String,2026-08-18T20:40:26.967199-04:00,1787100026,967188820,1787100026967188820,159.484341,,,,1131,1130,1,0,0,1131,AxisTarget,1,False,True,True,False,0.0,-90.0,90.0,0.0,90.0,0.0,445.0,0.0,810.0,-180.0,0.0,180.0,False,True,
19,/kuka/axis_move/feedback_json,std_msgs/msg/String,2026-08-18T20:40:27.058742-04:00,1787100027,58716844,1787100027058716844,91.528024,,,,1132,1131,1,0,0,1132,AxisTarget,1,False,True,True,False,0.0,-90.0,90.0,0.0,90.0,0.0,445.0,0.0,810.0,-180.0,0.0,180.0,False,True,
20,/kuka/axis_move/feedback_json,std_msgs/msg/String,2026-08-18T20:40:27.170366-04:00,1787100027,170355882,1787100027170355882,111.639038,,,,1133,1132,1,0,0,1133,AxisTarget,1,False,True,True,False,0.0,-90.0,90.0,0.0,90.0,0.0,445.0,0.0,810.0,-180.0,0.0,180.0,False,True,
21,/kuka/axis_move/feedback_json,std_msgs/msg/String,2026-08-18T20:40:27.281817-04:00,1787100027,281810984,1787100027281810984,111.455102,,,,1134,1133,1,0,0,1134,AxisTarget,1,False,True,True,False,0.0,-90.0,90.0,0.0,90.0,0.0,445.0,0.0,810.0,-180.0,0.0,180.0,False,True,
22,/kuka/axis_move/feedback_json,std_msgs/msg/String,2026-08-18T20:40:27.389674-04:00,1787100027,389663067,1787100027389663067,107.852083,,,,1135,1134,1,0,0,1135,AxisTarget,1,False,True,True,False,0.0,-90.0,90.0,0.0,90.0,0.0,445.0,0.0,810.0,-180.0,0.0,180.0,False,True,
23,/kuka/axis_move/feedback_json,std_msgs/msg/String,2026-08-18T20:40:27.549413-04:00,1787100027,549397545,1787100027549397545,159.734478,,,,1136,1135,1,0,0,1136,AxisTarget,1,False,True,True,False,0.0,-90.0,90.0,0.0,90.0,0.0,445.0,0.0,810.0,-180.0,0.0,180.0,False,True,
24,/kuka/axis_move/feedback_json,std_msgs/msg/String,2026-08-18T20:40:27.659639-04:00,1787100027,659609679,1787100027659609679,110.212134,,,,1137,1136,1,0,0,1137,AxisTarget,1,False,True,True,False,0.0,-90.0,90.0,0.0,90.0,0.0,445.0,0.0,810.0,-180.0,0.0,180.0,False,True,
25,/kuka/axis_move/feedback_json,std_msgs/msg/String,2026-08-18T20:40:27.768411-04:00,1787100027,768394947,1787100027768394947,108.785268,,,,1138,1137,1,0,0,1138,AxisTarget,1,False,True,True,False,0.0,-90.0,90.0,0.0,90.0,0.0,445.0,0.0,810.0,-180.0,0.0,180.0,False,True,
26,/kuka/axis_move/feedback_json,std_msgs/msg/String,2026-08-18T20:40:27.879957-04:00,1787100027,879946285,1787100027879946285,111.551338,,,,1139,1138,1,0,0,1139,AxisTarget,1,False,True,True,False,0.0,-90.0,90.0,0.0,90.0,0.0,445.0,0.0,810.0,-180.0,0.0,180.0,False,True,
27,/kuka/axis_move/feedback_json,std_msgs/msg/String,2026-08-18T20:40:27.987566-04:00,1787100027,987555298,1787100027987555298,107.609013,,,,1140,1139,1,0,0,1140,AxisTarget,1,False,True,True,False,0.0,-90.0,90.0,0.0,90.0,0.0,445.0,0.0,810.0,-180.0,0.0,180.0,False,True,
28,/kuka/axis_move/feedback_json,std_msgs/msg/String,2026-08-18T20:40:28.143101-04:00,1787100028,143094768,1787100028143094768,155.53947,,,,1141,1140,1,0,0,1141,AxisTarget,1,False,True,True,False,0.0,-90.0,90.0,0.0,90.0,0.0,445.0,0.0,810.0,-180.0,0.0,180.0,False,True,
29,/kuka/axis_move/feedback_json,std_msgs/msg/String,2026-08-18T20:40:28.254787-04:00,1787100028,254780731,1787100028254780731,111.685963,,,,1142,1141,1,0,0,1142,AxisTarget,1,False,True,True,False,0.0,-90.0,90.0,0.0,90.0,0.0,445.0,0.0,810.0,-180.0,0.0,180.0,False,True,
30,/kuka/axis_move/feedback_json,std_msgs/msg/String,2026-08-18T20:40:28.364277-04:00,1787100028,364270839,1787100028364270839,109.490108,,,,1143,1142,1,0,0,1143,AxisTarget,1,False,True,True,False,0.0,-90.0,90.0,0.0,90.0,0.0,445.0,0.0,810.0,-180.0,0.0,180.0,False,True,
31,/kuka/axis_move/feedback_json,std_msgs/msg/String,2026-08-18T20:40:28.475502-04:00,1787100028,475493960,1787100028475493960,111.223121,,,,1144,1143,1,0,0,1144,AxisTarget,1,False,True,True,False,0.0,-90.0,90.0,0.0,90.0,0.0,445.0,0.0,810.0,-180.0,0.0,180.0,False,True,
32,/kuka/axis_move/feedback_json,std_msgs/msg/String,2026-08-18T20:40:28.582518-04:00,1787100028,582500865,1787100028582500865,107.006905,,,,1145,1144,1,0,0,1145,AxisTarget,1,False,True,True,False,0.0,-90.0,90.0,0.0,90.0,0.0,445.0,0.0,810.0,-180.0,0.0,180.0,False,True,
33,/kuka/axis_move/feedback_json,std_msgs/msg/String,2026-08-18T20:40:28.741235-04:00,1787100028,741227698,1787100028741227698,158.726833,,,,1146,1145,1,0,0,1146,AxisTarget,1,False,True,True,False,0.0,-90.0,90.0,0.0,90.0,0.0,445.0,0.0,810.0,-180.0,0.0,180.0,False,True,
34,/kuka/axis_move/feedback_json,std_msgs/msg/String,2026-08-18T20:40:28.847560-04:00,1787100028,847538319,1787100028847538319,106.310621,,,,1147,1146,1,0,0,1147,AxisTarget,1,False,True,True,False,0.0,-90.0,90.0,0.0,90.0,0.0,445.0,0.0,810.0,-180.0,0.0,180.0,False,True,
35,/kuka/axis_move/feedback_json,std_msgs/msg/String,2026-08-18T20:40:28.956540-04:00,1787100028,956525824,1787100028956525824,108.987505,,,,1148,1147,1,0,0,1148,AxisTarget,1,False,True,True,False,0.0,-90.0,90.0,0.0,90.0,0.0,445.0,0.0,810.0,-180.0,0.0,180.0,False,True,
36,/kuka/axis_move/feedback_json,std_msgs/msg/String,2026-08-18T20:40:29.065197-04:00,1787100029,65173077,1787100029065173077,108.647253,,,,1149,1148,1,0,0,1149,AxisTarget,1,False,True,True,False,0.0,-90.0,90.0,0.0,90.0,0.0,445.0,0.0,810.0,-180.0,0.0,180.0,False,True,
37,/kuka/axis_move/feedback_json,std_msgs/msg/String,2026-08-18T20:40:29.171738-04:00,1787100029,171728156,1787100029171728156,106.555079,,,,1150,1149,1,0,0,1150,AxisTarget,1,False,True,True,False,0.0,-90.0,90.0,0.0,90.0,0.0,445.0,0.0,810.0,-180.0,0.0,180.0,False,True,
38,/kuka/axis_move/feedback_json,std_msgs/msg/String,2026-08-18T20:40:29.327521-04:00,1787100029,327512594,1787100029327512594,155.784438,,,,1151,1150,1,0,0,1151,AxisTarget,1,False,True,True,False,0.0,-90.0,90.0,0.0,90.0,0.0,445.0,0.0,810.0,-180.0,0.0,180.0,False,True,
39,/kuka/axis_move/feedback_json,std_msgs/msg/String,2026-08-18T20:40:29.435234-04:00,1787100029,435222704,1787100029435222704,107.71011,,,,1152,1151,1,0,0,1152,AxisTarget,1,False,True,True,False,0.0,-90.0,90.0,0.0,90.0,0.0,445.0,0.0,810.0,-180.0,0.0,180.0,False,True,
40,/kuka/axis_move/feedback_json,std_msgs/msg/String,2026-08-18T20:40:29.543127-04:00,1787100029,543110683,1787100029543110683,107.887979,,,,1153,1152,1,0,0,1153,AxisTarget,1,False,True,True,False,0.0,-90.0,90.0,0.0,90.0,0.0,445.0,0.0,810.0,-180.0,0.0,180.0,False,True,
41,/kuka/axis_move/feedback_json,std_msgs/msg/String,2026-08-18T20:40:29.648929-04:00,1787100029,648920274,1787100029648920274,105.809591,,,,1154,1153,1,0,0,1154,AxisTarget,1,False,True,True,False,0.0,-90.0,90.0,0.0,90.0,0.0,445.0,0.0,810.0,-180.0,0.0,180.0,False,True,
42,/kuka/axis_move/feedback_json,std_msgs/msg/String,2026-08-18T20:40:29.764461-04:00,1787100029,764452513,1787100029764452513,115.532239,,,,1155,1154,1,0,0,1155,AxisTarget,1,False,True,True,False,0.0,-90.0,90.0,0.0,90.0,0.0,445.0,0.0,810.0,-180.0,0.0,180.0,False,True,
43,/kuka/axis_move/feedback_json,std_msgs/msg/String,2026-08-18T20:40:29.924747-04:00,1787100029,924739558,1787100029924739558,160.287045,,,,1156,1155,1,0,0,1156,AxisTarget,1,False,True,True,False,0.0,-90.0,90.0,0.0,90.0,0.0,445.0,0.0,810.0,-180.0,0.0,180.0,False,True,
44,/kuka/axis_move/feedback_json,std_msgs/msg/String,2026-08-18T20:40:30.031149-04:00,1787100030,31129799,1787100030031129799,106.390241,,,,1157,1156,1,0,0,1157,AxisTarget,1,False,True,True,False,0.0,-90.0,90.0,0.0,90.0,0.0,445.0,0.0,810.0,-180.0,0.0,180.0,False,True,
45,/kuka/axis_move/feedback_json,std_msgs/msg/String,2026-08-18T20:40:30.137144-04:00,1787100030,137132948,1787100030137132948,106.003149,,,,1158,1157,1,0,0,1158,AxisTarget,1,False,True,True,False,0.0,-90.0,90.0,0.0,90.0,0.0,445.0,0.0,810.0,-180.0,0.0,180.0,False,True,
46,/kuka/axis_move/feedback_json,std_msgs/msg/String,2026-08-18T20:40:30.246133-04:00,1787100030,246127170,1787100030246127170,108.994222,,,,1159,1158,1,0,0,1159,AxisTarget,1,False,True,True,False,0.0,-90.0,90.0,0.0,90.0,0.0,445.0,0.0,810.0,-180.0,0.0,180.0,False,True,
47,/kuka/axis_move/feedback_json,std_msgs/msg/String,2026-08-18T20:40:30.350079-04:00,1787100030,350067465,1787100030350067465,103.940295,,,,1160,1159,1,0,0,1160,AxisTarget,1,False,True,True,False,0.0,-90.0,90.0,0.0,90.0,0.0,445.0,0.0,810.0,-180.0,0.0,180.0,False,True,
48,/kuka/axis_move/feedback_json,std_msgs/msg/String,2026-08-18T20:40:30.506738-04:00,1787100030,506731785,1787100030506731785,156.66432,,,,1161,1160,1,0,0,1161,AxisTarget,1,False,True,True,False,0.0,-90.0,90.0,0.0,90.0,0.0,445.0,0.0,810.0,-180.0,0.0,180.0,False,True,
49,/kuka/axis_move/feedback_json,std_msgs/msg/String,2026-08-18T20:40:30.614623-04:00,1787100030,614606614,1787100030614606614,107.874829,,,,1162,1161,1,0,0,1162,AxisTarget,1,False,True,True,False,0.0,-90.0,90.0,0.0,90.0,0.0,445.0,0.0,810.0,-180.0,0.0,180.0,False,True,
50,/kuka/axis_move/feedback_json,std_msgs/msg/String,2026-08-18T20:40:30.723906-04:00,1787100030,723892517,1787100030723892517,109.285903,,,,1163,1162,1,0,0,1163,AxisTarget,1,False,True,True,False,0.0,-90.0,90.0,0.0,90.0,0.0,445.0,0.0,810.0,-180.0,0.0,180.0,False,True,
51,/kuka/axis_move/feedback_json,std_msgs/msg/String,2026-08-18T20:40:30.831053-04:00,1787100030,831044041,1787100030831044041,107.151524,,,,1164,1163,1,0,0,1164,AxisTarget,1,False,True,True,False,0.0,-90.0,90.0,0.0,90.0,0.0,445.0,0.0,810.0,-180.0,0.0,180.0,False,True,
52,/kuka/axis_move/feedback_json,std_msgs/msg/String,2026-08-18T20:40:30.935374-04:00,1787100030,935367301,1787100030935367301,104.32326,,,,1165,1164,1,0,0,1165,AxisTarget,1,False,True,True,False,0.0,-90.0,90.0,0.0,90.0,0.0,445.0,0.0,810.0,-180.0,0.0,180.0,False,True,
53,/kuka/axis_move/feedback_json,std_msgs/msg/String,2026-08-18T20:40:31.090788-04:00,1787100031,90782043,1787100031090782043,155.414742,,,,1166,1165,1,0,0,1166,AxisTarget,1,False,True,True,False,0.0,-90.0,90.0,0.0,90.0,0.0,445.0,0.0,810.0,-180.0,0.0,180.0,False,True,
54,/kuka/axis_move/feedback_json,std_msgs/msg/String,2026-08-18T20:40:31.198418-04:00,1787100031,198409847,1787100031198409847,107.627804,,,,1167,1166,1,0,0,1167,AxisTarget,1,False,True,True,False,0.0,-90.0,90.0,0.0,90.0,0.0,445.0,0.0,810.0,-180.0,0.0,180.0,False,True,
55,/kuka/axis_move/feedback_json,std_msgs/msg/String,2026-08-18T20:40:31.307743-04:00,1787100031,307725896,1787100031307725896,109.316049,,,,1168,1167,1,0,0,1168,AxisTarget,1,False,True,True,False,0.0,-90.0,90.0,0.0,90.0,0.0,445.0,0.0,810.0,-180.0,0.0,180.0,False,True,
56,/kuka/axis_move/feedback_json,std_msgs/msg/String,2026-08-18T20:40:31.414113-04:00,1787100031,414107882,1787100031414107882,106.381986,,,,1169,1168,1,0,0,1169,AxisTarget,1,False,True,True,False,0.0,-90.0,90.0,0.0,90.0,0.0,445.0,0.0,810.0,-180.0,0.0,180.0,False,True,
57,/kuka/axis_move/feedback_json,std_msgs/msg/String,2026-08-18T20:40:31.517787-04:00,1787100031,517779093,1787100031517779093,103.671211,,,,1170,1169,1,0,0,1170,AxisTarget,1,False,True,True,False,0.0,-90.0,90.0,0.0,90.0,0.0,445.0,0.0,810.0,-180.0,0.0,180.0,False,True,
58,/kuka/axis_move/feedback_json,std_msgs/msg/String,2026-08-18T20:40:31.671762-04:00,1787100031,671750269,1787100031671750269,153.971176,,,,1171,1170,1,0,0,1171,AxisTarget,1,False,True,True,False,0.0,-90.0,90.0,0.0,90.0,0.0,445.0,0.0,810.0,-180.0,0.0,180.0,False,True,
59,/kuka/axis_move/feedback_json,std_msgs/msg/String,2026-08-18T20:40:31.778725-04:00,1787100031,778709285,1787100031778709285,106.959016,,,,1172,1171,1,0,0,1172,AxisTarget,1,False,True,True,False,0.0,-90.0,90.0,0.0,90.0,0.0,445.0,0.0,810.0,-180.0,0.0,180.0,False,True,
60,/kuka/axis_move/feedback_json,std_msgs/msg/String,2026-08-18T20:40:31.885415-04:00,1787100031,885404608,1787100031885404608,106.695323,,,,1173,1172,1,0,0,1173,AxisTarget,1,False,True,True,False,0.0,-90.0,90.0,0.0,90.0,0.0,445.0,0.0,810.0,-180.0,0.0,180.0,False,True,
61,/kuka/axis_move/feedback_json,std_msgs/msg/String,2026-08-18T20:40:31.996684-04:00,1787100031,996678165,1787100031996678165,111.273557,,,,1174,1173,1,0,0,1174,AxisTarget,1,False,True,True,False,0.0,-90.0,90.0,0.0,90.0,0.0,445.0,0.0,810.0,-180.0,0.0,180.0,False,True,
62,/kuka/axis_move/feedback_json,std_msgs/msg/String,2026-08-18T20:40:32.105750-04:00,1787100032,105738861,1787100032105738861,109.060696,,,,1175,1174,1,0,0,1175,AxisTarget,1,False,True,True,False,0.0,-90.0,90.0,0.0,90.0,0.0,445.0,0.0,810.0,-180.0,0.0,180.0,False,True,
63,/kuka/axis_move/feedback_json,std_msgs/msg/String,2026-08-18T20:40:32.268628-04:00,1787100032,268609339,1787100032268609339,162.870478,,,,1176,1175,1,0,0,1176,AxisTarget,1,False,True,True,False,0.0,-90.0,90.0,0.0,90.0,0.0,445.0,0.0,810.0,-180.0,0.0,180.0,False,True,
64,/kuka/axis_move/feedback_json,std_msgs/msg/String,2026-08-18T20:40:32.374973-04:00,1787100032,374960480,1787100032374960480,106.351141,,,,1177,1176,1,0,0,1177,AxisTarget,1,False,True,True,False,0.0,-90.0,90.0,0.0,90.0,0.0,445.0,0.0,810.0,-180.0,0.0,180.0,False,True,
65,/kuka/axis_move/feedback_json,std_msgs/msg/String,2026-08-18T20:40:32.479752-04:00,1787100032,479728010,1787100032479728010,104.76753,,,,1178,1177,1,0,0,1178,AxisTarget,1,False,True,True,False,0.0,-90.0,90.0,0.0,90.0,0.0,445.0,0.0,810.0,-180.0,0.0,180.0,False,True,
66,/kuka/axis_move/feedback_json,std_msgs/msg/String,2026-08-18T20:40:32.588957-04:00,1787100032,588943827,1787100032588943827,109.215817,,,,1179,1178,1,0,0,1179,AxisTarget,1,False,True,True,False,0.0,-90.0,90.0,0.0,90.0,0.0,445.0,0.0,810.0,-180.0,0.0,180.0,False,True,
67,/kuka/axis_move/feedback_json,std_msgs/msg/String,2026-08-18T20:40:32.695732-04:00,1787100032,695719027,1787100032695719027,106.7752,,,,1180,1179,1,0,0,1180,AxisTarget,1,False,True,True,False,0.0,-90.0,90.0,0.0,90.0,0.0,445.0,0.0,810.0,-180.0,0.0,180.0,False,True,
68,/kuka/axis_move/feedback_json,std_msgs/msg/String,2026-08-18T20:40:32.851103-04:00,1787100032,851096599,1787100032851096599,155.377572,,,,1181,1180,1,0,0,1181,AxisTarget,1,False,True,True,False,0.0,-90.0,90.0,0.0,90.0,0.0,445.0,0.0,810.0,-180.0,0.0,180.0,False,True,
69,/kuka/axis_move/feedback_json,std_msgs/msg/String,2026-08-18T20:40:32.958828-04:00,1787100032,958815622,1787100032958815622,107.719023,,,,1182,1181,1,0,0,1182,AxisTarget,1,False,True,True,False,0.0,-90.0,90.0,0.0,90.0,0.0,445.0,0.0,810.0,-180.0,0.0,180.0,False,True,
70,/kuka/axis_move/feedback_json,std_msgs/msg/String,2026-08-18T20:40:33.069922-04:00,1787100033,69903139,1787100033069903139,111.087517,,,,1183,1182,1,0,0,1183,AxisTarget,1,False,True,True,False,0.0,-90.0,90.0,0.0,90.0,0.0,445.0,0.0,810.0,-180.0,0.0,180.0,False,True,
71,/kuka/axis_move/feedback_json,std_msgs/msg/String,2026-08-18T20:40:33.178533-04:00,1787100033,178519581,1787100033178519581,108.616442,,,,1184,1183,1,0,0,1184,AxisTarget,1,False,True,True,False,0.0,-90.0,90.0,0.0,90.0,0.0,445.0,0.0,810.0,-180.0,0.0,180.0,False,True,
72,/kuka/axis_move/feedback_json,std_msgs/msg/String,2026-08-18T20:40:33.285984-04:00,1787100033,285978119,1787100033285978119,107.458538,,,,1185,1184,1,0,0,1185,AxisTarget,1,False,True,True,False,0.0,-90.0,90.0,0.0,90.0,0.0,445.0,0.0,810.0,-180.0,0.0,180.0,False,True,
73,/kuka/axis_move/feedback_json,std_msgs/msg/String,2026-08-18T20:40:33.441877-04:00,1787100033,441870697,1787100033441870697,155.892578,,,,1186,1185,1,0,0,1186,AxisTarget,1,False,True,True,False,0.0,-90.0,90.0,0.0,90.0,0.0,445.0,0.0,810.0,-180.0,0.0,180.0,False,True,
74,/kuka/axis_move/feedback_json,std_msgs/msg/String,2026-08-18T20:40:33.549978-04:00,1787100033,549962305,1787100033549962305,108.091608,,,,1187,1186,1,0,0,1187,AxisTarget,1,False,True,True,False,0.0,-90.0,90.0,0.0,90.0,0.0,445.0,0.0,810.0,-180.0,0.0,180.0,False,True,
75,/kuka/axis_move/feedback_json,std_msgs/msg/String,2026-08-18T20:40:33.657782-04:00,1787100033,657770389,1787100033657770389,107.808084,,,,1188,1187,1,0,0,1188,AxisTarget,1,False,True,True,False,0.0,-90.0,90.0,0.0,90.0,0.0,445.0,0.0,810.0,-180.0,0.0,180.0,False,True,
76,/kuka/axis_move/feedback_json,std_msgs/msg/String,2026-08-18T20:40:33.765410-04:00,1787100033,765382164,1787100033765382164,107.611775,,,,1189,1188,1,0,0,1189,AxisTarget,1,False,True,True,False,0.0,-90.0,90.0,0.0,90.0,0.0,445.0,0.0,810.0,-180.0,0.0,180.0,False,True,
77,/kuka/axis_move/feedback_json,std_msgs/msg/String,2026-08-18T20:40:33.874585-04:00,1787100033,874572913,1787100033874572913,109.190749,,,,1190,1189,1,0,0,1190,AxisTarget,1,False,True,True,False,0.0,-90.0,90.0,0.0,90.0,0.0,445.0,0.0,810.0,-180.0,0.0,180.0,False,True,
78,/kuka/axis_move/feedback_json,std_msgs/msg/String,2026-08-18T20:40:34.028915-04:00,1787100034,28905093,1787100034028905093,154.33218,,,,1191,1190,1,0,0,1191,AxisTarget,1,False,True,True,False,0.0,-90.0,90.0,0.0,90.0,0.0,445.0,0.0,810.0,-180.0,0.0,180.0,False,True,
79,/kuka/axis_move/feedback_json,std_msgs/msg/String,2026-08-18T20:40:34.120466-04:00,1787100034,120437986,1787100034120437986,91.532893,,,,1192,1191,1,0,0,1192,AxisTarget,1,False,True,True,False,0.0,-90.0,90.0,0.0,90.0,0.0,445.0,0.0,810.0,-180.0,0.0,180.0,False,True,
80,/kuka/axis_move/feedback_json,std_msgs/msg/String,2026-08-18T20:40:34.227894-04:00,1787100034,227864295,1787100034227864295,107.426309,,,,1193,1192,1,0,0,1193,AxisTarget,1,False,True,True,False,0.0,-90.0,90.0,0.0,90.0,0.0,445.0,0.0,810.0,-180.0,0.0,180.0,False,True,
81,/kuka/axis_move/feedback_json,std_msgs/msg/String,2026-08-18T20:40:34.336239-04:00,1787100034,336233066,1787100034336233066,108.368771,,,,1194,1193,1,0,0,1194,AxisTarget,1,False,True,True,False,0.0,-90.0,90.0,0.0,90.0,0.0,445.0,0.0,810.0,-180.0,0.0,180.0,False,True,
82,/kuka/axis_move/feedback_json,std_msgs/msg/String,2026-08-18T20:40:34.447298-04:00,1787100034,447287873,1787100034447287873,111.054807,,,,1195,1194,1,0,0,1195,AxisTarget,1,False,True,True,False,0.0,-90.0,90.0,0.0,90.0,0.0,445.0,0.0,810.0,-180.0,0.0,180.0,False,True,
83,/kuka/axis_move/feedback_json,std_msgs/msg/String,2026-08-18T20:40:34.612158-04:00,1787100034,612147085,1787100034612147085,164.859212,,,,1196,1195,1,0,0,1196,AxisTarget,1,False,True,True,False,0.0,-90.0,90.0,0.0,90.0,0.0,445.0,0.0,810.0,-180.0,0.0,180.0,False,True,
84,/kuka/axis_move/feedback_json,std_msgs/msg/String,2026-08-18T20:40:34.716898-04:00,1787100034,716891349,1787100034716891349,104.744264,,,,1197,1196,1,0,0,1197,AxisTarget,1,False,True,True,False,0.0,-90.0,90.0,0.0,90.0,0.0,445.0,0.0,810.0,-180.0,0.0,180.0,False,True,
85,/kuka/axis_move/feedback_json,std_msgs/msg/String,2026-08-18T20:40:34.830372-04:00,1787100034,830365605,1787100034830365605,113.474256,,,,1198,1197,1,0,0,1198,AxisTarget,1,False,True,True,False,0.0,-90.0,90.0,0.0,90.0,0.0,445.0,0.0,810.0,-180.0,0.0,180.0,False,True,
86,/kuka/axis_move/feedback_json,std_msgs/msg/String,2026-08-18T20:40:34.936411-04:00,1787100034,936403457,1787100034936403457,106.037852,,,,1199,1198,1,0,0,1199,AxisTarget,1,False,True,True,False,0.0,-90.0,90.0,0.0,90.0,0.0,445.0,0.0,810.0,-180.0,0.0,180.0,False,True,
87,/kuka/axis_move/feedback_json,std_msgs/msg/String,2026-08-18T20:40:35.047218-04:00,1787100035,47207835,1787100035047207835,110.804378,,,,1200,1199,1,0,0,1200,AxisTarget,1,False,True,True,False,0.0,-90.0,90.0,0.0,90.0,0.0,445.0,0.0,810.0,-180.0,0.0,180.0,False,True,
88,/kuka/axis_move/feedback_json,std_msgs/msg/String,2026-08-18T20:40:35.201955-04:00,1787100035,201944317,1787100035201944317,154.736482,,,,1201,1200,1,0,0,1201,AxisTarget,1,False,True,True,False,0.0,-90.0,90.0,0.0,90.0,0.0,445.0,0.0,810.0,-180.0,0.0,180.0,False,True,
89,/kuka/axis_move/feedback_json,std_msgs/msg/String,2026-08-18T20:40:35.314303-04:00,1787100035,314290430,1787100035314290430,112.346113,,,,1202,1201,1,0,0,1202,AxisTarget,1,False,True,True,False,0.0,-90.0,90.0,0.0,90.0,0.0,445.0,0.0,810.0,-180.0,0.0,180.0,False,True,
90,/kuka/axis_move/feedback_json,std_msgs/msg/String,2026-08-18T20:40:35.422458-04:00,1787100035,422444231,1787100035422444231,108.153801,,,,1203,1202,1,0,0,1203,AxisTarget,1,False,True,True,False,0.0,-90.0,90.0,0.0,90.0,0.0,445.0,0.0,810.0,-180.0,0.0,180.0,False,True,
91,/kuka/axis_move/feedback_json,std_msgs/msg/String,2026-08-18T20:40:35.530857-04:00,1787100035,530838119,1787100035530838119,108.393888,,,,1204,1203,1,0,0,1204,AxisTarget,1,False,True,True,False,0.0,-90.0,90.0,0.0,90.0,0.0,445.0,0.0,810.0,-180.0,0.0,180.0,False,True,
92,/kuka/axis_move/feedback_json,std_msgs/msg/String,2026-08-18T20:40:35.636054-04:00,1787100035,636049107,1787100035636049107,105.210988,,,,1205,1204,1,0,0,1205,AxisTarget,1,False,True,True,False,0.0,-90.0,90.0,0.0,90.0,0.0,445.0,0.0,810.0,-180.0,0.0,180.0,False,True,
93,/kuka/axis_move/feedback_json,std_msgs/msg/String,2026-08-18T20:40:35.794089-04:00,1787100035,794078327,1787100035794078327,158.02922,,,,1206,1205,1,0,0,1206,AxisTarget,1,False,True,True,False,0.0,-90.0,90.0,0.0,90.0,0.0,445.0,0.0,810.0,-180.0,0.0,180.0,False,True,
94,/kuka/axis_move/feedback_json,std_msgs/msg/String,2026-08-18T20:40:35.900619-04:00,1787100035,900613604,1787100035900613604,106.535277,,,,1207,1206,1,0,0,1207,AxisTarget,1,False,True,True,False,0.0,-90.0,90.0,0.0,90.0,0.0,445.0,0.0,810.0,-180.0,0.0,180.0,False,True,
95,/kuka/axis_move/feedback_json,std_msgs/msg/String,2026-08-18T20:40:36.014067-04:00,1787100036,14055577,1787100036014055577,113.441973,,,,1208,1207,1,0,0,1208,AxisTarget,1,False,True,True,False,0.0,-90.0,90.0,0.0,90.0,0.0,445.0,0.0,810.0,-180.0,0.0,180.0,False,True,
96,/kuka/axis_move/feedback_json,std_msgs/msg/String,2026-08-18T20:40:36.123946-04:00,1787100036,123928860,1787100036123928860,109.873283,,,,1209,1208,1,0,0,1209,AxisTarget,1,False,True,True,False,0.0,-90.0,90.0,0.0,90.0,0.0,445.0,0.0,810.0,-180.0,0.0,180.0,False,True,
97,/kuka/axis_move/feedback_json,std_msgs/msg/String,2026-08-18T20:40:36.233833-04:00,1787100036,233820862,1787100036233820862,109.892002,,,,1210,1209,1,0,0,1210,AxisTarget,1,False,True,True,False,0.0,-90.0,90.0,0.0,90.0,0.0,445.0,0.0,810.0,-180.0,0.0,180.0,False,True,
98,/kuka/axis_move/feedback_json,std_msgs/msg/String,2026-08-18T20:40:36.391379-04:00,1787100036,391368900,1787100036391368900,157.548038,,,,1211,1210,1,0,0,1211,AxisTarget,1,False,True,True,False,0.0,-90.0,90.0,0.0,90.0,0.0,445.0,0.0,810.0,-180.0,0.0,180.0,False,True,
99,/kuka/axis_move/feedback_json,std_msgs/msg/String,2026-08-18T20:40:36.499075-04:00,1787100036,499055022,1787100036499055022,107.686122,,,,1212,1211,1,0,0,1212,AxisTarget,1,False,True,True,False,0.0,-90.0,90.0,0.0,90.0,0.0,445.0,0.0,810.0,-180.0,0.0,180.0,False,True,
100,/kuka/axis_move/feedback_json,std_msgs/msg/String,2026-08-18T20:40:36.603079-04:00,1787100036,603048960,1787100036603048960,103.993938,,,,1213,1212,1,0,0,1213,AxisTarget,1,False,True,True,False,0.0,-90.0,90.0,0.0,90.0,0.0,445.0,0.0,810.0,-180.0,0.0,180.0,False,True,
101,/kuka/axis_move/feedback_json,std_msgs/msg/String,2026-08-18T20:40:36.708928-04:00,1787100036,708922387,1787100036708922387,105.873427,,,,1214,1213,1,0,0,1214,AxisTarget,1,False,True,True,False,0.0,-90.0,90.0,0.0,90.0,0.0,445.0,0.0,810.0,-180.0,0.0,180.0,False,True,
102,/kuka/axis_move/feedback_json,std_msgs/msg/String,2026-08-18T20:40:36.816164-04:00,1787100036,816152077,1787100036816152077,107.22969,,,,1215,1214,1,0,0,1215,AxisTarget,1,False,True,True,False,0.0,-90.0,90.0,0.0,90.0,0.0,445.0,0.0,810.0,-180.0,0.0,180.0,False,True,
103,/kuka/axis_move/feedback_json,std_msgs/msg/String,2026-08-18T20:40:36.974412-04:00,1787100036,974400187,1787100036974400187,158.24811,,,,1216,1215,1,0,0,1216,AxisTarget,1,False,True,True,False,0.0,-90.0,90.0,0.0,90.0,0.0,445.0,0.0,810.0,-180.0,0.0,180.0,False,True,
104,/kuka/axis_move/feedback_json,std_msgs/msg/String,2026-08-18T20:40:37.080475-04:00,1787100037,80431436,1787100037080431436,106.031249,,,,1217,1216,1,0,0,1217,AxisTarget,1,False,True,True,False,0.0,-90.0,90.0,0.0,90.0,0.0,445.0,0.0,810.0,-180.0,0.0,180.0,False,True,
105,/kuka/axis_move/feedback_json,std_msgs/msg/String,2026-08-18T20:40:37.188683-04:00,1787100037,188666802,1787100037188666802,108.235366,,,,1218,1217,1,0,0,1218,AxisTarget,1,False,True,True,False,0.0,-90.0,90.0,0.0,90.0,0.0,445.0,0.0,810.0,-180.0,0.0,180.0,False,True,
106,/kuka/axis_move/feedback_json,std_msgs/msg/String,2026-08-18T20:40:37.295822-04:00,1787100037,295816966,1787100037295816966,107.150164,,,,1219,1218,1,0,0,1219,AxisTarget,1,False,True,True,False,0.0,-90.0,90.0,0.0,90.0,0.0,445.0,0.0,810.0,-180.0,0.0,180.0,False,True,
107,/kuka/axis_move/feedback_json,std_msgs/msg/String,2026-08-18T20:40:37.403860-04:00,1787100037,403854463,1787100037403854463,108.037497,,,,1220,1219,1,0,0,1220,AxisTarget,1,False,True,True,False,0.0,-90.0,90.0,0.0,90.0,0.0,445.0,0.0,810.0,-180.0,0.0,180.0,False,True,
108,/kuka/axis_move/feedback_json,std_msgs/msg/String,2026-08-18T20:40:37.565542-04:00,1787100037,565534168,1787100037565534168,161.679705,,,,1221,1220,1,0,0,1221,AxisTarget,1,False,True,True,False,0.0,-90.0,90.0,0.0,90.0,0.0,445.0,0.0,810.0,-180.0,0.0,180.0,False,True,
109,/kuka/axis_move/feedback_json,std_msgs/msg/String,2026-08-18T20:40:37.653325-04:00,1787100037,653319190,1787100037653319190,87.785022,,,,1222,1221,1,0,0,1222,AxisTarget,1,False,True,True,False,0.0,-90.0,90.0,0.0,90.0,0.0,445.0,0.0,810.0,-180.0,0.0,180.0,False,True,
110,/kuka/axis_move/feedback_json,std_msgs/msg/String,2026-08-18T20:40:37.763488-04:00,1787100037,763482785,1787100037763482785,110.163595,,,,1223,1222,1,0,0,1223,AxisTarget,1,False,True,True,False,0.0,-90.0,90.0,0.0,90.0,0.0,445.0,0.0,810.0,-180.0,0.0,180.0,False,True,
111,/kuka/axis_move/feedback_json,std_msgs/msg/String,2026-08-18T20:40:37.871632-04:00,1787100037,871625636,1787100037871625636,108.142851,,,,1224,1223,1,0,0,1224,AxisTarget,1,False,True,True,False,0.0,-90.0,90.0,0.0,90.0,0.0,445.0,0.0,810.0,-180.0,0.0,180.0,False,True,
112,/kuka/axis_move/feedback_json,std_msgs/msg/String,2026-08-18T20:40:37.983091-04:00,1787100037,983083129,1787100037983083129,111.457493,,,,1225,1224,1,0,0,1225,AxisTarget,1,False,True,True,False,0.0,-90.0,90.0,0.0,90.0,0.0,445.0,0.0,810.0,-180.0,0.0,180.0,False,True,
113,/kuka/axis_move/feedback_json,std_msgs/msg/String,2026-08-18T20:40:38.141333-04:00,1787100038,141323705,1787100038141323705,158.240576,,,,1226,1225,1,0,0,1226,AxisTarget,1,False,True,True,False,0.0,-90.0,90.0,0.0,90.0,0.0,445.0,0.0,810.0,-180.0,0.0,180.0,False,True,
114,/kuka/axis_move/feedback_json,std_msgs/msg/String,2026-08-18T20:40:38.245812-04:00,1787100038,245803281,1787100038245803281,104.479576,,,,1227,1226,1,0,0,1227,AxisTarget,1,False,True,True,False,0.0,-90.0,90.0,0.0,90.0,0.0,445.0,0.0,810.0,-180.0,0.0,180.0,False,True,
115,/kuka/axis_move/feedback_json,std_msgs/msg/String,2026-08-18T20:40:38.353292-04:00,1787100038,353286167,1787100038353286167,107.482886,,,,1228,1227,1,0,0,1228,AxisTarget,1,False,True,True,False,0.0,-90.0,90.0,0.0,90.0,0.0,445.0,0.0,810.0,-180.0,0.0,180.0,False,True,
116,/kuka/axis_move/feedback_json,std_msgs/msg/String,2026-08-18T20:40:38.458702-04:00,1787100038,458695552,1787100038458695552,105.409385,,,,1229,1228,1,0,0,1229,AxisTarget,1,False,True,True,False,0.0,-90.0,90.0,0.0,90.0,0.0,445.0,0.0,810.0,-180.0,0.0,180.0,False,True,
117,/kuka/axis_move/feedback_json,std_msgs/msg/String,2026-08-18T20:40:38.566317-04:00,1787100038,566311151,1787100038566311151,107.615599,,,,1230,1229,1,0,0,1230,AxisTarget,1,False,True,True,False,0.0,-90.0,90.0,0.0,90.0,0.0,445.0,0.0,810.0,-180.0,0.0,180.0,False,True,
118,/kuka/axis_move/feedback_json,std_msgs/msg/String,2026-08-18T20:40:38.726072-04:00,1787100038,726063185,1787100038726063185,159.752034,,,,1231,1230,1,0,0,1231,AxisTarget,1,False,True,True,False,0.0,-90.0,90.0,0.0,90.0,0.0,445.0,0.0,810.0,-180.0,0.0,180.0,False,True,
119,/kuka/axis_move/feedback_json,std_msgs/msg/String,2026-08-18T20:40:38.834755-04:00,1787100038,834737463,1787100038834737463,108.674278,,,,1232,1231,1,0,0,1232,AxisTarget,1,False,True,True,False,0.0,-90.0,90.0,0.0,90.0,0.0,445.0,0.0,810.0,-180.0,0.0,180.0,False,True,
120,/kuka/axis_move/feedback_json,std_msgs/msg/String,2026-08-18T20:40:38.941601-04:00,1787100038,941578410,1787100038941578410,106.840947,,,,1233,1232,1,0,0,1233,AxisTarget,1,False,True,True,False,0.0,-90.0,90.0,0.0,90.0,0.0,445.0,0.0,810.0,-180.0,0.0,180.0,False,True,
121,/kuka/axis_move/feedback_json,std_msgs/msg/String,2026-08-18T20:40:39.050036-04:00,1787100039,50020980,1787100039050020980,108.44257,,,,1234,1233,1,0,0,1234,AxisTarget,1,False,True,True,False,0.0,-90.0,90.0,0.0,90.0,0.0,445.0,0.0,810.0,-180.0,0.0,180.0,False,True,
122,/kuka/axis_move/feedback_json,std_msgs/msg/String,2026-08-18T20:40:39.157952-04:00,1787100039,157941482,1787100039157941482,107.920502,,,,1235,1234,1,0,0,1235,AxisTarget,1,False,True,True,False,0.0,-90.0,90.0,0.0,90.0,0.0,445.0,0.0,810.0,-180.0,0.0,180.0,False,True,
123,/kuka/axis_move/feedback_json,std_msgs/msg/String,2026-08-18T20:40:39.313559-04:00,1787100039,313548759,1787100039313548759,155.607277,,,,1236,1235,1,0,0,1236,AxisTarget,1,False,True,True,False,0.0,-90.0,90.0,0.0,90.0,0.0,445.0,0.0,810.0,-180.0,0.0,180.0,False,True,
124,/kuka/axis_move/feedback_json,std_msgs/msg/String,2026-08-18T20:40:39.418573-04:00,1787100039,418566892,1787100039418566892,105.018133,,,,1237,1236,1,0,0,1237,AxisTarget,1,False,True,True,False,0.0,-90.0,90.0,0.0,90.0,0.0,445.0,0.0,810.0,-180.0,0.0,180.0,False,True,
125,/kuka/axis_move/feedback_json,std_msgs/msg/String,2026-08-18T20:40:39.525715-04:00,1787100039,525698114,1787100039525698114,107.131222,,,,1238,1237,1,0,0,1238,AxisTarget,1,False,True,True,False,0.0,-90.0,90.0,0.0,90.0,0.0,445.0,0.0,810.0,-180.0,0.0,180.0,False,True,
126,/kuka/axis_move/feedback_json,std_msgs/msg/String,2026-08-18T20:40:39.634946-04:00,1787100039,634933958,1787100039634933958,109.235844,,,,1239,1238,1,0,0,1239,AxisTarget,1,False,True,True,False,0.0,-90.0,90.0,0.0,90.0,0.0,445.0,0.0,810.0,-180.0,0.0,180.0,False,True,
127,/kuka/axis_move/feedback_json,std_msgs/msg/String,2026-08-18T20:40:39.745034-04:00,1787100039,745017708,1787100039745017708,110.08375,,,,1240,1239,1,0,0,1240,AxisTarget,1,False,True,True,False,0.0,-90.0,90.0,0.0,90.0,0.0,445.0,0.0,810.0,-180.0,0.0,180.0,False,True,
128,/kuka/axis_move/feedback_json,std_msgs/msg/String,2026-08-18T20:40:39.911908-04:00,1787100039,911897254,1787100039911897254,166.879546,,,,1241,1240,1,0,0,1241,AxisTarget,1,False,True,True,False,0.0,-90.0,90.0,0.0,90.0,0.0,445.0,0.0,810.0,-180.0,0.0,180.0,False,True,
129,/kuka/axis_move/feedback_json,std_msgs/msg/String,2026-08-18T20:40:40.019860-04:00,1787100040,19847876,1787100040019847876,107.950622,,,,1242,1241,1,0,0,1242,AxisTarget,1,False,True,True,False,0.0,-90.0,90.0,0.0,90.0,0.0,445.0,0.0,810.0,-180.0,0.0,180.0,False,True,
130,/kuka/axis_move/feedback_json,std_msgs/msg/String,2026-08-18T20:40:40.126528-04:00,1787100040,126520075,1787100040126520075,106.672199,,,,1243,1242,1,0,0,1243,AxisTarget,1,False,True,True,False,0.0,-90.0,90.0,0.0,90.0,0.0,445.0,0.0,810.0,-180.0,0.0,180.0,False,True,
131,/kuka/axis_move/feedback_json,std_msgs/msg/String,2026-08-18T20:40:40.236291-04:00,1787100040,236285795,1787100040236285795,109.76572,,,,1244,1243,1,0,0,1244,AxisTarget,1,False,True,True,False,0.0,-90.0,90.0,0.0,90.0,0.0,445.0,0.0,810.0,-180.0,0.0,180.0,False,True,
132,/kuka/axis_move/feedback_json,std_msgs/msg/String,2026-08-18T20:40:40.342031-04:00,1787100040,342021718,1787100040342021718,105.735923,,,,1245,1244,1,0,0,1245,AxisTarget,1,False,True,True,False,0.0,-90.0,90.0,0.0,90.0,0.0,445.0,0.0,810.0,-180.0,0.0,180.0,False,True,
133,/kuka/axis_move/feedback_json,std_msgs/msg/String,2026-08-18T20:40:40.498934-04:00,1787100040,498914022,1787100040498914022,156.892304,,,,1246,1245,1,0,0,1246,AxisTarget,1,False,True,True,False,0.0,-90.0,90.0,0.0,90.0,0.0,445.0,0.0,810.0,-180.0,0.0,180.0,False,True,
134,/kuka/axis_move/feedback_json,std_msgs/msg/String,2026-08-18T20:40:40.592038-04:00,1787100040,592026368,1787100040592026368,93.112346,,,,1247,1246,1,0,0,1247,AxisTarget,1,False,True,True,False,0.0,-90.0,90.0,0.0,90.0,0.0,445.0,0.0,810.0,-180.0,0.0,180.0,False,True,
135,/kuka/axis_move/feedback_json,std_msgs/msg/String,2026-08-18T20:40:40.696076-04:00,1787100040,696055403,1787100040696055403,104.029035,,,,1248,1247,1,0,0,1248,AxisTarget,1,False,True,True,False,0.0,-90.0,90.0,0.0,90.0,0.0,445.0,0.0,810.0,-180.0,0.0,180.0,False,True,
136,/kuka/axis_move/feedback_json,std_msgs/msg/String,2026-08-18T20:40:40.804372-04:00,1787100040,804359836,1787100040804359836,108.304433,,,,1249,1248,1,0,0,1249,AxisTarget,1,False,True,True,False,0.0,-90.0,90.0,0.0,90.0,0.0,445.0,0.0,810.0,-180.0,0.0,180.0,False,True,
137,/kuka/axis_move/feedback_json,std_msgs/msg/String,2026-08-18T20:40:40.916198-04:00,1787100040,916192363,1787100040916192363,111.832527,,,,1250,1249,1,0,0,1250,AxisTarget,1,False,True,True,False,0.0,-90.0,90.0,0.0,90.0,0.0,445.0,0.0,810.0,-180.0,0.0,180.0,False,True,
138,/kuka/axis_move/feedback_json,std_msgs/msg/String,2026-08-18T20:40:41.075805-04:00,1787100041,75793115,1787100041075793115,159.600752,,,,1251,1250,1,0,0,1251,AxisTarget,1,False,True,True,False,0.0,-90.0,90.0,0.0,90.0,0.0,445.0,0.0,810.0,-180.0,0.0,180.0,False,True,
139,/kuka/axis_move/feedback_json,std_msgs/msg/String,2026-08-18T20:40:41.182406-04:00,1787100041,182397947,1787100041182397947,106.604832,,,,1252,1251,1,0,0,1252,AxisTarget,1,False,True,True,False,0.0,-90.0,90.0,0.0,90.0,0.0,445.0,0.0,810.0,-180.0,0.0,180.0,False,True,
140,/kuka/axis_move/feedback_json,std_msgs/msg/String,2026-08-18T20:40:41.289558-04:00,1787100041,289547023,1787100041289547023,107.149076,,,,1253,1252,1,0,0,1253,AxisTarget,1,False,True,True,False,0.0,-90.0,90.0,0.0,90.0,0.0,445.0,0.0,810.0,-180.0,0.0,180.0,False,True,
141,/kuka/axis_move/feedback_json,std_msgs/msg/String,2026-08-18T20:40:41.399572-04:00,1787100041,399560420,1787100041399560420,110.013397,,,,1254,1253,1,0,0,1254,AxisTarget,1,False,True,True,False,0.0,-90.0,90.0,0.0,90.0,0.0,445.0,0.0,810.0,-180.0,0.0,180.0,False,True,
142,/kuka/axis_move/feedback_json,std_msgs/msg/String,2026-08-18T20:40:41.507365-04:00,1787100041,507354854,1787100041507354854,107.794434,,,,1255,1254,1,0,0,1255,AxisTarget,1,False,True,True,False,0.0,-90.0,90.0,0.0,90.0,0.0,445.0,0.0,810.0,-180.0,0.0,180.0,False,True,
143,/kuka/axis_move/feedback_json,std_msgs/msg/String,2026-08-18T20:40:41.662923-04:00,1787100041,662913976,1787100041662913976,155.559122,,,,1256,1255,1,0,0,1256,AxisTarget,1,False,True,True,False,0.0,-90.0,90.0,0.0,90.0,0.0,445.0,0.0,810.0,-180.0,0.0,180.0,False,True,
144,/kuka/axis_move/feedback_json,std_msgs/msg/String,2026-08-18T20:40:41.771631-04:00,1787100041,771611075,1787100041771611075,108.697099,,,,1257,1256,1,0,0,1257,AxisTarget,1,False,True,True,False,0.0,-90.0,90.0,0.0,90.0,0.0,445.0,0.0,810.0,-180.0,0.0,180.0,False,True,
145,/kuka/axis_move/feedback_json,std_msgs/msg/String,2026-08-18T20:40:41.878785-04:00,1787100041,878778969,1787100041878778969,107.167894,,,,1258,1257,1,0,0,1258,AxisTarget,1,False,True,True,False,0.0,-90.0,90.0,0.0,90.0,0.0,445.0,0.0,810.0,-180.0,0.0,180.0,False,True,
146,/kuka/axis_move/feedback_json,std_msgs/msg/String,2026-08-18T20:40:41.986909-04:00,1787100041,986898903,1787100041986898903,108.119934,,,,1259,1258,1,0,0,1259,AxisTarget,1,False,True,True,False,0.0,-90.0,90.0,0.0,90.0,0.0,445.0,0.0,810.0,-180.0,0.0,180.0,False,True,
147,/kuka/axis_move/feedback_json,std_msgs/msg/String,2026-08-18T20:40:42.095027-04:00,1787100042,95015479,1787100042095015479,108.116576,,,,1260,1259,1,0,0,1260,AxisTarget,1,False,True,True,False,0.0,-90.0,90.0,0.0,90.0,0.0,445.0,0.0,810.0,-180.0,0.0,180.0,False,True,
148,/kuka/axis_move/feedback_json,std_msgs/msg/String,2026-08-18T20:40:42.250545-04:00,1787100042,250534971,1787100042250534971,155.519492,,,,1261,1260,1,0,0,1261,AxisTarget,1,False,True,True,False,0.0,-90.0,90.0,0.0,90.0,0.0,445.0,0.0,810.0,-180.0,0.0,180.0,False,True,
149,/kuka/axis_move/feedback_json,std_msgs/msg/String,2026-08-18T20:40:42.356828-04:00,1787100042,356810204,1787100042356810204,106.275233,,,,1262,1261,1,0,0,1262,AxisTarget,1,False,True,True,False,0.0,-90.0,90.0,0.0,90.0,0.0,445.0,0.0,810.0,-180.0,0.0,180.0,False,True,
150,/kuka/axis_move/feedback_json,std_msgs/msg/String,2026-08-18T20:40:42.466463-04:00,1787100042,466452297,1787100042466452297,109.642093,,,,1263,1262,1,0,0,1263,AxisTarget,1,False,True,True,False,0.0,-90.0,90.0,0.0,90.0,0.0,445.0,0.0,810.0,-180.0,0.0,180.0,False,True,
151,/kuka/axis_move/feedback_json,std_msgs/msg/String,2026-08-18T20:40:42.574248-04:00,1787100042,574231559,1787100042574231559,107.779262,,,,1264,1263,1,0,0,1264,AxisTarget,1,False,True,True,False,0.0,-90.0,90.0,0.0,90.0,0.0,445.0,0.0,810.0,-180.0,0.0,180.0,False,True,
152,/kuka/axis_move/feedback_json,std_msgs/msg/String,2026-08-18T20:40:42.679494-04:00,1787100042,679474567,1787100042679474567,105.243008,,,,1265,1264,1,0,0,1265,AxisTarget,1,False,True,True,False,0.0,-90.0,90.0,0.0,90.0,0.0,445.0,0.0,810.0,-180.0,0.0,180.0,False,True,
153,/kuka/axis_move/feedback_json,std_msgs/msg/String,2026-08-18T20:40:42.843303-04:00,1787100042,843293829,1787100042843293829,163.819262,,,,1266,1265,1,0,0,1266,AxisTarget,1,False,True,True,False,0.0,-90.0,90.0,0.0,90.0,0.0,445.0,0.0,810.0,-180.0,0.0,180.0,False,True,
154,/kuka/axis_move/feedback_json,std_msgs/msg/String,2026-08-18T20:40:42.956240-04:00,1787100042,956228771,1787100042956228771,112.934942,,,,1267,1266,1,0,0,1267,AxisTarget,1,False,True,True,False,0.0,-90.0,90.0,0.0,90.0,0.0,445.0,0.0,810.0,-180.0,0.0,180.0,False,True,
155,/kuka/axis_move/feedback_json,std_msgs/msg/String,2026-08-18T20:40:43.063945-04:00,1787100043,63933930,1787100043063933930,107.705159,,,,1268,1267,1,0,0,1268,AxisTarget,1,False,True,True,False,0.0,-90.0,90.0,0.0,90.0,0.0,445.0,0.0,810.0,-180.0,0.0,180.0,False,True,
156,/kuka/axis_move/feedback_json,std_msgs/msg/String,2026-08-18T20:40:43.175235-04:00,1787100043,175216927,1787100043175216927,111.282997,,,,1269,1268,1,0,0,1269,AxisTarget,1,False,True,True,False,0.0,-90.0,90.0,0.0,90.0,0.0,445.0,0.0,810.0,-180.0,0.0,180.0,False,True,
157,/kuka/axis_move/feedback_json,std_msgs/msg/String,2026-08-18T20:40:43.286736-04:00,1787100043,286723692,1787100043286723692,111.506765,,,,1270,1269,1,0,0,1270,AxisTarget,1,False,True,True,False,0.0,-90.0,90.0,0.0,90.0,0.0,445.0,0.0,810.0,-180.0,0.0,180.0,False,True,
158,/kuka/axis_move/feedback_json,std_msgs/msg/String,2026-08-18T20:40:43.449789-04:00,1787100043,449777548,1787100043449777548,163.053856,,,,1271,1270,1,0,0,1271,AxisTarget,1,False,True,True,False,0.0,-90.0,90.0,0.0,90.0,0.0,445.0,0.0,810.0,-180.0,0.0,180.0,False,True,
159,/kuka/axis_move/feedback_json,std_msgs/msg/String,2026-08-18T20:40:43.563168-04:00,1787100043,563157084,1787100043563157084,113.379536,,,,1272,1271,1,0,0,1272,AxisTarget,1,False,True,True,False,0.0,-90.0,90.0,0.0,90.0,0.0,445.0,0.0,810.0,-180.0,0.0,180.0,False,True,
160,/kuka/axis_move/feedback_json,std_msgs/msg/String,2026-08-18T20:40:43.674274-04:00,1787100043,674268060,1787100043674268060,111.110976,,,,1273,1272,1,0,0,1273,AxisTarget,1,False,True,True,False,0.0,-90.0,90.0,0.0,90.0,0.0,445.0,0.0,810.0,-180.0,0.0,180.0,False,True,
161,/kuka/axis_move/feedback_json,std_msgs/msg/String,2026-08-18T20:40:43.786074-04:00,1787100043,786061830,1787100043786061830,111.79377,,,,1274,1273,1,0,0,1274,AxisTarget,1,False,True,True,False,0.0,-90.0,90.0,0.0,90.0,0.0,445.0,0.0,810.0,-180.0,0.0,180.0,False,True,
162,/kuka/axis_move/feedback_json,std_msgs/msg/String,2026-08-18T20:40:43.897490-04:00,1787100043,897478920,1787100043897478920,111.41709,,,,1275,1274,1,0,0,1275,AxisTarget,1,False,True,True,False,0.0,-90.0,90.0,0.0,90.0,0.0,445.0,0.0,810.0,-180.0,0.0,180.0,False,True,
163,/kuka/axis_move/feedback_json,std_msgs/msg/String,2026-08-18T20:40:44.066491-04:00,1787100044,66478177,1787100044066478177,168.999257,,,,1276,1275,1,0,0,1276,AxisTarget,1,False,True,True,False,0.0,-90.0,90.0,0.0,90.0,0.0,445.0,0.0,810.0,-180.0,0.0,180.0,False,True,
164,/kuka/axis_move/feedback_json,std_msgs/msg/String,2026-08-18T20:40:44.154772-04:00,1787100044,154759272,1787100044154759272,88.281095,,,,1277,1276,1,0,0,1277,AxisTarget,1,False,True,True,False,0.0,-90.0,90.0,0.0,90.0,0.0,445.0,0.0,810.0,-180.0,0.0,180.0,False,True,
165,/kuka/axis_move/feedback_json,std_msgs/msg/String,2026-08-18T20:40:44.265546-04:00,1787100044,265534091,1787100044265534091,110.774819,,,,1278,1277,1,0,0,1278,AxisTarget,1,False,True,True,False,0.0,-90.0,90.0,0.0,90.0,0.0,445.0,0.0,810.0,-180.0,0.0,180.0,False,True,
166,/kuka/axis_move/feedback_json,std_msgs/msg/String,2026-08-18T20:40:44.374622-04:00,1787100044,374610558,1787100044374610558,109.076467,,,,1279,1278,1,0,0,1279,AxisTarget,1,False,True,True,False,0.0,-90.0,90.0,0.0,90.0,0.0,445.0,0.0,810.0,-180.0,0.0,180.0,False,True,
167,/kuka/axis_move/feedback_json,std_msgs/msg/String,2026-08-18T20:40:44.485639-04:00,1787100044,485609539,1787100044485609539,110.998981,,,,1280,1279,1,0,0,1280,AxisTarget,1,False,True,True,False,0.0,-90.0,90.0,0.0,90.0,0.0,445.0,0.0,810.0,-180.0,0.0,180.0,False,True,
168,/kuka/axis_move/feedback_json,std_msgs/msg/String,2026-08-18T20:40:44.645782-04:00,1787100044,645772808,1787100044645772808,160.163269,,,,1281,1280,1,0,0,1281,AxisTarget,1,False,True,True,False,0.0,-90.0,90.0,0.0,90.0,0.0,445.0,0.0,810.0,-180.0,0.0,180.0,False,True,
169,/kuka/axis_move/feedback_json,std_msgs/msg/String,2026-08-18T20:40:44.757095-04:00,1787100044,757075825,1787100044757075825,111.303017,,,,1282,1281,1,0,0,1282,AxisTarget,1,False,True,True,False,0.0,-90.0,90.0,0.0,90.0,0.0,445.0,0.0,810.0,-180.0,0.0,180.0,False,True,
170,/kuka/axis_move/feedback_json,std_msgs/msg/String,2026-08-18T20:40:44.868204-04:00,1787100044,868195617,1787100044868195617,111.119792,,,,1283,1282,1,0,0,1283,AxisTarget,1,False,True,True,False,0.0,-90.0,90.0,0.0,90.0,0.0,445.0,0.0,810.0,-180.0,0.0,180.0,False,True,
171,/kuka/axis_move/feedback_json,std_msgs/msg/String,2026-08-18T20:40:44.978585-04:00,1787100044,978579338,1787100044978579338,110.383721,,,,1284,1283,1,0,0,1284,AxisTarget,1,False,True,True,False,0.0,-90.0,90.0,0.0,90.0,0.0,445.0,0.0,810.0,-180.0,0.0,180.0,False,True,
172,/kuka/axis_move/feedback_json,std_msgs/msg/String,2026-08-18T20:40:45.089566-04:00,1787100045,89548340,1787100045089548340,110.969002,,,,1285,1284,1,0,0,1285,AxisTarget,1,False,True,True,False,0.0,-90.0,90.0,0.0,90.0,0.0,445.0,0.0,810.0,-180.0,0.0,180.0,False,True,
173,/kuka/axis_move/feedback_json,std_msgs/msg/String,2026-08-18T20:40:45.251737-04:00,1787100045,251720835,1787100045251720835,162.172495,,,,1286,1285,1,0,0,1286,AxisTarget,1,False,True,True,False,0.0,-90.0,90.0,0.0,90.0,0.0,445.0,0.0,810.0,-180.0,0.0,180.0,False,True,
174,/kuka/axis_move/feedback_json,std_msgs/msg/String,2026-08-18T20:40:45.364583-04:00,1787100045,364569540,1787100045364569540,112.848705,,,,1287,1286,1,0,0,1287,AxisTarget,1,False,True,True,False,0.0,-90.0,90.0,0.0,90.0,0.0,445.0,0.0,810.0,-180.0,0.0,180.0,False,True,
175,/kuka/axis_move/feedback_json,std_msgs/msg/String,2026-08-18T20:40:45.472762-04:00,1787100045,472749912,1787100045472749912,108.180372,,,,1288,1287,1,0,0,1288,AxisTarget,1,False,True,True,False,0.0,-90.0,90.0,0.0,90.0,0.0,445.0,0.0,810.0,-180.0,0.0,180.0,False,True,
176,/kuka/axis_move/feedback_json,std_msgs/msg/String,2026-08-18T20:40:45.585215-04:00,1787100045,585204397,1787100045585204397,112.454485,,,,1289,1288,1,0,0,1289,AxisTarget,1,False,True,True,False,0.0,-90.0,90.0,0.0,90.0,0.0,445.0,0.0,810.0,-180.0,0.0,180.0,False,True,
177,/kuka/axis_move/feedback_json,std_msgs/msg/String,2026-08-18T20:40:45.693709-04:00,1787100045,693696176,1787100045693696176,108.491779,,,,1290,1289,1,0,0,1290,AxisTarget,1,False,True,True,False,0.0,-90.0,90.0,0.0,90.0,0.0,445.0,0.0,810.0,-180.0,0.0,180.0,False,True,
178,/kuka/axis_move/feedback_json,std_msgs/msg/String,2026-08-18T20:40:45.851396-04:00,1787100045,851389053,1787100045851389053,157.692877,,,,1291,1290,1,0,0,1291,AxisTarget,1,False,True,True,False,0.0,-90.0,90.0,0.0,90.0,0.0,445.0,0.0,810.0,-180.0,0.0,180.0,False,True,
179,/kuka/axis_move/feedback_json,std_msgs/msg/String,2026-08-18T20:40:45.962803-04:00,1787100045,962795834,1787100045962795834,111.406781,,,,1292,1291,1,0,0,1292,AxisTarget,1,False,True,True,False,0.0,-90.0,90.0,0.0,90.0,0.0,445.0,0.0,810.0,-180.0,0.0,180.0,False,True,
180,/kuka/axis_move/feedback_json,std_msgs/msg/String,2026-08-18T20:40:46.072574-04:00,1787100046,72555411,1787100046072555411,109.759577,,,,1293,1292,1,0,0,1293,AxisTarget,1,False,True,True,False,0.0,-90.0,90.0,0.0,90.0,0.0,445.0,0.0,810.0,-180.0,0.0,180.0,False,True,
181,/kuka/axis_move/feedback_json,std_msgs/msg/String,2026-08-18T20:40:46.182149-04:00,1787100046,182142274,1787100046182142274,109.586863,,,,1294,1293,1,0,0,1294,AxisTarget,1,False,True,True,False,0.0,-90.0,90.0,0.0,90.0,0.0,445.0,0.0,810.0,-180.0,0.0,180.0,False,True,
182,/kuka/axis_move/feedback_json,std_msgs/msg/String,2026-08-18T20:40:46.290490-04:00,1787100046,290478273,1787100046290478273,108.335999,,,,1295,1294,1,0,0,1295,AxisTarget,1,False,True,True,False,0.0,-90.0,90.0,0.0,90.0,0.0,445.0,0.0,810.0,-180.0,0.0,180.0,False,True,
183,/kuka/axis_move/feedback_json,std_msgs/msg/String,2026-08-18T20:40:46.454877-04:00,1787100046,454863505,1787100046454863505,164.385232,,,,1296,1295,1,0,0,1296,AxisTarget,1,False,True,True,False,0.0,-90.0,90.0,0.0,90.0,0.0,445.0,0.0,810.0,-180.0,0.0,180.0,False,True,
184,/kuka/axis_move/feedback_json,std_msgs/msg/String,2026-08-18T20:40:46.558573-04:00,1787100046,558567335,1787100046558567335,103.70383,,,,1297,1296,1,0,0,1297,AxisTarget,1,False,True,True,False,0.0,-90.0,90.0,0.0,90.0,0.0,445.0,0.0,810.0,-180.0,0.0,180.0,False,True,
185,/kuka/axis_move/feedback_json,std_msgs/msg/String,2026-08-18T20:40:46.669210-04:00,1787100046,669198794,1787100046669198794,110.631459,,,,1298,1297,1,0,0,1298,AxisTarget,1,False,True,True,False,0.0,-90.0,90.0,0.0,90.0,0.0,445.0,0.0,810.0,-180.0,0.0,180.0,False,True,
186,/kuka/axis_move/feedback_json,std_msgs/msg/String,2026-08-18T20:40:46.780511-04:00,1787100046,780503915,1787100046780503915,111.305121,,,,1299,1298,1,0,0,1299,AxisTarget,1,False,True,True,False,0.0,-90.0,90.0,0.0,90.0,0.0,445.0,0.0,810.0,-180.0,0.0,180.0,False,True,
187,/kuka/axis_move/feedback_json,std_msgs/msg/String,2026-08-18T20:40:46.889634-04:00,1787100046,889626855,1787100046889626855,109.12294,,,,1300,1299,1,0,0,1300,AxisTarget,1,False,True,True,False,0.0,-90.0,90.0,0.0,90.0,0.0,445.0,0.0,810.0,-180.0,0.0,180.0,False,True,
188,/kuka/axis_move/feedback_json,std_msgs/msg/String,2026-08-18T20:40:47.056327-04:00,1787100047,56314358,1787100047056314358,166.687503,,,,1301,1300,1,0,0,1301,AxisTarget,1,False,True,True,False,0.0,-90.0,90.0,0.0,90.0,0.0,445.0,0.0,810.0,-180.0,0.0,180.0,False,True,
189,/kuka/axis_move/feedback_json,std_msgs/msg/String,2026-08-18T20:40:47.165083-04:00,1787100047,165076093,1787100047165076093,108.761735,,,,1302,1301,1,0,0,1302,AxisTarget,1,False,True,True,False,0.0,-90.0,90.0,0.0,90.0,0.0,445.0,0.0,810.0,-180.0,0.0,180.0,False,True,
190,/kuka/axis_move/feedback_json,std_msgs/msg/String,2026-08-18T20:40:47.273062-04:00,1787100047,273052409,1787100047273052409,107.976316,,,,1303,1302,1,0,0,1303,AxisTarget,1,False,True,True,False,0.0,-90.0,90.0,0.0,90.0,0.0,445.0,0.0,810.0,-180.0,0.0,180.0,False,True,
191,/kuka/axis_move/feedback_json,std_msgs/msg/String,2026-08-18T20:40:47.382938-04:00,1787100047,382929231,1787100047382929231,109.876822,,,,1304,1303,1,0,0,1304,AxisTarget,1,False,True,True,False,0.0,-90.0,90.0,0.0,90.0,0.0,445.0,0.0,810.0,-180.0,0.0,180.0,False,True,
192,/kuka/axis_move/feedback_json,std_msgs/msg/String,2026-08-18T20:40:47.492898-04:00,1787100047,492891467,1787100047492891467,109.962236,,,,1305,1304,1,0,0,1305,AxisTarget,1,False,True,True,False,0.0,-90.0,90.0,0.0,90.0,0.0,445.0,0.0,810.0,-180.0,0.0,180.0,False,True,
193,/kuka/axis_move/feedback_json,std_msgs/msg/String,2026-08-18T20:40:47.654045-04:00,1787100047,654033040,1787100047654033040,161.141573,,,,1306,1305,1,0,0,1306,AxisTarget,1,False,True,True,False,0.0,-90.0,90.0,0.0,90.0,0.0,445.0,0.0,810.0,-180.0,0.0,180.0,False,True,
194,/kuka/axis_move/feedback_json,std_msgs/msg/String,2026-08-18T20:40:47.764507-04:00,1787100047,764496109,1787100047764496109,110.463069,,,,1307,1306,1,0,0,1307,AxisTarget,1,False,True,True,False,0.0,-90.0,90.0,0.0,90.0,0.0,445.0,0.0,810.0,-180.0,0.0,180.0,False,True,
195,/kuka/axis_move/feedback_json,std_msgs/msg/String,2026-08-18T20:40:47.874228-04:00,1787100047,874204897,1787100047874204897,109.708788,,,,1308,1307,1,0,0,1308,AxisTarget,1,False,True,True,False,0.0,-90.0,90.0,0.0,90.0,0.0,445.0,0.0,810.0,-180.0,0.0,180.0,False,True,
196,/kuka/axis_move/feedback_json,std_msgs/msg/String,2026-08-18T20:40:47.981701-04:00,1787100047,981694965,1787100047981694965,107.490068,,,,1309,1308,1,0,0,1309,AxisTarget,1,False,True,True,False,0.0,-90.0,90.0,0.0,90.0,0.0,445.0,0.0,810.0,-180.0,0.0,180.0,False,True,
197,/kuka/axis_move/feedback_json,std_msgs/msg/String,2026-08-18T20:40:48.098591-04:00,1787100048,98585059,1787100048098585059,116.890094,,,,1310,1309,1,0,0,1310,AxisTarget,1,False,True,True,False,0.0,-90.0,90.0,0.0,90.0,0.0,445.0,0.0,810.0,-180.0,0.0,180.0,False,True,
198,/kuka/axis_move/feedback_json,std_msgs/msg/String,2026-08-18T20:40:48.262330-04:00,1787100048,262313794,1787100048262313794,163.728735,,,,1311,1310,1,0,0,1311,AxisTarget,1,False,True,True,False,0.0,-90.0,90.0,0.0,90.0,0.0,445.0,0.0,810.0,-180.0,0.0,180.0,False,True,
199,/kuka/axis_move/feedback_json,std_msgs/msg/String,2026-08-18T20:40:48.372173-04:00,1787100048,372166647,1787100048372166647,109.852853,,,,1312,1311,1,0,0,1312,AxisTarget,1,False,True,True,False,0.0,-90.0,90.0,0.0,90.0,0.0,445.0,0.0,810.0,-180.0,0.0,180.0,False,True,
200,/kuka/axis_move/feedback_json,std_msgs/msg/String,2026-08-18T20:40:48.482344-04:00,1787100048,482327566,1787100048482327566,110.160919,,,,1313,1312,1,0,0,1313,AxisTarget,1,False,True,True,False,0.0,-90.0,90.0,0.0,90.0,0.0,445.0,0.0,810.0,-180.0,0.0,180.0,False,True,
201,/kuka/axis_move/feedback_json,std_msgs/msg/String,2026-08-18T20:40:48.592031-04:00,1787100048,592019645,1787100048592019645,109.692079,,,,1314,1313,1,0,0,1314,AxisTarget,1,False,True,True,False,0.0,-90.0,90.0,0.0,90.0,0.0,445.0,0.0,810.0,-180.0,0.0,180.0,False,True,
202,/kuka/axis_move/feedback_json,std_msgs/msg/String,2026-08-18T20:40:48.705674-04:00,1787100048,705667695,1787100048705667695,113.64805,,,,1315,1314,1,0,0,1315,AxisTarget,1,False,True,True,False,0.0,-90.0,90.0,0.0,90.0,0.0,445.0,0.0,810.0,-180.0,0.0,180.0,False,True,
203,/kuka/axis_move/feedback_json,std_msgs/msg/String,2026-08-18T20:40:48.864354-04:00,1787100048,864341924,1787100048864341924,158.674229,,,,1316,1315,1,0,0,1316,AxisTarget,1,False,True,True,False,0.0,-90.0,90.0,0.0,90.0,0.0,445.0,0.0,810.0,-180.0,0.0,180.0,False,True,
204,/kuka/axis_move/feedback_json,std_msgs/msg/String,2026-08-18T20:40:48.973958-04:00,1787100048,973947853,1787100048973947853,109.605929,,,,1317,1316,1,0,0,1317,AxisTarget,1,False,True,True,False,0.0,-90.0,90.0,0.0,90.0,0.0,445.0,0.0,810.0,-180.0,0.0,180.0,False,True,
205,/kuka/axis_move/feedback_json,std_msgs/msg/String,2026-08-18T20:40:49.088944-04:00,1787100049,88925902,1787100049088925902,114.978049,,,,1318,1317,1,0,0,1318,AxisTarget,1,False,True,True,False,0.0,-90.0,90.0,0.0,90.0,0.0,445.0,0.0,810.0,-180.0,0.0,180.0,False,True,
206,/kuka/axis_move/feedback_json,std_msgs/msg/String,2026-08-18T20:40:49.197629-04:00,1787100049,197616990,1787100049197616990,108.691088,,,,1319,1318,1,0,0,1319,AxisTarget,1,False,True,True,False,0.0,-90.0,90.0,0.0,90.0,0.0,445.0,0.0,810.0,-180.0,0.0,180.0,False,True,
207,/kuka/axis_move/feedback_json,std_msgs/msg/String,2026-08-18T20:40:49.304126-04:00,1787100049,304120491,1787100049304120491,106.503501,,,,1320,1319,1,0,0,1320,AxisTarget,1,False,True,True,False,0.0,-90.0,90.0,0.0,90.0,0.0,445.0,0.0,810.0,-180.0,0.0,180.0,False,True,
208,/kuka/axis_move/feedback_json,std_msgs/msg/String,2026-08-18T20:40:49.471021-04:00,1787100049,471012647,1787100049471012647,166.892156,,,,1321,1320,1,0,0,1321,AxisTarget,1,False,True,True,False,0.0,-90.0,90.0,0.0,90.0,0.0,445.0,0.0,810.0,-180.0,0.0,180.0,False,True,
209,/kuka/axis_move/feedback_json,std_msgs/msg/String,2026-08-18T20:40:49.579683-04:00,1787100049,579676466,1787100049579676466,108.663819,,,,1322,1321,1,0,0,1322,AxisTarget,1,False,True,True,False,0.0,-90.0,90.0,0.0,90.0,0.0,445.0,0.0,810.0,-180.0,0.0,180.0,False,True,
210,/kuka/axis_move/feedback_json,std_msgs/msg/String,2026-08-18T20:40:49.693894-04:00,1787100049,693888750,1787100049693888750,114.212284,,,,1323,1322,1,0,0,1323,AxisTarget,1,False,True,True,False,0.0,-90.0,90.0,0.0,90.0,0.0,445.0,0.0,810.0,-180.0,0.0,180.0,False,True,
211,/kuka/axis_move/feedback_json,std_msgs/msg/String,2026-08-18T20:40:49.806186-04:00,1787100049,806173660,1787100049806173660,112.28491,,,,1324,1323,1,0,0,1324,AxisTarget,1,False,True,True,False,0.0,-90.0,90.0,0.0,90.0,0.0,445.0,0.0,810.0,-180.0,0.0,180.0,False,True,
212,/kuka/axis_move/feedback_json,std_msgs/msg/String,2026-08-18T20:40:49.969874-04:00,1787100049,969857155,1787100049969857155,163.683495,,,,1325,1324,1,0,0,1325,AxisTarget,1,False,True,True,False,0.0,-90.0,90.0,0.0,90.0,0.0,445.0,0.0,810.0,-180.0,0.0,180.0,False,True,
213,/kuka/axis_move/feedback_json,std_msgs/msg/String,2026-08-18T20:40:50.078598-04:00,1787100050,78591560,1787100050078591560,108.734405,,,,1326,1325,1,0,0,1326,AxisTarget,1,False,True,True,False,0.0,-90.0,90.0,0.0,90.0,0.0,445.0,0.0,810.0,-180.0,0.0,180.0,False,True,
214,/kuka/axis_move/feedback_json,std_msgs/msg/String,2026-08-18T20:40:50.195389-04:00,1787100050,195377581,1787100050195377581,116.786021,,,,1327,1326,1,0,0,1327,AxisTarget,1,False,True,True,False,0.0,-90.0,90.0,0.0,90.0,0.0,445.0,0.0,810.0,-180.0,0.0,180.0,False,True,
215,/kuka/axis_move/feedback_json,std_msgs/msg/String,2026-08-18T20:40:50.305631-04:00,1787100050,305612112,1787100050305612112,110.234531,,,,1328,1327,1,0,0,1328,AxisTarget,1,False,True,True,False,0.0,-90.0,90.0,0.0,90.0,0.0,445.0,0.0,810.0,-180.0,0.0,180.0,False,True,
216,/kuka/axis_move/feedback_json,std_msgs/msg/String,2026-08-18T20:40:50.413853-04:00,1787100050,413843976,1787100050413843976,108.231864,,,,1329,1328,1,0,0,1329,AxisTarget,1,False,True,True,False,0.0,-90.0,90.0,0.0,90.0,0.0,445.0,0.0,810.0,-180.0,0.0,180.0,False,True,
217,/kuka/axis_move/feedback_json,std_msgs/msg/String,2026-08-18T20:40:50.579069-04:00,1787100050,579060041,1787100050579060041,165.216065,,,,1330,1329,1,0,0,1330,AxisTarget,1,False,True,True,False,0.0,-90.0,90.0,0.0,90.0,0.0,445.0,0.0,810.0,-180.0,0.0,180.0,False,True,
218,/kuka/axis_move/feedback_json,std_msgs/msg/String,2026-08-18T20:40:50.753681-04:00,1787100050,753652165,1787100050753652165,174.592124,,,,1331,1330,1,0,0,1331,AxisTarget,1,True,True,True,False,1e-06,-90.0,90.0,0.0,90.0,0.0,445.0,-0.004469,810.0,179.998657,0.0,180.0,False,True,
219,/kuka/axis_move/feedback_json,std_msgs/msg/String,2026-08-18T20:40:50.936235-04:00,1787100050,936226378,1787100050936226378,182.574213,,,,1332,1331,1,0,0,1332,AxisTarget,1,True,True,True,False,0.160492,-90.0,90.0,0.0,90.0,0.0,444.99646,-1.861594,810.0,179.738113,0.0,180.0,False,True,
220,/kuka/axis_move/feedback_json,std_msgs/msg/String,2026-08-18T20:40:51.112596-04:00,1787100051,112587378,1787100051112587378,176.361,,,,1333,1332,1,0,0,1333,AxisTarget,1,True,True,True,False,0.79944,-90.0,90.0,0.0,90.0,0.0,444.94281,-7.294701,810.0,179.01889,0.0,180.0,False,True,
221,/kuka/axis_move/feedback_json,std_msgs/msg/String,2026-08-18T20:40:51.223321-04:00,1787100051,223309272,1787100051223309272,110.721894,,,,1334,1333,1,0,0,1334,AxisTarget,1,True,True,True,False,1.394249,-90.0,90.0,0.0,90.0,0.0,444.837982,-12.209005,810.0,178.37529,0.0,180.0,False,True,
222,/kuka/axis_move/feedback_json,std_msgs/msg/String,2026-08-18T20:40:51.401783-04:00,1787100051,401755452,1787100051401755452,178.44618,,,,1335,1334,1,0,0,1335,AxisTarget,1,True,True,True,False,2.628737,-90.0,90.0,0.0,90.0,0.0,444.44574,-22.46456,810.0,177.004364,0.0,180.0,False,True,
223,/kuka/axis_move/feedback_json,std_msgs/msg/String,2026-08-18T20:40:51.581030-04:00,1787100051,580998857,1787100051580998857,179.243405,,,,1336,1335,1,0,0,1336,AxisTarget,1,True,True,True,False,4.207377,-90.0,90.0,0.0,90.0,0.0,443.637665,-35.104683,810.0,175.394821,0.0,-180.0,False,True,
224,/kuka/axis_move/feedback_json,std_msgs/msg/String,2026-08-18T20:40:51.753360-04:00,1787100051,753354416,1787100051753354416,172.355559,,,,1337,1336,1,0,0,1337,AxisTarget,1,True,True,True,False,5.929612,-90.0,90.0,0.0,90.0,0.0,442.415527,-48.158691,810.0,173.718246,0.0,180.0,False,True,
225,/kuka/axis_move/feedback_json,std_msgs/msg/String,2026-08-18T20:40:51.927552-04:00,1787100051,927539579,1787100051927539579,174.185163,,,,1338,1337,1,0,0,1338,AxisTarget,1,True,True,True,False,7.306828,-90.0,90.0,0.0,90.0,0.0,441.223724,-58.053303,810.0,172.451843,0.0,-180.0,False,True,
226,/kuka/axis_move/feedback_json,std_msgs/msg/String,2026-08-18T20:40:52.107233-04:00,1787100052,107221420,1787100052107221420,179.681841,,,,1339,1338,1,0,0,1339,AxisTarget,1,True,True,True,False,8.320312,-90.0,90.0,0.0,90.0,0.0,440.178802,-65.45298,810.0,171.509842,0.0,-180.0,False,True,
227,/kuka/axis_move/feedback_json,std_msgs/msg/String,2026-08-18T20:40:52.221262-04:00,1787100052,221255466,1787100052221255466,114.034046,,,,1340,1339,1,0,0,1340,AxisTarget,1,True,True,True,False,8.736197,-90.0,90.0,0.0,90.0,0.0,439.749023,-68.234108,810.0,171.161224,0.0,180.0,False,True,
228,/kuka/axis_move/feedback_json,std_msgs/msg/String,2026-08-18T20:40:52.395669-04:00,1787100052,395662724,1787100052395662724,174.407258,,,,1341,1340,1,0,0,1341,AxisTarget,1,True,True,True,False,8.998178,-90.0,90.0,0.0,90.0,0.0,439.521393,-69.613228,810.0,171.0,0.0,180.0,False,True,
229,/kuka/axis_move/feedback_json,std_msgs/msg/String,2026-08-18T20:40:52.577518-04:00,1787100052,577508857,1787100052577508857,181.846133,,,,1342,1341,1,0,0,1342,AxisTarget,1,True,True,True,True,9.0,-90.0,90.0,0.0,90.0,0.0,439.521301,-69.613335,810.0,171.0,0.0,-180.0,False,True,
230,/kuka/axis_move/feedback_json,std_msgs/msg/String,2026-08-18T20:40:52.738242-04:00,1787100052,738236007,1787100052738236007,160.72715,,,,1343,1342,1,0,0,1343,AxisTarget,1,True,True,True,False,9.0,-90.0,90.0,0.0,90.0,0.0,439.521301,-69.613335,810.0,171.0,0.0,180.0,False,True,
231,/kuka/axis_move/feedback_json,std_msgs/msg/String,2026-08-18T20:40:52.921207-04:00,1787100052,921193468,1787100052921193468,182.957461,,,,1344,1343,1,0,0,1344,AxisTarget,1,True,True,True,True,9.0,-90.0,90.0,0.0,90.0,0.0,439.521301,-69.613335,810.0,171.0,0.0,-180.0,False,True,
232,/kuka/axis_move/feedback_json,std_msgs/msg/String,2026-08-18T20:40:53.089673-04:00,1787100053,89649321,1787100053089649321,168.455853,,,,1345,1344,1,0,0,1345,AxisTarget,1,True,True,True,False,9.0,-90.0,90.0,0.0,90.0,0.0,439.521301,-69.613335,810.0,171.0,0.0,180.0,False,True,
233,/kuka/axis_move/feedback_json,std_msgs/msg/String,2026-08-18T20:40:53.200109-04:00,1787100053,200103073,1787100053200103073,110.453752,,,,1346,1345,1,0,0,1346,AxisTarget,1,True,True,True,False,9.0,-90.0,90.0,0.0,90.0,0.0,439.521301,-69.613335,810.0,171.0,0.0,180.0,False,True,
234,/kuka/axis_move/feedback_json,std_msgs/msg/String,2026-08-18T20:40:53.378176-04:00,1787100053,378167593,1787100053378167593,178.06452,,,,1347,1346,1,0,0,1347,AxisTarget,1,True,True,True,True,9.0,-90.0,90.0,0.0,90.0,0.0,439.521301,-69.613335,810.0,171.0,0.0,180.0,False,True,
235,/kuka/axis_move/feedback_json,std_msgs/msg/String,2026-08-18T20:40:53.537262-04:00,1787100053,537240076,1787100053537240076,159.072483,,,,1348,1347,1,0,0,1348,AxisTarget,1,True,True,True,False,9.0,-90.0,90.0,0.0,90.0,0.0,439.521301,-69.613335,810.0,171.0,0.0,180.0,False,True,
236,/kuka/axis_move/feedback_json,std_msgs/msg/String,2026-08-18T20:40:53.651995-04:00,1787100053,651983184,1787100053651983184,114.743108,,,,1349,1348,1,0,0,1349,AxisTarget,1,True,True,True,False,8.988969,-90.0,90.0,0.0,90.0,0.0,439.560455,-69.334145,810.0,171.050354,0.0,-180.0,False,True,
237,/kuka/axis_move/feedback_json,std_msgs/msg/String,2026-08-18T20:40:53.760274-04:00,1787100053,760267737,1787100053760267737,108.284553,,,,1350,1349,1,0,0,1350,AxisTarget,1,True,True,True,False,8.824868,-90.0,90.0,0.0,90.0,0.0,439.819824,-67.612404,810.0,171.284836,0.0,-180.0,False,True,
238,/kuka/axis_move/feedback_json,std_msgs/msg/String,2026-08-18T20:40:53.870869-04:00,1787100053,870851983,1787100053870851983,110.584246,,,,1351,1350,1,0,0,1351,AxisTarget,1,True,True,True,False,8.472467,-90.0,90.0,0.0,90.0,0.0,440.261261,-64.662163,810.0,171.671875,0.0,-180.0,False,True,
239,/kuka/axis_move/feedback_json,std_msgs/msg/String,2026-08-18T20:40:53.979646-04:00,1787100053,979619576,1787100053979619576,108.767593,,,,1352,1351,1,0,0,1352,AxisTarget,1,True,True,True,False,8.142125,-90.0,90.0,0.0,90.0,0.0,440.565948,-62.609764,810.0,171.924881,0.0,-180.0,False,True,
240,/kuka/axis_move/feedback_json,std_msgs/msg/String,2026-08-18T20:40:54.157918-04:00,1787100054,157908017,1787100054157908017,178.288441,,,,1353,1352,1,0,0,1353,AxisTarget,1,True,True,True,False,8.0,-90.0,90.0,0.0,90.0,0.0,440.669281,-61.93203,810.0,172.0,0.0,180.0,False,True,
241,/kuka/axis_move/feedback_json,std_msgs/msg/String,2026-08-18T20:40:54.275245-04:00,1787100054,275238168,1787100054275238168,117.330151,,,,1354,1353,1,0,0,1354,AxisTarget,1,True,True,True,True,8.0,-90.0,90.0,0.0,90.0,0.0,440.669281,-61.93203,810.0,172.0,0.0,-180.0,False,True,
242,/kuka/axis_move/feedback_json,std_msgs/msg/String,2026-08-18T20:40:54.383338-04:00,1787100054,383327320,1787100054383327320,108.089152,,,,1355,1354,1,0,0,1355,AxisTarget,1,False,True,True,False,8.0,-90.0,90.0,0.0,90.0,0.0,440.669281,-61.93203,810.0,172.0,0.0,-180.0,False,True,
243,/kuka/axis_move/feedback_json,std_msgs/msg/String,2026-08-18T20:40:54.494102-04:00,1787100054,494097163,1787100054494097163,110.769843,,,,1356,1355,1,0,0,1356,AxisTarget,1,False,True,True,False,8.0,-90.0,90.0,0.0,90.0,0.0,440.669281,-61.93203,810.0,172.0,0.0,-180.0,False,True,
244,/kuka/axis_move/feedback_json,std_msgs/msg/String,2026-08-18T20:40:54.655298-04:00,1787100054,655292288,1787100054655292288,161.195125,,,,1357,1356,1,0,0,1357,AxisTarget,1,False,True,True,False,8.0,-90.0,90.0,0.0,90.0,0.0,440.669281,-61.93203,810.0,172.0,0.0,-180.0,False,True,
245,/kuka/axis_move/feedback_json,std_msgs/msg/String,2026-08-18T20:40:54.769076-04:00,1787100054,769057781,1787100054769057781,113.765493,,,,1358,1357,1,0,0,1358,AxisTarget,1,False,True,True,False,8.0,-90.0,90.0,0.0,90.0,0.0,440.669281,-61.93203,810.0,172.0,0.0,-180.0,False,True,
246,/kuka/axis_move/feedback_json,std_msgs/msg/String,2026-08-18T20:40:54.877482-04:00,1787100054,877452643,1787100054877452643,108.394862,,,,1359,1358,1,0,0,1359,AxisTarget,1,False,True,True,False,8.0,-90.0,90.0,0.0,90.0,0.0,440.669281,-61.93203,810.0,172.0,0.0,-180.0,False,True,
247,/kuka/axis_move/feedback_json,std_msgs/msg/String,2026-08-18T20:40:54.987409-04:00,1787100054,987397477,1787100054987397477,109.944834,,,,1360,1359,1,0,0,1360,AxisTarget,1,False,True,True,False,8.0,-90.0,90.0,0.0,90.0,0.0,440.669281,-61.93203,810.0,172.0,0.0,-180.0,False,True,
248,/kuka/axis_move/feedback_json,std_msgs/msg/String,2026-08-18T20:40:55.094999-04:00,1787100055,94986821,1787100055094986821,107.589344,,,,1361,1360,1,0,0,1361,AxisTarget,1,False,True,True,False,8.0,-90.0,90.0,0.0,90.0,0.0,440.669281,-61.93203,810.0,172.0,0.0,-180.0,False,True,
249,/kuka/axis_move/feedback_json,std_msgs/msg/String,2026-08-18T20:40:55.255854-04:00,1787100055,255843046,1787100055255843046,160.856225,,,,1362,1361,1,0,0,1362,AxisTarget,1,False,True,True,False,8.0,-90.0,90.0,0.0,90.0,0.0,440.669281,-61.93203,810.0,172.0,0.0,-180.0,False,True,
250,/kuka/axis_move/feedback_json,std_msgs/msg/String,2026-08-18T20:40:55.366200-04:00,1787100055,366188918,1787100055366188918,110.345872,,,,1363,1362,1,0,0,1363,AxisTarget,1,False,True,True,False,8.0,-90.0,90.0,0.0,90.0,0.0,440.669281,-61.93203,810.0,172.0,0.0,-180.0,False,True,
251,/kuka/axis_move/feedback_json,std_msgs/msg/String,2026-08-18T20:40:55.485064-04:00,1787100055,485038732,1787100055485038732,118.849814,,,,1364,1363,1,0,0,1364,AxisTarget,1,False,True,True,False,8.0,-90.0,90.0,0.0,90.0,0.0,440.669281,-61.93203,810.0,172.0,0.0,-180.0,False,True,
252,/kuka/axis_move/feedback_json,std_msgs/msg/String,2026-08-18T20:40:55.596147-04:00,1787100055,596141535,1787100055596141535,111.102803,,,,1365,1364,1,0,0,1365,AxisTarget,1,False,True,True,False,8.0,-90.0,90.0,0.0,90.0,0.0,440.669281,-61.93203,810.0,172.0,0.0,-180.0,False,True,
253,/kuka/axis_move/feedback_json,std_msgs/msg/String,2026-08-18T20:40:55.755086-04:00,1787100055,755077373,1787100055755077373,158.935838,,,,1366,1365,1,0,0,1366,AxisTarget,1,False,True,True,False,8.0,-90.0,90.0,0.0,90.0,0.0,440.669281,-61.93203,810.0,172.0,0.0,-180.0,False,True,
254,/kuka/axis_move/feedback_json,std_msgs/msg/String,2026-08-18T20:40:55.869804-04:00,1787100055,869798291,1787100055869798291,114.720918,,,,1367,1366,1,0,0,1367,AxisTarget,1,False,True,True,False,8.0,-90.0,90.0,0.0,90.0,0.0,440.669281,-61.93203,810.0,172.0,0.0,-180.0,False,True,
255,/kuka/axis_move/feedback_json,std_msgs/msg/String,2026-08-18T20:40:55.980532-04:00,1787100055,980525524,1787100055980525524,110.727233,,,,1368,1367,1,0,0,1368,AxisTarget,1,False,True,True,False,8.0,-90.0,90.0,0.0,90.0,0.0,440.669281,-61.93203,810.0,172.0,0.0,-180.0,False,True,
256,/kuka/axis_move/feedback_json,std_msgs/msg/String,2026-08-18T20:40:56.092367-04:00,1787100056,92362252,1787100056092362252,111.836728,,,,1369,1368,1,0,0,1369,AxisTarget,1,False,True,True,False,8.0,-90.0,90.0,0.0,90.0,0.0,440.669281,-61.93203,810.0,172.0,0.0,-180.0,False,True,
257,/kuka/axis_move/feedback_json,std_msgs/msg/String,2026-08-18T20:40:56.258275-04:00,1787100056,258269461,1787100056258269461,165.907209,,,,1370,1369,1,0,0,1370,AxisTarget,1,True,True,True,False,8.0,-90.0,90.0,0.0,90.0,0.0,440.669281,-61.93203,810.0,172.0,0.0,-180.0,False,True,
258,/kuka/axis_move/feedback_json,std_msgs/msg/String,2026-08-18T20:40:56.437116-04:00,1787100056,437111027,1787100056437111027,178.841566,,,,1371,1370,1,0,0,1371,AxisTarget,1,True,True,True,False,7.934668,-90.0,90.0,0.0,90.0,0.0,440.788757,-61.017685,810.0,172.134735,0.0,180.0,False,True,
259,/kuka/axis_move/feedback_json,std_msgs/msg/String,2026-08-18T20:40:56.548018-04:00,1787100056,548006236,1787100056548006236,110.895209,,,,1372,1371,1,0,0,1372,AxisTarget,1,True,True,True,False,7.678709,-90.0,90.0,0.0,90.0,0.0,441.105804,-58.632786,810.0,172.457901,0.0,180.0,False,True,
260,/kuka/axis_move/feedback_json,std_msgs/msg/String,2026-08-18T20:40:56.721301-04:00,1787100056,721289507,1787100056721289507,173.283271,,,,1373,1372,1,0,0,1373,AxisTarget,1,True,True,True,False,6.934402,-90.0,90.0,0.0,90.0,0.0,441.870209,-52.50618,810.0,173.270798,0.0,180.0,False,True,
261,/kuka/axis_move/feedback_json,std_msgs/msg/String,2026-08-18T20:40:56.898084-04:00,1787100056,898077716,1787100056898077716,176.788209,,,,1374,1373,1,0,0,1374,AxisTarget,1,True,True,True,False,5.814475,-90.0,90.0,0.0,90.0,0.0,442.875854,-43.186356,810.0,174.49379,0.0,180.0,False,True,
262,/kuka/axis_move/feedback_json,std_msgs/msg/String,2026-08-18T20:40:57.071826-04:00,1787100057,71814576,1787100057071814576,173.73686,,,,1375,1374,1,0,0,1375,AxisTarget,1,True,True,True,False,4.337997,-90.0,90.0,0.0,90.0,0.0,443.853455,-31.63002,810.0,176.038437,0.0,180.0,False,True,
263,/kuka/axis_move/feedback_json,std_msgs/msg/String,2026-08-18T20:40:57.184899-04:00,1787100057,184892779,1787100057184892779,113.078203,,,,1376,1375,1,0,0,1376,AxisTarget,1,True,True,True,False,3.310871,-90.0,90.0,0.0,90.0,0.0,444.36795,-23.430258,810.0,177.088577,0.0,180.0,False,True,
264,/kuka/axis_move/feedback_json,std_msgs/msg/String,2026-08-18T20:40:57.361966-04:00,1787100057,361954681,1787100057361954681,177.061902,,,,1377,1376,1,0,0,1377,AxisTarget,1,True,True,True,False,1.822125,-90.0,90.0,0.0,90.0,0.0,444.814636,-12.630229,810.0,178.454361,0.0,180.0,False,True,
265,/kuka/axis_move/feedback_json,std_msgs/msg/String,2026-08-18T20:40:57.545251-04:00,1787100057,545240122,1787100057545240122,183.285441,,,,1378,1377,1,0,0,1378,AxisTarget,1,True,True,True,False,0.765304,-90.0,90.0,0.0,90.0,0.0,444.972534,-4.67459,810.0,179.431885,0.0,180.0,False,True,
266,/kuka/axis_move/feedback_json,std_msgs/msg/String,2026-08-18T20:40:57.730387-04:00,1787100057,730376220,1787100057730376220,185.136098,,,,1379,1378,1,0,0,1379,AxisTarget,1,True,True,True,False,0.123942,-90.0,90.0,0.0,90.0,0.0,444.999634,-0.534527,810.0,179.942398,0.0,180.0,False,True,
267,/kuka/axis_move/feedback_json,std_msgs/msg/String,2026-08-18T20:40:57.903061-04:00,1787100057,903044634,1787100057903044634,172.668414,,,,1380,1379,1,0,0,1380,AxisTarget,1,True,True,True,False,1e-06,-90.0,90.0,0.0,90.0,0.0,445.0,0.0,810.0,180.0,0.0,180.0,False,True,
268,/kuka/axis_move/feedback_json,std_msgs/msg/String,2026-08-18T20:40:58.019104-04:00,1787100058,19096661,1787100058019096661,116.052027,,,,1381,1380,1,0,0,1381,AxisTarget,1,True,True,True,True,0.0,-90.0,90.0,0.0,90.0,0.0,445.0,0.0,810.0,180.0,0.0,180.0,False,True,
269,/kuka/axis_move/feedback_json,std_msgs/msg/String,2026-08-18T20:40:58.180664-04:00,1787100058,180658155,1787100058180658155,161.561494,,,,1382,1381,1,0,0,1382,AxisTarget,1,True,True,True,False,0.0,-90.0,90.0,0.0,90.0,0.0,445.0,0.0,810.0,180.0,0.0,180.0,False,True,
270,/kuka/axis_move/feedback_json,std_msgs/msg/String,2026-08-18T20:40:58.365602-04:00,1787100058,365595454,1787100058365595454,184.937299,,,,1383,1382,1,0,0,1383,AxisTarget,1,True,True,True,True,0.0,-90.0,90.0,0.0,90.0,0.0,445.0,0.0,810.0,180.0,0.0,180.0,False,True,
271,/kuka/axis_move/feedback_json,std_msgs/msg/String,2026-08-18T20:40:58.534788-04:00,1787100058,534769674,1787100058534769674,169.17422,,,,1384,1383,1,0,0,1384,AxisTarget,1,True,True,True,False,0.0,-90.0,90.0,0.0,90.0,0.0,445.0,0.0,810.0,180.0,0.0,180.0,False,True,
272,/kuka/axis_move/feedback_json,std_msgs/msg/String,2026-08-18T20:40:58.718017-04:00,1787100058,718005636,1787100058718005636,183.235962,,,,1385,1384,1,0,0,1385,AxisTarget,1,True,True,True,True,0.0,-90.0,90.0,0.0,90.0,0.0,445.0,0.0,810.0,180.0,0.0,180.0,False,True,
273,/kuka/axis_move/feedback_json,std_msgs/msg/String,2026-08-18T20:40:58.828148-04:00,1787100058,828129353,1787100058828129353,110.123717,,,,1386,1385,1,0,0,1386,AxisTarget,1,False,True,True,False,0.0,-90.0,90.0,0.0,90.0,0.0,445.0,0.0,810.0,180.0,0.0,180.0,False,True,
274,/kuka/axis_move/feedback_json,std_msgs/msg/String,2026-08-18T20:40:58.992845-04:00,1787100058,992827762,1787100058992827762,164.698409,,,,1387,1386,1,0,0,1387,AxisTarget,1,True,True,True,False,0.0,-90.0,90.0,0.0,90.0,0.0,445.0,0.0,810.0,180.0,0.0,180.0,False,True,
275,/kuka/axis_move/feedback_json,std_msgs/msg/String,2026-08-18T20:40:59.177310-04:00,1787100059,177298142,1787100059177298142,184.47038,,,,1388,1387,1,0,0,1388,AxisTarget,1,True,True,True,True,0.0,-90.0,90.0,0.0,90.0,0.0,445.0,0.0,810.0,180.0,0.0,180.0,False,True,
276,/kuka/axis_move/feedback_json,std_msgs/msg/String,2026-08-18T20:40:59.342265-04:00,1787100059,342252855,1787100059342252855,164.954713,,,,1389,1388,1,0,0,1389,AxisTarget,1,True,True,True,False,0.0,-90.0,90.0,0.0,90.0,0.0,445.0,0.0,810.0,180.0,0.0,180.0,False,True,
277,/kuka/axis_move/feedback_json,std_msgs/msg/String,2026-08-18T20:40:59.454401-04:00,1787100059,454394949,1787100059454394949,112.142094,,,,1390,1389,1,0,0,1390,AxisTarget,1,True,True,True,False,0.0,-90.0,90.0,0.0,90.0,0.0,445.0,0.0,810.0,180.0,0.0,180.0,False,True,
278,/kuka/axis_move/feedback_json,std_msgs/msg/String,2026-08-18T20:40:59.573208-04:00,1787100059,573194667,1787100059573194667,118.799718,,,,1391,1390,1,0,0,1391,AxisTarget,1,True,True,True,True,0.0,-90.0,90.0,0.0,90.0,0.0,445.0,0.0,810.0,180.0,0.0,180.0,False,True,
279,/kuka/axis_move/feedback_json,std_msgs/msg/String,2026-08-18T20:40:59.687687-04:00,1787100059,687675113,1787100059687675113,114.480446,,,,1392,1391,1,0,0,1392,AxisTarget,1,False,True,True,False,0.0,-90.0,90.0,0.0,90.0,0.0,445.0,0.0,810.0,180.0,0.0,180.0,False,True,
280,/kuka/axis_move/feedback_json,std_msgs/msg/String,2026-08-18T20:40:59.848584-04:00,1787100059,848573156,1787100059848573156,160.898043,,,,1393,1392,1,0,0,1393,AxisTarget,1,False,True,True,False,0.0,-90.0,90.0,0.0,90.0,0.0,445.0,0.0,810.0,180.0,0.0,180.0,False,True,
281,/kuka/axis_move/feedback_json,std_msgs/msg/String,2026-08-18T20:40:59.956985-04:00,1787100059,956973154,1787100059956973154,108.399998,,,,1394,1393,1,0,0,1394,AxisTarget,1,False,True,True,False,0.0,-90.0,90.0,0.0,90.0,0.0,445.0,0.0,810.0,180.0,0.0,180.0,False,True,
282,/kuka/axis_move/feedback_json,std_msgs/msg/String,2026-08-18T20:41:00.065202-04:00,1787100060,65193189,1787100060065193189,108.220035,,,,1395,1394,1,0,0,1395,AxisTarget,1,False,True,True,False,0.0,-90.0,90.0,0.0,90.0,0.0,445.0,0.0,810.0,180.0,0.0,180.0,False,True,
283,/kuka/axis_move/feedback_json,std_msgs/msg/String,2026-08-18T20:41:00.175545-04:00,1787100060,175526766,1787100060175526766,110.333577,,,,1396,1395,1,0,0,1396,AxisTarget,1,False,True,True,False,0.0,-90.0,90.0,0.0,90.0,0.0,445.0,0.0,810.0,180.0,0.0,180.0,False,True,
284,/kuka/axis_move/feedback_json,std_msgs/msg/String,2026-08-18T20:41:00.287891-04:00,1787100060,287880875,1787100060287880875,112.354109,,,,1397,1396,1,0,0,1397,AxisTarget,1,False,True,True,False,0.0,-90.0,90.0,0.0,90.0,0.0,445.0,0.0,810.0,180.0,0.0,180.0,False,True,
285,/kuka/axis_move/feedback_json,std_msgs/msg/String,2026-08-18T20:41:00.452363-04:00,1787100060,452347277,1787100060452347277,164.466402,,,,1398,1397,1,0,0,1398,AxisTarget,1,False,True,True,False,0.0,-90.0,90.0,0.0,90.0,0.0,445.0,0.0,810.0,180.0,0.0,180.0,False,True,
286,/kuka/axis_move/feedback_json,std_msgs/msg/String,2026-08-18T20:41:00.562274-04:00,1787100060,562255998,1787100060562255998,109.908721,,,,1399,1398,1,0,0,1399,AxisTarget,1,False,True,True,False,0.0,-90.0,90.0,0.0,90.0,0.0,445.0,0.0,810.0,180.0,0.0,180.0,False,True,
287,/kuka/axis_move/feedback_json,std_msgs/msg/String,2026-08-18T20:41:00.673144-04:00,1787100060,673114588,1787100060673114588,110.85859,,,,1400,1399,1,0,0,1400,AxisTarget,1,False,True,True,False,0.0,-90.0,90.0,0.0,90.0,0.0,445.0,0.0,810.0,180.0,0.0,180.0,False,True,
288,/kuka/axis_move/feedback_json,std_msgs/msg/String,2026-08-18T20:41:00.787179-04:00,1787100060,787168252,1787100060787168252,114.053664,,,,1401,1400,1,0,0,1401,AxisTarget,1,False,True,True,False,0.0,-90.0,90.0,0.0,90.0,0.0,445.0,0.0,810.0,180.0,0.0,180.0,False,True,
289,/kuka/axis_move/feedback_json,std_msgs/msg/String,2026-08-18T20:41:00.893285-04:00,1787100060,893264803,1787100060893264803,106.096551,,,,1402,1401,1,0,0,1402,AxisTarget,1,False,True,True,False,0.0,-90.0,90.0,0.0,90.0,0.0,445.0,0.0,810.0,180.0,0.0,180.0,False,True,
290,/kuka/axis_move/feedback_json,std_msgs/msg/String,2026-08-18T20:41:01.053966-04:00,1787100061,53957256,1787100061053957256,160.692453,,,,1403,1402,1,0,0,1403,AxisTarget,1,False,True,True,False,0.0,-90.0,90.0,0.0,90.0,0.0,445.0,0.0,810.0,180.0,0.0,180.0,False,True,
291,/kuka/axis_move/feedback_json,std_msgs/msg/String,2026-08-18T20:41:01.165598-04:00,1787100061,165571516,1787100061165571516,111.61426,,,,1404,1403,1,0,0,1404,AxisTarget,1,False,True,True,False,0.0,-90.0,90.0,0.0,90.0,0.0,445.0,0.0,810.0,180.0,0.0,180.0,False,True,
292,/kuka/axis_move/feedback_json,std_msgs/msg/String,2026-08-18T20:41:01.272598-04:00,1787100061,272586500,1787100061272586500,107.014984,,,,1405,1404,1,0,0,1405,AxisTarget,1,False,True,True,False,0.0,-90.0,90.0,0.0,90.0,0.0,445.0,0.0,810.0,180.0,0.0,180.0,False,True,
293,/kuka/axis_move/feedback_json,std_msgs/msg/String,2026-08-18T20:41:01.381738-04:00,1787100061,381725921,1787100061381725921,109.139421,,,,1406,1405,1,0,0,1406,AxisTarget,1,False,True,True,False,0.0,-90.0,90.0,0.0,90.0,0.0,445.0,0.0,810.0,180.0,0.0,180.0,False,True,
294,/kuka/axis_move/feedback_json,std_msgs/msg/String,2026-08-18T20:41:01.490931-04:00,1787100061,490889688,1787100061490889688,109.163767,,,,1407,1406,1,0,0,1407,AxisTarget,1,False,True,True,False,0.0,-90.0,90.0,0.0,90.0,0.0,445.0,0.0,810.0,180.0,0.0,180.0,False,True,
295,/kuka/axis_move/feedback_json,std_msgs/msg/String,2026-08-18T20:41:01.661645-04:00,1787100061,661627058,1787100061661627058,170.73737,,,,1408,1407,1,0,0,1408,AxisTarget,1,False,True,True,False,0.0,-90.0,90.0,0.0,90.0,0.0,445.0,0.0,810.0,180.0,0.0,180.0,False,True,
296,/kuka/axis_move/feedback_json,std_msgs/msg/String,2026-08-18T20:41:01.780553-04:00,1787100061,780542598,1787100061780542598,118.91554,,,,1409,1408,1,0,0,1409,AxisTarget,1,False,True,True,False,0.0,-90.0,90.0,0.0,90.0,0.0,445.0,0.0,810.0,180.0,0.0,180.0,False,True,
297,/kuka/axis_move/feedback_json,std_msgs/msg/String,2026-08-18T20:41:01.887379-04:00,1787100061,887371932,1787100061887371932,106.829334,,,,1410,1409,1,0,0,1410,AxisTarget,1,False,True,True,False,0.0,-90.0,90.0,0.0,90.0,0.0,445.0,0.0,810.0,180.0,0.0,180.0,False,True,
298,/kuka/axis_move/feedback_json,std_msgs/msg/String,2026-08-18T20:41:01.999191-04:00,1787100061,999175270,1787100061999175270,111.803338,,,,1411,1410,1,0,0,1411,AxisTarget,1,False,True,True,False,0.0,-90.0,90.0,0.0,90.0,0.0,445.0,0.0,810.0,180.0,0.0,180.0,False,True,
299,/kuka/axis_move/feedback_json,std_msgs/msg/String,2026-08-18T20:41:02.160707-04:00,1787100062,160690456,1787100062160690456,161.515186,,,,1412,1411,1,0,0,1412,AxisTarget,1,False,True,True,False,0.0,-90.0,90.0,0.0,90.0,0.0,445.0,0.0,810.0,180.0,0.0,180.0,False,True,
300,/kuka/axis_move/feedback_json,std_msgs/msg/String,2026-08-18T20:41:02.270460-04:00,1787100062,270451358,1787100062270451358,109.760902,,,,1413,1412,1,0,0,1413,AxisTarget,1,False,True,True,False,0.0,-90.0,90.0,0.0,90.0,0.0,445.0,0.0,810.0,180.0,0.0,180.0,False,True,
301,/kuka/axis_move/feedback_json,std_msgs/msg/String,2026-08-18T20:41:02.385116-04:00,1787100062,385105666,1787100062385105666,114.654308,,,,1414,1413,1,0,0,1414,AxisTarget,1,False,True,True,False,0.0,-90.0,90.0,0.0,90.0,0.0,445.0,0.0,810.0,180.0,0.0,180.0,False,True,
302,/kuka/axis_move/feedback_json,std_msgs/msg/String,2026-08-18T20:41:02.498481-04:00,1787100062,498473528,1787100062498473528,113.367862,,,,1415,1414,1,0,0,1415,AxisTarget,1,False,True,True,False,0.0,-90.0,90.0,0.0,90.0,0.0,445.0,0.0,810.0,180.0,0.0,180.0,False,True,
303,/kuka/axis_move/feedback_json,std_msgs/msg/String,2026-08-18T20:41:02.608347-04:00,1787100062,608340964,1787100062608340964,109.867436,,,,1416,1415,1,0,0,1416,AxisTarget,1,False,True,True,False,0.0,-90.0,90.0,0.0,90.0,0.0,445.0,0.0,810.0,180.0,0.0,180.0,False,True,
304,/kuka/axis_move/feedback_json,std_msgs/msg/String,2026-08-18T20:41:02.767990-04:00,1787100062,767984682,1787100062767984682,159.643718,,,,1417,1416,1,0,0,1417,AxisTarget,1,False,True,True,False,0.0,-90.0,90.0,0.0,90.0,0.0,445.0,0.0,810.0,180.0,0.0,180.0,False,True,
305,/kuka/axis_move/feedback_json,std_msgs/msg/String,2026-08-18T20:41:02.882569-04:00,1787100062,882560753,1787100062882560753,114.576071,,,,1418,1417,1,0,0,1418,AxisTarget,1,False,True,True,False,0.0,-90.0,90.0,0.0,90.0,0.0,445.0,0.0,810.0,180.0,0.0,180.0,False,True,
306,/kuka/axis_move/feedback_json,std_msgs/msg/String,2026-08-18T20:41:02.994902-04:00,1787100062,994890989,1787100062994890989,112.330236,,,,1419,1418,1,0,0,1419,AxisTarget,1,False,True,True,False,0.0,-90.0,90.0,0.0,90.0,0.0,445.0,0.0,810.0,180.0,0.0,180.0,False,True,
307,/kuka/axis_move/feedback_json,std_msgs/msg/String,2026-08-18T20:41:03.103238-04:00,1787100063,103221687,1787100063103221687,108.330698,,,,1420,1419,1,0,0,1420,AxisTarget,1,False,True,True,False,0.0,-90.0,90.0,0.0,90.0,0.0,445.0,0.0,810.0,180.0,0.0,180.0,False,True,
308,/kuka/axis_move/feedback_json,std_msgs/msg/String,2026-08-18T20:41:03.215706-04:00,1787100063,215695726,1787100063215695726,112.474039,,,,1421,1420,1,0,0,1421,AxisTarget,1,False,True,True,False,0.0,-90.0,90.0,0.0,90.0,0.0,445.0,0.0,810.0,180.0,0.0,180.0,False,True,
309,/kuka/axis_move/feedback_json,std_msgs/msg/String,2026-08-18T20:41:03.382771-04:00,1787100063,382755361,1787100063382755361,167.059635,,,,1422,1421,1,0,0,1422,AxisTarget,1,False,True,True,False,0.0,-90.0,90.0,0.0,90.0,0.0,445.0,0.0,810.0,180.0,0.0,180.0,False,True,
310,/kuka/axis_move/feedback_json,std_msgs/msg/String,2026-08-18T20:41:03.496214-04:00,1787100063,496205964,1787100063496205964,113.450603,,,,1423,1422,1,0,0,1423,AxisTarget,1,False,True,True,False,0.0,-90.0,90.0,0.0,90.0,0.0,445.0,0.0,810.0,180.0,0.0,180.0,False,True,
311,/kuka/axis_move/feedback_json,std_msgs/msg/String,2026-08-18T20:41:03.607001-04:00,1787100063,606992245,1787100063606992245,110.786281,,,,1424,1423,1,0,0,1424,AxisTarget,1,False,True,True,False,0.0,-90.0,90.0,0.0,90.0,0.0,445.0,0.0,810.0,180.0,0.0,180.0,False,True,
312,/kuka/axis_move/feedback_json,std_msgs/msg/String,2026-08-18T20:41:03.720500-04:00,1787100063,720492131,1787100063720492131,113.499886,,,,1425,1424,1,0,0,1425,AxisTarget,1,False,True,True,False,0.0,-90.0,90.0,0.0,90.0,0.0,445.0,0.0,810.0,180.0,0.0,180.0,False,True,
313,/kuka/axis_move/feedback_json,std_msgs/msg/String,2026-08-18T20:41:03.885112-04:00,1787100063,885099432,1787100063885099432,164.607301,,,,1426,1425,1,0,0,1426,AxisTarget,1,False,True,True,False,0.0,-90.0,90.0,0.0,90.0,0.0,445.0,0.0,810.0,180.0,0.0,180.0,False,True,
314,/kuka/axis_move/feedback_json,std_msgs/msg/String,2026-08-18T20:41:03.997685-04:00,1787100063,997678456,1787100063997678456,112.579024,,,,1427,1426,1,0,0,1427,AxisTarget,1,False,True,True,False,0.0,-90.0,90.0,0.0,90.0,0.0,445.0,0.0,810.0,180.0,0.0,180.0,False,True,
315,/kuka/axis_move/feedback_json,std_msgs/msg/String,2026-08-18T20:41:04.109996-04:00,1787100064,109983993,1787100064109983993,112.305537,,,,1428,1427,1,0,0,1428,AxisTarget,1,False,True,True,False,0.0,-90.0,90.0,0.0,90.0,0.0,445.0,0.0,810.0,180.0,0.0,180.0,False,True,
316,/kuka/axis_move/feedback_json,std_msgs/msg/String,2026-08-18T20:41:04.223342-04:00,1787100064,223307628,1787100064223307628,113.323635,,,,1429,1428,1,0,0,1429,AxisTarget,1,False,True,True,False,0.0,-90.0,90.0,0.0,90.0,0.0,445.0,0.0,810.0,180.0,0.0,180.0,False,True,
317,/kuka/axis_move/feedback_json,std_msgs/msg/String,2026-08-18T20:41:04.392145-04:00,1787100064,392138359,1787100064392138359,168.830731,,,,1430,1429,1,0,0,1430,AxisTarget,1,False,True,True,False,0.0,-90.0,90.0,0.0,90.0,0.0,445.0,0.0,810.0,180.0,0.0,180.0,False,True,
318,/kuka/axis_move/feedback_json,std_msgs/msg/String,2026-08-18T20:41:04.506849-04:00,1787100064,506837193,1787100064506837193,114.698834,,,,1431,1430,1,0,0,1431,AxisTarget,1,False,True,True,False,0.0,-90.0,90.0,0.0,90.0,0.0,445.0,0.0,810.0,180.0,0.0,180.0,False,True,
319,/kuka/axis_move/feedback_json,std_msgs/msg/String,2026-08-18T20:41:04.617163-04:00,1787100064,617149500,1787100064617149500,110.312307,,,,1432,1431,1,0,0,1432,AxisTarget,1,False,True,True,False,0.0,-90.0,90.0,0.0,90.0,0.0,445.0,0.0,810.0,180.0,0.0,180.0,False,True,
320,/kuka/axis_move/feedback_json,std_msgs/msg/String,2026-08-18T20:41:04.733796-04:00,1787100064,733789811,1787100064733789811,116.640311,,,,1433,1432,1,0,0,1433,AxisTarget,1,False,True,True,False,0.0,-90.0,90.0,0.0,90.0,0.0,445.0,0.0,810.0,180.0,0.0,180.0,False,True,
321,/kuka/axis_move/feedback_json,std_msgs/msg/String,2026-08-18T20:41:04.897389-04:00,1787100064,897381560,1787100064897381560,163.591749,,,,1434,1433,1,0,0,1434,AxisTarget,1,False,True,True,False,0.0,-90.0,90.0,0.0,90.0,0.0,445.0,0.0,810.0,180.0,0.0,180.0,False,True,
322,/kuka/axis_move/feedback_json,std_msgs/msg/String,2026-08-18T20:41:05.011836-04:00,1787100065,11826215,1787100065011826215,114.444655,,,,1435,1434,1,0,0,1435,AxisTarget,1,False,True,True,False,0.0,-90.0,90.0,0.0,90.0,0.0,445.0,0.0,810.0,180.0,0.0,180.0,False,True,
323,/kuka/axis_move/feedback_json,std_msgs/msg/String,2026-08-18T20:41:05.123899-04:00,1787100065,123887684,1787100065123887684,112.061469,,,,1436,1435,1,0,0,1436,AxisTarget,1,False,True,True,False,0.0,-90.0,90.0,0.0,90.0,0.0,445.0,0.0,810.0,180.0,0.0,180.0,False,True,
324,/kuka/axis_move/feedback_json,std_msgs/msg/String,2026-08-18T20:41:05.232383-04:00,1787100065,232370890,1787100065232370890,108.483206,,,,1437,1436,1,0,0,1437,AxisTarget,1,False,True,True,False,0.0,-90.0,90.0,0.0,90.0,0.0,445.0,0.0,810.0,180.0,0.0,180.0,False,True,
325,/kuka/axis_move/feedback_json,std_msgs/msg/String,2026-08-18T20:41:05.342484-04:00,1787100065,342475764,1787100065342475764,110.104874,,,,1438,1437,1,0,0,1438,AxisTarget,1,False,True,True,False,0.0,-90.0,90.0,0.0,90.0,0.0,445.0,0.0,810.0,180.0,0.0,180.0,False,True,
326,/kuka/axis_move/feedback_json,std_msgs/msg/String,2026-08-18T20:41:05.502487-04:00,1787100065,502481045,1787100065502481045,160.005281,,,,1439,1438,1,0,0,1439,AxisTarget,1,False,True,True,False,0.0,-90.0,90.0,0.0,90.0,0.0,445.0,0.0,810.0,180.0,0.0,180.0,False,True,
327,/kuka/axis_move/feedback_json,std_msgs/msg/String,2026-08-18T20:41:05.617359-04:00,1787100065,617344679,1787100065617344679,114.863634,,,,1440,1439,1,0,0,1440,AxisTarget,1,False,True,True,False,0.0,-90.0,90.0,0.0,90.0,0.0,445.0,0.0,810.0,180.0,0.0,180.0,False,True,
328,/kuka/axis_move/feedback_json,std_msgs/msg/String,2026-08-18T20:41:05.728434-04:00,1787100065,728427785,1787100065728427785,111.083106,,,,1441,1440,1,0,0,1441,AxisTarget,1,False,True,True,False,0.0,-90.0,90.0,0.0,90.0,0.0,445.0,0.0,810.0,180.0,0.0,180.0,False,True,
329,/kuka/axis_move/feedback_json,std_msgs/msg/String,2026-08-18T20:41:05.835665-04:00,1787100065,835653626,1787100065835653626,107.225841,,,,1442,1441,1,0,0,1442,AxisTarget,1,False,True,True,False,0.0,-90.0,90.0,0.0,90.0,0.0,445.0,0.0,810.0,180.0,0.0,180.0,False,True,
330,/kuka/axis_move/feedback_json,std_msgs/msg/String,2026-08-18T20:41:05.945956-04:00,1787100065,945944638,1787100065945944638,110.291012,,,,1443,1442,1,0,0,1443,AxisTarget,1,False,True,True,False,0.0,-90.0,90.0,0.0,90.0,0.0,445.0,0.0,810.0,180.0,0.0,180.0,False,True,
331,/kuka/axis_move/feedback_json,std_msgs/msg/String,2026-08-18T20:41:06.110799-04:00,1787100066,110778864,1787100066110778864,164.834226,,,,1444,1443,1,0,0,1444,AxisTarget,1,False,True,True,False,0.0,-90.0,90.0,0.0,90.0,0.0,445.0,0.0,810.0,180.0,0.0,180.0,False,True,
332,/kuka/axis_move/feedback_json,std_msgs/msg/String,2026-08-18T20:41:06.222316-04:00,1787100066,222307942,1787100066222307942,111.529078,,,,1445,1444,1,0,0,1445,AxisTarget,1,False,True,True,False,0.0,-90.0,90.0,0.0,90.0,0.0,445.0,0.0,810.0,180.0,0.0,180.0,False,True,
333,/kuka/axis_move/feedback_json,std_msgs/msg/String,2026-08-18T20:41:06.338045-04:00,1787100066,338030130,1787100066338030130,115.722188,,,,1446,1445,1,0,0,1446,AxisTarget,1,False,True,True,False,0.0,-90.0,90.0,0.0,90.0,0.0,445.0,0.0,810.0,180.0,0.0,180.0,False,True,
334,/kuka/axis_move/feedback_json,std_msgs/msg/String,2026-08-18T20:41:06.450096-04:00,1787100066,450084693,1787100066450084693,112.054563,,,,1447,1446,1,0,0,1447,AxisTarget,1,False,True,True,False,0.0,-90.0,90.0,0.0,90.0,0.0,445.0,0.0,810.0,180.0,0.0,180.0,False,True,
335,/kuka/axis_move/feedback_json,std_msgs/msg/String,2026-08-18T20:41:06.613942-04:00,1787100066,613929914,1787100066613929914,163.845221,,,,1448,1447,1,0,0,1448,AxisTarget,1,False,True,True,False,0.0,-90.0,90.0,0.0,90.0,0.0,445.0,0.0,810.0,180.0,0.0,180.0,False,True,
336,/kuka/axis_move/feedback_json,std_msgs/msg/String,2026-08-18T20:41:06.721004-04:00,1787100066,720985845,1787100066720985845,107.055931,,,,1449,1448,1,0,0,1449,AxisTarget,1,False,True,True,False,0.0,-90.0,90.0,0.0,90.0,0.0,445.0,0.0,810.0,180.0,0.0,180.0,False,True,
337,/kuka/axis_move/feedback_json,std_msgs/msg/String,2026-08-18T20:41:06.829656-04:00,1787100066,829644121,1787100066829644121,108.658276,,,,1450,1449,1,0,0,1450,AxisTarget,1,False,True,True,False,0.0,-90.0,90.0,0.0,90.0,0.0,445.0,0.0,810.0,180.0,0.0,180.0,False,True,
338,/kuka/axis_move/feedback_json,std_msgs/msg/String,2026-08-18T20:41:06.943995-04:00,1787100066,943978944,1787100066943978944,114.334823,,,,1451,1450,1,0,0,1451,AxisTarget,1,False,True,True,False,0.0,-90.0,90.0,0.0,90.0,0.0,445.0,0.0,810.0,180.0,0.0,180.0,False,True,
339,/kuka/axis_move/feedback_json,std_msgs/msg/String,2026-08-18T20:41:07.056615-04:00,1787100067,56598171,1787100067056598171,112.619227,,,,1452,1451,1,0,0,1452,AxisTarget,1,False,True,True,False,0.0,-90.0,90.0,0.0,90.0,0.0,445.0,0.0,810.0,180.0,0.0,180.0,False,True,
340,/kuka/axis_move/feedback_json,std_msgs/msg/String,2026-08-18T20:41:07.222386-04:00,1787100067,222372594,1787100067222372594,165.774423,,,,1453,1452,1,0,0,1453,AxisTarget,1,False,True,True,False,0.0,-90.0,90.0,0.0,90.0,0.0,445.0,0.0,810.0,180.0,0.0,180.0,False,True,
341,/kuka/axis_move/feedback_json,std_msgs/msg/String,2026-08-18T20:41:07.331812-04:00,1787100067,331801394,1787100067331801394,109.4288,,,,1454,1453,1,0,0,1454,AxisTarget,1,False,True,True,False,0.0,-90.0,90.0,0.0,90.0,0.0,445.0,0.0,810.0,180.0,0.0,180.0,False,True,
342,/kuka/axis_move/feedback_json,std_msgs/msg/String,2026-08-18T20:41:07.444189-04:00,1787100067,444171320,1787100067444171320,112.369926,,,,1455,1454,1,0,0,1455,AxisTarget,1,False,True,True,False,0.0,-90.0,90.0,0.0,90.0,0.0,445.0,0.0,810.0,180.0,0.0,180.0,False,True,
343,/kuka/axis_move/feedback_json,std_msgs/msg/String,2026-08-18T20:41:07.556810-04:00,1787100067,556797909,1787100067556797909,112.626589,,,,1456,1455,1,0,0,1456,AxisTarget,1,False,True,True,False,0.0,-90.0,90.0,0.0,90.0,0.0,445.0,0.0,810.0,180.0,0.0,180.0,False,True,
344,/kuka/axis_move/feedback_json,std_msgs/msg/String,2026-08-18T20:41:07.725180-04:00,1787100067,725168032,1787100067725168032,168.370123,,,,1457,1456,1,0,0,1457,AxisTarget,1,False,True,True,False,0.0,-90.0,90.0,0.0,90.0,0.0,445.0,0.0,810.0,180.0,0.0,180.0,False,True,
345,/kuka/axis_move/feedback_json,std_msgs/msg/String,2026-08-18T20:41:07.840143-04:00,1787100067,840136759,1787100067840136759,114.968727,,,,1458,1457,1,0,0,1458,AxisTarget,1,False,True,True,False,0.0,-90.0,90.0,0.0,90.0,0.0,445.0,0.0,810.0,180.0,0.0,180.0,False,True,
346,/kuka/axis_move/feedback_json,std_msgs/msg/String,2026-08-18T20:41:07.947573-04:00,1787100067,947561752,1787100067947561752,107.424993,,,,1459,1458,1,0,0,1459,AxisTarget,1,False,True,True,False,0.0,-90.0,90.0,0.0,90.0,0.0,445.0,0.0,810.0,180.0,0.0,180.0,False,True,
347,/kuka/axis_move/feedback_json,std_msgs/msg/String,2026-08-18T20:41:08.062248-04:00,1787100068,62242800,1787100068062242800,114.681048,,,,1460,1459,1,0,0,1460,AxisTarget,1,False,True,True,False,0.0,-90.0,90.0,0.0,90.0,0.0,445.0,0.0,810.0,180.0,0.0,180.0,False,True,
348,/kuka/axis_move/feedback_json,std_msgs/msg/String,2026-08-18T20:41:08.221946-04:00,1787100068,221936738,1787100068221936738,159.693938,,,,1461,1460,1,0,0,1461,AxisTarget,1,False,True,True,False,0.0,-90.0,90.0,0.0,90.0,0.0,445.0,0.0,810.0,180.0,0.0,180.0,False,True,
349,/kuka/axis_move/feedback_json,std_msgs/msg/String,2026-08-18T20:41:08.330141-04:00,1787100068,330129923,1787100068330129923,108.193185,,,,1462,1461,1,0,0,1462,AxisTarget,1,False,True,True,False,0.0,-90.0,90.0,0.0,90.0,0.0,445.0,0.0,810.0,180.0,0.0,180.0,False,True,
350,/kuka/axis_move/feedback_json,std_msgs/msg/String,2026-08-18T20:41:08.442873-04:00,1787100068,442853675,1787100068442853675,112.723752,,,,1463,1462,1,0,0,1463,AxisTarget,1,False,True,True,False,0.0,-90.0,90.0,0.0,90.0,0.0,445.0,0.0,810.0,180.0,0.0,180.0,False,True,
351,/kuka/axis_move/feedback_json,std_msgs/msg/String,2026-08-18T20:41:08.552887-04:00,1787100068,552881033,1787100068552881033,110.027358,,,,1464,1463,1,0,0,1464,AxisTarget,1,False,True,True,False,0.0,-90.0,90.0,0.0,90.0,0.0,445.0,0.0,810.0,180.0,0.0,180.0,False,True,
352,/kuka/axis_move/feedback_json,std_msgs/msg/String,2026-08-18T20:41:08.670285-04:00,1787100068,670279865,1787100068670279865,117.398832,,,,1465,1464,1,0,0,1465,AxisTarget,1,False,True,True,False,0.0,-90.0,90.0,0.0,90.0,0.0,445.0,0.0,810.0,180.0,0.0,180.0,False,True,
353,/kuka/axis_move/feedback_json,std_msgs/msg/String,2026-08-18T20:41:08.841099-04:00,1787100068,841087160,1787100068841087160,170.807295,,,,1466,1465,1,0,0,1466,AxisTarget,1,False,True,True,False,0.0,-90.0,90.0,0.0,90.0,0.0,445.0,0.0,810.0,180.0,0.0,180.0,False,True,
354,/kuka/axis_move/feedback_json,std_msgs/msg/String,2026-08-18T20:41:08.951481-04:00,1787100068,951449775,1787100068951449775,110.362615,,,,1467,1466,1,0,0,1467,AxisTarget,1,False,True,True,False,0.0,-90.0,90.0,0.0,90.0,0.0,445.0,0.0,810.0,180.0,0.0,180.0,False,True,
355,/kuka/axis_move/feedback_json,std_msgs/msg/String,2026-08-18T20:41:09.063757-04:00,1787100069,63739653,1787100069063739653,112.289878,,,,1468,1467,1,0,0,1468,AxisTarget,1,False,True,True,False,0.0,-90.0,90.0,0.0,90.0,0.0,445.0,0.0,810.0,180.0,0.0,180.0,False,True,
356,/kuka/axis_move/feedback_json,std_msgs/msg/String,2026-08-18T20:41:09.171420-04:00,1787100069,171395722,1787100069171395722,107.656069,,,,1469,1468,1,0,0,1469,AxisTarget,1,False,True,True,False,0.0,-90.0,90.0,0.0,90.0,0.0,445.0,0.0,810.0,180.0,0.0,180.0,False,True,
357,/kuka/axis_move/feedback_json,std_msgs/msg/String,2026-08-18T20:41:09.340739-04:00,1787100069,340715969,1787100069340715969,169.320247,,,,1470,1469,1,0,0,1470,AxisTarget,1,False,True,True,False,0.0,-90.0,90.0,0.0,90.0,0.0,445.0,0.0,810.0,180.0,0.0,180.0,False,True,
358,/kuka/axis_move/feedback_json,std_msgs/msg/String,2026-08-18T20:41:09.449470-04:00,1787100069,449458571,1787100069449458571,108.742602,,,,1471,1470,1,0,0,1471,AxisTarget,1,False,True,True,False,0.0,-90.0,90.0,0.0,90.0,0.0,445.0,0.0,810.0,180.0,0.0,180.0,False,True,
359,/kuka/axis_move/feedback_json,std_msgs/msg/String,2026-08-18T20:41:09.560124-04:00,1787100069,560117741,1787100069560117741,110.65917,,,,1472,1471,1,0,0,1472,AxisTarget,1,False,True,True,False,0.0,-90.0,90.0,0.0,90.0,0.0,445.0,0.0,810.0,180.0,0.0,180.0,False,True,
360,/kuka/axis_move/feedback_json,std_msgs/msg/String,2026-08-18T20:41:09.672359-04:00,1787100069,672348002,1787100069672348002,112.230261,,,,1473,1472,1,0,0,1473,AxisTarget,1,False,True,True,False,0.0,-90.0,90.0,0.0,90.0,0.0,445.0,0.0,810.0,180.0,0.0,180.0,False,True,
361,/kuka/axis_move/feedback_json,std_msgs/msg/String,2026-08-18T20:41:09.836226-04:00,1787100069,836219152,1787100069836219152,163.87115,,,,1474,1473,1,0,0,1474,AxisTarget,1,False,True,True,False,0.0,-90.0,90.0,0.0,90.0,0.0,445.0,0.0,810.0,180.0,0.0,180.0,False,True,
362,/kuka/axis_move/feedback_json,std_msgs/msg/String,2026-08-18T20:41:09.942540-04:00,1787100069,942533987,1787100069942533987,106.314835,,,,1475,1474,1,0,0,1475,AxisTarget,1,False,True,True,False,0.0,-90.0,90.0,0.0,90.0,0.0,445.0,0.0,810.0,180.0,0.0,180.0,False,True,
363,/kuka/axis_move/feedback_json,std_msgs/msg/String,2026-08-18T20:41:10.052013-04:00,1787100070,52001832,1787100070052001832,109.467845,,,,1476,1475,1,0,0,1476,AxisTarget,1,False,True,True,False,0.0,-90.0,90.0,0.0,90.0,0.0,445.0,0.0,810.0,180.0,0.0,180.0,False,True,
364,/kuka/axis_move/feedback_json,std_msgs/msg/String,2026-08-18T20:41:10.160749-04:00,1787100070,160737415,1787100070160737415,108.735583,,,,1477,1476,1,0,0,1477,AxisTarget,1,False,True,True,False,0.0,-90.0,90.0,0.0,90.0,0.0,445.0,0.0,810.0,180.0,0.0,180.0,False,True,
365,/kuka/axis_move/feedback_json,std_msgs/msg/String,2026-08-18T20:41:10.272869-04:00,1787100070,272863176,1787100070272863176,112.125761,,,,1478,1477,1,0,0,1478,AxisTarget,1,False,True,True,False,0.0,-90.0,90.0,0.0,90.0,0.0,445.0,0.0,810.0,180.0,0.0,180.0,False,True,
366,/kuka/axis_move/feedback_json,std_msgs/msg/String,2026-08-18T20:41:10.434478-04:00,1787100070,434448181,1787100070434448181,161.585005,,,,1479,1478,1,0,0,1479,AxisTarget,1,False,True,True,False,0.0,-90.0,90.0,0.0,90.0,0.0,445.0,0.0,810.0,180.0,0.0,180.0,False,True,
367,/kuka/axis_move/feedback_json,std_msgs/msg/String,2026-08-18T20:41:10.545082-04:00,1787100070,545062239,1787100070545062239,110.614058,,,,1480,1479,1,0,0,1480,AxisTarget,1,False,True,True,False,0.0,-90.0,90.0,0.0,90.0,0.0,445.0,0.0,810.0,180.0,0.0,180.0,False,True,
368,/kuka/axis_move/feedback_json,std_msgs/msg/String,2026-08-18T20:41:10.657430-04:00,1787100070,657423528,1787100070657423528,112.361289,,,,1481,1480,1,0,0,1481,AxisTarget,1,False,True,True,False,0.0,-90.0,90.0,0.0,90.0,0.0,445.0,0.0,810.0,180.0,0.0,180.0,False,True,
369,/kuka/axis_move/feedback_json,std_msgs/msg/String,2026-08-18T20:41:10.763847-04:00,1787100070,763841491,1787100070763841491,106.417963,,,,1482,1481,1,0,0,1482,AxisTarget,1,False,True,True,False,0.0,-90.0,90.0,0.0,90.0,0.0,445.0,0.0,810.0,180.0,0.0,180.0,False,True,
370,/kuka/axis_move/feedback_json,std_msgs/msg/String,2026-08-18T20:41:10.873795-04:00,1787100070,873787946,1787100070873787946,109.946455,,,,1483,1482,1,0,0,1483,AxisTarget,1,False,True,True,False,0.0,-90.0,90.0,0.0,90.0,0.0,445.0,0.0,810.0,180.0,0.0,180.0,False,True,
371,/kuka/axis_move/feedback_json,std_msgs/msg/String,2026-08-18T20:41:11.034374-04:00,1787100071,34365098,1787100071034365098,160.577152,,,,1484,1483,1,0,0,1484,AxisTarget,1,False,True,True,False,0.0,-90.0,90.0,0.0,90.0,0.0,445.0,0.0,810.0,180.0,0.0,180.0,False,True,
372,/kuka/axis_move/feedback_json,std_msgs/msg/String,2026-08-18T20:41:11.145180-04:00,1787100071,145169052,1787100071145169052,110.803954,,,,1485,1484,1,0,0,1485,AxisTarget,1,False,True,True,False,0.0,-90.0,90.0,0.0,90.0,0.0,445.0,0.0,810.0,180.0,0.0,180.0,False,True,
373,/kuka/axis_move/feedback_json,std_msgs/msg/String,2026-08-18T20:41:11.256492-04:00,1787100071,256479024,1787100071256479024,111.309972,,,,1486,1485,1,0,0,1486,AxisTarget,1,False,True,True,False,0.0,-90.0,90.0,0.0,90.0,0.0,445.0,0.0,810.0,180.0,0.0,180.0,False,True,
374,/kuka/axis_move/feedback_json,std_msgs/msg/String,2026-08-18T20:41:11.370081-04:00,1787100071,370069498,1787100071370069498,113.590474,,,,1487,1486,1,0,0,1487,AxisTarget,1,False,True,True,False,0.0,-90.0,90.0,0.0,90.0,0.0,445.0,0.0,810.0,180.0,0.0,180.0,False,True,
375,/kuka/axis_move/feedback_json,std_msgs/msg/String,2026-08-18T20:41:11.480722-04:00,1787100071,480711326,1787100071480711326,110.641828,,,,1488,1487,1,0,0,1488,AxisTarget,1,False,True,True,False,0.0,-90.0,90.0,0.0,90.0,0.0,445.0,0.0,810.0,180.0,0.0,180.0,False,True,
376,/kuka/axis_move/feedback_json,std_msgs/msg/String,2026-08-18T20:41:11.643529-04:00,1787100071,643517235,1787100071643517235,162.805909,,,,1489,1488,1,0,0,1489,AxisTarget,1,False,True,True,False,0.0,-90.0,90.0,0.0,90.0,0.0,445.0,0.0,810.0,180.0,0.0,180.0,False,True,
377,/kuka/axis_move/feedback_json,std_msgs/msg/String,2026-08-18T20:41:11.755912-04:00,1787100071,755889941,1787100071755889941,112.372706,,,,1490,1489,1,0,0,1490,AxisTarget,1,False,True,True,False,0.0,-90.0,90.0,0.0,90.0,0.0,445.0,0.0,810.0,180.0,0.0,180.0,False,True,
378,/kuka/axis_move/feedback_json,std_msgs/msg/String,2026-08-18T20:41:11.869292-04:00,1787100071,869271202,1787100071869271202,113.381261,,,,1491,1490,1,0,0,1491,AxisTarget,1,False,True,True,False,0.0,-90.0,90.0,0.0,90.0,0.0,445.0,0.0,810.0,180.0,0.0,180.0,False,True,
379,/kuka/axis_move/feedback_json,std_msgs/msg/String,2026-08-18T20:41:11.974307-04:00,1787100071,974297509,1787100071974297509,105.026307,,,,1492,1491,1,0,0,1492,AxisTarget,1,False,True,True,False,0.0,-90.0,90.0,0.0,90.0,0.0,445.0,0.0,810.0,180.0,0.0,180.0,False,True,
380,/kuka/axis_move/feedback_json,std_msgs/msg/String,2026-08-18T20:41:12.081353-04:00,1787100072,81344590,1787100072081344590,107.047081,,,,1493,1492,1,0,0,1493,AxisTarget,1,False,True,True,False,0.0,-90.0,90.0,0.0,90.0,0.0,445.0,0.0,810.0,180.0,0.0,180.0,False,True,
381,/kuka/axis_move/feedback_json,std_msgs/msg/String,2026-08-18T20:41:12.247924-04:00,1787100072,247915855,1787100072247915855,166.571265,,,,1494,1493,1,0,0,1494,AxisTarget,1,False,True,True,False,0.0,-90.0,90.0,0.0,90.0,0.0,445.0,0.0,810.0,180.0,0.0,180.0,False,True,
382,/kuka/axis_move/feedback_json,std_msgs/msg/String,2026-08-18T20:41:12.357938-04:00,1787100072,357921208,1787100072357921208,110.005353,,,,1495,1494,1,0,0,1495,AxisTarget,1,False,True,True,False,0.0,-90.0,90.0,0.0,90.0,0.0,445.0,0.0,810.0,180.0,0.0,180.0,False,True,
383,/kuka/axis_move/feedback_json,std_msgs/msg/String,2026-08-18T20:41:12.466659-04:00,1787100072,466650499,1787100072466650499,108.729291,,,,1496,1495,1,0,0,1496,AxisTarget,1,False,True,True,False,0.0,-90.0,90.0,0.0,90.0,0.0,445.0,0.0,810.0,180.0,0.0,180.0,False,True,
384,/kuka/axis_move/feedback_json,std_msgs/msg/String,2026-08-18T20:41:12.574693-04:00,1787100072,574686180,1787100072574686180,108.035681,,,,1497,1496,1,0,0,1497,AxisTarget,1,False,True,True,False,0.0,-90.0,90.0,0.0,90.0,0.0,445.0,0.0,810.0,180.0,0.0,180.0,False,True,
385,/kuka/axis_move/feedback_json,std_msgs/msg/String,2026-08-18T20:41:12.684294-04:00,1787100072,684275443,1787100072684275443,109.589263,,,,1498,1497,1,0,0,1498,AxisTarget,1,False,True,True,False,0.0,-90.0,90.0,0.0,90.0,0.0,445.0,0.0,810.0,180.0,0.0,180.0,False,True,
386,/kuka/axis_move/feedback_json,std_msgs/msg/String,2026-08-18T20:41:12.844489-04:00,1787100072,844474873,1787100072844474873,160.19943,,,,1499,1498,1,0,0,1499,AxisTarget,1,False,True,True,False,0.0,-90.0,90.0,0.0,90.0,0.0,445.0,0.0,810.0,180.0,0.0,180.0,False,True,
387,/kuka/axis_move/feedback_json,std_msgs/msg/String,2026-08-18T20:41:12.936077-04:00,1787100072,936070196,1787100072936070196,91.595323,,,,1500,1499,1,0,0,1500,AxisTarget,1,False,True,True,False,0.0,-90.0,90.0,0.0,90.0,0.0,445.0,0.0,810.0,180.0,0.0,180.0,False,True,
388,/kuka/axis_move/feedback_json,std_msgs/msg/String,2026-08-18T20:41:13.046848-04:00,1787100073,46842611,1787100073046842611,110.772415,,,,1501,1500,1,0,0,1501,AxisTarget,1,False,True,True,False,0.0,-90.0,90.0,0.0,90.0,0.0,445.0,0.0,810.0,180.0,0.0,180.0,False,True,
389,/kuka/axis_move/feedback_json,std_msgs/msg/String,2026-08-18T20:41:13.156295-04:00,1787100073,156288796,1787100073156288796,109.446185,,,,1502,1501,1,0,0,1502,AxisTarget,1,False,True,True,False,0.0,-90.0,90.0,0.0,90.0,0.0,445.0,0.0,810.0,180.0,0.0,180.0,False,True,
390,/kuka/axis_move/feedback_json,std_msgs/msg/String,2026-08-18T20:41:13.269705-04:00,1787100073,269693163,1787100073269693163,113.404367,,,,1503,1502,1,0,0,1503,AxisTarget,1,False,True,True,False,0.0,-90.0,90.0,0.0,90.0,0.0,445.0,0.0,810.0,180.0,0.0,180.0,False,True,
391,/kuka/axis_move/feedback_json,std_msgs/msg/String,2026-08-18T20:41:13.429468-04:00,1787100073,429454760,1787100073429454760,159.761597,,,,1504,1503,1,0,0,1504,AxisTarget,1,False,True,True,False,0.0,-90.0,90.0,0.0,90.0,0.0,445.0,0.0,810.0,180.0,0.0,180.0,False,True,
392,/kuka/axis_move/feedback_json,std_msgs/msg/String,2026-08-18T20:41:13.539647-04:00,1787100073,539641095,1787100073539641095,110.186335,,,,1505,1504,1,0,0,1505,AxisTarget,1,False,True,True,False,0.0,-90.0,90.0,0.0,90.0,0.0,445.0,0.0,810.0,180.0,0.0,180.0,False,True,
393,/kuka/axis_move/feedback_json,std_msgs/msg/String,2026-08-18T20:41:13.653568-04:00,1787100073,653523360,1787100073653523360,113.882265,,,,1506,1505,1,0,0,1506,AxisTarget,1,False,True,True,False,0.0,-90.0,90.0,0.0,90.0,0.0,445.0,0.0,810.0,180.0,0.0,180.0,False,True,
394,/kuka/axis_move/feedback_json,std_msgs/msg/String,2026-08-18T20:41:13.763118-04:00,1787100073,763106439,1787100073763106439,109.583079,,,,1507,1506,1,0,0,1507,AxisTarget,1,False,True,True,False,0.0,-90.0,90.0,0.0,90.0,0.0,445.0,0.0,810.0,180.0,0.0,180.0,False,True,
395,/kuka/axis_move/feedback_json,std_msgs/msg/String,2026-08-18T20:41:13.872928-04:00,1787100073,872905714,1787100073872905714,109.799275,,,,1508,1507,1,0,0,1508,AxisTarget,1,False,True,True,False,0.0,-90.0,90.0,0.0,90.0,0.0,445.0,0.0,810.0,180.0,0.0,180.0,False,True,
396,/kuka/axis_move/feedback_json,std_msgs/msg/String,2026-08-18T20:41:14.033928-04:00,1787100074,33900722,1787100074033900722,160.995008,,,,1509,1508,1,0,0,1509,AxisTarget,1,False,True,True,False,0.0,-90.0,90.0,0.0,90.0,0.0,445.0,0.0,810.0,180.0,0.0,180.0,False,True,
397,/kuka/axis_move/feedback_json,std_msgs/msg/String,2026-08-18T20:41:14.147213-04:00,1787100074,147189752,1787100074147189752,113.28903,,,,1510,1509,1,0,0,1510,AxisTarget,1,False,True,True,False,0.0,-90.0,90.0,0.0,90.0,0.0,445.0,0.0,810.0,180.0,0.0,180.0,False,True,
398,/kuka/axis_move/feedback_json,std_msgs/msg/String,2026-08-18T20:41:14.256609-04:00,1787100074,256590830,1787100074256590830,109.401078,,,,1511,1510,1,0,0,1511,AxisTarget,1,False,True,True,False,0.0,-90.0,90.0,0.0,90.0,0.0,445.0,0.0,810.0,180.0,0.0,180.0,False,True,
399,/kuka/axis_move/feedback_json,std_msgs/msg/String,2026-08-18T20:41:14.367968-04:00,1787100074,367955345,1787100074367955345,111.364515,,,,1512,1511,1,0,0,1512,AxisTarget,1,False,True,True,False,0.0,-90.0,90.0,0.0,90.0,0.0,445.0,0.0,810.0,180.0,0.0,180.0,False,True,
400,/kuka/axis_move/feedback_json,std_msgs/msg/String,2026-08-18T20:41:14.473843-04:00,1787100074,473837243,1787100074473837243,105.881898,,,,1513,1512,1,0,0,1513,AxisTarget,1,False,True,True,False,0.0,-90.0,90.0,0.0,90.0,0.0,445.0,0.0,810.0,180.0,0.0,180.0,False,True,
401,/kuka/axis_move/feedback_json,std_msgs/msg/String,2026-08-18T20:41:14.634412-04:00,1787100074,634395244,1787100074634395244,160.558001,,,,1514,1513,1,0,0,1514,AxisTarget,1,False,True,True,False,0.0,-90.0,90.0,0.0,90.0,0.0,445.0,0.0,810.0,180.0,0.0,180.0,False,True,
402,/kuka/axis_move/feedback_json,std_msgs/msg/String,2026-08-18T20:41:14.748802-04:00,1787100074,748796393,1787100074748796393,114.401149,,,,1515,1514,1,0,0,1515,AxisTarget,1,False,True,True,False,0.0,-90.0,90.0,0.0,90.0,0.0,445.0,0.0,810.0,180.0,0.0,180.0,False,True,
403,/kuka/axis_move/feedback_json,std_msgs/msg/String,2026-08-18T20:41:14.858624-04:00,1787100074,858612475,1787100074858612475,109.816082,,,,1516,1515,1,0,0,1516,AxisTarget,1,False,True,True,False,0.0,-90.0,90.0,0.0,90.0,0.0,445.0,0.0,810.0,180.0,0.0,180.0,False,True,
404,/kuka/axis_move/feedback_json,std_msgs/msg/String,2026-08-18T20:41:14.972596-04:00,1787100074,972572584,1787100074972572584,113.960109,,,,1517,1516,1,0,0,1517,AxisTarget,1,False,True,True,False,0.0,-90.0,90.0,0.0,90.0,0.0,445.0,0.0,810.0,180.0,0.0,180.0,False,True,
405,/kuka/axis_move/feedback_json,std_msgs/msg/String,2026-08-18T20:41:15.082317-04:00,1787100075,82310735,1787100075082310735,109.738151,,,,1518,1517,1,0,0,1518,AxisTarget,1,False,True,True,False,0.0,-90.0,90.0,0.0,90.0,0.0,445.0,0.0,810.0,180.0,0.0,180.0,False,True,
406,/kuka/axis_move/feedback_json,std_msgs/msg/String,2026-08-18T20:41:15.243112-04:00,1787100075,243105822,1787100075243105822,160.795087,,,,1519,1518,1,0,0,1519,AxisTarget,1,False,True,True,False,0.0,-90.0,90.0,0.0,90.0,0.0,445.0,0.0,810.0,180.0,0.0,180.0,False,True,
407,/kuka/axis_move/feedback_json,std_msgs/msg/String,2026-08-18T20:41:15.352123-04:00,1787100075,352117813,1787100075352117813,109.011991,,,,1520,1519,1,0,0,1520,AxisTarget,1,False,True,True,False,0.0,-90.0,90.0,0.0,90.0,0.0,445.0,0.0,810.0,180.0,0.0,180.0,False,True,
408,/kuka/axis_move/feedback_json,std_msgs/msg/String,2026-08-18T20:41:15.460335-04:00,1787100075,460324246,1787100075460324246,108.206433,,,,1521,1520,1,0,0,1521,AxisTarget,1,False,True,True,False,0.0,-90.0,90.0,0.0,90.0,0.0,445.0,0.0,810.0,180.0,0.0,180.0,False,True,
409,/kuka/axis_move/feedback_json,std_msgs/msg/String,2026-08-18T20:41:15.565033-04:00,1787100075,565023027,1787100075565023027,104.698781,,,,1522,1521,1,0,0,1522,AxisTarget,1,False,True,True,False,0.0,-90.0,90.0,0.0,90.0,0.0,445.0,0.0,810.0,180.0,0.0,180.0,False,True,
410,/kuka/axis_move/feedback_json,std_msgs/msg/String,2026-08-18T20:41:15.671331-04:00,1787100075,671318450,1787100075671318450,106.295423,,,,1523,1522,1,0,0,1523,AxisTarget,1,False,True,True,False,0.0,-90.0,90.0,0.0,90.0,0.0,445.0,0.0,810.0,180.0,0.0,180.0,False,True,
411,/kuka/axis_move/feedback_json,std_msgs/msg/String,2026-08-18T20:41:15.829320-04:00,1787100075,829307103,1787100075829307103,157.988653,,,,1524,1523,1,0,0,1524,AxisTarget,1,False,True,True,False,0.0,-90.0,90.0,0.0,90.0,0.0,445.0,0.0,810.0,180.0,0.0,180.0,False,True,
412,/kuka/axis_move/feedback_json,std_msgs/msg/String,2026-08-18T20:41:15.943207-04:00,1787100075,943196269,1787100075943196269,113.889166,,,,1525,1524,1,0,0,1525,AxisTarget,1,False,True,True,False,0.0,-90.0,90.0,0.0,90.0,0.0,445.0,0.0,810.0,180.0,0.0,180.0,False,True,
413,/kuka/axis_move/feedback_json,std_msgs/msg/String,2026-08-18T20:41:16.054756-04:00,1787100076,54743675,1787100076054743675,111.547406,,,,1526,1525,1,0,0,1526,AxisTarget,1,False,True,True,False,0.0,-90.0,90.0,0.0,90.0,0.0,445.0,0.0,810.0,180.0,0.0,180.0,False,True,
414,/kuka/axis_move/feedback_json,std_msgs/msg/String,2026-08-18T20:41:16.162838-04:00,1787100076,162831577,1787100076162831577,108.087902,,,,1527,1526,1,0,0,1527,AxisTarget,1,False,True,True,False,0.0,-90.0,90.0,0.0,90.0,0.0,445.0,0.0,810.0,180.0,0.0,180.0,False,True,
415,/kuka/axis_move/feedback_json,std_msgs/msg/String,2026-08-18T20:41:16.274691-04:00,1787100076,274674874,1787100076274674874,111.843297,,,,1528,1527,1,0,0,1528,AxisTarget,1,False,True,True,False,0.0,-90.0,90.0,0.0,90.0,0.0,445.0,0.0,810.0,180.0,0.0,180.0,False,True,
416,/kuka/axis_move/feedback_json,std_msgs/msg/String,2026-08-18T20:41:16.431623-04:00,1787100076,431612438,1787100076431612438,156.937564,,,,1529,1528,1,0,0,1529,AxisTarget,1,False,True,True,False,0.0,-90.0,90.0,0.0,90.0,0.0,445.0,0.0,810.0,180.0,0.0,180.0,False,True,
417,/kuka/axis_move/feedback_json,std_msgs/msg/String,2026-08-18T20:41:16.542316-04:00,1787100076,542310703,1787100076542310703,110.698265,,,,1530,1529,1,0,0,1530,AxisTarget,1,False,True,True,False,0.0,-90.0,90.0,0.0,90.0,0.0,445.0,0.0,810.0,180.0,0.0,180.0,False,True,
418,/kuka/axis_move/feedback_json,std_msgs/msg/String,2026-08-18T20:41:16.652649-04:00,1787100076,652638307,1787100076652638307,110.327604,,,,1531,1530,1,0,0,1531,AxisTarget,1,False,True,True,False,0.0,-90.0,90.0,0.0,90.0,0.0,445.0,0.0,810.0,180.0,0.0,180.0,False,True,
419,/kuka/axis_move/feedback_json,std_msgs/msg/String,2026-08-18T20:41:16.760664-04:00,1787100076,760658371,1787100076760658371,108.020064,,,,1532,1531,1,0,0,1532,AxisTarget,1,False,True,True,False,0.0,-90.0,90.0,0.0,90.0,0.0,445.0,0.0,810.0,180.0,0.0,180.0,False,True,
420,/kuka/axis_move/feedback_json,std_msgs/msg/String,2026-08-18T20:41:16.872643-04:00,1787100076,872636927,1787100076872636927,111.978556,,,,1533,1532,1,0,0,1533,AxisTarget,1,False,True,True,False,0.0,-90.0,90.0,0.0,90.0,0.0,445.0,0.0,810.0,180.0,0.0,180.0,False,True,
421,/kuka/axis_move/feedback_json,std_msgs/msg/String,2026-08-18T20:41:17.032477-04:00,1787100077,32459599,1787100077032459599,159.822672,,,,1534,1533,1,0,0,1534,AxisTarget,1,False,True,True,False,0.0,-90.0,90.0,0.0,90.0,0.0,445.0,0.0,810.0,180.0,0.0,180.0,False,True,
422,/kuka/axis_move/feedback_json,std_msgs/msg/String,2026-08-18T20:41:17.145600-04:00,1787100077,145581705,1787100077145581705,113.122106,,,,1535,1534,1,0,0,1535,AxisTarget,1,False,True,True,False,0.0,-90.0,90.0,0.0,90.0,0.0,445.0,0.0,810.0,180.0,0.0,180.0,False,True,
423,/kuka/axis_move/feedback_json,std_msgs/msg/String,2026-08-18T20:41:17.256540-04:00,1787100077,256529383,1787100077256529383,110.947678,,,,1536,1535,1,0,0,1536,AxisTarget,1,False,True,True,False,0.0,-90.0,90.0,0.0,90.0,0.0,445.0,0.0,810.0,180.0,0.0,180.0,False,True,
424,/kuka/axis_move/feedback_json,std_msgs/msg/String,2026-08-18T20:41:17.365201-04:00,1787100077,365170171,1787100077365170171,108.640788,,,,1537,1536,1,0,0,1537,AxisTarget,1,False,True,True,False,0.0,-90.0,90.0,0.0,90.0,0.0,445.0,0.0,810.0,180.0,0.0,180.0,False,True,
425,/kuka/axis_move/feedback_json,std_msgs/msg/String,2026-08-18T20:41:17.474826-04:00,1787100077,474821043,1787100077474821043,109.650872,,,,1538,1537,1,0,0,1538,AxisTarget,1,False,True,True,False,0.0,-90.0,90.0,0.0,90.0,0.0,445.0,0.0,810.0,180.0,0.0,180.0,False,True,
426,/kuka/axis_move/feedback_json,std_msgs/msg/String,2026-08-18T20:41:17.633016-04:00,1787100077,633005509,1787100077633005509,158.184466,,,,1539,1538,1,0,0,1539,AxisTarget,1,False,True,True,False,0.0,-90.0,90.0,0.0,90.0,0.0,445.0,0.0,810.0,180.0,0.0,180.0,False,True,
427,/kuka/axis_move/feedback_json,std_msgs/msg/String,2026-08-18T20:41:17.739253-04:00,1787100077,739241509,1787100077739241509,106.236,,,,1540,1539,1,0,0,1540,AxisTarget,1,False,True,True,False,0.0,-90.0,90.0,0.0,90.0,0.0,445.0,0.0,810.0,180.0,0.0,180.0,False,True,
428,/kuka/axis_move/feedback_json,std_msgs/msg/String,2026-08-18T20:41:17.848133-04:00,1787100077,848124648,1787100077848124648,108.883139,,,,1541,1540,1,0,0,1541,AxisTarget,1,False,True,True,False,0.0,-90.0,90.0,0.0,90.0,0.0,445.0,0.0,810.0,180.0,0.0,180.0,False,True,
429,/kuka/axis_move/feedback_json,std_msgs/msg/String,2026-08-18T20:41:17.949255-04:00,1787100077,949249298,1787100077949249298,101.12465,,,,1542,1541,1,0,0,1542,AxisTarget,1,False,True,True,False,0.0,-90.0,90.0,0.0,90.0,0.0,445.0,0.0,810.0,180.0,0.0,180.0,False,True,
430,/kuka/axis_move/feedback_json,std_msgs/msg/String,2026-08-18T20:41:18.058510-04:00,1787100078,58498119,1787100078058498119,109.248821,,,,1543,1542,1,0,0,1543,AxisTarget,1,False,True,True,False,0.0,-90.0,90.0,0.0,90.0,0.0,445.0,0.0,810.0,180.0,0.0,180.0,False,True,
431,/kuka/axis_move/feedback_json,std_msgs/msg/String,2026-08-18T20:41:18.217585-04:00,1787100078,217572309,1787100078217572309,159.07419,,,,1544,1543,1,0,0,1544,AxisTarget,1,False,True,True,False,0.0,-90.0,90.0,0.0,90.0,0.0,445.0,0.0,810.0,180.0,0.0,180.0,False,True,
432,/kuka/axis_move/feedback_json,std_msgs/msg/String,2026-08-18T20:41:18.334585-04:00,1787100078,334576398,1787100078334576398,117.004089,,,,1545,1544,1,0,0,1545,AxisTarget,1,False,True,True,False,0.0,-90.0,90.0,0.0,90.0,0.0,445.0,0.0,810.0,180.0,0.0,180.0,False,True,
433,/kuka/axis_move/feedback_json,std_msgs/msg/String,2026-08-18T20:41:18.449300-04:00,1787100078,449289430,1787100078449289430,114.713032,,,,1546,1545,1,0,0,1546,AxisTarget,1,False,True,True,False,0.0,-90.0,90.0,0.0,90.0,0.0,445.0,0.0,810.0,180.0,0.0,180.0,False,True,
434,/kuka/axis_move/feedback_json,std_msgs/msg/String,2026-08-18T20:41:18.558056-04:00,1787100078,558047488,1787100078558047488,108.758058,,,,1547,1546,1,0,0,1547,AxisTarget,1,False,True,True,False,0.0,-90.0,90.0,0.0,90.0,0.0,445.0,0.0,810.0,180.0,0.0,180.0,False,True,
435,/kuka/axis_move/feedback_json,std_msgs/msg/String,2026-08-18T20:41:18.670499-04:00,1787100078,670487219,1787100078670487219,112.439731,,,,1548,1547,1,0,0,1548,AxisTarget,1,False,True,True,False,0.0,-90.0,90.0,0.0,90.0,0.0,445.0,0.0,810.0,180.0,0.0,180.0,False,True,
436,/kuka/axis_move/feedback_json,std_msgs/msg/String,2026-08-18T20:41:18.833850-04:00,1787100078,833836644,1787100078833836644,163.349425,,,,1549,1548,1,0,0,1549,AxisTarget,1,False,True,True,False,0.0,-90.0,90.0,0.0,90.0,0.0,445.0,0.0,810.0,180.0,0.0,180.0,False,True,
437,/kuka/axis_move/feedback_json,std_msgs/msg/String,2026-08-18T20:41:18.945511-04:00,1787100078,945504422,1787100078945504422,111.667778,,,,1550,1549,1,0,0,1550,AxisTarget,1,False,True,True,False,0.0,-90.0,90.0,0.0,90.0,0.0,445.0,0.0,810.0,180.0,0.0,180.0,False,True,
438,/kuka/axis_move/feedback_json,std_msgs/msg/String,2026-08-18T20:41:19.056736-04:00,1787100079,56703366,1787100079056703366,111.198944,,,,1551,1550,1,0,0,1551,AxisTarget,1,False,True,True,False,0.0,-90.0,90.0,0.0,90.0,0.0,445.0,0.0,810.0,180.0,0.0,180.0,False,True,
439,/kuka/axis_move/feedback_json,std_msgs/msg/String,2026-08-18T20:41:19.165261-04:00,1787100079,165252614,1787100079165252614,108.549248,,,,1552,1551,1,0,0,1552,AxisTarget,1,False,True,True,False,0.0,-90.0,90.0,0.0,90.0,0.0,445.0,0.0,810.0,180.0,0.0,180.0,False,True,
440,/kuka/axis_move/feedback_json,std_msgs/msg/String,2026-08-18T20:41:19.277619-04:00,1787100079,277609636,1787100079277609636,112.357022,,,,1553,1552,1,0,0,1553,AxisTarget,1,False,True,True,False,0.0,-90.0,90.0,0.0,90.0,0.0,445.0,0.0,810.0,180.0,0.0,180.0,False,True,
441,/kuka/axis_move/feedback_json,std_msgs/msg/String,2026-08-18T20:41:19.441908-04:00,1787100079,441891499,1787100079441891499,164.281863,,,,1554,1553,1,0,0,1554,AxisTarget,1,False,True,True,False,0.0,-90.0,90.0,0.0,90.0,0.0,445.0,0.0,810.0,180.0,0.0,180.0,False,True,
442,/kuka/axis_move/feedback_json,std_msgs/msg/String,2026-08-18T20:41:19.556620-04:00,1787100079,556611054,1787100079556611054,114.719555,,,,1555,1554,1,0,0,1555,AxisTarget,1,False,True,True,False,0.0,-90.0,90.0,0.0,90.0,0.0,445.0,0.0,810.0,180.0,0.0,180.0,False,True,
443,/kuka/axis_move/feedback_json,std_msgs/msg/String,2026-08-18T20:41:19.667369-04:00,1787100079,667363001,1787100079667363001,110.751947,,,,1556,1555,1,0,0,1556,AxisTarget,1,False,True,True,False,0.0,-90.0,90.0,0.0,90.0,0.0,445.0,0.0,810.0,180.0,0.0,180.0,False,True,
444,/kuka/axis_move/feedback_json,std_msgs/msg/String,2026-08-18T20:41:19.777867-04:00,1787100079,777855953,1787100079777855953,110.492952,,,,1557,1556,1,0,0,1557,AxisTarget,1,False,True,True,False,0.0,-90.0,90.0,0.0,90.0,0.0,445.0,0.0,810.0,180.0,0.0,180.0,False,True,
445,/kuka/axis_move/feedback_json,std_msgs/msg/String,2026-08-18T20:41:19.938128-04:00,1787100079,938121712,1787100079938121712,160.265759,,,,1558,1557,1,0,0,1558,AxisTarget,1,False,True,True,False,0.0,-90.0,90.0,0.0,90.0,0.0,445.0,0.0,810.0,180.0,0.0,180.0,False,True,
446,/kuka/axis_move/feedback_json,std_msgs/msg/String,2026-08-18T20:41:20.043515-04:00,1787100080,43503374,1787100080043503374,105.381662,,,,1559,1558,1,0,0,1559,AxisTarget,1,False,True,True,False,0.0,-90.0,90.0,0.0,90.0,0.0,445.0,0.0,810.0,180.0,0.0,180.0,False,True,
447,/kuka/axis_move/feedback_json,std_msgs/msg/String,2026-08-18T20:41:20.150097-04:00,1787100080,150084768,1787100080150084768,106.581394,,,,1560,1559,1,0,0,1560,AxisTarget,1,False,True,True,False,0.0,-90.0,90.0,0.0,90.0,0.0,445.0,0.0,810.0,180.0,0.0,180.0,False,True,
448,/kuka/axis_move/feedback_json,std_msgs/msg/String,2026-08-18T20:41:20.257527-04:00,1787100080,257520529,1787100080257520529,107.435761,,,,1561,1560,1,0,0,1561,AxisTarget,1,False,True,True,False,0.0,-90.0,90.0,0.0,90.0,0.0,445.0,0.0,810.0,180.0,0.0,180.0,False,True,
449,/kuka/axis_move/feedback_json,std_msgs/msg/String,2026-08-18T20:41:20.368434-04:00,1787100080,368419449,1787100080368419449,110.89892,,,,1562,1561,1,0,0,1562,AxisTarget,1,False,True,True,False,0.0,-90.0,90.0,0.0,90.0,0.0,445.0,0.0,810.0,180.0,0.0,180.0,False,True,
450,/kuka/axis_move/feedback_json,std_msgs/msg/String,2026-08-18T20:41:20.529330-04:00,1787100080,529324535,1787100080529324535,160.905086,,,,1563,1562,1,0,0,1563,AxisTarget,1,False,True,True,False,0.0,-90.0,90.0,0.0,90.0,0.0,445.0,0.0,810.0,180.0,0.0,180.0,False,True,
451,/kuka/axis_move/feedback_json,std_msgs/msg/String,2026-08-18T20:41:20.638974-04:00,1787100080,638963383,1787100080638963383,109.638848,,,,1564,1563,1,0,0,1564,AxisTarget,1,False,True,True,False,0.0,-90.0,90.0,0.0,90.0,0.0,445.0,0.0,810.0,180.0,0.0,180.0,False,True,
452,/kuka/axis_move/feedback_json,std_msgs/msg/String,2026-08-18T20:41:20.746550-04:00,1787100080,746543974,1787100080746543974,107.580591,,,,1565,1564,1,0,0,1565,AxisTarget,1,False,True,True,False,0.0,-90.0,90.0,0.0,90.0,0.0,445.0,0.0,810.0,180.0,0.0,180.0,False,True,
453,/kuka/axis_move/feedback_json,std_msgs/msg/String,2026-08-18T20:41:20.860920-04:00,1787100080,860866195,1787100080860866195,114.322221,,,,1566,1565,1,0,0,1566,AxisTarget,1,False,True,True,False,0.0,-90.0,90.0,0.0,90.0,0.0,445.0,0.0,810.0,180.0,0.0,180.0,False,True,
454,/kuka/axis_move/feedback_json,std_msgs/msg/String,2026-08-18T20:41:20.969371-04:00,1787100080,969360417,1787100080969360417,108.494222,,,,1567,1566,1,0,0,1567,AxisTarget,1,False,True,True,False,0.0,-90.0,90.0,0.0,90.0,0.0,445.0,0.0,810.0,180.0,0.0,180.0,False,True,
455,/kuka/axis_move/feedback_json,std_msgs/msg/String,2026-08-18T20:41:21.124505-04:00,1787100081,124494563,1787100081124494563,155.134146,,,,1568,1567,1,0,0,1568,AxisTarget,1,False,True,True,False,0.0,-90.0,90.0,0.0,90.0,0.0,445.0,0.0,810.0,180.0,0.0,180.0,False,True,
456,/kuka/axis_move/feedback_json,std_msgs/msg/String,2026-08-18T20:41:21.232239-04:00,1787100081,232228513,1787100081232228513,107.73395,,,,1569,1568,1,0,0,1569,AxisTarget,1,False,True,True,False,0.0,-90.0,90.0,0.0,90.0,0.0,445.0,0.0,810.0,180.0,0.0,180.0,False,True,
457,/kuka/axis_move/feedback_json,std_msgs/msg/String,2026-08-18T20:41:21.340464-04:00,1787100081,340423217,1787100081340423217,108.194704,,,,1570,1569,1,0,0,1570,AxisTarget,1,False,True,True,False,0.0,-90.0,90.0,0.0,90.0,0.0,445.0,0.0,810.0,180.0,0.0,180.0,False,True,
458,/kuka/axis_move/feedback_json,std_msgs/msg/String,2026-08-18T20:41:21.447002-04:00,1787100081,446990547,1787100081446990547,106.56733,,,,1571,1570,1,0,0,1571,AxisTarget,1,False,True,True,False,0.0,-90.0,90.0,0.0,90.0,0.0,445.0,0.0,810.0,180.0,0.0,180.0,False,True,
459,/kuka/axis_move/feedback_json,std_msgs/msg/String,2026-08-18T20:41:21.552784-04:00,1787100081,552773015,1787100081552773015,105.782468,,,,1572,1571,1,0,0,1572,AxisTarget,1,False,True,True,False,0.0,-90.0,90.0,0.0,90.0,0.0,445.0,0.0,810.0,180.0,0.0,180.0,False,True,
460,/kuka/axis_move/feedback_json,std_msgs/msg/String,2026-08-18T20:41:21.712312-04:00,1787100081,712279966,1787100081712279966,159.506951,,,,1573,1572,1,0,0,1573,AxisTarget,1,False,True,True,False,0.0,-90.0,90.0,0.0,90.0,0.0,445.0,0.0,810.0,180.0,0.0,180.0,False,True,
461,/kuka/axis_move/feedback_json,std_msgs/msg/String,2026-08-18T20:41:21.801350-04:00,1787100081,801340704,1787100081801340704,89.060738,,,,1574,1573,1,0,0,1574,AxisTarget,1,False,True,True,False,0.0,-90.0,90.0,0.0,90.0,0.0,445.0,0.0,810.0,180.0,0.0,180.0,False,True,
462,/kuka/axis_move/feedback_json,std_msgs/msg/String,2026-08-18T20:41:21.912137-04:00,1787100081,912124592,1787100081912124592,110.783888,,,,1575,1574,1,0,0,1575,AxisTarget,1,False,True,True,False,0.0,-90.0,90.0,0.0,90.0,0.0,445.0,0.0,810.0,180.0,0.0,180.0,False,True,
463,/kuka/axis_move/feedback_json,std_msgs/msg/String,2026-08-18T20:41:22.021797-04:00,1787100082,21786491,1787100082021786491,109.661899,,,,1576,1575,1,0,0,1576,AxisTarget,1,False,True,True,False,0.0,-90.0,90.0,0.0,90.0,0.0,445.0,0.0,810.0,180.0,0.0,180.0,False,True,
464,/kuka/axis_move/feedback_json,std_msgs/msg/String,2026-08-18T20:41:22.129061-04:00,1787100082,129039573,1787100082129039573,107.253082,,,,1577,1576,1,0,0,1577,AxisTarget,1,False,True,True,False,0.0,-90.0,90.0,0.0,90.0,0.0,445.0,0.0,810.0,180.0,0.0,180.0,False,True,
465,/kuka/axis_move/feedback_json,std_msgs/msg/String,2026-08-18T20:41:22.291924-04:00,1787100082,291911583,1787100082291911583,162.87201,,,,1578,1577,1,0,0,1578,AxisTarget,1,False,True,True,False,0.0,-90.0,90.0,0.0,90.0,0.0,445.0,0.0,810.0,180.0,0.0,180.0,False,True,
466,/kuka/axis_move/feedback_json,std_msgs/msg/String,2026-08-18T20:41:22.399076-04:00,1787100082,399065134,1787100082399065134,107.153551,,,,1579,1578,1,0,0,1579,AxisTarget,1,False,True,True,False,0.0,-90.0,90.0,0.0,90.0,0.0,445.0,0.0,810.0,180.0,0.0,180.0,False,True,
467,/kuka/axis_move/feedback_json,std_msgs/msg/String,2026-08-18T20:41:22.506594-04:00,1787100082,506581534,1787100082506581534,107.5164,,,,1580,1579,1,0,0,1580,AxisTarget,1,False,True,True,False,0.0,-90.0,90.0,0.0,90.0,0.0,445.0,0.0,810.0,180.0,0.0,180.0,False,True,
468,/kuka/axis_move/feedback_json,std_msgs/msg/String,2026-08-18T20:41:22.616952-04:00,1787100082,616928490,1787100082616928490,110.346956,,,,1581,1580,1,0,0,1581,AxisTarget,1,False,True,True,False,0.0,-90.0,90.0,0.0,90.0,0.0,445.0,0.0,810.0,180.0,0.0,180.0,False,True,
469,/kuka/axis_move/feedback_json,std_msgs/msg/String,2026-08-18T20:41:22.723324-04:00,1787100082,723317780,1787100082723317780,106.38929,,,,1582,1581,1,0,0,1582,AxisTarget,1,False,True,True,False,0.0,-90.0,90.0,0.0,90.0,0.0,445.0,0.0,810.0,180.0,0.0,180.0,False,True,
470,/kuka/axis_move/feedback_json,std_msgs/msg/String,2026-08-18T20:41:22.886172-04:00,1787100082,886160954,1787100082886160954,162.843174,,,,1583,1582,1,0,0,1583,AxisTarget,1,False,True,True,False,0.0,-90.0,90.0,0.0,90.0,0.0,445.0,0.0,810.0,180.0,0.0,180.0,False,True,
471,/kuka/axis_move/feedback_json,std_msgs/msg/String,2026-08-18T20:41:22.997921-04:00,1787100082,997901461,1787100082997901461,111.740507,,,,1584,1583,1,0,0,1584,AxisTarget,1,False,True,True,False,0.0,-90.0,90.0,0.0,90.0,0.0,445.0,0.0,810.0,180.0,0.0,180.0,False,True,
472,/kuka/axis_move/feedback_json,std_msgs/msg/String,2026-08-18T20:41:23.110074-04:00,1787100083,110062578,1787100083110062578,112.161117,,,,1585,1584,1,0,0,1585,AxisTarget,1,False,True,True,False,0.0,-90.0,90.0,0.0,90.0,0.0,445.0,0.0,810.0,180.0,0.0,180.0,False,True,
473,/kuka/axis_move/feedback_json,std_msgs/msg/String,2026-08-18T20:41:23.220031-04:00,1787100083,220015700,1787100083220015700,109.953122,,,,1586,1585,1,0,0,1586,AxisTarget,1,False,True,True,False,0.0,-90.0,90.0,0.0,90.0,0.0,445.0,0.0,810.0,180.0,0.0,180.0,False,True,
474,/kuka/axis_move/feedback_json,std_msgs/msg/String,2026-08-18T20:41:23.336326-04:00,1787100083,336320374,1787100083336320374,116.304674,,,,1587,1586,1,0,0,1587,AxisTarget,1,False,True,True,False,0.0,-90.0,90.0,0.0,90.0,0.0,445.0,0.0,810.0,180.0,0.0,180.0,False,True,
475,/kuka/axis_move/feedback_json,std_msgs/msg/String,2026-08-18T20:41:23.498675-04:00,1787100083,498663582,1787100083498663582,162.343208,,,,1588,1587,1,0,0,1588,AxisTarget,1,False,True,True,False,0.0,-90.0,90.0,0.0,90.0,0.0,445.0,0.0,810.0,180.0,0.0,180.0,False,True,
476,/kuka/axis_move/feedback_json,std_msgs/msg/String,2026-08-18T20:41:23.608020-04:00,1787100083,608013206,1787100083608013206,109.349624,,,,1589,1588,1,0,0,1589,AxisTarget,1,False,True,True,False,0.0,-90.0,90.0,0.0,90.0,0.0,445.0,0.0,810.0,180.0,0.0,180.0,False,True,
477,/kuka/axis_move/feedback_json,std_msgs/msg/String,2026-08-18T20:41:23.716088-04:00,1787100083,716067337,1787100083716067337,108.054131,,,,1590,1589,1,0,0,1590,AxisTarget,1,False,True,True,False,0.0,-90.0,90.0,0.0,90.0,0.0,445.0,0.0,810.0,180.0,0.0,180.0,False,True,
478,/kuka/axis_move/feedback_json,std_msgs/msg/String,2026-08-18T20:41:23.822121-04:00,1787100083,822102979,1787100083822102979,106.035642,,,,1591,1590,1,0,0,1591,AxisTarget,1,False,True,True,False,0.0,-90.0,90.0,0.0,90.0,0.0,445.0,0.0,810.0,180.0,0.0,180.0,False,True,
479,/kuka/axis_move/feedback_json,std_msgs/msg/String,2026-08-18T20:41:23.929162-04:00,1787100083,929149303,1787100083929149303,107.046324,,,,1592,1591,1,0,0,1592,AxisTarget,1,False,True,True,False,0.0,-90.0,90.0,0.0,90.0,0.0,445.0,0.0,810.0,180.0,0.0,180.0,False,True,
480,/kuka/axis_move/feedback_json,std_msgs/msg/String,2026-08-18T20:41:24.089736-04:00,1787100084,89730496,1787100084089730496,160.581193,,,,1593,1592,1,0,0,1593,AxisTarget,1,False,True,True,False,0.0,-90.0,90.0,0.0,90.0,0.0,445.0,0.0,810.0,180.0,0.0,180.0,False,True,
481,/kuka/axis_move/feedback_json,std_msgs/msg/String,2026-08-18T20:41:24.203537-04:00,1787100084,203531092,1787100084203531092,113.800596,,,,1594,1593,1,0,0,1594,AxisTarget,1,False,True,True,False,0.0,-90.0,90.0,0.0,90.0,0.0,445.0,0.0,810.0,180.0,0.0,180.0,False,True,
482,/kuka/axis_move/feedback_json,std_msgs/msg/String,2026-08-18T20:41:24.318373-04:00,1787100084,318366997,1787100084318366997,114.835905,,,,1595,1594,1,0,0,1595,AxisTarget,1,False,True,True,False,0.0,-90.0,90.0,0.0,90.0,0.0,445.0,0.0,810.0,180.0,0.0,180.0,False,True,
483,/kuka/axis_move/feedback_json,std_msgs/msg/String,2026-08-18T20:41:24.424808-04:00,1787100084,424796839,1787100084424796839,106.429842,,,,1596,1595,1,0,0,1596,AxisTarget,1,False,True,True,False,0.0,-90.0,90.0,0.0,90.0,0.0,445.0,0.0,810.0,180.0,0.0,180.0,False,True,
484,/kuka/axis_move/feedback_json,std_msgs/msg/String,2026-08-18T20:41:24.531596-04:00,1787100084,531584304,1787100084531584304,106.787465,,,,1597,1596,1,0,0,1597,AxisTarget,1,False,True,True,False,0.0,-90.0,90.0,0.0,90.0,0.0,445.0,0.0,810.0,180.0,0.0,180.0,False,True,
485,/kuka/axis_move/feedback_json,std_msgs/msg/String,2026-08-18T20:41:24.688362-04:00,1787100084,688355358,1787100084688355358,156.771054,,,,1598,1597,1,0,0,1598,AxisTarget,1,False,True,True,False,0.0,-90.0,90.0,0.0,90.0,0.0,445.0,0.0,810.0,180.0,0.0,180.0,False,True,
486,/kuka/axis_move/feedback_json,std_msgs/msg/String,2026-08-18T20:41:24.798089-04:00,1787100084,798082272,1787100084798082272,109.726914,,,,1599,1598,1,0,0,1599,AxisTarget,1,False,True,True,False,0.0,-90.0,90.0,0.0,90.0,0.0,445.0,0.0,810.0,180.0,0.0,180.0,False,True,
487,/kuka/axis_move/feedback_json,std_msgs/msg/String,2026-08-18T20:41:24.907503-04:00,1787100084,907491040,1787100084907491040,109.408768,,,,1600,1599,1,0,0,1600,AxisTarget,1,False,True,True,False,0.0,-90.0,90.0,0.0,90.0,0.0,445.0,0.0,810.0,180.0,0.0,180.0,False,True,
488,/kuka/axis_move/feedback_json,std_msgs/msg/String,2026-08-18T20:41:25.014949-04:00,1787100085,14942850,1787100085014942850,107.45181,,,,1601,1600,1,0,0,1601,AxisTarget,1,False,True,True,False,0.0,-90.0,90.0,0.0,90.0,0.0,445.0,0.0,810.0,180.0,0.0,180.0,False,True,
489,/kuka/axis_move/feedback_json,std_msgs/msg/String,2026-08-18T20:41:25.122277-04:00,1787100085,122269921,1787100085122269921,107.327071,,,,1602,1601,1,0,0,1602,AxisTarget,1,False,True,True,False,0.0,-90.0,90.0,0.0,90.0,0.0,445.0,0.0,810.0,180.0,0.0,180.0,False,True,
490,/kuka/axis_move/feedback_json,std_msgs/msg/String,2026-08-18T20:41:25.282209-04:00,1787100085,282199728,1787100085282199728,159.929807,,,,1603,1602,1,0,0,1603,AxisTarget,1,False,True,True,False,0.0,-90.0,90.0,0.0,90.0,0.0,445.0,0.0,810.0,180.0,0.0,180.0,False,True,
491,/kuka/axis_move/feedback_json,std_msgs/msg/String,2026-08-18T20:41:25.391989-04:00,1787100085,391977769,1787100085391977769,109.778041,,,,1604,1603,1,0,0,1604,AxisTarget,1,False,True,True,False,0.0,-90.0,90.0,0.0,90.0,0.0,445.0,0.0,810.0,180.0,0.0,180.0,False,True,
492,/kuka/axis_move/feedback_json,std_msgs/msg/String,2026-08-18T20:41:25.500681-04:00,1787100085,500675621,1787100085500675621,108.697852,,,,1605,1604,1,0,0,1605,AxisTarget,1,False,True,True,False,0.0,-90.0,90.0,0.0,90.0,0.0,445.0,0.0,810.0,180.0,0.0,180.0,False,True,
493,/kuka/axis_move/feedback_json,std_msgs/msg/String,2026-08-18T20:41:25.604845-04:00,1787100085,604834082,1787100085604834082,104.158461,,,,1606,1605,1,0,0,1606,AxisTarget,1,False,True,True,False,0.0,-90.0,90.0,0.0,90.0,0.0,445.0,0.0,810.0,180.0,0.0,180.0,False,True,
494,/kuka/axis_move/feedback_json,std_msgs/msg/String,2026-08-18T20:41:25.715503-04:00,1787100085,715487820,1787100085715487820,110.653738,,,,1607,1606,1,0,0,1607,AxisTarget,1,False,True,True,False,0.0,-90.0,90.0,0.0,90.0,0.0,445.0,0.0,810.0,180.0,0.0,180.0,False,True,
495,/kuka/axis_move/feedback_json,std_msgs/msg/String,2026-08-18T20:41:25.885870-04:00,1787100085,885864166,1787100085885864166,170.376346,,,,1608,1607,1,0,0,1608,CartesianTarget,1,True,True,True,False,0.0,-90.0,90.0,0.0,90.0,0.0,445.0,0.0,810.0,180.0,0.0,180.0,False,True,
496,/kuka/axis_move/feedback_json,std_msgs/msg/String,2026-08-18T20:41:25.998557-04:00,1787100085,998550731,1787100085998550731,112.686565,,,,1609,1608,1,0,0,1609,CartesianTarget,1,True,True,True,False,0.0,-90.0,90.0,0.0,90.0,0.0,445.0,0.0,810.0,180.0,0.0,180.0,False,True,
497,/kuka/axis_move/feedback_json,std_msgs/msg/String,2026-08-18T20:41:26.178540-04:00,1787100086,178531508,1787100086178531508,179.980777,,,,1610,1609,1,0,0,1610,CartesianTarget,1,True,True,True,False,0.0,-89.994965,89.933273,0.0,90.074402,0.0,445.006866,0.0,810.687683,180.0,0.0,180.0,False,True,
498,/kuka/axis_move/feedback_json,std_msgs/msg/String,2026-08-18T20:41:26.353505-04:00,1787100086,353499186,1787100086353499186,174.967678,,,,1611,1610,1,0,0,1611,CartesianTarget,1,True,True,True,False,0.0,-89.966545,89.574646,0.0,90.412216,0.0,445.025848,0.0,813.343994,180.0,0.0,180.0,False,True,
499,/kuka/axis_move/feedback_json,std_msgs/msg/String,2026-08-18T20:41:26.527477-04:00,1787100086,527458337,1787100086527458337,173.959151,,,,1612,1611,1,0,0,1612,CartesianTarget,1,True,True,True,False,0.0,-89.917023,88.95784,0.0,90.985542,0.0,445.022858,0.0,817.601929,180.0,0.0,180.0,False,True,
500,/kuka/axis_move/feedback_json,std_msgs/msg/String,2026-08-18T20:41:26.700538-04:00,1787100086,700532435,1787100086700532435,173.074098,,,,1613,1612,1,0,0,1613,CartesianTarget,1,True,True,True,False,0.0,-89.882378,88.540779,0.0,91.347404,0.0,445.00116,0.0,819.932983,180.0,0.0,180.0,False,True,
501,/kuka/axis_move/feedback_json,std_msgs/msg/String,2026-08-18T20:41:26.814587-04:00,1787100086,814580255,1787100086814580255,114.04782,,,,1614,1613,1,0,0,1614,CartesianTarget,1,True,True,True,False,0.0,-89.879921,88.514114,0.0,91.365807,0.0,445.0,0.0,820.0,180.0,0.0,180.0,False,True,
502,/kuka/axis_move/feedback_json,std_msgs/msg/String,2026-08-18T20:41:26.995292-04:00,1787100086,995279166,1787100086995279166,180.698911,,,,1615,1614,1,0,0,1615,CartesianTarget,1,True,True,True,True,0.0,-89.879921,88.514114,0.0,91.365807,0.0,445.0,0.0,820.0,180.0,0.0,180.0,False,True,
503,/kuka/axis_move/feedback_json,std_msgs/msg/String,2026-08-18T20:41:27.161233-04:00,1787100087,161218808,1787100087161218808,165.939642,,,,1616,1615,1,0,0,1616,CartesianTarget,1,True,True,True,False,0.0,-89.879921,88.514114,0.0,91.365807,0.0,445.0,0.0,820.0,180.0,0.0,180.0,False,True,
504,/kuka/axis_move/feedback_json,std_msgs/msg/String,2026-08-18T20:41:27.347332-04:00,1787100087,347321669,1787100087347321669,186.102861,,,,1617,1616,1,0,0,1617,CartesianTarget,1,True,True,True,True,0.0,-89.879921,88.514114,0.0,91.365807,0.0,445.0,0.0,820.0,180.0,0.0,180.0,False,True,
505,/kuka/axis_move/feedback_json,std_msgs/msg/String,2026-08-18T20:41:27.513077-04:00,1787100087,513060537,1787100087513060537,165.738868,,,,1618,1617,1,0,0,1618,CartesianTarget,1,True,True,True,False,0.0,-89.879921,88.514114,0.0,91.365807,0.0,445.0,0.0,820.0,180.0,0.0,180.0,False,True,
506,/kuka/axis_move/feedback_json,std_msgs/msg/String,2026-08-18T20:41:27.622571-04:00,1787100087,622560434,1787100087622560434,109.499897,,,,1619,1618,1,0,0,1619,CartesianTarget,1,True,True,True,False,0.0,-89.879921,88.514114,0.0,91.365807,0.0,445.0,0.0,820.0,180.0,0.0,180.0,False,True,
507,/kuka/axis_move/feedback_json,std_msgs/msg/String,2026-08-18T20:41:27.806366-04:00,1787100087,806357833,1787100087806357833,183.797399,,,,1620,1619,1,0,0,1620,CartesianTarget,1,True,True,True,True,0.0,-89.879921,88.514114,0.0,91.365807,0.0,445.0,0.0,820.0,180.0,0.0,180.0,False,True,
508,/kuka/axis_move/feedback_json,std_msgs/msg/String,2026-08-18T20:41:27.975648-04:00,1787100087,975642339,1787100087975642339,169.284506,,,,1621,1620,1,0,0,1621,CartesianTarget,1,True,True,True,False,0.0,-89.879921,88.514114,0.0,91.365807,0.0,445.0,0.0,820.0,180.0,0.0,180.0,False,True,
509,/kuka/axis_move/feedback_json,std_msgs/msg/String,2026-08-18T20:41:28.158787-04:00,1787100088,158781754,1787100088158781754,183.139415,,,,1622,1621,1,0,0,1622,CartesianTarget,1,True,True,True,True,0.0,-89.879921,88.514114,0.0,91.365807,0.0,445.0,0.0,820.0,180.0,0.0,180.0,False,True,
510,/kuka/axis_move/feedback_json,std_msgs/msg/String,2026-08-18T20:41:28.322835-04:00,1787100088,322829096,1787100088322829096,164.047342,,,,1623,1622,1,0,0,1623,CartesianTarget,1,True,True,True,False,0.0,-89.879921,88.514114,0.0,91.365807,0.0,445.0,0.0,820.0,180.0,0.0,180.0,False,True,
511,/kuka/axis_move/feedback_json,std_msgs/msg/String,2026-08-18T20:41:28.503218-04:00,1787100088,503205088,1787100088503205088,180.375992,,,,1624,1623,1,0,0,1624,CartesianTarget,1,True,True,True,False,0.0,-89.88842,88.613495,0.0,91.265137,0.0,445.000214,0.0,819.179749,180.0,0.0,180.0,False,True,
512,/kuka/axis_move/feedback_json,std_msgs/msg/String,2026-08-18T20:41:28.616577-04:00,1787100088,616562131,1787100088616562131,113.357043,,,,1625,1624,1,0,0,1625,CartesianTarget,1,True,True,True,False,0.0,-89.89328,88.664139,0.0,91.229073,0.0,445.0,0.0,819.0,180.0,0.0,180.0,False,True,
513,/kuka/axis_move/feedback_json,std_msgs/msg/String,2026-08-18T20:41:28.797296-04:00,1787100088,797290593,1787100088797290593,180.728462,,,,1626,1625,1,0,0,1626,CartesianTarget,1,True,True,True,True,0.0,-89.893295,88.66423,0.0,91.229065,0.0,445.0,0.0,819.0,180.0,0.0,180.0,False,True,
514,/kuka/axis_move/feedback_json,std_msgs/msg/String,2026-08-18T20:41:28.960970-04:00,1787100088,960946953,1787100088960946953,163.65636,,,,1627,1626,1,0,0,1627,CartesianTarget,1,True,True,True,False,0.0,-89.893295,88.66423,0.0,91.229065,0.0,445.0,0.0,818.999878,180.0,0.0,180.0,False,True,
515,/kuka/axis_move/feedback_json,std_msgs/msg/String,2026-08-18T20:41:29.066410-04:00,1787100089,66398934,1787100089066398934,105.451981,,,,1628,1627,1,0,0,1628,CartesianTarget,1,True,True,True,False,0.0,-89.895149,88.689468,0.0,91.199074,0.0,445.001221,0.0,818.658081,180.0,0.0,180.0,False,True,
516,/kuka/axis_move/feedback_json,std_msgs/msg/String,2026-08-18T20:41:29.180233-04:00,1787100089,180210830,1787100089180210830,113.811896,,,,1629,1628,1,0,0,1629,CartesianTarget,1,True,True,True,False,0.0,-89.91153,88.889999,0.0,91.00396,0.0,445.0047,0.0,817.086609,180.0,0.0,180.0,False,True,
517,/kuka/axis_move/feedback_json,std_msgs/msg/String,2026-08-18T20:41:29.294009-04:00,1787100089,294003947,1787100089294003947,113.793117,,,,1630,1629,1,0,0,1630,CartesianTarget,1,True,True,True,False,0.0,-89.931969,89.128304,0.0,90.792755,0.0,445.002838,0.0,815.615967,180.0,0.0,180.0,False,True,
518,/kuka/axis_move/feedback_json,std_msgs/msg/String,2026-08-18T20:41:29.406669-04:00,1787100089,406664089,1787100089406664089,112.660142,,,,1631,1630,1,0,0,1631,CartesianTarget,1,True,True,True,False,0.0,-89.942337,89.246605,0.0,90.692482,0.0,445.000244,0.0,815.035706,180.0,0.0,180.0,False,True,
519,/kuka/axis_move/feedback_json,std_msgs/msg/String,2026-08-18T20:41:29.590491-04:00,1787100089,590482158,1787100089590482158,183.818069,,,,1632,1631,1,0,0,1632,CartesianTarget,1,True,True,True,True,0.0,-89.943748,89.261276,0.0,90.68248,0.0,445.0,0.0,815.0,180.0,0.0,180.0,False,True,
520,/kuka/axis_move/feedback_json,std_msgs/msg/String,2026-08-18T20:41:29.701555-04:00,1787100089,701539406,1787100089701539406,111.057248,,,,1633,1632,1,0,0,1633,CartesianTarget,1,False,True,True,False,0.0,-89.943748,89.261276,0.0,90.68248,0.0,445.0,0.0,815.0,180.0,0.0,180.0,False,True,
521,/kuka/axis_move/feedback_json,std_msgs/msg/String,2026-08-18T20:41:29.814235-04:00,1787100089,814219268,1787100089814219268,112.679862,,,,1634,1633,1,0,0,1634,CartesianTarget,1,False,True,True,False,0.0,-89.943748,89.261276,0.0,90.68248,0.0,445.0,0.0,815.0,180.0,0.0,180.0,False,True,
522,/kuka/axis_move/feedback_json,std_msgs/msg/String,2026-08-18T20:41:29.921837-04:00,1787100089,921832113,1787100089921832113,107.612845,,,,1635,1634,1,0,0,1635,CartesianTarget,1,False,True,True,False,0.0,-89.943748,89.261276,0.0,90.68248,0.0,445.0,0.0,815.0,180.0,0.0,180.0,False,True,
523,/kuka/axis_move/feedback_json,std_msgs/msg/String,2026-08-18T20:41:30.083297-04:00,1787100090,83289909,1787100090083289909,161.457796,,,,1636,1635,1,0,0,1636,CartesianTarget,1,False,True,True,False,0.0,-89.943748,89.261276,0.0,90.68248,0.0,445.0,0.0,815.0,180.0,0.0,180.0,False,True,
524,/kuka/axis_move/feedback_json,std_msgs/msg/String,2026-08-18T20:41:30.174497-04:00,1787100090,174490287,1787100090174490287,91.200378,,,,1637,1636,1,0,0,1637,CartesianTarget,1,False,True,True,False,0.0,-89.943748,89.261276,0.0,90.68248,0.0,445.0,0.0,815.0,180.0,0.0,180.0,False,True,
525,/kuka/axis_move/feedback_json,std_msgs/msg/String,2026-08-18T20:41:30.289251-04:00,1787100090,289233045,1787100090289233045,114.742758,,,,1638,1637,1,0,0,1638,CartesianTarget,1,False,True,True,False,0.0,-89.943748,89.261276,0.0,90.68248,0.0,445.0,0.0,815.0,180.0,0.0,180.0,False,True,
526,/kuka/axis_move/feedback_json,std_msgs/msg/String,2026-08-18T20:41:30.405056-04:00,1787100090,405040078,1787100090405040078,115.807033,,,,1639,1638,1,0,0,1639,CartesianTarget,1,False,True,True,False,0.0,-89.943748,89.261276,0.0,90.68248,0.0,445.0,0.0,815.0,180.0,0.0,180.0,False,True,
527,/kuka/axis_move/feedback_json,std_msgs/msg/String,2026-08-18T20:41:30.517083-04:00,1787100090,517059507,1787100090517059507,112.019429,,,,1640,1639,1,0,0,1640,CartesianTarget,1,False,True,True,False,0.0,-89.943748,89.261276,0.0,90.68248,0.0,445.0,0.0,815.0,180.0,0.0,180.0,False,True,
528,/kuka/axis_move/feedback_json,std_msgs/msg/String,2026-08-18T20:41:30.683306-04:00,1787100090,683282424,1787100090683282424,166.222917,,,,1641,1640,1,0,0,1641,CartesianTarget,1,False,True,True,False,0.0,-89.943748,89.261276,0.0,90.68248,0.0,445.0,0.0,815.0,180.0,0.0,180.0,False,True,
529,/kuka/axis_move/feedback_json,std_msgs/msg/String,2026-08-18T20:41:30.792487-04:00,1787100090,792470618,1787100090792470618,109.188194,,,,1642,1641,1,0,0,1642,CartesianTarget,1,False,True,True,False,0.0,-89.943748,89.261276,0.0,90.68248,0.0,445.0,0.0,815.0,180.0,0.0,180.0,False,True,
530,/kuka/axis_move/feedback_json,std_msgs/msg/String,2026-08-18T20:41:30.904109-04:00,1787100090,904098838,1787100090904098838,111.62822,,,,1643,1642,1,0,0,1643,CartesianTarget,1,False,True,True,False,0.0,-89.943748,89.261276,0.0,90.68248,0.0,445.0,0.0,815.0,180.0,0.0,180.0,False,True,
531,/kuka/axis_move/feedback_json,std_msgs/msg/String,2026-08-18T20:41:31.020114-04:00,1787100091,20103133,1787100091020103133,116.004295,,,,1644,1643,1,0,0,1644,CartesianTarget,1,False,True,True,False,0.0,-89.943748,89.261276,0.0,90.68248,0.0,445.0,0.0,815.0,180.0,0.0,180.0,False,True,
532,/kuka/axis_move/feedback_json,std_msgs/msg/String,2026-08-18T20:41:31.185167-04:00,1787100091,185155589,1787100091185155589,165.052456,,,,1645,1644,1,0,0,1645,CartesianTarget,1,False,True,True,False,0.0,-89.943748,89.261276,0.0,90.68248,0.0,445.0,0.0,815.0,180.0,0.0,180.0,False,True,
533,/kuka/axis_move/feedback_json,std_msgs/msg/String,2026-08-18T20:41:31.295891-04:00,1787100091,295872916,1787100091295872916,110.717327,,,,1646,1645,1,0,0,1646,CartesianTarget,1,False,True,True,False,0.0,-89.943748,89.261276,0.0,90.68248,0.0,445.0,0.0,815.0,180.0,0.0,180.0,False,True,
534,/kuka/axis_move/feedback_json,std_msgs/msg/String,2026-08-18T20:41:31.411603-04:00,1787100091,411589783,1787100091411589783,115.716867,,,,1647,1646,1,0,0,1647,CartesianTarget,1,False,True,True,False,0.0,-89.943748,89.261276,0.0,90.68248,0.0,445.0,0.0,815.0,180.0,0.0,180.0,False,True,
535,/kuka/axis_move/feedback_json,std_msgs/msg/String,2026-08-18T20:41:31.524634-04:00,1787100091,524623054,1787100091524623054,113.033271,,,,1648,1647,1,0,0,1648,CartesianTarget,1,False,True,True,False,0.0,-89.943748,89.261276,0.0,90.68248,0.0,445.0,0.0,815.0,180.0,0.0,180.0,False,True,
536,/kuka/axis_move/feedback_json,std_msgs/msg/String,2026-08-18T20:41:31.690773-04:00,1787100091,690762154,1787100091690762154,166.1391,,,,1649,1648,1,0,0,1649,CartesianTarget,1,True,True,True,False,0.0,-89.943748,89.261276,0.0,90.68248,0.0,445.0,0.0,814.99939,180.0,0.0,180.0,False,True,
537,/kuka/axis_move/feedback_json,std_msgs/msg/String,2026-08-18T20:41:31.809654-04:00,1787100091,809647137,1787100091809647137,118.884983,,,,1650,1649,1,0,0,1650,CartesianTarget,1,True,True,True,False,0.0,-89.946533,89.306839,0.0,90.631035,0.0,445.002441,0.0,814.464722,180.0,0.0,180.0,False,True,
538,/kuka/axis_move/feedback_json,std_msgs/msg/String,2026-08-18T20:41:31.987795-04:00,1787100091,987784753,1787100091987784753,178.137616,,,,1651,1650,1,0,0,1651,CartesianTarget,1,True,True,True,False,0.0,-89.977943,89.71962,0.0,90.242226,0.0,445.006714,0.0,811.541321,180.0,0.0,180.0,False,True,
539,/kuka/axis_move/feedback_json,std_msgs/msg/String,2026-08-18T20:41:32.161313-04:00,1787100092,161305827,1787100092161305827,173.521074,,,,1652,1651,1,0,0,1652,CartesianTarget,1,True,True,True,False,0.0,-89.997963,89.9785,0.0,90.015549,0.0,445.000519,0.0,810.063416,180.0,0.0,180.0,False,True,
540,/kuka/axis_move/feedback_json,std_msgs/msg/String,2026-08-18T20:41:32.342371-04:00,1787100092,342365012,1787100092342365012,181.059185,,,,1653,1652,1,0,0,1653,CartesianTarget,1,True,True,True,True,0.0,-90.0,90.000015,0.0,89.999985,0.0,445.0,0.0,809.999878,180.0,0.0,180.0,False,True,
541,/kuka/axis_move/feedback_json,std_msgs/msg/String,2026-08-18T20:41:32.510686-04:00,1787100092,510667277,1787100092510667277,168.302265,,,,1654,1653,1,0,0,1654,CartesianTarget,1,True,True,True,False,0.0,-90.0,90.000015,0.0,89.999985,0.0,445.0,0.0,809.999878,180.0,0.0,180.0,False,True,
542,/kuka/axis_move/feedback_json,std_msgs/msg/String,2026-08-18T20:41:32.624500-04:00,1787100092,624489448,1787100092624489448,113.822171,,,,1655,1654,1,0,0,1655,CartesianTarget,1,True,True,True,False,0.0,-90.0,90.000015,0.0,89.999985,0.0,445.0,0.0,809.999878,180.0,0.0,180.0,False,True,
543,/kuka/axis_move/feedback_json,std_msgs/msg/String,2026-08-18T20:41:32.806849-04:00,1787100092,806838535,1787100092806838535,182.349087,,,,1656,1655,1,0,0,1656,CartesianTarget,1,True,True,True,True,0.0,-90.0,90.000015,0.0,89.999985,0.0,445.0,0.0,809.999878,180.0,0.0,180.0,False,True,
544,/kuka/axis_move/feedback_json,std_msgs/msg/String,2026-08-18T20:41:32.972833-04:00,1787100092,972827455,1787100092972827455,165.98892,,,,1657,1656,1,0,0,1657,CartesianTarget,1,True,True,True,False,0.0,-90.0,90.000015,0.0,89.999985,0.0,445.0,0.0,809.999878,180.0,0.0,180.0,False,True,
545,/kuka/axis_move/feedback_json,std_msgs/msg/String,2026-08-18T20:41:33.149212-04:00,1787100093,149191218,1787100093149191218,176.363763,,,,1658,1657,1,0,0,1658,CartesianTarget,1,True,True,True,True,0.0,-90.0,90.000015,0.0,89.999985,0.0,445.0,0.0,809.999878,180.0,0.0,180.0,False,True,
546,/kuka/axis_move/feedback_json,std_msgs/msg/String,2026-08-18T20:41:33.318388-04:00,1787100093,318377604,1787100093318377604,169.186386,,,,1659,1658,1,0,0,1659,CartesianTarget,1,True,True,True,False,0.0,-90.0,90.000015,0.0,89.999985,0.0,445.0,0.0,809.999878,180.0,0.0,180.0,False,True,
547,/kuka/axis_move/feedback_json,std_msgs/msg/String,2026-08-18T20:41:33.497876-04:00,1787100093,497859135,1787100093497859135,179.481531,,,,1660,1659,1,0,0,1660,CartesianTarget,1,True,True,True,True,0.0,-90.0,90.000015,0.0,89.999985,0.0,445.0,0.0,809.999878,180.0,0.0,180.0,False,True,
548,/kuka/axis_move/feedback_json,std_msgs/msg/String,2026-08-18T20:41:33.607993-04:00,1787100093,607983316,1787100093607983316,110.124181,,,,1661,1660,1,0,0,1661,CartesianTarget,1,False,True,True,False,0.0,-90.0,90.000015,0.0,89.999985,0.0,445.0,0.0,809.999878,180.0,0.0,180.0,False,True,
549,/kuka/axis_move/feedback_json,std_msgs/msg/String,2026-08-18T20:41:33.772011-04:00,1787100093,771989604,1787100093771989604,164.006288,,,,1662,1661,1,0,0,1662,CartesianTarget,1,True,True,True,False,0.0,-90.0,90.000015,0.0,89.999985,0.0,445.0,0.0,809.999878,180.0,0.0,180.0,False,True,
550,/kuka/axis_move/feedback_json,std_msgs/msg/String,2026-08-18T20:41:33.952462-04:00,1787100093,952424441,1787100093952424441,180.434837,,,,1663,1662,1,0,0,1663,CartesianTarget,1,True,True,True,True,0.0,-90.0,90.000015,0.0,89.999985,0.0,445.0,0.0,809.999878,180.0,0.0,180.0,False,True,
551,/kuka/axis_move/feedback_json,std_msgs/msg/String,2026-08-18T20:41:34.119662-04:00,1787100094,119650249,1787100094119650249,167.225808,,,,1664,1663,1,0,0,1664,CartesianTarget,1,True,True,True,False,0.0,-90.0,90.000015,0.0,89.999985,0.0,445.0,0.0,809.999878,180.0,0.0,180.0,False,True,
552,/kuka/axis_move/feedback_json,std_msgs/msg/String,2026-08-18T20:41:34.295308-04:00,1787100094,295297085,1787100094295297085,175.646836,,,,1665,1664,1,0,0,1665,CartesianTarget,1,True,True,True,True,0.0,-90.0,90.000015,0.0,89.999985,0.0,445.0,0.0,809.999878,180.0,0.0,180.0,False,True,
553,/kuka/axis_move/feedback_json,std_msgs/msg/String,2026-08-18T20:41:34.406965-04:00,1787100094,406959438,1787100094406959438,111.662353,,,,1666,1665,1,0,0,1666,CartesianTarget,1,False,True,True,False,0.0,-90.0,90.000015,0.0,89.999985,0.0,445.0,0.0,809.999878,180.0,0.0,180.0,False,True,
554,/kuka/axis_move/feedback_json,std_msgs/msg/String,2026-08-18T20:41:34.566829-04:00,1787100094,566818807,1787100094566818807,159.859369,,,,1667,1666,1,0,0,1667,CartesianTarget,1,True,True,True,False,0.0,-90.0,90.000015,0.0,89.999985,0.0,445.0,0.0,809.999878,180.0,0.0,180.0,False,True,
555,/kuka/axis_move/feedback_json,std_msgs/msg/String,2026-08-18T20:41:34.751212-04:00,1787100094,751204238,1787100094751204238,184.385431,,,,1668,1667,1,0,0,1668,CartesianTarget,1,True,True,True,True,0.0,-90.0,90.000015,0.0,89.999985,0.0,445.0,0.0,809.999878,180.0,0.0,180.0,False,True,
556,/kuka/axis_move/feedback_json,std_msgs/msg/String,2026-08-18T20:41:34.865035-04:00,1787100094,865016439,1787100094865016439,113.812201,,,,1669,1668,1,0,0,1669,CartesianTarget,1,False,True,True,False,0.0,-90.0,90.000015,0.0,89.999985,0.0,445.0,0.0,809.999878,180.0,0.0,180.0,False,True,
557,/kuka/axis_move/feedback_json,std_msgs/msg/String,2026-08-18T20:41:34.975294-04:00,1787100094,975267825,1787100094975267825,110.251386,,,,1670,1669,1,0,0,1670,CartesianTarget,1,False,True,True,False,0.0,-90.0,90.000015,0.0,89.999985,0.0,445.0,0.0,809.999878,180.0,0.0,180.0,False,True,
558,/kuka/axis_move/feedback_json,std_msgs/msg/String,2026-08-18T20:41:35.082321-04:00,1787100095,82309984,1787100095082309984,107.042159,,,,1671,1670,1,0,0,1671,CartesianTarget,1,False,True,True,False,0.0,-90.0,90.000015,0.0,89.999985,0.0,445.0,0.0,809.999878,180.0,0.0,180.0,False,True,
559,/kuka/axis_move/feedback_json,std_msgs/msg/String,2026-08-18T20:41:35.242024-04:00,1787100095,242013014,1787100095242013014,159.70303,,,,1672,1671,1,0,0,1672,CartesianTarget,1,False,True,True,False,0.0,-90.0,90.000015,0.0,89.999985,0.0,445.0,0.0,809.999878,180.0,0.0,180.0,False,True,
560,/kuka/axis_move/feedback_json,std_msgs/msg/String,2026-08-18T20:41:35.342218-04:00,1787100095,342203237,1787100095342203237,100.190223,,,,1673,1672,1,0,0,1673,CartesianTarget,1,False,True,True,False,0.0,-90.0,90.000015,0.0,89.999985,0.0,445.0,0.0,809.999878,180.0,0.0,180.0,False,True,
561,/kuka/axis_move/feedback_json,std_msgs/msg/String,2026-08-18T20:41:35.450195-04:00,1787100095,450183238,1787100095450183238,107.980001,,,,1674,1673,1,0,0,1674,CartesianTarget,1,False,True,True,False,0.0,-90.0,90.000015,0.0,89.999985,0.0,445.0,0.0,809.999878,180.0,0.0,180.0,False,True,
562,/kuka/axis_move/feedback_json,std_msgs/msg/String,2026-08-18T20:41:35.557781-04:00,1787100095,557770353,1787100095557770353,107.587115,,,,1675,1674,1,0,0,1675,CartesianTarget,1,False,True,True,False,0.0,-90.0,90.000015,0.0,89.999985,0.0,445.0,0.0,809.999878,180.0,0.0,180.0,False,True,
563,/kuka/axis_move/feedback_json,std_msgs/msg/String,2026-08-18T20:41:35.666186-04:00,1787100095,666174914,1787100095666174914,108.404561,,,,1676,1675,1,0,0,1676,CartesianTarget,1,False,True,True,False,0.0,-90.0,90.000015,0.0,89.999985,0.0,445.0,0.0,809.999878,180.0,0.0,180.0,False,True,
564,/kuka/axis_move/feedback_json,std_msgs/msg/String,2026-08-18T20:41:35.827217-04:00,1787100095,827206137,1787100095827206137,161.031223,,,,1677,1676,1,0,0,1677,CartesianTarget,1,False,True,True,False,0.0,-90.0,90.000015,0.0,89.999985,0.0,445.0,0.0,809.999878,180.0,0.0,180.0,False,True,
565,/kuka/axis_move/feedback_json,std_msgs/msg/String,2026-08-18T20:41:35.937316-04:00,1787100095,937305557,1787100095937305557,110.09942,,,,1678,1677,1,0,0,1678,CartesianTarget,1,False,True,True,False,0.0,-90.0,90.000015,0.0,89.999985,0.0,445.0,0.0,809.999878,180.0,0.0,180.0,False,True,
566,/kuka/axis_move/feedback_json,std_msgs/msg/String,2026-08-18T20:41:36.045780-04:00,1787100096,45758867,1787100096045758867,108.45331,,,,1679,1678,1,0,0,1679,CartesianTarget,1,False,True,True,False,0.0,-90.0,90.000015,0.0,89.999985,0.0,445.0,0.0,809.999878,180.0,0.0,180.0,False,True,
567,/kuka/axis_move/feedback_json,std_msgs/msg/String,2026-08-18T20:41:36.153305-04:00,1787100096,153293580,1787100096153293580,107.534713,,,,1680,1679,1,0,0,1680,CartesianTarget,1,False,True,True,False,0.0,-90.0,90.000015,0.0,89.999985,0.0,445.0,0.0,809.999878,180.0,0.0,180.0,False,True,
568,/kuka/axis_move/feedback_json,std_msgs/msg/String,2026-08-18T20:41:36.268954-04:00,1787100096,268948062,1787100096268948062,115.654482,,,,1681,1680,1,0,0,1681,CartesianTarget,1,False,True,True,False,0.0,-90.0,90.000015,0.0,89.999985,0.0,445.0,0.0,809.999878,180.0,0.0,180.0,False,True,
569,/kuka/axis_move/feedback_json,std_msgs/msg/String,2026-08-18T20:41:36.436646-04:00,1787100096,436637120,1787100096436637120,167.689058,,,,1682,1681,1,0,0,1682,CartesianTarget,1,False,True,True,False,0.0,-90.0,90.000015,0.0,89.999985,0.0,445.0,0.0,809.999878,180.0,0.0,180.0,False,True,
570,/kuka/axis_move/feedback_json,std_msgs/msg/String,2026-08-18T20:41:36.546663-04:00,1787100096,546657655,1787100096546657655,110.020535,,,,1683,1682,1,0,0,1683,CartesianTarget,1,False,True,True,False,0.0,-90.0,90.000015,0.0,89.999985,0.0,445.0,0.0,809.999878,180.0,0.0,180.0,False,True,
571,/kuka/axis_move/feedback_json,std_msgs/msg/String,2026-08-18T20:41:36.656875-04:00,1787100096,656862674,1787100096656862674,110.205019,,,,1684,1683,1,0,0,1684,CartesianTarget,1,False,True,True,False,0.0,-90.0,90.000015,0.0,89.999985,0.0,445.0,0.0,809.999878,180.0,0.0,180.0,False,True,
572,/kuka/axis_move/feedback_json,std_msgs/msg/String,2026-08-18T20:41:36.762094-04:00,1787100096,762052662,1787100096762052662,105.189988,,,,1685,1684,1,0,0,1685,CartesianTarget,1,False,True,True,False,0.0,-90.0,90.000015,0.0,89.999985,0.0,445.0,0.0,809.999878,180.0,0.0,180.0,False,True,
573,/kuka/axis_move/feedback_json,std_msgs/msg/String,2026-08-18T20:41:36.875907-04:00,1787100096,875901589,1787100096875901589,113.848927,,,,1686,1685,1,0,0,1686,CartesianTarget,1,False,True,True,False,0.0,-90.0,90.000015,0.0,89.999985,0.0,445.0,0.0,809.999878,180.0,0.0,180.0,False,True,
574,/kuka/axis_move/feedback_json,std_msgs/msg/String,2026-08-18T20:41:37.036044-04:00,1787100097,36035671,1787100097036035671,160.134082,,,,1687,1686,1,0,0,1687,CartesianTarget,1,False,True,True,False,0.0,-90.0,90.000015,0.0,89.999985,0.0,445.0,0.0,809.999878,180.0,0.0,180.0,False,True,
575,/kuka/axis_move/feedback_json,std_msgs/msg/String,2026-08-18T20:41:37.144112-04:00,1787100097,144101798,1787100097144101798,108.066127,,,,1688,1687,1,0,0,1688,CartesianTarget,1,False,True,True,False,0.0,-90.0,90.000015,0.0,89.999985,0.0,445.0,0.0,809.999878,180.0,0.0,180.0,False,True,
576,/kuka/axis_move/feedback_json,std_msgs/msg/String,2026-08-18T20:41:37.251849-04:00,1787100097,251838728,1787100097251838728,107.73693,,,,1689,1688,1,0,0,1689,CartesianTarget,1,False,True,True,False,0.0,-90.0,90.000015,0.0,89.999985,0.0,445.0,0.0,809.999878,180.0,0.0,180.0,False,True,
577,/kuka/axis_move/feedback_json,std_msgs/msg/String,2026-08-18T20:41:37.362372-04:00,1787100097,362360782,1787100097362360782,110.522054,,,,1690,1689,1,0,0,1690,CartesianTarget,1,False,True,True,False,0.0,-90.0,90.000015,0.0,89.999985,0.0,445.0,0.0,809.999878,180.0,0.0,180.0,False,True,
578,/kuka/axis_move/feedback_json,std_msgs/msg/String,2026-08-18T20:41:37.475010-04:00,1787100097,475001589,1787100097475001589,112.640807,,,,1691,1690,1,0,0,1691,CartesianTarget,1,False,True,True,False,0.0,-90.0,90.000015,0.0,89.999985,0.0,445.0,0.0,809.999878,180.0,0.0,180.0,False,True,
579,/kuka/axis_move/feedback_json,std_msgs/msg/String,2026-08-18T20:41:37.635347-04:00,1787100097,635341586,1787100097635341586,160.339997,,,,1692,1691,1,0,0,1692,CartesianTarget,1,False,True,True,False,0.0,-90.0,90.000015,0.0,89.999985,0.0,445.0,0.0,809.999878,180.0,0.0,180.0,False,True,
580,/kuka/axis_move/feedback_json,std_msgs/msg/String,2026-08-18T20:41:37.745993-04:00,1787100097,745980786,1787100097745980786,110.6392,,,,1693,1692,1,0,0,1693,CartesianTarget,1,False,True,True,False,0.0,-90.0,90.000015,0.0,89.999985,0.0,445.0,0.0,809.999878,180.0,0.0,180.0,False,True,
581,/kuka/axis_move/feedback_json,std_msgs/msg/String,2026-08-18T20:41:37.863602-04:00,1787100097,863590019,1787100097863590019,117.609233,,,,1694,1693,1,0,0,1694,CartesianTarget,1,False,True,True,False,0.0,-90.0,90.000015,0.0,89.999985,0.0,445.0,0.0,809.999878,180.0,0.0,180.0,False,True,
582,/kuka/axis_move/feedback_json,std_msgs/msg/String,2026-08-18T20:41:37.973402-04:00,1787100097,973390722,1787100097973390722,109.800703,,,,1695,1694,1,0,0,1695,CartesianTarget,1,False,True,True,False,0.0,-90.0,90.000015,0.0,89.999985,0.0,445.0,0.0,809.999878,180.0,0.0,180.0,False,True,
583,/kuka/axis_move/feedback_json,std_msgs/msg/String,2026-08-18T20:41:38.083157-04:00,1787100098,83144174,1787100098083144174,109.753452,,,,1696,1695,1,0,0,1696,CartesianTarget,1,False,True,True,False,0.0,-90.0,90.000015,0.0,89.999985,0.0,445.0,0.0,809.999878,180.0,0.0,180.0,False,True,
584,/kuka/axis_move/feedback_json,std_msgs/msg/String,2026-08-18T20:41:38.246969-04:00,1787100098,246958967,1787100098246958967,163.814793,,,,1697,1696,1,0,0,1697,CartesianTarget,1,False,True,True,False,0.0,-90.0,90.000015,0.0,89.999985,0.0,445.0,0.0,809.999878,180.0,0.0,180.0,False,True,
585,/kuka/axis_move/feedback_json,std_msgs/msg/String,2026-08-18T20:41:38.360539-04:00,1787100098,360525038,1787100098360525038,113.566071,,,,1698,1697,1,0,0,1698,CartesianTarget,1,False,True,True,False,0.0,-90.0,90.000015,0.0,89.999985,0.0,445.0,0.0,809.999878,180.0,0.0,180.0,False,True,
586,/kuka/axis_move/feedback_json,std_msgs/msg/String,2026-08-18T20:41:38.474319-04:00,1787100098,474294755,1787100098474294755,113.769717,,,,1699,1698,1,0,0,1699,CartesianTarget,1,False,True,True,False,0.0,-90.0,90.000015,0.0,89.999985,0.0,445.0,0.0,809.999878,180.0,0.0,180.0,False,True,
587,/kuka/axis_move/feedback_json,std_msgs/msg/String,2026-08-18T20:41:38.584547-04:00,1787100098,584528467,1787100098584528467,110.233712,,,,1700,1699,1,0,0,1700,CartesianTarget,1,False,True,True,False,0.0,-90.0,90.000015,0.0,89.999985,0.0,445.0,0.0,809.999878,180.0,0.0,180.0,False,True,
588,/kuka/axis_move/feedback_json,std_msgs/msg/String,2026-08-18T20:41:38.748936-04:00,1787100098,748906453,1787100098748906453,164.377986,,,,1701,1700,1,0,0,1701,CartesianTarget,1,False,True,True,False,0.0,-90.0,90.000015,0.0,89.999985,0.0,445.0,0.0,809.999878,180.0,0.0,180.0,False,True,
589,/kuka/axis_move/feedback_json,std_msgs/msg/String,2026-08-18T20:41:38.856015-04:00,1787100098,856004554,1787100098856004554,107.098101,,,,1702,1701,1,0,0,1702,CartesianTarget,1,False,True,True,False,0.0,-90.0,90.000015,0.0,89.999985,0.0,445.0,0.0,809.999878,180.0,0.0,180.0,False,True,
590,/kuka/axis_move/feedback_json,std_msgs/msg/String,2026-08-18T20:41:38.967059-04:00,1787100098,967053020,1787100098967053020,111.048466,,,,1703,1702,1,0,0,1703,CartesianTarget,1,False,True,True,False,0.0,-90.0,90.000015,0.0,89.999985,0.0,445.0,0.0,809.999878,180.0,0.0,180.0,False,True,
591,/kuka/axis_move/feedback_json,std_msgs/msg/String,2026-08-18T20:41:39.072390-04:00,1787100099,72377557,1787100099072377557,105.324537,,,,1704,1703,1,0,0,1704,CartesianTarget,1,False,True,True,False,0.0,-90.0,90.000015,0.0,89.999985,0.0,445.0,0.0,809.999878,180.0,0.0,180.0,False,True,
592,/kuka/axis_move/feedback_json,std_msgs/msg/String,2026-08-18T20:41:39.184065-04:00,1787100099,184044999,1787100099184044999,111.667442,,,,1705,1704,1,0,0,1705,CartesianTarget,1,False,True,True,False,0.0,-90.0,90.000015,0.0,89.999985,0.0,445.0,0.0,809.999878,180.0,0.0,180.0,False,True,
593,/kuka/axis_move/feedback_json,std_msgs/msg/String,2026-08-18T20:41:39.350570-04:00,1787100099,350559104,1787100099350559104,166.514105,,,,1706,1705,1,0,0,1706,CartesianTarget,1,False,True,True,False,0.0,-90.0,90.000015,0.0,89.999985,0.0,445.0,0.0,809.999878,180.0,0.0,180.0,False,True,
594,/kuka/axis_move/feedback_json,std_msgs/msg/String,2026-08-18T20:41:39.461897-04:00,1787100099,461886260,1787100099461886260,111.327156,,,,1707,1706,1,0,0,1707,CartesianTarget,1,False,True,True,False,0.0,-90.0,90.000015,0.0,89.999985,0.0,445.0,0.0,809.999878,180.0,0.0,180.0,False,True,
595,/kuka/axis_move/feedback_json,std_msgs/msg/String,2026-08-18T20:41:39.575665-04:00,1787100099,575658751,1787100099575658751,113.772491,,,,1708,1707,1,0,0,1708,CartesianTarget,1,False,True,True,False,0.0,-90.0,90.000015,0.0,89.999985,0.0,445.0,0.0,809.999878,180.0,0.0,180.0,False,True,
596,/kuka/axis_move/feedback_json,std_msgs/msg/String,2026-08-18T20:41:39.685506-04:00,1787100099,685500808,1787100099685500808,109.842057,,,,1709,1708,1,0,0,1709,CartesianTarget,1,False,True,True,False,0.0,-90.0,90.000015,0.0,89.999985,0.0,445.0,0.0,809.999878,180.0,0.0,180.0,False,True,
597,/kuka/axis_move/feedback_json,std_msgs/msg/String,2026-08-18T20:41:39.845636-04:00,1787100099,845625971,1787100099845625971,160.125163,,,,1710,1709,1,0,0,1710,CartesianTarget,1,False,True,True,False,0.0,-90.0,90.000015,0.0,89.999985,0.0,445.0,0.0,809.999878,180.0,0.0,180.0,False,True,
598,/kuka/axis_move/feedback_json,std_msgs/msg/String,2026-08-18T20:41:39.961663-04:00,1787100099,961651321,1787100099961651321,116.02535,,,,1711,1710,1,0,0,1711,CartesianTarget,1,False,True,True,False,0.0,-90.0,90.000015,0.0,89.999985,0.0,445.0,0.0,809.999878,180.0,0.0,180.0,False,True,
599,/kuka/axis_move/feedback_json,std_msgs/msg/String,2026-08-18T20:41:40.069330-04:00,1787100100,69319912,1787100100069319912,107.668591,,,,1712,1711,1,0,0,1712,CartesianTarget,1,False,True,True,False,0.0,-90.0,90.000015,0.0,89.999985,0.0,445.0,0.0,809.999878,180.0,0.0,180.0,False,True,
600,/kuka/axis_move/feedback_json,std_msgs/msg/String,2026-08-18T20:41:40.176980-04:00,1787100100,176975051,1787100100176975051,107.655139,,,,1713,1712,1,0,0,1713,CartesianTarget,1,False,True,True,False,0.0,-90.0,90.000015,0.0,89.999985,0.0,445.0,0.0,809.999878,180.0,0.0,180.0,False,True,
601,/kuka/axis_move/feedback_json,std_msgs/msg/String,2026-08-18T20:41:40.289231-04:00,1787100100,289225092,1787100100289225092,112.250041,,,,1714,1713,1,0,0,1714,CartesianTarget,1,False,True,True,False,0.0,-90.0,90.000015,0.0,89.999985,0.0,445.0,0.0,809.999878,180.0,0.0,180.0,False,True,
602,/kuka/axis_move/feedback_json,std_msgs/msg/String,2026-08-18T20:41:40.455053-04:00,1787100100,455043508,1787100100455043508,165.818416,,,,1715,1714,1,0,0,1715,CartesianTarget,1,False,True,True,False,0.0,-90.0,90.000015,0.0,89.999985,0.0,445.0,0.0,809.999878,180.0,0.0,180.0,False,True,
603,/kuka/axis_move/feedback_json,std_msgs/msg/String,2026-08-18T20:41:40.569781-04:00,1787100100,569763733,1787100100569763733,114.720225,,,,1716,1715,1,0,0,1716,CartesianTarget,1,False,True,True,False,0.0,-90.0,90.000015,0.0,89.999985,0.0,445.0,0.0,809.999878,180.0,0.0,180.0,False,True,
604,/kuka/axis_move/feedback_json,std_msgs/msg/String,2026-08-18T20:41:40.679802-04:00,1787100100,679791483,1787100100679791483,110.02775,,,,1717,1716,1,0,0,1717,CartesianTarget,1,False,True,True,False,0.0,-90.0,90.000015,0.0,89.999985,0.0,445.0,0.0,809.999878,180.0,0.0,180.0,False,True,
605,/kuka/axis_move/feedback_json,std_msgs/msg/String,2026-08-18T20:41:40.792823-04:00,1787100100,792813104,1787100100792813104,113.021621,,,,1718,1717,1,0,0,1718,CartesianTarget,1,False,True,True,False,0.0,-90.0,90.000015,0.0,89.999985,0.0,445.0,0.0,809.999878,180.0,0.0,180.0,False,True,
606,/kuka/axis_move/feedback_json,std_msgs/msg/String,2026-08-18T20:41:40.958534-04:00,1787100100,958527789,1787100100958527789,165.714685,,,,1719,1718,1,0,0,1719,CartesianTarget,1,False,True,True,False,0.0,-90.0,90.000015,0.0,89.999985,0.0,445.0,0.0,809.999878,180.0,0.0,180.0,False,True,
607,/kuka/axis_move/feedback_json,std_msgs/msg/String,2026-08-18T20:41:41.073036-04:00,1787100101,73029663,1787100101073029663,114.501874,,,,1720,1719,1,0,0,1720,CartesianTarget,1,False,True,True,False,0.0,-90.0,90.000015,0.0,89.999985,0.0,445.0,0.0,809.999878,180.0,0.0,180.0,False,True,
608,/kuka/axis_move/feedback_json,std_msgs/msg/String,2026-08-18T20:41:41.181568-04:00,1787100101,181532308,1787100101181532308,108.502645,,,,1721,1720,1,0,0,1721,CartesianTarget,1,False,True,True,False,0.0,-90.0,90.000015,0.0,89.999985,0.0,445.0,0.0,809.999878,180.0,0.0,180.0,False,True,
609,/kuka/axis_move/feedback_json,std_msgs/msg/String,2026-08-18T20:41:41.291294-04:00,1787100101,291283480,1787100101291283480,109.751172,,,,1722,1721,1,0,0,1722,CartesianTarget,1,False,True,True,False,0.0,-90.0,90.000015,0.0,89.999985,0.0,445.0,0.0,809.999878,180.0,0.0,180.0,False,True,
610,/kuka/axis_move/feedback_json,std_msgs/msg/String,2026-08-18T20:41:41.400210-04:00,1787100101,400204747,1787100101400204747,108.921267,,,,1723,1722,1,0,0,1723,CartesianTarget,1,False,True,True,False,0.0,-90.0,90.000015,0.0,89.999985,0.0,445.0,0.0,809.999878,180.0,0.0,180.0,False,True,
611,/kuka/axis_move/feedback_json,std_msgs/msg/String,2026-08-18T20:41:41.560340-04:00,1787100101,560333003,1787100101560333003,160.128256,,,,1724,1723,1,0,0,1724,CartesianTarget,1,False,True,True,False,0.0,-90.0,90.000015,0.0,89.999985,0.0,445.0,0.0,809.999878,180.0,0.0,180.0,False,True,
612,/kuka/axis_move/feedback_json,std_msgs/msg/String,2026-08-18T20:41:41.672238-04:00,1787100101,672224196,1787100101672224196,111.891193,,,,1725,1724,1,0,0,1725,CartesianTarget,1,False,True,True,False,0.0,-90.0,90.000015,0.0,89.999985,0.0,445.0,0.0,809.999878,180.0,0.0,180.0,False,True,
613,/kuka/axis_move/feedback_json,std_msgs/msg/String,2026-08-18T20:41:41.789100-04:00,1787100101,789079904,1787100101789079904,116.855708,,,,1726,1725,1,0,0,1726,CartesianTarget,1,False,True,True,False,0.0,-90.0,90.000015,0.0,89.999985,0.0,445.0,0.0,809.999878,180.0,0.0,180.0,False,True,
614,/kuka/axis_move/feedback_json,std_msgs/msg/String,2026-08-18T20:41:41.900333-04:00,1787100101,900316114,1787100101900316114,111.23621,,,,1727,1726,1,0,0,1727,CartesianTarget,1,False,True,True,False,0.0,-90.0,90.000015,0.0,89.999985,0.0,445.0,0.0,809.999878,180.0,0.0,180.0,False,True,
615,/kuka/axis_move/feedback_json,std_msgs/msg/String,2026-08-18T20:41:42.008209-04:00,1787100102,8202124,1787100102008202124,107.88601,,,,1728,1727,1,0,0,1728,CartesianTarget,1,False,True,True,False,0.0,-90.0,90.000015,0.0,89.999985,0.0,445.0,0.0,809.999878,180.0,0.0,180.0,False,True,
616,/kuka/axis_move/feedback_json,std_msgs/msg/String,2026-08-18T20:41:42.167554-04:00,1787100102,167534209,1787100102167534209,159.332085,,,,1729,1728,1,0,0,1729,CartesianTarget,1,False,True,True,False,0.0,-90.0,90.000015,0.0,89.999985,0.0,445.0,0.0,809.999878,180.0,0.0,180.0,False,True,
617,/kuka/axis_move/feedback_json,std_msgs/msg/String,2026-08-18T20:41:42.275508-04:00,1787100102,275499408,1787100102275499408,107.965199,,,,1730,1729,1,0,0,1730,CartesianTarget,1,False,True,True,False,0.0,-90.0,90.000015,0.0,89.999985,0.0,445.0,0.0,809.999878,180.0,0.0,180.0,False,True,
618,/kuka/axis_move/feedback_json,std_msgs/msg/String,2026-08-18T20:41:42.383534-04:00,1787100102,383521171,1787100102383521171,108.021763,,,,1731,1730,1,0,0,1731,CartesianTarget,1,False,True,True,False,0.0,-90.0,90.000015,0.0,89.999985,0.0,445.0,0.0,809.999878,180.0,0.0,180.0,False,True,
619,/kuka/axis_move/feedback_json,std_msgs/msg/String,2026-08-18T20:41:42.496662-04:00,1787100102,496644292,1787100102496644292,113.123121,,,,1732,1731,1,0,0,1732,CartesianTarget,1,False,True,True,False,0.0,-90.0,90.000015,0.0,89.999985,0.0,445.0,0.0,809.999878,180.0,0.0,180.0,False,True,
620,/kuka/axis_move/feedback_json,std_msgs/msg/String,2026-08-18T20:41:42.603409-04:00,1787100102,603399773,1787100102603399773,106.755481,,,,1733,1732,1,0,0,1733,CartesianTarget,1,False,True,True,False,0.0,-90.0,90.000015,0.0,89.999985,0.0,445.0,0.0,809.999878,180.0,0.0,180.0,False,True,
621,/kuka/axis_move/feedback_json,std_msgs/msg/String,2026-08-18T20:41:42.759273-04:00,1787100102,759262119,1787100102759262119,155.862346,,,,1734,1733,1,0,0,1734,CartesianTarget,1,False,True,True,False,0.0,-90.0,90.000015,0.0,89.999985,0.0,445.0,0.0,809.999878,180.0,0.0,180.0,False,True,
622,/kuka/axis_move/feedback_json,std_msgs/msg/String,2026-08-18T20:41:42.871633-04:00,1787100102,871615333,1787100102871615333,112.353214,,,,1735,1734,1,0,0,1735,CartesianTarget,1,False,True,True,False,0.0,-90.0,90.000015,0.0,89.999985,0.0,445.0,0.0,809.999878,180.0,0.0,180.0,False,True,
623,/kuka/axis_move/feedback_json,std_msgs/msg/String,2026-08-18T20:41:42.983033-04:00,1787100102,983021859,1787100102983021859,111.406526,,,,1736,1735,1,0,0,1736,CartesianTarget,1,False,True,True,False,0.0,-90.0,90.000015,0.0,89.999985,0.0,445.0,0.0,809.999878,180.0,0.0,180.0,False,True,
624,/kuka/axis_move/feedback_json,std_msgs/msg/String,2026-08-18T20:41:43.093254-04:00,1787100103,93242763,1787100103093242763,110.220904,,,,1737,1736,1,0,0,1737,CartesianTarget,1,False,True,True,False,0.0,-90.0,90.000015,0.0,89.999985,0.0,445.0,0.0,809.999878,180.0,0.0,180.0,False,True,
625,/kuka/axis_move/feedback_json,std_msgs/msg/String,2026-08-18T20:41:43.208978-04:00,1787100103,208967094,1787100103208967094,115.724331,,,,1738,1737,1,0,0,1738,CartesianTarget,1,False,True,True,False,0.0,-90.0,90.000015,0.0,89.999985,0.0,445.0,0.0,809.999878,180.0,0.0,180.0,False,True,
626,/kuka/axis_move/feedback_json,std_msgs/msg/String,2026-08-18T20:41:43.374665-04:00,1787100103,374654642,1787100103374654642,165.687548,,,,1739,1738,1,0,0,1739,CartesianTarget,1,False,True,True,False,0.0,-90.0,90.000015,0.0,89.999985,0.0,445.0,0.0,809.999878,180.0,0.0,180.0,False,True,
627,/kuka/axis_move/feedback_json,std_msgs/msg/String,2026-08-18T20:41:43.484715-04:00,1787100103,484706990,1787100103484706990,110.052348,,,,1740,1739,1,0,0,1740,CartesianTarget,1,False,True,True,False,0.0,-90.0,90.000015,0.0,89.999985,0.0,445.0,0.0,809.999878,180.0,0.0,180.0,False,True,
628,/kuka/axis_move/feedback_json,std_msgs/msg/String,2026-08-18T20:41:43.594882-04:00,1787100103,594873200,1787100103594873200,110.16621,,,,1741,1740,1,0,0,1741,CartesianTarget,1,False,True,True,False,0.0,-90.0,90.000015,0.0,89.999985,0.0,445.0,0.0,809.999878,180.0,0.0,180.0,False,True,
629,/kuka/axis_move/feedback_json,std_msgs/msg/String,2026-08-18T20:41:43.709154-04:00,1787100103,709131707,1787100103709131707,114.258507,,,,1742,1741,1,0,0,1742,CartesianTarget,1,False,True,True,False,0.0,-90.0,90.000015,0.0,89.999985,0.0,445.0,0.0,809.999878,180.0,0.0,180.0,False,True,
630,/kuka/axis_move/feedback_json,std_msgs/msg/String,2026-08-18T20:41:43.818689-04:00,1787100103,818677992,1787100103818677992,109.546285,,,,1743,1742,1,0,0,1743,CartesianTarget,1,False,True,True,False,0.0,-90.0,90.000015,0.0,89.999985,0.0,445.0,0.0,809.999878,180.0,0.0,180.0,False,True,
631,/kuka/axis_move/feedback_json,std_msgs/msg/String,2026-08-18T20:41:43.980221-04:00,1787100103,980214867,1787100103980214867,161.536875,,,,1744,1743,1,0,0,1744,CartesianTarget,1,False,True,True,False,0.0,-90.0,90.000015,0.0,89.999985,0.0,445.0,0.0,809.999878,180.0,0.0,180.0,False,True,
632,/kuka/axis_move/feedback_json,std_msgs/msg/String,2026-08-18T20:41:44.088417-04:00,1787100104,88405537,1787100104088405537,108.19067,,,,1745,1744,1,0,0,1745,CartesianTarget,1,False,True,True,False,0.0,-90.0,90.000015,0.0,89.999985,0.0,445.0,0.0,809.999878,180.0,0.0,180.0,False,True,
633,/kuka/axis_move/feedback_json,std_msgs/msg/String,2026-08-18T20:41:44.202245-04:00,1787100104,202234780,1787100104202234780,113.829243,,,,1746,1745,1,0,0,1746,CartesianTarget,1,False,True,True,False,0.0,-90.0,90.000015,0.0,89.999985,0.0,445.0,0.0,809.999878,180.0,0.0,180.0,False,True,
634,/kuka/axis_move/feedback_json,std_msgs/msg/String,2026-08-18T20:41:44.310859-04:00,1787100104,310846920,1787100104310846920,108.61214,,,,1747,1746,1,0,0,1747,CartesianTarget,1,False,True,True,False,0.0,-90.0,90.000015,0.0,89.999985,0.0,445.0,0.0,809.999878,180.0,0.0,180.0,False,True,
635,/kuka/axis_move/feedback_json,std_msgs/msg/String,2026-08-18T20:41:44.421048-04:00,1787100104,421016844,1787100104421016844,110.169924,,,,1748,1747,1,0,0,1748,CartesianTarget,1,False,True,True,False,0.0,-90.0,90.000015,0.0,89.999985,0.0,445.0,0.0,809.999878,180.0,0.0,180.0,False,True,
636,/kuka/axis_move/feedback_json,std_msgs/msg/String,2026-08-18T20:41:44.585894-04:00,1787100104,585883156,1787100104585883156,164.866312,,,,1749,1748,1,0,0,1749,CartesianTarget,1,False,True,True,False,0.0,-90.0,90.000015,0.0,89.999985,0.0,445.0,0.0,809.999878,180.0,0.0,180.0,False,True,
637,/kuka/axis_move/feedback_json,std_msgs/msg/String,2026-08-18T20:41:44.694606-04:00,1787100104,694571657,1787100104694571657,108.688501,,,,1750,1749,1,0,0,1750,CartesianTarget,1,False,True,True,False,0.0,-90.0,90.000015,0.0,89.999985,0.0,445.0,0.0,809.999878,180.0,0.0,180.0,False,True,
638,/kuka/axis_move/feedback_json,std_msgs/msg/String,2026-08-18T20:41:44.803595-04:00,1787100104,803588742,1787100104803588742,109.017085,,,,1751,1750,1,0,0,1751,CartesianTarget,1,False,True,True,False,0.0,-90.0,90.000015,0.0,89.999985,0.0,445.0,0.0,809.999878,180.0,0.0,180.0,False,True,
639,/kuka/axis_move/feedback_json,std_msgs/msg/String,2026-08-18T20:41:44.918119-04:00,1787100104,918107940,1787100104918107940,114.519198,,,,1752,1751,1,0,0,1752,CartesianTarget,1,False,True,True,False,0.0,-90.0,90.000015,0.0,89.999985,0.0,445.0,0.0,809.999878,180.0,0.0,180.0,False,True,
640,/kuka/axis_move/feedback_json,std_msgs/msg/String,2026-08-18T20:41:45.032390-04:00,1787100105,32376597,1787100105032376597,114.268657,,,,1753,1752,1,0,0,1753,CartesianTarget,1,False,True,True,False,0.0,-90.0,90.000015,0.0,89.999985,0.0,445.0,0.0,809.999878,180.0,0.0,180.0,False,True,
641,/kuka/axis_move/feedback_json,std_msgs/msg/String,2026-08-18T20:41:45.194947-04:00,1787100105,194936098,1787100105194936098,162.559501,,,,1754,1753,1,0,0,1754,CartesianTarget,1,False,True,True,False,0.0,-90.0,90.000015,0.0,89.999985,0.0,445.0,0.0,809.999878,180.0,0.0,180.0,False,True,
642,/kuka/axis_move/feedback_json,std_msgs/msg/String,2026-08-18T20:41:45.314600-04:00,1787100105,314590151,1787100105314590151,119.654053,,,,1755,1754,1,0,0,1755,CartesianTarget,1,False,True,True,False,0.0,-90.0,90.000015,0.0,89.999985,0.0,445.0,0.0,809.999878,180.0,0.0,180.0,False,True,
643,/kuka/axis_move/feedback_json,std_msgs/msg/String,2026-08-18T20:41:45.427422-04:00,1787100105,427409684,1787100105427409684,112.819533,,,,1756,1755,1,0,0,1756,CartesianTarget,1,False,True,True,False,0.0,-90.0,90.000015,0.0,89.999985,0.0,445.0,0.0,809.999878,180.0,0.0,180.0,False,True,
644,/kuka/axis_move/feedback_json,std_msgs/msg/String,2026-08-18T20:41:45.541355-04:00,1787100105,541349003,1787100105541349003,113.939319,,,,1757,1756,1,0,0,1757,CartesianTarget,1,False,True,True,False,0.0,-90.0,90.000015,0.0,89.999985,0.0,445.0,0.0,809.999878,180.0,0.0,180.0,False,True,
645,/kuka/axis_move/feedback_json,std_msgs/msg/String,2026-08-18T20:41:45.704272-04:00,1787100105,704261104,1787100105704261104,162.912101,,,,1758,1757,1,0,0,1758,CartesianTarget,1,False,True,True,False,0.0,-90.0,90.000015,0.0,89.999985,0.0,445.0,0.0,809.999878,180.0,0.0,180.0,False,True,
646,/kuka/axis_move/feedback_json,std_msgs/msg/String,2026-08-18T20:41:45.815348-04:00,1787100105,815337419,1787100105815337419,111.076315,,,,1759,1758,1,0,0,1759,CartesianTarget,1,False,True,True,False,0.0,-90.0,90.000015,0.0,89.999985,0.0,445.0,0.0,809.999878,180.0,0.0,180.0,False,True,
647,/kuka/axis_move/feedback_json,std_msgs/msg/String,2026-08-18T20:41:45.924979-04:00,1787100105,924963485,1787100105924963485,109.626066,,,,1760,1759,1,0,0,1760,CartesianTarget,1,False,True,True,False,0.0,-90.0,90.000015,0.0,89.999985,0.0,445.0,0.0,809.999878,180.0,0.0,180.0,False,True,
648,/kuka/axis_move/feedback_json,std_msgs/msg/String,2026-08-18T20:41:46.036723-04:00,1787100106,36717870,1787100106036717870,111.754385,,,,1761,1760,1,0,0,1761,CartesianTarget,1,False,True,True,False,0.0,-90.0,90.000015,0.0,89.999985,0.0,445.0,0.0,809.999878,180.0,0.0,180.0,False,True,
649,/kuka/axis_move/feedback_json,std_msgs/msg/String,2026-08-18T20:41:46.145703-04:00,1787100106,145666852,1787100106145666852,108.948982,,,,1762,1761,1,0,0,1762,CartesianTarget,1,False,True,True,False,0.0,-90.0,90.000015,0.0,89.999985,0.0,445.0,0.0,809.999878,180.0,0.0,180.0,False,True,
650,/kuka/axis_move/feedback_json,std_msgs/msg/String,2026-08-18T20:41:46.312852-04:00,1787100106,312841136,1787100106312841136,167.174284,,,,1763,1762,1,0,0,1763,CartesianTarget,1,False,True,True,False,0.0,-90.0,90.000015,0.0,89.999985,0.0,445.0,0.0,809.999878,180.0,0.0,180.0,False,True,
651,/kuka/axis_move/feedback_json,std_msgs/msg/String,2026-08-18T20:41:46.423016-04:00,1787100106,423004406,1787100106423004406,110.16327,,,,1764,1763,1,0,0,1764,CartesianTarget,1,False,True,True,False,0.0,-90.0,90.000015,0.0,89.999985,0.0,445.0,0.0,809.999878,180.0,0.0,180.0,False,True,
652,/kuka/axis_move/feedback_json,std_msgs/msg/String,2026-08-18T20:41:46.532829-04:00,1787100106,532819534,1787100106532819534,109.815128,,,,1765,1764,1,0,0,1765,CartesianTarget,1,False,True,True,False,0.0,-90.0,90.000015,0.0,89.999985,0.0,445.0,0.0,809.999878,180.0,0.0,180.0,False,True,
653,/kuka/axis_move/feedback_json,std_msgs/msg/String,2026-08-18T20:41:46.640622-04:00,1787100106,640610699,1787100106640610699,107.791165,,,,1766,1765,1,0,0,1766,CartesianTarget,1,False,True,True,False,0.0,-90.0,90.000015,0.0,89.999985,0.0,445.0,0.0,809.999878,180.0,0.0,180.0,False,True,
654,/kuka/axis_move/feedback_json,std_msgs/msg/String,2026-08-18T20:41:46.752804-04:00,1787100106,752792935,1787100106752792935,112.182236,,,,1767,1766,1,0,0,1767,CartesianTarget,1,False,True,True,False,0.0,-90.0,90.000015,0.0,89.999985,0.0,445.0,0.0,809.999878,180.0,0.0,180.0,False,True,
655,/kuka/axis_move/feedback_json,std_msgs/msg/String,2026-08-18T20:41:46.912668-04:00,1787100106,912645552,1787100106912645552,159.852617,,,,1768,1767,1,0,0,1768,CartesianTarget,1,False,True,True,False,0.0,-90.0,90.000015,0.0,89.999985,0.0,445.0,0.0,809.999878,180.0,0.0,180.0,False,True,
656,/kuka/axis_move/feedback_json,std_msgs/msg/String,2026-08-18T20:41:47.024770-04:00,1787100107,24756483,1787100107024756483,112.110931,,,,1769,1768,1,0,0,1769,CartesianTarget,1,False,True,True,False,0.0,-90.0,90.000015,0.0,89.999985,0.0,445.0,0.0,809.999878,180.0,0.0,180.0,False,True,
657,/kuka/axis_move/feedback_json,std_msgs/msg/String,2026-08-18T20:41:47.136214-04:00,1787100107,136205474,1787100107136205474,111.448991,,,,1770,1769,1,0,0,1770,CartesianTarget,1,False,True,True,False,0.0,-90.0,90.000015,0.0,89.999985,0.0,445.0,0.0,809.999878,180.0,0.0,180.0,False,True,
658,/kuka/axis_move/feedback_json,std_msgs/msg/String,2026-08-18T20:41:47.251548-04:00,1787100107,251536483,1787100107251536483,115.331009,,,,1771,1770,1,0,0,1771,CartesianTarget,1,False,True,True,False,0.0,-90.0,90.000015,0.0,89.999985,0.0,445.0,0.0,809.999878,180.0,0.0,180.0,False,True,
659,/kuka/axis_move/feedback_json,std_msgs/msg/String,2026-08-18T20:41:47.361797-04:00,1787100107,361787105,1787100107361787105,110.250622,,,,1772,1771,1,0,0,1772,CartesianTarget,1,False,True,True,False,0.0,-90.0,90.000015,0.0,89.999985,0.0,445.0,0.0,809.999878,180.0,0.0,180.0,False,True,
660,/kuka/axis_move/feedback_json,std_msgs/msg/String,2026-08-18T20:41:47.525117-04:00,1787100107,525110849,1787100107525110849,163.323744,,,,1773,1772,1,0,0,1773,CartesianTarget,1,False,True,True,False,0.0,-90.0,90.000015,0.0,89.999985,0.0,445.0,0.0,809.999878,180.0,0.0,180.0,False,True,
661,/kuka/axis_move/feedback_json,std_msgs/msg/String,2026-08-18T20:41:47.640068-04:00,1787100107,640055822,1787100107640055822,114.944973,,,,1774,1773,1,0,0,1774,CartesianTarget,1,False,True,True,False,0.0,-90.0,90.000015,0.0,89.999985,0.0,445.0,0.0,809.999878,180.0,0.0,180.0,False,True,
662,/kuka/axis_move/feedback_json,std_msgs/msg/String,2026-08-18T20:41:47.757977-04:00,1787100107,757965578,1787100107757965578,117.909756,,,,1775,1774,1,0,0,1775,CartesianTarget,1,False,True,True,False,0.0,-90.0,90.000015,0.0,89.999985,0.0,445.0,0.0,809.999878,180.0,0.0,180.0,False,True,
663,/kuka/axis_move/feedback_json,std_msgs/msg/String,2026-08-18T20:41:47.873097-04:00,1787100107,873091059,1787100107873091059,115.125481,,,,1776,1775,1,0,0,1776,CartesianTarget,1,False,True,True,False,0.0,-90.0,90.000015,0.0,89.999985,0.0,445.0,0.0,809.999878,180.0,0.0,180.0,False,True,
664,/kuka/axis_move/feedback_json,std_msgs/msg/String,2026-08-18T20:41:48.030568-04:00,1787100108,30557816,1787100108030557816,157.466757,,,,1777,1776,1,0,0,1777,CartesianTarget,1,False,True,True,False,0.0,-90.0,90.000015,0.0,89.999985,0.0,445.0,0.0,809.999878,180.0,0.0,180.0,False,True,
665,/kuka/axis_move/feedback_json,std_msgs/msg/String,2026-08-18T20:41:48.139731-04:00,1787100108,139718889,1787100108139718889,109.161073,,,,1778,1777,1,0,0,1778,CartesianTarget,1,False,True,True,False,0.0,-90.0,90.000015,0.0,89.999985,0.0,445.0,0.0,809.999878,180.0,0.0,180.0,False,True,
666,/kuka/axis_move/feedback_json,std_msgs/msg/String,2026-08-18T20:41:48.253680-04:00,1787100108,253675002,1787100108253675002,113.956113,,,,1779,1778,1,0,0,1779,CartesianTarget,1,False,True,True,False,0.0,-90.0,90.000015,0.0,89.999985,0.0,445.0,0.0,809.999878,180.0,0.0,180.0,False,True,
667,/kuka/axis_move/feedback_json,std_msgs/msg/String,2026-08-18T20:41:48.363425-04:00,1787100108,363392497,1787100108363392497,109.717495,,,,1780,1779,1,0,0,1780,CartesianTarget,1,False,True,True,False,0.0,-90.0,90.000015,0.0,89.999985,0.0,445.0,0.0,809.999878,180.0,0.0,180.0,False,True,
668,/kuka/axis_move/feedback_json,std_msgs/msg/String,2026-08-18T20:41:48.473357-04:00,1787100108,473350507,1787100108473350507,109.95801,,,,1781,1780,1,0,0,1781,CartesianTarget,1,False,True,True,False,0.0,-90.0,90.000015,0.0,89.999985,0.0,445.0,0.0,809.999878,180.0,0.0,180.0,False,True,
669,/kuka/axis_move/feedback_json,std_msgs/msg/String,2026-08-18T20:41:48.637950-04:00,1787100108,637941046,1787100108637941046,164.590539,,,,1782,1781,1,0,0,1782,CartesianTarget,1,False,True,True,False,0.0,-90.0,90.000015,0.0,89.999985,0.0,445.0,0.0,809.999878,180.0,0.0,180.0,False,True,
670,/kuka/axis_move/feedback_json,std_msgs/msg/String,2026-08-18T20:41:48.747278-04:00,1787100108,747270435,1787100108747270435,109.329389,,,,1783,1782,1,0,0,1783,CartesianTarget,1,False,True,True,False,0.0,-90.0,90.000015,0.0,89.999985,0.0,445.0,0.0,809.999878,180.0,0.0,180.0,False,True,
671,/kuka/axis_move/feedback_json,std_msgs/msg/String,2026-08-18T20:41:48.861965-04:00,1787100108,861958912,1787100108861958912,114.688477,,,,1784,1783,1,0,0,1784,CartesianTarget,1,False,True,True,False,0.0,-90.0,90.000015,0.0,89.999985,0.0,445.0,0.0,809.999878,180.0,0.0,180.0,False,True,
672,/kuka/axis_move/feedback_json,std_msgs/msg/String,2026-08-18T20:41:48.968751-04:00,1787100108,968740235,1787100108968740235,106.781323,,,,1785,1784,1,0,0,1785,CartesianTarget,1,False,True,True,False,0.0,-90.0,90.000015,0.0,89.999985,0.0,445.0,0.0,809.999878,180.0,0.0,180.0,False,True,
673,/kuka/axis_move/feedback_json,std_msgs/msg/String,2026-08-18T20:41:49.085389-04:00,1787100109,85382108,1787100109085382108,116.641873,,,,1786,1785,1,0,0,1786,CartesianTarget,1,False,True,True,False,0.0,-90.0,90.000015,0.0,89.999985,0.0,445.0,0.0,809.999878,180.0,0.0,180.0,False,True,
674,/kuka/axis_move/feedback_json,std_msgs/msg/String,2026-08-18T20:41:49.246692-04:00,1787100109,246686940,1787100109246686940,161.304832,,,,1787,1786,1,0,0,1787,CartesianTarget,1,False,True,True,False,0.0,-90.0,90.000015,0.0,89.999985,0.0,445.0,0.0,809.999878,180.0,0.0,180.0,False,True,
675,/kuka/axis_move/feedback_json,std_msgs/msg/String,2026-08-18T20:41:49.358378-04:00,1787100109,358369251,1787100109358369251,111.682311,,,,1788,1787,1,0,0,1788,CartesianTarget,1,False,True,True,False,0.0,-90.0,90.000015,0.0,89.999985,0.0,445.0,0.0,809.999878,180.0,0.0,180.0,False,True,
676,/kuka/axis_move/feedback_json,std_msgs/msg/String,2026-08-18T20:41:49.473657-04:00,1787100109,473646891,1787100109473646891,115.27764,,,,1789,1788,1,0,0,1789,CartesianTarget,1,False,True,True,False,0.0,-90.0,90.000015,0.0,89.999985,0.0,445.0,0.0,809.999878,180.0,0.0,180.0,False,True,
677,/kuka/axis_move/feedback_json,std_msgs/msg/String,2026-08-18T20:41:49.579902-04:00,1787100109,579892520,1787100109579892520,106.245629,,,,1790,1789,1,0,0,1790,CartesianTarget,1,False,True,True,False,0.0,-90.0,90.000015,0.0,89.999985,0.0,445.0,0.0,809.999878,180.0,0.0,180.0,False,True,
678,/kuka/axis_move/feedback_json,std_msgs/msg/String,2026-08-18T20:41:49.693298-04:00,1787100109,693277990,1787100109693277990,113.38547,,,,1791,1790,1,0,0,1791,CartesianTarget,1,False,True,True,False,0.0,-90.0,90.000015,0.0,89.999985,0.0,445.0,0.0,809.999878,180.0,0.0,180.0,False,True,
679,/kuka/axis_move/feedback_json,std_msgs/msg/String,2026-08-18T20:41:49.852172-04:00,1787100109,852147928,1787100109852147928,158.869938,,,,1792,1791,1,0,0,1792,CartesianTarget,1,False,True,True,False,0.0,-90.0,90.000015,0.0,89.999985,0.0,445.0,0.0,809.999878,180.0,0.0,180.0,False,True,
680,/kuka/axis_move/feedback_json,std_msgs/msg/String,2026-08-18T20:41:49.962360-04:00,1787100109,962345212,1787100109962345212,110.197284,,,,1793,1792,1,0,0,1793,CartesianTarget,1,False,True,True,False,0.0,-90.0,90.000015,0.0,89.999985,0.0,445.0,0.0,809.999878,180.0,0.0,180.0,False,True,
681,/kuka/axis_move/feedback_json,std_msgs/msg/String,2026-08-18T20:41:50.073804-04:00,1787100110,73798547,1787100110073798547,111.453335,,,,1794,1793,1,0,0,1794,CartesianTarget,1,False,True,True,False,0.0,-90.0,90.000015,0.0,89.999985,0.0,445.0,0.0,809.999878,180.0,0.0,180.0,False,True,
682,/kuka/axis_move/feedback_json,std_msgs/msg/String,2026-08-18T20:41:50.188766-04:00,1787100110,188755119,1787100110188755119,114.956572,,,,1795,1794,1,0,0,1795,CartesianTarget,1,False,True,True,False,0.0,-90.0,90.000015,0.0,89.999985,0.0,445.0,0.0,809.999878,180.0,0.0,180.0,False,True,
683,/kuka/axis_move/feedback_json,std_msgs/msg/String,2026-08-18T20:41:50.296682-04:00,1787100110,296671993,1787100110296671993,107.916874,,,,1796,1795,1,0,0,1796,CartesianTarget,1,False,True,True,False,0.0,-90.0,90.000015,0.0,89.999985,0.0,445.0,0.0,809.999878,180.0,0.0,180.0,False,True,
684,/kuka/axis_move/feedback_json,std_msgs/msg/String,2026-08-18T20:41:50.461473-04:00,1787100110,461466871,1787100110461466871,164.794878,,,,1797,1796,1,0,0,1797,CartesianTarget,1,False,True,True,False,0.0,-90.0,90.000015,0.0,89.999985,0.0,445.0,0.0,809.999878,180.0,0.0,180.0,False,True,
685,/kuka/axis_move/feedback_json,std_msgs/msg/String,2026-08-18T20:41:50.569684-04:00,1787100110,569666777,1787100110569666777,108.199906,,,,1798,1797,1,0,0,1798,CartesianTarget,1,False,True,True,False,0.0,-90.0,90.000015,0.0,89.999985,0.0,445.0,0.0,809.999878,180.0,0.0,180.0,False,True,
686,/kuka/axis_move/feedback_json,std_msgs/msg/String,2026-08-18T20:41:50.680170-04:00,1787100110,680163187,1787100110680163187,110.49641,,,,1799,1798,1,0,0,1799,CartesianTarget,1,False,True,True,False,0.0,-90.0,90.000015,0.0,89.999985,0.0,445.0,0.0,809.999878,180.0,0.0,180.0,False,True,
687,/kuka/axis_move/feedback_json,std_msgs/msg/String,2026-08-18T20:41:50.791075-04:00,1787100110,791069909,1787100110791069909,110.906722,,,,1800,1799,1,0,0,1800,CartesianTarget,1,False,True,True,False,0.0,-90.0,90.000015,0.0,89.999985,0.0,445.0,0.0,809.999878,180.0,0.0,180.0,False,True,
688,/kuka/axis_move/feedback_json,std_msgs/msg/String,2026-08-18T20:41:50.905184-04:00,1787100110,905159319,1787100110905159319,114.08941,,,,1801,1800,1,0,0,1801,CartesianTarget,1,False,True,True,False,0.0,-90.0,90.000015,0.0,89.999985,0.0,445.0,0.0,809.999878,180.0,0.0,180.0,False,True,
689,/kuka/axis_move/feedback_json,std_msgs/msg/String,2026-08-18T20:41:51.064909-04:00,1787100111,64901058,1787100111064901058,159.741739,,,,1802,1801,1,0,0,1802,CartesianTarget,1,False,True,True,False,0.0,-90.0,90.000015,0.0,89.999985,0.0,445.0,0.0,809.999878,180.0,0.0,180.0,False,True,
690,/kuka/axis_move/feedback_json,std_msgs/msg/String,2026-08-18T20:41:51.174478-04:00,1787100111,174466397,1787100111174466397,109.565339,,,,1803,1802,1,0,0,1803,CartesianTarget,1,False,True,True,False,0.0,-90.0,90.000015,0.0,89.999985,0.0,445.0,0.0,809.999878,180.0,0.0,180.0,False,True,
691,/kuka/axis_move/feedback_json,std_msgs/msg/String,2026-08-18T20:41:51.284621-04:00,1787100111,284606589,1787100111284606589,110.140192,,,,1804,1803,1,0,0,1804,CartesianTarget,1,False,True,True,False,0.0,-90.0,90.000015,0.0,89.999985,0.0,445.0,0.0,809.999878,180.0,0.0,180.0,False,True,
692,/kuka/axis_move/feedback_json,std_msgs/msg/String,2026-08-18T20:41:51.393197-04:00,1787100111,393187549,1787100111393187549,108.58096,,,,1805,1804,1,0,0,1805,CartesianTarget,1,False,True,True,False,0.0,-90.0,90.000015,0.0,89.999985,0.0,445.0,0.0,809.999878,180.0,0.0,180.0,False,True,
693,/kuka/axis_move/feedback_json,std_msgs/msg/String,2026-08-18T20:41:51.504943-04:00,1787100111,504926256,1787100111504926256,111.738707,,,,1806,1805,1,0,0,1806,CartesianTarget,1,False,True,True,False,0.0,-90.0,90.000015,0.0,89.999985,0.0,445.0,0.0,809.999878,180.0,0.0,180.0,False,True,
694,/kuka/axis_move/feedback_json,std_msgs/msg/String,2026-08-18T20:41:51.662608-04:00,1787100111,662602370,1787100111662602370,157.676114,,,,1807,1806,1,0,0,1807,CartesianTarget,1,False,True,True,False,0.0,-90.0,90.000015,0.0,89.999985,0.0,445.0,0.0,809.999878,180.0,0.0,180.0,False,True,
695,/kuka/axis_move/feedback_json,std_msgs/msg/String,2026-08-18T20:41:51.773032-04:00,1787100111,773021162,1787100111773021162,110.418792,,,,1808,1807,1,0,0,1808,CartesianTarget,1,False,True,True,False,0.0,-90.0,90.000015,0.0,89.999985,0.0,445.0,0.0,809.999878,180.0,0.0,180.0,False,True,
696,/kuka/axis_move/feedback_json,std_msgs/msg/String,2026-08-18T20:41:51.884752-04:00,1787100111,884733928,1787100111884733928,111.712766,,,,1809,1808,1,0,0,1809,CartesianTarget,1,False,True,True,False,0.0,-90.0,90.000015,0.0,89.999985,0.0,445.0,0.0,809.999878,180.0,0.0,180.0,False,True,
697,/kuka/axis_move/feedback_json,std_msgs/msg/String,2026-08-18T20:41:51.998140-04:00,1787100111,998134322,1787100111998134322,113.400394,,,,1810,1809,1,0,0,1810,CartesianTarget,1,False,True,True,False,0.0,-90.0,90.000015,0.0,89.999985,0.0,445.0,0.0,809.999878,180.0,0.0,180.0,False,True,
698,/kuka/axis_move/feedback_json,std_msgs/msg/String,2026-08-18T20:41:52.107925-04:00,1787100112,107913998,1787100112107913998,109.779676,,,,1811,1810,1,0,0,1811,CartesianTarget,1,False,True,True,False,0.0,-90.0,90.000015,0.0,89.999985,0.0,445.0,0.0,809.999878,180.0,0.0,180.0,False,True,
699,/kuka/axis_move/feedback_json,std_msgs/msg/String,2026-08-18T20:41:52.265856-04:00,1787100112,265842885,1787100112265842885,157.928887,,,,1812,1811,1,0,0,1812,CartesianTarget,1,False,True,True,False,0.0,-90.0,90.000015,0.0,89.999985,0.0,445.0,0.0,809.999878,180.0,0.0,180.0,False,True,
700,/kuka/axis_move/feedback_json,std_msgs/msg/String,2026-08-18T20:41:52.375441-04:00,1787100112,375429666,1787100112375429666,109.586781,,,,1813,1812,1,0,0,1813,CartesianTarget,1,False,True,True,False,0.0,-90.0,90.000015,0.0,89.999985,0.0,445.0,0.0,809.999878,180.0,0.0,180.0,False,True,
701,/kuka/axis_move/feedback_json,std_msgs/msg/String,2026-08-18T20:41:52.487001-04:00,1787100112,486994624,1787100112486994624,111.564958,,,,1814,1813,1,0,0,1814,CartesianTarget,1,False,True,True,False,0.0,-90.0,90.000015,0.0,89.999985,0.0,445.0,0.0,809.999878,180.0,0.0,180.0,False,True,
702,/kuka/axis_move/feedback_json,std_msgs/msg/String,2026-08-18T20:41:52.599541-04:00,1787100112,599528354,1787100112599528354,112.53373,,,,1815,1814,1,0,0,1815,CartesianTarget,1,False,True,True,False,0.0,-90.0,90.000015,0.0,89.999985,0.0,445.0,0.0,809.999878,180.0,0.0,180.0,False,True,
703,/kuka/axis_move/feedback_json,std_msgs/msg/String,2026-08-18T20:41:52.711123-04:00,1787100112,711112639,1787100112711112639,111.584285,,,,1816,1815,1,0,0,1816,CartesianTarget,1,False,True,True,False,0.0,-90.0,90.000015,0.0,89.999985,0.0,445.0,0.0,809.999878,180.0,0.0,180.0,False,True,
704,/kuka/axis_move/feedback_json,std_msgs/msg/String,2026-08-18T20:41:52.872440-04:00,1787100112,872432164,1787100112872432164,161.319525,,,,1817,1816,1,0,0,1817,CartesianTarget,1,False,True,True,False,0.0,-90.0,90.000015,0.0,89.999985,0.0,445.0,0.0,809.999878,180.0,0.0,180.0,False,True,
705,/kuka/axis_move/feedback_json,std_msgs/msg/String,2026-08-18T20:41:52.980829-04:00,1787100112,980817555,1787100112980817555,108.385391,,,,1818,1817,1,0,0,1818,CartesianTarget,1,False,True,True,False,0.0,-90.0,90.000015,0.0,89.999985,0.0,445.0,0.0,809.999878,180.0,0.0,180.0,False,True,
706,/kuka/axis_move/feedback_json,std_msgs/msg/String,2026-08-18T20:41:53.092021-04:00,1787100113,92015147,1787100113092015147,111.197592,,,,1819,1818,1,0,0,1819,CartesianTarget,1,False,True,True,False,0.0,-90.0,90.000015,0.0,89.999985,0.0,445.0,0.0,809.999878,180.0,0.0,180.0,False,True,
707,/kuka/axis_move/feedback_json,std_msgs/msg/String,2026-08-18T20:41:53.203007-04:00,1787100113,202995804,1787100113202995804,110.980657,,,,1820,1819,1,0,0,1820,CartesianTarget,1,False,True,True,False,0.0,-90.0,90.000015,0.0,89.999985,0.0,445.0,0.0,809.999878,180.0,0.0,180.0,False,True,
708,/kuka/axis_move/feedback_json,std_msgs/msg/String,2026-08-18T20:41:53.318624-04:00,1787100113,318613701,1787100113318613701,115.617897,,,,1821,1820,1,0,0,1821,CartesianTarget,1,False,True,True,False,0.0,-90.0,90.000015,0.0,89.999985,0.0,445.0,0.0,809.999878,180.0,0.0,180.0,False,True,
709,/kuka/axis_move/feedback_json,std_msgs/msg/String,2026-08-18T20:41:53.481871-04:00,1787100113,481860683,1787100113481860683,163.246982,,,,1822,1821,1,0,0,1822,CartesianTarget,1,False,True,True,False,0.0,-90.0,90.000015,0.0,89.999985,0.0,445.0,0.0,809.999878,180.0,0.0,180.0,False,True,
710,/kuka/axis_move/feedback_json,std_msgs/msg/String,2026-08-18T20:41:53.590461-04:00,1787100113,590450310,1787100113590450310,108.589627,,,,1823,1822,1,0,0,1823,CartesianTarget,1,False,True,True,False,0.0,-90.0,90.000015,0.0,89.999985,0.0,445.0,0.0,809.999878,180.0,0.0,180.0,False,True,
711,/kuka/axis_move/feedback_json,std_msgs/msg/String,2026-08-18T20:41:53.699332-04:00,1787100113,699321436,1787100113699321436,108.871126,,,,1824,1823,1,0,0,1824,CartesianTarget,1,False,True,True,False,0.0,-90.0,90.000015,0.0,89.999985,0.0,445.0,0.0,809.999878,180.0,0.0,180.0,False,True,
712,/kuka/axis_move/feedback_json,std_msgs/msg/String,2026-08-18T20:41:53.813225-04:00,1787100113,813204548,1787100113813204548,113.883112,,,,1825,1824,1,0,0,1825,CartesianTarget,1,False,True,True,False,0.0,-90.0,90.000015,0.0,89.999985,0.0,445.0,0.0,809.999878,180.0,0.0,180.0,False,True,
713,/kuka/axis_move/feedback_json,std_msgs/msg/String,2026-08-18T20:41:53.925343-04:00,1787100113,925332817,1787100113925332817,112.128269,,,,1826,1825,1,0,0,1826,CartesianTarget,1,False,True,True,False,0.0,-90.0,90.000015,0.0,89.999985,0.0,445.0,0.0,809.999878,180.0,0.0,180.0,False,True,
714,/kuka/axis_move/feedback_json,std_msgs/msg/String,2026-08-18T20:41:54.093208-04:00,1787100114,93197650,1787100114093197650,167.864833,,,,1827,1826,1,0,0,1827,CartesianTarget,1,False,True,True,False,0.0,-90.0,90.000015,0.0,89.999985,0.0,445.0,0.0,809.999878,180.0,0.0,180.0,False,True,
715,/kuka/axis_move/feedback_json,std_msgs/msg/String,2026-08-18T20:41:54.205483-04:00,1787100114,205476644,1787100114205476644,112.278994,,,,1828,1827,1,0,0,1828,CartesianTarget,1,False,True,True,False,0.0,-90.0,90.000015,0.0,89.999985,0.0,445.0,0.0,809.999878,180.0,0.0,180.0,False,True,
716,/kuka/axis_move/feedback_json,std_msgs/msg/String,2026-08-18T20:41:54.321340-04:00,1787100114,321334746,1787100114321334746,115.858102,,,,1829,1828,1,0,0,1829,CartesianTarget,1,False,True,True,False,0.0,-90.0,90.000015,0.0,89.999985,0.0,445.0,0.0,809.999878,180.0,0.0,180.0,False,True,
717,/kuka/axis_move/feedback_json,std_msgs/msg/String,2026-08-18T20:41:54.433396-04:00,1787100114,433383517,1787100114433383517,112.048771,,,,1830,1829,1,0,0,1830,CartesianTarget,1,False,True,True,False,0.0,-90.0,90.000015,0.0,89.999985,0.0,445.0,0.0,809.999878,180.0,0.0,180.0,False,True,
718,/kuka/axis_move/feedback_json,std_msgs/msg/String,2026-08-18T20:41:54.597315-04:00,1787100114,597305107,1787100114597305107,163.92159,,,,1831,1830,1,0,0,1831,CartesianTarget,1,False,True,True,False,0.0,-90.0,90.000015,0.0,89.999985,0.0,445.0,0.0,809.999878,180.0,0.0,180.0,False,True,
719,/kuka/axis_move/feedback_json,std_msgs/msg/String,2026-08-18T20:41:54.707531-04:00,1787100114,707524852,1787100114707524852,110.219745,,,,1832,1831,1,0,0,1832,CartesianTarget,1,False,True,True,False,0.0,-90.0,90.000015,0.0,89.999985,0.0,445.0,0.0,809.999878,180.0,0.0,180.0,False,True,
720,/kuka/axis_move/feedback_json,std_msgs/msg/String,2026-08-18T20:41:54.820988-04:00,1787100114,820978578,1787100114820978578,113.453726,,,,1833,1832,1,0,0,1833,CartesianTarget,1,False,True,True,False,0.0,-90.0,90.000015,0.0,89.999985,0.0,445.0,0.0,809.999878,180.0,0.0,180.0,False,True,
721,/kuka/axis_move/feedback_json,std_msgs/msg/String,2026-08-18T20:41:54.930374-04:00,1787100114,930367568,1787100114930367568,109.38899,,,,1834,1833,1,0,0,1834,CartesianTarget,1,False,True,True,False,0.0,-90.0,90.000015,0.0,89.999985,0.0,445.0,0.0,809.999878,180.0,0.0,180.0,False,True,
722,/kuka/axis_move/feedback_json,std_msgs/msg/String,2026-08-18T20:41:55.037457-04:00,1787100115,37433107,1787100115037433107,107.065539,,,,1835,1834,1,0,0,1835,CartesianTarget,1,False,True,True,False,0.0,-90.0,90.000015,0.0,89.999985,0.0,445.0,0.0,809.999878,180.0,0.0,180.0,False,True,
723,/kuka/axis_move/feedback_json,std_msgs/msg/String,2026-08-18T20:41:55.197661-04:00,1787100115,197655669,1787100115197655669,160.222562,,,,1836,1835,1,0,0,1836,CartesianTarget,1,False,True,True,False,0.0,-90.0,90.000015,0.0,89.999985,0.0,445.0,0.0,809.999878,180.0,0.0,180.0,False,True,
724,/kuka/axis_move/feedback_json,std_msgs/msg/String,2026-08-18T20:41:55.304459-04:00,1787100115,304453394,1787100115304453394,106.797725,,,,1837,1836,1,0,0,1837,CartesianTarget,1,False,True,True,False,0.0,-90.0,90.000015,0.0,89.999985,0.0,445.0,0.0,809.999878,180.0,0.0,180.0,False,True,
725,/kuka/axis_move/feedback_json,std_msgs/msg/String,2026-08-18T20:41:55.413737-04:00,1787100115,413730727,1787100115413730727,109.277333,,,,1838,1837,1,0,0,1838,CartesianTarget,1,False,True,True,False,0.0,-90.0,90.000015,0.0,89.999985,0.0,445.0,0.0,809.999878,180.0,0.0,180.0,False,True,
726,/kuka/axis_move/feedback_json,std_msgs/msg/String,2026-08-18T20:41:55.521370-04:00,1787100115,521364977,1787100115521364977,107.63425,,,,1839,1838,1,0,0,1839,CartesianTarget,1,False,True,True,False,0.0,-90.0,90.000015,0.0,89.999985,0.0,445.0,0.0,809.999878,180.0,0.0,180.0,False,True,
727,/kuka/axis_move/feedback_json,std_msgs/msg/String,2026-08-18T20:41:55.630573-04:00,1787100115,630566808,1787100115630566808,109.201831,,,,1840,1839,1,0,0,1840,CartesianTarget,1,False,True,True,False,0.0,-90.0,90.000015,0.0,89.999985,0.0,445.0,0.0,809.999878,180.0,0.0,180.0,False,True,
728,/kuka/axis_move/feedback_json,std_msgs/msg/String,2026-08-18T20:41:55.792356-04:00,1787100115,792345119,1787100115792345119,161.778311,,,,1841,1840,1,0,0,1841,CartesianTarget,1,False,True,True,False,0.0,-90.0,90.000015,0.0,89.999985,0.0,445.0,0.0,809.999878,180.0,0.0,180.0,False,True,
729,/kuka/axis_move/feedback_json,std_msgs/msg/String,2026-08-18T20:41:55.904221-04:00,1787100115,904210172,1787100115904210172,111.865053,,,,1842,1841,1,0,0,1842,CartesianTarget,1,False,True,True,False,0.0,-90.0,90.000015,0.0,89.999985,0.0,445.0,0.0,809.999878,180.0,0.0,180.0,False,True,
730,/kuka/axis_move/feedback_json,std_msgs/msg/String,2026-08-18T20:41:56.013662-04:00,1787100116,13649998,1787100116013649998,109.439826,,,,1843,1842,1,0,0,1843,CartesianTarget,1,False,True,True,False,0.0,-90.0,90.000015,0.0,89.999985,0.0,445.0,0.0,809.999878,180.0,0.0,180.0,False,True,
731,/kuka/axis_move/feedback_json,std_msgs/msg/String,2026-08-18T20:41:56.123257-04:00,1787100116,123247983,1787100116123247983,109.597985,,,,1844,1843,1,0,0,1844,CartesianTarget,1,False,True,True,False,0.0,-90.0,90.000015,0.0,89.999985,0.0,445.0,0.0,809.999878,180.0,0.0,180.0,False,True,
732,/kuka/axis_move/feedback_json,std_msgs/msg/String,2026-08-18T20:41:56.231909-04:00,1787100116,231892975,1787100116231892975,108.644992,,,,1845,1844,1,0,0,1845,CartesianTarget,1,False,True,True,False,0.0,-90.0,90.000015,0.0,89.999985,0.0,445.0,0.0,809.999878,180.0,0.0,180.0,False,True,
733,/kuka/axis_move/feedback_json,std_msgs/msg/String,2026-08-18T20:41:56.391801-04:00,1787100116,391783766,1787100116391783766,159.890791,,,,1846,1845,1,0,0,1846,CartesianTarget,1,False,True,True,False,0.0,-90.0,90.000015,0.0,89.999985,0.0,445.0,0.0,809.999878,180.0,0.0,180.0,False,True,
734,/kuka/axis_move/feedback_json,std_msgs/msg/String,2026-08-18T20:41:56.503841-04:00,1787100116,503822938,1787100116503822938,112.039172,,,,1847,1846,1,0,0,1847,CartesianTarget,1,False,True,True,False,0.0,-90.0,90.000015,0.0,89.999985,0.0,445.0,0.0,809.999878,180.0,0.0,180.0,False,True,
735,/kuka/axis_move/feedback_json,std_msgs/msg/String,2026-08-18T20:41:56.612469-04:00,1787100116,612463425,1787100116612463425,108.640487,,,,1848,1847,1,0,0,1848,CartesianTarget,1,False,True,True,False,0.0,-90.0,90.000015,0.0,89.999985,0.0,445.0,0.0,809.999878,180.0,0.0,180.0,False,True,
736,/kuka/axis_move/feedback_json,std_msgs/msg/String,2026-08-18T20:41:56.719808-04:00,1787100116,719789969,1787100116719789969,107.326544,,,,1849,1848,1,0,0,1849,CartesianTarget,1,False,True,True,False,0.0,-90.0,90.000015,0.0,89.999985,0.0,445.0,0.0,809.999878,180.0,0.0,180.0,False,True,
737,/kuka/axis_move/feedback_json,std_msgs/msg/String,2026-08-18T20:41:56.829385-04:00,1787100116,829363899,1787100116829363899,109.57393,,,,1850,1849,1,0,0,1850,CartesianTarget,1,False,True,True,False,0.0,-90.0,90.000015,0.0,89.999985,0.0,445.0,0.0,809.999878,180.0,0.0,180.0,False,True,
738,/kuka/axis_move/feedback_json,std_msgs/msg/String,2026-08-18T20:41:56.985079-04:00,1787100116,985068115,1787100116985068115,155.704216,,,,1851,1850,1,0,0,1851,CartesianTarget,1,False,True,True,False,0.0,-90.0,90.000015,0.0,89.999985,0.0,445.0,0.0,809.999878,180.0,0.0,180.0,False,True,
739,/kuka/axis_move/feedback_json,std_msgs/msg/String,2026-08-18T20:41:57.095103-04:00,1787100117,95087172,1787100117095087172,110.019057,,,,1852,1851,1,0,0,1852,CartesianTarget,1,False,True,True,False,0.0,-90.0,90.000015,0.0,89.999985,0.0,445.0,0.0,809.999878,180.0,0.0,180.0,False,True,
740,/kuka/axis_move/feedback_json,std_msgs/msg/String,2026-08-18T20:41:57.199187-04:00,1787100117,199176449,1787100117199176449,104.089277,,,,1853,1852,1,0,0,1853,CartesianTarget,1,False,True,True,False,0.0,-90.0,90.000015,0.0,89.999985,0.0,445.0,0.0,809.999878,180.0,0.0,180.0,False,True,
741,/kuka/axis_move/feedback_json,std_msgs/msg/String,2026-08-18T20:41:57.310290-04:00,1787100117,310284570,1787100117310284570,111.108121,,,,1854,1853,1,0,0,1854,CartesianTarget,1,False,True,True,False,0.0,-90.0,90.000015,0.0,89.999985,0.0,445.0,0.0,809.999878,180.0,0.0,180.0,False,True,
742,/kuka/axis_move/feedback_json,std_msgs/msg/String,2026-08-18T20:41:57.417781-04:00,1787100117,417769565,1787100117417769565,107.484995,,,,1855,1854,1,0,0,1855,CartesianTarget,1,False,True,True,False,0.0,-90.0,90.000015,0.0,89.999985,0.0,445.0,0.0,809.999878,180.0,0.0,180.0,False,True,
743,/kuka/axis_move/feedback_json,std_msgs/msg/String,2026-08-18T20:41:57.578455-04:00,1787100117,578427426,1787100117578427426,160.657861,,,,1856,1855,1,0,0,1856,CartesianTarget,1,False,True,True,False,0.0,-90.0,90.000015,0.0,89.999985,0.0,445.0,0.0,809.999878,180.0,0.0,180.0,False,True,
744,/kuka/axis_move/feedback_json,std_msgs/msg/String,2026-08-18T20:41:57.672114-04:00,1787100117,672098249,1787100117672098249,93.670823,,,,1857,1856,1,0,0,1857,CartesianTarget,1,False,True,True,False,0.0,-90.0,90.000015,0.0,89.999985,0.0,445.0,0.0,809.999878,180.0,0.0,180.0,False,True,
745,/kuka/axis_move/feedback_json,std_msgs/msg/String,2026-08-18T20:41:57.775370-04:00,1787100117,775361338,1787100117775361338,103.263089,,,,1858,1857,1,0,0,1858,CartesianTarget,1,False,True,True,False,0.0,-90.0,90.000015,0.0,89.999985,0.0,445.0,0.0,809.999878,180.0,0.0,180.0,False,True,
746,/kuka/axis_move/feedback_json,std_msgs/msg/String,2026-08-18T20:41:57.884467-04:00,1787100117,884420032,1787100117884420032,109.058694,,,,1859,1858,1,0,0,1859,CartesianTarget,1,False,True,True,False,0.0,-90.0,90.000015,0.0,89.999985,0.0,445.0,0.0,809.999878,180.0,0.0,180.0,False,True,
747,/kuka/axis_move/feedback_json,std_msgs/msg/String,2026-08-18T20:41:57.992217-04:00,1787100117,992205559,1787100117992205559,107.785527,,,,1860,1859,1,0,0,1860,CartesianTarget,1,False,True,True,False,0.0,-90.0,90.000015,0.0,89.999985,0.0,445.0,0.0,809.999878,180.0,0.0,180.0,False,True,
748,/kuka/axis_move/feedback_json,std_msgs/msg/String,2026-08-18T20:41:58.150045-04:00,1787100118,150034128,1787100118150034128,157.828569,,,,1861,1860,1,0,0,1861,CartesianTarget,1,False,True,True,False,0.0,-90.0,90.000015,0.0,89.999985,0.0,445.0,0.0,809.999878,180.0,0.0,180.0,False,True,
749,/kuka/axis_move/feedback_json,std_msgs/msg/String,2026-08-18T20:41:58.256082-04:00,1787100118,256071031,1787100118256071031,106.036903,,,,1862,1861,1,0,0,1862,CartesianTarget,1,False,True,True,False,0.0,-90.0,90.000015,0.0,89.999985,0.0,445.0,0.0,809.999878,180.0,0.0,180.0,False,True,
750,/kuka/axis_move/feedback_json,std_msgs/msg/String,2026-08-18T20:41:58.366248-04:00,1787100118,366241420,1787100118366241420,110.170389,,,,1863,1862,1,0,0,1863,CartesianTarget,1,False,True,True,False,0.0,-90.0,90.000015,0.0,89.999985,0.0,445.0,0.0,809.999878,180.0,0.0,180.0,False,True,
751,/kuka/axis_move/feedback_json,std_msgs/msg/String,2026-08-18T20:41:58.472077-04:00,1787100118,472065905,1787100118472065905,105.824485,,,,1864,1863,1,0,0,1864,CartesianTarget,1,False,True,True,False,0.0,-90.0,90.000015,0.0,89.999985,0.0,445.0,0.0,809.999878,180.0,0.0,180.0,False,True,
752,/kuka/axis_move/feedback_json,std_msgs/msg/String,2026-08-18T20:41:58.581866-04:00,1787100118,581839868,1787100118581839868,109.773963,,,,1865,1864,1,0,0,1865,CartesianTarget,1,False,True,True,False,0.0,-90.0,90.000015,0.0,89.999985,0.0,445.0,0.0,809.999878,180.0,0.0,180.0,False,True,
753,/kuka/axis_move/feedback_json,std_msgs/msg/String,2026-08-18T20:41:58.741487-04:00,1787100118,741478647,1787100118741478647,159.638779,,,,1866,1865,1,0,0,1866,CartesianTarget,1,False,True,True,False,0.0,-90.0,90.000015,0.0,89.999985,0.0,445.0,0.0,809.999878,180.0,0.0,180.0,False,True,
754,/kuka/axis_move/feedback_json,std_msgs/msg/String,2026-08-18T20:41:58.855704-04:00,1787100118,855693021,1787100118855693021,114.214374,,,,1867,1866,1,0,0,1867,CartesianTarget,1,False,True,True,False,0.0,-90.0,90.000015,0.0,89.999985,0.0,445.0,0.0,809.999878,180.0,0.0,180.0,False,True,
755,/kuka/axis_move/feedback_json,std_msgs/msg/String,2026-08-18T20:41:58.966803-04:00,1787100118,966771553,1787100118966771553,111.078532,,,,1868,1867,1,0,0,1868,CartesianTarget,1,False,True,True,False,0.0,-90.0,90.000015,0.0,89.999985,0.0,445.0,0.0,809.999878,180.0,0.0,180.0,False,True,
756,/kuka/axis_move/feedback_json,std_msgs/msg/String,2026-08-18T20:41:59.074201-04:00,1787100119,74195420,1787100119074195420,107.423867,,,,1869,1868,1,0,0,1869,CartesianTarget,1,False,True,True,False,0.0,-90.0,90.000015,0.0,89.999985,0.0,445.0,0.0,809.999878,180.0,0.0,180.0,False,True,
757,/kuka/axis_move/feedback_json,std_msgs/msg/String,2026-08-18T20:41:59.183348-04:00,1787100119,183337395,1787100119183337395,109.141975,,,,1870,1869,1,0,0,1870,CartesianTarget,1,False,True,True,False,0.0,-90.0,90.000015,0.0,89.999985,0.0,445.0,0.0,809.999878,180.0,0.0,180.0,False,True,
758,/kuka/axis_move/feedback_json,std_msgs/msg/String,2026-08-18T20:41:59.353290-04:00,1787100119,353284267,1787100119353284267,169.946872,,,,1871,1870,1,0,0,1871,CartesianTarget,1,False,True,True,False,0.0,-90.0,90.000015,0.0,89.999985,0.0,445.0,0.0,809.999878,180.0,0.0,180.0,False,True,
759,/kuka/axis_move/feedback_json,std_msgs/msg/String,2026-08-18T20:41:59.460908-04:00,1787100119,460898188,1787100119460898188,107.613921,,,,1872,1871,1,0,0,1872,CartesianTarget,1,False,True,True,False,0.0,-90.0,90.000015,0.0,89.999985,0.0,445.0,0.0,809.999878,180.0,0.0,180.0,False,True,
760,/kuka/axis_move/feedback_json,std_msgs/msg/String,2026-08-18T20:41:59.569123-04:00,1787100119,569090076,1787100119569090076,108.191888,,,,1873,1872,1,0,0,1873,CartesianTarget,1,False,True,True,False,0.0,-90.0,90.000015,0.0,89.999985,0.0,445.0,0.0,809.999878,180.0,0.0,180.0,False,True,
761,/kuka/axis_move/feedback_json,std_msgs/msg/String,2026-08-18T20:41:59.680560-04:00,1787100119,680553629,1787100119680553629,111.463553,,,,1874,1873,1,0,0,1874,CartesianTarget,1,False,True,True,False,0.0,-90.0,90.000015,0.0,89.999985,0.0,445.0,0.0,809.999878,180.0,0.0,180.0,False,True,
762,/kuka/axis_move/feedback_json,std_msgs/msg/String,2026-08-18T20:41:59.785684-04:00,1787100119,785669788,1787100119785669788,105.116159,,,,1875,1874,1,0,0,1875,CartesianTarget,1,False,True,True,False,0.0,-90.0,90.000015,0.0,89.999985,0.0,445.0,0.0,809.999878,180.0,0.0,180.0,False,True,
763,/kuka/axis_move/feedback_json,std_msgs/msg/String,2026-08-18T20:41:59.946115-04:00,1787100119,946103054,1787100119946103054,160.433266,,,,1876,1875,1,0,0,1876,CartesianTarget,1,False,True,True,False,0.0,-90.0,90.000015,0.0,89.999985,0.0,445.0,0.0,809.999878,180.0,0.0,180.0,False,True,
764,/kuka/axis_move/feedback_json,std_msgs/msg/String,2026-08-18T20:42:00.054666-04:00,1787100120,54654936,1787100120054654936,108.551882,,,,1877,1876,1,0,0,1877,CartesianTarget,1,False,True,True,False,0.0,-90.0,90.000015,0.0,89.999985,0.0,445.0,0.0,809.999878,180.0,0.0,180.0,False,True,
765,/kuka/axis_move/feedback_json,std_msgs/msg/String,2026-08-18T20:42:00.166296-04:00,1787100120,166285305,1787100120166285305,111.630369,,,,1878,1877,1,0,0,1878,CartesianTarget,1,False,True,True,False,0.0,-90.0,90.000015,0.0,89.999985,0.0,445.0,0.0,809.999878,180.0,0.0,180.0,False,True,
766,/kuka/axis_move/feedback_json,std_msgs/msg/String,2026-08-18T20:42:00.279852-04:00,1787100120,279840726,1787100120279840726,113.555421,,,,1879,1878,1,0,0,1879,CartesianTarget,1,False,True,True,False,0.0,-90.0,90.000015,0.0,89.999985,0.0,445.0,0.0,809.999878,180.0,0.0,180.0,False,True,
767,/kuka/axis_move/feedback_json,std_msgs/msg/String,2026-08-18T20:42:00.391294-04:00,1787100120,391282063,1787100120391282063,111.441337,,,,1880,1879,1,0,0,1880,CartesianTarget,1,False,True,True,False,0.0,-90.0,90.000015,0.0,89.999985,0.0,445.0,0.0,809.999878,180.0,0.0,180.0,False,True,
768,/kuka/axis_move/feedback_json,std_msgs/msg/String,2026-08-18T20:42:00.552048-04:00,1787100120,552036928,1787100120552036928,160.754865,,,,1881,1880,1,0,0,1881,CartesianTarget,1,False,True,True,False,0.0,-90.0,90.000015,0.0,89.999985,0.0,445.0,0.0,809.999878,180.0,0.0,180.0,False,True,
769,/kuka/axis_move/feedback_json,std_msgs/msg/String,2026-08-18T20:42:00.666063-04:00,1787100120,666051961,1787100120666051961,114.015033,,,,1882,1881,1,0,0,1882,CartesianTarget,1,False,True,True,False,0.0,-90.0,90.000015,0.0,89.999985,0.0,445.0,0.0,809.999878,180.0,0.0,180.0,False,True,
770,/kuka/axis_move/feedback_json,std_msgs/msg/String,2026-08-18T20:42:00.776802-04:00,1787100120,776796892,1787100120776796892,110.744931,,,,1883,1882,1,0,0,1883,CartesianTarget,1,False,True,True,False,0.0,-90.0,90.000015,0.0,89.999985,0.0,445.0,0.0,809.999878,180.0,0.0,180.0,False,True,
771,/kuka/axis_move/feedback_json,std_msgs/msg/String,2026-08-18T20:42:00.882696-04:00,1787100120,882685244,1787100120882685244,105.888352,,,,1884,1883,1,0,0,1884,CartesianTarget,1,False,True,True,False,0.0,-90.0,90.000015,0.0,89.999985,0.0,445.0,0.0,809.999878,180.0,0.0,180.0,False,True,
772,/kuka/axis_move/feedback_json,std_msgs/msg/String,2026-08-18T20:42:00.992843-04:00,1787100120,992802363,1787100120992802363,110.117119,,,,1885,1884,1,0,0,1885,CartesianTarget,1,False,True,True,False,0.0,-90.0,90.000015,0.0,89.999985,0.0,445.0,0.0,809.999878,180.0,0.0,180.0,False,True,
773,/kuka/axis_move/feedback_json,std_msgs/msg/String,2026-08-18T20:42:01.155302-04:00,1787100121,155296817,1787100121155296817,162.494454,,,,1886,1885,1,0,0,1886,CartesianTarget,1,False,True,True,False,0.0,-90.0,90.000015,0.0,89.999985,0.0,445.0,0.0,809.999878,180.0,0.0,180.0,False,True,
774,/kuka/axis_move/feedback_json,std_msgs/msg/String,2026-08-18T20:42:01.263829-04:00,1787100121,263817861,1787100121263817861,108.521044,,,,1887,1886,1,0,0,1887,CartesianTarget,1,False,True,True,False,0.0,-90.0,90.000015,0.0,89.999985,0.0,445.0,0.0,809.999878,180.0,0.0,180.0,False,True,
775,/kuka/axis_move/feedback_json,std_msgs/msg/String,2026-08-18T20:42:01.372843-04:00,1787100121,372836488,1787100121372836488,109.018627,,,,1888,1887,1,0,0,1888,CartesianTarget,1,False,True,True,False,0.0,-90.0,90.000015,0.0,89.999985,0.0,445.0,0.0,809.999878,180.0,0.0,180.0,False,True,
776,/kuka/axis_move/feedback_json,std_msgs/msg/String,2026-08-18T20:42:01.479322-04:00,1787100121,479310821,1787100121479310821,106.474333,,,,1889,1888,1,0,0,1889,CartesianTarget,1,False,True,True,False,0.0,-90.0,90.000015,0.0,89.999985,0.0,445.0,0.0,809.999878,180.0,0.0,180.0,False,True,
777,/kuka/axis_move/feedback_json,std_msgs/msg/String,2026-08-18T20:42:01.591232-04:00,1787100121,591222323,1787100121591222323,111.911502,,,,1890,1889,1,0,0,1890,CartesianTarget,1,False,True,True,False,0.0,-90.0,90.000015,0.0,89.999985,0.0,445.0,0.0,809.999878,180.0,0.0,180.0,False,True,
778,/kuka/axis_move/feedback_json,std_msgs/msg/String,2026-08-18T20:42:01.751648-04:00,1787100121,751636649,1787100121751636649,160.414326,,,,1891,1890,1,0,0,1891,CartesianTarget,1,False,True,True,False,0.0,-90.0,90.000015,0.0,89.999985,0.0,445.0,0.0,809.999878,180.0,0.0,180.0,False,True,
779,/kuka/axis_move/feedback_json,std_msgs/msg/String,2026-08-18T20:42:01.864943-04:00,1787100121,864933380,1787100121864933380,113.296731,,,,1892,1891,1,0,0,1892,CartesianTarget,1,False,True,True,False,0.0,-90.0,90.000015,0.0,89.999985,0.0,445.0,0.0,809.999878,180.0,0.0,180.0,False,True,
780,/kuka/axis_move/feedback_json,std_msgs/msg/String,2026-08-18T20:42:01.970989-04:00,1787100121,970977784,1787100121970977784,106.044404,,,,1893,1892,1,0,0,1893,CartesianTarget,1,False,True,True,False,0.0,-90.0,90.000015,0.0,89.999985,0.0,445.0,0.0,809.999878,180.0,0.0,180.0,False,True,
781,/kuka/axis_move/feedback_json,std_msgs/msg/String,2026-08-18T20:42:02.081974-04:00,1787100122,81965401,1787100122081965401,110.987617,,,,1894,1893,1,0,0,1894,CartesianTarget,1,False,True,True,False,0.0,-90.0,90.000015,0.0,89.999985,0.0,445.0,0.0,809.999878,180.0,0.0,180.0,False,True,
782,/kuka/axis_move/feedback_json,std_msgs/msg/String,2026-08-18T20:42:02.185994-04:00,1787100122,185988830,1787100122185988830,104.023429,,,,1895,1894,1,0,0,1895,CartesianTarget,1,False,True,True,False,0.0,-90.0,90.000015,0.0,89.999985,0.0,445.0,0.0,809.999878,180.0,0.0,180.0,False,True,
783,/kuka/axis_move/feedback_json,std_msgs/msg/String,2026-08-18T20:42:02.346600-04:00,1787100122,346589740,1787100122346589740,160.60091,,,,1896,1895,1,0,0,1896,CartesianTarget,1,False,True,True,False,0.0,-90.0,90.000015,0.0,89.999985,0.0,445.0,0.0,809.999878,180.0,0.0,180.0,False,True,
784,/kuka/axis_move/feedback_json,std_msgs/msg/String,2026-08-18T20:42:02.461700-04:00,1787100122,461694515,1787100122461694515,115.104775,,,,1897,1896,1,0,0,1897,CartesianTarget,1,False,True,True,False,0.0,-90.0,90.000015,0.0,89.999985,0.0,445.0,0.0,809.999878,180.0,0.0,180.0,False,True,
785,/kuka/axis_move/feedback_json,std_msgs/msg/String,2026-08-18T20:42:02.569935-04:00,1787100122,569924838,1787100122569924838,108.230323,,,,1898,1897,1,0,0,1898,CartesianTarget,1,False,True,True,False,0.0,-90.0,90.000015,0.0,89.999985,0.0,445.0,0.0,809.999878,180.0,0.0,180.0,False,True,
786,/kuka/axis_move/feedback_json,std_msgs/msg/String,2026-08-18T20:42:02.677594-04:00,1787100122,677582426,1787100122677582426,107.657588,,,,1899,1898,1,0,0,1899,CartesianTarget,1,False,True,True,False,0.0,-90.0,90.000015,0.0,89.999985,0.0,445.0,0.0,809.999878,180.0,0.0,180.0,False,True,
787,/kuka/axis_move/feedback_json,std_msgs/msg/String,2026-08-18T20:42:02.783473-04:00,1787100122,783460220,1787100122783460220,105.877794,,,,1900,1899,1,0,0,1900,CartesianTarget,1,False,True,True,False,0.0,-90.0,90.000015,0.0,89.999985,0.0,445.0,0.0,809.999878,180.0,0.0,180.0,False,True,
788,/kuka/axis_move/feedback_json,std_msgs/msg/String,2026-08-18T20:42:02.943544-04:00,1787100122,943536098,1787100122943536098,160.075878,,,,1901,1900,1,0,0,1901,CartesianTarget,1,False,True,True,False,0.0,-90.0,90.000015,0.0,89.999985,0.0,445.0,0.0,809.999878,180.0,0.0,180.0,False,True,
789,/kuka/axis_move/feedback_json,std_msgs/msg/String,2026-08-18T20:42:03.042413-04:00,1787100123,42388738,1787100123042388738,98.85264,,,,1902,1901,1,0,0,1902,CartesianTarget,1,False,True,True,False,0.0,-90.0,90.000015,0.0,89.999985,0.0,445.0,0.0,809.999878,180.0,0.0,180.0,False,True,
790,/kuka/axis_move/feedback_json,std_msgs/msg/String,2026-08-18T20:42:03.142220-04:00,1787100123,142200221,1787100123142200221,99.811483,,,,1903,1902,1,0,0,1903,CartesianTarget,1,False,True,True,False,0.0,-90.0,90.000015,0.0,89.999985,0.0,445.0,0.0,809.999878,180.0,0.0,180.0,False,True,
791,/kuka/axis_move/feedback_json,std_msgs/msg/String,2026-08-18T20:42:03.250800-04:00,1787100123,250781911,1787100123250781911,108.58169,,,,1904,1903,1,0,0,1904,CartesianTarget,1,False,True,True,False,0.0,-90.0,90.000015,0.0,89.999985,0.0,445.0,0.0,809.999878,180.0,0.0,180.0,False,True,
792,/kuka/axis_move/feedback_json,std_msgs/msg/String,2026-08-18T20:42:03.361929-04:00,1787100123,361919238,1787100123361919238,111.137327,,,,1905,1904,1,0,0,1905,CartesianTarget,1,False,True,True,False,0.0,-90.0,90.000015,0.0,89.999985,0.0,445.0,0.0,809.999878,180.0,0.0,180.0,False,True,
793,/kuka/axis_move/feedback_json,std_msgs/msg/String,2026-08-18T20:42:03.525373-04:00,1787100123,525367560,1787100123525367560,163.448322,,,,1906,1905,1,0,0,1906,CartesianTarget,1,False,True,True,False,0.0,-90.0,90.000015,0.0,89.999985,0.0,445.0,0.0,809.999878,180.0,0.0,180.0,False,True,
794,/kuka/axis_move/feedback_json,std_msgs/msg/String,2026-08-18T20:42:03.634121-04:00,1787100123,634103993,1787100123634103993,108.736433,,,,1907,1906,1,0,0,1907,CartesianTarget,1,False,True,True,False,0.0,-90.0,90.000015,0.0,89.999985,0.0,445.0,0.0,809.999878,180.0,0.0,180.0,False,True,
795,/kuka/axis_move/feedback_json,std_msgs/msg/String,2026-08-18T20:42:03.744890-04:00,1787100123,744883107,1787100123744883107,110.779114,,,,1908,1907,1,0,0,1908,CartesianTarget,1,False,True,True,False,0.0,-90.0,90.000015,0.0,89.999985,0.0,445.0,0.0,809.999878,180.0,0.0,180.0,False,True,
796,/kuka/axis_move/feedback_json,std_msgs/msg/String,2026-08-18T20:42:03.853729-04:00,1787100123,853723447,1787100123853723447,108.84034,,,,1909,1908,1,0,0,1909,CartesianTarget,1,False,True,True,False,0.0,-90.0,90.000015,0.0,89.999985,0.0,445.0,0.0,809.999878,180.0,0.0,180.0,False,True,
797,/kuka/axis_move/feedback_json,std_msgs/msg/String,2026-08-18T20:42:03.961514-04:00,1787100123,961505276,1787100123961505276,107.781829,,,,1910,1909,1,0,0,1910,CartesianTarget,1,False,True,True,False,0.0,-90.0,90.000015,0.0,89.999985,0.0,445.0,0.0,809.999878,180.0,0.0,180.0,False,True,
798,/kuka/axis_move/feedback_json,std_msgs/msg/String,2026-08-18T20:42:04.128707-04:00,1787100124,128694903,1787100124128694903,167.189627,,,,1911,1910,1,0,0,1911,CartesianTarget,1,False,True,True,False,0.0,-90.0,90.000015,0.0,89.999985,0.0,445.0,0.0,809.999878,180.0,0.0,180.0,False,True,
799,/kuka/axis_move/feedback_json,std_msgs/msg/String,2026-08-18T20:42:04.239147-04:00,1787100124,239136085,1787100124239136085,110.441182,,,,1912,1911,1,0,0,1912,CartesianTarget,1,False,True,True,False,0.0,-90.0,90.000015,0.0,89.999985,0.0,445.0,0.0,809.999878,180.0,0.0,180.0,False,True,
800,/kuka/axis_move/feedback_json,std_msgs/msg/String,2026-08-18T20:42:04.350316-04:00,1787100124,350310205,1787100124350310205,111.17412,,,,1913,1912,1,0,0,1913,CartesianTarget,1,False,True,True,False,0.0,-90.0,90.000015,0.0,89.999985,0.0,445.0,0.0,809.999878,180.0,0.0,180.0,False,True,
801,/kuka/axis_move/feedback_json,std_msgs/msg/String,2026-08-18T20:42:04.458719-04:00,1787100124,458704279,1787100124458704279,108.394074,,,,1914,1913,1,0,0,1914,CartesianTarget,1,False,True,True,False,0.0,-90.0,90.000015,0.0,89.999985,0.0,445.0,0.0,809.999878,180.0,0.0,180.0,False,True,
802,/kuka/axis_move/feedback_json,std_msgs/msg/String,2026-08-18T20:42:04.568923-04:00,1787100124,568915850,1787100124568915850,110.211571,,,,1915,1914,1,0,0,1915,CartesianTarget,1,False,True,True,False,0.0,-90.0,90.000015,0.0,89.999985,0.0,445.0,0.0,809.999878,180.0,0.0,180.0,False,True,
803,/kuka/axis_move/feedback_json,std_msgs/msg/String,2026-08-18T20:42:04.734146-04:00,1787100124,734138057,1787100124734138057,165.222207,,,,1916,1915,1,0,0,1916,CartesianTarget,1,False,True,True,False,0.0,-90.0,90.000015,0.0,89.999985,0.0,445.0,0.0,809.999878,180.0,0.0,180.0,False,True,
804,/kuka/axis_move/feedback_json,std_msgs/msg/String,2026-08-18T20:42:04.844833-04:00,1787100124,844822357,1787100124844822357,110.6843,,,,1917,1916,1,0,0,1917,CartesianTarget,1,False,True,True,False,0.0,-90.0,90.000015,0.0,89.999985,0.0,445.0,0.0,809.999878,180.0,0.0,180.0,False,True,
805,/kuka/axis_move/feedback_json,std_msgs/msg/String,2026-08-18T20:42:04.957833-04:00,1787100124,957827508,1787100124957827508,113.005151,,,,1918,1917,1,0,0,1918,CartesianTarget,1,False,True,True,False,0.0,-90.0,90.000015,0.0,89.999985,0.0,445.0,0.0,809.999878,180.0,0.0,180.0,False,True,
806,/kuka/axis_move/feedback_json,std_msgs/msg/String,2026-08-18T20:42:05.064340-04:00,1787100125,64329817,1787100125064329817,106.502309,,,,1919,1918,1,0,0,1919,CartesianTarget,1,False,True,True,False,0.0,-90.0,90.000015,0.0,89.999985,0.0,445.0,0.0,809.999878,180.0,0.0,180.0,False,True,
807,/kuka/axis_move/feedback_json,std_msgs/msg/String,2026-08-18T20:42:05.172279-04:00,1787100125,172273857,1787100125172273857,107.94404,,,,1920,1919,1,0,0,1920,CartesianTarget,1,False,True,True,False,0.0,-90.0,90.000015,0.0,89.999985,0.0,445.0,0.0,809.999878,180.0,0.0,180.0,False,True,
808,/kuka/axis_move/feedback_json,std_msgs/msg/String,2026-08-18T20:42:05.329536-04:00,1787100125,329501400,1787100125329501400,157.227543,,,,1921,1920,1,0,0,1921,CartesianTarget,1,False,True,True,False,0.0,-90.0,90.000015,0.0,89.999985,0.0,445.0,0.0,809.999878,180.0,0.0,180.0,False,True,
809,/kuka/axis_move/feedback_json,std_msgs/msg/String,2026-08-18T20:42:05.437780-04:00,1787100125,437773349,1787100125437773349,108.271949,,,,1922,1921,1,0,0,1922,CartesianTarget,1,False,True,True,False,0.0,-90.0,90.000015,0.0,89.999985,0.0,445.0,0.0,809.999878,180.0,0.0,180.0,False,True,
810,/kuka/axis_move/feedback_json,std_msgs/msg/String,2026-08-18T20:42:05.539898-04:00,1787100125,539886681,1787100125539886681,102.113332,,,,1923,1922,1,0,0,1923,CartesianTarget,1,False,True,True,False,0.0,-90.0,90.000015,0.0,89.999985,0.0,445.0,0.0,809.999878,180.0,0.0,180.0,False,True,
811,/kuka/axis_move/feedback_json,std_msgs/msg/String,2026-08-18T20:42:05.646478-04:00,1787100125,646469755,1787100125646469755,106.583074,,,,1924,1923,1,0,0,1924,CartesianTarget,1,False,True,True,False,0.0,-90.0,90.000015,0.0,89.999985,0.0,445.0,0.0,809.999878,180.0,0.0,180.0,False,True,
812,/kuka/axis_move/feedback_json,std_msgs/msg/String,2026-08-18T20:42:05.757548-04:00,1787100125,757539263,1787100125757539263,111.069508,,,,1925,1924,1,0,0,1925,CartesianTarget,1,False,True,True,False,0.0,-90.0,90.000015,0.0,89.999985,0.0,445.0,0.0,809.999878,180.0,0.0,180.0,False,True,
813,/kuka/axis_move/feedback_json,std_msgs/msg/String,2026-08-18T20:42:05.917758-04:00,1787100125,917752462,1787100125917752462,160.213199,,,,1926,1925,1,0,0,1926,CartesianTarget,1,False,True,True,False,0.0,-90.0,90.000015,0.0,89.999985,0.0,445.0,0.0,809.999878,180.0,0.0,180.0,False,True,
814,/kuka/axis_move/feedback_json,std_msgs/msg/String,2026-08-18T20:42:06.025817-04:00,1787100126,25807411,1787100126025807411,108.054949,,,,1927,1926,1,0,0,1927,CartesianTarget,1,False,True,True,False,0.0,-90.0,90.000015,0.0,89.999985,0.0,445.0,0.0,809.999878,180.0,0.0,180.0,False,True,
815,/kuka/axis_move/feedback_json,std_msgs/msg/String,2026-08-18T20:42:06.135369-04:00,1787100126,135344044,1787100126135344044,109.536633,,,,1928,1927,1,0,0,1928,CartesianTarget,1,False,True,True,False,0.0,-90.0,90.000015,0.0,89.999985,0.0,445.0,0.0,809.999878,180.0,0.0,180.0,False,True,
816,/kuka/axis_move/feedback_json,std_msgs/msg/String,2026-08-18T20:42:06.243484-04:00,1787100126,243478854,1787100126243478854,108.13481,,,,1929,1928,1,0,0,1929,CartesianTarget,1,False,True,True,False,0.0,-90.0,90.000015,0.0,89.999985,0.0,445.0,0.0,809.999878,180.0,0.0,180.0,False,True,
817,/kuka/axis_move/feedback_json,std_msgs/msg/String,2026-08-18T20:42:06.349081-04:00,1787100126,349064819,1787100126349064819,105.585965,,,,1930,1929,1,0,0,1930,CartesianTarget,1,False,True,True,False,0.0,-90.0,90.000015,0.0,89.999985,0.0,445.0,0.0,809.999878,180.0,0.0,180.0,False,True,
818,/kuka/axis_move/feedback_json,std_msgs/msg/String,2026-08-18T20:42:06.511736-04:00,1787100126,511724155,1787100126511724155,162.659336,,,,1931,1930,1,0,0,1931,CartesianTarget,1,False,True,True,False,0.0,-90.0,90.000015,0.0,89.999985,0.0,445.0,0.0,809.999878,180.0,0.0,180.0,False,True,
819,/kuka/axis_move/feedback_json,std_msgs/msg/String,2026-08-18T20:42:06.621384-04:00,1787100126,621377885,1787100126621377885,109.65373,,,,1932,1931,1,0,0,1932,CartesianTarget,1,False,True,True,False,0.0,-90.0,90.000015,0.0,89.999985,0.0,445.0,0.0,809.999878,180.0,0.0,180.0,False,True,
820,/kuka/axis_move/feedback_json,std_msgs/msg/String,2026-08-18T20:42:06.731340-04:00,1787100126,731330125,1787100126731330125,109.95224,,,,1933,1932,1,0,0,1933,CartesianTarget,1,False,True,True,False,0.0,-90.0,90.000015,0.0,89.999985,0.0,445.0,0.0,809.999878,180.0,0.0,180.0,False,True,
821,/kuka/axis_move/feedback_json,std_msgs/msg/String,2026-08-18T20:42:06.839413-04:00,1787100126,839401571,1787100126839401571,108.071446,,,,1934,1933,1,0,0,1934,CartesianTarget,1,False,True,True,False,0.0,-90.0,90.000015,0.0,89.999985,0.0,445.0,0.0,809.999878,180.0,0.0,180.0,False,True,
822,/kuka/axis_move/feedback_json,std_msgs/msg/String,2026-08-18T20:42:06.948092-04:00,1787100126,948086647,1787100126948086647,108.685076,,,,1935,1934,1,0,0,1935,CartesianTarget,1,False,True,True,False,0.0,-90.0,90.000015,0.0,89.999985,0.0,445.0,0.0,809.999878,180.0,0.0,180.0,False,True,
823,/kuka/axis_move/feedback_json,std_msgs/msg/String,2026-08-18T20:42:07.106887-04:00,1787100127,106880912,1787100127106880912,158.794265,,,,1936,1935,1,0,0,1936,CartesianTarget,1,False,True,True,False,0.0,-90.0,90.000015,0.0,89.999985,0.0,445.0,0.0,809.999878,180.0,0.0,180.0,False,True,
824,/kuka/axis_move/feedback_json,std_msgs/msg/String,2026-08-18T20:42:07.216501-04:00,1787100127,216489773,1787100127216489773,109.608861,,,,1937,1936,1,0,0,1937,CartesianTarget,1,False,True,True,False,0.0,-90.0,90.000015,0.0,89.999985,0.0,445.0,0.0,809.999878,180.0,0.0,180.0,False,True,
825,/kuka/axis_move/feedback_json,std_msgs/msg/String,2026-08-18T20:42:07.326747-04:00,1787100127,326741465,1787100127326741465,110.251692,,,,1938,1937,1,0,0,1938,CartesianTarget,1,False,True,True,False,0.0,-90.0,90.000015,0.0,89.999985,0.0,445.0,0.0,809.999878,180.0,0.0,180.0,False,True,
826,/kuka/axis_move/feedback_json,std_msgs/msg/String,2026-08-18T20:42:07.435014-04:00,1787100127,435003861,1787100127435003861,108.262396,,,,1939,1938,1,0,0,1939,CartesianTarget,1,False,True,True,False,0.0,-90.0,90.000015,0.0,89.999985,0.0,445.0,0.0,809.999878,180.0,0.0,180.0,False,True,
827,/kuka/axis_move/feedback_json,std_msgs/msg/String,2026-08-18T20:42:07.544237-04:00,1787100127,544220207,1787100127544220207,109.216346,,,,1940,1939,1,0,0,1940,CartesianTarget,1,False,True,True,False,0.0,-90.0,90.000015,0.0,89.999985,0.0,445.0,0.0,809.999878,180.0,0.0,180.0,False,True,
828,/kuka/axis_move/feedback_json,std_msgs/msg/String,2026-08-18T20:42:07.703003-04:00,1787100127,702994571,1787100127702994571,158.774364,,,,1941,1940,1,0,0,1941,CartesianTarget,1,False,True,True,False,0.0,-90.0,90.000015,0.0,89.999985,0.0,445.0,0.0,809.999878,180.0,0.0,180.0,False,True,
829,/kuka/axis_move/feedback_json,std_msgs/msg/String,2026-08-18T20:42:07.810718-04:00,1787100127,810701558,1787100127810701558,107.706987,,,,1942,1941,1,0,0,1942,CartesianTarget,1,False,True,True,False,0.0,-90.0,90.000015,0.0,89.999985,0.0,445.0,0.0,809.999878,180.0,0.0,180.0,False,True,
830,/kuka/axis_move/feedback_json,std_msgs/msg/String,2026-08-18T20:42:07.918866-04:00,1787100127,918856796,1787100127918856796,108.155238,,,,1943,1942,1,0,0,1943,CartesianTarget,1,False,True,True,False,0.0,-90.0,90.000015,0.0,89.999985,0.0,445.0,0.0,809.999878,180.0,0.0,180.0,False,True,
831,/kuka/axis_move/feedback_json,std_msgs/msg/String,2026-08-18T20:42:08.030399-04:00,1787100128,30391471,1787100128030391471,111.534675,,,,1944,1943,1,0,0,1944,CartesianTarget,1,False,True,True,False,0.0,-90.0,90.000015,0.0,89.999985,0.0,445.0,0.0,809.999878,180.0,0.0,180.0,False,True,
832,/kuka/axis_move/feedback_json,std_msgs/msg/String,2026-08-18T20:42:08.138219-04:00,1787100128,138210931,1787100128138210931,107.81946,,,,1945,1944,1,0,0,1945,CartesianTarget,1,False,True,True,False,0.0,-90.0,90.000015,0.0,89.999985,0.0,445.0,0.0,809.999878,180.0,0.0,180.0,False,True,
833,/kuka/axis_move/feedback_json,std_msgs/msg/String,2026-08-18T20:42:08.298390-04:00,1787100128,298374726,1787100128298374726,160.163795,,,,1946,1945,1,0,0,1946,CartesianTarget,1,False,True,True,False,0.0,-90.0,90.000015,0.0,89.999985,0.0,445.0,0.0,809.999878,180.0,0.0,180.0,False,True,
834,/kuka/axis_move/feedback_json,std_msgs/msg/String,2026-08-18T20:42:08.387485-04:00,1787100128,387470503,1787100128387470503,89.095777,,,,1947,1946,1,0,0,1947,CartesianTarget,1,False,True,True,False,0.0,-90.0,90.000015,0.0,89.999985,0.0,445.0,0.0,809.999878,180.0,0.0,180.0,False,True,
835,/kuka/axis_move/feedback_json,std_msgs/msg/String,2026-08-18T20:42:08.496917-04:00,1787100128,496899160,1787100128496899160,109.428657,,,,1948,1947,1,0,0,1948,CartesianTarget,1,False,True,True,False,0.0,-90.0,90.000015,0.0,89.999985,0.0,445.0,0.0,809.999878,180.0,0.0,180.0,False,True,
836,/kuka/axis_move/feedback_json,std_msgs/msg/String,2026-08-18T20:42:08.604941-04:00,1787100128,604936100,1787100128604936100,108.03694,,,,1949,1948,1,0,0,1949,CartesianTarget,1,False,True,True,False,0.0,-90.0,90.000015,0.0,89.999985,0.0,445.0,0.0,809.999878,180.0,0.0,180.0,False,True,
837,/kuka/axis_move/feedback_json,std_msgs/msg/String,2026-08-18T20:42:08.712459-04:00,1787100128,712426846,1787100128712426846,107.490746,,,,1950,1949,1,0,0,1950,CartesianTarget,1,False,True,True,False,0.0,-90.0,90.000015,0.0,89.999985,0.0,445.0,0.0,809.999878,180.0,0.0,180.0,False,True,
838,/kuka/axis_move/feedback_json,std_msgs/msg/String,2026-08-18T20:42:08.877963-04:00,1787100128,877954285,1787100128877954285,165.527439,,,,1951,1950,1,0,0,1951,CartesianTarget,1,False,True,True,False,0.0,-90.0,90.000015,0.0,89.999985,0.0,445.0,0.0,809.999878,180.0,0.0,180.0,False,True,
839,/kuka/axis_move/feedback_json,std_msgs/msg/String,2026-08-18T20:42:08.986876-04:00,1787100128,986859845,1787100128986859845,108.90556,,,,1952,1951,1,0,0,1952,CartesianTarget,1,False,True,True,False,0.0,-90.0,90.000015,0.0,89.999985,0.0,445.0,0.0,809.999878,180.0,0.0,180.0,False,True,
840,/kuka/axis_move/feedback_json,std_msgs/msg/String,2026-08-18T20:42:09.094089-04:00,1787100129,94073067,1787100129094073067,107.213222,,,,1953,1952,1,0,0,1953,CartesianTarget,1,False,True,True,False,0.0,-90.0,90.000015,0.0,89.999985,0.0,445.0,0.0,809.999878,180.0,0.0,180.0,False,True,
841,/kuka/axis_move/feedback_json,std_msgs/msg/String,2026-08-18T20:42:09.203975-04:00,1787100129,203963396,1787100129203963396,109.890329,,,,1954,1953,1,0,0,1954,CartesianTarget,1,False,True,True,False,0.0,-90.0,90.000015,0.0,89.999985,0.0,445.0,0.0,809.999878,180.0,0.0,180.0,False,True,
842,/kuka/axis_move/feedback_json,std_msgs/msg/String,2026-08-18T20:42:09.317255-04:00,1787100129,317249211,1787100129317249211,113.285815,,,,1955,1954,1,0,0,1955,CartesianTarget,1,False,True,True,False,0.0,-90.0,90.000015,0.0,89.999985,0.0,445.0,0.0,809.999878,180.0,0.0,180.0,False,True,
843,/kuka/axis_move/feedback_json,std_msgs/msg/String,2026-08-18T20:42:09.470578-04:00,1787100129,470567267,1787100129470567267,153.318056,,,,1956,1955,1,0,0,1956,CartesianTarget,1,False,True,True,False,0.0,-90.0,90.000015,0.0,89.999985,0.0,445.0,0.0,809.999878,180.0,0.0,180.0,False,True,
844,/kuka/axis_move/feedback_json,std_msgs/msg/String,2026-08-18T20:42:09.582472-04:00,1787100129,582459737,1787100129582459737,111.89247,,,,1957,1956,1,0,0,1957,CartesianTarget,1,False,True,True,False,0.0,-90.0,90.000015,0.0,89.999985,0.0,445.0,0.0,809.999878,180.0,0.0,180.0,False,True,
845,/kuka/axis_move/feedback_json,std_msgs/msg/String,2026-08-18T20:42:09.692507-04:00,1787100129,692474616,1787100129692474616,110.014879,,,,1958,1957,1,0,0,1958,CartesianTarget,1,False,True,True,False,0.0,-90.0,90.000015,0.0,89.999985,0.0,445.0,0.0,809.999878,180.0,0.0,180.0,False,True,
846,/kuka/axis_move/feedback_json,std_msgs/msg/String,2026-08-18T20:42:09.801720-04:00,1787100129,801714439,1787100129801714439,109.239823,,,,1959,1958,1,0,0,1959,CartesianTarget,1,False,True,True,False,0.0,-90.0,90.000015,0.0,89.999985,0.0,445.0,0.0,809.999878,180.0,0.0,180.0,False,True,
847,/kuka/axis_move/feedback_json,std_msgs/msg/String,2026-08-18T20:42:09.906644-04:00,1787100129,906631704,1787100129906631704,104.917265,,,,1960,1959,1,0,0,1960,CartesianTarget,1,False,True,True,False,0.0,-90.0,90.000015,0.0,89.999985,0.0,445.0,0.0,809.999878,180.0,0.0,180.0,False,True,
848,/kuka/axis_move/feedback_json,std_msgs/msg/String,2026-08-18T20:42:10.066128-04:00,1787100130,66122757,1787100130066122757,159.491053,,,,1961,1960,1,0,0,1961,CartesianTarget,1,False,True,True,False,0.0,-90.0,90.000015,0.0,89.999985,0.0,445.0,0.0,809.999878,180.0,0.0,180.0,False,True,
849,/kuka/axis_move/feedback_json,std_msgs/msg/String,2026-08-18T20:42:10.175861-04:00,1787100130,175855273,1787100130175855273,109.732516,,,,1962,1961,1,0,0,1962,CartesianTarget,1,False,True,True,False,0.0,-90.0,90.000015,0.0,89.999985,0.0,445.0,0.0,809.999878,180.0,0.0,180.0,False,True,
850,/kuka/axis_move/feedback_json,std_msgs/msg/String,2026-08-18T20:42:10.284814-04:00,1787100130,284803521,1787100130284803521,108.948248,,,,1963,1962,1,0,0,1963,CartesianTarget,1,False,True,True,False,0.0,-90.0,90.000015,0.0,89.999985,0.0,445.0,0.0,809.999878,180.0,0.0,180.0,False,True,
851,/kuka/axis_move/feedback_json,std_msgs/msg/String,2026-08-18T20:42:10.392867-04:00,1787100130,392861713,1787100130392861713,108.058192,,,,1964,1963,1,0,0,1964,CartesianTarget,1,False,True,True,False,0.0,-90.0,90.000015,0.0,89.999985,0.0,445.0,0.0,809.999878,180.0,0.0,180.0,False,True,
852,/kuka/axis_move/feedback_json,std_msgs/msg/String,2026-08-18T20:42:10.498695-04:00,1787100130,498689913,1787100130498689913,105.8282,,,,1965,1964,1,0,0,1965,CartesianTarget,1,False,True,True,False,0.0,-90.0,90.000015,0.0,89.999985,0.0,445.0,0.0,809.999878,180.0,0.0,180.0,False,True,
853,/kuka/axis_move/feedback_json,std_msgs/msg/String,2026-08-18T20:42:10.654320-04:00,1787100130,654311726,1787100130654311726,155.621813,,,,1966,1965,1,0,0,1966,CartesianTarget,1,False,True,True,False,0.0,-90.0,90.000015,0.0,89.999985,0.0,445.0,0.0,809.999878,180.0,0.0,180.0,False,True,
854,/kuka/axis_move/feedback_json,std_msgs/msg/String,2026-08-18T20:42:10.762686-04:00,1787100130,762680197,1787100130762680197,108.368471,,,,1967,1966,1,0,0,1967,CartesianTarget,1,False,True,True,False,0.0,-90.0,90.000015,0.0,89.999985,0.0,445.0,0.0,809.999878,180.0,0.0,180.0,False,True,
855,/kuka/axis_move/feedback_json,std_msgs/msg/String,2026-08-18T20:42:10.871898-04:00,1787100130,871871171,1787100130871871171,109.190974,,,,1968,1967,1,0,0,1968,CartesianTarget,1,False,True,True,False,0.0,-90.0,90.000015,0.0,89.999985,0.0,445.0,0.0,809.999878,180.0,0.0,180.0,False,True,
856,/kuka/axis_move/feedback_json,std_msgs/msg/String,2026-08-18T20:42:10.984518-04:00,1787100130,984511915,1787100130984511915,112.640744,,,,1969,1968,1,0,0,1969,CartesianTarget,1,False,True,True,False,0.0,-90.0,90.000015,0.0,89.999985,0.0,445.0,0.0,809.999878,180.0,0.0,180.0,False,True,
857,/kuka/axis_move/feedback_json,std_msgs/msg/String,2026-08-18T20:42:11.092606-04:00,1787100131,92588319,1787100131092588319,108.076404,,,,1970,1969,1,0,0,1970,CartesianTarget,1,False,True,True,False,0.0,-90.0,90.000015,0.0,89.999985,0.0,445.0,0.0,809.999878,180.0,0.0,180.0,False,True,
858,/kuka/axis_move/feedback_json,std_msgs/msg/String,2026-08-18T20:42:11.252806-04:00,1787100131,252797022,1787100131252797022,160.208703,,,,1971,1970,1,0,0,1971,CartesianTarget,1,False,True,True,False,0.0,-90.0,90.000015,0.0,89.999985,0.0,445.0,0.0,809.999878,180.0,0.0,180.0,False,True,
859,/kuka/axis_move/feedback_json,std_msgs/msg/String,2026-08-18T20:42:11.362201-04:00,1787100131,362192644,1787100131362192644,109.395622,,,,1972,1971,1,0,0,1972,CartesianTarget,1,False,True,True,False,0.0,-90.0,90.000015,0.0,89.999985,0.0,445.0,0.0,809.999878,180.0,0.0,180.0,False,True,
860,/kuka/axis_move/feedback_json,std_msgs/msg/String,2026-08-18T20:42:11.476325-04:00,1787100131,476308504,1787100131476308504,114.11586,,,,1973,1972,1,0,0,1973,CartesianTarget,1,False,True,True,False,0.0,-90.0,90.000015,0.0,89.999985,0.0,445.0,0.0,809.999878,180.0,0.0,180.0,False,True,
861,/kuka/axis_move/feedback_json,std_msgs/msg/String,2026-08-18T20:42:11.587259-04:00,1787100131,587253112,1787100131587253112,110.944608,,,,1974,1973,1,0,0,1974,CartesianTarget,1,False,True,True,False,0.0,-90.0,90.000015,0.0,89.999985,0.0,445.0,0.0,809.999878,180.0,0.0,180.0,False,True,
862,/kuka/axis_move/feedback_json,std_msgs/msg/String,2026-08-18T20:42:11.699322-04:00,1787100131,699310049,1787100131699310049,112.056937,,,,1975,1974,1,0,0,1975,CartesianTarget,1,False,True,True,False,0.0,-90.0,90.000015,0.0,89.999985,0.0,445.0,0.0,809.999878,180.0,0.0,180.0,False,True,
863,/kuka/axis_move/feedback_json,std_msgs/msg/String,2026-08-18T20:42:11.859106-04:00,1787100131,859073163,1787100131859073163,159.763114,,,,1976,1975,1,0,0,1976,CartesianTarget,1,False,True,True,False,0.0,-90.0,90.000015,0.0,89.999985,0.0,445.0,0.0,809.999878,180.0,0.0,180.0,False,True,
864,/kuka/axis_move/feedback_json,std_msgs/msg/String,2026-08-18T20:42:11.966864-04:00,1787100131,966844006,1787100131966844006,107.770843,,,,1977,1976,1,0,0,1977,CartesianTarget,1,False,True,True,False,0.0,-90.0,90.000015,0.0,89.999985,0.0,445.0,0.0,809.999878,180.0,0.0,180.0,False,True,
865,/kuka/axis_move/feedback_json,std_msgs/msg/String,2026-08-18T20:42:12.075754-04:00,1787100132,75738449,1787100132075738449,108.894443,,,,1978,1977,1,0,0,1978,CartesianTarget,1,False,True,True,False,0.0,-90.0,90.000015,0.0,89.999985,0.0,445.0,0.0,809.999878,180.0,0.0,180.0,False,True,
866,/kuka/axis_move/feedback_json,std_msgs/msg/String,2026-08-18T20:42:12.184897-04:00,1787100132,184886081,1787100132184886081,109.147632,,,,1979,1978,1,0,0,1979,CartesianTarget,1,False,True,True,False,0.0,-90.0,90.000015,0.0,89.999985,0.0,445.0,0.0,809.999878,180.0,0.0,180.0,False,True,
867,/kuka/axis_move/feedback_json,std_msgs/msg/String,2026-08-18T20:42:12.292640-04:00,1787100132,292627970,1787100132292627970,107.741889,,,,1980,1979,1,0,0,1980,CartesianTarget,1,False,True,True,False,0.0,-90.0,90.000015,0.0,89.999985,0.0,445.0,0.0,809.999878,180.0,0.0,180.0,False,True,
868,/kuka/axis_move/feedback_json,std_msgs/msg/String,2026-08-18T20:42:12.448500-04:00,1787100132,448468744,1787100132448468744,155.840774,,,,1981,1980,1,0,0,1981,CartesianTarget,1,False,True,True,False,0.0,-90.0,90.000015,0.0,89.999985,0.0,445.0,0.0,809.999878,180.0,0.0,180.0,False,True,
869,/kuka/axis_move/feedback_json,std_msgs/msg/String,2026-08-18T20:42:12.560030-04:00,1787100132,560023912,1787100132560023912,111.555168,,,,1982,1981,1,0,0,1982,CartesianTarget,1,False,True,True,False,0.0,-90.0,90.000015,0.0,89.999985,0.0,445.0,0.0,809.999878,180.0,0.0,180.0,False,True,
870,/kuka/axis_move/feedback_json,std_msgs/msg/String,2026-08-18T20:42:12.669252-04:00,1787100132,669228344,1787100132669228344,109.204432,,,,1983,1982,1,0,0,1983,CartesianTarget,1,False,True,True,False,0.0,-90.0,90.000015,0.0,89.999985,0.0,445.0,0.0,809.999878,180.0,0.0,180.0,False,True,
871,/kuka/axis_move/feedback_json,std_msgs/msg/String,2026-08-18T20:42:12.775555-04:00,1787100132,775543443,1787100132775543443,106.315099,,,,1984,1983,1,0,0,1984,CartesianTarget,1,False,True,True,False,0.0,-90.0,90.000015,0.0,89.999985,0.0,445.0,0.0,809.999878,180.0,0.0,180.0,False,True,
872,/kuka/axis_move/feedback_json,std_msgs/msg/String,2026-08-18T20:42:12.884271-04:00,1787100132,884260020,1787100132884260020,108.716577,,,,1985,1984,1,0,0,1985,CartesianTarget,1,False,True,True,False,0.0,-90.0,90.000015,0.0,89.999985,0.0,445.0,0.0,809.999878,180.0,0.0,180.0,False,True,
873,/kuka/axis_move/feedback_json,std_msgs/msg/String,2026-08-18T20:42:13.039355-04:00,1787100133,39343447,1787100133039343447,155.083427,,,,1986,1985,1,0,0,1986,CartesianTarget,1,False,True,True,False,0.0,-90.0,90.000015,0.0,89.999985,0.0,445.0,0.0,809.999878,180.0,0.0,180.0,False,True,
874,/kuka/axis_move/feedback_json,std_msgs/msg/String,2026-08-18T20:42:13.149315-04:00,1787100133,149296745,1787100133149296745,109.953298,,,,1987,1986,1,0,0,1987,CartesianTarget,1,False,True,True,False,0.0,-90.0,90.000015,0.0,89.999985,0.0,445.0,0.0,809.999878,180.0,0.0,180.0,False,True,
875,/kuka/axis_move/feedback_json,std_msgs/msg/String,2026-08-18T20:42:13.255131-04:00,1787100133,255120453,1787100133255120453,105.823708,,,,1988,1987,1,0,0,1988,CartesianTarget,1,False,True,True,False,0.0,-90.0,90.000015,0.0,89.999985,0.0,445.0,0.0,809.999878,180.0,0.0,180.0,False,True,
876,/kuka/axis_move/feedback_json,std_msgs/msg/String,2026-08-18T20:42:13.366849-04:00,1787100133,366843602,1787100133366843602,111.723149,,,,1989,1988,1,0,0,1989,CartesianTarget,1,False,True,True,False,0.0,-90.0,90.000015,0.0,89.999985,0.0,445.0,0.0,809.999878,180.0,0.0,180.0,False,True,
877,/kuka/axis_move/feedback_json,std_msgs/msg/String,2026-08-18T20:42:13.473729-04:00,1787100133,473722228,1787100133473722228,106.878626,,,,1990,1989,1,0,0,1990,CartesianTarget,1,False,True,True,False,0.0,-90.0,90.000015,0.0,89.999985,0.0,445.0,0.0,809.999878,180.0,0.0,180.0,False,True,
878,/kuka/axis_move/feedback_json,std_msgs/msg/String,2026-08-18T20:42:13.640521-04:00,1787100133,640515257,1787100133640515257,166.793029,,,,1991,1990,1,0,0,1991,CartesianTarget,1,False,True,True,False,0.0,-90.0,90.000015,0.0,89.999985,0.0,445.0,0.0,809.999878,180.0,0.0,180.0,False,True,
879,/kuka/axis_move/feedback_json,std_msgs/msg/String,2026-08-18T20:42:13.750669-04:00,1787100133,750658722,1787100133750658722,110.143465,,,,1992,1991,1,0,0,1992,CartesianTarget,1,False,True,True,False,0.0,-90.0,90.000015,0.0,89.999985,0.0,445.0,0.0,809.999878,180.0,0.0,180.0,False,True,
880,/kuka/axis_move/feedback_json,std_msgs/msg/String,2026-08-18T20:42:13.857555-04:00,1787100133,857549374,1787100133857549374,106.890652,,,,1993,1992,1,0,0,1993,CartesianTarget,1,False,True,True,False,0.0,-90.0,90.000015,0.0,89.999985,0.0,445.0,0.0,809.999878,180.0,0.0,180.0,False,True,
881,/kuka/axis_move/feedback_json,std_msgs/msg/String,2026-08-18T20:42:13.970887-04:00,1787100133,970875475,1787100133970875475,113.326101,,,,1994,1993,1,0,0,1994,CartesianTarget,1,False,True,True,False,0.0,-90.0,90.000015,0.0,89.999985,0.0,445.0,0.0,809.999878,180.0,0.0,180.0,False,True,
882,/kuka/axis_move/feedback_json,std_msgs/msg/String,2026-08-18T20:42:14.079514-04:00,1787100134,79506004,1787100134079506004,108.630529,,,,1995,1994,1,0,0,1995,CartesianTarget,1,False,True,True,False,0.0,-90.0,90.000015,0.0,89.999985,0.0,445.0,0.0,809.999878,180.0,0.0,180.0,False,True,
883,/kuka/axis_move/feedback_json,std_msgs/msg/String,2026-08-18T20:42:14.243296-04:00,1787100134,243290015,1787100134243290015,163.784011,,,,1996,1995,1,0,0,1996,CartesianTarget,1,False,True,True,False,0.0,-90.0,90.000015,0.0,89.999985,0.0,445.0,0.0,809.999878,180.0,0.0,180.0,False,True,
884,/kuka/axis_move/feedback_json,std_msgs/msg/String,2026-08-18T20:42:14.354731-04:00,1787100134,354719573,1787100134354719573,111.429558,,,,1997,1996,1,0,0,1997,CartesianTarget,1,False,True,True,False,0.0,-90.0,90.000015,0.0,89.999985,0.0,445.0,0.0,809.999878,180.0,0.0,180.0,False,True,
885,/kuka/axis_move/feedback_json,std_msgs/msg/String,2026-08-18T20:42:14.463131-04:00,1787100134,463125418,1787100134463125418,108.405845,,,,1998,1997,1,0,0,1998,CartesianTarget,1,False,True,True,False,0.0,-90.0,90.000015,0.0,89.999985,0.0,445.0,0.0,809.999878,180.0,0.0,180.0,False,True,
886,/kuka/axis_move/feedback_json,std_msgs/msg/String,2026-08-18T20:42:14.574091-04:00,1787100134,574081602,1787100134574081602,110.956184,,,,1999,1998,1,0,0,1999,CartesianTarget,1,False,True,True,False,0.0,-90.0,90.000015,0.0,89.999985,0.0,445.0,0.0,809.999878,180.0,0.0,180.0,False,True,
887,/kuka/axis_move/feedback_json,std_msgs/msg/String,2026-08-18T20:42:14.682297-04:00,1787100134,682281388,1787100134682281388,108.199786,,,,2000,1999,1,0,0,2000,CartesianTarget,1,False,True,True,False,0.0,-90.0,90.000015,0.0,89.999985,0.0,445.0,0.0,809.999878,180.0,0.0,180.0,False,True,
888,/kuka/axis_move/feedback_json,std_msgs/msg/String,2026-08-18T20:42:14.844255-04:00,1787100134,844233886,1787100134844233886,161.952498,,,,2001,2000,1,0,0,2001,CartesianTarget,1,False,True,True,False,0.0,-90.0,90.000015,0.0,89.999985,0.0,445.0,0.0,809.999878,180.0,0.0,180.0,False,True,
889,/kuka/axis_move/feedback_json,std_msgs/msg/String,2026-08-18T20:42:14.950116-04:00,1787100134,950100598,1787100134950100598,105.866712,,,,2002,2001,1,0,0,2002,CartesianTarget,1,False,True,True,False,0.0,-90.0,90.000015,0.0,89.999985,0.0,445.0,0.0,809.999878,180.0,0.0,180.0,False,True,
890,/kuka/axis_move/feedback_json,std_msgs/msg/String,2026-08-18T20:42:15.057041-04:00,1787100135,57035303,1787100135057035303,106.934705,,,,2003,2002,1,0,0,2003,CartesianTarget,1,False,True,True,False,0.0,-90.0,90.000015,0.0,89.999985,0.0,445.0,0.0,809.999878,180.0,0.0,180.0,False,True,
891,/kuka/axis_move/feedback_json,std_msgs/msg/String,2026-08-18T20:42:15.164458-04:00,1787100135,164416716,1787100135164416716,107.381413,,,,2004,2003,1,0,0,2004,CartesianTarget,1,False,True,True,False,0.0,-90.0,90.000015,0.0,89.999985,0.0,445.0,0.0,809.999878,180.0,0.0,180.0,False,True,
892,/kuka/axis_move/feedback_json,std_msgs/msg/String,2026-08-18T20:42:15.266709-04:00,1787100135,266703289,1787100135266703289,102.286573,,,,2005,2004,1,0,0,2005,CartesianTarget,1,False,True,True,False,0.0,-90.0,90.000015,0.0,89.999985,0.0,445.0,0.0,809.999878,180.0,0.0,180.0,False,True,
893,/kuka/axis_move/feedback_json,std_msgs/msg/String,2026-08-18T20:42:15.422543-04:00,1787100135,422537742,1787100135422537742,155.834453,,,,2006,2005,1,0,0,2006,CartesianTarget,1,False,True,True,False,0.0,-90.0,90.000015,0.0,89.999985,0.0,445.0,0.0,809.999878,180.0,0.0,180.0,False,True,
894,/kuka/axis_move/feedback_json,std_msgs/msg/String,2026-08-18T20:42:15.526788-04:00,1787100135,526777637,1787100135526777637,104.239895,,,,2007,2006,1,0,0,2007,CartesianTarget,1,False,True,True,False,0.0,-90.0,90.000015,0.0,89.999985,0.0,445.0,0.0,809.999878,180.0,0.0,180.0,False,True,
895,/kuka/axis_move/feedback_json,std_msgs/msg/String,2026-08-18T20:42:15.641076-04:00,1787100135,641065312,1787100135641065312,114.287675,,,,2008,2007,1,0,0,2008,CartesianTarget,1,False,True,True,False,0.0,-90.0,90.000015,0.0,89.999985,0.0,445.0,0.0,809.999878,180.0,0.0,180.0,False,True,
896,/kuka/axis_move/feedback_json,std_msgs/msg/String,2026-08-18T20:42:15.748616-04:00,1787100135,748610040,1787100135748610040,107.544728,,,,2009,2008,1,0,0,2009,CartesianTarget,1,False,True,True,False,0.0,-90.0,90.000015,0.0,89.999985,0.0,445.0,0.0,809.999878,180.0,0.0,180.0,False,True,
897,/kuka/axis_move/feedback_json,std_msgs/msg/String,2026-08-18T20:42:15.861155-04:00,1787100135,861139589,1787100135861139589,112.529549,,,,2010,2009,1,0,0,2010,CartesianTarget,1,False,True,True,False,0.0,-90.0,90.000015,0.0,89.999985,0.0,445.0,0.0,809.999878,180.0,0.0,180.0,False,True,
898,/kuka/axis_move/feedback_json,std_msgs/msg/String,2026-08-18T20:42:16.024833-04:00,1787100136,24821951,1787100136024821951,163.682362,,,,2011,2010,1,0,0,2011,CartesianTarget,1,False,True,True,False,0.0,-90.0,90.000015,0.0,89.999985,0.0,445.0,0.0,809.999878,180.0,0.0,180.0,False,True,
899,/kuka/axis_move/feedback_json,std_msgs/msg/String,2026-08-18T20:42:16.133552-04:00,1787100136,133533248,1787100136133533248,108.711297,,,,2012,2011,1,0,0,2012,CartesianTarget,1,False,True,True,False,0.0,-90.0,90.000015,0.0,89.999985,0.0,445.0,0.0,809.999878,180.0,0.0,180.0,False,True,
900,/kuka/axis_move/feedback_json,std_msgs/msg/String,2026-08-18T20:42:16.241751-04:00,1787100136,241729900,1787100136241729900,108.196652,,,,2013,2012,1,0,0,2013,CartesianTarget,1,False,True,True,False,0.0,-90.0,90.000015,0.0,89.999985,0.0,445.0,0.0,809.999878,180.0,0.0,180.0,False,True,
901,/kuka/axis_move/feedback_json,std_msgs/msg/String,2026-08-18T20:42:16.350279-04:00,1787100136,350272612,1787100136350272612,108.542712,,,,2014,2013,1,0,0,2014,CartesianTarget,1,False,True,True,False,0.0,-90.0,90.000015,0.0,89.999985,0.0,445.0,0.0,809.999878,180.0,0.0,180.0,False,True,
902,/kuka/axis_move/feedback_json,std_msgs/msg/String,2026-08-18T20:42:16.463824-04:00,1787100136,463806109,1787100136463806109,113.533497,,,,2015,2014,1,0,0,2015,CartesianTarget,1,False,True,True,False,0.0,-90.0,90.000015,0.0,89.999985,0.0,445.0,0.0,809.999878,180.0,0.0,180.0,False,True,
903,/kuka/axis_move/feedback_json,std_msgs/msg/String,2026-08-18T20:42:16.624772-04:00,1787100136,624740760,1787100136624740760,160.934651,,,,2016,2015,1,0,0,2016,CartesianTarget,1,False,True,True,False,0.0,-90.0,90.000015,0.0,89.999985,0.0,445.0,0.0,809.999878,180.0,0.0,180.0,False,True,
904,/kuka/axis_move/feedback_json,std_msgs/msg/String,2026-08-18T20:42:16.733883-04:00,1787100136,733875776,1787100136733875776,109.135016,,,,2017,2016,1,0,0,2017,CartesianTarget,1,False,True,True,False,0.0,-90.0,90.000015,0.0,89.999985,0.0,445.0,0.0,809.999878,180.0,0.0,180.0,False,True,
905,/kuka/axis_move/feedback_json,std_msgs/msg/String,2026-08-18T20:42:16.844925-04:00,1787100136,844913526,1787100136844913526,111.03775,,,,2018,2017,1,0,0,2018,CartesianTarget,1,False,True,True,False,0.0,-90.0,90.000015,0.0,89.999985,0.0,445.0,0.0,809.999878,180.0,0.0,180.0,False,True,
906,/kuka/axis_move/feedback_json,std_msgs/msg/String,2026-08-18T20:42:16.952737-04:00,1787100136,952729222,1787100136952729222,107.815696,,,,2019,2018,1,0,0,2019,CartesianTarget,1,False,True,True,False,0.0,-90.0,90.000015,0.0,89.999985,0.0,445.0,0.0,809.999878,180.0,0.0,180.0,False,True,
907,/kuka/axis_move/feedback_json,std_msgs/msg/String,2026-08-18T20:42:17.060471-04:00,1787100137,60462577,1787100137060462577,107.733355,,,,2020,2019,1,0,0,2020,CartesianTarget,1,False,True,True,False,0.0,-90.0,90.000015,0.0,89.999985,0.0,445.0,0.0,809.999878,180.0,0.0,180.0,False,True,
908,/kuka/axis_move/feedback_json,std_msgs/msg/String,2026-08-18T20:42:17.220207-04:00,1787100137,220201083,1787100137220201083,159.738506,,,,2021,2020,1,0,0,2021,CartesianTarget,1,False,True,True,False,0.0,-90.0,90.000015,0.0,89.999985,0.0,445.0,0.0,809.999878,180.0,0.0,180.0,False,True,
909,/kuka/axis_move/feedback_json,std_msgs/msg/String,2026-08-18T20:42:17.333208-04:00,1787100137,333202264,1787100137333202264,113.001181,,,,2022,2021,1,0,0,2022,CartesianTarget,1,False,True,True,False,0.0,-90.0,90.000015,0.0,89.999985,0.0,445.0,0.0,809.999878,180.0,0.0,180.0,False,True,
910,/kuka/axis_move/feedback_json,std_msgs/msg/String,2026-08-18T20:42:17.440331-04:00,1787100137,440325348,1787100137440325348,107.123084,,,,2023,2022,1,0,0,2023,CartesianTarget,1,False,True,True,False,0.0,-90.0,90.000015,0.0,89.999985,0.0,445.0,0.0,809.999878,180.0,0.0,180.0,False,True,
911,/kuka/axis_move/feedback_json,std_msgs/msg/String,2026-08-18T20:42:17.547822-04:00,1787100137,547812449,1787100137547812449,107.487101,,,,2024,2023,1,0,0,2024,CartesianTarget,1,False,True,True,False,0.0,-90.0,90.000015,0.0,89.999985,0.0,445.0,0.0,809.999878,180.0,0.0,180.0,False,True,
912,/kuka/axis_move/feedback_json,std_msgs/msg/String,2026-08-18T20:42:17.653882-04:00,1787100137,653841994,1787100137653841994,106.029545,,,,2025,2024,1,0,0,2025,CartesianTarget,1,False,True,True,False,0.0,-90.0,90.000015,0.0,89.999985,0.0,445.0,0.0,809.999878,180.0,0.0,180.0,False,True,
913,/kuka/axis_move/feedback_json,std_msgs/msg/String,2026-08-18T20:42:17.809587-04:00,1787100137,809572549,1787100137809572549,155.730555,,,,2026,2025,1,0,0,2026,CartesianTarget,1,False,True,True,False,0.0,-90.0,90.000015,0.0,89.999985,0.0,445.0,0.0,809.999878,180.0,0.0,180.0,False,True,
914,/kuka/axis_move/feedback_json,std_msgs/msg/String,2026-08-18T20:42:17.921972-04:00,1787100137,921966622,1787100137921966622,112.394073,,,,2027,2026,1,0,0,2027,CartesianTarget,1,False,True,True,False,0.0,-90.0,90.000015,0.0,89.999985,0.0,445.0,0.0,809.999878,180.0,0.0,180.0,False,True,
915,/kuka/axis_move/feedback_json,std_msgs/msg/String,2026-08-18T20:42:18.033649-04:00,1787100138,33644045,1787100138033644045,111.677423,,,,2028,2027,1,0,0,2028,CartesianTarget,1,False,True,True,False,0.0,-90.0,90.000015,0.0,89.999985,0.0,445.0,0.0,809.999878,180.0,0.0,180.0,False,True,
916,/kuka/axis_move/feedback_json,std_msgs/msg/String,2026-08-18T20:42:18.144801-04:00,1787100138,144786425,1787100138144786425,111.14238,,,,2029,2028,1,0,0,2029,CartesianTarget,1,False,True,True,False,0.0,-90.0,90.000015,0.0,89.999985,0.0,445.0,0.0,809.999878,180.0,0.0,180.0,False,True,
917,/kuka/axis_move/feedback_json,std_msgs/msg/String,2026-08-18T20:42:18.258308-04:00,1787100138,258293558,1787100138258293558,113.507133,,,,2030,2029,1,0,0,2030,CartesianTarget,1,False,True,True,False,0.0,-90.0,90.000015,0.0,89.999985,0.0,445.0,0.0,809.999878,180.0,0.0,180.0,False,True,
918,/kuka/axis_move/feedback_json,std_msgs/msg/String,2026-08-18T20:42:18.415111-04:00,1787100138,415102693,1787100138415102693,156.809135,,,,2031,2030,1,0,0,2031,CartesianTarget,1,False,True,True,False,0.0,-90.0,90.000015,0.0,89.999985,0.0,445.0,0.0,809.999878,180.0,0.0,180.0,False,True,
919,/kuka/axis_move/feedback_json,std_msgs/msg/String,2026-08-18T20:42:18.525037-04:00,1787100138,525015951,1787100138525015951,109.913258,,,,2032,2031,1,0,0,2032,CartesianTarget,1,False,True,True,False,0.0,-90.0,90.000015,0.0,89.999985,0.0,445.0,0.0,809.999878,180.0,0.0,180.0,False,True,
920,/kuka/axis_move/feedback_json,std_msgs/msg/String,2026-08-18T20:42:18.628516-04:00,1787100138,628510319,1787100138628510319,103.494368,,,,2033,2032,1,0,0,2033,CartesianTarget,1,False,True,True,False,0.0,-90.0,90.000015,0.0,89.999985,0.0,445.0,0.0,809.999878,180.0,0.0,180.0,False,True,
921,/kuka/axis_move/feedback_json,std_msgs/msg/String,2026-08-18T20:42:18.739729-04:00,1787100138,739718364,1787100138739718364,111.208045,,,,2034,2033,1,0,0,2034,CartesianTarget,1,False,True,True,False,0.0,-90.0,90.000015,0.0,89.999985,0.0,445.0,0.0,809.999878,180.0,0.0,180.0,False,True,
922,/kuka/axis_move/feedback_json,std_msgs/msg/String,2026-08-18T20:42:18.849145-04:00,1787100138,849137596,1787100138849137596,109.419232,,,,2035,2034,1,0,0,2035,CartesianTarget,1,False,True,True,False,0.0,-90.0,90.000015,0.0,89.999985,0.0,445.0,0.0,809.999878,180.0,0.0,180.0,False,True,
923,/kuka/axis_move/feedback_json,std_msgs/msg/String,2026-08-18T20:42:19.011523-04:00,1787100139,11511963,1787100139011511963,162.374367,,,,2036,2035,1,0,0,2036,CartesianTarget,1,False,True,True,False,0.0,-90.0,90.000015,0.0,89.999985,0.0,445.0,0.0,809.999878,180.0,0.0,180.0,False,True,
924,/kuka/axis_move/feedback_json,std_msgs/msg/String,2026-08-18T20:42:19.103771-04:00,1787100139,103763131,1787100139103763131,92.251168,,,,2037,2036,1,0,0,2037,CartesianTarget,1,False,True,True,False,0.0,-90.0,90.000015,0.0,89.999985,0.0,445.0,0.0,809.999878,180.0,0.0,180.0,False,True,
925,/kuka/axis_move/feedback_json,std_msgs/msg/String,2026-08-18T20:42:19.209328-04:00,1787100139,209318050,1787100139209318050,105.554919,,,,2038,2037,1,0,0,2038,CartesianTarget,1,False,True,True,False,0.0,-90.0,90.000015,0.0,89.999985,0.0,445.0,0.0,809.999878,180.0,0.0,180.0,False,True,
926,/kuka/axis_move/feedback_json,std_msgs/msg/String,2026-08-18T20:42:19.316455-04:00,1787100139,316429762,1787100139316429762,107.111712,,,,2039,2038,1,0,0,2039,CartesianTarget,1,False,True,True,False,0.0,-90.0,90.000015,0.0,89.999985,0.0,445.0,0.0,809.999878,180.0,0.0,180.0,False,True,
927,/kuka/axis_move/feedback_json,std_msgs/msg/String,2026-08-18T20:42:19.423372-04:00,1787100139,423355764,1787100139423355764,106.926002,,,,2040,2039,1,0,0,2040,CartesianTarget,1,False,True,True,False,0.0,-90.0,90.000015,0.0,89.999985,0.0,445.0,0.0,809.999878,180.0,0.0,180.0,False,True,
928,/kuka/axis_move/feedback_json,std_msgs/msg/String,2026-08-18T20:42:19.583648-04:00,1787100139,583624496,1787100139583624496,160.268732,,,,2041,2040,1,0,0,2041,CartesianTarget,1,False,True,True,False,0.0,-90.0,90.000015,0.0,89.999985,0.0,445.0,0.0,809.999878,180.0,0.0,180.0,False,True,
929,/kuka/axis_move/feedback_json,std_msgs/msg/String,2026-08-18T20:42:19.691084-04:00,1787100139,691074085,1787100139691074085,107.449589,,,,2042,2041,1,0,0,2042,CartesianTarget,1,False,True,True,False,0.0,-90.0,90.000015,0.0,89.999985,0.0,445.0,0.0,809.999878,180.0,0.0,180.0,False,True,
930,/kuka/axis_move/feedback_json,std_msgs/msg/String,2026-08-18T20:42:19.798996-04:00,1787100139,798990868,1787100139798990868,107.916783,,,,2043,2042,1,0,0,2043,CartesianTarget,1,False,True,True,False,0.0,-90.0,90.000015,0.0,89.999985,0.0,445.0,0.0,809.999878,180.0,0.0,180.0,False,True,
931,/kuka/axis_move/feedback_json,std_msgs/msg/String,2026-08-18T20:42:19.908047-04:00,1787100139,908035119,1787100139908035119,109.044251,,,,2044,2043,1,0,0,2044,CartesianTarget,1,False,True,True,False,0.0,-90.0,90.000015,0.0,89.999985,0.0,445.0,0.0,809.999878,180.0,0.0,180.0,False,True,
932,/kuka/axis_move/feedback_json,std_msgs/msg/String,2026-08-18T20:42:20.015255-04:00,1787100140,15243301,1787100140015243301,107.208182,,,,2045,2044,1,0,0,2045,CartesianTarget,1,False,True,True,False,0.0,-90.0,90.000015,0.0,89.999985,0.0,445.0,0.0,809.999878,180.0,0.0,180.0,False,True,
933,/kuka/axis_move/feedback_json,std_msgs/msg/String,2026-08-18T20:42:20.178477-04:00,1787100140,178465564,1787100140178465564,163.222263,,,,2046,2045,1,0,0,2046,CartesianTarget,1,False,True,True,False,0.0,-90.0,90.000015,0.0,89.999985,0.0,445.0,0.0,809.999878,180.0,0.0,180.0,False,True,
934,/kuka/axis_move/feedback_json,std_msgs/msg/String,2026-08-18T20:42:20.286549-04:00,1787100140,286538663,1787100140286538663,108.073099,,,,2047,2046,1,0,0,2047,CartesianTarget,1,False,True,True,False,0.0,-90.0,90.000015,0.0,89.999985,0.0,445.0,0.0,809.999878,180.0,0.0,180.0,False,True,
935,/kuka/axis_move/feedback_json,std_msgs/msg/String,2026-08-18T20:42:20.394608-04:00,1787100140,394596792,1787100140394596792,108.058129,,,,2048,2047,1,0,0,2048,CartesianTarget,1,False,True,True,False,0.0,-90.0,90.000015,0.0,89.999985,0.0,445.0,0.0,809.999878,180.0,0.0,180.0,False,True,
936,/kuka/axis_move/feedback_json,std_msgs/msg/String,2026-08-18T20:42:20.504814-04:00,1787100140,504803011,1787100140504803011,110.206219,,,,2049,2048,1,0,0,2049,CartesianTarget,1,False,True,True,False,0.0,-90.0,90.000015,0.0,89.999985,0.0,445.0,0.0,809.999878,180.0,0.0,180.0,False,True,
937,/kuka/axis_move/feedback_json,std_msgs/msg/String,2026-08-18T20:42:20.614479-04:00,1787100140,614463340,1787100140614463340,109.660329,,,,2050,2049,1,0,0,2050,CartesianTarget,1,False,True,True,False,0.0,-90.0,90.000015,0.0,89.999985,0.0,445.0,0.0,809.999878,180.0,0.0,180.0,False,True,
938,/kuka/axis_move/feedback_json,std_msgs/msg/String,2026-08-18T20:42:20.771289-04:00,1787100140,771283609,1787100140771283609,156.820269,,,,2051,2050,1,0,0,2051,CartesianTarget,1,False,True,True,False,0.0,-90.0,90.000015,0.0,89.999985,0.0,445.0,0.0,809.999878,180.0,0.0,180.0,False,True,
939,/kuka/axis_move/feedback_json,std_msgs/msg/String,2026-08-18T20:42:20.877985-04:00,1787100140,877980210,1787100140877980210,106.696601,,,,2052,2051,1,0,0,2052,CartesianTarget,1,False,True,True,False,0.0,-90.0,90.000015,0.0,89.999985,0.0,445.0,0.0,809.999878,180.0,0.0,180.0,False,True,
940,/kuka/axis_move/feedback_json,std_msgs/msg/String,2026-08-18T20:42:20.990087-04:00,1787100140,990080859,1787100140990080859,112.100649,,,,2053,2052,1,0,0,2053,CartesianTarget,1,False,True,True,False,0.0,-90.0,90.000015,0.0,89.999985,0.0,445.0,0.0,809.999878,180.0,0.0,180.0,False,True,
941,/kuka/axis_move/feedback_json,std_msgs/msg/String,2026-08-18T20:42:21.100494-04:00,1787100141,100488194,1787100141100488194,110.407335,,,,2054,2053,1,0,0,2054,CartesianTarget,1,False,True,True,False,0.0,-90.0,90.000015,0.0,89.999985,0.0,445.0,0.0,809.999878,180.0,0.0,180.0,False,True,
942,/kuka/axis_move/feedback_json,std_msgs/msg/String,2026-08-18T20:42:21.209243-04:00,1787100141,209232543,1787100141209232543,108.744349,,,,2055,2054,1,0,0,2055,CartesianTarget,1,False,True,True,False,0.0,-90.0,90.000015,0.0,89.999985,0.0,445.0,0.0,809.999878,180.0,0.0,180.0,False,True,
943,/kuka/axis_move/feedback_json,std_msgs/msg/String,2026-08-18T20:42:21.373409-04:00,1787100141,373404116,1787100141373404116,164.171573,,,,2056,2055,1,0,0,2056,CartesianTarget,1,False,True,True,False,0.0,-90.0,90.000015,0.0,89.999985,0.0,445.0,0.0,809.999878,180.0,0.0,180.0,False,True,
944,/kuka/axis_move/feedback_json,std_msgs/msg/String,2026-08-18T20:42:21.483205-04:00,1787100141,483194148,1787100141483194148,109.790032,,,,2057,2056,1,0,0,2057,CartesianTarget,1,False,True,True,False,0.0,-90.0,90.000015,0.0,89.999985,0.0,445.0,0.0,809.999878,180.0,0.0,180.0,False,True,
945,/kuka/axis_move/feedback_json,std_msgs/msg/String,2026-08-18T20:42:21.592840-04:00,1787100141,592829769,1787100141592829769,109.635621,,,,2058,2057,1,0,0,2058,CartesianTarget,1,False,True,True,False,0.0,-90.0,90.000015,0.0,89.999985,0.0,445.0,0.0,809.999878,180.0,0.0,180.0,False,True,
946,/kuka/axis_move/feedback_json,std_msgs/msg/String,2026-08-18T20:42:21.701935-04:00,1787100141,701924484,1787100141701924484,109.094715,,,,2059,2058,1,0,0,2059,CartesianTarget,1,False,True,True,False,0.0,-90.0,90.000015,0.0,89.999985,0.0,445.0,0.0,809.999878,180.0,0.0,180.0,False,True,
947,/kuka/axis_move/feedback_json,std_msgs/msg/String,2026-08-18T20:42:21.811490-04:00,1787100141,811412872,1787100141811412872,109.488388,,,,2060,2059,1,0,0,2060,CartesianTarget,1,False,True,True,False,0.0,-90.0,90.000015,0.0,89.999985,0.0,445.0,0.0,809.999878,180.0,0.0,180.0,False,True,
948,/kuka/axis_move/feedback_json,std_msgs/msg/String,2026-08-18T20:42:21.971127-04:00,1787100141,971120464,1787100141971120464,159.707592,,,,2061,2060,1,0,0,2061,CartesianTarget,1,False,True,True,False,0.0,-90.0,90.000015,0.0,89.999985,0.0,445.0,0.0,809.999878,180.0,0.0,180.0,False,True,
949,/kuka/axis_move/feedback_json,std_msgs/msg/String,2026-08-18T20:42:22.078754-04:00,1787100142,78743842,1787100142078743842,107.623378,,,,2062,2061,1,0,0,2062,CartesianTarget,1,False,True,True,False,0.0,-90.0,90.000015,0.0,89.999985,0.0,445.0,0.0,809.999878,180.0,0.0,180.0,False,True,
950,/kuka/axis_move/feedback_json,std_msgs/msg/String,2026-08-18T20:42:22.189917-04:00,1787100142,189898718,1787100142189898718,111.154876,,,,2063,2062,1,0,0,2063,CartesianTarget,1,False,True,True,False,0.0,-90.0,90.000015,0.0,89.999985,0.0,445.0,0.0,809.999878,180.0,0.0,180.0,False,True,
951,/kuka/axis_move/feedback_json,std_msgs/msg/String,2026-08-18T20:42:22.301469-04:00,1787100142,301461958,1787100142301461958,111.56324,,,,2064,2063,1,0,0,2064,CartesianTarget,1,False,True,True,False,0.0,-90.0,90.000015,0.0,89.999985,0.0,445.0,0.0,809.999878,180.0,0.0,180.0,False,True,
952,/kuka/axis_move/feedback_json,std_msgs/msg/String,2026-08-18T20:42:22.409644-04:00,1787100142,409633247,1787100142409633247,108.171289,,,,2065,2064,1,0,0,2065,CartesianTarget,1,False,True,True,False,0.0,-90.0,90.000015,0.0,89.999985,0.0,445.0,0.0,809.999878,180.0,0.0,180.0,False,True,
953,/kuka/axis_move/feedback_json,std_msgs/msg/String,2026-08-18T20:42:22.574287-04:00,1787100142,574275649,1787100142574275649,164.642402,,,,2066,2065,1,0,0,2066,CartesianTarget,1,False,True,True,False,0.0,-90.0,90.000015,0.0,89.999985,0.0,445.0,0.0,809.999878,180.0,0.0,180.0,False,True,
954,/kuka/axis_move/feedback_json,std_msgs/msg/String,2026-08-18T20:42:22.685397-04:00,1787100142,685391072,1787100142685391072,111.115423,,,,2067,2066,1,0,0,2067,CartesianTarget,1,False,True,True,False,0.0,-90.0,90.000015,0.0,89.999985,0.0,445.0,0.0,809.999878,180.0,0.0,180.0,False,True,
955,/kuka/axis_move/feedback_json,std_msgs/msg/String,2026-08-18T20:42:22.797705-04:00,1787100142,797696714,1787100142797696714,112.305642,,,,2068,2067,1,0,0,2068,CartesianTarget,1,False,True,True,False,0.0,-90.0,90.000015,0.0,89.999985,0.0,445.0,0.0,809.999878,180.0,0.0,180.0,False,True,
956,/kuka/axis_move/feedback_json,std_msgs/msg/String,2026-08-18T20:42:22.905386-04:00,1787100142,905377041,1787100142905377041,107.680327,,,,2069,2068,1,0,0,2069,CartesianTarget,1,False,True,True,False,0.0,-90.0,90.000015,0.0,89.999985,0.0,445.0,0.0,809.999878,180.0,0.0,180.0,False,True,
957,/kuka/axis_move/feedback_json,std_msgs/msg/String,2026-08-18T20:42:23.017216-04:00,1787100143,17208391,1787100143017208391,111.83135,,,,2070,2069,1,0,0,2070,CartesianTarget,1,False,True,True,False,0.0,-90.0,90.000015,0.0,89.999985,0.0,445.0,0.0,809.999878,180.0,0.0,180.0,False,True,
958,/kuka/axis_move/feedback_json,std_msgs/msg/String,2026-08-18T20:42:23.181127-04:00,1787100143,181116200,1787100143181116200,163.907809,,,,2071,2070,1,0,0,2071,CartesianTarget,1,False,True,True,False,0.0,-90.0,90.000015,0.0,89.999985,0.0,445.0,0.0,809.999878,180.0,0.0,180.0,False,True,
959,/kuka/axis_move/feedback_json,std_msgs/msg/String,2026-08-18T20:42:23.289122-04:00,1787100143,289106406,1787100143289106406,107.990206,,,,2072,2071,1,0,0,2072,CartesianTarget,1,False,True,True,False,0.0,-90.0,90.000015,0.0,89.999985,0.0,445.0,0.0,809.999878,180.0,0.0,180.0,False,True,
960,/kuka/axis_move/feedback_json,std_msgs/msg/String,2026-08-18T20:42:23.396985-04:00,1787100143,396968843,1787100143396968843,107.862437,,,,2073,2072,1,0,0,2073,CartesianTarget,1,False,True,True,False,0.0,-90.0,90.000015,0.0,89.999985,0.0,445.0,0.0,809.999878,180.0,0.0,180.0,False,True,
961,/kuka/axis_move/feedback_json,std_msgs/msg/String,2026-08-18T20:42:23.505006-04:00,1787100143,504994295,1787100143504994295,108.025452,,,,2074,2073,1,0,0,2074,CartesianTarget,1,False,True,True,False,0.0,-90.0,90.000015,0.0,89.999985,0.0,445.0,0.0,809.999878,180.0,0.0,180.0,False,True,
962,/kuka/axis_move/feedback_json,std_msgs/msg/String,2026-08-18T20:42:23.612831-04:00,1787100143,612825631,1787100143612825631,107.831336,,,,2075,2074,1,0,0,2075,CartesianTarget,1,False,True,True,False,0.0,-90.0,90.000015,0.0,89.999985,0.0,445.0,0.0,809.999878,180.0,0.0,180.0,False,True,
963,/kuka/axis_move/feedback_json,std_msgs/msg/String,2026-08-18T20:42:23.774629-04:00,1787100143,774623939,1787100143774623939,161.798308,,,,2076,2075,1,0,0,2076,CartesianTarget,1,False,True,True,False,0.0,-90.0,90.000015,0.0,89.999985,0.0,445.0,0.0,809.999878,180.0,0.0,180.0,False,True,
964,/kuka/axis_move/feedback_json,std_msgs/msg/String,2026-08-18T20:42:23.889812-04:00,1787100143,889801848,1787100143889801848,115.177909,,,,2077,2076,1,0,0,2077,CartesianTarget,1,False,True,True,False,0.0,-90.0,90.000015,0.0,89.999985,0.0,445.0,0.0,809.999878,180.0,0.0,180.0,False,True,
965,/kuka/axis_move/feedback_json,std_msgs/msg/String,2026-08-18T20:42:24.002117-04:00,1787100144,2094871,1787100144002094871,112.293023,,,,2078,2077,1,0,0,2078,CartesianTarget,1,False,True,True,False,0.0,-90.0,90.000015,0.0,89.999985,0.0,445.0,0.0,809.999878,180.0,0.0,180.0,False,True,
966,/kuka/axis_move/feedback_json,std_msgs/msg/String,2026-08-18T20:42:24.112948-04:00,1787100144,112930408,1787100144112930408,110.835537,,,,2079,2078,1,0,0,2079,CartesianTarget,1,False,True,True,False,0.0,-90.0,90.000015,0.0,89.999985,0.0,445.0,0.0,809.999878,180.0,0.0,180.0,False,True,
967,/kuka/axis_move/feedback_json,std_msgs/msg/String,2026-08-18T20:42:24.221177-04:00,1787100144,221172146,1787100144221172146,108.241738,,,,2080,2079,1,0,0,2080,CartesianTarget,1,False,True,True,False,0.0,-90.0,90.000015,0.0,89.999985,0.0,445.0,0.0,809.999878,180.0,0.0,180.0,False,True,
968,/kuka/axis_move/feedback_json,std_msgs/msg/String,2026-08-18T20:42:24.385863-04:00,1787100144,385832188,1787100144385832188,164.660042,,,,2081,2080,1,0,0,2081,CartesianTarget,1,False,True,True,False,0.0,-90.0,90.000015,0.0,89.999985,0.0,445.0,0.0,809.999878,180.0,0.0,180.0,False,True,
969,/kuka/axis_move/feedback_json,std_msgs/msg/String,2026-08-18T20:42:24.496926-04:00,1787100144,496914801,1787100144496914801,111.082613,,,,2082,2081,1,0,0,2082,CartesianTarget,1,False,True,True,False,0.0,-90.0,90.000015,0.0,89.999985,0.0,445.0,0.0,809.999878,180.0,0.0,180.0,False,True,
970,/kuka/axis_move/feedback_json,std_msgs/msg/String,2026-08-18T20:42:24.605898-04:00,1787100144,605892349,1787100144605892349,108.977548,,,,2083,2082,1,0,0,2083,CartesianTarget,1,False,True,True,False,0.0,-90.0,90.000015,0.0,89.999985,0.0,445.0,0.0,809.999878,180.0,0.0,180.0,False,True,
971,/kuka/axis_move/feedback_json,std_msgs/msg/String,2026-08-18T20:42:24.709319-04:00,1787100144,709307454,1787100144709307454,103.415105,,,,2084,2083,1,0,0,2084,CartesianTarget,1,False,True,True,False,0.0,-90.0,90.000015,0.0,89.999985,0.0,445.0,0.0,809.999878,180.0,0.0,180.0,False,True,
972,/kuka/axis_move/feedback_json,std_msgs/msg/String,2026-08-18T20:42:24.820376-04:00,1787100144,820337739,1787100144820337739,111.030285,,,,2085,2084,1,0,0,2085,CartesianTarget,1,False,True,True,False,0.0,-90.0,90.000015,0.0,89.999985,0.0,445.0,0.0,809.999878,180.0,0.0,180.0,False,True,
973,/kuka/axis_move/feedback_json,std_msgs/msg/String,2026-08-18T20:42:24.979949-04:00,1787100144,979933463,1787100144979933463,159.595724,,,,2086,2085,1,0,0,2086,CartesianTarget,1,False,True,True,False,0.0,-90.0,90.000015,0.0,89.999985,0.0,445.0,0.0,809.999878,180.0,0.0,180.0,False,True,
974,/kuka/axis_move/feedback_json,std_msgs/msg/String,2026-08-18T20:42:25.069342-04:00,1787100145,69330884,1787100145069330884,89.397421,,,,2087,2086,1,0,0,2087,CartesianTarget,1,False,True,True,False,0.0,-90.0,90.000015,0.0,89.999985,0.0,445.0,0.0,809.999878,180.0,0.0,180.0,False,True,
975,/kuka/axis_move/feedback_json,std_msgs/msg/String,2026-08-18T20:42:25.182233-04:00,1787100145,182226830,1787100145182226830,112.895946,,,,2088,2087,1,0,0,2088,CartesianTarget,1,False,True,True,False,0.0,-90.0,90.000015,0.0,89.999985,0.0,445.0,0.0,809.999878,180.0,0.0,180.0,False,True,
976,/kuka/axis_move/feedback_json,std_msgs/msg/String,2026-08-18T20:42:25.288070-04:00,1787100145,288049731,1787100145288049731,105.822901,,,,2089,2088,1,0,0,2089,CartesianTarget,1,False,True,True,False,0.0,-90.0,90.000015,0.0,89.999985,0.0,445.0,0.0,809.999878,180.0,0.0,180.0,False,True,
977,/kuka/axis_move/feedback_json,std_msgs/msg/String,2026-08-18T20:42:25.396015-04:00,1787100145,396004542,1787100145396004542,107.954811,,,,2090,2089,1,0,0,2090,CartesianTarget,1,False,True,True,False,0.0,-90.0,90.000015,0.0,89.999985,0.0,445.0,0.0,809.999878,180.0,0.0,180.0,False,True,
978,/kuka/axis_move/feedback_json,std_msgs/msg/String,2026-08-18T20:42:25.567581-04:00,1787100145,567573338,1787100145567573338,171.568796,,,,2091,2090,1,0,0,2091,CartesianTarget,1,False,True,True,False,0.0,-90.0,90.000015,0.0,89.999985,0.0,445.0,0.0,809.999878,180.0,0.0,180.0,False,True,
979,/kuka/axis_move/feedback_json,std_msgs/msg/String,2026-08-18T20:42:25.679585-04:00,1787100145,679574491,1787100145679574491,112.001153,,,,2092,2091,1,0,0,2092,CartesianTarget,1,False,True,True,False,0.0,-90.0,90.000015,0.0,89.999985,0.0,445.0,0.0,809.999878,180.0,0.0,180.0,False,True,
980,/kuka/axis_move/feedback_json,std_msgs/msg/String,2026-08-18T20:42:25.791476-04:00,1787100145,791465217,1787100145791465217,111.890726,,,,2093,2092,1,0,0,2093,CartesianTarget,1,False,True,True,False,0.0,-90.0,90.000015,0.0,89.999985,0.0,445.0,0.0,809.999878,180.0,0.0,180.0,False,True,
981,/kuka/axis_move/feedback_json,std_msgs/msg/String,2026-08-18T20:42:25.903718-04:00,1787100145,903679561,1787100145903679561,112.214344,,,,2094,2093,1,0,0,2094,CartesianTarget,1,False,True,True,False,0.0,-90.0,90.000015,0.0,89.999985,0.0,445.0,0.0,809.999878,180.0,0.0,180.0,False,True,
982,/kuka/axis_move/feedback_json,std_msgs/msg/String,2026-08-18T20:42:26.063083-04:00,1787100146,63071522,1787100146063071522,159.391961,,,,2095,2094,1,0,0,2095,CartesianTarget,1,False,True,True,False,0.0,-90.0,90.000015,0.0,89.999985,0.0,445.0,0.0,809.999878,180.0,0.0,180.0,False,True,
983,/kuka/axis_move/feedback_json,std_msgs/msg/String,2026-08-18T20:42:26.173361-04:00,1787100146,173330222,1787100146173330222,110.2587,,,,2096,2095,1,0,0,2096,CartesianTarget,1,False,True,True,False,0.0,-90.0,90.000015,0.0,89.999985,0.0,445.0,0.0,809.999878,180.0,0.0,180.0,False,True,
984,/kuka/axis_move/feedback_json,std_msgs/msg/String,2026-08-18T20:42:26.283394-04:00,1787100146,283383429,1787100146283383429,110.053207,,,,2097,2096,1,0,0,2097,CartesianTarget,1,False,True,True,False,0.0,-90.0,90.000015,0.0,89.999985,0.0,445.0,0.0,809.999878,180.0,0.0,180.0,False,True,
985,/kuka/axis_move/feedback_json,std_msgs/msg/String,2026-08-18T20:42:26.392707-04:00,1787100146,392688944,1787100146392688944,109.305515,,,,2098,2097,1,0,0,2098,CartesianTarget,1,False,True,True,False,0.0,-90.0,90.000015,0.0,89.999985,0.0,445.0,0.0,809.999878,180.0,0.0,180.0,False,True,
986,/kuka/axis_move/feedback_json,std_msgs/msg/String,2026-08-18T20:42:26.498934-04:00,1787100146,498927871,1787100146498927871,106.238927,,,,2099,2098,1,0,0,2099,CartesianTarget,1,False,True,True,False,0.0,-90.0,90.000015,0.0,89.999985,0.0,445.0,0.0,809.999878,180.0,0.0,180.0,False,True,
987,/kuka/axis_move/feedback_json,std_msgs/msg/String,2026-08-18T20:42:26.662984-04:00,1787100146,662973379,1787100146662973379,164.045508,,,,2100,2099,1,0,0,2100,CartesianTarget,1,False,True,True,False,0.0,-90.0,90.000015,0.0,89.999985,0.0,445.0,0.0,809.999878,180.0,0.0,180.0,False,True,
988,/kuka/axis_move/feedback_json,std_msgs/msg/String,2026-08-18T20:42:26.772372-04:00,1787100146,772366681,1787100146772366681,109.393302,,,,2101,2100,1,0,0,2101,CartesianTarget,1,False,True,True,False,0.0,-90.0,90.000015,0.0,89.999985,0.0,445.0,0.0,809.999878,180.0,0.0,180.0,False,True,
989,/kuka/axis_move/feedback_json,std_msgs/msg/String,2026-08-18T20:42:26.882527-04:00,1787100146,882500685,1787100146882500685,110.134004,,,,2102,2101,1,0,0,2102,CartesianTarget,1,False,True,True,False,0.0,-90.0,90.000015,0.0,89.999985,0.0,445.0,0.0,809.999878,180.0,0.0,180.0,False,True,
990,/kuka/axis_move/feedback_json,std_msgs/msg/String,2026-08-18T20:42:26.990789-04:00,1787100146,990784084,1787100146990784084,108.283399,,,,2103,2102,1,0,0,2103,CartesianTarget,1,False,True,True,False,0.0,-90.0,90.000015,0.0,89.999985,0.0,445.0,0.0,809.999878,180.0,0.0,180.0,False,True,
991,/kuka/axis_move/feedback_json,std_msgs/msg/String,2026-08-18T20:42:27.096068-04:00,1787100147,96056110,1787100147096056110,105.272026,,,,2104,2103,1,0,0,2104,CartesianTarget,1,False,True,True,False,0.0,-90.0,90.000015,0.0,89.999985,0.0,445.0,0.0,809.999878,180.0,0.0,180.0,False,True,
992,/kuka/axis_move/feedback_json,std_msgs/msg/String,2026-08-18T20:42:27.253176-04:00,1787100147,253170821,1787100147253170821,157.114711,,,,2105,2104,1,0,0,2105,CartesianTarget,1,False,True,True,False,0.0,-90.0,90.000015,0.0,89.999985,0.0,445.0,0.0,809.999878,180.0,0.0,180.0,False,True,
993,/kuka/axis_move/feedback_json,std_msgs/msg/String,2026-08-18T20:42:27.363055-04:00,1787100147,363046026,1787100147363046026,109.875205,,,,2106,2105,1,0,0,2106,CartesianTarget,1,False,True,True,False,0.0,-90.0,90.000015,0.0,89.999985,0.0,445.0,0.0,809.999878,180.0,0.0,180.0,False,True,
994,/kuka/axis_move/feedback_json,std_msgs/msg/String,2026-08-18T20:42:27.470165-04:00,1787100147,470156692,1787100147470156692,107.110666,,,,2107,2106,1,0,0,2107,CartesianTarget,1,False,True,True,False,0.0,-90.0,90.000015,0.0,89.999985,0.0,445.0,0.0,809.999878,180.0,0.0,180.0,False,True,
995,/kuka/axis_move/feedback_json,std_msgs/msg/String,2026-08-18T20:42:27.580737-04:00,1787100147,580727772,1787100147580727772,110.57108,,,,2108,2107,1,0,0,2108,CartesianTarget,1,False,True,True,False,0.0,-90.0,90.000015,0.0,89.999985,0.0,445.0,0.0,809.999878,180.0,0.0,180.0,False,True,
996,/kuka/axis_move/feedback_json,std_msgs/msg/String,2026-08-18T20:42:27.686481-04:00,1787100147,686469899,1787100147686469899,105.742127,,,,2109,2108,1,0,0,2109,CartesianTarget,1,False,True,True,False,0.0,-90.0,90.000015,0.0,89.999985,0.0,445.0,0.0,809.999878,180.0,0.0,180.0,False,True,
997,/kuka/axis_move/feedback_json,std_msgs/msg/String,2026-08-18T20:42:27.842454-04:00,1787100147,842432348,1787100147842432348,155.962449,,,,2110,2109,1,0,0,2110,CartesianTarget,1,False,True,True,False,0.0,-90.0,90.000015,0.0,89.999985,0.0,445.0,0.0,809.999878,180.0,0.0,180.0,False,True,
998,/kuka/axis_move/feedback_json,std_msgs/msg/String,2026-08-18T20:42:27.952146-04:00,1787100147,952129695,1787100147952129695,109.697347,,,,2111,2110,1,0,0,2111,CartesianTarget,1,False,True,True,False,0.0,-90.0,90.000015,0.0,89.999985,0.0,445.0,0.0,809.999878,180.0,0.0,180.0,False,True,
999,/kuka/axis_move/feedback_json,std_msgs/msg/String,2026-08-18T20:42:28.059935-04:00,1787100148,59907261,1787100148059907261,107.777566,,,,2112,2111,1,0,0,2112,CartesianTarget,1,False,True,True,False,0.0,-90.0,90.000015,0.0,89.999985,0.0,445.0,0.0,809.999878,180.0,0.0,180.0,False,True,
1000,/kuka/axis_move/feedback_json,std_msgs/msg/String,2026-08-18T20:42:28.167568-04:00,1787100148,167557335,1787100148167557335,107.650074,,,,2113,2112,1,0,0,2113,CartesianTarget,1,False,True,True,False,0.0,-90.0,90.000015,0.0,89.999985,0.0,445.0,0.0,809.999878,180.0,0.0,180.0,False,True,
1001,/kuka/axis_move/feedback_json,std_msgs/msg/String,2026-08-18T20:42:28.275299-04:00,1787100148,275286786,1787100148275286786,107.729451,,,,2114,2113,1,0,0,2114,CartesianTarget,1,False,True,True,False,0.0,-90.0,90.000015,0.0,89.999985,0.0,445.0,0.0,809.999878,180.0,0.0,180.0,False,True,
1002,/kuka/axis_move/feedback_json,std_msgs/msg/String,2026-08-18T20:42:28.438018-04:00,1787100148,438012381,1787100148438012381,162.725595,,,,2115,2114,1,0,0,2115,CartesianTarget,1,False,True,True,False,0.0,-90.0,90.000015,0.0,89.999985,0.0,445.0,0.0,809.999878,180.0,0.0,180.0,False,True,
1003,/kuka/axis_move/feedback_json,std_msgs/msg/String,2026-08-18T20:42:28.545894-04:00,1787100148,545888327,1787100148545888327,107.875946,,,,2116,2115,1,0,0,2116,CartesianTarget,1,False,True,True,False,0.0,-90.0,90.000015,0.0,89.999985,0.0,445.0,0.0,809.999878,180.0,0.0,180.0,False,True,
1004,/kuka/axis_move/feedback_json,std_msgs/msg/String,2026-08-18T20:42:28.658130-04:00,1787100148,658119171,1787100148658119171,112.230844,,,,2117,2116,1,0,0,2117,CartesianTarget,1,False,True,True,False,0.0,-90.0,90.000015,0.0,89.999985,0.0,445.0,0.0,809.999878,180.0,0.0,180.0,False,True,
1005,/kuka/axis_move/feedback_json,std_msgs/msg/String,2026-08-18T20:42:28.765388-04:00,1787100148,765381689,1787100148765381689,107.262518,,,,2118,2117,1,0,0,2118,CartesianTarget,1,False,True,True,False,0.0,-90.0,90.000015,0.0,89.999985,0.0,445.0,0.0,809.999878,180.0,0.0,180.0,False,True,
1006,/kuka/axis_move/feedback_json,std_msgs/msg/String,2026-08-18T20:42:28.875788-04:00,1787100148,875776544,1787100148875776544,110.394855,,,,2119,2118,1,0,0,2119,CartesianTarget,1,False,True,True,False,0.0,-90.0,90.000015,0.0,89.999985,0.0,445.0,0.0,809.999878,180.0,0.0,180.0,False,True,
1007,/kuka/axis_move/feedback_json,std_msgs/msg/String,2026-08-18T20:42:29.031781-04:00,1787100149,31767198,1787100149031767198,155.990654,,,,2120,2119,1,0,0,2120,CartesianTarget,1,False,True,True,False,0.0,-90.0,90.000015,0.0,89.999985,0.0,445.0,0.0,809.999878,180.0,0.0,180.0,False,True,
1008,/kuka/axis_move/feedback_json,std_msgs/msg/String,2026-08-18T20:42:29.136060-04:00,1787100149,136044101,1787100149136044101,104.276903,,,,2121,2120,1,0,0,2121,CartesianTarget,1,False,True,True,False,0.0,-90.0,90.000015,0.0,89.999985,0.0,445.0,0.0,809.999878,180.0,0.0,180.0,False,True,
1009,/kuka/axis_move/feedback_json,std_msgs/msg/String,2026-08-18T20:42:29.244488-04:00,1787100149,244452677,1787100149244452677,108.408576,,,,2122,2121,1,0,0,2122,CartesianTarget,1,False,True,True,False,0.0,-90.0,90.000015,0.0,89.999985,0.0,445.0,0.0,809.999878,180.0,0.0,180.0,False,True,
1010,/kuka/axis_move/feedback_json,std_msgs/msg/String,2026-08-18T20:42:29.355959-04:00,1787100149,355948400,1787100149355948400,111.495723,,,,2123,2122,1,0,0,2123,CartesianTarget,1,False,True,True,False,0.0,-90.0,90.000015,0.0,89.999985,0.0,445.0,0.0,809.999878,180.0,0.0,180.0,False,True,
1011,/kuka/axis_move/feedback_json,std_msgs/msg/String,2026-08-18T20:42:29.465655-04:00,1787100149,465643345,1787100149465643345,109.694945,,,,2124,2123,1,0,0,2124,CartesianTarget,1,False,True,True,False,0.0,-90.0,90.000015,0.0,89.999985,0.0,445.0,0.0,809.999878,180.0,0.0,180.0,False,True,
1012,/kuka/axis_move/feedback_json,std_msgs/msg/String,2026-08-18T20:42:29.621893-04:00,1787100149,621886810,1787100149621886810,156.243465,,,,2125,2124,1,0,0,2125,CartesianTarget,1,False,True,True,False,0.0,-90.0,90.000015,0.0,89.999985,0.0,445.0,0.0,809.999878,180.0,0.0,180.0,False,True,
1013,/kuka/axis_move/feedback_json,std_msgs/msg/String,2026-08-18T20:42:29.710797-04:00,1787100149,710787346,1787100149710787346,88.900536,,,,2126,2125,1,0,0,2126,CartesianTarget,1,False,True,True,False,0.0,-90.0,90.000015,0.0,89.999985,0.0,445.0,0.0,809.999878,180.0,0.0,180.0,False,True,
1014,/kuka/axis_move/feedback_json,std_msgs/msg/String,2026-08-18T20:42:29.821210-04:00,1787100149,821203136,1787100149821203136,110.41579,,,,2127,2126,1,0,0,2127,CartesianTarget,1,False,True,True,False,0.0,-90.0,90.000015,0.0,89.999985,0.0,445.0,0.0,809.999878,180.0,0.0,180.0,False,True,
1015,/kuka/axis_move/feedback_json,std_msgs/msg/String,2026-08-18T20:42:29.931207-04:00,1787100149,931199334,1787100149931199334,109.996198,,,,2128,2127,1,0,0,2128,CartesianTarget,1,False,True,True,False,0.0,-90.0,90.000015,0.0,89.999985,0.0,445.0,0.0,809.999878,180.0,0.0,180.0,False,True,
1016,/kuka/axis_move/feedback_json,std_msgs/msg/String,2026-08-18T20:42:30.036726-04:00,1787100150,36706569,1787100150036706569,105.507235,,,,2129,2128,1,0,0,2129,CartesianTarget,1,False,True,True,False,0.0,-90.0,90.000015,0.0,89.999985,0.0,445.0,0.0,809.999878,180.0,0.0,180.0,False,True,
1017,/kuka/axis_move/feedback_json,std_msgs/msg/String,2026-08-18T20:42:30.193133-04:00,1787100150,193124850,1787100150193124850,156.418281,,,,2130,2129,1,0,0,2130,CartesianTarget,1,False,True,True,False,0.0,-90.0,90.000015,0.0,89.999985,0.0,445.0,0.0,809.999878,180.0,0.0,180.0,False,True,
1018,/kuka/axis_move/feedback_json,std_msgs/msg/String,2026-08-18T20:42:30.301064-04:00,1787100150,301057116,1787100150301057116,107.932266,,,,2131,2130,1,0,0,2131,CartesianTarget,1,False,True,True,False,0.0,-90.0,90.000015,0.0,89.999985,0.0,445.0,0.0,809.999878,180.0,0.0,180.0,False,True,
1019,/kuka/axis_move/feedback_json,std_msgs/msg/String,2026-08-18T20:42:30.409062-04:00,1787100150,409051635,1787100150409051635,107.994519,,,,2132,2131,1,0,0,2132,CartesianTarget,1,False,True,True,False,0.0,-90.0,90.000015,0.0,89.999985,0.0,445.0,0.0,809.999878,180.0,0.0,180.0,False,True,
1020,/kuka/axis_move/feedback_json,std_msgs/msg/String,2026-08-18T20:42:30.514403-04:00,1787100150,514392699,1787100150514392699,105.341064,,,,2133,2132,1,0,0,2133,CartesianTarget,1,False,True,True,False,0.0,-90.0,90.000015,0.0,89.999985,0.0,445.0,0.0,809.999878,180.0,0.0,180.0,False,True,
1021,/kuka/axis_move/feedback_json,std_msgs/msg/String,2026-08-18T20:42:30.618194-04:00,1787100150,618180481,1787100150618180481,103.787782,,,,2134,2133,1,0,0,2134,CartesianTarget,1,False,True,True,False,0.0,-90.0,90.000015,0.0,89.999985,0.0,445.0,0.0,809.999878,180.0,0.0,180.0,False,True,
1022,/kuka/axis_move/feedback_json,std_msgs/msg/String,2026-08-18T20:42:30.782100-04:00,1787100150,782094105,1787100150782094105,163.913624,,,,2135,2134,1,0,0,2135,CartesianTarget,1,False,True,True,False,0.0,-90.0,90.000015,0.0,89.999985,0.0,445.0,0.0,809.999878,180.0,0.0,180.0,False,True,
1023,/kuka/axis_move/feedback_json,std_msgs/msg/String,2026-08-18T20:42:30.890064-04:00,1787100150,890054178,1787100150890054178,107.960073,,,,2136,2135,1,0,0,2136,CartesianTarget,1,False,True,True,False,0.0,-90.0,90.000015,0.0,89.999985,0.0,445.0,0.0,809.999878,180.0,0.0,180.0,False,True,
1024,/kuka/axis_move/feedback_json,std_msgs/msg/String,2026-08-18T20:42:30.998284-04:00,1787100150,998273339,1787100150998273339,108.219161,,,,2137,2136,1,0,0,2137,CartesianTarget,1,False,True,True,False,0.0,-90.0,90.000015,0.0,89.999985,0.0,445.0,0.0,809.999878,180.0,0.0,180.0,False,True,
1025,/kuka/axis_move/feedback_json,std_msgs/msg/String,2026-08-18T20:42:31.108537-04:00,1787100151,108521311,1787100151108521311,110.247972,,,,2138,2137,1,0,0,2138,CartesianTarget,1,False,True,True,False,0.0,-90.0,90.000015,0.0,89.999985,0.0,445.0,0.0,809.999878,180.0,0.0,180.0,False,True,
1026,/kuka/axis_move/feedback_json,std_msgs/msg/String,2026-08-18T20:42:31.222422-04:00,1787100151,222413305,1787100151222413305,113.891994,,,,2139,2138,1,0,0,2139,CartesianTarget,1,False,True,True,False,0.0,-90.0,90.000015,0.0,89.999985,0.0,445.0,0.0,809.999878,180.0,0.0,180.0,False,True,
1027,/kuka/axis_move/feedback_json,std_msgs/msg/String,2026-08-18T20:42:31.384339-04:00,1787100151,384330283,1787100151384330283,161.916978,,,,2140,2139,1,0,0,2140,CartesianTarget,1,False,True,True,False,0.0,-90.0,90.000015,0.0,89.999985,0.0,445.0,0.0,809.999878,180.0,0.0,180.0,False,True,
1028,/kuka/axis_move/feedback_json,std_msgs/msg/String,2026-08-18T20:42:31.493698-04:00,1787100151,493687177,1787100151493687177,109.356894,,,,2141,2140,1,0,0,2141,CartesianTarget,1,False,True,True,False,0.0,-90.0,90.000015,0.0,89.999985,0.0,445.0,0.0,809.999878,180.0,0.0,180.0,False,True,
1029,/kuka/axis_move/feedback_json,std_msgs/msg/String,2026-08-18T20:42:31.602088-04:00,1787100151,602082120,1787100151602082120,108.394943,,,,2142,2141,1,0,0,2142,CartesianTarget,1,False,True,True,False,0.0,-90.0,90.000015,0.0,89.999985,0.0,445.0,0.0,809.999878,180.0,0.0,180.0,False,True,
1030,/kuka/axis_move/feedback_json,std_msgs/msg/String,2026-08-18T20:42:31.712783-04:00,1787100151,712772506,1787100151712772506,110.690386,,,,2143,2142,1,0,0,2143,CartesianTarget,1,False,True,True,False,0.0,-90.0,90.000015,0.0,89.999985,0.0,445.0,0.0,809.999878,180.0,0.0,180.0,False,True,
1031,/kuka/axis_move/feedback_json,std_msgs/msg/String,2026-08-18T20:42:31.820464-04:00,1787100151,820457806,1787100151820457806,107.6853,,,,2144,2143,1,0,0,2144,CartesianTarget,1,False,True,True,False,0.0,-90.0,90.000015,0.0,89.999985,0.0,445.0,0.0,809.999878,180.0,0.0,180.0,False,True,
1032,/kuka/axis_move/feedback_json,std_msgs/msg/String,2026-08-18T20:42:31.975959-04:00,1787100151,975951990,1787100151975951990,155.494184,,,,2145,2144,1,0,0,2145,CartesianTarget,1,False,True,True,False,0.0,-90.0,90.000015,0.0,89.999985,0.0,445.0,0.0,809.999878,180.0,0.0,180.0,False,True,
1033,/kuka/axis_move/feedback_json,std_msgs/msg/String,2026-08-18T20:42:32.085726-04:00,1787100152,85718020,1787100152085718020,109.76603,,,,2146,2145,1,0,0,2146,CartesianTarget,1,False,True,True,False,0.0,-90.0,90.000015,0.0,89.999985,0.0,445.0,0.0,809.999878,180.0,0.0,180.0,False,True,
1034,/kuka/axis_move/feedback_json,std_msgs/msg/String,2026-08-18T20:42:32.193068-04:00,1787100152,193050652,1787100152193050652,107.332632,,,,2147,2146,1,0,0,2147,CartesianTarget,1,False,True,True,False,0.0,-90.0,90.000015,0.0,89.999985,0.0,445.0,0.0,809.999878,180.0,0.0,180.0,False,True,
1035,/kuka/axis_move/feedback_json,std_msgs/msg/String,2026-08-18T20:42:32.303146-04:00,1787100152,303134776,1787100152303134776,110.084124,,,,2148,2147,1,0,0,2148,CartesianTarget,1,False,True,True,False,0.0,-90.0,90.000015,0.0,89.999985,0.0,445.0,0.0,809.999878,180.0,0.0,180.0,False,True,
1036,/kuka/axis_move/feedback_json,std_msgs/msg/String,2026-08-18T20:42:32.412983-04:00,1787100152,412977595,1787100152412977595,109.842819,,,,2149,2148,1,0,0,2149,CartesianTarget,1,False,True,True,False,0.0,-90.0,90.000015,0.0,89.999985,0.0,445.0,0.0,809.999878,180.0,0.0,180.0,False,True,
1037,/kuka/axis_move/feedback_json,std_msgs/msg/String,2026-08-18T20:42:32.573808-04:00,1787100152,573801343,1787100152573801343,160.823748,,,,2150,2149,1,0,0,2150,CartesianTarget,1,False,True,True,False,0.0,-90.0,90.000015,0.0,89.999985,0.0,445.0,0.0,809.999878,180.0,0.0,180.0,False,True,
1038,/kuka/axis_move/feedback_json,std_msgs/msg/String,2026-08-18T20:42:32.684868-04:00,1787100152,684857644,1787100152684857644,111.056301,,,,2151,2150,1,0,0,2151,CartesianTarget,1,False,True,True,False,0.0,-90.0,90.000015,0.0,89.999985,0.0,445.0,0.0,809.999878,180.0,0.0,180.0,False,True,
1039,/kuka/axis_move/feedback_json,std_msgs/msg/String,2026-08-18T20:42:32.796703-04:00,1787100152,796696008,1787100152796696008,111.838364,,,,2152,2151,1,0,0,2152,CartesianTarget,1,False,True,True,False,0.0,-90.0,90.000015,0.0,89.999985,0.0,445.0,0.0,809.999878,180.0,0.0,180.0,False,True,
1040,/kuka/axis_move/feedback_json,std_msgs/msg/String,2026-08-18T20:42:32.901474-04:00,1787100152,901467985,1787100152901467985,104.771977,,,,2153,2152,1,0,0,2153,CartesianTarget,1,False,True,True,False,0.0,-90.0,90.000015,0.0,89.999985,0.0,445.0,0.0,809.999878,180.0,0.0,180.0,False,True,
1041,/kuka/axis_move/feedback_json,std_msgs/msg/String,2026-08-18T20:42:33.007854-04:00,1787100153,7821927,1787100153007821927,106.353942,,,,2154,2153,1,0,0,2154,CartesianTarget,1,False,True,True,False,0.0,-90.0,90.000015,0.0,89.999985,0.0,445.0,0.0,809.999878,180.0,0.0,180.0,False,True,
1042,/kuka/axis_move/feedback_json,std_msgs/msg/String,2026-08-18T20:42:33.167825-04:00,1787100153,167812862,1787100153167812862,159.990935,,,,2155,2154,1,0,0,2155,CartesianTarget,1,False,True,True,False,0.0,-90.0,90.000015,0.0,89.999985,0.0,445.0,0.0,809.999878,180.0,0.0,180.0,False,True,
1043,/kuka/axis_move/feedback_json,std_msgs/msg/String,2026-08-18T20:42:33.262424-04:00,1787100153,262412830,1787100153262412830,94.599968,,,,2156,2155,1,0,0,2156,CartesianTarget,1,False,True,True,False,0.0,-90.0,90.000015,0.0,89.999985,0.0,445.0,0.0,809.999878,180.0,0.0,180.0,False,True,
1044,/kuka/axis_move/feedback_json,std_msgs/msg/String,2026-08-18T20:42:33.372966-04:00,1787100153,372932325,1787100153372932325,110.519495,,,,2157,2156,1,0,0,2157,CartesianTarget,1,False,True,True,False,0.0,-90.0,90.000015,0.0,89.999985,0.0,445.0,0.0,809.999878,180.0,0.0,180.0,False,True,
1045,/kuka/axis_move/feedback_json,std_msgs/msg/String,2026-08-18T20:42:33.480638-04:00,1787100153,480626041,1787100153480626041,107.693716,,,,2158,2157,1,0,0,2158,CartesianTarget,1,False,True,True,False,0.0,-90.0,90.000015,0.0,89.999985,0.0,445.0,0.0,809.999878,180.0,0.0,180.0,False,True,
1046,/kuka/axis_move/feedback_json,std_msgs/msg/String,2026-08-18T20:42:33.588669-04:00,1787100153,588657963,1787100153588657963,108.031922,,,,2159,2158,1,0,0,2159,CartesianTarget,1,False,True,True,False,0.0,-90.0,90.000015,0.0,89.999985,0.0,445.0,0.0,809.999878,180.0,0.0,180.0,False,True,
1047,/kuka/axis_move/feedback_json,std_msgs/msg/String,2026-08-18T20:42:33.744598-04:00,1787100153,744586843,1787100153744586843,155.92888,,,,2160,2159,1,0,0,2160,CartesianTarget,1,False,True,True,False,0.0,-90.0,90.000015,0.0,89.999985,0.0,445.0,0.0,809.999878,180.0,0.0,180.0,False,True,
1048,/kuka/axis_move/feedback_json,std_msgs/msg/String,2026-08-18T20:42:33.853265-04:00,1787100153,853259779,1787100153853259779,108.672936,,,,2161,2160,1,0,0,2161,CartesianTarget,1,False,True,True,False,0.0,-90.0,90.000015,0.0,89.999985,0.0,445.0,0.0,809.999878,180.0,0.0,180.0,False,True,
1049,/kuka/axis_move/feedback_json,std_msgs/msg/String,2026-08-18T20:42:33.961517-04:00,1787100153,961502405,1787100153961502405,108.242626,,,,2162,2161,1,0,0,2162,CartesianTarget,1,False,True,True,False,0.0,-90.0,90.000015,0.0,89.999985,0.0,445.0,0.0,809.999878,180.0,0.0,180.0,False,True,
1050,/kuka/axis_move/feedback_json,std_msgs/msg/String,2026-08-18T20:42:34.071613-04:00,1787100154,71603943,1787100154071603943,110.101538,,,,2163,2162,1,0,0,2163,CartesianTarget,1,False,True,True,False,0.0,-90.0,90.000015,0.0,89.999985,0.0,445.0,0.0,809.999878,180.0,0.0,180.0,False,True,
1051,/kuka/axis_move/feedback_json,std_msgs/msg/String,2026-08-18T20:42:34.178902-04:00,1787100154,178893295,1787100154178893295,107.289352,,,,2164,2163,1,0,0,2164,CartesianTarget,1,False,True,True,False,0.0,-90.0,90.000015,0.0,89.999985,0.0,445.0,0.0,809.999878,180.0,0.0,180.0,False,True,
1052,/kuka/axis_move/feedback_json,std_msgs/msg/String,2026-08-18T20:42:34.336967-04:00,1787100154,336960437,1787100154336960437,158.067142,,,,2165,2164,1,0,0,2165,CartesianTarget,1,False,True,True,False,0.0,-90.0,90.000015,0.0,89.999985,0.0,445.0,0.0,809.999878,180.0,0.0,180.0,False,True,
1053,/kuka/axis_move/feedback_json,std_msgs/msg/String,2026-08-18T20:42:34.443124-04:00,1787100154,443107306,1787100154443107306,106.146869,,,,2166,2165,1,0,0,2166,CartesianTarget,1,False,True,True,False,0.0,-90.0,90.000015,0.0,89.999985,0.0,445.0,0.0,809.999878,180.0,0.0,180.0,False,True,
1054,/kuka/axis_move/feedback_json,std_msgs/msg/String,2026-08-18T20:42:34.552032-04:00,1787100154,551986845,1787100154551986845,108.879539,,,,2167,2166,1,0,0,2167,CartesianTarget,1,False,True,True,False,0.0,-90.0,90.000015,0.0,89.999985,0.0,445.0,0.0,809.999878,180.0,0.0,180.0,False,True,
1055,/kuka/axis_move/feedback_json,std_msgs/msg/String,2026-08-18T20:42:34.659704-04:00,1787100154,659693560,1787100154659693560,107.706715,,,,2168,2167,1,0,0,2168,CartesianTarget,1,False,True,True,False,0.0,-90.0,90.000015,0.0,89.999985,0.0,445.0,0.0,809.999878,180.0,0.0,180.0,False,True,
1056,/kuka/axis_move/feedback_json,std_msgs/msg/String,2026-08-18T20:42:34.773257-04:00,1787100154,773251456,1787100154773251456,113.557896,,,,2169,2168,1,0,0,2169,CartesianTarget,1,False,True,True,False,0.0,-90.0,90.000015,0.0,89.999985,0.0,445.0,0.0,809.999878,180.0,0.0,180.0,False,True,
1057,/kuka/axis_move/feedback_json,std_msgs/msg/String,2026-08-18T20:42:34.935007-04:00,1787100154,934986490,1787100154934986490,161.735034,,,,2170,2169,1,0,0,2170,CartesianTarget,1,False,True,True,False,0.0,-90.0,90.000015,0.0,89.999985,0.0,445.0,0.0,809.999878,180.0,0.0,180.0,False,True,
1058,/kuka/axis_move/feedback_json,std_msgs/msg/String,2026-08-18T20:42:35.046704-04:00,1787100155,46683472,1787100155046683472,111.696982,,,,2171,2170,1,0,0,2171,CartesianTarget,1,False,True,True,False,0.0,-90.0,90.000015,0.0,89.999985,0.0,445.0,0.0,809.999878,180.0,0.0,180.0,False,True,
1059,/kuka/axis_move/feedback_json,std_msgs/msg/String,2026-08-18T20:42:35.154153-04:00,1787100155,154138904,1787100155154138904,107.455432,,,,2172,2171,1,0,0,2172,CartesianTarget,1,False,True,True,False,0.0,-90.0,90.000015,0.0,89.999985,0.0,445.0,0.0,809.999878,180.0,0.0,180.0,False,True,
1060,/kuka/axis_move/feedback_json,std_msgs/msg/String,2026-08-18T20:42:35.261615-04:00,1787100155,261593824,1787100155261593824,107.45492,,,,2173,2172,1,0,0,2173,CartesianTarget,1,False,True,True,False,0.0,-90.0,90.000015,0.0,89.999985,0.0,445.0,0.0,809.999878,180.0,0.0,180.0,False,True,
1061,/kuka/axis_move/feedback_json,std_msgs/msg/String,2026-08-18T20:42:35.374211-04:00,1787100155,374202575,1787100155374202575,112.608751,,,,2174,2173,1,0,0,2174,CartesianTarget,1,False,True,True,False,0.0,-90.0,90.000015,0.0,89.999985,0.0,445.0,0.0,809.999878,180.0,0.0,180.0,False,True,
1062,/kuka/axis_move/feedback_json,std_msgs/msg/String,2026-08-18T20:42:35.531501-04:00,1787100155,531494585,1787100155531494585,157.29201,,,,2175,2174,1,0,0,2175,CartesianTarget,1,False,True,True,False,0.0,-90.0,90.000015,0.0,89.999985,0.0,445.0,0.0,809.999878,180.0,0.0,180.0,False,True,
1063,/kuka/axis_move/feedback_json,std_msgs/msg/String,2026-08-18T20:42:35.645342-04:00,1787100155,645336343,1787100155645336343,113.841758,,,,2176,2175,1,0,0,2176,CartesianTarget,1,False,True,True,False,0.0,-90.0,90.000015,0.0,89.999985,0.0,445.0,0.0,809.999878,180.0,0.0,180.0,False,True,
1064,/kuka/axis_move/feedback_json,std_msgs/msg/String,2026-08-18T20:42:35.758270-04:00,1787100155,758254142,1787100155758254142,112.917799,,,,2177,2176,1,0,0,2177,CartesianTarget,1,False,True,True,False,0.0,-90.0,90.000015,0.0,89.999985,0.0,445.0,0.0,809.999878,180.0,0.0,180.0,False,True,
1065,/kuka/axis_move/feedback_json,std_msgs/msg/String,2026-08-18T20:42:35.869886-04:00,1787100155,869877930,1787100155869877930,111.623788,,,,2178,2177,1,0,0,2178,CartesianTarget,1,False,True,True,False,0.0,-90.0,90.000015,0.0,89.999985,0.0,445.0,0.0,809.999878,180.0,0.0,180.0,False,True,
1066,/kuka/axis_move/feedback_json,std_msgs/msg/String,2026-08-18T20:42:35.985109-04:00,1787100155,985097622,1787100155985097622,115.219692,,,,2179,2178,1,0,0,2179,CartesianTarget,1,False,True,True,False,0.0,-90.0,90.000015,0.0,89.999985,0.0,445.0,0.0,809.999878,180.0,0.0,180.0,False,True,
1067,/kuka/axis_move/feedback_json,std_msgs/msg/String,2026-08-18T20:42:36.146701-04:00,1787100156,146692912,1787100156146692912,161.59529,,,,2180,2179,1,0,0,2180,CartesianTarget,1,False,True,True,False,0.0,-90.0,90.000015,0.0,89.999985,0.0,445.0,0.0,809.999878,180.0,0.0,180.0,False,True,
1068,/kuka/axis_move/feedback_json,std_msgs/msg/String,2026-08-18T20:42:36.259626-04:00,1787100156,259616911,1787100156259616911,112.923999,,,,2181,2180,1,0,0,2181,CartesianTarget,1,False,True,True,False,0.0,-90.0,90.000015,0.0,89.999985,0.0,445.0,0.0,809.999878,180.0,0.0,180.0,False,True,
1069,/kuka/axis_move/feedback_json,std_msgs/msg/String,2026-08-18T20:42:36.373725-04:00,1787100156,373715020,1787100156373715020,114.098109,,,,2182,2181,1,0,0,2182,CartesianTarget,1,False,True,True,False,0.0,-90.0,90.000015,0.0,89.999985,0.0,445.0,0.0,809.999878,180.0,0.0,180.0,False,True,
1070,/kuka/axis_move/feedback_json,std_msgs/msg/String,2026-08-18T20:42:36.485735-04:00,1787100156,485723900,1787100156485723900,112.00888,,,,2183,2182,1,0,0,2183,CartesianTarget,1,False,True,True,False,0.0,-90.0,90.000015,0.0,89.999985,0.0,445.0,0.0,809.999878,180.0,0.0,180.0,False,True,
1071,/kuka/axis_move/feedback_json,std_msgs/msg/String,2026-08-18T20:42:36.643548-04:00,1787100156,643537249,1787100156643537249,157.813349,,,,2184,2183,1,0,0,2184,CartesianTarget,1,False,True,True,False,0.0,-90.0,90.000015,0.0,89.999985,0.0,445.0,0.0,809.999878,180.0,0.0,180.0,False,True,
1072,/kuka/axis_move/feedback_json,std_msgs/msg/String,2026-08-18T20:42:36.749083-04:00,1787100156,749072400,1787100156749072400,105.535151,,,,2185,2184,1,0,0,2185,CartesianTarget,1,False,True,True,False,0.0,-90.0,90.000015,0.0,89.999985,0.0,445.0,0.0,809.999878,180.0,0.0,180.0,False,True,
1073,/kuka/axis_move/feedback_json,std_msgs/msg/String,2026-08-18T20:42:36.857149-04:00,1787100156,857136246,1787100156857136246,108.063846,,,,2186,2185,1,0,0,2186,CartesianTarget,1,False,True,True,False,0.0,-90.0,90.000015,0.0,89.999985,0.0,445.0,0.0,809.999878,180.0,0.0,180.0,False,True,
1074,/kuka/axis_move/feedback_json,std_msgs/msg/String,2026-08-18T20:42:36.965673-04:00,1787100156,965663150,1787100156965663150,108.526904,,,,2187,2186,1,0,0,2187,CartesianTarget,1,False,True,True,False,0.0,-90.0,90.000015,0.0,89.999985,0.0,445.0,0.0,809.999878,180.0,0.0,180.0,False,True,
1075,/kuka/axis_move/feedback_json,std_msgs/msg/String,2026-08-18T20:42:37.077614-04:00,1787100157,77606607,1787100157077606607,111.943457,,,,2188,2187,1,0,0,2188,CartesianTarget,1,False,True,True,False,0.0,-90.0,90.000015,0.0,89.999985,0.0,445.0,0.0,809.999878,180.0,0.0,180.0,False,True,
1076,/kuka/axis_move/feedback_json,std_msgs/msg/String,2026-08-18T20:42:37.235689-04:00,1787100157,235682856,1787100157235682856,158.076249,,,,2189,2188,1,0,0,2189,CartesianTarget,1,False,True,True,False,0.0,-90.0,90.000015,0.0,89.999985,0.0,445.0,0.0,809.999878,180.0,0.0,180.0,False,True,
1077,/kuka/axis_move/feedback_json,std_msgs/msg/String,2026-08-18T20:42:37.345470-04:00,1787100157,345460836,1787100157345460836,109.77798,,,,2190,2189,1,0,0,2190,CartesianTarget,1,False,True,True,False,0.0,-90.0,90.000015,0.0,89.999985,0.0,445.0,0.0,809.999878,180.0,0.0,180.0,False,True,
1078,/kuka/axis_move/feedback_json,std_msgs/msg/String,2026-08-18T20:42:37.457364-04:00,1787100157,457346213,1787100157457346213,111.885377,,,,2191,2190,1,0,0,2191,CartesianTarget,1,False,True,True,False,0.0,-90.0,90.000015,0.0,89.999985,0.0,445.0,0.0,809.999878,180.0,0.0,180.0,False,True,
1079,/kuka/axis_move/feedback_json,std_msgs/msg/String,2026-08-18T20:42:37.566583-04:00,1787100157,566575518,1787100157566575518,109.229305,,,,2192,2191,1,0,0,2192,CartesianTarget,1,False,True,True,False,0.0,-90.0,90.000015,0.0,89.999985,0.0,445.0,0.0,809.999878,180.0,0.0,180.0,False,True,
1080,/kuka/axis_move/feedback_json,std_msgs/msg/String,2026-08-18T20:42:37.676893-04:00,1787100157,676887842,1787100157676887842,110.312324,,,,2193,2192,1,0,0,2193,CartesianTarget,1,False,True,True,False,0.0,-90.0,90.000015,0.0,89.999985,0.0,445.0,0.0,809.999878,180.0,0.0,180.0,False,True,
1081,/kuka/axis_move/feedback_json,std_msgs/msg/String,2026-08-18T20:42:37.836829-04:00,1787100157,836823043,1787100157836823043,159.935201,,,,2194,2193,1,0,0,2194,CartesianTarget,1,False,True,True,False,0.0,-90.0,90.000015,0.0,89.999985,0.0,445.0,0.0,809.999878,180.0,0.0,180.0,False,True,
1082,/kuka/axis_move/feedback_json,std_msgs/msg/String,2026-08-18T20:42:37.948808-04:00,1787100157,948773539,1787100157948773539,111.950496,,,,2195,2194,1,0,0,2195,CartesianTarget,1,False,True,True,False,0.0,-90.0,90.000015,0.0,89.999985,0.0,445.0,0.0,809.999878,180.0,0.0,180.0,False,True,
1083,/kuka/axis_move/feedback_json,std_msgs/msg/String,2026-08-18T20:42:38.059861-04:00,1787100158,59848875,1787100158059848875,111.075336,,,,2196,2195,1,0,0,2196,CartesianTarget,1,False,True,True,False,0.0,-90.0,90.000015,0.0,89.999985,0.0,445.0,0.0,809.999878,180.0,0.0,180.0,False,True,
1084,/kuka/axis_move/feedback_json,std_msgs/msg/String,2026-08-18T20:42:38.167554-04:00,1787100158,167530626,1787100158167530626,107.681751,,,,2197,2196,1,0,0,2197,CartesianTarget,1,False,True,True,False,0.0,-90.0,90.000015,0.0,89.999985,0.0,445.0,0.0,809.999878,180.0,0.0,180.0,False,True,
1085,/kuka/axis_move/feedback_json,std_msgs/msg/String,2026-08-18T20:42:38.274736-04:00,1787100158,274730702,1787100158274730702,107.200076,,,,2198,2197,1,0,0,2198,CartesianTarget,1,False,True,True,False,0.0,-90.0,90.000015,0.0,89.999985,0.0,445.0,0.0,809.999878,180.0,0.0,180.0,False,True,
1086,/kuka/axis_move/feedback_json,std_msgs/msg/String,2026-08-18T20:42:38.430316-04:00,1787100158,430290038,1787100158430290038,155.559336,,,,2199,2198,1,0,0,2199,CartesianTarget,1,False,True,True,False,0.0,-90.0,90.000015,0.0,89.999985,0.0,445.0,0.0,809.999878,180.0,0.0,180.0,False,True,
1087,/kuka/axis_move/feedback_json,std_msgs/msg/String,2026-08-18T20:42:38.540925-04:00,1787100158,540906815,1787100158540906815,110.616777,,,,2200,2199,1,0,0,2200,CartesianTarget,1,False,True,True,False,0.0,-90.0,90.000015,0.0,89.999985,0.0,445.0,0.0,809.999878,180.0,0.0,180.0,False,True,
1088,/kuka/axis_move/feedback_json,std_msgs/msg/String,2026-08-18T20:42:38.646776-04:00,1787100158,646761754,1787100158646761754,105.854939,,,,2201,2200,1,0,0,2201,CartesianTarget,1,False,True,True,False,0.0,-90.0,90.000015,0.0,89.999985,0.0,445.0,0.0,809.999878,180.0,0.0,180.0,False,True,
1089,/kuka/axis_move/feedback_json,std_msgs/msg/String,2026-08-18T20:42:38.757966-04:00,1787100158,757955554,1787100158757955554,111.1938,,,,2202,2201,1,0,0,2202,CartesianTarget,1,False,True,True,False,0.0,-90.0,90.000015,0.0,89.999985,0.0,445.0,0.0,809.999878,180.0,0.0,180.0,False,True,
1090,/kuka/axis_move/feedback_json,std_msgs/msg/String,2026-08-18T20:42:38.868580-04:00,1787100158,868567724,1787100158868567724,110.61217,,,,2203,2202,1,0,0,2203,CartesianTarget,1,False,True,True,False,0.0,-90.0,90.000015,0.0,89.999985,0.0,445.0,0.0,809.999878,180.0,0.0,180.0,False,True,
1091,/kuka/axis_move/feedback_json,std_msgs/msg/String,2026-08-18T20:42:39.028376-04:00,1787100159,28360196,1787100159028360196,159.792472,,,,2204,2203,1,0,0,2204,CartesianTarget,1,False,True,True,False,0.0,-90.0,90.000015,0.0,89.999985,0.0,445.0,0.0,809.999878,180.0,0.0,180.0,False,True,
1092,/kuka/axis_move/feedback_json,std_msgs/msg/String,2026-08-18T20:42:39.121689-04:00,1787100159,121677234,1787100159121677234,93.317038,,,,2205,2204,1,0,0,2205,CartesianTarget,1,False,True,True,False,0.0,-90.0,90.000015,0.0,89.999985,0.0,445.0,0.0,809.999878,180.0,0.0,180.0,False,True,
1093,/kuka/axis_move/feedback_json,std_msgs/msg/String,2026-08-18T20:42:39.234127-04:00,1787100159,234118248,1787100159234118248,112.441014,,,,2206,2205,1,0,0,2206,CartesianTarget,1,False,True,True,False,0.0,-90.0,90.000015,0.0,89.999985,0.0,445.0,0.0,809.999878,180.0,0.0,180.0,False,True,
1094,/kuka/axis_move/feedback_json,std_msgs/msg/String,2026-08-18T20:42:39.344460-04:00,1787100159,344448803,1787100159344448803,110.330555,,,,2207,2206,1,0,0,2207,CartesianTarget,1,False,True,True,False,0.0,-90.0,90.000015,0.0,89.999985,0.0,445.0,0.0,809.999878,180.0,0.0,180.0,False,True,
1095,/kuka/axis_move/feedback_json,std_msgs/msg/String,2026-08-18T20:42:39.459326-04:00,1787100159,459320643,1787100159459320643,114.87184,,,,2208,2207,1,0,0,2208,CartesianTarget,1,False,True,True,False,0.0,-90.0,90.000015,0.0,89.999985,0.0,445.0,0.0,809.999878,180.0,0.0,180.0,False,True,
1096,/kuka/axis_move/feedback_json,std_msgs/msg/String,2026-08-18T20:42:39.621556-04:00,1787100159,621543944,1787100159621543944,162.223301,,,,2209,2208,1,0,0,2209,CartesianTarget,1,False,True,True,False,0.0,-90.0,90.000015,0.0,89.999985,0.0,445.0,0.0,809.999878,180.0,0.0,180.0,False,True,
1097,/kuka/axis_move/feedback_json,std_msgs/msg/String,2026-08-18T20:42:39.729030-04:00,1787100159,729006309,1787100159729006309,107.462365,,,,2210,2209,1,0,0,2210,CartesianTarget,1,False,True,True,False,0.0,-90.0,90.000015,0.0,89.999985,0.0,445.0,0.0,809.999878,180.0,0.0,180.0,False,True,
1098,/kuka/axis_move/feedback_json,std_msgs/msg/String,2026-08-18T20:42:39.837991-04:00,1787100159,837983653,1787100159837983653,108.977344,,,,2211,2210,1,0,0,2211,CartesianTarget,1,False,True,True,False,0.0,-90.0,90.000015,0.0,89.999985,0.0,445.0,0.0,809.999878,180.0,0.0,180.0,False,True,
1099,/kuka/axis_move/feedback_json,std_msgs/msg/String,2026-08-18T20:42:39.943798-04:00,1787100159,943788132,1787100159943788132,105.804479,,,,2212,2211,1,0,0,2212,CartesianTarget,1,False,True,True,False,0.0,-90.0,90.000015,0.0,89.999985,0.0,445.0,0.0,809.999878,180.0,0.0,180.0,False,True,
1100,/kuka/axis_move/feedback_json,std_msgs/msg/String,2026-08-18T20:42:40.054371-04:00,1787100160,54364637,1787100160054364637,110.576505,,,,2213,2212,1,0,0,2213,CartesianTarget,1,False,True,True,False,0.0,-90.0,90.000015,0.0,89.999985,0.0,445.0,0.0,809.999878,180.0,0.0,180.0,False,True,
1101,/kuka/axis_move/feedback_json,std_msgs/msg/String,2026-08-18T20:42:40.209220-04:00,1787100160,209210091,1787100160209210091,154.845454,,,,2214,2213,1,0,0,2214,CartesianTarget,1,False,True,True,False,0.0,-90.0,90.000015,0.0,89.999985,0.0,445.0,0.0,809.999878,180.0,0.0,180.0,False,True,
1102,/kuka/axis_move/feedback_json,std_msgs/msg/String,2026-08-18T20:42:40.317684-04:00,1787100160,317658759,1787100160317658759,108.448668,,,,2215,2214,1,0,0,2215,CartesianTarget,1,False,True,True,False,0.0,-90.0,90.000015,0.0,89.999985,0.0,445.0,0.0,809.999878,180.0,0.0,180.0,False,True,
1103,/kuka/axis_move/feedback_json,std_msgs/msg/String,2026-08-18T20:42:40.425755-04:00,1787100160,425743971,1787100160425743971,108.085212,,,,2216,2215,1,0,0,2216,CartesianTarget,1,False,True,True,False,0.0,-90.0,90.000015,0.0,89.999985,0.0,445.0,0.0,809.999878,180.0,0.0,180.0,False,True,
1104,/kuka/axis_move/feedback_json,std_msgs/msg/String,2026-08-18T20:42:40.531626-04:00,1787100160,531620367,1787100160531620367,105.876396,,,,2217,2216,1,0,0,2217,CartesianTarget,1,False,True,True,False,0.0,-90.0,90.000015,0.0,89.999985,0.0,445.0,0.0,809.999878,180.0,0.0,180.0,False,True,
1105,/kuka/axis_move/feedback_json,std_msgs/msg/String,2026-08-18T20:42:40.643209-04:00,1787100160,643203131,1787100160643203131,111.582764,,,,2218,2217,1,0,0,2218,CartesianTarget,1,False,True,True,False,0.0,-90.0,90.000015,0.0,89.999985,0.0,445.0,0.0,809.999878,180.0,0.0,180.0,False,True,
1106,/kuka/axis_move/feedback_json,std_msgs/msg/String,2026-08-18T20:42:40.801572-04:00,1787100160,801547539,1787100160801547539,158.344408,,,,2219,2218,1,0,0,2219,CartesianTarget,1,False,True,True,False,0.0,-90.0,90.000015,0.0,89.999985,0.0,445.0,0.0,809.999878,180.0,0.0,180.0,False,True,
1107,/kuka/axis_move/feedback_json,std_msgs/msg/String,2026-08-18T20:42:40.912049-04:00,1787100160,912035713,1787100160912035713,110.488174,,,,2220,2219,1,0,0,2220,CartesianTarget,1,False,True,True,False,0.0,-90.0,90.000015,0.0,89.999985,0.0,445.0,0.0,809.999878,180.0,0.0,180.0,False,True,
1108,/kuka/axis_move/feedback_json,std_msgs/msg/String,2026-08-18T20:42:41.021313-04:00,1787100161,21304527,1787100161021304527,109.268814,,,,2221,2220,1,0,0,2221,CartesianTarget,1,False,True,True,False,0.0,-90.0,90.000015,0.0,89.999985,0.0,445.0,0.0,809.999878,180.0,0.0,180.0,False,True,
1109,/kuka/axis_move/feedback_json,std_msgs/msg/String,2026-08-18T20:42:41.131543-04:00,1787100161,131525501,1787100161131525501,110.220974,,,,2222,2221,1,0,0,2222,CartesianTarget,1,False,True,True,False,0.0,-90.0,90.000015,0.0,89.999985,0.0,445.0,0.0,809.999878,180.0,0.0,180.0,False,True,
1110,/kuka/axis_move/feedback_json,std_msgs/msg/String,2026-08-18T20:42:41.238046-04:00,1787100161,238040985,1787100161238040985,106.515484,,,,2223,2222,1,0,0,2223,CartesianTarget,1,False,True,True,False,0.0,-90.0,90.000015,0.0,89.999985,0.0,445.0,0.0,809.999878,180.0,0.0,180.0,False,True,
1111,/kuka/axis_move/feedback_json,std_msgs/msg/String,2026-08-18T20:42:41.397800-04:00,1787100161,397794048,1787100161397794048,159.753063,,,,2224,2223,1,0,0,2224,CartesianTarget,1,False,True,True,False,0.0,-90.0,90.000015,0.0,89.999985,0.0,445.0,0.0,809.999878,180.0,0.0,180.0,False,True,
1112,/kuka/axis_move/feedback_json,std_msgs/msg/String,2026-08-18T20:42:41.502912-04:00,1787100161,502905959,1787100161502905959,105.111911,,,,2225,2224,1,0,0,2225,CartesianTarget,1,False,True,True,False,0.0,-90.0,90.000015,0.0,89.999985,0.0,445.0,0.0,809.999878,180.0,0.0,180.0,False,True,
1113,/kuka/axis_move/feedback_json,std_msgs/msg/String,2026-08-18T20:42:41.612465-04:00,1787100161,612459283,1787100161612459283,109.553324,,,,2226,2225,1,0,0,2226,CartesianTarget,1,False,True,True,False,0.0,-90.0,90.000015,0.0,89.999985,0.0,445.0,0.0,809.999878,180.0,0.0,180.0,False,True,
1114,/kuka/axis_move/feedback_json,std_msgs/msg/String,2026-08-18T20:42:41.717912-04:00,1787100161,717905289,1787100161717905289,105.446006,,,,2227,2226,1,0,0,2227,CartesianTarget,1,False,True,True,False,0.0,-90.0,90.000015,0.0,89.999985,0.0,445.0,0.0,809.999878,180.0,0.0,180.0,False,True,
1115,/kuka/axis_move/feedback_json,std_msgs/msg/String,2026-08-18T20:42:41.824824-04:00,1787100161,824807851,1787100161824807851,106.902562,,,,2228,2227,1,0,0,2228,CartesianTarget,1,False,True,True,False,0.0,-90.0,90.000015,0.0,89.999985,0.0,445.0,0.0,809.999878,180.0,0.0,180.0,False,True,
1116,/kuka/axis_move/feedback_json,std_msgs/msg/String,2026-08-18T20:42:41.980630-04:00,1787100161,980612983,1787100161980612983,155.805132,,,,2229,2228,1,0,0,2229,CartesianTarget,1,False,True,True,False,0.0,-90.0,90.000015,0.0,89.999985,0.0,445.0,0.0,809.999878,180.0,0.0,180.0,False,True,
1117,/kuka/axis_move/feedback_json,std_msgs/msg/String,2026-08-18T20:42:42.088037-04:00,1787100162,88026163,1787100162088026163,107.41318,,,,2230,2229,1,0,0,2230,CartesianTarget,1,False,True,True,False,0.0,-90.0,90.000015,0.0,89.999985,0.0,445.0,0.0,809.999878,180.0,0.0,180.0,False,True,
1118,/kuka/axis_move/feedback_json,std_msgs/msg/String,2026-08-18T20:42:42.198827-04:00,1787100162,198816438,1787100162198816438,110.790275,,,,2231,2230,1,0,0,2231,CartesianTarget,1,False,True,True,False,0.0,-90.0,90.000015,0.0,89.999985,0.0,445.0,0.0,809.999878,180.0,0.0,180.0,False,True,
1119,/kuka/axis_move/feedback_json,std_msgs/msg/String,2026-08-18T20:42:42.311814-04:00,1787100162,311800375,1787100162311800375,112.983937,,,,2232,2231,1,0,0,2232,CartesianTarget,1,False,True,True,False,0.0,-90.0,90.000015,0.0,89.999985,0.0,445.0,0.0,809.999878,180.0,0.0,180.0,False,True,
1120,/kuka/axis_move/feedback_json,std_msgs/msg/String,2026-08-18T20:42:42.423145-04:00,1787100162,423133931,1787100162423133931,111.333556,,,,2233,2232,1,0,0,2233,CartesianTarget,1,False,True,True,False,0.0,-90.0,90.000015,0.0,89.999985,0.0,445.0,0.0,809.999878,180.0,0.0,180.0,False,True,
1121,/kuka/axis_move/feedback_json,std_msgs/msg/String,2026-08-18T20:42:42.580501-04:00,1787100162,580489556,1787100162580489556,157.355625,,,,2234,2233,1,0,0,2234,CartesianTarget,1,False,True,True,False,0.0,-90.0,90.000015,0.0,89.999985,0.0,445.0,0.0,809.999878,180.0,0.0,180.0,False,True,
1122,/kuka/axis_move/feedback_json,std_msgs/msg/String,2026-08-18T20:42:42.692729-04:00,1787100162,692714248,1787100162692714248,112.224692,,,,2235,2234,1,0,0,2235,CartesianTarget,1,False,True,True,False,0.0,-90.0,90.000015,0.0,89.999985,0.0,445.0,0.0,809.999878,180.0,0.0,180.0,False,True,
1123,/kuka/axis_move/feedback_json,std_msgs/msg/String,2026-08-18T20:42:42.802805-04:00,1787100162,802793162,1787100162802793162,110.078914,,,,2236,2235,1,0,0,2236,CartesianTarget,1,False,True,True,False,0.0,-90.0,90.000015,0.0,89.999985,0.0,445.0,0.0,809.999878,180.0,0.0,180.0,False,True,
1124,/kuka/axis_move/feedback_json,std_msgs/msg/String,2026-08-18T20:42:42.911343-04:00,1787100162,911337012,1787100162911337012,108.54385,,,,2237,2236,1,0,0,2237,CartesianTarget,1,False,True,True,False,0.0,-90.0,90.000015,0.0,89.999985,0.0,445.0,0.0,809.999878,180.0,0.0,180.0,False,True,
1125,/kuka/axis_move/feedback_json,std_msgs/msg/String,2026-08-18T20:42:43.019575-04:00,1787100163,19565525,1787100163019565525,108.228513,,,,2238,2237,1,0,0,2238,CartesianTarget,1,False,True,True,False,0.0,-90.0,90.000015,0.0,89.999985,0.0,445.0,0.0,809.999878,180.0,0.0,180.0,False,True,
1126,/kuka/axis_move/feedback_json,std_msgs/msg/String,2026-08-18T20:42:43.178516-04:00,1787100163,178500142,1787100163178500142,158.934617,,,,2239,2238,1,0,0,2239,CartesianTarget,1,False,True,True,False,0.0,-90.0,90.000015,0.0,89.999985,0.0,445.0,0.0,809.999878,180.0,0.0,180.0,False,True,
1127,/kuka/axis_move/feedback_json,std_msgs/msg/String,2026-08-18T20:42:43.290224-04:00,1787100163,290213482,1787100163290213482,111.71334,,,,2240,2239,1,0,0,2240,CartesianTarget,1,False,True,True,False,0.0,-90.0,90.000015,0.0,89.999985,0.0,445.0,0.0,809.999878,180.0,0.0,180.0,False,True,
1128,/kuka/axis_move/feedback_json,std_msgs/msg/String,2026-08-18T20:42:43.397995-04:00,1787100163,397984388,1787100163397984388,107.770906,,,,2241,2240,1,0,0,2241,CartesianTarget,1,False,True,True,False,0.0,-90.0,90.000015,0.0,89.999985,0.0,445.0,0.0,809.999878,180.0,0.0,180.0,False,True,
1129,/kuka/axis_move/feedback_json,std_msgs/msg/String,2026-08-18T20:42:43.510092-04:00,1787100163,510084236,1787100163510084236,112.099848,,,,2242,2241,1,0,0,2242,CartesianTarget,1,False,True,True,False,0.0,-90.0,90.000015,0.0,89.999985,0.0,445.0,0.0,809.999878,180.0,0.0,180.0,False,True,
1130,/kuka/axis_move/feedback_json,std_msgs/msg/String,2026-08-18T20:42:43.619018-04:00,1787100163,619010610,1787100163619010610,108.926374,,,,2243,2242,1,0,0,2243,CartesianTarget,1,False,True,True,False,0.0,-90.0,90.000015,0.0,89.999985,0.0,445.0,0.0,809.999878,180.0,0.0,180.0,False,True,
1131,/kuka/axis_move/feedback_json,std_msgs/msg/String,2026-08-18T20:42:43.777871-04:00,1787100163,777865018,1787100163777865018,158.854408,,,,2244,2243,1,0,0,2244,CartesianTarget,1,False,True,True,False,0.0,-90.0,90.000015,0.0,89.999985,0.0,445.0,0.0,809.999878,180.0,0.0,180.0,False,True,
1132,/kuka/axis_move/feedback_json,std_msgs/msg/String,2026-08-18T20:42:43.869718-04:00,1787100163,869711877,1787100163869711877,91.846859,,,,2245,2244,1,0,0,2245,CartesianTarget,1,False,True,True,False,0.0,-90.0,90.000015,0.0,89.999985,0.0,445.0,0.0,809.999878,180.0,0.0,180.0,False,True,
1133,/kuka/axis_move/feedback_json,std_msgs/msg/String,2026-08-18T20:42:43.981771-04:00,1787100163,981760545,1787100163981760545,112.048668,,,,2246,2245,1,0,0,2246,CartesianTarget,1,False,True,True,False,0.0,-90.0,90.000015,0.0,89.999985,0.0,445.0,0.0,809.999878,180.0,0.0,180.0,False,True,
1134,/kuka/axis_move/feedback_json,std_msgs/msg/String,2026-08-18T20:42:44.093497-04:00,1787100164,93472207,1787100164093472207,111.711662,,,,2247,2246,1,0,0,2247,CartesianTarget,1,False,True,True,False,0.0,-90.0,90.000015,0.0,89.999985,0.0,445.0,0.0,809.999878,180.0,0.0,180.0,False,True,
1135,/kuka/axis_move/feedback_json,std_msgs/msg/String,2026-08-18T20:42:44.201679-04:00,1787100164,201668767,1787100164201668767,108.19656,,,,2248,2247,1,0,0,2248,CartesianTarget,1,False,True,True,False,0.0,-90.0,90.000015,0.0,89.999985,0.0,445.0,0.0,809.999878,180.0,0.0,180.0,False,True,
1136,/kuka/axis_move/feedback_json,std_msgs/msg/String,2026-08-18T20:42:44.361755-04:00,1787100164,361740633,1787100164361740633,160.071866,,,,2249,2248,1,0,0,2249,CartesianTarget,1,False,True,True,False,0.0,-90.0,90.000015,0.0,89.999985,0.0,445.0,0.0,809.999878,180.0,0.0,180.0,False,True,
1137,/kuka/axis_move/feedback_json,std_msgs/msg/String,2026-08-18T20:42:44.473059-04:00,1787100164,473053923,1787100164473053923,111.31329,,,,2250,2249,1,0,0,2250,CartesianTarget,1,False,True,True,False,0.0,-90.0,90.000015,0.0,89.999985,0.0,445.0,0.0,809.999878,180.0,0.0,180.0,False,True,
1138,/kuka/axis_move/feedback_json,std_msgs/msg/String,2026-08-18T20:42:44.585307-04:00,1787100164,585300229,1787100164585300229,112.246306,,,,2251,2250,1,0,0,2251,CartesianTarget,1,False,True,True,False,0.0,-90.0,90.000015,0.0,89.999985,0.0,445.0,0.0,809.999878,180.0,0.0,180.0,False,True,
1139,/kuka/axis_move/feedback_json,std_msgs/msg/String,2026-08-18T20:42:44.694263-04:00,1787100164,694246103,1787100164694246103,108.945874,,,,2252,2251,1,0,0,2252,CartesianTarget,1,False,True,True,False,0.0,-90.0,90.000015,0.0,89.999985,0.0,445.0,0.0,809.999878,180.0,0.0,180.0,False,True,
1140,/kuka/axis_move/feedback_json,std_msgs/msg/String,2026-08-18T20:42:44.802598-04:00,1787100164,802591736,1787100164802591736,108.345633,,,,2253,2252,1,0,0,2253,CartesianTarget,1,False,True,True,False,0.0,-90.0,90.000015,0.0,89.999985,0.0,445.0,0.0,809.999878,180.0,0.0,180.0,False,True,
1141,/kuka/axis_move/feedback_json,std_msgs/msg/String,2026-08-18T20:42:44.962454-04:00,1787100164,962444513,1787100164962444513,159.852777,,,,2254,2253,1,0,0,2254,CartesianTarget,1,False,True,True,False,0.0,-90.0,90.000015,0.0,89.999985,0.0,445.0,0.0,809.999878,180.0,0.0,180.0,False,True,
1142,/kuka/axis_move/feedback_json,std_msgs/msg/String,2026-08-18T20:42:45.067514-04:00,1787100165,67493577,1787100165067493577,105.049064,,,,2255,2254,1,0,0,2255,CartesianTarget,1,False,True,True,False,0.0,-90.0,90.000015,0.0,89.999985,0.0,445.0,0.0,809.999878,180.0,0.0,180.0,False,True,
1143,/kuka/axis_move/feedback_json,std_msgs/msg/String,2026-08-18T20:42:45.174373-04:00,1787100165,174367232,1787100165174367232,106.873655,,,,2256,2255,1,0,0,2256,CartesianTarget,1,False,True,True,False,0.0,-90.0,90.000015,0.0,89.999985,0.0,445.0,0.0,809.999878,180.0,0.0,180.0,False,True,
1144,/kuka/axis_move/feedback_json,std_msgs/msg/String,2026-08-18T20:42:45.282634-04:00,1787100165,282623908,1787100165282623908,108.256676,,,,2257,2256,1,0,0,2257,CartesianTarget,1,False,True,True,False,0.0,-90.0,90.000015,0.0,89.999985,0.0,445.0,0.0,809.999878,180.0,0.0,180.0,False,True,
1145,/kuka/axis_move/feedback_json,std_msgs/msg/String,2026-08-18T20:42:45.393304-04:00,1787100165,393288569,1787100165393288569,110.664661,,,,2258,2257,1,0,0,2258,CartesianTarget,1,False,True,True,False,0.0,-90.0,90.000015,0.0,89.999985,0.0,445.0,0.0,809.999878,180.0,0.0,180.0,False,True,
1146,/kuka/axis_move/feedback_json,std_msgs/msg/String,2026-08-18T20:42:45.557613-04:00,1787100165,557604435,1787100165557604435,164.315866,,,,2259,2258,1,0,0,2259,CartesianTarget,1,False,True,True,False,0.0,-90.0,90.000015,0.0,89.999985,0.0,445.0,0.0,809.999878,180.0,0.0,180.0,False,True,
1147,/kuka/axis_move/feedback_json,std_msgs/msg/String,2026-08-18T20:42:45.662751-04:00,1787100165,662728256,1787100165662728256,105.123821,,,,2260,2259,1,0,0,2260,CartesianTarget,1,False,True,True,False,0.0,-90.0,90.000015,0.0,89.999985,0.0,445.0,0.0,809.999878,180.0,0.0,180.0,False,True,
1148,/kuka/axis_move/feedback_json,std_msgs/msg/String,2026-08-18T20:42:45.770093-04:00,1787100165,770087214,1787100165770087214,107.358958,,,,2261,2260,1,0,0,2261,CartesianTarget,1,False,True,True,False,0.0,-90.0,90.000015,0.0,89.999985,0.0,445.0,0.0,809.999878,180.0,0.0,180.0,False,True,
1149,/kuka/axis_move/feedback_json,std_msgs/msg/String,2026-08-18T20:42:45.876529-04:00,1787100165,876518173,1787100165876518173,106.430959,,,,2262,2261,1,0,0,2262,CartesianTarget,1,False,True,True,False,0.0,-90.0,90.000015,0.0,89.999985,0.0,445.0,0.0,809.999878,180.0,0.0,180.0,False,True,
1150,/kuka/axis_move/feedback_json,std_msgs/msg/String,2026-08-18T20:42:45.985752-04:00,1787100165,985746489,1787100165985746489,109.228316,,,,2263,2262,1,0,0,2263,CartesianTarget,1,False,True,True,False,0.0,-90.0,90.000015,0.0,89.999985,0.0,445.0,0.0,809.999878,180.0,0.0,180.0,False,True,
1151,/kuka/axis_move/feedback_json,std_msgs/msg/String,2026-08-18T20:42:46.146522-04:00,1787100166,146516321,1787100166146516321,160.769832,,,,2264,2263,1,0,0,2264,CartesianTarget,1,False,True,True,False,0.0,-90.0,90.000015,0.0,89.999985,0.0,445.0,0.0,809.999878,180.0,0.0,180.0,False,True,
1152,/kuka/axis_move/feedback_json,std_msgs/msg/String,2026-08-18T20:42:46.250819-04:00,1787100166,250808977,1787100166250808977,104.292656,,,,2265,2264,1,0,0,2265,CartesianTarget,1,False,True,True,False,0.0,-90.0,90.000015,0.0,89.999985,0.0,445.0,0.0,809.999878,180.0,0.0,180.0,False,True,
1153,/kuka/axis_move/feedback_json,std_msgs/msg/String,2026-08-18T20:42:46.366538-04:00,1787100166,366531912,1787100166366531912,115.722935,,,,2266,2265,1,0,0,2266,CartesianTarget,1,False,True,True,False,0.0,-90.0,90.000015,0.0,89.999985,0.0,445.0,0.0,809.999878,180.0,0.0,180.0,False,True,
1154,/kuka/axis_move/feedback_json,std_msgs/msg/String,2026-08-18T20:42:46.479398-04:00,1787100166,479389023,1787100166479389023,112.857111,,,,2267,2266,1,0,0,2267,CartesianTarget,1,False,True,True,False,0.0,-90.0,90.000015,0.0,89.999985,0.0,445.0,0.0,809.999878,180.0,0.0,180.0,False,True,
1155,/kuka/axis_move/feedback_json,std_msgs/msg/String,2026-08-18T20:42:46.592447-04:00,1787100166,592423738,1787100166592423738,113.034715,,,,2268,2267,1,0,0,2268,CartesianTarget,1,False,True,True,False,0.0,-90.0,90.000015,0.0,89.999985,0.0,445.0,0.0,809.999878,180.0,0.0,180.0,False,True,
1156,/kuka/axis_move/feedback_json,std_msgs/msg/String,2026-08-18T20:42:46.749625-04:00,1787100166,749619022,1787100166749619022,157.195284,,,,2269,2268,1,0,0,2269,CartesianTarget,1,False,True,True,False,0.0,-90.0,90.000015,0.0,89.999985,0.0,445.0,0.0,809.999878,180.0,0.0,180.0,False,True,
1157,/kuka/axis_move/feedback_json,std_msgs/msg/String,2026-08-18T20:42:46.860480-04:00,1787100166,860462918,1787100166860462918,110.843896,,,,2270,2269,1,0,0,2270,CartesianTarget,1,False,True,True,False,0.0,-90.0,90.000015,0.0,89.999985,0.0,445.0,0.0,809.999878,180.0,0.0,180.0,False,True,
1158,/kuka/axis_move/feedback_json,std_msgs/msg/String,2026-08-18T20:42:46.974012-04:00,1787100166,974004806,1787100166974004806,113.541888,,,,2271,2270,1,0,0,2271,CartesianTarget,1,False,True,True,False,0.0,-90.0,90.000015,0.0,89.999985,0.0,445.0,0.0,809.999878,180.0,0.0,180.0,False,True,
1159,/kuka/axis_move/feedback_json,std_msgs/msg/String,2026-08-18T20:42:47.084124-04:00,1787100167,84113969,1787100167084113969,110.109163,,,,2272,2271,1,0,0,2272,CartesianTarget,1,False,True,True,False,0.0,-90.0,90.000015,0.0,89.999985,0.0,445.0,0.0,809.999878,180.0,0.0,180.0,False,True,
1160,/kuka/axis_move/feedback_json,std_msgs/msg/String,2026-08-18T20:42:47.192034-04:00,1787100167,192022945,1787100167192022945,107.908976,,,,2273,2272,1,0,0,2273,CartesianTarget,1,False,True,True,False,0.0,-90.0,90.000015,0.0,89.999985,0.0,445.0,0.0,809.999878,180.0,0.0,180.0,False,True,
1161,/kuka/axis_move/feedback_json,std_msgs/msg/String,2026-08-18T20:42:47.357239-04:00,1787100167,357219471,1787100167357219471,165.196526,,,,2274,2273,1,0,0,2274,CartesianTarget,1,False,True,True,False,0.0,-90.0,90.000015,0.0,89.999985,0.0,445.0,0.0,809.999878,180.0,0.0,180.0,False,True,
1162,/kuka/axis_move/feedback_json,std_msgs/msg/String,2026-08-18T20:42:47.459703-04:00,1787100167,459696815,1787100167459696815,102.477344,,,,2275,2274,1,0,0,2275,CartesianTarget,1,False,True,True,False,0.0,-90.0,90.000015,0.0,89.999985,0.0,445.0,0.0,809.999878,180.0,0.0,180.0,False,True,
1163,/kuka/axis_move/feedback_json,std_msgs/msg/String,2026-08-18T20:42:47.567775-04:00,1787100167,567763807,1787100167567763807,108.066992,,,,2276,2275,1,0,0,2276,CartesianTarget,1,False,True,True,False,0.0,-90.0,90.000015,0.0,89.999985,0.0,445.0,0.0,809.999878,180.0,0.0,180.0,False,True,
1164,/kuka/axis_move/feedback_json,std_msgs/msg/String,2026-08-18T20:42:47.678791-04:00,1787100167,678785107,1787100167678785107,111.0213,,,,2277,2276,1,0,0,2277,CartesianTarget,1,False,True,True,False,0.0,-90.0,90.000015,0.0,89.999985,0.0,445.0,0.0,809.999878,180.0,0.0,180.0,False,True,
1165,/kuka/axis_move/feedback_json,std_msgs/msg/String,2026-08-18T20:42:47.787809-04:00,1787100167,787798867,1787100167787798867,109.01376,,,,2278,2277,1,0,0,2278,CartesianTarget,1,False,True,True,False,0.0,-90.0,90.000015,0.0,89.999985,0.0,445.0,0.0,809.999878,180.0,0.0,180.0,False,True,
1166,/kuka/axis_move/feedback_json,std_msgs/msg/String,2026-08-18T20:42:47.953517-04:00,1787100167,953510979,1787100167953510979,165.712112,,,,2279,2278,1,0,0,2279,CartesianTarget,1,False,True,True,False,0.0,-90.0,90.000015,0.0,89.999985,0.0,445.0,0.0,809.999878,180.0,0.0,180.0,False,True,
1167,/kuka/axis_move/feedback_json,std_msgs/msg/String,2026-08-18T20:42:48.062372-04:00,1787100168,62361963,1787100168062361963,108.850984,,,,2280,2279,1,0,0,2280,CartesianTarget,1,False,True,True,False,0.0,-90.0,90.000015,0.0,89.999985,0.0,445.0,0.0,809.999878,180.0,0.0,180.0,False,True,
1168,/kuka/axis_move/feedback_json,std_msgs/msg/String,2026-08-18T20:42:48.170138-04:00,1787100168,170125131,1787100168170125131,107.763168,,,,2281,2280,1,0,0,2281,CartesianTarget,1,False,True,True,False,0.0,-90.0,90.000015,0.0,89.999985,0.0,445.0,0.0,809.999878,180.0,0.0,180.0,False,True,
1169,/kuka/axis_move/feedback_json,std_msgs/msg/String,2026-08-18T20:42:48.279602-04:00,1787100168,279587629,1787100168279587629,109.462498,,,,2282,2281,1,0,0,2282,CartesianTarget,1,False,True,True,False,0.0,-90.0,90.000015,0.0,89.999985,0.0,445.0,0.0,809.999878,180.0,0.0,180.0,False,True,
1170,/kuka/axis_move/feedback_json,std_msgs/msg/String,2026-08-18T20:42:48.391285-04:00,1787100168,391279574,1787100168391279574,111.691945,,,,2283,2282,1,0,0,2283,CartesianTarget,1,False,True,True,False,0.0,-90.0,90.000015,0.0,89.999985,0.0,445.0,0.0,809.999878,180.0,0.0,180.0,False,True,
1171,/kuka/axis_move/feedback_json,std_msgs/msg/String,2026-08-18T20:42:48.554409-04:00,1787100168,554398718,1787100168554398718,163.119144,,,,2284,2283,1,0,0,2284,CartesianTarget,1,False,True,True,False,0.0,-90.0,90.000015,0.0,89.999985,0.0,445.0,0.0,809.999878,180.0,0.0,180.0,False,True,
1172,/kuka/axis_move/feedback_json,std_msgs/msg/String,2026-08-18T20:42:48.663635-04:00,1787100168,663623870,1787100168663623870,109.225152,,,,2285,2284,1,0,0,2285,CartesianTarget,1,False,True,True,False,0.0,-90.0,90.000015,0.0,89.999985,0.0,445.0,0.0,809.999878,180.0,0.0,180.0,False,True,
1173,/kuka/axis_move/feedback_json,std_msgs/msg/String,2026-08-18T20:42:48.771209-04:00,1787100168,771202456,1787100168771202456,107.578586,,,,2286,2285,1,0,0,2286,CartesianTarget,1,False,True,True,False,0.0,-90.0,90.000015,0.0,89.999985,0.0,445.0,0.0,809.999878,180.0,0.0,180.0,False,True,
1174,/kuka/axis_move/feedback_json,std_msgs/msg/String,2026-08-18T20:42:48.877003-04:00,1787100168,876995683,1787100168876995683,105.793227,,,,2287,2286,1,0,0,2287,CartesianTarget,1,False,True,True,False,0.0,-90.0,90.000015,0.0,89.999985,0.0,445.0,0.0,809.999878,180.0,0.0,180.0,False,True,
1175,/kuka/axis_move/feedback_json,std_msgs/msg/String,2026-08-18T20:42:48.983315-04:00,1787100168,983303766,1787100168983303766,106.308083,,,,2288,2287,1,0,0,2288,CartesianTarget,1,False,True,True,False,0.0,-90.0,90.000015,0.0,89.999985,0.0,445.0,0.0,809.999878,180.0,0.0,180.0,False,True,
1176,/kuka/axis_move/feedback_json,std_msgs/msg/String,2026-08-18T20:42:49.143363-04:00,1787100169,143351595,1787100169143351595,160.047829,,,,2289,2288,1,0,0,2289,CartesianTarget,1,False,True,True,False,0.0,-90.0,90.000015,0.0,89.999985,0.0,445.0,0.0,809.999878,180.0,0.0,180.0,False,True,
1177,/kuka/axis_move/feedback_json,std_msgs/msg/String,2026-08-18T20:42:49.249898-04:00,1787100169,249891400,1787100169249891400,106.539805,,,,2290,2289,1,0,0,2290,CartesianTarget,1,False,True,True,False,0.0,-90.0,90.000015,0.0,89.999985,0.0,445.0,0.0,809.999878,180.0,0.0,180.0,False,True,
1178,/kuka/axis_move/feedback_json,std_msgs/msg/String,2026-08-18T20:42:49.356277-04:00,1787100169,356263936,1787100169356263936,106.372536,,,,2291,2290,1,0,0,2291,CartesianTarget,1,False,True,True,False,0.0,-90.0,90.000015,0.0,89.999985,0.0,445.0,0.0,809.999878,180.0,0.0,180.0,False,True,
1179,/kuka/axis_move/feedback_json,std_msgs/msg/String,2026-08-18T20:42:49.467207-04:00,1787100169,467194996,1787100169467194996,110.93106,,,,2292,2291,1,0,0,2292,CartesianTarget,1,False,True,True,False,0.0,-90.0,90.000015,0.0,89.999985,0.0,445.0,0.0,809.999878,180.0,0.0,180.0,False,True,
1180,/kuka/axis_move/feedback_json,std_msgs/msg/String,2026-08-18T20:42:49.574833-04:00,1787100169,574823375,1787100169574823375,107.628379,,,,2293,2292,1,0,0,2293,CartesianTarget,1,False,True,True,False,0.0,-90.0,90.000015,0.0,89.999985,0.0,445.0,0.0,809.999878,180.0,0.0,180.0,False,True,
1181,/kuka/axis_move/feedback_json,std_msgs/msg/String,2026-08-18T20:42:49.741868-04:00,1787100169,741857364,1787100169741857364,167.033989,,,,2294,2293,1,0,0,2294,CartesianTarget,1,False,True,True,False,0.0,-90.0,90.000015,0.0,89.999985,0.0,445.0,0.0,809.999878,180.0,0.0,180.0,False,True,
1182,/kuka/axis_move/feedback_json,std_msgs/msg/String,2026-08-18T20:42:49.834738-04:00,1787100169,834729549,1787100169834729549,92.872185,,,,2295,2294,1,0,0,2295,CartesianTarget,1,False,True,True,False,0.0,-90.0,90.000015,0.0,89.999985,0.0,445.0,0.0,809.999878,180.0,0.0,180.0,False,True,
1183,/kuka/axis_move/feedback_json,std_msgs/msg/String,2026-08-18T20:42:49.943948-04:00,1787100169,943938456,1787100169943938456,109.208907,,,,2296,2295,1,0,0,2296,CartesianTarget,1,False,True,True,False,0.0,-90.0,90.000015,0.0,89.999985,0.0,445.0,0.0,809.999878,180.0,0.0,180.0,False,True,
1184,/kuka/axis_move/feedback_json,std_msgs/msg/String,2026-08-18T20:42:50.053635-04:00,1787100170,53604592,1787100170053604592,109.666136,,,,2297,2296,1,0,0,2297,CartesianTarget,1,False,True,True,False,0.0,-90.0,90.000015,0.0,89.999985,0.0,445.0,0.0,809.999878,180.0,0.0,180.0,False,True,
1185,/kuka/axis_move/feedback_json,std_msgs/msg/String,2026-08-18T20:42:50.159263-04:00,1787100170,159252051,1787100170159252051,105.647459,,,,2298,2297,1,0,0,2298,CartesianTarget,1,False,True,True,False,0.0,-90.0,90.000015,0.0,89.999985,0.0,445.0,0.0,809.999878,180.0,0.0,180.0,False,True,
1186,/kuka/axis_move/feedback_json,std_msgs/msg/String,2026-08-18T20:42:50.318655-04:00,1787100170,318644349,1787100170318644349,159.392298,,,,2299,2298,1,0,0,2299,CartesianTarget,1,False,True,True,False,0.0,-90.0,90.000015,0.0,89.999985,0.0,445.0,0.0,809.999878,180.0,0.0,180.0,False,True,
1187,/kuka/axis_move/feedback_json,std_msgs/msg/String,2026-08-18T20:42:50.425371-04:00,1787100170,425362277,1787100170425362277,106.717928,,,,2300,2299,1,0,0,2300,CartesianTarget,1,False,True,True,False,0.0,-90.0,90.000015,0.0,89.999985,0.0,445.0,0.0,809.999878,180.0,0.0,180.0,False,True,
1188,/kuka/axis_move/feedback_json,std_msgs/msg/String,2026-08-18T20:42:50.534641-04:00,1787100170,534623698,1787100170534623698,109.261421,,,,2301,2300,1,0,0,2301,CartesianTarget,1,False,True,True,False,0.0,-90.0,90.000015,0.0,89.999985,0.0,445.0,0.0,809.999878,180.0,0.0,180.0,False,True,
1189,/kuka/axis_move/feedback_json,std_msgs/msg/String,2026-08-18T20:42:50.644136-04:00,1787100170,644128362,1787100170644128362,109.504664,,,,2302,2301,1,0,0,2302,CartesianTarget,1,False,True,True,False,0.0,-90.0,90.000015,0.0,89.999985,0.0,445.0,0.0,809.999878,180.0,0.0,180.0,False,True,
1190,/kuka/axis_move/feedback_json,std_msgs/msg/String,2026-08-18T20:42:50.757885-04:00,1787100170,757873627,1787100170757873627,113.745265,,,,2303,2302,1,0,0,2303,CartesianTarget,1,False,True,True,False,0.0,-90.0,90.000015,0.0,89.999985,0.0,445.0,0.0,809.999878,180.0,0.0,180.0,False,True,
1191,/kuka/axis_move/feedback_json,std_msgs/msg/String,2026-08-18T20:42:50.918428-04:00,1787100170,918416344,1787100170918416344,160.542717,,,,2304,2303,1,0,0,2304,CartesianTarget,1,False,True,True,False,0.0,-90.0,90.000015,0.0,89.999985,0.0,445.0,0.0,809.999878,180.0,0.0,180.0,False,True,
1192,/kuka/axis_move/feedback_json,std_msgs/msg/String,2026-08-18T20:42:51.027065-04:00,1787100171,27053098,1787100171027053098,108.636754,,,,2305,2304,1,0,0,2305,CartesianTarget,1,False,True,True,False,0.0,-90.0,90.000015,0.0,89.999985,0.0,445.0,0.0,809.999878,180.0,0.0,180.0,False,True,
1193,/kuka/axis_move/feedback_json,std_msgs/msg/String,2026-08-18T20:42:51.133970-04:00,1787100171,133964035,1787100171133964035,106.910937,,,,2306,2305,1,0,0,2306,CartesianTarget,1,False,True,True,False,0.0,-90.0,90.000015,0.0,89.999985,0.0,445.0,0.0,809.999878,180.0,0.0,180.0,False,True,
1194,/kuka/axis_move/feedback_json,std_msgs/msg/String,2026-08-18T20:42:51.242517-04:00,1787100171,242498862,1787100171242498862,108.534827,,,,2307,2306,1,0,0,2307,CartesianTarget,1,False,True,True,False,0.0,-90.0,90.000015,0.0,89.999985,0.0,445.0,0.0,809.999878,180.0,0.0,180.0,False,True,
1195,/kuka/axis_move/feedback_json,std_msgs/msg/String,2026-08-18T20:42:51.350636-04:00,1787100171,350629244,1787100171350629244,108.130382,,,,2308,2307,1,0,0,2308,CartesianTarget,1,False,True,True,False,0.0,-90.0,90.000015,0.0,89.999985,0.0,445.0,0.0,809.999878,180.0,0.0,180.0,False,True,
1196,/kuka/axis_move/feedback_json,std_msgs/msg/String,2026-08-18T20:42:51.516193-04:00,1787100171,516161019,1787100171516161019,165.531775,,,,2309,2308,1,0,0,2309,CartesianTarget,1,False,True,True,False,0.0,-90.0,90.000015,0.0,89.999985,0.0,445.0,0.0,809.999878,180.0,0.0,180.0,False,True,
1197,/kuka/axis_move/feedback_json,std_msgs/msg/String,2026-08-18T20:42:51.621623-04:00,1787100171,621612171,1787100171621612171,105.451152,,,,2310,2309,1,0,0,2310,CartesianTarget,1,False,True,True,False,0.0,-90.0,90.000015,0.0,89.999985,0.0,445.0,0.0,809.999878,180.0,0.0,180.0,False,True,
1198,/kuka/axis_move/feedback_json,std_msgs/msg/String,2026-08-18T20:42:51.734212-04:00,1787100171,734186317,1787100171734186317,112.574146,,,,2311,2310,1,0,0,2311,CartesianTarget,1,False,True,True,False,0.0,-90.0,90.000015,0.0,89.999985,0.0,445.0,0.0,809.999878,180.0,0.0,180.0,False,True,
1199,/kuka/axis_move/feedback_json,std_msgs/msg/String,2026-08-18T20:42:51.842277-04:00,1787100171,842270395,1787100171842270395,108.084078,,,,2312,2311,1,0,0,2312,CartesianTarget,1,False,True,True,False,0.0,-90.0,90.000015,0.0,89.999985,0.0,445.0,0.0,809.999878,180.0,0.0,180.0,False,True,
1200,/kuka/axis_move/feedback_json,std_msgs/msg/String,2026-08-18T20:42:51.946647-04:00,1787100171,946614537,1787100171946614537,104.344142,,,,2313,2312,1,0,0,2313,CartesianTarget,1,False,True,True,False,0.0,-90.0,90.000015,0.0,89.999985,0.0,445.0,0.0,809.999878,180.0,0.0,180.0,False,True,
1201,/kuka/axis_move/feedback_json,std_msgs/msg/String,2026-08-18T20:42:52.113105-04:00,1787100172,113074959,1787100172113074959,166.460422,,,,2314,2313,1,0,0,2314,CartesianTarget,1,False,True,True,False,0.0,-90.0,90.000015,0.0,89.999985,0.0,445.0,0.0,809.999878,180.0,0.0,180.0,False,True,
1202,/kuka/axis_move/feedback_json,std_msgs/msg/String,2026-08-18T20:42:52.221089-04:00,1787100172,221081199,1787100172221081199,108.00624,,,,2315,2314,1,0,0,2315,CartesianTarget,1,False,True,True,False,0.0,-90.0,90.000015,0.0,89.999985,0.0,445.0,0.0,809.999878,180.0,0.0,180.0,False,True,
1203,/kuka/axis_move/feedback_json,std_msgs/msg/String,2026-08-18T20:42:52.329679-04:00,1787100172,329673165,1787100172329673165,108.591966,,,,2316,2315,1,0,0,2316,CartesianTarget,1,False,True,True,False,0.0,-90.0,90.000015,0.0,89.999985,0.0,445.0,0.0,809.999878,180.0,0.0,180.0,False,True,
1204,/kuka/axis_move/feedback_json,std_msgs/msg/String,2026-08-18T20:42:52.441768-04:00,1787100172,441752483,1787100172441752483,112.079318,,,,2317,2316,1,0,0,2317,CartesianTarget,1,False,True,True,False,0.0,-90.0,90.000015,0.0,89.999985,0.0,445.0,0.0,809.999878,180.0,0.0,180.0,False,True,
1205,/kuka/axis_move/feedback_json,std_msgs/msg/String,2026-08-18T20:42:52.548432-04:00,1787100172,548426582,1787100172548426582,106.674099,,,,2318,2317,1,0,0,2318,CartesianTarget,1,False,True,True,False,0.0,-90.0,90.000015,0.0,89.999985,0.0,445.0,0.0,809.999878,180.0,0.0,180.0,False,True,
1206,/kuka/axis_move/feedback_json,std_msgs/msg/String,2026-08-18T20:42:52.716381-04:00,1787100172,716374664,1787100172716374664,167.948082,,,,2319,2318,1,0,0,2319,CartesianTarget,1,False,True,True,False,0.0,-90.0,90.000015,0.0,89.999985,0.0,445.0,0.0,809.999878,180.0,0.0,180.0,False,True,
1207,/kuka/axis_move/feedback_json,std_msgs/msg/String,2026-08-18T20:42:52.830772-04:00,1787100172,830766314,1787100172830766314,114.39165,,,,2320,2319,1,0,0,2320,CartesianTarget,1,False,True,True,False,0.0,-90.0,90.000015,0.0,89.999985,0.0,445.0,0.0,809.999878,180.0,0.0,180.0,False,True,
1208,/kuka/axis_move/feedback_json,std_msgs/msg/String,2026-08-18T20:42:52.946083-04:00,1787100172,946057279,1787100172946057279,115.290965,,,,2321,2320,1,0,0,2321,CartesianTarget,1,False,True,True,False,0.0,-90.0,90.000015,0.0,89.999985,0.0,445.0,0.0,809.999878,180.0,0.0,180.0,False,True,
1209,/kuka/axis_move/feedback_json,std_msgs/msg/String,2026-08-18T20:42:53.055225-04:00,1787100173,55216860,1787100173055216860,109.159581,,,,2322,2321,1,0,0,2322,CartesianTarget,1,False,True,True,False,0.0,-90.0,90.000015,0.0,89.999985,0.0,445.0,0.0,809.999878,180.0,0.0,180.0,False,True,
1210,/kuka/axis_move/feedback_json,std_msgs/msg/String,2026-08-18T20:42:53.216193-04:00,1787100173,216187932,1787100173216187932,160.971072,,,,2323,2322,1,0,0,2323,CartesianTarget,1,False,True,True,False,0.0,-90.0,90.000015,0.0,89.999985,0.0,445.0,0.0,809.999878,180.0,0.0,180.0,False,True,
1211,/kuka/axis_move/feedback_json,std_msgs/msg/String,2026-08-18T20:42:53.328423-04:00,1787100173,328410984,1787100173328410984,112.223052,,,,2324,2323,1,0,0,2324,CartesianTarget,1,False,True,True,False,0.0,-90.0,90.000015,0.0,89.999985,0.0,445.0,0.0,809.999878,180.0,0.0,180.0,False,True,
1212,/kuka/axis_move/feedback_json,std_msgs/msg/String,2026-08-18T20:42:53.437221-04:00,1787100173,437201049,1787100173437201049,108.790065,,,,2325,2324,1,0,0,2325,CartesianTarget,1,False,True,True,False,0.0,-90.0,90.000015,0.0,89.999985,0.0,445.0,0.0,809.999878,180.0,0.0,180.0,False,True,
1213,/kuka/axis_move/feedback_json,std_msgs/msg/String,2026-08-18T20:42:53.545223-04:00,1787100173,545215594,1787100173545215594,108.014545,,,,2326,2325,1,0,0,2326,CartesianTarget,1,False,True,True,False,0.0,-90.0,90.000015,0.0,89.999985,0.0,445.0,0.0,809.999878,180.0,0.0,180.0,False,True,
1214,/kuka/axis_move/feedback_json,std_msgs/msg/String,2026-08-18T20:42:53.653913-04:00,1787100173,653907137,1787100173653907137,108.691543,,,,2327,2326,1,0,0,2327,CartesianTarget,1,False,True,True,False,0.0,-90.0,90.000015,0.0,89.999985,0.0,445.0,0.0,809.999878,180.0,0.0,180.0,False,True,
1215,/kuka/axis_move/feedback_json,std_msgs/msg/String,2026-08-18T20:42:53.811974-04:00,1787100173,811963022,1787100173811963022,158.055885,,,,2328,2327,1,0,0,2328,CartesianTarget,1,False,True,True,False,0.0,-90.0,90.000015,0.0,89.999985,0.0,445.0,0.0,809.999878,180.0,0.0,180.0,False,True,
1216,/kuka/axis_move/feedback_json,std_msgs/msg/String,2026-08-18T20:42:53.922358-04:00,1787100173,922351069,1787100173922351069,110.388047,,,,2329,2328,1,0,0,2329,CartesianTarget,1,False,True,True,False,0.0,-90.0,90.000015,0.0,89.999985,0.0,445.0,0.0,809.999878,180.0,0.0,180.0,False,True,
1217,/kuka/axis_move/feedback_json,std_msgs/msg/String,2026-08-18T20:42:54.031278-04:00,1787100174,31247378,1787100174031247378,108.896309,,,,2330,2329,1,0,0,2330,CartesianTarget,1,False,True,True,False,0.0,-90.0,90.000015,0.0,89.999985,0.0,445.0,0.0,809.999878,180.0,0.0,180.0,False,True,
1218,/kuka/axis_move/feedback_json,std_msgs/msg/String,2026-08-18T20:42:54.142850-04:00,1787100174,142841644,1787100174142841644,111.594266,,,,2331,2330,1,0,0,2331,CartesianTarget,1,False,True,True,False,0.0,-90.0,90.000015,0.0,89.999985,0.0,445.0,0.0,809.999878,180.0,0.0,180.0,False,True,
1219,/kuka/axis_move/feedback_json,std_msgs/msg/String,2026-08-18T20:42:54.252035-04:00,1787100174,252020835,1787100174252020835,109.179191,,,,2332,2331,1,0,0,2332,CartesianTarget,1,False,True,True,False,0.0,-90.0,90.000015,0.0,89.999985,0.0,445.0,0.0,809.999878,180.0,0.0,180.0,False,True,
1220,/kuka/axis_move/feedback_json,std_msgs/msg/String,2026-08-18T20:42:54.418190-04:00,1787100174,418172939,1787100174418172939,166.152104,,,,2333,2332,1,0,0,2333,CartesianTarget,1,False,True,True,False,0.0,-90.0,90.000015,0.0,89.999985,0.0,445.0,0.0,809.999878,180.0,0.0,180.0,False,True,
1221,/kuka/axis_move/feedback_json,std_msgs/msg/String,2026-08-18T20:42:54.527516-04:00,1787100174,527508353,1787100174527508353,109.335414,,,,2334,2333,1,0,0,2334,CartesianTarget,1,False,True,True,False,0.0,-90.0,90.000015,0.0,89.999985,0.0,445.0,0.0,809.999878,180.0,0.0,180.0,False,True,
1222,/kuka/axis_move/feedback_json,std_msgs/msg/String,2026-08-18T20:42:54.640364-04:00,1787100174,640353665,1787100174640353665,112.845312,,,,2335,2334,1,0,0,2335,CartesianTarget,1,False,True,True,False,0.0,-90.0,90.000015,0.0,89.999985,0.0,445.0,0.0,809.999878,180.0,0.0,180.0,False,True,
1223,/kuka/axis_move/feedback_json,std_msgs/msg/String,2026-08-18T20:42:54.748896-04:00,1787100174,748889287,1787100174748889287,108.535622,,,,2336,2335,1,0,0,2336,CartesianTarget,1,False,True,True,False,0.0,-90.0,90.000015,0.0,89.999985,0.0,445.0,0.0,809.999878,180.0,0.0,180.0,False,True,
1224,/kuka/axis_move/feedback_json,std_msgs/msg/String,2026-08-18T20:42:54.855959-04:00,1787100174,855947116,1787100174855947116,107.057829,,,,2337,2336,1,0,0,2337,CartesianTarget,1,False,True,True,False,0.0,-90.0,90.000015,0.0,89.999985,0.0,445.0,0.0,809.999878,180.0,0.0,180.0,False,True,
1225,/kuka/axis_move/feedback_json,std_msgs/msg/String,2026-08-18T20:42:55.014516-04:00,1787100175,14509786,1787100175014509786,158.56267,,,,2338,2337,1,0,0,2338,CartesianTarget,1,False,True,True,False,0.0,-90.0,90.000015,0.0,89.999985,0.0,445.0,0.0,809.999878,180.0,0.0,180.0,False,True,
1226,/kuka/axis_move/feedback_json,std_msgs/msg/String,2026-08-18T20:42:55.106842-04:00,1787100175,106835205,1787100175106835205,92.325419,,,,2339,2338,1,0,0,2339,CartesianTarget,1,False,True,True,False,0.0,-90.0,90.000015,0.0,89.999985,0.0,445.0,0.0,809.999878,180.0,0.0,180.0,False,True,
1227,/kuka/axis_move/feedback_json,std_msgs/msg/String,2026-08-18T20:42:55.215253-04:00,1787100175,215233081,1787100175215233081,108.397876,,,,2340,2339,1,0,0,2340,CartesianTarget,1,False,True,True,False,0.0,-90.0,90.000015,0.0,89.999985,0.0,445.0,0.0,809.999878,180.0,0.0,180.0,False,True,
1228,/kuka/axis_move/feedback_json,std_msgs/msg/String,2026-08-18T20:42:55.325642-04:00,1787100175,325635798,1787100175325635798,110.402717,,,,2341,2340,1,0,0,2341,CartesianTarget,1,False,True,True,False,0.0,-90.0,90.000015,0.0,89.999985,0.0,445.0,0.0,809.999878,180.0,0.0,180.0,False,True,
1229,/kuka/axis_move/feedback_json,std_msgs/msg/String,2026-08-18T20:42:55.435255-04:00,1787100175,435249282,1787100175435249282,109.613484,,,,2342,2341,1,0,0,2342,CartesianTarget,1,False,True,True,False,0.0,-90.0,90.000015,0.0,89.999985,0.0,445.0,0.0,809.999878,180.0,0.0,180.0,False,True,
1230,/kuka/axis_move/feedback_json,std_msgs/msg/String,2026-08-18T20:42:55.594047-04:00,1787100175,594036164,1787100175594036164,158.786882,,,,2343,2342,1,0,0,2343,CartesianTarget,1,False,True,True,False,0.0,-90.0,90.000015,0.0,89.999985,0.0,445.0,0.0,809.999878,180.0,0.0,180.0,False,True,
1231,/kuka/axis_move/feedback_json,std_msgs/msg/String,2026-08-18T20:42:55.707850-04:00,1787100175,707825322,1787100175707825322,113.789158,,,,2344,2343,1,0,0,2344,CartesianTarget,1,False,True,True,False,0.0,-90.0,90.000015,0.0,89.999985,0.0,445.0,0.0,809.999878,180.0,0.0,180.0,False,True,
1232,/kuka/axis_move/feedback_json,std_msgs/msg/String,2026-08-18T20:42:55.819488-04:00,1787100175,819470778,1787100175819470778,111.645456,,,,2345,2344,1,0,0,2345,CartesianTarget,1,False,True,True,False,0.0,-90.0,90.000015,0.0,89.999985,0.0,445.0,0.0,809.999878,180.0,0.0,180.0,False,True,
1233,/kuka/axis_move/feedback_json,std_msgs/msg/String,2026-08-18T20:42:55.927735-04:00,1787100175,927711946,1787100175927711946,108.241168,,,,2346,2345,1,0,0,2346,CartesianTarget,1,False,True,True,False,0.0,-90.0,90.000015,0.0,89.999985,0.0,445.0,0.0,809.999878,180.0,0.0,180.0,False,True,
1234,/kuka/axis_move/feedback_json,std_msgs/msg/String,2026-08-18T20:42:56.036538-04:00,1787100176,36532517,1787100176036532517,108.820571,,,,2347,2346,1,0,0,2347,CartesianTarget,1,False,True,True,False,0.0,-90.0,90.000015,0.0,89.999985,0.0,445.0,0.0,809.999878,180.0,0.0,180.0,False,True,
1235,/kuka/axis_move/feedback_json,std_msgs/msg/String,2026-08-18T20:42:56.201781-04:00,1787100176,201770178,1787100176201770178,165.237661,,,,2348,2347,1,0,0,2348,CartesianTarget,1,False,True,True,False,0.0,-90.0,90.000015,0.0,89.999985,0.0,445.0,0.0,809.999878,180.0,0.0,180.0,False,True,
1236,/kuka/axis_move/feedback_json,std_msgs/msg/String,2026-08-18T20:42:56.310880-04:00,1787100176,310869005,1787100176310869005,109.098827,,,,2349,2348,1,0,0,2349,CartesianTarget,1,False,True,True,False,0.0,-90.0,90.000015,0.0,89.999985,0.0,445.0,0.0,809.999878,180.0,0.0,180.0,False,True,
1237,/kuka/axis_move/feedback_json,std_msgs/msg/String,2026-08-18T20:42:56.415756-04:00,1787100176,415748566,1787100176415748566,104.879561,,,,2350,2349,1,0,0,2350,CartesianTarget,1,False,True,True,False,0.0,-90.0,90.000015,0.0,89.999985,0.0,445.0,0.0,809.999878,180.0,0.0,180.0,False,True,
1238,/kuka/axis_move/feedback_json,std_msgs/msg/String,2026-08-18T20:42:56.524578-04:00,1787100176,524566608,1787100176524566608,108.818042,,,,2351,2350,1,0,0,2351,CartesianTarget,1,False,True,True,False,0.0,-90.0,90.000015,0.0,89.999985,0.0,445.0,0.0,809.999878,180.0,0.0,180.0,False,True,
1239,/kuka/axis_move/feedback_json,std_msgs/msg/String,2026-08-18T20:42:56.637435-04:00,1787100176,637429079,1787100176637429079,112.862471,,,,2352,2351,1,0,0,2352,CartesianTarget,1,False,True,True,False,0.0,-90.0,90.000015,0.0,89.999985,0.0,445.0,0.0,809.999878,180.0,0.0,180.0,False,True,
1240,/kuka/axis_move/feedback_json,std_msgs/msg/String,2026-08-18T20:42:56.798667-04:00,1787100176,798661453,1787100176798661453,161.232374,,,,2353,2352,1,0,0,2353,CartesianTarget,1,False,True,True,False,0.0,-90.0,90.000015,0.0,89.999985,0.0,445.0,0.0,809.999878,180.0,0.0,180.0,False,True,
1241,/kuka/axis_move/feedback_json,std_msgs/msg/String,2026-08-18T20:42:56.905731-04:00,1787100176,905708324,1787100176905708324,107.046871,,,,2354,2353,1,0,0,2354,CartesianTarget,1,False,True,True,False,0.0,-90.0,90.000015,0.0,89.999985,0.0,445.0,0.0,809.999878,180.0,0.0,180.0,False,True,
1242,/kuka/axis_move/feedback_json,std_msgs/msg/String,2026-08-18T20:42:57.015741-04:00,1787100177,15729357,1787100177015729357,110.021033,,,,2355,2354,1,0,0,2355,CartesianTarget,1,False,True,True,False,0.0,-90.0,90.000015,0.0,89.999985,0.0,445.0,0.0,809.999878,180.0,0.0,180.0,False,True,
1243,/kuka/axis_move/feedback_json,std_msgs/msg/String,2026-08-18T20:42:57.122579-04:00,1787100177,122567221,1787100177122567221,106.837864,,,,2356,2355,1,0,0,2356,CartesianTarget,1,False,True,True,False,0.0,-90.0,90.000015,0.0,89.999985,0.0,445.0,0.0,809.999878,180.0,0.0,180.0,False,True,
1244,/kuka/axis_move/feedback_json,std_msgs/msg/String,2026-08-18T20:42:57.231946-04:00,1787100177,231928076,1787100177231928076,109.360855,,,,2357,2356,1,0,0,2357,CartesianTarget,1,False,True,True,False,0.0,-90.0,90.000015,0.0,89.999985,0.0,445.0,0.0,809.999878,180.0,0.0,180.0,False,True,
1245,/kuka/axis_move/feedback_json,std_msgs/msg/String,2026-08-18T20:42:57.397030-04:00,1787100177,397013098,1787100177397013098,165.085022,,,,2358,2357,1,0,0,2358,CartesianTarget,1,False,True,True,False,0.0,-90.0,90.000015,0.0,89.999985,0.0,445.0,0.0,809.999878,180.0,0.0,180.0,False,True,
1246,/kuka/axis_move/feedback_json,std_msgs/msg/String,2026-08-18T20:42:57.505520-04:00,1787100177,505509919,1787100177505509919,108.496821,,,,2359,2358,1,0,0,2359,CartesianTarget,1,False,True,True,False,0.0,-90.0,90.000015,0.0,89.999985,0.0,445.0,0.0,809.999878,180.0,0.0,180.0,False,True,
1247,/kuka/axis_move/feedback_json,std_msgs/msg/String,2026-08-18T20:42:57.613524-04:00,1787100177,613514003,1787100177613514003,108.004084,,,,2360,2359,1,0,0,2360,CartesianTarget,1,False,True,True,False,0.0,-90.0,90.000015,0.0,89.999985,0.0,445.0,0.0,809.999878,180.0,0.0,180.0,False,True,
1248,/kuka/axis_move/feedback_json,std_msgs/msg/String,2026-08-18T20:42:57.725130-04:00,1787100177,725124216,1787100177725124216,111.610213,,,,2361,2360,1,0,0,2361,CartesianTarget,1,False,True,True,False,0.0,-90.0,90.000015,0.0,89.999985,0.0,445.0,0.0,809.999878,180.0,0.0,180.0,False,True,
1249,/kuka/axis_move/feedback_json,std_msgs/msg/String,2026-08-18T20:42:57.834512-04:00,1787100177,834505697,1787100177834505697,109.381481,,,,2362,2361,1,0,0,2362,CartesianTarget,1,False,True,True,False,0.0,-90.0,90.000015,0.0,89.999985,0.0,445.0,0.0,809.999878,180.0,0.0,180.0,False,True,
1250,/kuka/axis_move/feedback_json,std_msgs/msg/String,2026-08-18T20:42:58.001079-04:00,1787100178,1066131,1787100178001066131,166.560434,,,,2363,2362,1,0,0,2363,CartesianTarget,1,False,True,True,False,0.0,-90.0,90.000015,0.0,89.999985,0.0,445.0,0.0,809.999878,180.0,0.0,180.0,False,True,
1251,/kuka/axis_move/feedback_json,std_msgs/msg/String,2026-08-18T20:42:58.111789-04:00,1787100178,111776814,1787100178111776814,110.710683,,,,2364,2363,1,0,0,2364,CartesianTarget,1,False,True,True,False,0.0,-90.0,90.000015,0.0,89.999985,0.0,445.0,0.0,809.999878,180.0,0.0,180.0,False,True,
1252,/kuka/axis_move/feedback_json,std_msgs/msg/String,2026-08-18T20:42:58.216545-04:00,1787100178,216533520,1787100178216533520,104.756706,,,,2365,2364,1,0,0,2365,CartesianTarget,1,False,True,True,False,0.0,-90.0,90.000015,0.0,89.999985,0.0,445.0,0.0,809.999878,180.0,0.0,180.0,False,True,
1253,/kuka/axis_move/feedback_json,std_msgs/msg/String,2026-08-18T20:42:58.325319-04:00,1787100178,325306017,1787100178325306017,108.772497,,,,2366,2365,1,0,0,2366,CartesianTarget,1,False,True,True,False,0.0,-90.0,90.000015,0.0,89.999985,0.0,445.0,0.0,809.999878,180.0,0.0,180.0,False,True,
1254,/kuka/axis_move/feedback_json,std_msgs/msg/String,2026-08-18T20:42:58.436314-04:00,1787100178,436305200,1787100178436305200,110.999183,,,,2367,2366,1,0,0,2367,CartesianTarget,1,False,True,True,False,0.0,-90.0,90.000015,0.0,89.999985,0.0,445.0,0.0,809.999878,180.0,0.0,180.0,False,True,
1255,/kuka/axis_move/feedback_json,std_msgs/msg/String,2026-08-18T20:42:58.592390-04:00,1787100178,592361643,1787100178592361643,156.056443,,,,2368,2367,1,0,0,2368,CartesianTarget,1,False,True,True,False,0.0,-90.0,90.000015,0.0,89.999985,0.0,445.0,0.0,809.999878,180.0,0.0,180.0,False,True,
1256,/kuka/axis_move/feedback_json,std_msgs/msg/String,2026-08-18T20:42:58.703051-04:00,1787100178,703039373,1787100178703039373,110.67773,,,,2369,2368,1,0,0,2369,CartesianTarget,1,False,True,True,False,0.0,-90.0,90.000015,0.0,89.999985,0.0,445.0,0.0,809.999878,180.0,0.0,180.0,False,True,
1257,/kuka/axis_move/feedback_json,std_msgs/msg/String,2026-08-18T20:42:58.815332-04:00,1787100178,815324723,1787100178815324723,112.28535,,,,2370,2369,1,0,0,2370,CartesianTarget,1,False,True,True,False,0.0,-90.0,90.000015,0.0,89.999985,0.0,445.0,0.0,809.999878,180.0,0.0,180.0,False,True,
1258,/kuka/axis_move/feedback_json,std_msgs/msg/String,2026-08-18T20:42:58.923739-04:00,1787100178,923727327,1787100178923727327,108.402604,,,,2371,2370,1,0,0,2371,CartesianTarget,1,False,True,True,False,0.0,-90.0,90.000015,0.0,89.999985,0.0,445.0,0.0,809.999878,180.0,0.0,180.0,False,True,
1259,/kuka/axis_move/feedback_json,std_msgs/msg/String,2026-08-18T20:42:59.032564-04:00,1787100179,32547309,1787100179032547309,108.819982,,,,2372,2371,1,0,0,2372,CartesianTarget,1,False,True,True,False,0.0,-90.0,90.000015,0.0,89.999985,0.0,445.0,0.0,809.999878,180.0,0.0,180.0,False,True,
1260,/kuka/axis_move/feedback_json,std_msgs/msg/String,2026-08-18T20:42:59.197010-04:00,1787100179,197004771,1787100179197004771,164.457462,,,,2373,2372,1,0,0,2373,CartesianTarget,1,False,True,True,False,0.0,-90.0,90.000015,0.0,89.999985,0.0,445.0,0.0,809.999878,180.0,0.0,180.0,False,True,
1261,/kuka/axis_move/feedback_json,std_msgs/msg/String,2026-08-18T20:42:59.305648-04:00,1787100179,305637889,1787100179305637889,108.633118,,,,2374,2373,1,0,0,2374,CartesianTarget,1,False,True,True,False,0.0,-90.0,90.000015,0.0,89.999985,0.0,445.0,0.0,809.999878,180.0,0.0,180.0,False,True,
1262,/kuka/axis_move/feedback_json,std_msgs/msg/String,2026-08-18T20:42:59.412507-04:00,1787100179,412495102,1787100179412495102,106.857213,,,,2375,2374,1,0,0,2375,CartesianTarget,1,False,True,True,False,0.0,-90.0,90.000015,0.0,89.999985,0.0,445.0,0.0,809.999878,180.0,0.0,180.0,False,True,
1263,/kuka/axis_move/feedback_json,std_msgs/msg/String,2026-08-18T20:42:59.524543-04:00,1787100179,524524125,1787100179524524125,112.029023,,,,2376,2375,1,0,0,2376,CartesianTarget,1,False,True,True,False,0.0,-90.0,90.000015,0.0,89.999985,0.0,445.0,0.0,809.999878,180.0,0.0,180.0,False,True,
1264,/kuka/axis_move/feedback_json,std_msgs/msg/String,2026-08-18T20:42:59.631004-04:00,1787100179,630989056,1787100179630989056,106.464931,,,,2377,2376,1,0,0,2377,CartesianTarget,1,False,True,True,False,0.0,-90.0,90.000015,0.0,89.999985,0.0,445.0,0.0,809.999878,180.0,0.0,180.0,False,True,
1265,/kuka/axis_move/feedback_json,std_msgs/msg/String,2026-08-18T20:42:59.796048-04:00,1787100179,796038600,1787100179796038600,165.049544,,,,2378,2377,1,0,0,2378,CartesianTarget,1,False,True,True,False,0.0,-90.0,90.000015,0.0,89.999985,0.0,445.0,0.0,809.999878,180.0,0.0,180.0,False,True,
1266,/kuka/axis_move/feedback_json,std_msgs/msg/String,2026-08-18T20:42:59.886254-04:00,1787100179,886243930,1787100179886243930,90.20533,,,,2379,2378,1,0,0,2379,CartesianTarget,1,False,True,True,False,0.0,-90.0,90.000015,0.0,89.999985,0.0,445.0,0.0,809.999878,180.0,0.0,180.0,False,True,
1267,/kuka/axis_move/feedback_json,std_msgs/msg/String,2026-08-18T20:43:00.001540-04:00,1787100180,1508295,1787100180001508295,115.264365,,,,2380,2379,1,0,0,2380,CartesianTarget,1,False,True,True,False,0.0,-90.0,90.000015,0.0,89.999985,0.0,445.0,0.0,809.999878,180.0,0.0,180.0,False,True,
1268,/kuka/axis_move/feedback_json,std_msgs/msg/String,2026-08-18T20:43:00.108871-04:00,1787100180,108860140,1787100180108860140,107.351845,,,,2381,2380,1,0,0,2381,CartesianTarget,1,False,True,True,False,0.0,-90.0,90.000015,0.0,89.999985,0.0,445.0,0.0,809.999878,180.0,0.0,180.0,False,True,
1269,/kuka/axis_move/feedback_json,std_msgs/msg/String,2026-08-18T20:43:00.218149-04:00,1787100180,218137243,1787100180218137243,109.277103,,,,2382,2381,1,0,0,2382,CartesianTarget,1,False,True,True,False,0.0,-90.0,90.000015,0.0,89.999985,0.0,445.0,0.0,809.999878,180.0,0.0,180.0,False,True,
1270,/kuka/axis_move/feedback_json,std_msgs/msg/String,2026-08-18T20:43:00.380285-04:00,1787100180,380257751,1787100180380257751,162.120508,,,,2383,2382,1,0,0,2383,CartesianTarget,1,False,True,True,False,0.0,-90.0,90.000015,0.0,89.999985,0.0,445.0,0.0,809.999878,180.0,0.0,180.0,False,True,
1271,/kuka/axis_move/feedback_json,std_msgs/msg/String,2026-08-18T20:43:00.484949-04:00,1787100180,484938747,1787100180484938747,104.680996,,,,2384,2383,1,0,0,2384,CartesianTarget,1,False,True,True,False,0.0,-90.0,90.000015,0.0,89.999985,0.0,445.0,0.0,809.999878,180.0,0.0,180.0,False,True,
1272,/kuka/axis_move/feedback_json,std_msgs/msg/String,2026-08-18T20:43:00.592576-04:00,1787100180,592563725,1787100180592563725,107.624978,,,,2385,2384,1,0,0,2385,CartesianTarget,1,False,True,True,False,0.0,-90.0,90.000015,0.0,89.999985,0.0,445.0,0.0,809.999878,180.0,0.0,180.0,False,True,
1273,/kuka/axis_move/feedback_json,std_msgs/msg/String,2026-08-18T20:43:00.703886-04:00,1787100180,703873336,1787100180703873336,111.309611,,,,2386,2385,1,0,0,2386,CartesianTarget,1,False,True,True,False,0.0,-90.0,90.000015,0.0,89.999985,0.0,445.0,0.0,809.999878,180.0,0.0,180.0,False,True,
1274,/kuka/axis_move/feedback_json,std_msgs/msg/String,2026-08-18T20:43:00.812624-04:00,1787100180,812610965,1787100180812610965,108.737629,,,,2387,2386,1,0,0,2387,CartesianTarget,1,False,True,True,False,0.0,-90.0,90.000015,0.0,89.999985,0.0,445.0,0.0,809.999878,180.0,0.0,180.0,False,True,
1275,/kuka/axis_move/feedback_json,std_msgs/msg/String,2026-08-18T20:43:00.970272-04:00,1787100180,970262196,1787100180970262196,157.651231,,,,2388,2387,1,0,0,2388,CartesianTarget,1,False,True,True,False,0.0,-90.0,90.000015,0.0,89.999985,0.0,445.0,0.0,809.999878,180.0,0.0,180.0,False,True,
1276,/kuka/axis_move/feedback_json,std_msgs/msg/String,2026-08-18T20:43:01.076255-04:00,1787100181,76245659,1787100181076245659,105.983463,,,,2389,2388,1,0,0,2389,CartesianTarget,1,False,True,True,False,0.0,-90.0,90.000015,0.0,89.999985,0.0,445.0,0.0,809.999878,180.0,0.0,180.0,False,True,
1277,/kuka/axis_move/feedback_json,std_msgs/msg/String,2026-08-18T20:43:01.185063-04:00,1787100181,185054005,1787100181185054005,108.808346,,,,2390,2389,1,0,0,2390,CartesianTarget,1,False,True,True,False,0.0,-90.0,90.000015,0.0,89.999985,0.0,445.0,0.0,809.999878,180.0,0.0,180.0,False,True,
1278,/kuka/axis_move/feedback_json,std_msgs/msg/String,2026-08-18T20:43:01.291553-04:00,1787100181,291542275,1787100181291542275,106.48827,,,,2391,2390,1,0,0,2391,CartesianTarget,1,False,True,True,False,0.0,-90.0,90.000015,0.0,89.999985,0.0,445.0,0.0,809.999878,180.0,0.0,180.0,False,True,
1279,/kuka/axis_move/feedback_json,std_msgs/msg/String,2026-08-18T20:43:01.405098-04:00,1787100181,405091767,1787100181405091767,113.549492,,,,2392,2391,1,0,0,2392,CartesianTarget,1,False,True,True,False,0.0,-90.0,90.000015,0.0,89.999985,0.0,445.0,0.0,809.999878,180.0,0.0,180.0,False,True,
1280,/kuka/axis_move/feedback_json,std_msgs/msg/String,2026-08-18T20:43:01.567708-04:00,1787100181,567700603,1787100181567700603,162.608836,,,,2393,2392,1,0,0,2393,CartesianTarget,1,False,True,True,False,0.0,-90.0,90.000015,0.0,89.999985,0.0,445.0,0.0,809.999878,180.0,0.0,180.0,False,True,
1281,/kuka/axis_move/feedback_json,std_msgs/msg/String,2026-08-18T20:43:01.675565-04:00,1787100181,675558601,1787100181675558601,107.857998,,,,2394,2393,1,0,0,2394,CartesianTarget,1,False,True,True,False,0.0,-90.0,90.000015,0.0,89.999985,0.0,445.0,0.0,809.999878,180.0,0.0,180.0,False,True,
1282,/kuka/axis_move/feedback_json,std_msgs/msg/String,2026-08-18T20:43:01.789097-04:00,1787100181,789076453,1787100181789076453,113.517852,,,,2395,2394,1,0,0,2395,CartesianTarget,1,False,True,True,False,0.0,-90.0,90.000015,0.0,89.999985,0.0,445.0,0.0,809.999878,180.0,0.0,180.0,False,True,
1283,/kuka/axis_move/feedback_json,std_msgs/msg/String,2026-08-18T20:43:01.896567-04:00,1787100181,896560172,1787100181896560172,107.483719,,,,2396,2395,1,0,0,2396,CartesianTarget,1,False,True,True,False,0.0,-90.0,90.000015,0.0,89.999985,0.0,445.0,0.0,809.999878,180.0,0.0,180.0,False,True,
1284,/kuka/axis_move/feedback_json,std_msgs/msg/String,2026-08-18T20:43:02.007107-04:00,1787100182,7101394,1787100182007101394,110.541222,,,,2397,2396,1,0,0,2397,CartesianTarget,1,False,True,True,False,0.0,-90.0,90.000015,0.0,89.999985,0.0,445.0,0.0,809.999878,180.0,0.0,180.0,False,True,
1285,/kuka/axis_move/feedback_json,std_msgs/msg/String,2026-08-18T20:43:02.166025-04:00,1787100182,165985656,1787100182165985656,158.884262,,,,2398,2397,1,0,0,2398,CartesianTarget,1,False,True,True,False,0.0,-90.0,90.000015,0.0,89.999985,0.0,445.0,0.0,809.999878,180.0,0.0,180.0,False,True,
1286,/kuka/axis_move/feedback_json,std_msgs/msg/String,2026-08-18T20:43:02.277914-04:00,1787100182,277903969,1787100182277903969,111.918313,,,,2399,2398,1,0,0,2399,CartesianTarget,1,False,True,True,False,0.0,-90.0,90.000015,0.0,89.999985,0.0,445.0,0.0,809.999878,180.0,0.0,180.0,False,True,
1287,/kuka/axis_move/feedback_json,std_msgs/msg/String,2026-08-18T20:43:02.382541-04:00,1787100182,382529962,1787100182382529962,104.625993,,,,2400,2399,1,0,0,2400,CartesianTarget,1,False,True,True,False,0.0,-90.0,90.000015,0.0,89.999985,0.0,445.0,0.0,809.999878,180.0,0.0,180.0,False,True,
1288,/kuka/axis_move/feedback_json,std_msgs/msg/String,2026-08-18T20:43:02.488377-04:00,1787100182,488366002,1787100182488366002,105.83604,,,,2401,2400,1,0,0,2401,CartesianTarget,1,False,True,True,False,0.0,-90.0,90.000015,0.0,89.999985,0.0,445.0,0.0,809.999878,180.0,0.0,180.0,False,True,
1289,/kuka/axis_move/feedback_json,std_msgs/msg/String,2026-08-18T20:43:02.592669-04:00,1787100182,592648360,1787100182592648360,104.282358,,,,2402,2401,1,0,0,2402,CartesianTarget,1,False,True,True,False,0.0,-90.0,90.000015,0.0,89.999985,0.0,445.0,0.0,809.999878,180.0,0.0,180.0,False,True,
1290,/kuka/axis_move/feedback_json,std_msgs/msg/String,2026-08-18T20:43:02.754336-04:00,1787100182,754327609,1787100182754327609,161.679249,,,,2403,2402,1,0,0,2403,CartesianTarget,1,False,True,True,False,0.0,-90.0,90.000015,0.0,89.999985,0.0,445.0,0.0,809.999878,180.0,0.0,180.0,False,True,
1291,/kuka/axis_move/feedback_json,std_msgs/msg/String,2026-08-18T20:43:02.862096-04:00,1787100182,862085506,1787100182862085506,107.757897,,,,2404,2403,1,0,0,2404,CartesianTarget,1,False,True,True,False,0.0,-90.0,90.000015,0.0,89.999985,0.0,445.0,0.0,809.999878,180.0,0.0,180.0,False,True,
1292,/kuka/axis_move/feedback_json,std_msgs/msg/String,2026-08-18T20:43:02.973582-04:00,1787100182,973557836,1787100182973557836,111.47233,,,,2405,2404,1,0,0,2405,CartesianTarget,1,False,True,True,False,0.0,-90.0,90.000015,0.0,89.999985,0.0,445.0,0.0,809.999878,180.0,0.0,180.0,False,True,
1293,/kuka/axis_move/feedback_json,std_msgs/msg/String,2026-08-18T20:43:03.077233-04:00,1787100183,77226471,1787100183077226471,103.668635,,,,2406,2405,1,0,0,2406,CartesianTarget,1,False,True,True,False,0.0,-90.0,90.000015,0.0,89.999985,0.0,445.0,0.0,809.999878,180.0,0.0,180.0,False,True,
1294,/kuka/axis_move/feedback_json,std_msgs/msg/String,2026-08-18T20:43:03.182903-04:00,1787100183,182890879,1787100183182890879,105.664408,,,,2407,2406,1,0,0,2407,CartesianTarget,1,False,True,True,False,0.0,-90.0,90.000015,0.0,89.999985,0.0,445.0,0.0,809.999878,180.0,0.0,180.0,False,True,
1295,/kuka/axis_move/feedback_json,std_msgs/msg/String,2026-08-18T20:43:03.338599-04:00,1787100183,338580761,1787100183338580761,155.689882,,,,2408,2407,1,0,0,2408,CartesianTarget,1,False,True,True,False,0.0,-90.0,90.000015,0.0,89.999985,0.0,445.0,0.0,809.999878,180.0,0.0,180.0,False,True,
1296,/kuka/axis_move/feedback_json,std_msgs/msg/String,2026-08-18T20:43:03.452429-04:00,1787100183,452399916,1787100183452399916,113.819155,,,,2409,2408,1,0,0,2409,CartesianTarget,1,False,True,True,False,0.0,-90.0,90.000015,0.0,89.999985,0.0,445.0,0.0,809.999878,180.0,0.0,180.0,False,True,
1297,/kuka/axis_move/feedback_json,std_msgs/msg/String,2026-08-18T20:43:03.564726-04:00,1787100183,564713431,1787100183564713431,112.313515,,,,2410,2409,1,0,0,2410,CartesianTarget,1,False,True,True,False,0.0,-90.0,90.000015,0.0,89.999985,0.0,445.0,0.0,809.999878,180.0,0.0,180.0,False,True,
1298,/kuka/axis_move/feedback_json,std_msgs/msg/String,2026-08-18T20:43:03.670004-04:00,1787100183,669997478,1787100183669997478,105.284047,,,,2411,2410,1,0,0,2411,CartesianTarget,1,False,True,True,False,0.0,-90.0,90.000015,0.0,89.999985,0.0,445.0,0.0,809.999878,180.0,0.0,180.0,False,True,
1299,/kuka/axis_move/feedback_json,std_msgs/msg/String,2026-08-18T20:43:03.773735-04:00,1787100183,773728773,1787100183773728773,103.731295,,,,2412,2411,1,0,0,2412,CartesianTarget,1,False,True,True,False,0.0,-90.0,90.000015,0.0,89.999985,0.0,445.0,0.0,809.999878,180.0,0.0,180.0,False,True,
1300,/kuka/axis_move/feedback_json,std_msgs/msg/String,2026-08-18T20:43:03.929500-04:00,1787100183,929474694,1787100183929474694,155.745921,,,,2413,2412,1,0,0,2413,CartesianTarget,1,False,True,True,False,0.0,-90.0,90.000015,0.0,89.999985,0.0,445.0,0.0,809.999878,180.0,0.0,180.0,False,True,
1301,/kuka/axis_move/feedback_json,std_msgs/msg/String,2026-08-18T20:43:04.041230-04:00,1787100184,41212537,1787100184041212537,111.737843,,,,2414,2413,1,0,0,2414,CartesianTarget,1,False,True,True,False,0.0,-90.0,90.000015,0.0,89.999985,0.0,445.0,0.0,809.999878,180.0,0.0,180.0,False,True,
1302,/kuka/axis_move/feedback_json,std_msgs/msg/String,2026-08-18T20:43:04.153505-04:00,1787100184,153492893,1787100184153492893,112.280356,,,,2415,2414,1,0,0,2415,CartesianTarget,1,False,True,True,False,0.0,-90.0,90.000015,0.0,89.999985,0.0,445.0,0.0,809.999878,180.0,0.0,180.0,False,True,
1303,/kuka/axis_move/feedback_json,std_msgs/msg/String,2026-08-18T20:43:04.262323-04:00,1787100184,262299716,1787100184262299716,108.806823,,,,2416,2415,1,0,0,2416,CartesianTarget,1,False,True,True,False,0.0,-90.0,90.000015,0.0,89.999985,0.0,445.0,0.0,809.999878,180.0,0.0,180.0,False,True,
1304,/kuka/axis_move/feedback_json,std_msgs/msg/String,2026-08-18T20:43:04.371855-04:00,1787100184,371836671,1787100184371836671,109.536955,,,,2417,2416,1,0,0,2417,CartesianTarget,1,False,True,True,False,0.0,-90.0,90.000015,0.0,89.999985,0.0,445.0,0.0,809.999878,180.0,0.0,180.0,False,True,
1305,/kuka/axis_move/feedback_json,std_msgs/msg/String,2026-08-18T20:43:04.528026-04:00,1787100184,528014184,1787100184528014184,156.177513,,,,2418,2417,1,0,0,2418,CartesianTarget,1,False,True,True,False,0.0,-90.0,90.000015,0.0,89.999985,0.0,445.0,0.0,809.999878,180.0,0.0,180.0,False,True,
1306,/kuka/axis_move/feedback_json,std_msgs/msg/String,2026-08-18T20:43:04.638848-04:00,1787100184,638842678,1787100184638842678,110.828494,,,,2419,2418,1,0,0,2419,CartesianTarget,1,False,True,True,False,0.0,-90.0,90.000015,0.0,89.999985,0.0,445.0,0.0,809.999878,180.0,0.0,180.0,False,True,
1307,/kuka/axis_move/feedback_json,std_msgs/msg/String,2026-08-18T20:43:04.748822-04:00,1787100184,748804906,1787100184748804906,109.962228,,,,2420,2419,1,0,0,2420,CartesianTarget,1,False,True,True,False,0.0,-90.0,90.000015,0.0,89.999985,0.0,445.0,0.0,809.999878,180.0,0.0,180.0,False,True,
1308,/kuka/axis_move/feedback_json,std_msgs/msg/String,2026-08-18T20:43:04.862056-04:00,1787100184,862049419,1787100184862049419,113.244513,,,,2421,2420,1,0,0,2421,CartesianTarget,1,False,True,True,False,0.0,-90.0,90.000015,0.0,89.999985,0.0,445.0,0.0,809.999878,180.0,0.0,180.0,False,True,
1309,/kuka/axis_move/feedback_json,std_msgs/msg/String,2026-08-18T20:43:04.969701-04:00,1787100184,969689980,1787100184969689980,107.640561,,,,2422,2421,1,0,0,2422,CartesianTarget,1,False,True,True,False,0.0,-90.0,90.000015,0.0,89.999985,0.0,445.0,0.0,809.999878,180.0,0.0,180.0,False,True,
1310,/kuka/axis_move/feedback_json,std_msgs/msg/String,2026-08-18T20:43:05.128774-04:00,1787100185,128756281,1787100185128756281,159.066301,,,,2423,2422,1,0,0,2423,CartesianTarget,1,False,True,True,False,0.0,-90.0,90.000015,0.0,89.999985,0.0,445.0,0.0,809.999878,180.0,0.0,180.0,False,True,
1311,/kuka/axis_move/feedback_json,std_msgs/msg/String,2026-08-18T20:43:05.235620-04:00,1787100185,235611803,1787100185235611803,106.855522,,,,2424,2423,1,0,0,2424,CartesianTarget,1,False,True,True,False,0.0,-90.0,90.000015,0.0,89.999985,0.0,445.0,0.0,809.999878,180.0,0.0,180.0,False,True,
1312,/kuka/axis_move/feedback_json,std_msgs/msg/String,2026-08-18T20:43:05.345264-04:00,1787100185,345257980,1787100185345257980,109.646177,,,,2425,2424,1,0,0,2425,CartesianTarget,1,False,True,True,False,0.0,-90.0,90.000015,0.0,89.999985,0.0,445.0,0.0,809.999878,180.0,0.0,180.0,False,True,
1313,/kuka/axis_move/feedback_json,std_msgs/msg/String,2026-08-18T20:43:05.451166-04:00,1787100185,451155021,1787100185451155021,105.897041,,,,2426,2425,1,0,0,2426,CartesianTarget,1,False,True,True,False,0.0,-90.0,90.000015,0.0,89.999985,0.0,445.0,0.0,809.999878,180.0,0.0,180.0,False,True,
1314,/kuka/axis_move/feedback_json,std_msgs/msg/String,2026-08-18T20:43:05.556899-04:00,1787100185,556890776,1787100185556890776,105.735755,,,,2427,2426,1,0,0,2427,CartesianTarget,1,False,True,True,False,0.0,-90.0,90.000015,0.0,89.999985,0.0,445.0,0.0,809.999878,180.0,0.0,180.0,False,True,
1315,/kuka/axis_move/feedback_json,std_msgs/msg/String,2026-08-18T20:43:05.710011-04:00,1787100185,710001030,1787100185710001030,153.110254,,,,2428,2427,1,0,0,2428,CartesianTarget,1,False,True,True,False,0.0,-90.0,90.000015,0.0,89.999985,0.0,445.0,0.0,809.999878,180.0,0.0,180.0,False,True,
1316,/kuka/axis_move/feedback_json,std_msgs/msg/String,2026-08-18T20:43:05.815385-04:00,1787100185,815369001,1787100185815369001,105.367971,,,,2429,2428,1,0,0,2429,CartesianTarget,1,False,True,True,False,0.0,-90.0,90.000015,0.0,89.999985,0.0,445.0,0.0,809.999878,180.0,0.0,180.0,False,True,
1317,/kuka/axis_move/feedback_json,std_msgs/msg/String,2026-08-18T20:43:05.927085-04:00,1787100185,927074438,1787100185927074438,111.705437,,,,2430,2429,1,0,0,2430,CartesianTarget,1,False,True,True,False,0.0,-90.0,90.000015,0.0,89.999985,0.0,445.0,0.0,809.999878,180.0,0.0,180.0,False,True,
1318,/kuka/axis_move/feedback_json,std_msgs/msg/String,2026-08-18T20:43:06.036277-04:00,1787100186,36270522,1787100186036270522,109.196084,,,,2431,2430,1,0,0,2431,CartesianTarget,1,False,True,True,False,0.0,-90.0,90.000015,0.0,89.999985,0.0,445.0,0.0,809.999878,180.0,0.0,180.0,False,True,
1319,/kuka/axis_move/feedback_json,std_msgs/msg/String,2026-08-18T20:43:06.145960-04:00,1787100186,145951363,1787100186145951363,109.680841,,,,2432,2431,1,0,0,2432,CartesianTarget,1,False,True,True,False,0.0,-90.0,90.000015,0.0,89.999985,0.0,445.0,0.0,809.999878,180.0,0.0,180.0,False,True,
1320,/kuka/axis_move/feedback_json,std_msgs/msg/String,2026-08-18T20:43:06.308424-04:00,1787100186,308409055,1787100186308409055,162.457692,,,,2433,2432,1,0,0,2433,CartesianTarget,1,False,True,True,False,0.0,-90.0,90.000015,0.0,89.999985,0.0,445.0,0.0,809.999878,180.0,0.0,180.0,False,True,
1321,/kuka/axis_move/feedback_json,std_msgs/msg/String,2026-08-18T20:43:06.421162-04:00,1787100186,421154092,1787100186421154092,112.745037,,,,2434,2433,1,0,0,2434,CartesianTarget,1,False,True,True,False,0.0,-90.0,90.000015,0.0,89.999985,0.0,445.0,0.0,809.999878,180.0,0.0,180.0,False,True,
1322,/kuka/axis_move/feedback_json,std_msgs/msg/String,2026-08-18T20:43:06.530368-04:00,1787100186,530353153,1787100186530353153,109.199061,,,,2435,2434,1,0,0,2435,CartesianTarget,1,False,True,True,False,0.0,-90.0,90.000015,0.0,89.999985,0.0,445.0,0.0,809.999878,180.0,0.0,180.0,False,True,
1323,/kuka/axis_move/feedback_json,std_msgs/msg/String,2026-08-18T20:43:06.637445-04:00,1787100186,637428282,1787100186637428282,107.075129,,,,2436,2435,1,0,0,2436,CartesianTarget,1,False,True,True,False,0.0,-90.0,90.000015,0.0,89.999985,0.0,445.0,0.0,809.999878,180.0,0.0,180.0,False,True,
1324,/kuka/axis_move/feedback_json,std_msgs/msg/String,2026-08-18T20:43:06.743144-04:00,1787100186,743132136,1787100186743132136,105.703854,,,,2437,2436,1,0,0,2437,CartesianTarget,1,False,True,True,False,0.0,-90.0,90.000015,0.0,89.999985,0.0,445.0,0.0,809.999878,180.0,0.0,180.0,False,True,
1325,/kuka/axis_move/feedback_json,std_msgs/msg/String,2026-08-18T20:43:06.902613-04:00,1787100186,902595356,1787100186902595356,159.46322,,,,2438,2437,1,0,0,2438,CartesianTarget,1,False,True,True,False,0.0,-90.0,90.000015,0.0,89.999985,0.0,445.0,0.0,809.999878,180.0,0.0,180.0,False,True,
1326,/kuka/axis_move/feedback_json,std_msgs/msg/String,2026-08-18T20:43:06.992099-04:00,1787100186,992087125,1787100186992087125,89.491769,,,,2439,2438,1,0,0,2439,CartesianTarget,1,False,True,True,False,0.0,-90.0,90.000015,0.0,89.999985,0.0,445.0,0.0,809.999878,180.0,0.0,180.0,False,True,
1327,/kuka/axis_move/feedback_json,std_msgs/msg/String,2026-08-18T20:43:07.102779-04:00,1787100187,102767864,1787100187102767864,110.680739,,,,2440,2439,1,0,0,2440,CartesianTarget,1,False,True,True,False,0.0,-90.0,90.000015,0.0,89.999985,0.0,445.0,0.0,809.999878,180.0,0.0,180.0,False,True,
1328,/kuka/axis_move/feedback_json,std_msgs/msg/String,2026-08-18T20:43:07.214590-04:00,1787100187,214578252,1787100187214578252,111.810388,,,,2441,2440,1,0,0,2441,CartesianTarget,1,False,True,True,False,0.0,-90.0,90.000015,0.0,89.999985,0.0,445.0,0.0,809.999878,180.0,0.0,180.0,False,True,
1329,/kuka/axis_move/feedback_json,std_msgs/msg/String,2026-08-18T20:43:07.325981-04:00,1787100187,325973903,1787100187325973903,111.395651,,,,2442,2441,1,0,0,2442,CartesianTarget,1,False,True,True,False,0.0,-90.0,90.000015,0.0,89.999985,0.0,445.0,0.0,809.999878,180.0,0.0,180.0,False,True,
1330,/kuka/axis_move/feedback_json,std_msgs/msg/String,2026-08-18T20:43:07.483907-04:00,1787100187,483887368,1787100187483887368,157.913465,,,,2443,2442,1,0,0,2443,CartesianTarget,1,False,True,True,False,0.0,-90.0,90.000015,0.0,89.999985,0.0,445.0,0.0,809.999878,180.0,0.0,180.0,False,True,
1331,/kuka/axis_move/feedback_json,std_msgs/msg/String,2026-08-18T20:43:07.592416-04:00,1787100187,592406604,1787100187592406604,108.519236,,,,2444,2443,1,0,0,2444,CartesianTarget,1,False,True,True,False,0.0,-90.0,90.000015,0.0,89.999985,0.0,445.0,0.0,809.999878,180.0,0.0,180.0,False,True,
1332,/kuka/axis_move/feedback_json,std_msgs/msg/String,2026-08-18T20:43:07.701921-04:00,1787100187,701909218,1787100187701909218,109.502614,,,,2445,2444,1,0,0,2445,CartesianTarget,1,False,True,True,False,0.0,-90.0,90.000015,0.0,89.999985,0.0,445.0,0.0,809.999878,180.0,0.0,180.0,False,True,
1333,/kuka/axis_move/feedback_json,std_msgs/msg/String,2026-08-18T20:43:07.814136-04:00,1787100187,814125974,1787100187814125974,112.216756,,,,2446,2445,1,0,0,2446,CartesianTarget,1,False,True,True,False,0.0,-90.0,90.000015,0.0,89.999985,0.0,445.0,0.0,809.999878,180.0,0.0,180.0,False,True,
1334,/kuka/axis_move/feedback_json,std_msgs/msg/String,2026-08-18T20:43:07.925699-04:00,1787100187,925693535,1787100187925693535,111.567561,,,,2447,2446,1,0,0,2447,CartesianTarget,1,False,True,True,False,0.0,-90.0,90.000015,0.0,89.999985,0.0,445.0,0.0,809.999878,180.0,0.0,180.0,False,True,
1335,/kuka/axis_move/feedback_json,std_msgs/msg/String,2026-08-18T20:43:08.087810-04:00,1787100188,87798375,1787100188087798375,162.10484,,,,2448,2447,1,0,0,2448,CartesianTarget,1,False,True,True,False,0.0,-90.0,90.000015,0.0,89.999985,0.0,445.0,0.0,809.999878,180.0,0.0,180.0,False,True,
1336,/kuka/axis_move/feedback_json,std_msgs/msg/String,2026-08-18T20:43:08.195154-04:00,1787100188,195143183,1787100188195143183,107.344808,,,,2449,2448,1,0,0,2449,CartesianTarget,1,False,True,True,False,0.0,-90.0,90.000015,0.0,89.999985,0.0,445.0,0.0,809.999878,180.0,0.0,180.0,False,True,
1337,/kuka/axis_move/feedback_json,std_msgs/msg/String,2026-08-18T20:43:08.306980-04:00,1787100188,306962595,1787100188306962595,111.819412,,,,2450,2449,1,0,0,2450,CartesianTarget,1,False,True,True,False,0.0,-90.0,90.000015,0.0,89.999985,0.0,445.0,0.0,809.999878,180.0,0.0,180.0,False,True,
1338,/kuka/axis_move/feedback_json,std_msgs/msg/String,2026-08-18T20:43:08.414389-04:00,1787100188,414382649,1787100188414382649,107.420054,,,,2451,2450,1,0,0,2451,CartesianTarget,1,False,True,True,False,0.0,-90.0,90.000015,0.0,89.999985,0.0,445.0,0.0,809.999878,180.0,0.0,180.0,False,True,
1339,/kuka/axis_move/feedback_json,std_msgs/msg/String,2026-08-18T20:43:08.522734-04:00,1787100188,522722741,1787100188522722741,108.340092,,,,2452,2451,1,0,0,2452,CartesianTarget,1,False,True,True,False,0.0,-90.0,90.000015,0.0,89.999985,0.0,445.0,0.0,809.999878,180.0,0.0,180.0,False,True,
1340,/kuka/axis_move/feedback_json,std_msgs/msg/String,2026-08-18T20:43:08.686322-04:00,1787100188,686309330,1787100188686309330,163.586589,,,,2453,2452,1,0,0,2453,CartesianTarget,1,False,True,True,False,0.0,-90.0,90.000015,0.0,89.999985,0.0,445.0,0.0,809.999878,180.0,0.0,180.0,False,True,
1341,/kuka/axis_move/feedback_json,std_msgs/msg/String,2026-08-18T20:43:08.797424-04:00,1787100188,797418369,1787100188797418369,111.109039,,,,2454,2453,1,0,0,2454,CartesianTarget,1,False,True,True,False,0.0,-90.0,90.000015,0.0,89.999985,0.0,445.0,0.0,809.999878,180.0,0.0,180.0,False,True,
1342,/kuka/axis_move/feedback_json,std_msgs/msg/String,2026-08-18T20:43:08.907915-04:00,1787100188,907904187,1787100188907904187,110.485818,,,,2455,2454,1,0,0,2455,CartesianTarget,1,False,True,True,False,0.0,-90.0,90.000015,0.0,89.999985,0.0,445.0,0.0,809.999878,180.0,0.0,180.0,False,True,
1343,/kuka/axis_move/feedback_json,std_msgs/msg/String,2026-08-18T20:43:09.017378-04:00,1787100189,17373374,1787100189017373374,109.469187,,,,2456,2455,1,0,0,2456,CartesianTarget,1,False,True,True,False,0.0,-90.0,90.000015,0.0,89.999985,0.0,445.0,0.0,809.999878,180.0,0.0,180.0,False,True,
1344,/kuka/axis_move/feedback_json,std_msgs/msg/String,2026-08-18T20:43:09.128604-04:00,1787100189,128588163,1787100189128588163,111.214789,,,,2457,2456,1,0,0,2457,CartesianTarget,1,False,True,True,False,0.0,-90.0,90.000015,0.0,89.999985,0.0,445.0,0.0,809.999878,180.0,0.0,180.0,False,True,
1345,/kuka/axis_move/feedback_json,std_msgs/msg/String,2026-08-18T20:43:09.288930-04:00,1787100189,288914235,1787100189288914235,160.326072,,,,2458,2457,1,0,0,2458,CartesianTarget,1,False,True,True,False,0.0,-90.0,90.000015,0.0,89.999985,0.0,445.0,0.0,809.999878,180.0,0.0,180.0,False,True,
1346,/kuka/axis_move/feedback_json,std_msgs/msg/String,2026-08-18T20:43:09.395112-04:00,1787100189,395064566,1787100189395064566,106.150331,,,,2459,2458,1,0,0,2459,CartesianTarget,1,False,True,True,False,0.0,-90.0,90.000015,0.0,89.999985,0.0,445.0,0.0,809.999878,180.0,0.0,180.0,False,True,
1347,/kuka/axis_move/feedback_json,std_msgs/msg/String,2026-08-18T20:43:09.505739-04:00,1787100189,505718244,1787100189505718244,110.653678,,,,2460,2459,1,0,0,2460,CartesianTarget,1,False,True,True,False,0.0,-90.0,90.000015,0.0,89.999985,0.0,445.0,0.0,809.999878,180.0,0.0,180.0,False,True,
1348,/kuka/axis_move/feedback_json,std_msgs/msg/String,2026-08-18T20:43:09.614037-04:00,1787100189,614024714,1787100189614024714,108.30647,,,,2461,2460,1,0,0,2461,CartesianTarget,1,False,True,True,False,0.0,-90.0,90.000015,0.0,89.999985,0.0,445.0,0.0,809.999878,180.0,0.0,180.0,False,True,
1349,/kuka/axis_move/feedback_json,std_msgs/msg/String,2026-08-18T20:43:09.720988-04:00,1787100189,720981750,1787100189720981750,106.957036,,,,2462,2461,1,0,0,2462,CartesianTarget,1,False,True,True,False,0.0,-90.0,90.000015,0.0,89.999985,0.0,445.0,0.0,809.999878,180.0,0.0,180.0,False,True,
1350,/kuka/axis_move/feedback_json,std_msgs/msg/String,2026-08-18T20:43:09.882807-04:00,1787100189,882787083,1787100189882787083,161.805333,,,,2463,2462,1,0,0,2463,CartesianTarget,1,False,True,True,False,0.0,-90.0,90.000015,0.0,89.999985,0.0,445.0,0.0,809.999878,180.0,0.0,180.0,False,True,
1351,/kuka/axis_move/feedback_json,std_msgs/msg/String,2026-08-18T20:43:09.998912-04:00,1787100189,998906236,1787100189998906236,116.119153,,,,2464,2463,1,0,0,2464,CartesianTarget,1,False,True,True,False,0.0,-90.0,90.000015,0.0,89.999985,0.0,445.0,0.0,809.999878,180.0,0.0,180.0,False,True,
1352,/kuka/axis_move/feedback_json,std_msgs/msg/String,2026-08-18T20:43:10.109670-04:00,1787100190,109663095,1787100190109663095,110.756859,,,,2465,2464,1,0,0,2465,CartesianTarget,1,False,True,True,False,0.0,-90.0,90.000015,0.0,89.999985,0.0,445.0,0.0,809.999878,180.0,0.0,180.0,False,True,
1353,/kuka/axis_move/feedback_json,std_msgs/msg/String,2026-08-18T20:43:10.213274-04:00,1787100190,213268261,1787100190213268261,103.605166,,,,2466,2465,1,0,0,2466,CartesianTarget,1,False,True,True,False,0.0,-90.0,90.000015,0.0,89.999985,0.0,445.0,0.0,809.999878,180.0,0.0,180.0,False,True,
1354,/kuka/axis_move/feedback_json,std_msgs/msg/String,2026-08-18T20:43:10.322851-04:00,1787100190,322838211,1787100190322838211,109.56995,,,,2467,2466,1,0,0,2467,CartesianTarget,1,False,True,True,False,0.0,-90.0,90.000015,0.0,89.999985,0.0,445.0,0.0,809.999878,180.0,0.0,180.0,False,True,
1355,/kuka/axis_move/feedback_json,std_msgs/msg/String,2026-08-18T20:43:10.483938-04:00,1787100190,483928039,1787100190483928039,161.089828,,,,2468,2467,1,0,0,2468,CartesianTarget,1,False,True,True,False,0.0,-90.0,90.000015,0.0,89.999985,0.0,445.0,0.0,809.999878,180.0,0.0,180.0,False,True,
1356,/kuka/axis_move/feedback_json,std_msgs/msg/String,2026-08-18T20:43:10.593360-04:00,1787100190,593353214,1787100190593353214,109.425175,,,,2469,2468,1,0,0,2469,CartesianTarget,1,False,True,True,False,0.0,-90.0,90.000015,0.0,89.999985,0.0,445.0,0.0,809.999878,180.0,0.0,180.0,False,True,
1357,/kuka/axis_move/feedback_json,std_msgs/msg/String,2026-08-18T20:43:10.705232-04:00,1787100190,705221500,1787100190705221500,111.868286,,,,2470,2469,1,0,0,2470,CartesianTarget,1,False,True,True,False,0.0,-90.0,90.000015,0.0,89.999985,0.0,445.0,0.0,809.999878,180.0,0.0,180.0,False,True,
1358,/kuka/axis_move/feedback_json,std_msgs/msg/String,2026-08-18T20:43:10.814471-04:00,1787100190,814464318,1787100190814464318,109.242818,,,,2471,2470,1,0,0,2471,CartesianTarget,1,False,True,True,False,0.0,-90.0,90.000015,0.0,89.999985,0.0,445.0,0.0,809.999878,180.0,0.0,180.0,False,True,
1359,/kuka/axis_move/feedback_json,std_msgs/msg/String,2026-08-18T20:43:10.920942-04:00,1787100190,920931803,1787100190920931803,106.467485,,,,2472,2471,1,0,0,2472,CartesianTarget,1,False,True,True,False,0.0,-90.0,90.000015,0.0,89.999985,0.0,445.0,0.0,809.999878,180.0,0.0,180.0,False,True,
1360,/kuka/axis_move/feedback_json,std_msgs/msg/String,2026-08-18T20:43:11.088884-04:00,1787100191,88873507,1787100191088873507,167.941704,,,,2473,2472,1,0,0,2473,CartesianTarget,1,False,True,True,False,0.0,-90.0,90.000015,0.0,89.999985,0.0,445.0,0.0,809.999878,180.0,0.0,180.0,False,True,
1361,/kuka/axis_move/feedback_json,std_msgs/msg/String,2026-08-18T20:43:11.197800-04:00,1787100191,197794158,1787100191197794158,108.920651,,,,2474,2473,1,0,0,2474,CartesianTarget,1,False,True,True,False,0.0,-90.0,90.000015,0.0,89.999985,0.0,445.0,0.0,809.999878,180.0,0.0,180.0,False,True,
1362,/kuka/axis_move/feedback_json,std_msgs/msg/String,2026-08-18T20:43:11.305922-04:00,1787100191,305910426,1787100191305910426,108.116268,,,,2475,2474,1,0,0,2475,CartesianTarget,1,False,True,True,False,0.0,-90.0,90.000015,0.0,89.999985,0.0,445.0,0.0,809.999878,180.0,0.0,180.0,False,True,
1363,/kuka/axis_move/feedback_json,std_msgs/msg/String,2026-08-18T20:43:11.416119-04:00,1787100191,416111311,1787100191416111311,110.200885,,,,2476,2475,1,0,0,2476,CartesianTarget,1,False,True,True,False,0.0,-90.0,90.000015,0.0,89.999985,0.0,445.0,0.0,809.999878,180.0,0.0,180.0,False,True,
1364,/kuka/axis_move/feedback_json,std_msgs/msg/String,2026-08-18T20:43:11.530673-04:00,1787100191,530661924,1787100191530661924,114.550613,,,,2477,2476,1,0,0,2477,CartesianTarget,1,False,True,True,False,0.0,-90.0,90.000015,0.0,89.999985,0.0,445.0,0.0,809.999878,180.0,0.0,180.0,False,True,
1365,/kuka/axis_move/feedback_json,std_msgs/msg/String,2026-08-18T20:43:11.691117-04:00,1787100191,691100603,1787100191691100603,160.438679,,,,2478,2477,1,0,0,2478,CartesianTarget,1,False,True,True,False,0.0,-90.0,90.000015,0.0,89.999985,0.0,445.0,0.0,809.999878,180.0,0.0,180.0,False,True,
1366,/kuka/axis_move/feedback_json,std_msgs/msg/String,2026-08-18T20:43:11.800842-04:00,1787100191,800817584,1787100191800817584,109.716981,,,,2479,2478,1,0,0,2479,CartesianTarget,1,False,True,True,False,0.0,-90.0,90.000015,0.0,89.999985,0.0,445.0,0.0,809.999878,180.0,0.0,180.0,False,True,
1367,/kuka/axis_move/feedback_json,std_msgs/msg/String,2026-08-18T20:43:11.910080-04:00,1787100191,910070314,1787100191910070314,109.25273,,,,2480,2479,1,0,0,2480,CartesianTarget,1,False,True,True,False,0.0,-90.0,90.000015,0.0,89.999985,0.0,445.0,0.0,809.999878,180.0,0.0,180.0,False,True,
1368,/kuka/axis_move/feedback_json,std_msgs/msg/String,2026-08-18T20:43:12.016905-04:00,1787100192,16885597,1787100192016885597,106.815283,,,,2481,2480,1,0,0,2481,CartesianTarget,1,False,True,True,False,0.0,-90.0,90.000015,0.0,89.999985,0.0,445.0,0.0,809.999878,180.0,0.0,180.0,False,True,
1369,/kuka/axis_move/feedback_json,std_msgs/msg/String,2026-08-18T20:43:12.125783-04:00,1787100192,125777485,1787100192125777485,108.891888,,,,2482,2481,1,0,0,2482,CartesianTarget,1,False,True,True,False,0.0,-90.0,90.000015,0.0,89.999985,0.0,445.0,0.0,809.999878,180.0,0.0,180.0,False,True,
1370,/kuka/axis_move/feedback_json,std_msgs/msg/String,2026-08-18T20:43:12.284662-04:00,1787100192,284655690,1787100192284655690,158.878205,,,,2483,2482,1,0,0,2483,CartesianTarget,1,False,True,True,False,0.0,-90.0,90.000015,0.0,89.999985,0.0,445.0,0.0,809.999878,180.0,0.0,180.0,False,True,
1371,/kuka/axis_move/feedback_json,std_msgs/msg/String,2026-08-18T20:43:12.396324-04:00,1787100192,396313991,1787100192396313991,111.658301,,,,2484,2483,1,0,0,2484,CartesianTarget,1,False,True,True,False,0.0,-90.0,90.000015,0.0,89.999985,0.0,445.0,0.0,809.999878,180.0,0.0,180.0,False,True,
1372,/kuka/axis_move/feedback_json,std_msgs/msg/String,2026-08-18T20:43:12.504816-04:00,1787100192,504803738,1787100192504803738,108.489747,,,,2485,2484,1,0,0,2485,CartesianTarget,1,False,True,True,False,0.0,-90.0,90.000015,0.0,89.999985,0.0,445.0,0.0,809.999878,180.0,0.0,180.0,False,True,
1373,/kuka/axis_move/feedback_json,std_msgs/msg/String,2026-08-18T20:43:12.615234-04:00,1787100192,615228053,1787100192615228053,110.424315,,,,2486,2485,1,0,0,2486,CartesianTarget,1,False,True,True,False,0.0,-90.0,90.000015,0.0,89.999985,0.0,445.0,0.0,809.999878,180.0,0.0,180.0,False,True,
1374,/kuka/axis_move/feedback_json,std_msgs/msg/String,2026-08-18T20:43:12.722920-04:00,1787100192,722907321,1787100192722907321,107.679268,,,,2487,2486,1,0,0,2487,CartesianTarget,1,False,True,True,False,0.0,-90.0,90.000015,0.0,89.999985,0.0,445.0,0.0,809.999878,180.0,0.0,180.0,False,True,
1375,/kuka/axis_move/feedback_json,std_msgs/msg/String,2026-08-18T20:43:12.894448-04:00,1787100192,894432023,1787100192894432023,171.524702,,,,2488,2487,1,0,0,2488,CartesianTarget,1,False,True,True,False,0.0,-90.0,90.000015,0.0,89.999985,0.0,445.0,0.0,809.999878,180.0,0.0,180.0,False,True,
1376,/kuka/axis_move/feedback_json,std_msgs/msg/String,2026-08-18T20:43:12.998926-04:00,1787100192,998916339,1787100192998916339,104.484316,,,,2489,2488,1,0,0,2489,CartesianTarget,1,False,True,True,False,0.0,-90.0,90.000015,0.0,89.999985,0.0,445.0,0.0,809.999878,180.0,0.0,180.0,False,True,
1377,/kuka/axis_move/feedback_json,std_msgs/msg/String,2026-08-18T20:43:13.107121-04:00,1787100193,107089250,1787100193107089250,108.172911,,,,2490,2489,1,0,0,2490,CartesianTarget,1,False,True,True,False,0.0,-90.0,90.000015,0.0,89.999985,0.0,445.0,0.0,809.999878,180.0,0.0,180.0,False,True,
1378,/kuka/axis_move/feedback_json,std_msgs/msg/String,2026-08-18T20:43:13.218404-04:00,1787100193,218397320,1787100193218397320,111.30807,,,,2491,2490,1,0,0,2491,CartesianTarget,1,False,True,True,False,0.0,-90.0,90.000015,0.0,89.999985,0.0,445.0,0.0,809.999878,180.0,0.0,180.0,False,True,
1379,/kuka/axis_move/feedback_json,std_msgs/msg/String,2026-08-18T20:43:13.320210-04:00,1787100193,320204645,1787100193320204645,101.807325,,,,2492,2491,1,0,0,2492,CartesianTarget,1,False,True,True,False,0.0,-90.0,90.000015,0.0,89.999985,0.0,445.0,0.0,809.999878,180.0,0.0,180.0,False,True,
1380,/kuka/axis_move/feedback_json,std_msgs/msg/String,2026-08-18T20:43:13.479591-04:00,1787100193,479584319,1787100193479584319,159.379674,,,,2493,2492,1,0,0,2493,CartesianTarget,1,False,True,True,False,0.0,-90.0,90.000015,0.0,89.999985,0.0,445.0,0.0,809.999878,180.0,0.0,180.0,False,True,
1381,/kuka/axis_move/feedback_json,std_msgs/msg/String,2026-08-18T20:43:13.598792-04:00,1787100193,598785740,1787100193598785740,119.201421,,,,2494,2493,1,0,0,2494,CartesianTarget,1,False,True,True,False,0.0,-90.0,90.000015,0.0,89.999985,0.0,445.0,0.0,809.999878,180.0,0.0,180.0,False,True,
1382,/kuka/axis_move/feedback_json,std_msgs/msg/String,2026-08-18T20:43:13.701101-04:00,1787100193,701089662,1787100193701089662,102.303922,,,,2495,2494,1,0,0,2495,CartesianTarget,1,False,True,True,False,0.0,-90.0,90.000015,0.0,89.999985,0.0,445.0,0.0,809.999878,180.0,0.0,180.0,False,True,
1383,/kuka/axis_move/feedback_json,std_msgs/msg/String,2026-08-18T20:43:13.809249-04:00,1787100193,809216296,1787100193809216296,108.126634,,,,2496,2495,1,0,0,2496,CartesianTarget,1,False,True,True,False,0.0,-90.0,90.000015,0.0,89.999985,0.0,445.0,0.0,809.999878,180.0,0.0,180.0,False,True,
1384,/kuka/axis_move/feedback_json,std_msgs/msg/String,2026-08-18T20:43:13.921861-04:00,1787100193,921852841,1787100193921852841,112.636545,,,,2497,2496,1,0,0,2497,CartesianTarget,1,False,True,True,False,0.0,-90.0,90.000015,0.0,89.999985,0.0,445.0,0.0,809.999878,180.0,0.0,180.0,False,True,
1385,/kuka/axis_move/feedback_json,std_msgs/msg/String,2026-08-18T20:43:14.083591-04:00,1787100194,83583998,1787100194083583998,161.731157,,,,2498,2497,1,0,0,2498,CartesianTarget,1,False,True,True,False,0.0,-90.0,90.000015,0.0,89.999985,0.0,445.0,0.0,809.999878,180.0,0.0,180.0,False,True,
1386,/kuka/axis_move/feedback_json,std_msgs/msg/String,2026-08-18T20:43:14.193101-04:00,1787100194,193094391,1787100194193094391,109.510393,,,,2499,2498,1,0,0,2499,CartesianTarget,1,False,True,True,False,0.0,-90.0,90.000015,0.0,89.999985,0.0,445.0,0.0,809.999878,180.0,0.0,180.0,False,True,
1387,/kuka/axis_move/feedback_json,std_msgs/msg/String,2026-08-18T20:43:14.301549-04:00,1787100194,301537285,1787100194301537285,108.442894,,,,2500,2499,1,0,0,2500,CartesianTarget,1,False,True,True,False,0.0,-90.0,90.000015,0.0,89.999985,0.0,445.0,0.0,809.999878,180.0,0.0,180.0,False,True,
1388,/kuka/axis_move/feedback_json,std_msgs/msg/String,2026-08-18T20:43:14.408526-04:00,1787100194,408518168,1787100194408518168,106.980883,,,,2501,2500,1,0,0,2501,CartesianTarget,1,False,True,True,False,0.0,-90.0,90.000015,0.0,89.999985,0.0,445.0,0.0,809.999878,180.0,0.0,180.0,False,True,
1389,/kuka/axis_move/feedback_json,std_msgs/msg/String,2026-08-18T20:43:14.520336-04:00,1787100194,520325058,1787100194520325058,111.80689,,,,2502,2501,1,0,0,2502,CartesianTarget,1,False,True,True,False,0.0,-90.0,90.000015,0.0,89.999985,0.0,445.0,0.0,809.999878,180.0,0.0,180.0,False,True,
1390,/kuka/axis_move/feedback_json,std_msgs/msg/String,2026-08-18T20:43:14.680951-04:00,1787100194,680941724,1787100194680941724,160.616666,,,,2503,2502,1,0,0,2503,CartesianTarget,1,False,True,True,False,0.0,-90.0,90.000015,0.0,89.999985,0.0,445.0,0.0,809.999878,180.0,0.0,180.0,False,True,
1391,/kuka/axis_move/feedback_json,std_msgs/msg/String,2026-08-18T20:43:14.793347-04:00,1787100194,793336466,1787100194793336466,112.394742,,,,2504,2503,1,0,0,2504,CartesianTarget,1,False,True,True,False,0.0,-90.0,90.000015,0.0,89.999985,0.0,445.0,0.0,809.999878,180.0,0.0,180.0,False,True,
1392,/kuka/axis_move/feedback_json,std_msgs/msg/String,2026-08-18T20:43:14.901029-04:00,1787100194,901005224,1787100194901005224,107.668758,,,,2505,2504,1,0,0,2505,CartesianTarget,1,False,True,True,False,0.0,-90.0,90.000015,0.0,89.999985,0.0,445.0,0.0,809.999878,180.0,0.0,180.0,False,True,
1393,/kuka/axis_move/feedback_json,std_msgs/msg/String,2026-08-18T20:43:15.010702-04:00,1787100195,10696549,1787100195010696549,109.691325,,,,2506,2505,1,0,0,2506,CartesianTarget,1,False,True,True,False,0.0,-90.0,90.000015,0.0,89.999985,0.0,445.0,0.0,809.999878,180.0,0.0,180.0,False,True,
1394,/kuka/axis_move/feedback_json,std_msgs/msg/String,2026-08-18T20:43:15.118214-04:00,1787100195,118202994,1787100195118202994,107.506445,,,,2507,2506,1,0,0,2507,CartesianTarget,1,False,True,True,False,0.0,-90.0,90.000015,0.0,89.999985,0.0,445.0,0.0,809.999878,180.0,0.0,180.0,False,True,
1395,/kuka/axis_move/feedback_json,std_msgs/msg/String,2026-08-18T20:43:15.277924-04:00,1787100195,277914059,1787100195277914059,159.711065,,,,2508,2507,1,0,0,2508,CartesianTarget,1,False,True,True,False,0.0,-90.0,90.000015,0.0,89.999985,0.0,445.0,0.0,809.999878,180.0,0.0,180.0,False,True,
1396,/kuka/axis_move/feedback_json,std_msgs/msg/String,2026-08-18T20:43:15.391284-04:00,1787100195,391277820,1787100195391277820,113.363761,,,,2509,2508,1,0,0,2509,CartesianTarget,1,False,True,True,False,0.0,-90.0,90.000015,0.0,89.999985,0.0,445.0,0.0,809.999878,180.0,0.0,180.0,False,True,
1397,/kuka/axis_move/feedback_json,std_msgs/msg/String,2026-08-18T20:43:15.504914-04:00,1787100195,504902826,1787100195504902826,113.625006,,,,2510,2509,1,0,0,2510,CartesianTarget,1,False,True,True,False,0.0,-90.0,90.000015,0.0,89.999985,0.0,445.0,0.0,809.999878,180.0,0.0,180.0,False,True,
1398,/kuka/axis_move/feedback_json,std_msgs/msg/String,2026-08-18T20:43:15.614224-04:00,1787100195,614218175,1787100195614218175,109.315349,,,,2511,2510,1,0,0,2511,CartesianTarget,1,False,True,True,False,0.0,-90.0,90.000015,0.0,89.999985,0.0,445.0,0.0,809.999878,180.0,0.0,180.0,False,True,
1399,/kuka/axis_move/feedback_json,std_msgs/msg/String,2026-08-18T20:43:15.719925-04:00,1787100195,719919772,1787100195719919772,105.701597,,,,2512,2511,1,0,0,2512,CartesianTarget,1,False,True,True,False,0.0,-90.0,90.000015,0.0,89.999985,0.0,445.0,0.0,809.999878,180.0,0.0,180.0,False,True,
1400,/kuka/axis_move/feedback_json,std_msgs/msg/String,2026-08-18T20:43:15.883044-04:00,1787100195,883035991,1787100195883035991,163.116219,,,,2513,2512,1,0,0,2513,CartesianTarget,1,False,True,True,False,0.0,-90.0,90.000015,0.0,89.999985,0.0,445.0,0.0,809.999878,180.0,0.0,180.0,False,True,
1401,/kuka/axis_move/feedback_json,std_msgs/msg/String,2026-08-18T20:43:15.997567-04:00,1787100195,997560600,1787100195997560600,114.524609,,,,2514,2513,1,0,0,2514,CartesianTarget,1,False,True,True,False,0.0,-90.0,90.000015,0.0,89.999985,0.0,445.0,0.0,809.999878,180.0,0.0,180.0,False,True,
1402,/kuka/axis_move/feedback_json,std_msgs/msg/String,2026-08-18T20:43:16.100767-04:00,1787100196,100756451,1787100196100756451,103.195851,,,,2515,2514,1,0,0,2515,CartesianTarget,1,False,True,True,False,0.0,-90.0,90.000015,0.0,89.999985,0.0,445.0,0.0,809.999878,180.0,0.0,180.0,False,True,
1403,/kuka/axis_move/feedback_json,std_msgs/msg/String,2026-08-18T20:43:16.213596-04:00,1787100196,213580385,1787100196213580385,112.823934,,,,2516,2515,1,0,0,2516,CartesianTarget,1,False,True,True,False,0.0,-90.0,90.000015,0.0,89.999985,0.0,445.0,0.0,809.999878,180.0,0.0,180.0,False,True,
1404,/kuka/axis_move/feedback_json,std_msgs/msg/String,2026-08-18T20:43:16.322726-04:00,1787100196,322721143,1787100196322721143,109.140758,,,,2517,2516,1,0,0,2517,CartesianTarget,1,False,True,True,False,0.0,-90.0,90.000015,0.0,89.999985,0.0,445.0,0.0,809.999878,180.0,0.0,180.0,False,True,
1405,/kuka/axis_move/feedback_json,std_msgs/msg/String,2026-08-18T20:43:16.489274-04:00,1787100196,489244217,1787100196489244217,166.523074,,,,2518,2517,1,0,0,2518,CartesianTarget,1,False,True,True,False,0.0,-90.0,90.000015,0.0,89.999985,0.0,445.0,0.0,809.999878,180.0,0.0,180.0,False,True,
1406,/kuka/axis_move/feedback_json,std_msgs/msg/String,2026-08-18T20:43:16.598682-04:00,1787100196,598675369,1787100196598675369,109.431152,,,,2519,2518,1,0,0,2519,CartesianTarget,1,False,True,True,False,0.0,-90.0,90.000015,0.0,89.999985,0.0,445.0,0.0,809.999878,180.0,0.0,180.0,False,True,
1407,/kuka/axis_move/feedback_json,std_msgs/msg/String,2026-08-18T20:43:16.708378-04:00,1787100196,708372076,1787100196708372076,109.696707,,,,2520,2519,1,0,0,2520,CartesianTarget,1,False,True,True,False,0.0,-90.0,90.000015,0.0,89.999985,0.0,445.0,0.0,809.999878,180.0,0.0,180.0,False,True,
1408,/kuka/axis_move/feedback_json,std_msgs/msg/String,2026-08-18T20:43:16.821301-04:00,1787100196,821289309,1787100196821289309,112.917233,,,,2521,2520,1,0,0,2521,CartesianTarget,1,False,True,True,False,0.0,-90.0,90.000015,0.0,89.999985,0.0,445.0,0.0,809.999878,180.0,0.0,180.0,False,True,
1409,/kuka/axis_move/feedback_json,std_msgs/msg/String,2026-08-18T20:43:16.926123-04:00,1787100196,926088549,1787100196926088549,104.79924,,,,2522,2521,1,0,0,2522,CartesianTarget,1,False,True,True,False,0.0,-90.0,90.000015,0.0,89.999985,0.0,445.0,0.0,809.999878,180.0,0.0,180.0,False,True,
1410,/kuka/axis_move/feedback_json,std_msgs/msg/String,2026-08-18T20:43:17.089385-04:00,1787100197,89379383,1787100197089379383,163.290834,,,,2523,2522,1,0,0,2523,CartesianTarget,1,False,True,True,False,0.0,-90.0,90.000015,0.0,89.999985,0.0,445.0,0.0,809.999878,180.0,0.0,180.0,False,True,
1411,/kuka/axis_move/feedback_json,std_msgs/msg/String,2026-08-18T20:43:17.199811-04:00,1787100197,199800038,1787100197199800038,110.420655,,,,2524,2523,1,0,0,2524,CartesianTarget,1,False,True,True,False,0.0,-90.0,90.000015,0.0,89.999985,0.0,445.0,0.0,809.999878,180.0,0.0,180.0,False,True,
1412,/kuka/axis_move/feedback_json,std_msgs/msg/String,2026-08-18T20:43:17.310001-04:00,1787100197,309992164,1787100197309992164,110.192126,,,,2525,2524,1,0,0,2525,CartesianTarget,1,False,True,True,False,0.0,-90.0,90.000015,0.0,89.999985,0.0,445.0,0.0,809.999878,180.0,0.0,180.0,False,True,
1413,/kuka/axis_move/feedback_json,std_msgs/msg/String,2026-08-18T20:43:17.418288-04:00,1787100197,418271085,1787100197418271085,108.278921,,,,2526,2525,1,0,0,2526,CartesianTarget,1,False,True,True,False,0.0,-90.0,90.000015,0.0,89.999985,0.0,445.0,0.0,809.999878,180.0,0.0,180.0,False,True,
1414,/kuka/axis_move/feedback_json,std_msgs/msg/String,2026-08-18T20:43:17.523016-04:00,1787100197,522998869,1787100197522998869,104.727784,,,,2527,2526,1,0,0,2527,CartesianTarget,1,False,True,True,False,0.0,-90.0,90.000015,0.0,89.999985,0.0,445.0,0.0,809.999878,180.0,0.0,180.0,False,True,
1415,/kuka/axis_move/feedback_json,std_msgs/msg/String,2026-08-18T20:43:17.679458-04:00,1787100197,679448010,1787100197679448010,156.449141,,,,2528,2527,1,0,0,2528,CartesianTarget,1,False,True,True,False,0.0,-90.0,90.000015,0.0,89.999985,0.0,445.0,0.0,809.999878,180.0,0.0,180.0,False,True,
1416,/kuka/axis_move/feedback_json,std_msgs/msg/String,2026-08-18T20:43:17.790106-04:00,1787100197,790100015,1787100197790100015,110.652005,,,,2529,2528,1,0,0,2529,CartesianTarget,1,False,True,True,False,0.0,-90.0,90.000015,0.0,89.999985,0.0,445.0,0.0,809.999878,180.0,0.0,180.0,False,True,
1417,/kuka/axis_move/feedback_json,std_msgs/msg/String,2026-08-18T20:43:17.896712-04:00,1787100197,896700591,1787100197896700591,106.600576,,,,2530,2529,1,0,0,2530,CartesianTarget,1,False,True,True,False,0.0,-90.0,90.000015,0.0,89.999985,0.0,445.0,0.0,809.999878,180.0,0.0,180.0,False,True,
1418,/kuka/axis_move/feedback_json,std_msgs/msg/String,2026-08-18T20:43:18.008484-04:00,1787100198,8470354,1787100198008470354,111.769763,,,,2531,2530,1,0,0,2531,CartesianTarget,1,False,True,True,False,0.0,-90.0,90.000015,0.0,89.999985,0.0,445.0,0.0,809.999878,180.0,0.0,180.0,False,True,
1419,/kuka/axis_move/feedback_json,std_msgs/msg/String,2026-08-18T20:43:18.116353-04:00,1787100198,116341838,1787100198116341838,107.871484,,,,2532,2531,1,0,0,2532,CartesianTarget,1,False,True,True,False,0.0,-90.0,90.000015,0.0,89.999985,0.0,445.0,0.0,809.999878,180.0,0.0,180.0,False,True,
1420,/kuka/axis_move/feedback_json,std_msgs/msg/String,2026-08-18T20:43:18.276293-04:00,1787100198,276281438,1787100198276281438,159.9396,,,,2533,2532,1,0,0,2533,CartesianTarget,1,False,True,True,False,0.0,-90.0,90.000015,0.0,89.999985,0.0,445.0,0.0,809.999878,180.0,0.0,180.0,False,True,
1421,/kuka/axis_move/feedback_json,std_msgs/msg/String,2026-08-18T20:43:18.389710-04:00,1787100198,389703008,1787100198389703008,113.42157,,,,2534,2533,1,0,0,2534,CartesianTarget,1,False,True,True,False,0.0,-90.0,90.000015,0.0,89.999985,0.0,445.0,0.0,809.999878,180.0,0.0,180.0,False,True,
1422,/kuka/axis_move/feedback_json,std_msgs/msg/String,2026-08-18T20:43:18.495698-04:00,1787100198,495680565,1787100198495680565,105.977557,,,,2535,2534,1,0,0,2535,CartesianTarget,1,False,True,True,False,0.0,-90.0,90.000015,0.0,89.999985,0.0,445.0,0.0,809.999878,180.0,0.0,180.0,False,True,
1423,/kuka/axis_move/feedback_json,std_msgs/msg/String,2026-08-18T20:43:18.608051-04:00,1787100198,608035186,1787100198608035186,112.354621,,,,2536,2535,1,0,0,2536,CartesianTarget,1,False,True,True,False,0.0,-90.0,90.000015,0.0,89.999985,0.0,445.0,0.0,809.999878,180.0,0.0,180.0,False,True,
1424,/kuka/axis_move/feedback_json,std_msgs/msg/String,2026-08-18T20:43:18.718178-04:00,1787100198,718171057,1787100198718171057,110.135871,,,,2537,2536,1,0,0,2537,CartesianTarget,1,False,True,True,False,0.0,-90.0,90.000015,0.0,89.999985,0.0,445.0,0.0,809.999878,180.0,0.0,180.0,False,True,
1425,/kuka/axis_move/feedback_json,std_msgs/msg/String,2026-08-18T20:43:18.881206-04:00,1787100198,881182346,1787100198881182346,163.011289,,,,2538,2537,1,0,0,2538,CartesianTarget,1,False,True,True,False,0.0,-90.0,90.000015,0.0,89.999985,0.0,445.0,0.0,809.999878,180.0,0.0,180.0,False,True,
1426,/kuka/axis_move/feedback_json,std_msgs/msg/String,2026-08-18T20:43:18.988583-04:00,1787100198,988576610,1787100198988576610,107.394264,,,,2539,2538,1,0,0,2539,CartesianTarget,1,False,True,True,False,0.0,-90.0,90.000015,0.0,89.999985,0.0,445.0,0.0,809.999878,180.0,0.0,180.0,False,True,
1427,/kuka/axis_move/feedback_json,std_msgs/msg/String,2026-08-18T20:43:19.096816-04:00,1787100199,96805037,1787100199096805037,108.228427,,,,2540,2539,1,0,0,2540,CartesianTarget,1,False,True,True,False,0.0,-90.0,90.000015,0.0,89.999985,0.0,445.0,0.0,809.999878,180.0,0.0,180.0,False,True,
1428,/kuka/axis_move/feedback_json,std_msgs/msg/String,2026-08-18T20:43:19.204750-04:00,1787100199,204739178,1787100199204739178,107.934141,,,,2541,2540,1,0,0,2541,CartesianTarget,1,False,True,True,False,0.0,-90.0,90.000015,0.0,89.999985,0.0,445.0,0.0,809.999878,180.0,0.0,180.0,False,True,
1429,/kuka/axis_move/feedback_json,std_msgs/msg/String,2026-08-18T20:43:19.313647-04:00,1787100199,313633804,1787100199313633804,108.894626,,,,2542,2541,1,0,0,2542,CartesianTarget,1,False,True,True,False,0.0,-90.0,90.000015,0.0,89.999985,0.0,445.0,0.0,809.999878,180.0,0.0,180.0,False,True,
1430,/kuka/axis_move/feedback_json,std_msgs/msg/String,2026-08-18T20:43:19.469734-04:00,1787100199,469722912,1787100199469722912,156.089108,,,,2543,2542,1,0,0,2543,CartesianTarget,1,False,True,True,False,0.0,-90.0,90.000015,0.0,89.999985,0.0,445.0,0.0,809.999878,180.0,0.0,180.0,False,True,
1431,/kuka/axis_move/feedback_json,std_msgs/msg/String,2026-08-18T20:43:19.561356-04:00,1787100199,561344922,1787100199561344922,91.62201,,,,2544,2543,1,0,0,2544,CartesianTarget,1,False,True,True,False,0.0,-90.0,90.000015,0.0,89.999985,0.0,445.0,0.0,809.999878,180.0,0.0,180.0,False,True,
1432,/kuka/axis_move/feedback_json,std_msgs/msg/String,2026-08-18T20:43:19.673016-04:00,1787100199,672997422,1787100199672997422,111.6525,,,,2545,2544,1,0,0,2545,CartesianTarget,1,False,True,True,False,0.0,-90.0,90.000015,0.0,89.999985,0.0,445.0,0.0,809.999878,180.0,0.0,180.0,False,True,
1433,/kuka/axis_move/feedback_json,std_msgs/msg/String,2026-08-18T20:43:19.781833-04:00,1787100199,781817756,1787100199781817756,108.820334,,,,2546,2545,1,0,0,2546,CartesianTarget,1,False,True,True,False,0.0,-90.0,90.000015,0.0,89.999985,0.0,445.0,0.0,809.999878,180.0,0.0,180.0,False,True,
1434,/kuka/axis_move/feedback_json,std_msgs/msg/String,2026-08-18T20:43:19.891015-04:00,1787100199,891005201,1787100199891005201,109.187445,,,,2547,2546,1,0,0,2547,CartesianTarget,1,False,True,True,False,0.0,-90.0,90.000015,0.0,89.999985,0.0,445.0,0.0,809.999878,180.0,0.0,180.0,False,True,
1435,/kuka/axis_move/feedback_json,std_msgs/msg/String,2026-08-18T20:43:20.048040-04:00,1787100200,48019873,1787100200048019873,157.014672,,,,2548,2547,1,0,0,2548,CartesianTarget,1,False,True,True,False,0.0,-90.0,90.000015,0.0,89.999985,0.0,445.0,0.0,809.999878,180.0,0.0,180.0,False,True,
1436,/kuka/axis_move/feedback_json,std_msgs/msg/String,2026-08-18T20:43:20.161782-04:00,1787100200,161754538,1787100200161754538,113.734665,,,,2549,2548,1,0,0,2549,CartesianTarget,1,False,True,True,False,0.0,-90.0,90.000015,0.0,89.999985,0.0,445.0,0.0,809.999878,180.0,0.0,180.0,False,True,
1437,/kuka/axis_move/feedback_json,std_msgs/msg/String,2026-08-18T20:43:20.265542-04:00,1787100200,265524260,1787100200265524260,103.769722,,,,2550,2549,1,0,0,2550,CartesianTarget,1,False,True,True,False,0.0,-90.0,90.000015,0.0,89.999985,0.0,445.0,0.0,809.999878,180.0,0.0,180.0,False,True,
1438,/kuka/axis_move/feedback_json,std_msgs/msg/String,2026-08-18T20:43:20.380775-04:00,1787100200,380744011,1787100200380744011,115.219751,,,,2551,2550,1,0,0,2551,CartesianTarget,1,False,True,True,False,0.0,-90.0,90.000015,0.0,89.999985,0.0,445.0,0.0,809.999878,180.0,0.0,180.0,False,True,
1439,/kuka/axis_move/feedback_json,std_msgs/msg/String,2026-08-18T20:43:20.490521-04:00,1787100200,490515516,1787100200490515516,109.771505,,,,2552,2551,1,0,0,2552,CartesianTarget,1,False,True,True,False,0.0,-90.0,90.000015,0.0,89.999985,0.0,445.0,0.0,809.999878,180.0,0.0,180.0,False,True,
1440,/kuka/axis_move/feedback_json,std_msgs/msg/String,2026-08-18T20:43:20.652051-04:00,1787100200,652020072,1787100200652020072,161.504556,,,,2553,2552,1,0,0,2553,CartesianTarget,1,False,True,True,False,0.0,-90.0,90.000015,0.0,89.999985,0.0,445.0,0.0,809.999878,180.0,0.0,180.0,False,True,
1441,/kuka/axis_move/feedback_json,std_msgs/msg/String,2026-08-18T20:43:20.765194-04:00,1787100200,765188196,1787100200765188196,113.168124,,,,2554,2553,1,0,0,2554,CartesianTarget,1,False,True,True,False,0.0,-90.0,90.000015,0.0,89.999985,0.0,445.0,0.0,809.999878,180.0,0.0,180.0,False,True,
1442,/kuka/axis_move/feedback_json,std_msgs/msg/String,2026-08-18T20:43:20.867242-04:00,1787100200,867231787,1787100200867231787,102.043591,,,,2555,2554,1,0,0,2555,CartesianTarget,1,False,True,True,False,0.0,-90.0,90.000015,0.0,89.999985,0.0,445.0,0.0,809.999878,180.0,0.0,180.0,False,True,
1443,/kuka/axis_move/feedback_json,std_msgs/msg/String,2026-08-18T20:43:20.976637-04:00,1787100200,976625716,1787100200976625716,109.393929,,,,2556,2555,1,0,0,2556,CartesianTarget,1,False,True,True,False,0.0,-90.0,90.000015,0.0,89.999985,0.0,445.0,0.0,809.999878,180.0,0.0,180.0,False,True,
1444,/kuka/axis_move/feedback_json,std_msgs/msg/String,2026-08-18T20:43:21.085580-04:00,1787100201,85573819,1787100201085573819,108.948103,,,,2557,2556,1,0,0,2557,CartesianTarget,1,False,True,True,False,0.0,-90.0,90.000015,0.0,89.999985,0.0,445.0,0.0,809.999878,180.0,0.0,180.0,False,True,
1445,/kuka/axis_move/feedback_json,std_msgs/msg/String,2026-08-18T20:43:21.249545-04:00,1787100201,249535526,1787100201249535526,163.961707,,,,2558,2557,1,0,0,2558,CartesianTarget,1,False,True,True,False,0.0,-90.0,90.000015,0.0,89.999985,0.0,445.0,0.0,809.999878,180.0,0.0,180.0,False,True,
1446,/kuka/axis_move/feedback_json,std_msgs/msg/String,2026-08-18T20:43:21.356404-04:00,1787100201,356381792,1787100201356381792,106.846266,,,,2559,2558,1,0,0,2559,CartesianTarget,1,False,True,True,False,0.0,-90.0,90.000015,0.0,89.999985,0.0,445.0,0.0,809.999878,180.0,0.0,180.0,False,True,
1447,/kuka/axis_move/feedback_json,std_msgs/msg/String,2026-08-18T20:43:21.464192-04:00,1787100201,464180307,1787100201464180307,107.798515,,,,2560,2559,1,0,0,2560,CartesianTarget,1,False,True,True,False,0.0,-90.0,90.000015,0.0,89.999985,0.0,445.0,0.0,809.999878,180.0,0.0,180.0,False,True,
1448,/kuka/axis_move/feedback_json,std_msgs/msg/String,2026-08-18T20:43:21.574794-04:00,1787100201,574789349,1787100201574789349,110.609042,,,,2561,2560,1,0,0,2561,CartesianTarget,1,False,True,True,False,0.0,-90.0,90.000015,0.0,89.999985,0.0,445.0,0.0,809.999878,180.0,0.0,180.0,False,True,
1449,/kuka/axis_move/feedback_json,std_msgs/msg/String,2026-08-18T20:43:21.681356-04:00,1787100201,681345878,1787100201681345878,106.556529,,,,2562,2561,1,0,0,2562,CartesianTarget,1,False,True,True,False,0.0,-90.0,90.000015,0.0,89.999985,0.0,445.0,0.0,809.999878,180.0,0.0,180.0,False,True,
1450,/kuka/axis_move/feedback_json,std_msgs/msg/String,2026-08-18T20:43:21.845141-04:00,1787100201,845127643,1787100201845127643,163.781765,,,,2563,2562,1,0,0,2563,CartesianTarget,1,False,True,True,False,0.0,-90.0,90.000015,0.0,89.999985,0.0,445.0,0.0,809.999878,180.0,0.0,180.0,False,True,
1451,/kuka/axis_move/feedback_json,std_msgs/msg/String,2026-08-18T20:43:21.953878-04:00,1787100201,953842962,1787100201953842962,108.715319,,,,2564,2563,1,0,0,2564,CartesianTarget,1,False,True,True,False,0.0,-90.0,90.000015,0.0,89.999985,0.0,445.0,0.0,809.999878,180.0,0.0,180.0,False,True,
1452,/kuka/axis_move/feedback_json,std_msgs/msg/String,2026-08-18T20:43:22.065447-04:00,1787100202,65423720,1787100202065423720,111.580758,,,,2565,2564,1,0,0,2565,CartesianTarget,1,False,True,True,False,0.0,-90.0,90.000015,0.0,89.999985,0.0,445.0,0.0,809.999878,180.0,0.0,180.0,False,True,
1453,/kuka/axis_move/feedback_json,std_msgs/msg/String,2026-08-18T20:43:22.172557-04:00,1787100202,172528362,1787100202172528362,107.104642,,,,2566,2565,1,0,0,2566,CartesianTarget,1,False,True,True,False,0.0,-90.0,90.000015,0.0,89.999985,0.0,445.0,0.0,809.999878,180.0,0.0,180.0,False,True,
1454,/kuka/axis_move/feedback_json,std_msgs/msg/String,2026-08-18T20:43:22.276769-04:00,1787100202,276762863,1787100202276762863,104.234501,,,,2567,2566,1,0,0,2567,CartesianTarget,1,False,True,True,False,0.0,-90.0,90.000015,0.0,89.999985,0.0,445.0,0.0,809.999878,180.0,0.0,180.0,False,True,
1455,/kuka/axis_move/feedback_json,std_msgs/msg/String,2026-08-18T20:43:22.440336-04:00,1787100202,440323679,1787100202440323679,163.560816,,,,2568,2567,1,0,0,2568,CartesianTarget,1,False,True,True,False,0.0,-90.0,90.000015,0.0,89.999985,0.0,445.0,0.0,809.999878,180.0,0.0,180.0,False,True,
1456,/kuka/axis_move/feedback_json,std_msgs/msg/String,2026-08-18T20:43:22.549405-04:00,1787100202,549382782,1787100202549382782,109.059103,,,,2569,2568,1,0,0,2569,CartesianTarget,1,False,True,True,False,0.0,-90.0,90.000015,0.0,89.999985,0.0,445.0,0.0,809.999878,180.0,0.0,180.0,False,True,
1457,/kuka/axis_move/feedback_json,std_msgs/msg/String,2026-08-18T20:43:22.657445-04:00,1787100202,657414471,1787100202657414471,108.031689,,,,2570,2569,1,0,0,2570,CartesianTarget,1,False,True,True,False,0.0,-90.0,90.000015,0.0,89.999985,0.0,445.0,0.0,809.999878,180.0,0.0,180.0,False,True,
1458,/kuka/axis_move/feedback_json,std_msgs/msg/String,2026-08-18T20:43:22.765825-04:00,1787100202,765814707,1787100202765814707,108.400236,,,,2571,2570,1,0,0,2571,CartesianTarget,1,False,True,True,False,0.0,-90.0,90.000015,0.0,89.999985,0.0,445.0,0.0,809.999878,180.0,0.0,180.0,False,True,
1459,/kuka/axis_move/feedback_json,std_msgs/msg/String,2026-08-18T20:43:22.873927-04:00,1787100202,873915615,1787100202873915615,108.100908,,,,2572,2571,1,0,0,2572,CartesianTarget,1,False,True,True,False,0.0,-90.0,90.000015,0.0,89.999985,0.0,445.0,0.0,809.999878,180.0,0.0,180.0,False,True,
1460,/kuka/axis_move/feedback_json,std_msgs/msg/String,2026-08-18T20:43:23.038023-04:00,1787100203,38017730,1787100203038017730,164.102115,,,,2573,2572,1,0,0,2573,CartesianTarget,1,False,True,True,False,0.0,-90.0,90.000015,0.0,89.999985,0.0,445.0,0.0,809.999878,180.0,0.0,180.0,False,True,
1461,/kuka/axis_move/feedback_json,std_msgs/msg/String,2026-08-18T20:43:23.150577-04:00,1787100203,150560542,1787100203150560542,112.542812,,,,2574,2573,1,0,0,2574,CartesianTarget,1,False,True,True,False,0.0,-90.0,90.000015,0.0,89.999985,0.0,445.0,0.0,809.999878,180.0,0.0,180.0,False,True,
1462,/kuka/axis_move/feedback_json,std_msgs/msg/String,2026-08-18T20:43:23.260929-04:00,1787100203,260905267,1787100203260905267,110.344725,,,,2575,2574,1,0,0,2575,CartesianTarget,1,False,True,True,False,0.0,-90.0,90.000015,0.0,89.999985,0.0,445.0,0.0,809.999878,180.0,0.0,180.0,False,True,
1463,/kuka/axis_move/feedback_json,std_msgs/msg/String,2026-08-18T20:43:23.366546-04:00,1787100203,366534804,1787100203366534804,105.629537,,,,2576,2575,1,0,0,2576,CartesianTarget,1,False,True,True,False,0.0,-90.0,90.000015,0.0,89.999985,0.0,445.0,0.0,809.999878,180.0,0.0,180.0,False,True,
1464,/kuka/axis_move/feedback_json,std_msgs/msg/String,2026-08-18T20:43:23.475750-04:00,1787100203,475743661,1787100203475743661,109.208857,,,,2577,2576,1,0,0,2577,CartesianTarget,1,False,True,True,False,0.0,-90.0,90.000015,0.0,89.999985,0.0,445.0,0.0,809.999878,180.0,0.0,180.0,False,True,
1465,/kuka/axis_move/feedback_json,std_msgs/msg/String,2026-08-18T20:43:23.638728-04:00,1787100203,638720166,1787100203638720166,162.976505,,,,2578,2577,1,0,0,2578,CartesianTarget,1,False,True,True,False,0.0,-90.0,90.000015,0.0,89.999985,0.0,445.0,0.0,809.999878,180.0,0.0,180.0,False,True,
1466,/kuka/axis_move/feedback_json,std_msgs/msg/String,2026-08-18T20:43:23.747783-04:00,1787100203,747777722,1787100203747777722,109.057556,,,,2579,2578,1,0,0,2579,CartesianTarget,1,False,True,True,False,0.0,-90.0,90.000015,0.0,89.999985,0.0,445.0,0.0,809.999878,180.0,0.0,180.0,False,True,
1467,/kuka/axis_move/feedback_json,std_msgs/msg/String,2026-08-18T20:43:23.855247-04:00,1787100203,855237756,1787100203855237756,107.460034,,,,2580,2579,1,0,0,2580,CartesianTarget,1,False,True,True,False,0.0,-90.0,90.000015,0.0,89.999985,0.0,445.0,0.0,809.999878,180.0,0.0,180.0,False,True,
1468,/kuka/axis_move/feedback_json,std_msgs/msg/String,2026-08-18T20:43:23.966315-04:00,1787100203,966306058,1787100203966306058,111.068302,,,,2581,2580,1,0,0,2581,CartesianTarget,1,False,True,True,False,0.0,-90.0,90.000015,0.0,89.999985,0.0,445.0,0.0,809.999878,180.0,0.0,180.0,False,True,
1469,/kuka/axis_move/feedback_json,std_msgs/msg/String,2026-08-18T20:43:24.073054-04:00,1787100204,73048896,1787100204073048896,106.742838,,,,2582,2581,1,0,0,2582,CartesianTarget,1,False,True,True,False,0.0,-90.0,90.000015,0.0,89.999985,0.0,445.0,0.0,809.999878,180.0,0.0,180.0,False,True,
1470,/kuka/axis_move/feedback_json,std_msgs/msg/String,2026-08-18T20:43:24.232016-04:00,1787100204,231998578,1787100204231998578,158.949682,,,,2583,2582,1,0,0,2583,CartesianTarget,1,False,True,True,False,0.0,-90.0,90.000015,0.0,89.999985,0.0,445.0,0.0,809.999878,180.0,0.0,180.0,False,True,
1471,/kuka/axis_move/feedback_json,std_msgs/msg/String,2026-08-18T20:43:24.327498-04:00,1787100204,327491675,1787100204327491675,95.493097,,,,2584,2583,1,0,0,2584,CartesianTarget,1,False,True,True,False,0.0,-90.0,90.000015,0.0,89.999985,0.0,445.0,0.0,809.999878,180.0,0.0,180.0,False,True,
1472,/kuka/axis_move/feedback_json,std_msgs/msg/String,2026-08-18T20:43:24.436010-04:00,1787100204,435998327,1787100204435998327,108.506652,,,,2585,2584,1,0,0,2585,CartesianTarget,1,False,True,True,False,0.0,-90.0,90.000015,0.0,89.999985,0.0,445.0,0.0,809.999878,180.0,0.0,180.0,False,True,
1473,/kuka/axis_move/feedback_json,std_msgs/msg/String,2026-08-18T20:43:24.547668-04:00,1787100204,547661493,1787100204547661493,111.663166,,,,2586,2585,1,0,0,2586,CartesianTarget,1,False,True,True,False,0.0,-90.0,90.000015,0.0,89.999985,0.0,445.0,0.0,809.999878,180.0,0.0,180.0,False,True,
1474,/kuka/axis_move/feedback_json,std_msgs/msg/String,2026-08-18T20:43:24.660219-04:00,1787100204,660199646,1787100204660199646,112.538153,,,,2587,2586,1,0,0,2587,CartesianTarget,1,False,True,True,False,0.0,-90.0,90.000015,0.0,89.999985,0.0,445.0,0.0,809.999878,180.0,0.0,180.0,False,True,
1475,/kuka/axis_move/feedback_json,std_msgs/msg/String,2026-08-18T20:43:24.816608-04:00,1787100204,816595180,1787100204816595180,156.395534,,,,2588,2587,1,0,0,2588,CartesianTarget,1,False,True,True,False,0.0,-90.0,90.000015,0.0,89.999985,0.0,445.0,0.0,809.999878,180.0,0.0,180.0,False,True,
1476,/kuka/axis_move/feedback_json,std_msgs/msg/String,2026-08-18T20:43:24.925535-04:00,1787100204,925526086,1787100204925526086,108.930906,,,,2589,2588,1,0,0,2589,CartesianTarget,1,False,True,True,False,0.0,-90.0,90.000015,0.0,89.999985,0.0,445.0,0.0,809.999878,180.0,0.0,180.0,False,True,
1477,/kuka/axis_move/feedback_json,std_msgs/msg/String,2026-08-18T20:43:25.033563-04:00,1787100205,33550125,1787100205033550125,108.024039,,,,2590,2589,1,0,0,2590,CartesianTarget,1,False,True,True,False,0.0,-90.0,90.000015,0.0,89.999985,0.0,445.0,0.0,809.999878,180.0,0.0,180.0,False,True,
1478,/kuka/axis_move/feedback_json,std_msgs/msg/String,2026-08-18T20:43:25.143648-04:00,1787100205,143635542,1787100205143635542,110.085417,,,,2591,2590,1,0,0,2591,CartesianTarget,1,False,True,True,False,0.0,-90.0,90.000015,0.0,89.999985,0.0,445.0,0.0,809.999878,180.0,0.0,180.0,False,True,
1479,/kuka/axis_move/feedback_json,std_msgs/msg/String,2026-08-18T20:43:25.252877-04:00,1787100205,252866500,1787100205252866500,109.230958,,,,2592,2591,1,0,0,2592,CartesianTarget,1,False,True,True,False,0.0,-90.0,90.000015,0.0,89.999985,0.0,445.0,0.0,809.999878,180.0,0.0,180.0,False,True,
1480,/kuka/axis_move/feedback_json,std_msgs/msg/String,2026-08-18T20:43:25.416193-04:00,1787100205,416187418,1787100205416187418,163.320918,,,,2593,2592,1,0,0,2593,CartesianTarget,1,False,True,True,False,0.0,-90.0,90.000015,0.0,89.999985,0.0,445.0,0.0,809.999878,180.0,0.0,180.0,False,True,
1481,/kuka/axis_move/feedback_json,std_msgs/msg/String,2026-08-18T20:43:25.524547-04:00,1787100205,524538591,1787100205524538591,108.351173,,,,2594,2593,1,0,0,2594,CartesianTarget,1,False,True,True,False,0.0,-90.0,90.000015,0.0,89.999985,0.0,445.0,0.0,809.999878,180.0,0.0,180.0,False,True,
1482,/kuka/axis_move/feedback_json,std_msgs/msg/String,2026-08-18T20:43:25.636833-04:00,1787100205,636827447,1787100205636827447,112.288856,,,,2595,2594,1,0,0,2595,CartesianTarget,1,False,True,True,False,0.0,-90.0,90.000015,0.0,89.999985,0.0,445.0,0.0,809.999878,180.0,0.0,180.0,False,True,
1483,/kuka/axis_move/feedback_json,std_msgs/msg/String,2026-08-18T20:43:25.745927-04:00,1787100205,745904925,1787100205745904925,109.077478,,,,2596,2595,1,0,0,2596,CartesianTarget,1,False,True,True,False,0.0,-90.0,90.000015,0.0,89.999985,0.0,445.0,0.0,809.999878,180.0,0.0,180.0,False,True,
1484,/kuka/axis_move/feedback_json,std_msgs/msg/String,2026-08-18T20:43:25.854863-04:00,1787100205,854831472,1787100205854831472,108.926547,,,,2597,2596,1,0,0,2597,CartesianTarget,1,False,True,True,False,0.0,-90.0,90.000015,0.0,89.999985,0.0,445.0,0.0,809.999878,180.0,0.0,180.0,False,True,
1485,/kuka/axis_move/feedback_json,std_msgs/msg/String,2026-08-18T20:43:26.019277-04:00,1787100206,19270527,1787100206019270527,164.439055,,,,2598,2597,1,0,0,2598,CartesianTarget,1,False,True,True,False,0.0,-90.0,90.000015,0.0,89.999985,0.0,445.0,0.0,809.999878,180.0,0.0,180.0,False,True,
1486,/kuka/axis_move/feedback_json,std_msgs/msg/String,2026-08-18T20:43:26.135283-04:00,1787100206,135276678,1787100206135276678,116.006151,,,,2599,2598,1,0,0,2599,CartesianTarget,1,False,True,True,False,0.0,-90.0,90.000015,0.0,89.999985,0.0,445.0,0.0,809.999878,180.0,0.0,180.0,False,True,
1487,/kuka/axis_move/feedback_json,std_msgs/msg/String,2026-08-18T20:43:26.246898-04:00,1787100206,246887849,1787100206246887849,111.611171,,,,2600,2599,1,0,0,2600,CartesianTarget,1,False,True,True,False,0.0,-90.0,90.000015,0.0,89.999985,0.0,445.0,0.0,809.999878,180.0,0.0,180.0,False,True,
1488,/kuka/axis_move/feedback_json,std_msgs/msg/String,2026-08-18T20:43:26.354005-04:00,1787100206,353997638,1787100206353997638,107.109789,,,,2601,2600,1,0,0,2601,CartesianTarget,1,False,True,True,False,0.0,-90.0,90.000015,0.0,89.999985,0.0,445.0,0.0,809.999878,180.0,0.0,180.0,False,True,
1489,/kuka/axis_move/feedback_json,std_msgs/msg/String,2026-08-18T20:43:26.461976-04:00,1787100206,461970768,1787100206461970768,107.97313,,,,2602,2601,1,0,0,2602,CartesianTarget,1,False,True,True,False,0.0,-90.0,90.000015,0.0,89.999985,0.0,445.0,0.0,809.999878,180.0,0.0,180.0,False,True,
1490,/kuka/axis_move/feedback_json,std_msgs/msg/String,2026-08-18T20:43:26.626051-04:00,1787100206,626043599,1787100206626043599,164.072831,,,,2603,2602,1,0,0,2603,CartesianTarget,1,False,True,True,False,0.0,-90.0,90.000015,0.0,89.999985,0.0,445.0,0.0,809.999878,180.0,0.0,180.0,False,True,
1491,/kuka/axis_move/feedback_json,std_msgs/msg/String,2026-08-18T20:43:26.731784-04:00,1787100206,731772150,1787100206731772150,105.728551,,,,2604,2603,1,0,0,2604,CartesianTarget,1,False,True,True,False,0.0,-90.0,90.000015,0.0,89.999985,0.0,445.0,0.0,809.999878,180.0,0.0,180.0,False,True,
1492,/kuka/axis_move/feedback_json,std_msgs/msg/String,2026-08-18T20:43:26.838424-04:00,1787100206,838413088,1787100206838413088,106.640938,,,,2605,2604,1,0,0,2605,CartesianTarget,1,False,True,True,False,0.0,-90.0,90.000015,0.0,89.999985,0.0,445.0,0.0,809.999878,180.0,0.0,180.0,False,True,
1493,/kuka/axis_move/feedback_json,std_msgs/msg/String,2026-08-18T20:43:26.946244-04:00,1787100206,946219557,1787100206946219557,107.806469,,,,2606,2605,1,0,0,2606,CartesianTarget,1,False,True,True,False,0.0,-90.0,90.000015,0.0,89.999985,0.0,445.0,0.0,809.999878,180.0,0.0,180.0,False,True,
1494,/kuka/axis_move/feedback_json,std_msgs/msg/String,2026-08-18T20:43:27.052616-04:00,1787100207,52585199,1787100207052585199,106.365642,,,,2607,2606,1,0,0,2607,CartesianTarget,1,False,True,True,False,0.0,-90.0,90.000015,0.0,89.999985,0.0,445.0,0.0,809.999878,180.0,0.0,180.0,False,True,
1495,/kuka/axis_move/feedback_json,std_msgs/msg/String,2026-08-18T20:43:27.216406-04:00,1787100207,216389422,1787100207216389422,163.804223,,,,2608,2607,1,0,0,2608,CartesianTarget,1,False,True,True,False,0.0,-90.0,90.000015,0.0,89.999985,0.0,445.0,0.0,809.999878,180.0,0.0,180.0,False,True,
1496,/kuka/axis_move/feedback_json,std_msgs/msg/String,2026-08-18T20:43:27.326357-04:00,1787100207,326349407,1787100207326349407,109.959985,,,,2609,2608,1,0,0,2609,CartesianTarget,1,False,True,True,False,0.0,-90.0,90.000015,0.0,89.999985,0.0,445.0,0.0,809.999878,180.0,0.0,180.0,False,True,
1497,/kuka/axis_move/feedback_json,std_msgs/msg/String,2026-08-18T20:43:27.437762-04:00,1787100207,437725354,1787100207437725354,111.375947,,,,2610,2609,1,0,0,2610,CartesianTarget,1,False,True,True,False,0.0,-90.0,90.000015,0.0,89.999985,0.0,445.0,0.0,809.999878,180.0,0.0,180.0,False,True,
1498,/kuka/axis_move/feedback_json,std_msgs/msg/String,2026-08-18T20:43:27.545286-04:00,1787100207,545271838,1787100207545271838,107.546484,,,,2611,2610,1,0,0,2611,CartesianTarget,1,False,True,True,False,0.0,-90.0,90.000015,0.0,89.999985,0.0,445.0,0.0,809.999878,180.0,0.0,180.0,False,True,
1499,/kuka/axis_move/feedback_json,std_msgs/msg/String,2026-08-18T20:43:27.655504-04:00,1787100207,655489741,1787100207655489741,110.217903,,,,2612,2611,1,0,0,2612,CartesianTarget,1,False,True,True,False,0.0,-90.0,90.000015,0.0,89.999985,0.0,445.0,0.0,809.999878,180.0,0.0,180.0,False,True,
1500,/kuka/axis_move/feedback_json,std_msgs/msg/String,2026-08-18T20:43:27.812722-04:00,1787100207,812710432,1787100207812710432,157.220691,,,,2613,2612,1,0,0,2613,CartesianTarget,1,False,True,True,False,0.0,-90.0,90.000015,0.0,89.999985,0.0,445.0,0.0,809.999878,180.0,0.0,180.0,False,True,
1501,/kuka/axis_move/feedback_json,std_msgs/msg/String,2026-08-18T20:43:27.924254-04:00,1787100207,924248840,1787100207924248840,111.538408,,,,2614,2613,1,0,0,2614,CartesianTarget,1,False,True,True,False,0.0,-90.0,90.000015,0.0,89.999985,0.0,445.0,0.0,809.999878,180.0,0.0,180.0,False,True,
1502,/kuka/axis_move/feedback_json,std_msgs/msg/String,2026-08-18T20:43:28.035424-04:00,1787100208,35418429,1787100208035418429,111.169589,,,,2615,2614,1,0,0,2615,CartesianTarget,1,False,True,True,False,0.0,-90.0,90.000015,0.0,89.999985,0.0,445.0,0.0,809.999878,180.0,0.0,180.0,False,True,
1503,/kuka/axis_move/feedback_json,std_msgs/msg/String,2026-08-18T20:43:28.151895-04:00,1787100208,151883911,1787100208151883911,116.465482,,,,2616,2615,1,0,0,2616,CartesianTarget,1,False,True,True,False,0.0,-90.0,90.000015,0.0,89.999985,0.0,445.0,0.0,809.999878,180.0,0.0,180.0,False,True,
1504,/kuka/axis_move/feedback_json,std_msgs/msg/String,2026-08-18T20:43:28.259649-04:00,1787100208,259638878,1787100208259638878,107.754967,,,,2617,2616,1,0,0,2617,CartesianTarget,1,False,True,True,False,0.0,-90.0,90.000015,0.0,89.999985,0.0,445.0,0.0,809.999878,180.0,0.0,180.0,False,True,
1505,/kuka/axis_move/feedback_json,std_msgs/msg/String,2026-08-18T20:43:28.425397-04:00,1787100208,425387113,1787100208425387113,165.748235,,,,2618,2617,1,0,0,2618,CartesianTarget,1,False,True,True,False,0.0,-90.0,90.000015,0.0,89.999985,0.0,445.0,0.0,809.999878,180.0,0.0,180.0,False,True,
1506,/kuka/axis_move/feedback_json,std_msgs/msg/String,2026-08-18T20:43:28.534843-04:00,1787100208,534822743,1787100208534822743,109.43563,,,,2619,2618,1,0,0,2619,CartesianTarget,1,False,True,True,False,0.0,-90.0,90.000015,0.0,89.999985,0.0,445.0,0.0,809.999878,180.0,0.0,180.0,False,True,
1507,/kuka/axis_move/feedback_json,std_msgs/msg/String,2026-08-18T20:43:28.641633-04:00,1787100208,641624812,1787100208641624812,106.802069,,,,2620,2619,1,0,0,2620,CartesianTarget,1,False,True,True,False,0.0,-90.0,90.000015,0.0,89.999985,0.0,445.0,0.0,809.999878,180.0,0.0,180.0,False,True,
1508,/kuka/axis_move/feedback_json,std_msgs/msg/String,2026-08-18T20:43:28.748628-04:00,1787100208,748615970,1787100208748615970,106.991158,,,,2621,2620,1,0,0,2621,CartesianTarget,1,False,True,True,False,0.0,-90.0,90.000015,0.0,89.999985,0.0,445.0,0.0,809.999878,180.0,0.0,180.0,False,True,
1509,/kuka/axis_move/feedback_json,std_msgs/msg/String,2026-08-18T20:43:28.856460-04:00,1787100208,856453011,1787100208856453011,107.837041,,,,2622,2621,1,0,0,2622,CartesianTarget,1,False,True,True,False,0.0,-90.0,90.000015,0.0,89.999985,0.0,445.0,0.0,809.999878,180.0,0.0,180.0,False,True,
1510,/kuka/axis_move/feedback_json,std_msgs/msg/String,2026-08-18T20:43:29.022094-04:00,1787100209,22087240,1787100209022087240,165.634229,,,,2623,2622,1,0,0,2623,CartesianTarget,1,False,True,True,False,0.0,-90.0,90.000015,0.0,89.999985,0.0,445.0,0.0,809.999878,180.0,0.0,180.0,False,True,
1511,/kuka/axis_move/feedback_json,std_msgs/msg/String,2026-08-18T20:43:29.132920-04:00,1787100209,132909296,1787100209132909296,110.822056,,,,2624,2623,1,0,0,2624,CartesianTarget,1,False,True,True,False,0.0,-90.0,90.000015,0.0,89.999985,0.0,445.0,0.0,809.999878,180.0,0.0,180.0,False,True,
1512,/kuka/axis_move/feedback_json,std_msgs/msg/String,2026-08-18T20:43:29.239875-04:00,1787100209,239863881,1787100209239863881,106.954585,,,,2625,2624,1,0,0,2625,CartesianTarget,1,False,True,True,False,0.0,-90.0,90.000015,0.0,89.999985,0.0,445.0,0.0,809.999878,180.0,0.0,180.0,False,True,
1513,/kuka/axis_move/feedback_json,std_msgs/msg/String,2026-08-18T20:43:29.347594-04:00,1787100209,347585643,1787100209347585643,107.721762,,,,2626,2625,1,0,0,2626,CartesianTarget,1,False,True,True,False,0.0,-90.0,90.000015,0.0,89.999985,0.0,445.0,0.0,809.999878,180.0,0.0,180.0,False,True,
1514,/kuka/axis_move/feedback_json,std_msgs/msg/String,2026-08-18T20:43:29.457799-04:00,1787100209,457779613,1787100209457779613,110.19397,,,,2627,2626,1,0,0,2627,CartesianTarget,1,False,True,True,False,0.0,-90.0,90.000015,0.0,89.999985,0.0,445.0,0.0,809.999878,180.0,0.0,180.0,False,True,
1515,/kuka/axis_move/feedback_json,std_msgs/msg/String,2026-08-18T20:43:29.621087-04:00,1787100209,621068406,1787100209621068406,163.288793,,,,2628,2627,1,0,0,2628,CartesianTarget,1,False,True,True,False,0.0,-90.0,90.000015,0.0,89.999985,0.0,445.0,0.0,809.999878,180.0,0.0,180.0,False,True,
1516,/kuka/axis_move/feedback_json,std_msgs/msg/String,2026-08-18T20:43:29.728860-04:00,1787100209,728848281,1787100209728848281,107.779875,,,,2629,2628,1,0,0,2629,CartesianTarget,1,False,True,True,False,0.0,-90.0,90.000015,0.0,89.999985,0.0,445.0,0.0,809.999878,180.0,0.0,180.0,False,True,
1517,/kuka/axis_move/feedback_json,std_msgs/msg/String,2026-08-18T20:43:29.838722-04:00,1787100209,838704943,1787100209838704943,109.856662,,,,2630,2629,1,0,0,2630,CartesianTarget,1,False,True,True,False,0.0,-90.0,90.000015,0.0,89.999985,0.0,445.0,0.0,809.999878,180.0,0.0,180.0,False,True,
1518,/kuka/axis_move/feedback_json,std_msgs/msg/String,2026-08-18T20:43:29.945704-04:00,1787100209,945694487,1787100209945694487,106.989544,,,,2631,2630,1,0,0,2631,CartesianTarget,1,False,True,True,False,0.0,-90.0,90.000015,0.0,89.999985,0.0,445.0,0.0,809.999878,180.0,0.0,180.0,False,True,
1519,/kuka/axis_move/feedback_json,std_msgs/msg/String,2026-08-18T20:43:30.055872-04:00,1787100210,55856590,1787100210055856590,110.162103,,,,2632,2631,1,0,0,2632,CartesianTarget,1,False,True,True,False,0.0,-90.0,90.000015,0.0,89.999985,0.0,445.0,0.0,809.999878,180.0,0.0,180.0,False,True,
1520,/kuka/axis_move/feedback_json,std_msgs/msg/String,2026-08-18T20:43:30.225227-04:00,1787100210,225210391,1787100210225210391,169.353801,,,,2633,2632,1,0,0,2633,CartesianTarget,1,False,True,True,False,0.0,-90.0,90.000015,0.0,89.999985,0.0,445.0,0.0,809.999878,180.0,0.0,180.0,False,True,
1521,/kuka/axis_move/feedback_json,std_msgs/msg/String,2026-08-18T20:43:30.333801-04:00,1787100210,333793951,1787100210333793951,108.58356,,,,2634,2633,1,0,0,2634,CartesianTarget,1,False,True,True,False,0.0,-90.0,90.000015,0.0,89.999985,0.0,445.0,0.0,809.999878,180.0,0.0,180.0,False,True,
1522,/kuka/axis_move/feedback_json,std_msgs/msg/String,2026-08-18T20:43:30.442121-04:00,1787100210,442111233,1787100210442111233,108.317282,,,,2635,2634,1,0,0,2635,CartesianTarget,1,False,True,True,False,0.0,-90.0,90.000015,0.0,89.999985,0.0,445.0,0.0,809.999878,180.0,0.0,180.0,False,True,
1523,/kuka/axis_move/feedback_json,std_msgs/msg/String,2026-08-18T20:43:30.552277-04:00,1787100210,552269096,1787100210552269096,110.157863,,,,2636,2635,1,0,0,2636,CartesianTarget,1,False,True,True,False,0.0,-90.0,90.000015,0.0,89.999985,0.0,445.0,0.0,809.999878,180.0,0.0,180.0,False,True,
1524,/kuka/axis_move/feedback_json,std_msgs/msg/String,2026-08-18T20:43:30.661888-04:00,1787100210,661877406,1787100210661877406,109.60831,,,,2637,2636,1,0,0,2637,CartesianTarget,1,False,True,True,False,0.0,-90.0,90.000015,0.0,89.999985,0.0,445.0,0.0,809.999878,180.0,0.0,180.0,False,True,
1525,/kuka/axis_move/feedback_json,std_msgs/msg/String,2026-08-18T20:43:30.819162-04:00,1787100210,819156510,1787100210819156510,157.279104,,,,2638,2637,1,0,0,2638,CartesianTarget,1,False,True,True,False,0.0,-90.0,90.000015,0.0,89.999985,0.0,445.0,0.0,809.999878,180.0,0.0,180.0,False,True,
1526,/kuka/axis_move/feedback_json,std_msgs/msg/String,2026-08-18T20:43:30.934326-04:00,1787100210,934297144,1787100210934297144,115.140634,,,,2639,2638,1,0,0,2639,CartesianTarget,1,False,True,True,False,0.0,-90.0,90.000015,0.0,89.999985,0.0,445.0,0.0,809.999878,180.0,0.0,180.0,False,True,
1527,/kuka/axis_move/feedback_json,std_msgs/msg/String,2026-08-18T20:43:31.041361-04:00,1787100211,41354381,1787100211041354381,107.057237,,,,2640,2639,1,0,0,2640,CartesianTarget,1,False,True,True,False,0.0,-90.0,90.000015,0.0,89.999985,0.0,445.0,0.0,809.999878,180.0,0.0,180.0,False,True,
1528,/kuka/axis_move/feedback_json,std_msgs/msg/String,2026-08-18T20:43:31.149641-04:00,1787100211,149630651,1787100211149630651,108.27627,,,,2641,2640,1,0,0,2641,CartesianTarget,1,False,True,True,False,0.0,-90.0,90.000015,0.0,89.999985,0.0,445.0,0.0,809.999878,180.0,0.0,180.0,False,True,
1529,/kuka/axis_move/feedback_json,std_msgs/msg/String,2026-08-18T20:43:31.256716-04:00,1787100211,256704313,1787100211256704313,107.073662,,,,2642,2641,1,0,0,2642,CartesianTarget,1,False,True,True,False,0.0,-90.0,90.000015,0.0,89.999985,0.0,445.0,0.0,809.999878,180.0,0.0,180.0,False,True,
1530,/kuka/axis_move/feedback_json,std_msgs/msg/String,2026-08-18T20:43:31.414820-04:00,1787100211,414805683,1787100211414805683,158.10137,,,,2643,2642,1,0,0,2643,CartesianTarget,1,False,True,True,False,0.0,-90.0,90.000015,0.0,89.999985,0.0,445.0,0.0,809.999878,180.0,0.0,180.0,False,True,
1531,/kuka/axis_move/feedback_json,std_msgs/msg/String,2026-08-18T20:43:31.510648-04:00,1787100211,510639664,1787100211510639664,95.833981,,,,2644,2643,1,0,0,2644,CartesianTarget,1,False,True,True,False,0.0,-90.0,90.000015,0.0,89.999985,0.0,445.0,0.0,809.999878,180.0,0.0,180.0,False,True,
1532,/kuka/axis_move/feedback_json,std_msgs/msg/String,2026-08-18T20:43:31.616092-04:00,1787100211,616085865,1787100211616085865,105.446201,,,,2645,2644,1,0,0,2645,CartesianTarget,1,False,True,True,False,0.0,-90.0,90.000015,0.0,89.999985,0.0,445.0,0.0,809.999878,180.0,0.0,180.0,False,True,
1533,/kuka/axis_move/feedback_json,std_msgs/msg/String,2026-08-18T20:43:31.729322-04:00,1787100211,729316876,1787100211729316876,113.231011,,,,2646,2645,1,0,0,2646,CartesianTarget,1,False,True,True,False,0.0,-90.0,90.000015,0.0,89.999985,0.0,445.0,0.0,809.999878,180.0,0.0,180.0,False,True,
1534,/kuka/axis_move/feedback_json,std_msgs/msg/String,2026-08-18T20:43:31.835908-04:00,1787100211,835879751,1787100211835879751,106.562875,,,,2647,2646,1,0,0,2647,CartesianTarget,1,False,True,True,False,0.0,-90.0,90.000015,0.0,89.999985,0.0,445.0,0.0,809.999878,180.0,0.0,180.0,False,True,
1535,/kuka/axis_move/feedback_json,std_msgs/msg/String,2026-08-18T20:43:31.997400-04:00,1787100211,997394516,1787100211997394516,161.514765,,,,2648,2647,1,0,0,2648,CartesianTarget,1,False,True,True,False,0.0,-90.0,90.000015,0.0,89.999985,0.0,445.0,0.0,809.999878,180.0,0.0,180.0,False,True,
1536,/kuka/axis_move/feedback_json,std_msgs/msg/String,2026-08-18T20:43:32.107574-04:00,1787100212,107562931,1787100212107562931,110.168415,,,,2649,2648,1,0,0,2649,CartesianTarget,1,False,True,True,False,0.0,-90.0,90.000015,0.0,89.999985,0.0,445.0,0.0,809.999878,180.0,0.0,180.0,False,True,
1537,/kuka/axis_move/feedback_json,std_msgs/msg/String,2026-08-18T20:43:32.215898-04:00,1787100212,215882499,1787100212215882499,108.319568,,,,2650,2649,1,0,0,2650,CartesianTarget,1,False,True,True,False,0.0,-90.0,90.000015,0.0,89.999985,0.0,445.0,0.0,809.999878,180.0,0.0,180.0,False,True,
1538,/kuka/axis_move/feedback_json,std_msgs/msg/String,2026-08-18T20:43:32.325676-04:00,1787100212,325659442,1787100212325659442,109.776943,,,,2651,2650,1,0,0,2651,CartesianTarget,1,False,True,True,False,0.0,-90.0,90.000015,0.0,89.999985,0.0,445.0,0.0,809.999878,180.0,0.0,180.0,False,True,
1539,/kuka/axis_move/feedback_json,std_msgs/msg/String,2026-08-18T20:43:32.434937-04:00,1787100212,434926528,1787100212434926528,109.267086,,,,2652,2651,1,0,0,2652,CartesianTarget,1,False,True,True,False,0.0,-90.0,90.000015,0.0,89.999985,0.0,445.0,0.0,809.999878,180.0,0.0,180.0,False,True,
1540,/kuka/axis_move/feedback_json,std_msgs/msg/String,2026-08-18T20:43:32.596511-04:00,1787100212,596490457,1787100212596490457,161.563929,,,,2653,2652,1,0,0,2653,CartesianTarget,1,False,True,True,False,0.0,-90.0,90.000015,0.0,89.999985,0.0,445.0,0.0,809.999878,180.0,0.0,180.0,False,True,
1541,/kuka/axis_move/feedback_json,std_msgs/msg/String,2026-08-18T20:43:32.705732-04:00,1787100212,705703698,1787100212705703698,109.213241,,,,2654,2653,1,0,0,2654,CartesianTarget,1,False,True,True,False,0.0,-90.0,90.000015,0.0,89.999985,0.0,445.0,0.0,809.999878,180.0,0.0,180.0,False,True,
1542,/kuka/axis_move/feedback_json,std_msgs/msg/String,2026-08-18T20:43:32.813277-04:00,1787100212,813253487,1787100212813253487,107.549789,,,,2655,2654,1,0,0,2655,CartesianTarget,1,False,True,True,False,0.0,-90.0,90.000015,0.0,89.999985,0.0,445.0,0.0,809.999878,180.0,0.0,180.0,False,True,
1543,/kuka/axis_move/feedback_json,std_msgs/msg/String,2026-08-18T20:43:32.921008-04:00,1787100212,921000980,1787100212921000980,107.747493,,,,2656,2655,1,0,0,2656,CartesianTarget,1,False,True,True,False,0.0,-90.0,90.000015,0.0,89.999985,0.0,445.0,0.0,809.999878,180.0,0.0,180.0,False,True,
1544,/kuka/axis_move/feedback_json,std_msgs/msg/String,2026-08-18T20:43:33.029302-04:00,1787100213,29292021,1787100213029292021,108.291041,,,,2657,2656,1,0,0,2657,CartesianTarget,1,False,True,True,False,0.0,-90.0,90.000015,0.0,89.999985,0.0,445.0,0.0,809.999878,180.0,0.0,180.0,False,True,
1545,/kuka/axis_move/feedback_json,std_msgs/msg/String,2026-08-18T20:43:33.188141-04:00,1787100213,188129851,1787100213188129851,158.83783,,,,2658,2657,1,0,0,2658,CartesianTarget,1,False,True,True,False,0.0,-90.0,90.000015,0.0,89.999985,0.0,445.0,0.0,809.999878,180.0,0.0,180.0,False,True,
1546,/kuka/axis_move/feedback_json,std_msgs/msg/String,2026-08-18T20:43:33.295787-04:00,1787100213,295777547,1787100213295777547,107.647696,,,,2659,2658,1,0,0,2659,CartesianTarget,1,False,True,True,False,0.0,-90.0,90.000015,0.0,89.999985,0.0,445.0,0.0,809.999878,180.0,0.0,180.0,False,True,
1547,/kuka/axis_move/feedback_json,std_msgs/msg/String,2026-08-18T20:43:33.405408-04:00,1787100213,405388381,1787100213405388381,109.610834,,,,2660,2659,1,0,0,2660,CartesianTarget,1,False,True,True,False,0.0,-90.0,90.000015,0.0,89.999985,0.0,445.0,0.0,809.999878,180.0,0.0,180.0,False,True,
1548,/kuka/axis_move/feedback_json,std_msgs/msg/String,2026-08-18T20:43:33.512667-04:00,1787100213,512658659,1787100213512658659,107.270278,,,,2661,2660,1,0,0,2661,CartesianTarget,1,False,True,True,False,0.0,-90.0,90.000015,0.0,89.999985,0.0,445.0,0.0,809.999878,180.0,0.0,180.0,False,True,
1549,/kuka/axis_move/feedback_json,std_msgs/msg/String,2026-08-18T20:43:33.622948-04:00,1787100213,622939331,1787100213622939331,110.280672,,,,2662,2661,1,0,0,2662,CartesianTarget,1,False,True,True,False,0.0,-90.0,90.000015,0.0,89.999985,0.0,445.0,0.0,809.999878,180.0,0.0,180.0,False,True,
1550,/kuka/axis_move/feedback_json,std_msgs/msg/String,2026-08-18T20:43:33.782058-04:00,1787100213,782048756,1787100213782048756,159.109425,,,,2663,2662,1,0,0,2663,CartesianTarget,1,False,True,True,False,0.0,-90.0,90.000015,0.0,89.999985,0.0,445.0,0.0,809.999878,180.0,0.0,180.0,False,True,
1551,/kuka/axis_move/feedback_json,std_msgs/msg/String,2026-08-18T20:43:33.886780-04:00,1787100213,886771838,1787100213886771838,104.723082,,,,2664,2663,1,0,0,2664,CartesianTarget,1,False,True,True,False,0.0,-90.0,90.000015,0.0,89.999985,0.0,445.0,0.0,809.999878,180.0,0.0,180.0,False,True,
1552,/kuka/axis_move/feedback_json,std_msgs/msg/String,2026-08-18T20:43:33.995982-04:00,1787100213,995965418,1787100213995965418,109.19358,,,,2665,2664,1,0,0,2665,CartesianTarget,1,False,True,True,False,0.0,-90.0,90.000015,0.0,89.999985,0.0,445.0,0.0,809.999878,180.0,0.0,180.0,False,True,
1553,/kuka/axis_move/feedback_json,std_msgs/msg/String,2026-08-18T20:43:34.104181-04:00,1787100214,104164763,1787100214104164763,108.199345,,,,2666,2665,1,0,0,2666,CartesianTarget,1,False,True,True,False,0.0,-90.0,90.000015,0.0,89.999985,0.0,445.0,0.0,809.999878,180.0,0.0,180.0,False,True,
1554,/kuka/axis_move/feedback_json,std_msgs/msg/String,2026-08-18T20:43:34.210101-04:00,1787100214,210095268,1787100214210095268,105.930505,,,,2667,2666,1,0,0,2667,CartesianTarget,1,False,True,True,False,0.0,-90.0,90.000015,0.0,89.999985,0.0,445.0,0.0,809.999878,180.0,0.0,180.0,False,True,
1555,/kuka/axis_move/feedback_json,std_msgs/msg/String,2026-08-18T20:43:34.372972-04:00,1787100214,372962221,1787100214372962221,162.866953,,,,2668,2667,1,0,0,2668,CartesianTarget,1,False,True,True,False,0.0,-90.0,90.000015,0.0,89.999985,0.0,445.0,0.0,809.999878,180.0,0.0,180.0,False,True,
1556,/kuka/axis_move/feedback_json,std_msgs/msg/String,2026-08-18T20:43:34.486825-04:00,1787100214,486800437,1787100214486800437,113.838216,,,,2669,2668,1,0,0,2669,CartesianTarget,1,False,True,True,False,0.0,-90.0,90.000015,0.0,89.999985,0.0,445.0,0.0,809.999878,180.0,0.0,180.0,False,True,
1557,/kuka/axis_move/feedback_json,std_msgs/msg/String,2026-08-18T20:43:34.595545-04:00,1787100214,595519779,1787100214595519779,108.719342,,,,2670,2669,1,0,0,2670,CartesianTarget,1,False,True,True,False,0.0,-90.0,90.000015,0.0,89.999985,0.0,445.0,0.0,809.999878,180.0,0.0,180.0,False,True,
1558,/kuka/axis_move/feedback_json,std_msgs/msg/String,2026-08-18T20:43:34.707621-04:00,1787100214,707603907,1787100214707603907,112.084128,,,,2671,2670,1,0,0,2671,CartesianTarget,1,False,True,True,False,0.0,-90.0,90.000015,0.0,89.999985,0.0,445.0,0.0,809.999878,180.0,0.0,180.0,False,True,
1559,/kuka/axis_move/feedback_json,std_msgs/msg/String,2026-08-18T20:43:34.814649-04:00,1787100214,814643347,1787100214814643347,107.03944,,,,2672,2671,1,0,0,2672,CartesianTarget,1,False,True,True,False,0.0,-90.0,90.000015,0.0,89.999985,0.0,445.0,0.0,809.999878,180.0,0.0,180.0,False,True,
1560,/kuka/axis_move/feedback_json,std_msgs/msg/String,2026-08-18T20:43:34.973569-04:00,1787100214,973560440,1787100214973560440,158.917093,,,,2673,2672,1,0,0,2673,CartesianTarget,1,False,True,True,False,0.0,-90.0,90.000015,0.0,89.999985,0.0,445.0,0.0,809.999878,180.0,0.0,180.0,False,True,
1561,/kuka/axis_move/feedback_json,std_msgs/msg/String,2026-08-18T20:43:35.089897-04:00,1787100215,89890266,1787100215089890266,116.329826,,,,2674,2673,1,0,0,2674,CartesianTarget,1,False,True,True,False,0.0,-90.0,90.000015,0.0,89.999985,0.0,445.0,0.0,809.999878,180.0,0.0,180.0,False,True,
1562,/kuka/axis_move/feedback_json,std_msgs/msg/String,2026-08-18T20:43:35.200318-04:00,1787100215,200310428,1787100215200310428,110.420162,,,,2675,2674,1,0,0,2675,CartesianTarget,1,False,True,True,False,0.0,-90.0,90.000015,0.0,89.999985,0.0,445.0,0.0,809.999878,180.0,0.0,180.0,False,True,
1563,/kuka/axis_move/feedback_json,std_msgs/msg/String,2026-08-18T20:43:35.309590-04:00,1787100215,309565540,1787100215309565540,109.255112,,,,2676,2675,1,0,0,2676,CartesianTarget,1,False,True,True,False,0.0,-90.0,90.000015,0.0,89.999985,0.0,445.0,0.0,809.999878,180.0,0.0,180.0,False,True,
1564,/kuka/axis_move/feedback_json,std_msgs/msg/String,2026-08-18T20:43:35.418209-04:00,1787100215,418190878,1787100215418190878,108.625338,,,,2677,2676,1,0,0,2677,CartesianTarget,1,False,True,True,False,0.0,-90.0,90.000015,0.0,89.999985,0.0,445.0,0.0,809.999878,180.0,0.0,180.0,False,True,
1565,/kuka/axis_move/feedback_json,std_msgs/msg/String,2026-08-18T20:43:35.580708-04:00,1787100215,580677918,1787100215580677918,162.48704,,,,2678,2677,1,0,0,2678,CartesianTarget,1,False,True,True,False,0.0,-90.0,90.000015,0.0,89.999985,0.0,445.0,0.0,809.999878,180.0,0.0,180.0,False,True,
1566,/kuka/axis_move/feedback_json,std_msgs/msg/String,2026-08-18T20:43:35.688062-04:00,1787100215,688032139,1787100215688032139,107.354221,,,,2679,2678,1,0,0,2679,CartesianTarget,1,False,True,True,False,0.0,-90.0,90.000015,0.0,89.999985,0.0,445.0,0.0,809.999878,180.0,0.0,180.0,False,True,
1567,/kuka/axis_move/feedback_json,std_msgs/msg/String,2026-08-18T20:43:35.799534-04:00,1787100215,799527277,1787100215799527277,111.495138,,,,2680,2679,1,0,0,2680,CartesianTarget,1,False,True,True,False,0.0,-90.0,90.000015,0.0,89.999985,0.0,445.0,0.0,809.999878,180.0,0.0,180.0,False,True,
1568,/kuka/axis_move/feedback_json,std_msgs/msg/String,2026-08-18T20:43:35.906207-04:00,1787100215,906201573,1787100215906201573,106.674296,,,,2681,2680,1,0,0,2681,CartesianTarget,1,False,True,True,False,0.0,-90.0,90.000015,0.0,89.999985,0.0,445.0,0.0,809.999878,180.0,0.0,180.0,False,True,
1569,/kuka/axis_move/feedback_json,std_msgs/msg/String,2026-08-18T20:43:36.012377-04:00,1787100216,12366701,1787100216012366701,106.165128,,,,2682,2681,1,0,0,2682,CartesianTarget,1,False,True,True,False,0.0,-90.0,90.000015,0.0,89.999985,0.0,445.0,0.0,809.999878,180.0,0.0,180.0,False,True,
1570,/kuka/axis_move/feedback_json,std_msgs/msg/String,2026-08-18T20:43:36.168473-04:00,1787100216,168457053,1787100216168457053,156.090352,,,,2683,2682,1,0,0,2683,CartesianTarget,1,False,True,True,False,0.0,-90.0,90.000015,0.0,89.999985,0.0,445.0,0.0,809.999878,180.0,0.0,180.0,False,True,
1571,/kuka/axis_move/feedback_json,std_msgs/msg/String,2026-08-18T20:43:36.264596-04:00,1787100216,264585534,1787100216264585534,96.128481,,,,2684,2683,1,0,0,2684,CartesianTarget,1,False,True,True,False,0.0,-90.0,90.000015,0.0,89.999985,0.0,445.0,0.0,809.999878,180.0,0.0,180.0,False,True,
1572,/kuka/axis_move/feedback_json,std_msgs/msg/String,2026-08-18T20:43:36.374394-04:00,1787100216,374388321,1787100216374388321,109.802787,,,,2685,2684,1,0,0,2685,CartesianTarget,1,False,True,True,False,0.0,-90.0,90.000015,0.0,89.999985,0.0,445.0,0.0,809.999878,180.0,0.0,180.0,False,True,
1573,/kuka/axis_move/feedback_json,std_msgs/msg/String,2026-08-18T20:43:36.481755-04:00,1787100216,481731603,1787100216481731603,107.343282,,,,2686,2685,1,0,0,2686,CartesianTarget,1,False,True,True,False,0.0,-90.0,90.000015,0.0,89.999985,0.0,445.0,0.0,809.999878,180.0,0.0,180.0,False,True,
1574,/kuka/axis_move/feedback_json,std_msgs/msg/String,2026-08-18T20:43:36.590757-04:00,1787100216,590746023,1787100216590746023,109.01442,,,,2687,2686,1,0,0,2687,CartesianTarget,1,False,True,True,False,0.0,-90.0,90.000015,0.0,89.999985,0.0,445.0,0.0,809.999878,180.0,0.0,180.0,False,True,
1575,/kuka/axis_move/feedback_json,std_msgs/msg/String,2026-08-18T20:43:36.754398-04:00,1787100216,754387231,1787100216754387231,163.641208,,,,2688,2687,1,0,0,2688,CartesianTarget,1,False,True,True,False,0.0,-90.0,90.000015,0.0,89.999985,0.0,445.0,0.0,809.999878,180.0,0.0,180.0,False,True,
1576,/kuka/axis_move/feedback_json,std_msgs/msg/String,2026-08-18T20:43:36.865497-04:00,1787100216,865490337,1787100216865490337,111.103106,,,,2689,2688,1,0,0,2689,CartesianTarget,1,False,True,True,False,0.0,-90.0,90.000015,0.0,89.999985,0.0,445.0,0.0,809.999878,180.0,0.0,180.0,False,True,
1577,/kuka/axis_move/feedback_json,std_msgs/msg/String,2026-08-18T20:43:36.971590-04:00,1787100216,971581535,1787100216971581535,106.091198,,,,2690,2689,1,0,0,2690,CartesianTarget,1,False,True,True,False,0.0,-90.0,90.000015,0.0,89.999985,0.0,445.0,0.0,809.999878,180.0,0.0,180.0,False,True,
1578,/kuka/axis_move/feedback_json,std_msgs/msg/String,2026-08-18T20:43:37.085086-04:00,1787100217,85079781,1787100217085079781,113.498246,,,,2691,2690,1,0,0,2691,CartesianTarget,1,False,True,True,False,0.0,-90.0,90.000015,0.0,89.999985,0.0,445.0,0.0,809.999878,180.0,0.0,180.0,False,True,
1579,/kuka/axis_move/feedback_json,std_msgs/msg/String,2026-08-18T20:43:37.196297-04:00,1787100217,196287199,1787100217196287199,111.207418,,,,2692,2691,1,0,0,2692,CartesianTarget,1,False,True,True,False,0.0,-90.0,90.000015,0.0,89.999985,0.0,445.0,0.0,809.999878,180.0,0.0,180.0,False,True,
1580,/kuka/axis_move/feedback_json,std_msgs/msg/String,2026-08-18T20:43:37.354717-04:00,1787100217,354705592,1787100217354705592,158.418393,,,,2693,2692,1,0,0,2693,CartesianTarget,1,False,True,True,False,0.0,-90.0,90.000015,0.0,89.999985,0.0,445.0,0.0,809.999878,180.0,0.0,180.0,False,True,
1581,/kuka/axis_move/feedback_json,std_msgs/msg/String,2026-08-18T20:43:37.464500-04:00,1787100217,464492695,1787100217464492695,109.787103,,,,2694,2693,1,0,0,2694,CartesianTarget,1,False,True,True,False,0.0,-90.0,90.000015,0.0,89.999985,0.0,445.0,0.0,809.999878,180.0,0.0,180.0,False,True,
1582,/kuka/axis_move/feedback_json,std_msgs/msg/String,2026-08-18T20:43:37.572221-04:00,1787100217,572215598,1787100217572215598,107.722903,,,,2695,2694,1,0,0,2695,CartesianTarget,1,False,True,True,False,0.0,-90.0,90.000015,0.0,89.999985,0.0,445.0,0.0,809.999878,180.0,0.0,180.0,False,True,
1583,/kuka/axis_move/feedback_json,std_msgs/msg/String,2026-08-18T20:43:37.683433-04:00,1787100217,683421531,1787100217683421531,111.205933,,,,2696,2695,1,0,0,2696,CartesianTarget,1,False,True,True,False,0.0,-90.0,90.000015,0.0,89.999985,0.0,445.0,0.0,809.999878,180.0,0.0,180.0,False,True,
1584,/kuka/axis_move/feedback_json,std_msgs/msg/String,2026-08-18T20:43:37.793268-04:00,1787100217,793260708,1787100217793260708,109.839177,,,,2697,2696,1,0,0,2697,CartesianTarget,1,False,True,True,False,0.0,-90.0,90.000015,0.0,89.999985,0.0,445.0,0.0,809.999878,180.0,0.0,180.0,False,True,
1585,/kuka/axis_move/feedback_json,std_msgs/msg/String,2026-08-18T20:43:37.950708-04:00,1787100217,950701019,1787100217950701019,157.440311,,,,2698,2697,1,0,0,2698,CartesianTarget,1,False,True,True,False,0.0,-90.0,90.000015,0.0,89.999985,0.0,445.0,0.0,809.999878,180.0,0.0,180.0,False,True,
1586,/kuka/axis_move/feedback_json,std_msgs/msg/String,2026-08-18T20:43:38.060017-04:00,1787100218,60007155,1787100218060007155,109.306136,,,,2699,2698,1,0,0,2699,CartesianTarget,1,False,True,True,False,0.0,-90.0,90.000015,0.0,89.999985,0.0,445.0,0.0,809.999878,180.0,0.0,180.0,False,True,
1587,/kuka/axis_move/feedback_json,std_msgs/msg/String,2026-08-18T20:43:38.173922-04:00,1787100218,173916287,1787100218173916287,113.909132,,,,2700,2699,1,0,0,2700,CartesianTarget,1,False,True,True,False,0.0,-90.0,90.000015,0.0,89.999985,0.0,445.0,0.0,809.999878,180.0,0.0,180.0,False,True,
1588,/kuka/axis_move/feedback_json,std_msgs/msg/String,2026-08-18T20:43:38.283022-04:00,1787100218,283011234,1787100218283011234,109.094947,,,,2701,2700,1,0,0,2701,CartesianTarget,1,False,True,True,False,0.0,-90.0,90.000015,0.0,89.999985,0.0,445.0,0.0,809.999878,180.0,0.0,180.0,False,True,
1589,/kuka/axis_move/feedback_json,std_msgs/msg/String,2026-08-18T20:43:38.389270-04:00,1787100218,389243875,1787100218389243875,106.232641,,,,2702,2701,1,0,0,2702,CartesianTarget,1,False,True,True,False,0.0,-90.0,90.000015,0.0,89.999985,0.0,445.0,0.0,809.999878,180.0,0.0,180.0,False,True,
1590,/kuka/axis_move/feedback_json,std_msgs/msg/String,2026-08-18T20:43:38.544161-04:00,1787100218,544151051,1787100218544151051,154.907176,,,,2703,2702,1,0,0,2703,CartesianTarget,1,False,True,True,False,0.0,-90.0,90.000015,0.0,89.999985,0.0,445.0,0.0,809.999878,180.0,0.0,180.0,False,True,
1591,/kuka/axis_move/feedback_json,std_msgs/msg/String,2026-08-18T20:43:38.648178-04:00,1787100218,648167924,1787100218648167924,104.016873,,,,2704,2703,1,0,0,2704,CartesianTarget,1,False,True,True,False,0.0,-90.0,90.000015,0.0,89.999985,0.0,445.0,0.0,809.999878,180.0,0.0,180.0,False,True,
1592,/kuka/axis_move/feedback_json,std_msgs/msg/String,2026-08-18T20:43:38.759715-04:00,1787100218,759704010,1787100218759704010,111.536086,,,,2705,2704,1,0,0,2705,CartesianTarget,1,False,True,True,False,0.0,-90.0,90.000015,0.0,89.999985,0.0,445.0,0.0,809.999878,180.0,0.0,180.0,False,True,
1593,/kuka/axis_move/feedback_json,std_msgs/msg/String,2026-08-18T20:43:38.866174-04:00,1787100218,866156418,1787100218866156418,106.452408,,,,2706,2705,1,0,0,2706,CartesianTarget,1,False,True,True,False,0.0,-90.0,90.000015,0.0,89.999985,0.0,445.0,0.0,809.999878,180.0,0.0,180.0,False,True,
1594,/kuka/axis_move/feedback_json,std_msgs/msg/String,2026-08-18T20:43:38.974596-04:00,1787100218,974587792,1787100218974587792,108.431374,,,,2707,2706,1,0,0,2707,CartesianTarget,1,False,True,True,False,0.0,-90.0,90.000015,0.0,89.999985,0.0,445.0,0.0,809.999878,180.0,0.0,180.0,False,True,
1595,/kuka/axis_move/feedback_json,std_msgs/msg/String,2026-08-18T20:43:39.134646-04:00,1787100219,134627957,1787100219134627957,160.040165,,,,2708,2707,1,0,0,2708,CartesianTarget,1,False,True,True,False,0.0,-90.0,90.000015,0.0,89.999985,0.0,445.0,0.0,809.999878,180.0,0.0,180.0,False,True,
1596,/kuka/axis_move/feedback_json,std_msgs/msg/String,2026-08-18T20:43:39.253064-04:00,1787100219,253046711,1787100219253046711,118.418754,,,,2709,2708,1,0,0,2709,CartesianTarget,1,False,True,True,False,0.0,-90.0,90.000015,0.0,89.999985,0.0,445.0,0.0,809.999878,180.0,0.0,180.0,False,True,
1597,/kuka/axis_move/feedback_json,std_msgs/msg/String,2026-08-18T20:43:39.363544-04:00,1787100219,363523253,1787100219363523253,110.476542,,,,2710,2709,1,0,0,2710,CartesianTarget,1,False,True,True,False,0.0,-90.0,90.000015,0.0,89.999985,0.0,445.0,0.0,809.999878,180.0,0.0,180.0,False,True,
1598,/kuka/axis_move/feedback_json,std_msgs/msg/String,2026-08-18T20:43:39.474046-04:00,1787100219,474036518,1787100219474036518,110.513265,,,,2711,2710,1,0,0,2711,CartesianTarget,1,False,True,True,False,0.0,-90.0,90.000015,0.0,89.999985,0.0,445.0,0.0,809.999878,180.0,0.0,180.0,False,True,
1599,/kuka/axis_move/feedback_json,std_msgs/msg/String,2026-08-18T20:43:39.581795-04:00,1787100219,581762869,1787100219581762869,107.726351,,,,2712,2711,1,0,0,2712,CartesianTarget,1,False,True,True,False,0.0,-90.0,90.000015,0.0,89.999985,0.0,445.0,0.0,809.999878,180.0,0.0,180.0,False,True,
1600,/kuka/axis_move/feedback_json,std_msgs/msg/String,2026-08-18T20:43:39.745775-04:00,1787100219,745764422,1787100219745764422,164.001553,,,,2713,2712,1,0,0,2713,CartesianTarget,1,False,True,True,False,0.0,-90.0,90.000015,0.0,89.999985,0.0,445.0,0.0,809.999878,180.0,0.0,180.0,False,True,
1601,/kuka/axis_move/feedback_json,std_msgs/msg/String,2026-08-18T20:43:39.857293-04:00,1787100219,857281711,1787100219857281711,111.517289,,,,2714,2713,1,0,0,2714,CartesianTarget,1,False,True,True,False,0.0,-90.0,90.000015,0.0,89.999985,0.0,445.0,0.0,809.999878,180.0,0.0,180.0,False,True,
1602,/kuka/axis_move/feedback_json,std_msgs/msg/String,2026-08-18T20:43:39.966173-04:00,1787100219,966154603,1787100219966154603,108.872892,,,,2715,2714,1,0,0,2715,CartesianTarget,1,False,True,True,False,0.0,-90.0,90.000015,0.0,89.999985,0.0,445.0,0.0,809.999878,180.0,0.0,180.0,False,True,
1603,/kuka/axis_move/feedback_json,std_msgs/msg/String,2026-08-18T20:43:40.074893-04:00,1787100220,74886605,1787100220074886605,108.732002,,,,2716,2715,1,0,0,2716,CartesianTarget,1,False,True,True,False,0.0,-90.0,90.000015,0.0,89.999985,0.0,445.0,0.0,809.999878,180.0,0.0,180.0,False,True,
1604,/kuka/axis_move/feedback_json,std_msgs/msg/String,2026-08-18T20:43:40.181063-04:00,1787100220,181051814,1787100220181051814,106.165209,,,,2717,2716,1,0,0,2717,CartesianTarget,1,False,True,True,False,0.0,-90.0,90.000015,0.0,89.999985,0.0,445.0,0.0,809.999878,180.0,0.0,180.0,False,True,
1605,/kuka/axis_move/feedback_json,std_msgs/msg/String,2026-08-18T20:43:40.338640-04:00,1787100220,338632047,1787100220338632047,157.580233,,,,2718,2717,1,0,0,2718,CartesianTarget,1,False,True,True,False,0.0,-90.0,90.000015,0.0,89.999985,0.0,445.0,0.0,809.999878,180.0,0.0,180.0,False,True,
1606,/kuka/axis_move/feedback_json,std_msgs/msg/String,2026-08-18T20:43:40.446186-04:00,1787100220,446164014,1787100220446164014,107.531967,,,,2719,2718,1,0,0,2719,CartesianTarget,1,False,True,True,False,0.0,-90.0,90.000015,0.0,89.999985,0.0,445.0,0.0,809.999878,180.0,0.0,180.0,False,True,
1607,/kuka/axis_move/feedback_json,std_msgs/msg/String,2026-08-18T20:43:40.557368-04:00,1787100220,557349418,1787100220557349418,111.185404,,,,2720,2719,1,0,0,2720,CartesianTarget,1,False,True,True,False,0.0,-90.0,90.000015,0.0,89.999985,0.0,445.0,0.0,809.999878,180.0,0.0,180.0,False,True,
1608,/kuka/axis_move/feedback_json,std_msgs/msg/String,2026-08-18T20:43:40.662846-04:00,1787100220,662840367,1787100220662840367,105.490949,,,,2721,2720,1,0,0,2721,CartesianTarget,1,False,True,True,False,0.0,-90.0,90.000015,0.0,89.999985,0.0,445.0,0.0,809.999878,180.0,0.0,180.0,False,True,
1609,/kuka/axis_move/feedback_json,std_msgs/msg/String,2026-08-18T20:43:40.773098-04:00,1787100220,773092515,1787100220773092515,110.252148,,,,2722,2721,1,0,0,2722,CartesianTarget,1,False,True,True,False,0.0,-90.0,90.000015,0.0,89.999985,0.0,445.0,0.0,809.999878,180.0,0.0,180.0,False,True,
1610,/kuka/axis_move/feedback_json,std_msgs/msg/String,2026-08-18T20:43:40.937355-04:00,1787100220,937349581,1787100220937349581,164.257066,,,,2723,2722,1,0,0,2723,CartesianTarget,1,False,True,True,False,0.0,-90.0,90.000015,0.0,89.999985,0.0,445.0,0.0,809.999878,180.0,0.0,180.0,False,True,
1611,/kuka/axis_move/feedback_json,std_msgs/msg/String,2026-08-18T20:43:41.037528-04:00,1787100221,37516726,1787100221037516726,100.167145,,,,2724,2723,1,0,0,2724,CartesianTarget,1,False,True,True,False,0.0,-90.0,90.000015,0.0,89.999985,0.0,445.0,0.0,809.999878,180.0,0.0,180.0,False,True,
1612,/kuka/axis_move/feedback_json,std_msgs/msg/String,2026-08-18T20:43:41.149207-04:00,1787100221,149199763,1787100221149199763,111.683037,,,,2725,2724,1,0,0,2725,CartesianTarget,1,False,True,True,False,0.0,-90.0,90.000015,0.0,89.999985,0.0,445.0,0.0,809.999878,180.0,0.0,180.0,False,True,
1613,/kuka/axis_move/feedback_json,std_msgs/msg/String,2026-08-18T20:43:41.263260-04:00,1787100221,263245413,1787100221263245413,114.04565,,,,2726,2725,1,0,0,2726,CartesianTarget,1,False,True,True,False,0.0,-90.0,90.000015,0.0,89.999985,0.0,445.0,0.0,809.999878,180.0,0.0,180.0,False,True,
1614,/kuka/axis_move/feedback_json,std_msgs/msg/String,2026-08-18T20:43:41.372582-04:00,1787100221,372560473,1787100221372560473,109.31506,,,,2727,2726,1,0,0,2727,CartesianTarget,1,False,True,True,False,0.0,-90.0,90.000015,0.0,89.999985,0.0,445.0,0.0,809.999878,180.0,0.0,180.0,False,True,
1615,/kuka/axis_move/feedback_json,std_msgs/msg/String,2026-08-18T20:43:41.526922-04:00,1787100221,526910526,1787100221526910526,154.350053,,,,2728,2727,1,0,0,2728,CartesianTarget,1,False,True,True,False,0.0,-90.0,90.000015,0.0,89.999985,0.0,445.0,0.0,809.999878,180.0,0.0,180.0,False,True,
1616,/kuka/axis_move/feedback_json,std_msgs/msg/String,2026-08-18T20:43:41.635133-04:00,1787100221,635126738,1787100221635126738,108.216212,,,,2729,2728,1,0,0,2729,CartesianTarget,1,False,True,True,False,0.0,-90.0,90.000015,0.0,89.999985,0.0,445.0,0.0,809.999878,180.0,0.0,180.0,False,True,
1617,/kuka/axis_move/feedback_json,std_msgs/msg/String,2026-08-18T20:43:41.742424-04:00,1787100221,742418332,1787100221742418332,107.291594,,,,2730,2729,1,0,0,2730,CartesianTarget,1,False,True,True,False,0.0,-90.0,90.000015,0.0,89.999985,0.0,445.0,0.0,809.999878,180.0,0.0,180.0,False,True,
1618,/kuka/axis_move/feedback_json,std_msgs/msg/String,2026-08-18T20:43:41.851918-04:00,1787100221,851906971,1787100221851906971,109.488639,,,,2731,2730,1,0,0,2731,CartesianTarget,1,False,True,True,False,0.0,-90.0,90.000015,0.0,89.999985,0.0,445.0,0.0,809.999878,180.0,0.0,180.0,False,True,
1619,/kuka/axis_move/feedback_json,std_msgs/msg/String,2026-08-18T20:43:41.959600-04:00,1787100221,959583207,1787100221959583207,107.676236,,,,2732,2731,1,0,0,2732,CartesianTarget,1,False,True,True,False,0.0,-90.0,90.000015,0.0,89.999985,0.0,445.0,0.0,809.999878,180.0,0.0,180.0,False,True,
1620,/kuka/axis_move/feedback_json,std_msgs/msg/String,2026-08-18T20:43:42.116081-04:00,1787100222,116070522,1787100222116070522,156.487315,,,,2733,2732,1,0,0,2733,CartesianTarget,1,False,True,True,False,0.0,-90.0,90.000015,0.0,89.999985,0.0,445.0,0.0,809.999878,180.0,0.0,180.0,False,True,
1621,/kuka/axis_move/feedback_json,std_msgs/msg/String,2026-08-18T20:43:42.226731-04:00,1787100222,226718745,1787100222226718745,110.648223,,,,2734,2733,1,0,0,2734,CartesianTarget,1,False,True,True,False,0.0,-90.0,90.000015,0.0,89.999985,0.0,445.0,0.0,809.999878,180.0,0.0,180.0,False,True,
1622,/kuka/axis_move/feedback_json,std_msgs/msg/String,2026-08-18T20:43:42.334508-04:00,1787100222,334497912,1787100222334497912,107.779167,,,,2735,2734,1,0,0,2735,CartesianTarget,1,False,True,True,False,0.0,-90.0,90.000015,0.0,89.999985,0.0,445.0,0.0,809.999878,180.0,0.0,180.0,False,True,
1623,/kuka/axis_move/feedback_json,std_msgs/msg/String,2026-08-18T20:43:42.446449-04:00,1787100222,446433596,1787100222446433596,111.935684,,,,2736,2735,1,0,0,2736,CartesianTarget,1,False,True,True,False,0.0,-90.0,90.000015,0.0,89.999985,0.0,445.0,0.0,809.999878,180.0,0.0,180.0,False,True,
1624,/kuka/axis_move/feedback_json,std_msgs/msg/String,2026-08-18T20:43:42.556884-04:00,1787100222,556877868,1787100222556877868,110.444272,,,,2737,2736,1,0,0,2737,CartesianTarget,1,False,True,True,False,0.0,-90.0,90.000015,0.0,89.999985,0.0,445.0,0.0,809.999878,180.0,0.0,180.0,False,True,
1625,/kuka/axis_move/feedback_json,std_msgs/msg/String,2026-08-18T20:43:42.711753-04:00,1787100222,711745570,1787100222711745570,154.867702,,,,2738,2737,1,0,0,2738,CartesianTarget,1,False,True,True,False,0.0,-90.0,90.000015,0.0,89.999985,0.0,445.0,0.0,809.999878,180.0,0.0,180.0,False,True,
1626,/kuka/axis_move/feedback_json,std_msgs/msg/String,2026-08-18T20:43:42.871356-04:00,1787100222,871329602,1787100222871329602,159.584032,,,,2739,2738,1,0,0,2739,CartesianTarget,1,False,True,True,False,0.0,-90.0,90.000015,0.0,89.999985,0.0,445.0,0.0,809.999878,180.0,0.0,180.0,False,True,
1627,/kuka/axis_move/feedback_json,std_msgs/msg/String,2026-08-18T20:43:43.055028-04:00,1787100223,55017916,1787100223055017916,183.688314,,,,2740,2739,1,0,0,2740,CartesianTarget,1,True,True,True,False,0.0,-90.0,90.000053,0.0,89.999664,0.0,445.000427,0.0,809.981995,-180.0,0.0,180.0,False,True,
1628,/kuka/axis_move/feedback_json,std_msgs/msg/String,2026-08-18T20:43:43.230843-04:00,1787100223,230834906,1787100223230834906,175.81699,,,,2741,2740,1,0,0,2741,CartesianTarget,1,True,True,True,False,0.0,-90.002068,90.199234,0.0,89.783134,0.0,445.120758,0.0,808.016846,180.0,0.0,180.0,False,True,
1629,/kuka/axis_move/feedback_json,std_msgs/msg/String,2026-08-18T20:43:43.411958-04:00,1787100223,411935480,1787100223411935480,181.100574,,,,2742,2741,1,0,0,2742,CartesianTarget,1,True,True,True,False,0.0,-90.009087,90.853859,0.0,89.11573,0.0,445.437683,0.0,802.757751,180.0,0.0,180.0,False,True,
1630,/kuka/axis_move/feedback_json,std_msgs/msg/String,2026-08-18T20:43:43.583023-04:00,1787100223,583017665,1787100223583017665,171.082185,,,,2743,2742,1,0,0,2743,CartesianTarget,1,True,True,True,False,0.0,-90.020752,91.934769,0.0,88.028236,0.0,445.806671,0.0,794.436157,180.0,0.0,180.0,False,True,
1631,/kuka/axis_move/feedback_json,std_msgs/msg/String,2026-08-18T20:43:43.759212-04:00,1787100223,759180739,1787100223759180739,176.163074,,,,2744,2743,1,0,0,2744,CartesianTarget,1,True,True,True,False,0.0,-90.036583,93.395378,0.0,86.571129,0.0,446.049805,0.0,783.536255,180.0,0.0,180.0,False,True,
1632,/kuka/axis_move/feedback_json,std_msgs/msg/String,2026-08-18T20:43:43.932937-04:00,1787100223,932916644,1787100223932916644,173.735905,,,,2745,2744,1,0,0,2745,CartesianTarget,1,True,True,True,False,0.0,-90.052109,94.815826,0.0,85.176994,0.0,446.028107,0.0,773.697449,180.0,0.0,180.0,False,True,
1633,/kuka/axis_move/feedback_json,std_msgs/msg/String,2026-08-18T20:43:44.100724-04:00,1787100224,100713152,1787100224100713152,167.796508,,,,2746,2745,1,0,0,2746,CartesianTarget,1,True,True,True,False,0.0,-90.064758,95.972282,0.0,84.01976,0.0,445.826172,0.0,765.348999,180.0,0.0,180.0,False,True,
1634,/kuka/axis_move/feedback_json,std_msgs/msg/String,2026-08-18T20:43:44.215470-04:00,1787100224,215463861,1787100224215463861,114.750709,,,,2747,2746,1,0,0,2747,CartesianTarget,1,True,True,True,False,0.0,-90.071793,96.61496,0.0,83.395035,0.0,445.647491,0.0,760.863037,180.0,0.0,180.0,False,True,
1635,/kuka/axis_move/feedback_json,std_msgs/msg/String,2026-08-18T20:43:44.393839-04:00,1787100224,393827013,1787100224393827013,178.363152,,,,2748,2747,1,0,0,2748,CartesianTarget,1,True,True,True,False,0.0,-90.080727,97.429352,0.0,82.622002,0.0,445.359833,0.0,755.250122,180.0,0.0,180.0,False,True,
1636,/kuka/axis_move/feedback_json,std_msgs/msg/String,2026-08-18T20:43:44.567871-04:00,1787100224,567859374,1787100224567859374,174.032361,,,,2749,2748,1,0,0,2749,CartesianTarget,1,True,True,True,False,0.0,-90.086472,97.960251,0.0,82.10881,0.0,445.129883,0.0,751.699524,180.0,0.0,180.0,False,True,
1637,/kuka/axis_move/feedback_json,std_msgs/msg/String,2026-08-18T20:43:44.741817-04:00,1787100224,741811982,1787100224741811982,173.952608,,,,2750,2749,1,0,0,2750,CartesianTarget,1,True,True,True,False,0.0,-90.089439,98.220215,0.0,81.863579,0.0,445.011841,0.0,750.13269,180.0,0.0,180.0,False,True,
1638,/kuka/axis_move/feedback_json,std_msgs/msg/String,2026-08-18T20:43:44.927024-04:00,1787100224,926999899,1787100224926999899,185.187917,,,,2751,2750,1,0,0,2751,CartesianTarget,1,True,True,True,True,0.0,-90.089874,98.25412,0.0,81.835754,0.0,445.0,0.0,750.0,180.0,0.0,180.0,False,True,
1639,/kuka/axis_move/feedback_json,std_msgs/msg/String,2026-08-18T20:43:45.092095-04:00,1787100225,92085122,1787100225092085122,165.085223,,,,2752,2751,1,0,0,2752,CartesianTarget,1,True,True,True,False,0.0,-90.089874,98.25412,0.0,81.835754,0.0,445.0,0.0,750.0,180.0,0.0,180.0,False,True,
1640,/kuka/axis_move/feedback_json,std_msgs/msg/String,2026-08-18T20:43:45.207865-04:00,1787100225,207859369,1787100225207859369,115.774247,,,,2753,2752,1,0,0,2753,CartesianTarget,1,True,True,True,False,0.0,-90.089874,98.25412,0.0,81.835754,0.0,445.0,0.0,750.0,180.0,0.0,180.0,False,True,
1641,/kuka/axis_move/feedback_json,std_msgs/msg/String,2026-08-18T20:43:45.392465-04:00,1787100225,392422071,1787100225392422071,184.562702,,,,2754,2753,1,0,0,2754,CartesianTarget,1,True,True,True,True,0.0,-90.089874,98.25412,0.0,81.835754,0.0,445.0,0.0,750.0,180.0,0.0,180.0,False,True,
1642,/kuka/axis_move/feedback_json,std_msgs/msg/String,2026-08-18T20:43:45.556273-04:00,1787100225,556257393,1787100225556257393,163.835322,,,,2755,2754,1,0,0,2755,CartesianTarget,1,True,True,True,False,0.0,-90.089874,98.25412,0.0,81.835754,0.0,445.0,0.0,750.0,180.0,0.0,180.0,False,True,
1643,/kuka/axis_move/feedback_json,std_msgs/msg/String,2026-08-18T20:43:45.742582-04:00,1787100225,742569606,1787100225742569606,186.312213,,,,2756,2755,1,0,0,2756,CartesianTarget,1,True,True,True,True,0.0,-90.089874,98.25412,0.0,81.835754,0.0,445.0,0.0,750.0,180.0,0.0,180.0,False,True,
1644,/kuka/axis_move/feedback_json,std_msgs/msg/String,2026-08-18T20:43:45.856399-04:00,1787100225,856377118,1787100225856377118,113.807512,,,,2757,2756,1,0,0,2757,CartesianTarget,1,False,True,True,False,0.0,-90.089874,98.25412,0.0,81.835754,0.0,445.0,0.0,750.0,180.0,0.0,180.0,False,True,
1645,/kuka/axis_move/feedback_json,std_msgs/msg/String,2026-08-18T20:43:45.966681-04:00,1787100225,966669296,1787100225966669296,110.292178,,,,2758,2757,1,0,0,2758,CartesianTarget,1,False,True,True,False,0.0,-90.089874,98.25412,0.0,81.835754,0.0,445.0,0.0,750.0,180.0,0.0,180.0,False,True,
1646,/kuka/axis_move/feedback_json,std_msgs/msg/String,2026-08-18T20:43:46.080310-04:00,1787100226,80304054,1787100226080304054,113.634758,,,,2759,2758,1,0,0,2759,CartesianTarget,1,False,True,True,False,0.0,-90.089874,98.25412,0.0,81.835754,0.0,445.0,0.0,750.0,180.0,0.0,180.0,False,True,
1647,/kuka/axis_move/feedback_json,std_msgs/msg/String,2026-08-18T20:43:46.244558-04:00,1787100226,244547100,1787100226244547100,164.243046,,,,2760,2759,1,0,0,2760,CartesianTarget,1,False,True,True,False,0.0,-90.089874,98.25412,0.0,81.835754,0.0,445.0,0.0,750.0,180.0,0.0,180.0,False,True,
1648,/kuka/axis_move/feedback_json,std_msgs/msg/String,2026-08-18T20:43:46.351073-04:00,1787100226,351061789,1787100226351061789,106.514689,,,,2761,2760,1,0,0,2761,CartesianTarget,1,False,True,True,False,0.0,-90.089874,98.25412,0.0,81.835754,0.0,445.0,0.0,750.0,180.0,0.0,180.0,False,True,
1649,/kuka/axis_move/feedback_json,std_msgs/msg/String,2026-08-18T20:43:46.458159-04:00,1787100226,458153108,1787100226458153108,107.091319,,,,2762,2761,1,0,0,2762,CartesianTarget,1,False,True,True,False,0.0,-90.089874,98.25412,0.0,81.835754,0.0,445.0,0.0,750.0,180.0,0.0,180.0,False,True,
1650,/kuka/axis_move/feedback_json,std_msgs/msg/String,2026-08-18T20:43:46.568012-04:00,1787100226,567997117,1787100226567997117,109.844009,,,,2763,2762,1,0,0,2763,CartesianTarget,1,False,True,True,False,0.0,-90.089874,98.25412,0.0,81.835754,0.0,445.0,0.0,750.0,180.0,0.0,180.0,False,True,
1651,/kuka/axis_move/feedback_json,std_msgs/msg/String,2026-08-18T20:43:46.678744-04:00,1787100226,678735497,1787100226678735497,110.73838,,,,2764,2763,1,0,0,2764,CartesianTarget,1,False,True,True,False,0.0,-90.089874,98.25412,0.0,81.835754,0.0,445.0,0.0,750.0,180.0,0.0,180.0,False,True,
1652,/kuka/axis_move/feedback_json,std_msgs/msg/String,2026-08-18T20:43:46.838223-04:00,1787100226,838212644,1787100226838212644,159.477147,,,,2765,2764,1,0,0,2765,CartesianTarget,1,False,True,True,False,0.0,-90.089874,98.25412,0.0,81.835754,0.0,445.0,0.0,750.0,180.0,0.0,180.0,False,True,
1653,/kuka/axis_move/feedback_json,std_msgs/msg/String,2026-08-18T20:43:46.950415-04:00,1787100226,950404704,1787100226950404704,112.19206,,,,2766,2765,1,0,0,2766,CartesianTarget,1,False,True,True,False,0.0,-90.089874,98.25412,0.0,81.835754,0.0,445.0,0.0,750.0,180.0,0.0,180.0,False,True,
1654,/kuka/axis_move/feedback_json,std_msgs/msg/String,2026-08-18T20:43:47.060399-04:00,1787100227,60392274,1787100227060392274,109.98757,,,,2767,2766,1,0,0,2767,CartesianTarget,1,False,True,True,False,0.0,-90.089874,98.25412,0.0,81.835754,0.0,445.0,0.0,750.0,180.0,0.0,180.0,False,True,
1655,/kuka/axis_move/feedback_json,std_msgs/msg/String,2026-08-18T20:43:47.176799-04:00,1787100227,176789270,1787100227176789270,116.396996,,,,2768,2767,1,0,0,2768,CartesianTarget,1,False,True,True,False,0.0,-90.089874,98.25412,0.0,81.835754,0.0,445.0,0.0,750.0,180.0,0.0,180.0,False,True,
1656,/kuka/axis_move/feedback_json,std_msgs/msg/String,2026-08-18T20:43:47.287968-04:00,1787100227,287958971,1787100227287958971,111.169701,,,,2769,2768,1,0,0,2769,CartesianTarget,1,False,True,True,False,0.0,-90.089874,98.25412,0.0,81.835754,0.0,445.0,0.0,750.0,180.0,0.0,180.0,False,True,
1657,/kuka/axis_move/feedback_json,std_msgs/msg/String,2026-08-18T20:43:47.450678-04:00,1787100227,450644755,1787100227450644755,162.685784,,,,2770,2769,1,0,0,2770,CartesianTarget,1,False,True,True,False,0.0,-90.089874,98.25412,0.0,81.835754,0.0,445.0,0.0,750.0,180.0,0.0,180.0,False,True,
1658,/kuka/axis_move/feedback_json,std_msgs/msg/String,2026-08-18T20:43:47.565852-04:00,1787100227,565846506,1787100227565846506,115.201751,,,,2771,2770,1,0,0,2771,CartesianTarget,1,False,True,True,False,0.0,-90.089874,98.25412,0.0,81.835754,0.0,445.0,0.0,750.0,180.0,0.0,180.0,False,True,
1659,/kuka/axis_move/feedback_json,std_msgs/msg/String,2026-08-18T20:43:47.677988-04:00,1787100227,677981616,1787100227677981616,112.13511,,,,2772,2771,1,0,0,2772,CartesianTarget,1,False,True,True,False,0.0,-90.089874,98.25412,0.0,81.835754,0.0,445.0,0.0,750.0,180.0,0.0,180.0,False,True,
1660,/kuka/axis_move/feedback_json,std_msgs/msg/String,2026-08-18T20:43:47.790838-04:00,1787100227,790826605,1787100227790826605,112.844989,,,,2773,2772,1,0,0,2773,CartesianTarget,1,False,True,True,False,0.0,-90.089874,98.25412,0.0,81.835754,0.0,445.0,0.0,750.0,180.0,0.0,180.0,False,True,
1661,/kuka/axis_move/feedback_json,std_msgs/msg/String,2026-08-18T20:43:47.951784-04:00,1787100227,951771876,1787100227951771876,160.945271,,,,2774,2773,1,0,0,2774,CartesianTarget,1,False,True,True,False,0.0,-90.089874,98.25412,0.0,81.835754,0.0,445.0,0.0,750.0,180.0,0.0,180.0,False,True,
1662,/kuka/axis_move/feedback_json,std_msgs/msg/String,2026-08-18T20:43:48.061474-04:00,1787100228,61468234,1787100228061468234,109.696358,,,,2775,2774,1,0,0,2775,CartesianTarget,1,False,True,True,False,0.0,-90.089874,98.25412,0.0,81.835754,0.0,445.0,0.0,750.0,180.0,0.0,180.0,False,True,
1663,/kuka/axis_move/feedback_json,std_msgs/msg/String,2026-08-18T20:43:48.169416-04:00,1787100228,169408184,1787100228169408184,107.93995,,,,2776,2775,1,0,0,2776,CartesianTarget,1,False,True,True,False,0.0,-90.089874,98.25412,0.0,81.835754,0.0,445.0,0.0,750.0,180.0,0.0,180.0,False,True,
1664,/kuka/axis_move/feedback_json,std_msgs/msg/String,2026-08-18T20:43:48.285089-04:00,1787100228,285079256,1787100228285079256,115.671072,,,,2777,2776,1,0,0,2777,CartesianTarget,1,False,True,True,False,0.0,-90.089874,98.25412,0.0,81.835754,0.0,445.0,0.0,750.0,180.0,0.0,180.0,False,True,
1665,/kuka/axis_move/feedback_json,std_msgs/msg/String,2026-08-18T20:43:48.392618-04:00,1787100228,392602128,1787100228392602128,107.522872,,,,2778,2777,1,0,0,2778,CartesianTarget,1,False,True,True,False,0.0,-90.089874,98.25412,0.0,81.835754,0.0,445.0,0.0,750.0,180.0,0.0,180.0,False,True,
1666,/kuka/axis_move/feedback_json,std_msgs/msg/String,2026-08-18T20:43:48.557028-04:00,1787100228,557022680,1787100228557022680,164.420552,,,,2779,2778,1,0,0,2779,CartesianTarget,1,False,True,True,False,0.0,-90.089874,98.25412,0.0,81.835754,0.0,445.0,0.0,750.0,180.0,0.0,180.0,False,True,
1667,/kuka/axis_move/feedback_json,std_msgs/msg/String,2026-08-18T20:43:48.670146-04:00,1787100228,670137617,1787100228670137617,113.114937,,,,2780,2779,1,0,0,2780,CartesianTarget,1,False,True,True,False,0.0,-90.089874,98.25412,0.0,81.835754,0.0,445.0,0.0,750.0,180.0,0.0,180.0,False,True,
1668,/kuka/axis_move/feedback_json,std_msgs/msg/String,2026-08-18T20:43:48.777796-04:00,1787100228,777784643,1787100228777784643,107.647026,,,,2781,2780,1,0,0,2781,CartesianTarget,1,False,True,True,False,0.0,-90.089874,98.25412,0.0,81.835754,0.0,445.0,0.0,750.0,180.0,0.0,180.0,False,True,
1669,/kuka/axis_move/feedback_json,std_msgs/msg/String,2026-08-18T20:43:48.887869-04:00,1787100228,887858818,1787100228887858818,110.074175,,,,2782,2781,1,0,0,2782,CartesianTarget,1,False,True,True,False,0.0,-90.089874,98.25412,0.0,81.835754,0.0,445.0,0.0,750.0,180.0,0.0,180.0,False,True,
1670,/kuka/axis_move/feedback_json,std_msgs/msg/String,2026-08-18T20:43:49.002305-04:00,1787100229,2293841,1787100229002293841,114.435023,,,,2783,2782,1,0,0,2783,CartesianTarget,1,False,True,True,False,0.0,-90.089874,98.25412,0.0,81.835754,0.0,445.0,0.0,750.0,180.0,0.0,180.0,False,True,
1671,/kuka/axis_move/feedback_json,std_msgs/msg/String,2026-08-18T20:43:49.164432-04:00,1787100229,164415417,1787100229164415417,162.121576,,,,2784,2783,1,0,0,2784,CartesianTarget,1,False,True,True,False,0.0,-90.089874,98.25412,0.0,81.835754,0.0,445.0,0.0,750.0,180.0,0.0,180.0,False,True,
1672,/kuka/axis_move/feedback_json,std_msgs/msg/String,2026-08-18T20:43:49.273869-04:00,1787100229,273864425,1787100229273864425,109.449008,,,,2785,2784,1,0,0,2785,CartesianTarget,1,False,True,True,False,0.0,-90.089874,98.25412,0.0,81.835754,0.0,445.0,0.0,750.0,180.0,0.0,180.0,False,True,
1673,/kuka/axis_move/feedback_json,std_msgs/msg/String,2026-08-18T20:43:49.386132-04:00,1787100229,386121612,1787100229386121612,112.257187,,,,2786,2785,1,0,0,2786,CartesianTarget,1,False,True,True,False,0.0,-90.089874,98.25412,0.0,81.835754,0.0,445.0,0.0,750.0,180.0,0.0,180.0,False,True,
1674,/kuka/axis_move/feedback_json,std_msgs/msg/String,2026-08-18T20:43:49.498292-04:00,1787100229,498278253,1787100229498278253,112.156641,,,,2787,2786,1,0,0,2787,CartesianTarget,1,False,True,True,False,0.0,-90.089874,98.25412,0.0,81.835754,0.0,445.0,0.0,750.0,180.0,0.0,180.0,False,True,
1675,/kuka/axis_move/feedback_json,std_msgs/msg/String,2026-08-18T20:43:49.608388-04:00,1787100229,608377684,1787100229608377684,110.099431,,,,2788,2787,1,0,0,2788,CartesianTarget,1,False,True,True,False,0.0,-90.089874,98.25412,0.0,81.835754,0.0,445.0,0.0,750.0,180.0,0.0,180.0,False,True,
1676,/kuka/axis_move/feedback_json,std_msgs/msg/String,2026-08-18T20:43:49.774071-04:00,1787100229,774061015,1787100229774061015,165.683331,,,,2789,2788,1,0,0,2789,CartesianTarget,1,False,True,True,False,0.0,-90.089874,98.25412,0.0,81.835754,0.0,445.0,0.0,750.0,180.0,0.0,180.0,False,True,
1677,/kuka/axis_move/feedback_json,std_msgs/msg/String,2026-08-18T20:43:49.882396-04:00,1787100229,882382906,1787100229882382906,108.321891,,,,2790,2789,1,0,0,2790,CartesianTarget,1,False,True,True,False,0.0,-90.089874,98.25412,0.0,81.835754,0.0,445.0,0.0,750.0,180.0,0.0,180.0,False,True,
1678,/kuka/axis_move/feedback_json,std_msgs/msg/String,2026-08-18T20:43:49.994691-04:00,1787100229,994684007,1787100229994684007,112.301101,,,,2791,2790,1,0,0,2791,CartesianTarget,1,False,True,True,False,0.0,-90.089874,98.25412,0.0,81.835754,0.0,445.0,0.0,750.0,180.0,0.0,180.0,False,True,
1679,/kuka/axis_move/feedback_json,std_msgs/msg/String,2026-08-18T20:43:50.109738-04:00,1787100230,109721192,1787100230109721192,115.037185,,,,2792,2791,1,0,0,2792,CartesianTarget,1,False,True,True,False,0.0,-90.089874,98.25412,0.0,81.835754,0.0,445.0,0.0,750.0,180.0,0.0,180.0,False,True,
1680,/kuka/axis_move/feedback_json,std_msgs/msg/String,2026-08-18T20:43:50.277302-04:00,1787100230,277292060,1787100230277292060,167.570868,,,,2793,2792,1,0,0,2793,CartesianTarget,1,False,True,True,False,0.0,-90.089874,98.25412,0.0,81.835754,0.0,445.0,0.0,750.0,180.0,0.0,180.0,False,True,
1681,/kuka/axis_move/feedback_json,std_msgs/msg/String,2026-08-18T20:43:50.390638-04:00,1787100230,390626066,1787100230390626066,113.334006,,,,2794,2793,1,0,0,2794,CartesianTarget,1,False,True,True,False,0.0,-90.089874,98.25412,0.0,81.835754,0.0,445.0,0.0,750.0,180.0,0.0,180.0,False,True,
1682,/kuka/axis_move/feedback_json,std_msgs/msg/String,2026-08-18T20:43:50.502776-04:00,1787100230,502760628,1787100230502760628,112.134562,,,,2795,2794,1,0,0,2795,CartesianTarget,1,False,True,True,False,0.0,-90.089874,98.25412,0.0,81.835754,0.0,445.0,0.0,750.0,180.0,0.0,180.0,False,True,
1683,/kuka/axis_move/feedback_json,std_msgs/msg/String,2026-08-18T20:43:50.615108-04:00,1787100230,615095059,1787100230615095059,112.334431,,,,2796,2795,1,0,0,2796,CartesianTarget,1,False,True,True,False,0.0,-90.089874,98.25412,0.0,81.835754,0.0,445.0,0.0,750.0,180.0,0.0,180.0,False,True,
1684,/kuka/axis_move/feedback_json,std_msgs/msg/String,2026-08-18T20:43:50.774566-04:00,1787100230,774559976,1787100230774559976,159.464917,,,,2797,2796,1,0,0,2797,CartesianTarget,1,False,True,True,False,0.0,-90.089874,98.25412,0.0,81.835754,0.0,445.0,0.0,750.0,180.0,0.0,180.0,False,True,
1685,/kuka/axis_move/feedback_json,std_msgs/msg/String,2026-08-18T20:43:50.888112-04:00,1787100230,888101409,1787100230888101409,113.541433,,,,2798,2797,1,0,0,2798,CartesianTarget,1,False,True,True,False,0.0,-90.089874,98.25412,0.0,81.835754,0.0,445.0,0.0,750.0,180.0,0.0,180.0,False,True,
1686,/kuka/axis_move/feedback_json,std_msgs/msg/String,2026-08-18T20:43:50.998461-04:00,1787100230,998423869,1787100230998423869,110.32246,,,,2799,2798,1,0,0,2799,CartesianTarget,1,False,True,True,False,0.0,-90.089874,98.25412,0.0,81.835754,0.0,445.0,0.0,750.0,180.0,0.0,180.0,False,True,
1687,/kuka/axis_move/feedback_json,std_msgs/msg/String,2026-08-18T20:43:51.110991-04:00,1787100231,110980115,1787100231110980115,112.556246,,,,2800,2799,1,0,0,2800,CartesianTarget,1,False,True,True,False,0.0,-90.089874,98.25412,0.0,81.835754,0.0,445.0,0.0,750.0,180.0,0.0,180.0,False,True,
1688,/kuka/axis_move/feedback_json,std_msgs/msg/String,2026-08-18T20:43:51.220609-04:00,1787100231,220598277,1787100231220598277,109.618162,,,,2801,2800,1,0,0,2801,CartesianTarget,1,False,True,True,False,0.0,-90.089874,98.25412,0.0,81.835754,0.0,445.0,0.0,750.0,180.0,0.0,180.0,False,True,
1689,/kuka/axis_move/feedback_json,std_msgs/msg/String,2026-08-18T20:43:51.380285-04:00,1787100231,380275492,1787100231380275492,159.677215,,,,2802,2801,1,0,0,2802,CartesianTarget,1,False,True,True,False,0.0,-90.089874,98.25412,0.0,81.835754,0.0,445.0,0.0,750.0,180.0,0.0,180.0,False,True,
1690,/kuka/axis_move/feedback_json,std_msgs/msg/String,2026-08-18T20:43:51.492859-04:00,1787100231,492848537,1787100231492848537,112.573045,,,,2803,2802,1,0,0,2803,CartesianTarget,1,False,True,True,False,0.0,-90.089874,98.25412,0.0,81.835754,0.0,445.0,0.0,750.0,180.0,0.0,180.0,False,True,
1691,/kuka/axis_move/feedback_json,std_msgs/msg/String,2026-08-18T20:43:51.599476-04:00,1787100231,599457819,1787100231599457819,106.609282,,,,2804,2803,1,0,0,2804,CartesianTarget,1,False,True,True,False,0.0,-90.089874,98.25412,0.0,81.835754,0.0,445.0,0.0,750.0,180.0,0.0,180.0,False,True,
1692,/kuka/axis_move/feedback_json,std_msgs/msg/String,2026-08-18T20:43:51.711993-04:00,1787100231,711970613,1787100231711970613,112.512794,,,,2805,2804,1,0,0,2805,CartesianTarget,1,False,True,True,False,0.0,-90.089874,98.25412,0.0,81.835754,0.0,445.0,0.0,750.0,180.0,0.0,180.0,False,True,
1693,/kuka/axis_move/feedback_json,std_msgs/msg/String,2026-08-18T20:43:51.819344-04:00,1787100231,819333205,1787100231819333205,107.362592,,,,2806,2805,1,0,0,2806,CartesianTarget,1,False,True,True,False,0.0,-90.089874,98.25412,0.0,81.835754,0.0,445.0,0.0,750.0,180.0,0.0,180.0,False,True,
1694,/kuka/axis_move/feedback_json,std_msgs/msg/String,2026-08-18T20:43:51.979201-04:00,1787100231,979191283,1787100231979191283,159.858078,,,,2807,2806,1,0,0,2807,CartesianTarget,1,False,True,True,False,0.0,-90.089874,98.25412,0.0,81.835754,0.0,445.0,0.0,750.0,180.0,0.0,180.0,False,True,
1695,/kuka/axis_move/feedback_json,std_msgs/msg/String,2026-08-18T20:43:52.094056-04:00,1787100232,94038505,1787100232094038505,114.847222,,,,2808,2807,1,0,0,2808,CartesianTarget,1,False,True,True,False,0.0,-90.089874,98.25412,0.0,81.835754,0.0,445.0,0.0,750.0,180.0,0.0,180.0,False,True,
1696,/kuka/axis_move/feedback_json,std_msgs/msg/String,2026-08-18T20:43:52.199343-04:00,1787100232,199333290,1787100232199333290,105.294785,,,,2809,2808,1,0,0,2809,CartesianTarget,1,False,True,True,False,0.0,-90.089874,98.25412,0.0,81.835754,0.0,445.0,0.0,750.0,180.0,0.0,180.0,False,True,
1697,/kuka/axis_move/feedback_json,std_msgs/msg/String,2026-08-18T20:43:52.312022-04:00,1787100232,312016637,1787100232312016637,112.683347,,,,2810,2809,1,0,0,2810,CartesianTarget,1,False,True,True,False,0.0,-90.089874,98.25412,0.0,81.835754,0.0,445.0,0.0,750.0,180.0,0.0,180.0,False,True,
1698,/kuka/axis_move/feedback_json,std_msgs/msg/String,2026-08-18T20:43:52.428032-04:00,1787100232,428019689,1787100232428019689,116.003052,,,,2811,2810,1,0,0,2811,CartesianTarget,1,False,True,True,False,0.0,-90.089874,98.25412,0.0,81.835754,0.0,445.0,0.0,750.0,180.0,0.0,180.0,False,True,
1699,/kuka/axis_move/feedback_json,std_msgs/msg/String,2026-08-18T20:43:52.587735-04:00,1787100232,587719215,1787100232587719215,159.699526,,,,2812,2811,1,0,0,2812,CartesianTarget,1,False,True,True,False,0.0,-90.089874,98.25412,0.0,81.835754,0.0,445.0,0.0,750.0,180.0,0.0,180.0,False,True,
1700,/kuka/axis_move/feedback_json,std_msgs/msg/String,2026-08-18T20:43:52.701594-04:00,1787100232,701584713,1787100232701584713,113.865498,,,,2813,2812,1,0,0,2813,CartesianTarget,1,False,True,True,False,0.0,-90.089874,98.25412,0.0,81.835754,0.0,445.0,0.0,750.0,180.0,0.0,180.0,False,True,
1701,/kuka/axis_move/feedback_json,std_msgs/msg/String,2026-08-18T20:43:52.813848-04:00,1787100232,813835875,1787100232813835875,112.251162,,,,2814,2813,1,0,0,2814,CartesianTarget,1,False,True,True,False,0.0,-90.089874,98.25412,0.0,81.835754,0.0,445.0,0.0,750.0,180.0,0.0,180.0,False,True,
1702,/kuka/axis_move/feedback_json,std_msgs/msg/String,2026-08-18T20:43:52.927827-04:00,1787100232,927817102,1787100232927817102,113.981227,,,,2815,2814,1,0,0,2815,CartesianTarget,1,False,True,True,False,0.0,-90.089874,98.25412,0.0,81.835754,0.0,445.0,0.0,750.0,180.0,0.0,180.0,False,True,
1703,/kuka/axis_move/feedback_json,std_msgs/msg/String,2026-08-18T20:43:53.038650-04:00,1787100233,38638587,1787100233038638587,110.821485,,,,2816,2815,1,0,0,2816,CartesianTarget,1,False,True,True,False,0.0,-90.089874,98.25412,0.0,81.835754,0.0,445.0,0.0,750.0,180.0,0.0,180.0,False,True,
1704,/kuka/axis_move/feedback_json,std_msgs/msg/String,2026-08-18T20:43:53.204370-04:00,1787100233,204358863,1787100233204358863,165.720276,,,,2817,2816,1,0,0,2817,CartesianTarget,1,False,True,True,False,0.0,-90.089874,98.25412,0.0,81.835754,0.0,445.0,0.0,750.0,180.0,0.0,180.0,False,True,
1705,/kuka/axis_move/feedback_json,std_msgs/msg/String,2026-08-18T20:43:53.313034-04:00,1787100233,313027886,1787100233313027886,108.669023,,,,2818,2817,1,0,0,2818,CartesianTarget,1,False,True,True,False,0.0,-90.089874,98.25412,0.0,81.835754,0.0,445.0,0.0,750.0,180.0,0.0,180.0,False,True,
1706,/kuka/axis_move/feedback_json,std_msgs/msg/String,2026-08-18T20:43:53.424794-04:00,1787100233,424773200,1787100233424773200,111.745314,,,,2819,2818,1,0,0,2819,CartesianTarget,1,False,True,True,False,0.0,-90.089874,98.25412,0.0,81.835754,0.0,445.0,0.0,750.0,180.0,0.0,180.0,False,True,
1707,/kuka/axis_move/feedback_json,std_msgs/msg/String,2026-08-18T20:43:53.534313-04:00,1787100233,534306847,1787100233534306847,109.533647,,,,2820,2819,1,0,0,2820,CartesianTarget,1,False,True,True,False,0.0,-90.089874,98.25412,0.0,81.835754,0.0,445.0,0.0,750.0,180.0,0.0,180.0,False,True,
1708,/kuka/axis_move/feedback_json,std_msgs/msg/String,2026-08-18T20:43:53.639999-04:00,1787100233,639988255,1787100233639988255,105.681408,,,,2821,2820,1,0,0,2821,CartesianTarget,1,False,True,True,False,0.0,-90.089874,98.25412,0.0,81.835754,0.0,445.0,0.0,750.0,180.0,0.0,180.0,False,True,
1709,/kuka/axis_move/feedback_json,std_msgs/msg/String,2026-08-18T20:43:53.797516-04:00,1787100233,797510008,1787100233797510008,157.521753,,,,2822,2821,1,0,0,2822,CartesianTarget,1,False,True,True,False,0.0,-90.089874,98.25412,0.0,81.835754,0.0,445.0,0.0,750.0,180.0,0.0,180.0,False,True,
1710,/kuka/axis_move/feedback_json,std_msgs/msg/String,2026-08-18T20:43:53.908144-04:00,1787100233,908131967,1787100233908131967,110.621959,,,,2823,2822,1,0,0,2823,CartesianTarget,1,False,True,True,False,0.0,-90.089874,98.25412,0.0,81.835754,0.0,445.0,0.0,750.0,180.0,0.0,180.0,False,True,
1711,/kuka/axis_move/feedback_json,std_msgs/msg/String,2026-08-18T20:43:54.023263-04:00,1787100234,23251392,1787100234023251392,115.119425,,,,2824,2823,1,0,0,2824,CartesianTarget,1,False,True,True,False,0.0,-90.089874,98.25412,0.0,81.835754,0.0,445.0,0.0,750.0,180.0,0.0,180.0,False,True,
1712,/kuka/axis_move/feedback_json,std_msgs/msg/String,2026-08-18T20:43:54.135268-04:00,1787100234,135255596,1787100234135255596,112.004204,,,,2825,2824,1,0,0,2825,CartesianTarget,1,False,True,True,False,0.0,-90.089874,98.25412,0.0,81.835754,0.0,445.0,0.0,750.0,180.0,0.0,180.0,False,True,
1713,/kuka/axis_move/feedback_json,std_msgs/msg/String,2026-08-18T20:43:54.301554-04:00,1787100234,301547615,1787100234301547615,166.292019,,,,2826,2825,1,0,0,2826,CartesianTarget,1,True,True,True,False,0.0,-90.089874,98.25412,0.0,81.835754,0.0,445.0,0.0,750.0,180.0,0.0,180.0,False,True,
1714,/kuka/axis_move/feedback_json,std_msgs/msg/String,2026-08-18T20:43:54.476175-04:00,1787100234,476168161,1787100234476168161,174.620546,,,,2827,2826,1,0,0,2827,CartesianTarget,1,True,True,True,False,0.0,-90.089386,98.205368,0.0,81.895447,0.0,445.035339,0.0,750.565002,180.0,0.0,180.0,False,True,
1715,/kuka/axis_move/feedback_json,std_msgs/msg/String,2026-08-18T20:43:54.648604-04:00,1787100234,648592835,1787100234648592835,172.424674,,,,2828,2827,1,0,0,2828,CartesianTarget,1,True,True,True,False,0.0,-90.08622,97.909012,0.0,82.196754,0.0,445.190338,0.0,752.951904,180.0,0.0,180.0,False,True,
1716,/kuka/axis_move/feedback_json,std_msgs/msg/String,2026-08-18T20:43:54.758257-04:00,1787100234,758246008,1787100234758246008,109.653173,,,,2829,2828,1,0,0,2829,CartesianTarget,1,True,True,True,False,0.0,-90.08284,97.594467,0.0,82.515198,0.0,445.344269,0.0,755.50354,180.0,0.0,180.0,False,True,
1717,/kuka/axis_move/feedback_json,std_msgs/msg/String,2026-08-18T20:43:54.936516-04:00,1787100234,936508385,1787100234936508385,178.262377,,,,2830,2829,1,0,0,2830,CartesianTarget,1,True,True,True,False,0.0,-90.074799,96.850021,0.0,83.263535,0.0,445.630463,0.0,761.223999,180.0,0.0,180.0,False,True,
1718,/kuka/axis_move/feedback_json,std_msgs/msg/String,2026-08-18T20:43:55.113000-04:00,1787100235,112983776,1787100235112983776,176.475391,,,,2831,2830,1,0,0,2831,CartesianTarget,1,True,True,True,False,0.0,-90.064095,95.861008,0.0,84.25322,0.0,445.9021,0.0,768.520935,180.0,0.0,180.0,False,True,
1719,/kuka/axis_move/feedback_json,std_msgs/msg/String,2026-08-18T20:43:55.288785-04:00,1787100235,288772780,1787100235288772780,175.789004,,,,2832,2831,1,0,0,2832,CartesianTarget,1,True,True,True,False,0.0,-90.05069,94.625046,0.0,85.486366,0.0,446.060394,0.0,777.747131,180.0,0.0,180.0,False,True,
1720,/kuka/axis_move/feedback_json,std_msgs/msg/String,2026-08-18T20:43:55.400984-04:00,1787100235,400978384,1787100235400978384,112.205604,,,,2833,2832,1,0,0,2833,CartesianTarget,1,True,True,True,False,0.0,-90.041237,93.71936,0.0,86.388412,0.0,446.050507,0.0,784.472351,180.0,0.0,180.0,False,True,
1721,/kuka/axis_move/feedback_json,std_msgs/msg/String,2026-08-18T20:43:55.581540-04:00,1787100235,581533800,1787100235581533800,180.555416,,,,2834,2833,1,0,0,2834,CartesianTarget,1,True,True,True,False,0.0,-90.0242,92.158165,0.0,87.928131,0.0,445.793457,0.0,795.917175,180.0,0.0,180.0,False,True,
1722,/kuka/axis_move/feedback_json,std_msgs/msg/String,2026-08-18T20:43:55.760716-04:00,1787100235,760705110,1787100235760705110,179.17131,,,,2835,2834,1,0,0,2835,CartesianTarget,1,True,True,True,False,0.0,-90.010857,90.975388,0.0,89.077744,0.0,445.402924,0.0,803.985046,180.0,0.0,180.0,False,True,
1723,/kuka/axis_move/feedback_json,std_msgs/msg/String,2026-08-18T20:43:55.934327-04:00,1787100235,934318858,1787100235934318858,173.613748,,,,2836,2835,1,0,0,2836,CartesianTarget,1,True,True,True,False,0.0,-90.002861,90.251564,0.0,89.772675,0.0,445.105499,0.0,808.627258,180.0,0.0,180.0,False,True,
1724,/kuka/axis_move/feedback_json,std_msgs/msg/String,2026-08-18T20:43:56.117446-04:00,1787100236,117416482,1787100236117416482,183.097624,,,,2837,2836,1,0,0,2837,CartesianTarget,1,True,True,True,False,0.0,-90.000015,90.000725,0.0,89.999756,0.0,445.000031,0.0,810.000061,180.0,0.0,180.0,False,True,
1725,/kuka/axis_move/feedback_json,std_msgs/msg/String,2026-08-18T20:43:56.301277-04:00,1787100236,301267200,1787100236301267200,183.850718,,,,2838,2837,1,0,0,2838,CartesianTarget,1,True,True,True,True,0.0,-90.0,90.0,0.0,90.0,0.0,445.0,0.0,810.0,180.0,0.0,180.0,False,True,
1726,/kuka/axis_move/feedback_json,std_msgs/msg/String,2026-08-18T20:43:56.415106-04:00,1787100236,415100429,1787100236415100429,113.833229,,,,2839,2838,1,0,0,2839,CartesianTarget,1,False,True,True,False,0.0,-90.0,90.0,0.0,90.0,0.0,445.0,0.0,810.0,180.0,0.0,180.0,False,True,
1727,/kuka/axis_move/feedback_json,std_msgs/msg/String,2026-08-18T20:43:56.585098-04:00,1787100236,585087988,1787100236585087988,169.987559,,,,2840,2839,1,0,0,2840,CartesianTarget,1,True,True,True,False,0.0,-90.0,90.0,0.0,90.0,0.0,445.0,0.0,810.0,180.0,0.0,180.0,False,True,
1728,/kuka/axis_move/feedback_json,std_msgs/msg/String,2026-08-18T20:43:56.764846-04:00,1787100236,764826530,1787100236764826530,179.738542,,,,2841,2840,1,0,0,2841,CartesianTarget,1,True,True,True,True,0.0,-90.0,90.0,0.0,90.0,0.0,445.0,0.0,810.0,180.0,0.0,180.0,False,True,
1729,/kuka/axis_move/feedback_json,std_msgs/msg/String,2026-08-18T20:43:56.927415-04:00,1787100236,927403976,1787100236927403976,162.577446,,,,2842,2841,1,0,0,2842,CartesianTarget,1,True,True,True,False,0.0,-90.0,90.0,0.0,90.0,0.0,445.0,0.0,810.0,180.0,0.0,180.0,False,True,
1730,/kuka/axis_move/feedback_json,std_msgs/msg/String,2026-08-18T20:43:57.107205-04:00,1787100237,107193812,1787100237107193812,179.789836,,,,2843,2842,1,0,0,2843,CartesianTarget,1,True,True,True,True,0.0,-90.0,90.0,0.0,90.0,0.0,445.0,0.0,810.0,180.0,0.0,180.0,False,True,
1731,/kuka/axis_move/feedback_json,std_msgs/msg/String,2026-08-18T20:43:57.221575-04:00,1787100237,221563007,1787100237221563007,114.369195,,,,2844,2843,1,0,0,2844,CartesianTarget,1,False,True,True,False,0.0,-90.0,90.0,0.0,90.0,0.0,445.0,0.0,810.0,180.0,0.0,180.0,False,True,
1732,/kuka/axis_move/feedback_json,std_msgs/msg/String,2026-08-18T20:43:57.385474-04:00,1787100237,385462493,1787100237385462493,163.899486,,,,2845,2844,1,0,0,2845,CartesianTarget,1,True,True,True,False,0.0,-90.0,90.0,0.0,90.0,0.0,445.0,0.0,810.0,180.0,0.0,180.0,False,True,
1733,/kuka/axis_move/feedback_json,std_msgs/msg/String,2026-08-18T20:43:57.495976-04:00,1787100237,495964969,1787100237495964969,110.502476,,,,2846,2845,1,0,0,2846,CartesianTarget,1,True,True,True,False,0.0,-90.0,90.0,0.0,90.0,0.0,445.0,0.0,810.0,180.0,0.0,180.0,False,True,
1734,/kuka/axis_move/feedback_json,std_msgs/msg/String,2026-08-18T20:43:57.613780-04:00,1787100237,613768670,1787100237613768670,117.803701,,,,2847,2846,1,0,0,2847,CartesianTarget,1,True,True,True,True,0.0,-90.0,90.0,0.0,90.0,0.0,445.0,0.0,810.0,180.0,0.0,180.0,False,True,
1735,/kuka/axis_move/feedback_json,std_msgs/msg/String,2026-08-18T20:43:57.721636-04:00,1787100237,721619599,1787100237721619599,107.850929,,,,2848,2847,1,0,0,2848,CartesianTarget,1,False,True,True,False,0.0,-90.0,90.0,0.0,90.0,0.0,445.0,0.0,810.0,180.0,0.0,180.0,False,True,
1736,/kuka/axis_move/feedback_json,std_msgs/msg/String,2026-08-18T20:43:57.829403-04:00,1787100237,829393144,1787100237829393144,107.773545,,,,2849,2848,1,0,0,2849,CartesianTarget,1,False,True,True,False,0.0,-90.0,90.0,0.0,90.0,0.0,445.0,0.0,810.0,180.0,0.0,180.0,False,True,
1737,/kuka/axis_move/feedback_json,std_msgs/msg/String,2026-08-18T20:43:57.993459-04:00,1787100237,993447123,1787100237993447123,164.053979,,,,2850,2849,1,0,0,2850,CartesianTarget,1,False,True,True,False,0.0,-90.0,90.0,0.0,90.0,0.0,445.0,0.0,810.0,180.0,0.0,180.0,False,True,
1738,/kuka/axis_move/feedback_json,std_msgs/msg/String,2026-08-18T20:43:58.101285-04:00,1787100238,101267085,1787100238101267085,107.819962,,,,2851,2850,1,0,0,2851,CartesianTarget,1,False,True,True,False,0.0,-90.0,90.0,0.0,90.0,0.0,445.0,0.0,810.0,180.0,0.0,180.0,False,True,
1739,/kuka/axis_move/feedback_json,std_msgs/msg/String,2026-08-18T20:43:58.205339-04:00,1787100238,205333603,1787100238205333603,104.066518,,,,2852,2851,1,0,0,2852,CartesianTarget,1,False,True,True,False,0.0,-90.0,90.0,0.0,90.0,0.0,445.0,0.0,810.0,180.0,0.0,180.0,False,True,
1740,/kuka/axis_move/feedback_json,std_msgs/msg/String,2026-08-18T20:43:58.313322-04:00,1787100238,313311726,1787100238313311726,107.978123,,,,2853,2852,1,0,0,2853,CartesianTarget,1,False,True,True,False,0.0,-90.0,90.0,0.0,90.0,0.0,445.0,0.0,810.0,180.0,0.0,180.0,False,True,
1741,/kuka/axis_move/feedback_json,std_msgs/msg/String,2026-08-18T20:43:58.419089-04:00,1787100238,419071040,1787100238419071040,105.759314,,,,2854,2853,1,0,0,2854,CartesianTarget,1,False,True,True,False,0.0,-90.0,90.0,0.0,90.0,0.0,445.0,0.0,810.0,180.0,0.0,180.0,False,True,
1742,/kuka/axis_move/feedback_json,std_msgs/msg/String,2026-08-18T20:43:58.578468-04:00,1787100238,578460583,1787100238578460583,159.389543,,,,2855,2854,1,0,0,2855,CartesianTarget,1,False,True,True,False,0.0,-90.0,90.0,0.0,90.0,0.0,445.0,0.0,810.0,180.0,0.0,180.0,False,True,
1743,/kuka/axis_move/feedback_json,std_msgs/msg/String,2026-08-18T20:43:58.685241-04:00,1787100238,685221262,1787100238685221262,106.760679,,,,2856,2855,1,0,0,2856,CartesianTarget,1,False,True,True,False,0.0,-90.0,90.0,0.0,90.0,0.0,445.0,0.0,810.0,180.0,0.0,180.0,False,True,
1744,/kuka/axis_move/feedback_json,std_msgs/msg/String,2026-08-18T20:43:58.792376-04:00,1787100238,792364179,1787100238792364179,107.142917,,,,2857,2856,1,0,0,2857,CartesianTarget,1,False,True,True,False,0.0,-90.0,90.0,0.0,90.0,0.0,445.0,0.0,810.0,180.0,0.0,180.0,False,True,
1745,/kuka/axis_move/feedback_json,std_msgs/msg/String,2026-08-18T20:43:58.902501-04:00,1787100238,902494026,1787100238902494026,110.129847,,,,2858,2857,1,0,0,2858,CartesianTarget,1,False,True,True,False,0.0,-90.0,90.0,0.0,90.0,0.0,445.0,0.0,810.0,180.0,0.0,180.0,False,True,
1746,/kuka/axis_move/feedback_json,std_msgs/msg/String,2026-08-18T20:43:59.014646-04:00,1787100239,14634644,1787100239014634644,112.140618,,,,2859,2858,1,0,0,2859,CartesianTarget,1,False,True,True,False,0.0,-90.0,90.0,0.0,90.0,0.0,445.0,0.0,810.0,180.0,0.0,180.0,False,True,
1747,/kuka/axis_move/feedback_json,std_msgs/msg/String,2026-08-18T20:43:59.171974-04:00,1787100239,171961514,1787100239171961514,157.32687,,,,2860,2859,1,0,0,2860,CartesianTarget,1,False,True,True,False,0.0,-90.0,90.0,0.0,90.0,0.0,445.0,0.0,810.0,180.0,0.0,180.0,False,True,
1748,/kuka/axis_move/feedback_json,std_msgs/msg/String,2026-08-18T20:43:59.277563-04:00,1787100239,277552369,1787100239277552369,105.590855,,,,2861,2860,1,0,0,2861,CartesianTarget,1,False,True,True,False,0.0,-90.0,90.0,0.0,90.0,0.0,445.0,0.0,810.0,180.0,0.0,180.0,False,True,
1749,/kuka/axis_move/feedback_json,std_msgs/msg/String,2026-08-18T20:43:59.383422-04:00,1787100239,383414801,1787100239383414801,105.862432,,,,2862,2861,1,0,0,2862,CartesianTarget,1,False,True,True,False,0.0,-90.0,90.0,0.0,90.0,0.0,445.0,0.0,810.0,180.0,0.0,180.0,False,True,
1750,/kuka/axis_move/feedback_json,std_msgs/msg/String,2026-08-18T20:43:59.493060-04:00,1787100239,493050112,1787100239493050112,109.635311,,,,2863,2862,1,0,0,2863,CartesianTarget,1,False,True,True,False,0.0,-90.0,90.0,0.0,90.0,0.0,445.0,0.0,810.0,180.0,0.0,180.0,False,True,
1751,/kuka/axis_move/feedback_json,std_msgs/msg/String,2026-08-18T20:43:59.598598-04:00,1787100239,598534625,1787100239598534625,105.484513,,,,2864,2863,1,0,0,2864,CartesianTarget,1,False,True,True,False,0.0,-90.0,90.0,0.0,90.0,0.0,445.0,0.0,810.0,180.0,0.0,180.0,False,True,
1752,/kuka/axis_move/feedback_json,std_msgs/msg/String,2026-08-18T20:43:59.756815-04:00,1787100239,756799526,1787100239756799526,158.264901,,,,2865,2864,1,0,0,2865,CartesianTarget,1,False,True,True,False,0.0,-90.0,90.0,0.0,90.0,0.0,445.0,0.0,810.0,180.0,0.0,180.0,False,True,
1753,/kuka/axis_move/feedback_json,std_msgs/msg/String,2026-08-18T20:43:59.869910-04:00,1787100239,869901610,1787100239869901610,113.102084,,,,2866,2865,1,0,0,2866,CartesianTarget,1,False,True,True,False,0.0,-90.0,90.0,0.0,90.0,0.0,445.0,0.0,810.0,180.0,0.0,180.0,False,True,
1754,/kuka/axis_move/feedback_json,std_msgs/msg/String,2026-08-18T20:43:59.974009-04:00,1787100239,974001017,1787100239974001017,104.099407,,,,2867,2866,1,0,0,2867,CartesianTarget,1,False,True,True,False,0.0,-90.0,90.0,0.0,90.0,0.0,445.0,0.0,810.0,180.0,0.0,180.0,False,True,
1755,/kuka/axis_move/feedback_json,std_msgs/msg/String,2026-08-18T20:44:00.085495-04:00,1787100240,85489000,1787100240085489000,111.487983,,,,2868,2867,1,0,0,2868,CartesianTarget,1,False,True,True,False,0.0,-90.0,90.0,0.0,90.0,0.0,445.0,0.0,810.0,180.0,0.0,180.0,False,True,
1756,/kuka/axis_move/feedback_json,std_msgs/msg/String,2026-08-18T20:44:00.197463-04:00,1787100240,197447612,1787100240197447612,111.958612,,,,2869,2868,1,0,0,2869,CartesianTarget,1,False,True,True,False,0.0,-90.0,90.0,0.0,90.0,0.0,445.0,0.0,810.0,180.0,0.0,180.0,False,True,
1757,/kuka/axis_move/feedback_json,std_msgs/msg/String,2026-08-18T20:44:00.358878-04:00,1787100240,358863708,1787100240358863708,161.416096,,,,2870,2869,1,0,0,2870,CartesianTarget,1,False,True,True,False,0.0,-90.0,90.0,0.0,90.0,0.0,445.0,0.0,810.0,180.0,0.0,180.0,False,True,
1758,/kuka/axis_move/feedback_json,std_msgs/msg/String,2026-08-18T20:44:00.470317-04:00,1787100240,470305258,1787100240470305258,111.44155,,,,2871,2870,1,0,0,2871,CartesianTarget,1,False,True,True,False,0.0,-90.0,90.0,0.0,90.0,0.0,445.0,0.0,810.0,180.0,0.0,180.0,False,True,
1759,/kuka/axis_move/feedback_json,std_msgs/msg/String,2026-08-18T20:44:00.580389-04:00,1787100240,580376900,1787100240580376900,110.071642,,,,2872,2871,1,0,0,2872,CartesianTarget,1,False,True,True,False,0.0,-90.0,90.0,0.0,90.0,0.0,445.0,0.0,810.0,180.0,0.0,180.0,False,True,
1760,/kuka/axis_move/feedback_json,std_msgs/msg/String,2026-08-18T20:44:00.688236-04:00,1787100240,688226106,1787100240688226106,107.849206,,,,2873,2872,1,0,0,2873,CartesianTarget,1,False,True,True,False,0.0,-90.0,90.0,0.0,90.0,0.0,445.0,0.0,810.0,180.0,0.0,180.0,False,True,
1761,/kuka/axis_move/feedback_json,std_msgs/msg/String,2026-08-18T20:44:00.794475-04:00,1787100240,794461059,1787100240794461059,106.234953,,,,2874,2873,1,0,0,2874,CartesianTarget,1,False,True,True,False,0.0,-90.0,90.0,0.0,90.0,0.0,445.0,0.0,810.0,180.0,0.0,180.0,False,True,
1762,/kuka/axis_move/feedback_json,std_msgs/msg/String,2026-08-18T20:44:00.951247-04:00,1787100240,951239177,1787100240951239177,156.778118,,,,2875,2874,1,0,0,2875,CartesianTarget,1,False,True,True,False,0.0,-90.0,90.0,0.0,90.0,0.0,445.0,0.0,810.0,180.0,0.0,180.0,False,True,
1763,/kuka/axis_move/feedback_json,std_msgs/msg/String,2026-08-18T20:44:01.058572-04:00,1787100241,58565876,1787100241058565876,107.326699,,,,2876,2875,1,0,0,2876,CartesianTarget,1,False,True,True,False,0.0,-90.0,90.0,0.0,90.0,0.0,445.0,0.0,810.0,180.0,0.0,180.0,False,True,
1764,/kuka/axis_move/feedback_json,std_msgs/msg/String,2026-08-18T20:44:01.166536-04:00,1787100241,166505748,1787100241166505748,107.939872,,,,2877,2876,1,0,0,2877,CartesianTarget,1,False,True,True,False,0.0,-90.0,90.0,0.0,90.0,0.0,445.0,0.0,810.0,180.0,0.0,180.0,False,True,
1765,/kuka/axis_move/feedback_json,std_msgs/msg/String,2026-08-18T20:44:01.277295-04:00,1787100241,277289961,1787100241277289961,110.784213,,,,2878,2877,1,0,0,2878,CartesianTarget,1,False,True,True,False,0.0,-90.0,90.0,0.0,90.0,0.0,445.0,0.0,810.0,180.0,0.0,180.0,False,True,
1766,/kuka/axis_move/feedback_json,std_msgs/msg/String,2026-08-18T20:44:01.383566-04:00,1787100241,383558307,1787100241383558307,106.268346,,,,2879,2878,1,0,0,2879,CartesianTarget,1,False,True,True,False,0.0,-90.0,90.0,0.0,90.0,0.0,445.0,0.0,810.0,180.0,0.0,180.0,False,True,
1767,/kuka/axis_move/feedback_json,std_msgs/msg/String,2026-08-18T20:44:01.537864-04:00,1787100241,537858271,1787100241537858271,154.299964,,,,2880,2879,1,0,0,2880,CartesianTarget,1,False,True,True,False,0.0,-90.0,90.0,0.0,90.0,0.0,445.0,0.0,810.0,180.0,0.0,180.0,False,True,
1768,/kuka/axis_move/feedback_json,std_msgs/msg/String,2026-08-18T20:44:01.650662-04:00,1787100241,650645416,1787100241650645416,112.787145,,,,2881,2880,1,0,0,2881,CartesianTarget,1,False,True,True,False,0.0,-90.0,90.0,0.0,90.0,0.0,445.0,0.0,810.0,180.0,0.0,180.0,False,True,
1769,/kuka/axis_move/feedback_json,std_msgs/msg/String,2026-08-18T20:44:01.759068-04:00,1787100241,759046322,1787100241759046322,108.400906,,,,2882,2881,1,0,0,2882,CartesianTarget,1,False,True,True,False,0.0,-90.0,90.0,0.0,90.0,0.0,445.0,0.0,810.0,180.0,0.0,180.0,False,True,
1770,/kuka/axis_move/feedback_json,std_msgs/msg/String,2026-08-18T20:44:01.873723-04:00,1787100241,873706327,1787100241873706327,114.660005,,,,2883,2882,1,0,0,2883,CartesianTarget,1,False,True,True,False,0.0,-90.0,90.0,0.0,90.0,0.0,445.0,0.0,810.0,180.0,0.0,180.0,False,True,
1771,/kuka/axis_move/feedback_json,std_msgs/msg/String,2026-08-18T20:44:01.985483-04:00,1787100241,985467182,1787100241985467182,111.760855,,,,2884,2883,1,0,0,2884,CartesianTarget,1,False,True,True,False,0.0,-90.0,90.0,0.0,90.0,0.0,445.0,0.0,810.0,180.0,0.0,180.0,False,True,
1772,/kuka/axis_move/feedback_json,std_msgs/msg/String,2026-08-18T20:44:02.149117-04:00,1787100242,149103240,1787100242149103240,163.636058,,,,2885,2884,1,0,0,2885,CartesianTarget,1,False,True,True,False,0.0,-90.0,90.0,0.0,90.0,0.0,445.0,0.0,810.0,180.0,0.0,180.0,False,True,
1773,/kuka/axis_move/feedback_json,std_msgs/msg/String,2026-08-18T20:44:02.257921-04:00,1787100242,257902236,1787100242257902236,108.798996,,,,2886,2885,1,0,0,2886,CartesianTarget,1,False,True,True,False,0.0,-90.0,90.0,0.0,90.0,0.0,445.0,0.0,810.0,180.0,0.0,180.0,False,True,
1774,/kuka/axis_move/feedback_json,std_msgs/msg/String,2026-08-18T20:44:02.369106-04:00,1787100242,369096899,1787100242369096899,111.194663,,,,2887,2886,1,0,0,2887,CartesianTarget,1,False,True,True,False,0.0,-90.0,90.0,0.0,90.0,0.0,445.0,0.0,810.0,180.0,0.0,180.0,False,True,
1775,/kuka/axis_move/feedback_json,std_msgs/msg/String,2026-08-18T20:44:02.479711-04:00,1787100242,479696578,1787100242479696578,110.599679,,,,2888,2887,1,0,0,2888,CartesianTarget,1,False,True,True,False,0.0,-90.0,90.0,0.0,90.0,0.0,445.0,0.0,810.0,180.0,0.0,180.0,False,True,
1776,/kuka/axis_move/feedback_json,std_msgs/msg/String,2026-08-18T20:44:02.586128-04:00,1787100242,586113963,1787100242586113963,106.417385,,,,2889,2888,1,0,0,2889,CartesianTarget,1,False,True,True,False,0.0,-90.0,90.0,0.0,90.0,0.0,445.0,0.0,810.0,180.0,0.0,180.0,False,True,
1777,/kuka/axis_move/feedback_json,std_msgs/msg/String,2026-08-18T20:44:02.749939-04:00,1787100242,749931052,1787100242749931052,163.817089,,,,2890,2889,1,0,0,2890,CartesianTarget,1,False,True,True,False,0.0,-90.0,90.0,0.0,90.0,0.0,445.0,0.0,810.0,180.0,0.0,180.0,False,True,
1778,/kuka/axis_move/feedback_json,std_msgs/msg/String,2026-08-18T20:44:02.856740-04:00,1787100242,856732727,1787100242856732727,106.801675,,,,2891,2890,1,0,0,2891,CartesianTarget,1,False,True,True,False,0.0,-90.0,90.0,0.0,90.0,0.0,445.0,0.0,810.0,180.0,0.0,180.0,False,True,
1779,/kuka/axis_move/feedback_json,std_msgs/msg/String,2026-08-18T20:44:02.965400-04:00,1787100242,965394956,1787100242965394956,108.662229,,,,2892,2891,1,0,0,2892,CartesianTarget,1,False,True,True,False,0.0,-90.0,90.0,0.0,90.0,0.0,445.0,0.0,810.0,180.0,0.0,180.0,False,True,
1780,/kuka/axis_move/feedback_json,std_msgs/msg/String,2026-08-18T20:44:03.073179-04:00,1787100243,73172840,1787100243073172840,107.777884,,,,2893,2892,1,0,0,2893,CartesianTarget,1,False,True,True,False,0.0,-90.0,90.0,0.0,90.0,0.0,445.0,0.0,810.0,180.0,0.0,180.0,False,True,
1781,/kuka/axis_move/feedback_json,std_msgs/msg/String,2026-08-18T20:44:03.185097-04:00,1787100243,185087344,1787100243185087344,111.914504,,,,2894,2893,1,0,0,2894,CartesianTarget,1,False,True,True,False,0.0,-90.0,90.0,0.0,90.0,0.0,445.0,0.0,810.0,180.0,0.0,180.0,False,True,
1782,/kuka/axis_move/feedback_json,std_msgs/msg/String,2026-08-18T20:44:03.339124-04:00,1787100243,339113900,1787100243339113900,154.026556,,,,2895,2894,1,0,0,2895,CartesianTarget,1,False,True,True,False,0.0,-90.0,90.0,0.0,90.0,0.0,445.0,0.0,810.0,180.0,0.0,180.0,False,True,
1783,/kuka/axis_move/feedback_json,std_msgs/msg/String,2026-08-18T20:44:03.445357-04:00,1787100243,445345776,1787100243445345776,106.231876,,,,2896,2895,1,0,0,2896,CartesianTarget,1,False,True,True,False,0.0,-90.0,90.0,0.0,90.0,0.0,445.0,0.0,810.0,180.0,0.0,180.0,False,True,
1784,/kuka/axis_move/feedback_json,std_msgs/msg/String,2026-08-18T20:44:03.553819-04:00,1787100243,553812595,1787100243553812595,108.466819,,,,2897,2896,1,0,0,2897,CartesianTarget,1,False,True,True,False,0.0,-90.0,90.0,0.0,90.0,0.0,445.0,0.0,810.0,180.0,0.0,180.0,False,True,
1785,/kuka/axis_move/feedback_json,std_msgs/msg/String,2026-08-18T20:44:03.660765-04:00,1787100243,660752028,1787100243660752028,106.939433,,,,2898,2897,1,0,0,2898,CartesianTarget,1,False,True,True,False,0.0,-90.0,90.0,0.0,90.0,0.0,445.0,0.0,810.0,180.0,0.0,180.0,False,True,
1786,/kuka/axis_move/feedback_json,std_msgs/msg/String,2026-08-18T20:44:03.768422-04:00,1787100243,768410757,1787100243768410757,107.658729,,,,2899,2898,1,0,0,2899,CartesianTarget,1,False,True,True,False,0.0,-90.0,90.0,0.0,90.0,0.0,445.0,0.0,810.0,180.0,0.0,180.0,False,True,
1787,/kuka/axis_move/feedback_json,std_msgs/msg/String,2026-08-18T20:44:03.926069-04:00,1787100243,926057662,1787100243926057662,157.646905,,,,2900,2899,1,0,0,2900,CartesianTarget,1,False,True,True,False,0.0,-90.0,90.0,0.0,90.0,0.0,445.0,0.0,810.0,180.0,0.0,180.0,False,True,
1788,/kuka/axis_move/feedback_json,std_msgs/msg/String,2026-08-18T20:44:04.036481-04:00,1787100244,36475908,1787100244036475908,110.418246,,,,2901,2900,1,0,0,2901,CartesianTarget,1,False,True,True,False,0.0,-90.0,90.0,0.0,90.0,0.0,445.0,0.0,810.0,180.0,0.0,180.0,False,True,
1789,/kuka/axis_move/feedback_json,std_msgs/msg/String,2026-08-18T20:44:04.145653-04:00,1787100244,145641204,1787100244145641204,109.165296,,,,2902,2901,1,0,0,2902,CartesianTarget,1,False,True,True,False,0.0,-90.0,90.0,0.0,90.0,0.0,445.0,0.0,810.0,180.0,0.0,180.0,False,True,
1790,/kuka/axis_move/feedback_json,std_msgs/msg/String,2026-08-18T20:44:04.257927-04:00,1787100244,257921554,1787100244257921554,112.28035,,,,2903,2902,1,0,0,2903,CartesianTarget,1,False,True,True,False,0.0,-90.0,90.0,0.0,90.0,0.0,445.0,0.0,810.0,180.0,0.0,180.0,False,True,
1791,/kuka/axis_move/feedback_json,std_msgs/msg/String,2026-08-18T20:44:04.369742-04:00,1787100244,369735827,1787100244369735827,111.814273,,,,2904,2903,1,0,0,2904,CartesianTarget,1,False,True,True,False,0.0,-90.0,90.0,0.0,90.0,0.0,445.0,0.0,810.0,180.0,0.0,180.0,False,True,
1792,/kuka/axis_move/feedback_json,std_msgs/msg/String,2026-08-18T20:44:04.527357-04:00,1787100244,527347649,1787100244527347649,157.611822,,,,2905,2904,1,0,0,2905,CartesianTarget,1,False,True,True,False,0.0,-90.0,90.0,0.0,90.0,0.0,445.0,0.0,810.0,180.0,0.0,180.0,False,True,
1793,/kuka/axis_move/feedback_json,std_msgs/msg/String,2026-08-18T20:44:04.637862-04:00,1787100244,637853896,1787100244637853896,110.506247,,,,2906,2905,1,0,0,2906,CartesianTarget,1,False,True,True,False,0.0,-90.0,90.0,0.0,90.0,0.0,445.0,0.0,810.0,180.0,0.0,180.0,False,True,
1794,/kuka/axis_move/feedback_json,std_msgs/msg/String,2026-08-18T20:44:04.748903-04:00,1787100244,748882666,1787100244748882666,111.02877,,,,2907,2906,1,0,0,2907,CartesianTarget,1,False,True,True,False,0.0,-90.0,90.0,0.0,90.0,0.0,445.0,0.0,810.0,180.0,0.0,180.0,False,True,
1795,/kuka/axis_move/feedback_json,std_msgs/msg/String,2026-08-18T20:44:04.857527-04:00,1787100244,857501766,1787100244857501766,108.6191,,,,2908,2907,1,0,0,2908,CartesianTarget,1,False,True,True,False,0.0,-90.0,90.0,0.0,90.0,0.0,445.0,0.0,810.0,180.0,0.0,180.0,False,True,
1796,/kuka/axis_move/feedback_json,std_msgs/msg/String,2026-08-18T20:44:04.967635-04:00,1787100244,967625017,1787100244967625017,110.123251,,,,2909,2908,1,0,0,2909,CartesianTarget,1,False,True,True,False,0.0,-90.0,90.0,0.0,90.0,0.0,445.0,0.0,810.0,180.0,0.0,180.0,False,True,
1797,/kuka/axis_move/feedback_json,std_msgs/msg/String,2026-08-18T20:44:05.124030-04:00,1787100245,124024460,1787100245124024460,156.399443,,,,2910,2909,1,0,0,2910,CartesianTarget,1,False,True,True,False,0.0,-90.0,90.0,0.0,90.0,0.0,445.0,0.0,810.0,180.0,0.0,180.0,False,True,
1798,/kuka/axis_move/feedback_json,std_msgs/msg/String,2026-08-18T20:44:05.231714-04:00,1787100245,231696633,1787100245231696633,107.672173,,,,2911,2910,1,0,0,2911,CartesianTarget,1,False,True,True,False,0.0,-90.0,90.0,0.0,90.0,0.0,445.0,0.0,810.0,180.0,0.0,180.0,False,True,
1799,/kuka/axis_move/feedback_json,std_msgs/msg/String,2026-08-18T20:44:05.341987-04:00,1787100245,341980916,1787100245341980916,110.284283,,,,2912,2911,1,0,0,2912,CartesianTarget,1,False,True,True,False,0.0,-90.0,90.0,0.0,90.0,0.0,445.0,0.0,810.0,180.0,0.0,180.0,False,True,
1800,/kuka/axis_move/feedback_json,std_msgs/msg/String,2026-08-18T20:44:05.449185-04:00,1787100245,449174983,1787100245449174983,107.194067,,,,2913,2912,1,0,0,2913,CartesianTarget,1,False,True,True,False,0.0,-90.0,90.0,0.0,90.0,0.0,445.0,0.0,810.0,180.0,0.0,180.0,False,True,
1801,/kuka/axis_move/feedback_json,std_msgs/msg/String,2026-08-18T20:44:05.556279-04:00,1787100245,556268409,1787100245556268409,107.093426,,,,2914,2913,1,0,0,2914,CartesianTarget,1,False,True,True,False,0.0,-90.0,90.0,0.0,90.0,0.0,445.0,0.0,810.0,180.0,0.0,180.0,False,True,
1802,/kuka/axis_move/feedback_json,std_msgs/msg/String,2026-08-18T20:44:05.712780-04:00,1787100245,712768673,1787100245712768673,156.500264,,,,2915,2914,1,0,0,2915,CartesianTarget,1,False,True,True,False,0.0,-90.0,90.0,0.0,90.0,0.0,445.0,0.0,810.0,180.0,0.0,180.0,False,True,
1803,/kuka/axis_move/feedback_json,std_msgs/msg/String,2026-08-18T20:44:05.823163-04:00,1787100245,823156899,1787100245823156899,110.388226,,,,2916,2915,1,0,0,2916,CartesianTarget,1,False,True,True,False,0.0,-90.0,90.0,0.0,90.0,0.0,445.0,0.0,810.0,180.0,0.0,180.0,False,True,
1804,/kuka/axis_move/feedback_json,std_msgs/msg/String,2026-08-18T20:44:05.926236-04:00,1787100245,926225781,1787100245926225781,103.068882,,,,2917,2916,1,0,0,2917,CartesianTarget,1,False,True,True,False,0.0,-90.0,90.0,0.0,90.0,0.0,445.0,0.0,810.0,180.0,0.0,180.0,False,True,
1805,/kuka/axis_move/feedback_json,std_msgs/msg/String,2026-08-18T20:44:06.033923-04:00,1787100246,33912199,1787100246033912199,107.686418,,,,2918,2917,1,0,0,2918,CartesianTarget,1,False,True,True,False,0.0,-90.0,90.0,0.0,90.0,0.0,445.0,0.0,810.0,180.0,0.0,180.0,False,True,
1806,/kuka/axis_move/feedback_json,std_msgs/msg/String,2026-08-18T20:44:06.141201-04:00,1787100246,141195196,1787100246141195196,107.282997,,,,2919,2918,1,0,0,2919,CartesianTarget,1,False,True,True,False,0.0,-90.0,90.0,0.0,90.0,0.0,445.0,0.0,810.0,180.0,0.0,180.0,False,True,
1807,/kuka/axis_move/feedback_json,std_msgs/msg/String,2026-08-18T20:44:06.301688-04:00,1787100246,301680677,1787100246301680677,160.485481,,,,2920,2919,1,0,0,2920,CartesianTarget,1,False,True,True,False,0.0,-90.0,90.0,0.0,90.0,0.0,445.0,0.0,810.0,180.0,0.0,180.0,False,True,
1808,/kuka/axis_move/feedback_json,std_msgs/msg/String,2026-08-18T20:44:06.414065-04:00,1787100246,414054682,1787100246414054682,112.374005,,,,2921,2920,1,0,0,2921,CartesianTarget,1,False,True,True,False,0.0,-90.0,90.0,0.0,90.0,0.0,445.0,0.0,810.0,180.0,0.0,180.0,False,True,
1809,/kuka/axis_move/feedback_json,std_msgs/msg/String,2026-08-18T20:44:06.524725-04:00,1787100246,524720019,1787100246524720019,110.665337,,,,2922,2921,1,0,0,2922,CartesianTarget,1,False,True,True,False,0.0,-90.0,90.0,0.0,90.0,0.0,445.0,0.0,810.0,180.0,0.0,180.0,False,True,
1810,/kuka/axis_move/feedback_json,std_msgs/msg/String,2026-08-18T20:44:06.634241-04:00,1787100246,634223669,1787100246634223669,109.50365,,,,2923,2922,1,0,0,2923,CartesianTarget,1,False,True,True,False,0.0,-90.0,90.0,0.0,90.0,0.0,445.0,0.0,810.0,180.0,0.0,180.0,False,True,
1811,/kuka/axis_move/feedback_json,std_msgs/msg/String,2026-08-18T20:44:06.744735-04:00,1787100246,744726437,1787100246744726437,110.502768,,,,2924,2923,1,0,0,2924,CartesianTarget,1,False,True,True,False,0.0,-90.0,90.0,0.0,90.0,0.0,445.0,0.0,810.0,180.0,0.0,180.0,False,True,
1812,/kuka/axis_move/feedback_json,std_msgs/msg/String,2026-08-18T20:44:06.904933-04:00,1787100246,904925996,1787100246904925996,160.199559,,,,2925,2924,1,0,0,2925,CartesianTarget,1,False,True,True,False,0.0,-90.0,90.0,0.0,90.0,0.0,445.0,0.0,810.0,180.0,0.0,180.0,False,True,
1813,/kuka/axis_move/feedback_json,std_msgs/msg/String,2026-08-18T20:44:07.018426-04:00,1787100247,18415470,1787100247018415470,113.489474,,,,2926,2925,1,0,0,2926,CartesianTarget,1,False,True,True,False,0.0,-90.0,90.0,0.0,90.0,0.0,445.0,0.0,810.0,180.0,0.0,180.0,False,True,
1814,/kuka/axis_move/feedback_json,std_msgs/msg/String,2026-08-18T20:44:07.125831-04:00,1787100247,125819764,1787100247125819764,107.404294,,,,2927,2926,1,0,0,2927,CartesianTarget,1,False,True,True,False,0.0,-90.0,90.0,0.0,90.0,0.0,445.0,0.0,810.0,180.0,0.0,180.0,False,True,
1815,/kuka/axis_move/feedback_json,std_msgs/msg/String,2026-08-18T20:44:07.236426-04:00,1787100247,236419859,1787100247236419859,110.600095,,,,2928,2927,1,0,0,2928,CartesianTarget,1,False,True,True,False,0.0,-90.0,90.0,0.0,90.0,0.0,445.0,0.0,810.0,180.0,0.0,180.0,False,True,
1816,/kuka/axis_move/feedback_json,std_msgs/msg/String,2026-08-18T20:44:07.344202-04:00,1787100247,344197338,1787100247344197338,107.777479,,,,2929,2928,1,0,0,2929,CartesianTarget,1,False,True,True,False,0.0,-90.0,90.0,0.0,90.0,0.0,445.0,0.0,810.0,180.0,0.0,180.0,False,True,
1817,/kuka/axis_move/feedback_json,std_msgs/msg/String,2026-08-18T20:44:07.502974-04:00,1787100247,502963120,1787100247502963120,158.765782,,,,2930,2929,1,0,0,2930,CartesianTarget,1,False,True,True,False,0.0,-90.0,90.0,0.0,90.0,0.0,445.0,0.0,810.0,180.0,0.0,180.0,False,True,
1818,/kuka/axis_move/feedback_json,std_msgs/msg/String,2026-08-18T20:44:07.613912-04:00,1787100247,613893854,1787100247613893854,110.930734,,,,2931,2930,1,0,0,2931,CartesianTarget,1,False,True,True,False,0.0,-90.0,90.0,0.0,90.0,0.0,445.0,0.0,810.0,180.0,0.0,180.0,False,True,
1819,/kuka/axis_move/feedback_json,std_msgs/msg/String,2026-08-18T20:44:07.723746-04:00,1787100247,723723750,1787100247723723750,109.829896,,,,2932,2931,1,0,0,2932,CartesianTarget,1,False,True,True,False,0.0,-90.0,90.0,0.0,90.0,0.0,445.0,0.0,810.0,180.0,0.0,180.0,False,True,
1820,/kuka/axis_move/feedback_json,std_msgs/msg/String,2026-08-18T20:44:07.831421-04:00,1787100247,831413084,1787100247831413084,107.689334,,,,2933,2932,1,0,0,2933,CartesianTarget,1,False,True,True,False,0.0,-90.0,90.0,0.0,90.0,0.0,445.0,0.0,810.0,180.0,0.0,180.0,False,True,
1821,/kuka/axis_move/feedback_json,std_msgs/msg/String,2026-08-18T20:44:07.938831-04:00,1787100247,938825400,1787100247938825400,107.412316,,,,2934,2933,1,0,0,2934,CartesianTarget,1,False,True,True,False,0.0,-90.0,90.0,0.0,90.0,0.0,445.0,0.0,810.0,180.0,0.0,180.0,False,True,
1822,/kuka/axis_move/feedback_json,std_msgs/msg/String,2026-08-18T20:44:08.101395-04:00,1787100248,101385331,1787100248101385331,162.559931,,,,2935,2934,1,0,0,2935,CartesianTarget,1,False,True,True,False,0.0,-90.0,90.0,0.0,90.0,0.0,445.0,0.0,810.0,180.0,0.0,180.0,False,True,
1823,/kuka/axis_move/feedback_json,std_msgs/msg/String,2026-08-18T20:44:08.208728-04:00,1787100248,208718886,1787100248208718886,107.333555,,,,2936,2935,1,0,0,2936,CartesianTarget,1,False,True,True,False,0.0,-90.0,90.0,0.0,90.0,0.0,445.0,0.0,810.0,180.0,0.0,180.0,False,True,
1824,/kuka/axis_move/feedback_json,std_msgs/msg/String,2026-08-18T20:44:08.318315-04:00,1787100248,318309504,1787100248318309504,109.590618,,,,2937,2936,1,0,0,2937,CartesianTarget,1,False,True,True,False,0.0,-90.0,90.0,0.0,90.0,0.0,445.0,0.0,810.0,180.0,0.0,180.0,False,True,
1825,/kuka/axis_move/feedback_json,std_msgs/msg/String,2026-08-18T20:44:08.431861-04:00,1787100248,431850137,1787100248431850137,113.540633,,,,2938,2937,1,0,0,2938,CartesianTarget,1,False,True,True,False,0.0,-90.0,90.0,0.0,90.0,0.0,445.0,0.0,810.0,180.0,0.0,180.0,False,True,
1826,/kuka/axis_move/feedback_json,std_msgs/msg/String,2026-08-18T20:44:08.541831-04:00,1787100248,541803010,1787100248541803010,109.952873,,,,2939,2938,1,0,0,2939,CartesianTarget,1,False,True,True,False,0.0,-90.0,90.0,0.0,90.0,0.0,445.0,0.0,810.0,180.0,0.0,180.0,False,True,
1827,/kuka/axis_move/feedback_json,std_msgs/msg/String,2026-08-18T20:44:08.698305-04:00,1787100248,698296586,1787100248698296586,156.493576,,,,2940,2939,1,0,0,2940,CartesianTarget,1,False,True,True,False,0.0,-90.0,90.0,0.0,90.0,0.0,445.0,0.0,810.0,180.0,0.0,180.0,False,True,
1828,/kuka/axis_move/feedback_json,std_msgs/msg/String,2026-08-18T20:44:08.811240-04:00,1787100248,811229828,1787100248811229828,112.933242,,,,2941,2940,1,0,0,2941,CartesianTarget,1,True,True,True,False,0.0,-89.999504,89.999237,0.0,90.000069,0.0,445.025269,0.0,810.001282,180.0,0.0,180.0,False,True,
1829,/kuka/axis_move/feedback_json,std_msgs/msg/String,2026-08-18T20:44:08.989516-04:00,1787100248,989509510,1787100248989509510,178.279682,,,,2942,2941,1,0,0,2942,CartesianTarget,1,True,True,True,False,0.0,-89.852669,89.840614,0.0,90.005997,0.0,446.437042,0.0,810.048828,180.0,0.0,180.0,False,True,
1830,/kuka/axis_move/feedback_json,std_msgs/msg/String,2026-08-18T20:44:09.158764-04:00,1787100249,158754072,1787100249158754072,169.244562,,,,2943,2942,1,0,0,2943,CartesianTarget,1,True,True,True,False,0.0,-89.444717,89.411835,0.0,90.021255,0.0,449.904572,0.0,810.140747,180.0,0.0,180.0,False,True,
1831,/kuka/axis_move/feedback_json,std_msgs/msg/String,2026-08-18T20:44:09.335604-04:00,1787100249,335595975,1787100249335595975,176.841903,,,,2944,2943,1,0,0,2944,CartesianTarget,1,True,True,True,False,0.0,-88.765182,88.701836,0.0,90.046242,0.0,455.518677,0.0,810.229492,180.0,0.0,180.0,False,True,
1832,/kuka/axis_move/feedback_json,std_msgs/msg/String,2026-08-18T20:44:09.516755-04:00,1787100249,516749404,1787100249516749404,181.153429,,,,2945,2944,1,0,0,2945,CartesianTarget,1,True,True,True,False,0.0,-87.861084,87.764534,0.0,90.078697,0.0,462.686584,0.0,810.239075,180.0,0.0,180.0,False,True,
1833,/kuka/axis_move/feedback_json,std_msgs/msg/String,2026-08-18T20:44:09.696181-04:00,1787100249,696158570,1787100249696158570,179.409166,,,,2946,2945,1,0,0,2946,CartesianTarget,1,True,True,True,False,0.0,-87.09066,86.971779,0.0,90.105751,0.0,468.579376,0.0,810.163452,180.0,0.0,180.0,False,True,
1834,/kuka/axis_move/feedback_json,std_msgs/msg/String,2026-08-18T20:44:09.810251-04:00,1787100249,810239063,1787100249810239063,114.080493,,,,2947,2946,1,0,0,2947,CartesianTarget,1,True,True,True,False,0.0,-86.737602,86.609344,0.0,90.118065,0.0,471.245789,0.0,810.102905,180.0,0.0,180.0,False,True,
1835,/kuka/axis_move/feedback_json,std_msgs/msg/String,2026-08-18T20:44:09.981642-04:00,1787100249,981634420,1787100249981634420,171.395357,,,,2948,2947,1,0,0,2948,CartesianTarget,1,True,True,True,False,0.0,-86.363228,86.226784,0.0,90.130936,0.0,474.005127,0.0,810.029358,180.0,0.0,180.0,False,True,
1836,/kuka/axis_move/feedback_json,std_msgs/msg/String,2026-08-18T20:44:10.157161-04:00,1787100250,157146787,1787100250157146787,175.512367,,,,2949,2948,1,0,0,2949,CartesianTarget,1,True,True,True,False,0.0,-86.213966,86.077377,0.0,90.135765,0.0,474.990326,0.0,810.000183,180.0,0.0,180.0,False,True,
1837,/kuka/axis_move/feedback_json,std_msgs/msg/String,2026-08-18T20:44:10.345396-04:00,1787100250,345378761,1787100250345378761,188.231974,,,,2950,2949,1,0,0,2950,CartesianTarget,1,True,True,True,True,0.0,-86.208893,86.073051,0.0,90.135841,0.0,475.0,0.0,810.0,180.0,0.0,180.0,False,True,
1838,/kuka/axis_move/feedback_json,std_msgs/msg/String,2026-08-18T20:44:10.514034-04:00,1787100250,514026617,1787100250514026617,168.647856,,,,2951,2950,1,0,0,2951,CartesianTarget,1,True,True,True,False,0.0,-86.208893,86.073051,0.0,90.135841,0.0,475.0,0.0,810.0,180.0,0.0,180.0,False,True,
1839,/kuka/axis_move/feedback_json,std_msgs/msg/String,2026-08-18T20:44:10.621669-04:00,1787100250,621652451,1787100250621652451,107.625834,,,,2952,2951,1,0,0,2952,CartesianTarget,1,True,True,True,False,0.0,-86.208893,86.073051,0.0,90.135841,0.0,475.0,0.0,810.0,180.0,0.0,180.0,False,True,
1840,/kuka/axis_move/feedback_json,std_msgs/msg/String,2026-08-18T20:44:10.797490-04:00,1787100250,797471258,1787100250797471258,175.818807,,,,2953,2952,1,0,0,2953,CartesianTarget,1,True,True,True,True,0.0,-86.208893,86.073051,0.0,90.135841,0.0,475.0,0.0,810.0,180.0,0.0,180.0,False,True,
1841,/kuka/axis_move/feedback_json,std_msgs/msg/String,2026-08-18T20:44:10.956778-04:00,1787100250,956766024,1787100250956766024,159.294766,,,,2954,2953,1,0,0,2954,CartesianTarget,1,True,True,True,False,0.0,-86.208893,86.073051,0.0,90.135841,0.0,475.0,0.0,810.0,180.0,0.0,180.0,False,True,
1842,/kuka/axis_move/feedback_json,std_msgs/msg/String,2026-08-18T20:44:11.140886-04:00,1787100251,140875553,1787100251140875553,184.109529,,,,2955,2954,1,0,0,2955,CartesianTarget,1,True,True,True,True,0.0,-86.208893,86.073051,0.0,90.135841,0.0,475.0,0.0,810.0,180.0,0.0,180.0,False,True,
1843,/kuka/axis_move/feedback_json,std_msgs/msg/String,2026-08-18T20:44:11.310533-04:00,1787100251,310520117,1787100251310520117,169.644564,,,,2956,2955,1,0,0,2956,CartesianTarget,1,True,True,True,False,0.0,-86.208893,86.073051,0.0,90.135841,0.0,475.0,0.0,810.0,180.0,0.0,180.0,False,True,
1844,/kuka/axis_move/feedback_json,std_msgs/msg/String,2026-08-18T20:44:11.421198-04:00,1787100251,421191564,1787100251421191564,110.671447,,,,2957,2956,1,0,0,2957,CartesianTarget,1,True,True,True,False,0.0,-86.208893,86.073051,0.0,90.135841,0.0,475.0,0.0,810.0,180.0,0.0,180.0,False,True,
1845,/kuka/axis_move/feedback_json,std_msgs/msg/String,2026-08-18T20:44:11.601195-04:00,1787100251,601189823,1787100251601189823,179.998259,,,,2958,2957,1,0,0,2958,CartesianTarget,1,True,True,True,True,0.0,-86.208893,86.073051,0.0,90.135841,0.0,475.0,0.0,810.0,180.0,0.0,180.0,False,True,
1846,/kuka/axis_move/feedback_json,std_msgs/msg/String,2026-08-18T20:44:11.768687-04:00,1787100251,768675603,1787100251768675603,167.48578,,,,2959,2958,1,0,0,2959,CartesianTarget,1,True,True,True,False,0.0,-86.208893,86.073051,0.0,90.135841,0.0,475.0,0.0,810.0,180.0,0.0,180.0,False,True,
1847,/kuka/axis_move/feedback_json,std_msgs/msg/String,2026-08-18T20:44:11.879931-04:00,1787100251,879920572,1787100251879920572,111.244969,,,,2960,2959,1,0,0,2960,CartesianTarget,1,True,True,True,False,0.0,-86.208893,86.073051,0.0,90.135841,0.0,475.0,0.0,810.0,180.0,0.0,180.0,False,True,
1848,/kuka/axis_move/feedback_json,std_msgs/msg/String,2026-08-18T20:44:11.993588-04:00,1787100251,993575474,1787100251993575474,113.654902,,,,2961,2960,1,0,0,2961,CartesianTarget,1,True,True,True,True,0.0,-86.208893,86.073051,0.0,90.135841,0.0,475.0,0.0,810.0,180.0,0.0,180.0,False,True,
1849,/kuka/axis_move/feedback_json,std_msgs/msg/String,2026-08-18T20:44:12.105039-04:00,1787100252,105028842,1787100252105028842,111.453368,,,,2962,2961,1,0,0,2962,CartesianTarget,1,False,True,True,False,0.0,-86.208893,86.073051,0.0,90.135841,0.0,475.0,0.0,810.0,180.0,0.0,180.0,False,True,
1850,/kuka/axis_move/feedback_json,std_msgs/msg/String,2026-08-18T20:44:12.272367-04:00,1787100252,272356430,1787100252272356430,167.327588,,,,2963,2962,1,0,0,2963,CartesianTarget,1,False,True,True,False,0.0,-86.208893,86.073051,0.0,90.135841,0.0,475.0,0.0,810.0,180.0,0.0,180.0,False,True,
1851,/kuka/axis_move/feedback_json,std_msgs/msg/String,2026-08-18T20:44:12.377722-04:00,1787100252,377709377,1787100252377709377,105.352947,,,,2964,2963,1,0,0,2964,CartesianTarget,1,False,True,True,False,0.0,-86.208893,86.073051,0.0,90.135841,0.0,475.0,0.0,810.0,180.0,0.0,180.0,False,True,
1852,/kuka/axis_move/feedback_json,std_msgs/msg/String,2026-08-18T20:44:12.492673-04:00,1787100252,492662800,1787100252492662800,114.953423,,,,2965,2964,1,0,0,2965,CartesianTarget,1,False,True,True,False,0.0,-86.208893,86.073051,0.0,90.135841,0.0,475.0,0.0,810.0,180.0,0.0,180.0,False,True,
1853,/kuka/axis_move/feedback_json,std_msgs/msg/String,2026-08-18T20:44:12.601019-04:00,1787100252,601007959,1787100252601007959,108.345159,,,,2966,2965,1,0,0,2966,CartesianTarget,1,False,True,True,False,0.0,-86.208893,86.073051,0.0,90.135841,0.0,475.0,0.0,810.0,180.0,0.0,180.0,False,True,
1854,/kuka/axis_move/feedback_json,std_msgs/msg/String,2026-08-18T20:44:12.714080-04:00,1787100252,714069424,1787100252714069424,113.061465,,,,2967,2966,1,0,0,2967,CartesianTarget,1,False,True,True,False,0.0,-86.208893,86.073051,0.0,90.135841,0.0,475.0,0.0,810.0,180.0,0.0,180.0,False,True,
1855,/kuka/axis_move/feedback_json,std_msgs/msg/String,2026-08-18T20:44:12.878656-04:00,1787100252,878645491,1787100252878645491,164.576067,,,,2968,2967,1,0,0,2968,CartesianTarget,1,False,True,True,False,0.0,-86.208893,86.073051,0.0,90.135841,0.0,475.0,0.0,810.0,180.0,0.0,180.0,False,True,
1856,/kuka/axis_move/feedback_json,std_msgs/msg/String,2026-08-18T20:44:12.989582-04:00,1787100252,989558267,1787100252989558267,110.912776,,,,2969,2968,1,0,0,2969,CartesianTarget,1,False,True,True,False,0.0,-86.208893,86.073051,0.0,90.135841,0.0,475.0,0.0,810.0,180.0,0.0,180.0,False,True,
1857,/kuka/axis_move/feedback_json,std_msgs/msg/String,2026-08-18T20:44:13.099391-04:00,1787100253,99375168,1787100253099375168,109.816901,,,,2970,2969,1,0,0,2970,CartesianTarget,1,False,True,True,False,0.0,-86.208893,86.073051,0.0,90.135841,0.0,475.0,0.0,810.0,180.0,0.0,180.0,False,True,
1858,/kuka/axis_move/feedback_json,std_msgs/msg/String,2026-08-18T20:44:13.213380-04:00,1787100253,213373128,1787100253213373128,113.99796,,,,2971,2970,1,0,0,2971,CartesianTarget,1,False,True,True,False,0.0,-86.208893,86.073051,0.0,90.135841,0.0,475.0,0.0,810.0,180.0,0.0,180.0,False,True,
1859,/kuka/axis_move/feedback_json,std_msgs/msg/String,2026-08-18T20:44:13.321716-04:00,1787100253,321711142,1787100253321711142,108.338014,,,,2972,2971,1,0,0,2972,CartesianTarget,1,False,True,True,False,0.0,-86.208893,86.073051,0.0,90.135841,0.0,475.0,0.0,810.0,180.0,0.0,180.0,False,True,
1860,/kuka/axis_move/feedback_json,std_msgs/msg/String,2026-08-18T20:44:13.488720-04:00,1787100253,488702360,1787100253488702360,166.991218,,,,2973,2972,1,0,0,2973,CartesianTarget,1,False,True,True,False,0.0,-86.208893,86.073051,0.0,90.135841,0.0,475.0,0.0,810.0,180.0,0.0,180.0,False,True,
1861,/kuka/axis_move/feedback_json,std_msgs/msg/String,2026-08-18T20:44:13.601278-04:00,1787100253,601271792,1787100253601271792,112.569432,,,,2974,2973,1,0,0,2974,CartesianTarget,1,False,True,True,False,0.0,-86.208893,86.073051,0.0,90.135841,0.0,475.0,0.0,810.0,180.0,0.0,180.0,False,True,
1862,/kuka/axis_move/feedback_json,std_msgs/msg/String,2026-08-18T20:44:13.716622-04:00,1787100253,716612014,1787100253716612014,115.340222,,,,2975,2974,1,0,0,2975,CartesianTarget,1,False,True,True,False,0.0,-86.208893,86.073051,0.0,90.135841,0.0,475.0,0.0,810.0,180.0,0.0,180.0,False,True,
1863,/kuka/axis_move/feedback_json,std_msgs/msg/String,2026-08-18T20:44:13.825781-04:00,1787100253,825772477,1787100253825772477,109.160463,,,,2976,2975,1,0,0,2976,CartesianTarget,1,False,True,True,False,0.0,-86.208893,86.073051,0.0,90.135841,0.0,475.0,0.0,810.0,180.0,0.0,180.0,False,True,
1864,/kuka/axis_move/feedback_json,std_msgs/msg/String,2026-08-18T20:44:13.987230-04:00,1787100253,987224410,1787100253987224410,161.451933,,,,2977,2976,1,0,0,2977,CartesianTarget,1,False,True,True,False,0.0,-86.208893,86.073051,0.0,90.135841,0.0,475.0,0.0,810.0,180.0,0.0,180.0,False,True,
1865,/kuka/axis_move/feedback_json,std_msgs/msg/String,2026-08-18T20:44:14.096420-04:00,1787100254,96408717,1787100254096408717,109.184307,,,,2978,2977,1,0,0,2978,CartesianTarget,1,False,True,True,False,0.0,-86.208893,86.073051,0.0,90.135841,0.0,475.0,0.0,810.0,180.0,0.0,180.0,False,True,
1866,/kuka/axis_move/feedback_json,std_msgs/msg/String,2026-08-18T20:44:14.209227-04:00,1787100254,209200593,1787100254209200593,112.791876,,,,2979,2978,1,0,0,2979,CartesianTarget,1,False,True,True,False,0.0,-86.208893,86.073051,0.0,90.135841,0.0,475.0,0.0,810.0,180.0,0.0,180.0,False,True,
1867,/kuka/axis_move/feedback_json,std_msgs/msg/String,2026-08-18T20:44:14.314348-04:00,1787100254,314337778,1787100254314337778,105.137185,,,,2980,2979,1,0,0,2980,CartesianTarget,1,False,True,True,False,0.0,-86.208893,86.073051,0.0,90.135841,0.0,475.0,0.0,810.0,180.0,0.0,180.0,False,True,
1868,/kuka/axis_move/feedback_json,std_msgs/msg/String,2026-08-18T20:44:14.426010-04:00,1787100254,426004486,1787100254426004486,111.666708,,,,2981,2980,1,0,0,2981,CartesianTarget,1,False,True,True,False,0.0,-86.208893,86.073051,0.0,90.135841,0.0,475.0,0.0,810.0,180.0,0.0,180.0,False,True,
1869,/kuka/axis_move/feedback_json,std_msgs/msg/String,2026-08-18T20:44:14.585019-04:00,1787100254,584995213,1787100254584995213,158.990727,,,,2982,2981,1,0,0,2982,CartesianTarget,1,False,True,True,False,0.0,-86.208893,86.073051,0.0,90.135841,0.0,475.0,0.0,810.0,180.0,0.0,180.0,False,True,
1870,/kuka/axis_move/feedback_json,std_msgs/msg/String,2026-08-18T20:44:14.695979-04:00,1787100254,695969770,1787100254695969770,110.974557,,,,2983,2982,1,0,0,2983,CartesianTarget,1,False,True,True,False,0.0,-86.208893,86.073051,0.0,90.135841,0.0,475.0,0.0,810.0,180.0,0.0,180.0,False,True,
1871,/kuka/axis_move/feedback_json,std_msgs/msg/String,2026-08-18T20:44:14.804843-04:00,1787100254,804832147,1787100254804832147,108.862377,,,,2984,2983,1,0,0,2984,CartesianTarget,1,False,True,True,False,0.0,-86.208893,86.073051,0.0,90.135841,0.0,475.0,0.0,810.0,180.0,0.0,180.0,False,True,
1872,/kuka/axis_move/feedback_json,std_msgs/msg/String,2026-08-18T20:44:14.920714-04:00,1787100254,920702187,1787100254920702187,115.87004,,,,2985,2984,1,0,0,2985,CartesianTarget,1,False,True,True,False,0.0,-86.208893,86.073051,0.0,90.135841,0.0,475.0,0.0,810.0,180.0,0.0,180.0,False,True,
1873,/kuka/axis_move/feedback_json,std_msgs/msg/String,2026-08-18T20:44:15.028056-04:00,1787100255,28045788,1787100255028045788,107.343601,,,,2986,2985,1,0,0,2986,CartesianTarget,1,False,True,True,False,0.0,-86.208893,86.073051,0.0,90.135841,0.0,475.0,0.0,810.0,180.0,0.0,180.0,False,True,
1874,/kuka/axis_move/feedback_json,std_msgs/msg/String,2026-08-18T20:44:15.182777-04:00,1787100255,182765785,1787100255182765785,154.719997,,,,2987,2986,1,0,0,2987,CartesianTarget,1,False,True,True,False,0.0,-86.208893,86.073051,0.0,90.135841,0.0,475.0,0.0,810.0,180.0,0.0,180.0,False,True,
1875,/kuka/axis_move/feedback_json,std_msgs/msg/String,2026-08-18T20:44:15.288435-04:00,1787100255,288424959,1787100255288424959,105.659174,,,,2988,2987,1,0,0,2988,CartesianTarget,1,False,True,True,False,0.0,-86.208893,86.073051,0.0,90.135841,0.0,475.0,0.0,810.0,180.0,0.0,180.0,False,True,
1876,/kuka/axis_move/feedback_json,std_msgs/msg/String,2026-08-18T20:44:15.398592-04:00,1787100255,398585941,1787100255398585941,110.160982,,,,2989,2988,1,0,0,2989,CartesianTarget,1,False,True,True,False,0.0,-86.208893,86.073051,0.0,90.135841,0.0,475.0,0.0,810.0,180.0,0.0,180.0,False,True,
1877,/kuka/axis_move/feedback_json,std_msgs/msg/String,2026-08-18T20:44:15.510747-04:00,1787100255,510735412,1787100255510735412,112.149471,,,,2990,2989,1,0,0,2990,CartesianTarget,1,False,True,True,False,0.0,-86.208893,86.073051,0.0,90.135841,0.0,475.0,0.0,810.0,180.0,0.0,180.0,False,True,
1878,/kuka/axis_move/feedback_json,std_msgs/msg/String,2026-08-18T20:44:15.622335-04:00,1787100255,622317871,1787100255622317871,111.582459,,,,2991,2990,1,0,0,2991,CartesianTarget,1,False,True,True,False,0.0,-86.208893,86.073051,0.0,90.135841,0.0,475.0,0.0,810.0,180.0,0.0,180.0,False,True,
1879,/kuka/axis_move/feedback_json,std_msgs/msg/String,2026-08-18T20:44:15.787670-04:00,1787100255,787659471,1787100255787659471,165.3416,,,,2992,2991,1,0,0,2992,CartesianTarget,1,False,True,True,False,0.0,-86.208893,86.073051,0.0,90.135841,0.0,475.0,0.0,810.0,180.0,0.0,180.0,False,True,
1880,/kuka/axis_move/feedback_json,std_msgs/msg/String,2026-08-18T20:44:15.949914-04:00,1787100255,949893831,1787100255949893831,162.23436,,,,2993,2992,1,0,0,2993,CartesianTarget,1,True,True,True,False,0.0,-86.208893,86.073051,0.0,90.135841,0.0,475.0,0.0,810.0,180.0,0.0,180.0,False,True,
1881,/kuka/axis_move/feedback_json,std_msgs/msg/String,2026-08-18T20:44:16.125903-04:00,1787100256,125897386,1787100256125897386,176.003555,,,,2994,2993,1,0,0,2994,CartesianTarget,1,True,True,True,False,0.0,-86.228828,86.09594,0.0,90.134789,0.0,474.726349,0.0,810.010498,180.0,0.0,180.0,False,True,
1882,/kuka/axis_move/feedback_json,std_msgs/msg/String,2026-08-18T20:44:16.296435-04:00,1787100256,296421137,1787100256296421137,170.523751,,,,2995,2994,1,0,0,2995,CartesianTarget,1,True,True,True,False,0.0,-86.434128,86.313889,0.0,90.126976,0.0,472.923492,0.0,810.067749,180.0,0.0,180.0,False,True,
1883,/kuka/axis_move/feedback_json,std_msgs/msg/String,2026-08-18T20:44:16.471529-04:00,1787100256,471522732,1787100256471522732,175.101595,,,,2996,2995,1,0,0,2996,CartesianTarget,1,True,True,True,False,0.0,-86.850433,86.762947,0.0,90.111084,0.0,469.337555,0.0,810.156677,180.0,0.0,180.0,False,True,
1884,/kuka/axis_move/feedback_json,std_msgs/msg/String,2026-08-18T20:44:16.651176-04:00,1787100256,651164610,1787100256651164610,179.641878,,,,2997,2996,1,0,0,2997,CartesianTarget,1,True,True,True,False,0.0,-87.510094,87.438713,0.0,90.087357,0.0,463.881226,0.0,810.234619,180.0,0.0,180.0,False,True,
1885,/kuka/axis_move/feedback_json,std_msgs/msg/String,2026-08-18T20:44:16.766086-04:00,1787100256,766080925,1787100256766080925,114.916315,,,,2998,2997,1,0,0,2998,CartesianTarget,1,True,True,True,False,0.0,-88.072861,88.024879,0.0,90.066856,0.0,459.445923,0.0,810.247986,180.0,0.0,180.0,False,True,
1886,/kuka/axis_move/feedback_json,std_msgs/msg/String,2026-08-18T20:44:16.938456-04:00,1787100256,938430445,1787100256938430445,172.34952,,,,2999,2998,1,0,0,2999,CartesianTarget,1,True,True,True,False,0.0,-88.951256,88.932388,0.0,90.035652,0.0,452.601837,0.0,810.181396,180.0,0.0,180.0,False,True,
1887,/kuka/axis_move/feedback_json,std_msgs/msg/String,2026-08-18T20:44:17.113654-04:00,1787100257,113649066,1787100257113649066,175.218621,,,,3000,2999,1,0,0,3000,CartesianTarget,1,True,True,True,False,0.0,-89.600372,89.597702,0.0,90.01313,0.0,447.649261,0.0,810.075684,180.0,0.0,180.0,False,True,
1888,/kuka/axis_move/feedback_json,std_msgs/msg/String,2026-08-18T20:44:17.289441-04:00,1787100257,289427953,1787100257289427953,175.778887,,,,3001,3000,1,0,0,3001,CartesianTarget,1,True,True,True,False,0.0,-89.943787,89.946083,0.0,90.001587,0.0,445.293488,0.0,810.007935,180.0,0.0,180.0,False,True,
1889,/kuka/axis_move/feedback_json,std_msgs/msg/String,2026-08-18T20:44:17.399945-04:00,1787100257,399921446,1787100257399921446,110.493493,,,,3002,3001,1,0,0,3002,CartesianTarget,1,True,True,True,False,0.0,-89.999512,89.999695,0.0,90.0,0.0,444.999939,0.0,810.0,180.0,0.0,180.0,False,True,
1890,/kuka/axis_move/feedback_json,std_msgs/msg/String,2026-08-18T20:44:17.580597-04:00,1787100257,580590657,1787100257580590657,180.669211,,,,3003,3002,1,0,0,3003,CartesianTarget,1,True,True,True,True,0.0,-90.0,90.0,0.0,90.0,0.0,445.0,0.0,810.0,180.0,0.0,180.0,False,True,
1891,/kuka/axis_move/feedback_json,std_msgs/msg/String,2026-08-18T20:44:17.740519-04:00,1787100257,740507509,1787100257740507509,159.916852,,,,3004,3003,1,0,0,3004,CartesianTarget,1,True,True,True,False,0.0,-90.0,90.0,0.0,90.0,0.0,445.0,0.0,810.0,180.0,0.0,180.0,False,True,
1892,/kuka/axis_move/feedback_json,std_msgs/msg/String,2026-08-18T20:44:17.923838-04:00,1787100257,923832824,1787100257923832824,183.325315,,,,3005,3004,1,0,0,3005,CartesianTarget,1,True,True,True,True,0.0,-90.0,90.0,0.0,90.0,0.0,445.0,0.0,810.0,180.0,0.0,180.0,False,True,
1893,/kuka/axis_move/feedback_json,std_msgs/msg/String,2026-08-18T20:44:18.091736-04:00,1787100258,91726706,1787100258091726706,167.893882,,,,3006,3005,1,0,0,3006,CartesianTarget,1,True,True,True,False,0.0,-90.0,90.0,0.0,90.0,0.0,445.0,0.0,810.0,180.0,0.0,180.0,False,True,
1894,/kuka/axis_move/feedback_json,std_msgs/msg/String,2026-08-18T20:44:18.199380-04:00,1787100258,199371685,1787100258199371685,107.644979,,,,3007,3006,1,0,0,3007,CartesianTarget,1,True,True,True,False,0.0,-90.0,90.0,0.0,90.0,0.0,445.0,0.0,810.0,180.0,0.0,180.0,False,True,
1895,/kuka/axis_move/feedback_json,std_msgs/msg/String,2026-08-18T20:44:18.384476-04:00,1787100258,384468496,1787100258384468496,185.096811,,,,3008,3007,1,0,0,3008,CartesianTarget,1,True,True,True,True,0.0,-90.0,90.0,0.0,90.0,0.0,445.0,0.0,810.0,180.0,0.0,180.0,False,True,
1896,/kuka/axis_move/feedback_json,std_msgs/msg/String,2026-08-18T20:44:18.550150-04:00,1787100258,550123564,1787100258550123564,165.655068,,,,3009,3008,1,0,0,3009,CartesianTarget,1,True,True,True,False,0.0,-90.0,90.0,0.0,90.0,0.0,445.0,0.0,810.0,180.0,0.0,180.0,False,True,
1897,/kuka/axis_move/feedback_json,std_msgs/msg/String,2026-08-18T20:44:18.734831-04:00,1787100258,734818513,1787100258734818513,184.694949,,,,3010,3009,1,0,0,3010,CartesianTarget,1,True,True,True,True,0.0,-90.0,90.0,0.0,90.0,0.0,445.0,0.0,810.0,180.0,0.0,180.0,False,True,
1898,/kuka/axis_move/feedback_json,std_msgs/msg/String,2026-08-18T20:44:18.901671-04:00,1787100258,901665529,1787100258901665529,166.847016,,,,3011,3010,1,0,0,3011,CartesianTarget,1,True,True,True,False,0.0,-90.0,90.0,0.0,90.0,0.0,445.0,0.0,810.0,180.0,0.0,180.0,False,True,
1899,/kuka/axis_move/feedback_json,std_msgs/msg/String,2026-08-18T20:44:19.009938-04:00,1787100259,9929901,1787100259009929901,108.264372,,,,3012,3011,1,0,0,3012,CartesianTarget,1,True,True,True,False,0.0,-90.0,90.0,0.0,90.0,0.0,445.0,0.0,810.0,180.0,0.0,180.0,False,True,
1900,/kuka/axis_move/feedback_json,std_msgs/msg/String,2026-08-18T20:44:19.118650-04:00,1787100259,118638927,1787100259118638927,108.709026,,,,3013,3012,1,0,0,3013,CartesianTarget,1,True,True,True,True,0.0,-90.0,90.0,0.0,90.0,0.0,445.0,0.0,810.0,180.0,0.0,180.0,False,True,
1901,/kuka/axis_move/feedback_json,std_msgs/msg/String,2026-08-18T20:44:19.232437-04:00,1787100259,232429007,1787100259232429007,113.79008,,,,3014,3013,1,0,0,3014,CartesianTarget,1,False,True,True,False,0.0,-90.0,90.0,0.0,90.0,0.0,445.0,0.0,810.0,180.0,0.0,180.0,False,True,
1902,/kuka/axis_move/feedback_json,std_msgs/msg/String,2026-08-18T20:44:19.341123-04:00,1787100259,341108185,1787100259341108185,108.679178,,,,3015,3014,1,0,0,3015,CartesianTarget,1,False,True,True,False,0.0,-90.0,90.0,0.0,90.0,0.0,445.0,0.0,810.0,180.0,0.0,180.0,False,True,
1903,/kuka/axis_move/feedback_json,std_msgs/msg/String,2026-08-18T20:44:19.496684-04:00,1787100259,496674175,1787100259496674175,155.56599,,,,3016,3015,1,0,0,3016,CartesianTarget,1,False,True,True,False,0.0,-90.0,90.0,0.0,90.0,0.0,445.0,0.0,810.0,180.0,0.0,180.0,False,True,
1904,/kuka/axis_move/feedback_json,std_msgs/msg/String,2026-08-18T20:44:19.604244-04:00,1787100259,604204632,1787100259604204632,107.530457,,,,3017,3016,1,0,0,3017,CartesianTarget,1,False,True,True,False,0.0,-90.0,90.0,0.0,90.0,0.0,445.0,0.0,810.0,180.0,0.0,180.0,False,True,
1905,/kuka/axis_move/feedback_json,std_msgs/msg/String,2026-08-18T20:44:19.710837-04:00,1787100259,710820867,1787100259710820867,106.616235,,,,3018,3017,1,0,0,3018,CartesianTarget,1,False,True,True,False,0.0,-90.0,90.0,0.0,90.0,0.0,445.0,0.0,810.0,180.0,0.0,180.0,False,True,
1906,/kuka/axis_move/feedback_json,std_msgs/msg/String,2026-08-18T20:44:19.820350-04:00,1787100259,820331844,1787100259820331844,109.510977,,,,3019,3018,1,0,0,3019,CartesianTarget,1,False,True,True,False,0.0,-90.0,90.0,0.0,90.0,0.0,445.0,0.0,810.0,180.0,0.0,180.0,False,True,
1907,/kuka/axis_move/feedback_json,std_msgs/msg/String,2026-08-18T20:44:19.933578-04:00,1787100259,933571611,1787100259933571611,113.239767,,,,3020,3019,1,0,0,3020,CartesianTarget,1,False,True,True,False,0.0,-90.0,90.0,0.0,90.0,0.0,445.0,0.0,810.0,180.0,0.0,180.0,False,True,
1908,/kuka/axis_move/feedback_json,std_msgs/msg/String,2026-08-18T20:44:20.099176-04:00,1787100260,99171114,1787100260099171114,165.599503,,,,3021,3020,1,0,0,3021,CartesianTarget,1,False,True,True,False,0.0,-90.0,90.0,0.0,90.0,0.0,445.0,0.0,810.0,180.0,0.0,180.0,False,True,
1909,/kuka/axis_move/feedback_json,std_msgs/msg/String,2026-08-18T20:44:20.211664-04:00,1787100260,211654165,1787100260211654165,112.483051,,,,3022,3021,1,0,0,3022,CartesianTarget,1,False,True,True,False,0.0,-90.0,90.0,0.0,90.0,0.0,445.0,0.0,810.0,180.0,0.0,180.0,False,True,
1910,/kuka/axis_move/feedback_json,std_msgs/msg/String,2026-08-18T20:44:20.322917-04:00,1787100260,322909145,1787100260322909145,111.25498,,,,3023,3022,1,0,0,3023,CartesianTarget,1,False,True,True,False,0.0,-90.0,90.0,0.0,90.0,0.0,445.0,0.0,810.0,180.0,0.0,180.0,False,True,
1911,/kuka/axis_move/feedback_json,std_msgs/msg/String,2026-08-18T20:44:20.432928-04:00,1787100260,432922782,1787100260432922782,110.013637,,,,3024,3023,1,0,0,3024,CartesianTarget,1,False,True,True,False,0.0,-90.0,90.0,0.0,90.0,0.0,445.0,0.0,810.0,180.0,0.0,180.0,False,True,
1912,/kuka/axis_move/feedback_json,std_msgs/msg/String,2026-08-18T20:44:20.550732-04:00,1787100260,550720966,1787100260550720966,117.798184,,,,3025,3024,1,0,0,3025,CartesianTarget,1,False,True,True,False,0.0,-90.0,90.0,0.0,90.0,0.0,445.0,0.0,810.0,180.0,0.0,180.0,False,True,
1913,/kuka/axis_move/feedback_json,std_msgs/msg/String,2026-08-18T20:44:20.710266-04:00,1787100260,710255857,1787100260710255857,159.534891,,,,3026,3025,1,0,0,3026,CartesianTarget,1,False,True,True,False,0.0,-90.0,90.0,0.0,90.0,0.0,445.0,0.0,810.0,180.0,0.0,180.0,False,True,
1914,/kuka/axis_move/feedback_json,std_msgs/msg/String,2026-08-18T20:44:20.826384-04:00,1787100260,826364605,1787100260826364605,116.108748,,,,3027,3026,1,0,0,3027,CartesianTarget,1,False,True,True,False,0.0,-90.0,90.0,0.0,90.0,0.0,445.0,0.0,810.0,180.0,0.0,180.0,False,True,
1915,/kuka/axis_move/feedback_json,std_msgs/msg/String,2026-08-18T20:44:20.934155-04:00,1787100260,934139582,1787100260934139582,107.774977,,,,3028,3027,1,0,0,3028,CartesianTarget,1,False,True,True,False,0.0,-90.0,90.0,0.0,90.0,0.0,445.0,0.0,810.0,180.0,0.0,180.0,False,True,
1916,/kuka/axis_move/feedback_json,std_msgs/msg/String,2026-08-18T20:44:21.049487-04:00,1787100261,49474169,1787100261049474169,115.334587,,,,3029,3028,1,0,0,3029,CartesianTarget,1,False,True,True,False,0.0,-90.0,90.0,0.0,90.0,0.0,445.0,0.0,810.0,180.0,0.0,180.0,False,True,
1917,/kuka/axis_move/feedback_json,std_msgs/msg/String,2026-08-18T20:44:21.161629-04:00,1787100261,161618246,1787100261161618246,112.144077,,,,3030,3029,1,0,0,3030,CartesianTarget,1,False,True,True,False,0.0,-90.0,90.0,0.0,90.0,0.0,445.0,0.0,810.0,180.0,0.0,180.0,False,True,
1918,/kuka/axis_move/feedback_json,std_msgs/msg/String,2026-08-18T20:44:21.328846-04:00,1787100261,328830110,1787100261328830110,167.211864,,,,3031,3030,1,0,0,3031,CartesianTarget,1,False,True,True,False,0.0,-90.0,90.0,0.0,90.0,0.0,445.0,0.0,810.0,180.0,0.0,180.0,False,True,
1919,/kuka/axis_move/feedback_json,std_msgs/msg/String,2026-08-18T20:44:21.439139-04:00,1787100261,439129877,1787100261439129877,110.299767,,,,3032,3031,1,0,0,3032,CartesianTarget,1,False,True,True,False,0.0,-90.0,90.0,0.0,90.0,0.0,445.0,0.0,810.0,180.0,0.0,180.0,False,True,
1920,/kuka/axis_move/feedback_json,std_msgs/msg/String,2026-08-18T20:44:21.553363-04:00,1787100261,553347282,1787100261553347282,114.217405,,,,3033,3032,1,0,0,3033,CartesianTarget,1,False,True,True,False,0.0,-90.0,90.0,0.0,90.0,0.0,445.0,0.0,810.0,180.0,0.0,180.0,False,True,
1921,/kuka/axis_move/feedback_json,std_msgs/msg/String,2026-08-18T20:44:21.668864-04:00,1787100261,668847989,1787100261668847989,115.500707,,,,3034,3033,1,0,0,3034,CartesianTarget,1,False,True,True,False,0.0,-90.0,90.0,0.0,90.0,0.0,445.0,0.0,810.0,180.0,0.0,180.0,False,True,
1922,/kuka/axis_move/feedback_json,std_msgs/msg/String,2026-08-18T20:44:21.831750-04:00,1787100261,831734431,1787100261831734431,162.886442,,,,3035,3034,1,0,0,3035,CartesianTarget,1,False,True,True,False,0.0,-90.0,90.0,0.0,90.0,0.0,445.0,0.0,810.0,180.0,0.0,180.0,False,True,
1923,/kuka/axis_move/feedback_json,std_msgs/msg/String,2026-08-18T20:44:21.949515-04:00,1787100261,949508978,1787100261949508978,117.774547,,,,3036,3035,1,0,0,3036,CartesianTarget,1,False,True,True,False,0.0,-90.0,90.0,0.0,90.0,0.0,445.0,0.0,810.0,180.0,0.0,180.0,False,True,
1924,/kuka/axis_move/feedback_json,std_msgs/msg/String,2026-08-18T20:44:22.062236-04:00,1787100262,62229958,1787100262062229958,112.72098,,,,3037,3036,1,0,0,3037,CartesianTarget,1,False,True,True,False,0.0,-90.0,90.0,0.0,90.0,0.0,445.0,0.0,810.0,180.0,0.0,180.0,False,True,
1925,/kuka/axis_move/feedback_json,std_msgs/msg/String,2026-08-18T20:44:22.174685-04:00,1787100262,174678023,1787100262174678023,112.448065,,,,3038,3037,1,0,0,3038,CartesianTarget,1,False,True,True,False,0.0,-90.0,90.0,0.0,90.0,0.0,445.0,0.0,810.0,180.0,0.0,180.0,False,True,
1926,/kuka/axis_move/feedback_json,std_msgs/msg/String,2026-08-18T20:44:22.339790-04:00,1787100262,339776834,1787100262339776834,165.098811,,,,3039,3038,1,0,0,3039,CartesianTarget,1,False,True,True,False,0.0,-90.0,90.0,0.0,90.0,0.0,445.0,0.0,810.0,180.0,0.0,180.0,False,True,
1927,/kuka/axis_move/feedback_json,std_msgs/msg/String,2026-08-18T20:44:22.434911-04:00,1787100262,434901605,1787100262434901605,95.124771,,,,3040,3039,1,0,0,3040,CartesianTarget,1,False,True,True,False,0.0,-90.0,90.0,0.0,90.0,0.0,445.0,0.0,810.0,180.0,0.0,180.0,False,True,
1928,/kuka/axis_move/feedback_json,std_msgs/msg/String,2026-08-18T20:44:22.547414-04:00,1787100262,547397049,1787100262547397049,112.495444,,,,3041,3040,1,0,0,3041,CartesianTarget,1,False,True,True,False,0.0,-90.0,90.0,0.0,90.0,0.0,445.0,0.0,810.0,180.0,0.0,180.0,False,True,
1929,/kuka/axis_move/feedback_json,std_msgs/msg/String,2026-08-18T20:44:22.657216-04:00,1787100262,657209959,1787100262657209959,109.81291,,,,3042,3041,1,0,0,3042,CartesianTarget,1,False,True,True,False,0.0,-90.0,90.0,0.0,90.0,0.0,445.0,0.0,810.0,180.0,0.0,180.0,False,True,
1930,/kuka/axis_move/feedback_json,std_msgs/msg/String,2026-08-18T20:44:22.771607-04:00,1787100262,771601091,1787100262771601091,114.391132,,,,3043,3042,1,0,0,3043,CartesianTarget,1,False,True,True,False,0.0,-90.0,90.0,0.0,90.0,0.0,445.0,0.0,810.0,180.0,0.0,180.0,False,True,
1931,/kuka/axis_move/feedback_json,std_msgs/msg/String,2026-08-18T20:44:22.931933-04:00,1787100262,931915388,1787100262931915388,160.314297,,,,3044,3043,1,0,0,3044,CartesianTarget,1,False,True,True,False,0.0,-90.0,90.0,0.0,90.0,0.0,445.0,0.0,810.0,180.0,0.0,180.0,False,True,
1932,/kuka/axis_move/feedback_json,std_msgs/msg/String,2026-08-18T20:44:23.038105-04:00,1787100263,38097171,1787100263038097171,106.181783,,,,3045,3044,1,0,0,3045,CartesianTarget,1,False,True,True,False,0.0,-90.0,90.0,0.0,90.0,0.0,445.0,0.0,810.0,180.0,0.0,180.0,False,True,
1933,/kuka/axis_move/feedback_json,std_msgs/msg/String,2026-08-18T20:44:23.146467-04:00,1787100263,146455961,1787100263146455961,108.35879,,,,3046,3045,1,0,0,3046,CartesianTarget,1,False,True,True,False,0.0,-90.0,90.0,0.0,90.0,0.0,445.0,0.0,810.0,180.0,0.0,180.0,False,True,
1934,/kuka/axis_move/feedback_json,std_msgs/msg/String,2026-08-18T20:44:23.254498-04:00,1787100263,254487690,1787100263254487690,108.031729,,,,3047,3046,1,0,0,3047,CartesianTarget,1,False,True,True,False,0.0,-90.0,90.0,0.0,90.0,0.0,445.0,0.0,810.0,180.0,0.0,180.0,False,True,
1935,/kuka/axis_move/feedback_json,std_msgs/msg/String,2026-08-18T20:44:23.368666-04:00,1787100263,368654701,1787100263368654701,114.167011,,,,3048,3047,1,0,0,3048,CartesianTarget,1,False,True,True,False,0.0,-90.0,90.0,0.0,90.0,0.0,445.0,0.0,810.0,180.0,0.0,180.0,False,True,
1936,/kuka/axis_move/feedback_json,std_msgs/msg/String,2026-08-18T20:44:23.529864-04:00,1787100263,529859458,1787100263529859458,161.204757,,,,3049,3048,1,0,0,3049,CartesianTarget,1,False,True,True,False,0.0,-90.0,90.0,0.0,90.0,0.0,445.0,0.0,810.0,180.0,0.0,180.0,False,True,
1937,/kuka/axis_move/feedback_json,std_msgs/msg/String,2026-08-18T20:44:23.641941-04:00,1787100263,641930871,1787100263641930871,112.071413,,,,3050,3049,1,0,0,3050,CartesianTarget,1,False,True,True,False,0.0,-90.0,90.0,0.0,90.0,0.0,445.0,0.0,810.0,180.0,0.0,180.0,False,True,
1938,/kuka/axis_move/feedback_json,std_msgs/msg/String,2026-08-18T20:44:23.757580-04:00,1787100263,757561669,1787100263757561669,115.630798,,,,3051,3050,1,0,0,3051,CartesianTarget,1,False,True,True,False,0.0,-90.0,90.0,0.0,90.0,0.0,445.0,0.0,810.0,180.0,0.0,180.0,False,True,
1939,/kuka/axis_move/feedback_json,std_msgs/msg/String,2026-08-18T20:44:23.869429-04:00,1787100263,869424183,1787100263869424183,111.862514,,,,3052,3051,1,0,0,3052,CartesianTarget,1,False,True,True,False,0.0,-90.0,90.0,0.0,90.0,0.0,445.0,0.0,810.0,180.0,0.0,180.0,False,True,
1940,/kuka/axis_move/feedback_json,std_msgs/msg/String,2026-08-18T20:44:24.030705-04:00,1787100264,30699111,1787100264030699111,161.274928,,,,3053,3052,1,0,0,3053,CartesianTarget,1,False,True,True,False,0.0,-90.0,90.0,0.0,90.0,0.0,445.0,0.0,810.0,180.0,0.0,180.0,False,True,
1941,/kuka/axis_move/feedback_json,std_msgs/msg/String,2026-08-18T20:44:24.137207-04:00,1787100264,137198078,1787100264137198078,106.498967,,,,3054,3053,1,0,0,3054,CartesianTarget,1,False,True,True,False,0.0,-90.0,90.0,0.0,90.0,0.0,445.0,0.0,810.0,180.0,0.0,180.0,False,True,
1942,/kuka/axis_move/feedback_json,std_msgs/msg/String,2026-08-18T20:44:24.251881-04:00,1787100264,251855394,1787100264251855394,114.657316,,,,3055,3054,1,0,0,3055,CartesianTarget,1,False,True,True,False,0.0,-90.0,90.0,0.0,90.0,0.0,445.0,0.0,810.0,180.0,0.0,180.0,False,True,
1943,/kuka/axis_move/feedback_json,std_msgs/msg/String,2026-08-18T20:44:24.359417-04:00,1787100264,359398410,1787100264359398410,107.543016,,,,3056,3055,1,0,0,3056,CartesianTarget,1,False,True,True,False,0.0,-90.0,90.0,0.0,90.0,0.0,445.0,0.0,810.0,180.0,0.0,180.0,False,True,
1944,/kuka/axis_move/feedback_json,std_msgs/msg/String,2026-08-18T20:44:24.468150-04:00,1787100264,468134418,1787100264468134418,108.736008,,,,3057,3056,1,0,0,3057,CartesianTarget,1,False,True,True,False,0.0,-90.0,90.0,0.0,90.0,0.0,445.0,0.0,810.0,180.0,0.0,180.0,False,True,
1945,/kuka/axis_move/feedback_json,std_msgs/msg/String,2026-08-18T20:44:24.628527-04:00,1787100264,628515592,1787100264628515592,160.381174,,,,3058,3057,1,0,0,3058,CartesianTarget,1,False,True,True,False,0.0,-90.0,90.0,0.0,90.0,0.0,445.0,0.0,810.0,180.0,0.0,180.0,False,True,
1946,/kuka/axis_move/feedback_json,std_msgs/msg/String,2026-08-18T20:44:24.740245-04:00,1787100264,740236105,1787100264740236105,111.720513,,,,3059,3058,1,0,0,3059,CartesianTarget,1,False,True,True,False,0.0,-90.0,90.0,0.0,90.0,0.0,445.0,0.0,810.0,180.0,0.0,180.0,False,True,
1947,/kuka/axis_move/feedback_json,std_msgs/msg/String,2026-08-18T20:44:24.851665-04:00,1787100264,851653787,1787100264851653787,111.417682,,,,3060,3059,1,0,0,3060,CartesianTarget,1,False,True,True,False,0.0,-90.0,90.0,0.0,90.0,0.0,445.0,0.0,810.0,180.0,0.0,180.0,False,True,
1948,/kuka/axis_move/feedback_json,std_msgs/msg/String,2026-08-18T20:44:24.959479-04:00,1787100264,959462180,1787100264959462180,107.808393,,,,3061,3060,1,0,0,3061,CartesianTarget,1,False,True,True,False,0.0,-90.0,90.0,0.0,90.0,0.0,445.0,0.0,810.0,180.0,0.0,180.0,False,True,
1949,/kuka/axis_move/feedback_json,std_msgs/msg/String,2026-08-18T20:44:25.068214-04:00,1787100265,68205695,1787100265068205695,108.743515,,,,3062,3061,1,0,0,3062,CartesianTarget,1,False,True,True,False,0.0,-90.0,90.0,0.0,90.0,0.0,445.0,0.0,810.0,180.0,0.0,180.0,False,True,
1950,/kuka/axis_move/feedback_json,std_msgs/msg/String,2026-08-18T20:44:25.231643-04:00,1787100265,231626968,1787100265231626968,163.421273,,,,3063,3062,1,0,0,3063,CartesianTarget,1,False,True,True,False,0.0,-90.0,90.0,0.0,90.0,0.0,445.0,0.0,810.0,180.0,0.0,180.0,False,True,
1951,/kuka/axis_move/feedback_json,std_msgs/msg/String,2026-08-18T20:44:25.341309-04:00,1787100265,341302203,1787100265341302203,109.675235,,,,3064,3063,1,0,0,3064,CartesianTarget,1,False,True,True,False,0.0,-90.0,90.0,0.0,90.0,0.0,445.0,0.0,810.0,180.0,0.0,180.0,False,True,
1952,/kuka/axis_move/feedback_json,std_msgs/msg/String,2026-08-18T20:44:25.453650-04:00,1787100265,453632433,1787100265453632433,112.33023,,,,3065,3064,1,0,0,3065,CartesianTarget,1,False,True,True,False,0.0,-90.0,90.0,0.0,90.0,0.0,445.0,0.0,810.0,180.0,0.0,180.0,False,True,
1953,/kuka/axis_move/feedback_json,std_msgs/msg/String,2026-08-18T20:44:25.566822-04:00,1787100265,566816644,1787100265566816644,113.184211,,,,3066,3065,1,0,0,3066,CartesianTarget,1,False,True,True,False,0.0,-90.0,90.0,0.0,90.0,0.0,445.0,0.0,810.0,180.0,0.0,180.0,False,True,
1954,/kuka/axis_move/feedback_json,std_msgs/msg/String,2026-08-18T20:44:25.679486-04:00,1787100265,679473571,1787100265679473571,112.656927,,,,3067,3066,1,0,0,3067,CartesianTarget,1,False,True,True,False,0.0,-90.0,90.0,0.0,90.0,0.0,445.0,0.0,810.0,180.0,0.0,180.0,False,True,
1955,/kuka/axis_move/feedback_json,std_msgs/msg/String,2026-08-18T20:44:25.839506-04:00,1787100265,839490495,1787100265839490495,160.016924,,,,3068,3067,1,0,0,3068,CartesianTarget,1,False,True,True,False,0.0,-90.0,90.0,0.0,90.0,0.0,445.0,0.0,810.0,180.0,0.0,180.0,False,True,
1956,/kuka/axis_move/feedback_json,std_msgs/msg/String,2026-08-18T20:44:25.950564-04:00,1787100265,950555478,1787100265950555478,111.064983,,,,3069,3068,1,0,0,3069,CartesianTarget,1,False,True,True,False,0.0,-90.0,90.0,0.0,90.0,0.0,445.0,0.0,810.0,180.0,0.0,180.0,False,True,
1957,/kuka/axis_move/feedback_json,std_msgs/msg/String,2026-08-18T20:44:26.062029-04:00,1787100266,62021202,1787100266062021202,111.465724,,,,3070,3069,1,0,0,3070,CartesianTarget,1,False,True,True,False,0.0,-90.0,90.0,0.0,90.0,0.0,445.0,0.0,810.0,180.0,0.0,180.0,False,True,
1958,/kuka/axis_move/feedback_json,std_msgs/msg/String,2026-08-18T20:44:26.174500-04:00,1787100266,174492294,1787100266174492294,112.471092,,,,3071,3070,1,0,0,3071,CartesianTarget,1,False,True,True,False,0.0,-90.0,90.0,0.0,90.0,0.0,445.0,0.0,810.0,180.0,0.0,180.0,False,True,
1959,/kuka/axis_move/feedback_json,std_msgs/msg/String,2026-08-18T20:44:26.280238-04:00,1787100266,280230144,1787100266280230144,105.73785,,,,3072,3071,1,0,0,3072,CartesianTarget,1,False,True,True,False,0.0,-90.0,90.0,0.0,90.0,0.0,445.0,0.0,810.0,180.0,0.0,180.0,False,True,
1960,/kuka/axis_move/feedback_json,std_msgs/msg/String,2026-08-18T20:44:26.446673-04:00,1787100266,446657559,1787100266446657559,166.427415,,,,3073,3072,1,0,0,3073,CartesianTarget,1,False,True,True,False,0.0,-90.0,90.0,0.0,90.0,0.0,445.0,0.0,810.0,180.0,0.0,180.0,False,True,
1961,/kuka/axis_move/feedback_json,std_msgs/msg/String,2026-08-18T20:44:26.554389-04:00,1787100266,554339501,1787100266554339501,107.681942,,,,3074,3073,1,0,0,3074,CartesianTarget,1,False,True,True,False,0.0,-90.0,90.0,0.0,90.0,0.0,445.0,0.0,810.0,180.0,0.0,180.0,False,True,
1962,/kuka/axis_move/feedback_json,std_msgs/msg/String,2026-08-18T20:44:26.662307-04:00,1787100266,662297085,1787100266662297085,107.957584,,,,3075,3074,1,0,0,3075,CartesianTarget,1,False,True,True,False,0.0,-90.0,90.0,0.0,90.0,0.0,445.0,0.0,810.0,180.0,0.0,180.0,False,True,
1963,/kuka/axis_move/feedback_json,std_msgs/msg/String,2026-08-18T20:44:26.769508-04:00,1787100266,769490431,1787100266769490431,107.193346,,,,3076,3075,1,0,0,3076,CartesianTarget,1,False,True,True,False,0.0,-90.0,90.0,0.0,90.0,0.0,445.0,0.0,810.0,180.0,0.0,180.0,False,True,
1964,/kuka/axis_move/feedback_json,std_msgs/msg/String,2026-08-18T20:44:26.877774-04:00,1787100266,877767864,1787100266877767864,108.277433,,,,3077,3076,1,0,0,3077,CartesianTarget,1,False,True,True,False,0.0,-90.0,90.0,0.0,90.0,0.0,445.0,0.0,810.0,180.0,0.0,180.0,False,True,
1965,/kuka/axis_move/feedback_json,std_msgs/msg/String,2026-08-18T20:44:27.038647-04:00,1787100267,38640247,1787100267038640247,160.872383,,,,3078,3077,1,0,0,3078,CartesianTarget,1,False,True,True,False,0.0,-90.0,90.0,0.0,90.0,0.0,445.0,0.0,810.0,180.0,0.0,180.0,False,True,
1966,/kuka/axis_move/feedback_json,std_msgs/msg/String,2026-08-18T20:44:27.147325-04:00,1787100267,147314684,1787100267147314684,108.674437,,,,3079,3078,1,0,0,3079,CartesianTarget,1,False,True,True,False,0.0,-90.0,90.0,0.0,90.0,0.0,445.0,0.0,810.0,180.0,0.0,180.0,False,True,
1967,/kuka/axis_move/feedback_json,std_msgs/msg/String,2026-08-18T20:44:27.254367-04:00,1787100267,254360117,1787100267254360117,107.045433,,,,3080,3079,1,0,0,3080,CartesianTarget,1,False,True,True,False,0.0,-90.0,90.0,0.0,90.0,0.0,445.0,0.0,810.0,180.0,0.0,180.0,False,True,
1968,/kuka/axis_move/feedback_json,std_msgs/msg/String,2026-08-18T20:44:27.365825-04:00,1787100267,365808165,1787100267365808165,111.448048,,,,3081,3080,1,0,0,3081,CartesianTarget,1,False,True,True,False,0.0,-90.0,90.0,0.0,90.0,0.0,445.0,0.0,810.0,180.0,0.0,180.0,False,True,
1969,/kuka/axis_move/feedback_json,std_msgs/msg/String,2026-08-18T20:44:27.481532-04:00,1787100267,481521689,1787100267481521689,115.713524,,,,3082,3081,1,0,0,3082,CartesianTarget,1,False,True,True,False,0.0,-90.0,90.0,0.0,90.0,0.0,445.0,0.0,810.0,180.0,0.0,180.0,False,True,
1970,/kuka/axis_move/feedback_json,std_msgs/msg/String,2026-08-18T20:44:27.646724-04:00,1787100267,646717542,1787100267646717542,165.195853,,,,3083,3082,1,0,0,3083,CartesianTarget,1,False,True,True,False,0.0,-90.0,90.0,0.0,90.0,0.0,445.0,0.0,810.0,180.0,0.0,180.0,False,True,
1971,/kuka/axis_move/feedback_json,std_msgs/msg/String,2026-08-18T20:44:27.753611-04:00,1787100267,753597600,1787100267753597600,106.880058,,,,3084,3083,1,0,0,3084,CartesianTarget,1,False,True,True,False,0.0,-90.0,90.0,0.0,90.0,0.0,445.0,0.0,810.0,180.0,0.0,180.0,False,True,
1972,/kuka/axis_move/feedback_json,std_msgs/msg/String,2026-08-18T20:44:27.863499-04:00,1787100267,863485775,1787100267863485775,109.888175,,,,3085,3084,1,0,0,3085,CartesianTarget,1,False,True,True,False,0.0,-90.0,90.0,0.0,90.0,0.0,445.0,0.0,810.0,180.0,0.0,180.0,False,True,
1973,/kuka/axis_move/feedback_json,std_msgs/msg/String,2026-08-18T20:44:27.967013-04:00,1787100267,967002171,1787100267967002171,103.516396,,,,3086,3085,1,0,0,3086,CartesianTarget,1,False,True,True,False,0.0,-90.0,90.0,0.0,90.0,0.0,445.0,0.0,810.0,180.0,0.0,180.0,False,True,
1974,/kuka/axis_move/feedback_json,std_msgs/msg/String,2026-08-18T20:44:28.082107-04:00,1787100268,82097587,1787100268082097587,115.095416,,,,3087,3086,1,0,0,3087,CartesianTarget,1,False,True,True,False,0.0,-90.0,90.0,0.0,90.0,0.0,445.0,0.0,810.0,180.0,0.0,180.0,False,True,
1975,/kuka/axis_move/feedback_json,std_msgs/msg/String,2026-08-18T20:44:28.244650-04:00,1787100268,244643481,1787100268244643481,162.545894,,,,3088,3087,1,0,0,3088,CartesianTarget,1,False,True,True,False,0.0,-90.0,90.0,0.0,90.0,0.0,445.0,0.0,810.0,180.0,0.0,180.0,False,True,
1976,/kuka/axis_move/feedback_json,std_msgs/msg/String,2026-08-18T20:44:28.354572-04:00,1787100268,354565978,1787100268354565978,109.922497,,,,3089,3088,1,0,0,3089,CartesianTarget,1,False,True,True,False,0.0,-90.0,90.0,0.0,90.0,0.0,445.0,0.0,810.0,180.0,0.0,180.0,False,True,
1977,/kuka/axis_move/feedback_json,std_msgs/msg/String,2026-08-18T20:44:28.462949-04:00,1787100268,462940224,1787100268462940224,108.374246,,,,3090,3089,1,0,0,3090,CartesianTarget,1,False,True,True,False,0.0,-90.0,90.0,0.0,90.0,0.0,445.0,0.0,810.0,180.0,0.0,180.0,False,True,
1978,/kuka/axis_move/feedback_json,std_msgs/msg/String,2026-08-18T20:44:28.567619-04:00,1787100268,567611196,1787100268567611196,104.670972,,,,3091,3090,1,0,0,3091,CartesianTarget,1,False,True,True,False,0.0,-90.0,90.0,0.0,90.0,0.0,445.0,0.0,810.0,180.0,0.0,180.0,False,True,
1979,/kuka/axis_move/feedback_json,std_msgs/msg/String,2026-08-18T20:44:28.677623-04:00,1787100268,677614829,1787100268677614829,110.003633,,,,3092,3091,1,0,0,3092,CartesianTarget,1,False,True,True,False,0.0,-90.0,90.0,0.0,90.0,0.0,445.0,0.0,810.0,180.0,0.0,180.0,False,True,
1980,/kuka/axis_move/feedback_json,std_msgs/msg/String,2026-08-18T20:44:28.839522-04:00,1787100268,839516045,1787100268839516045,161.901216,,,,3093,3092,1,0,0,3093,CartesianTarget,1,False,True,True,False,0.0,-90.0,90.0,0.0,90.0,0.0,445.0,0.0,810.0,180.0,0.0,180.0,False,True,
1981,/kuka/axis_move/feedback_json,std_msgs/msg/String,2026-08-18T20:44:29.014646-04:00,1787100269,14637019,1787100269014637019,175.120974,,,,3094,3093,1,0,0,3094,CartesianTarget,1,True,True,True,False,0.0,-90.0,90.0,0.0,90.0,0.0,445.0,0.0,810.0,180.0,0.0,180.0,False,True,
1982,/kuka/axis_move/feedback_json,std_msgs/msg/String,2026-08-18T20:44:29.127808-04:00,1787100269,127792306,1787100269127792306,113.155287,,,,3095,3094,1,0,0,3095,CartesianTarget,1,True,True,True,False,0.0,-90.0,90.0,0.0,90.0,0.0,445.0,0.0,810.0,180.0,0.0,180.0,False,True,
1983,/kuka/axis_move/feedback_json,std_msgs/msg/String,2026-08-18T20:44:29.303664-04:00,1787100269,303658033,1787100269303658033,175.865727,,,,3096,3095,1,0,0,3096,CartesianTarget,1,True,True,True,False,0.0,-90.0,90.0,0.0,90.0,0.0,445.0,0.0,810.0,180.0,0.0,180.0,False,True,
1984,/kuka/axis_move/feedback_json,std_msgs/msg/String,2026-08-18T20:44:29.483484-04:00,1787100269,483472264,1787100269483472264,179.814231,,,,3097,3096,1,0,0,3097,CartesianTarget,1,True,True,True,False,0.0,-90.0,90.0,0.0,90.0,0.0,445.0,0.0,810.0,180.0,0.0,180.0,False,True,
1985,/kuka/axis_move/feedback_json,std_msgs/msg/String,2026-08-18T20:44:29.655484-04:00,1787100269,655472300,1787100269655472300,172.000036,,,,3098,3097,1,0,0,3098,CartesianTarget,1,True,True,True,False,0.0,-90.0,90.0,0.0,90.0,0.0,445.0,0.0,810.0,180.0,0.0,180.0,False,True,
1986,/kuka/axis_move/feedback_json,std_msgs/msg/String,2026-08-18T20:44:29.763067-04:00,1787100269,763061238,1787100269763061238,107.588938,,,,3099,3098,1,0,0,3099,CartesianTarget,1,True,True,True,False,0.0,-90.0,90.0,0.0,90.0,0.0,445.0,0.0,810.0,180.0,0.0,180.0,False,True,
1987,/kuka/axis_move/feedback_json,std_msgs/msg/String,2026-08-18T20:44:29.939309-04:00,1787100269,939292690,1787100269939292690,176.231452,,,,3100,3099,1,0,0,3100,CartesianTarget,1,True,True,True,False,0.0,-90.0,90.0,0.0,90.0,0.0,445.0,0.0,810.0,180.0,0.0,180.0,False,True,
1988,/kuka/axis_move/feedback_json,std_msgs/msg/String,2026-08-18T20:44:30.113396-04:00,1787100270,113378768,1787100270113378768,174.086078,,,,3101,3100,1,0,0,3101,CartesianTarget,1,True,True,True,False,0.0,-90.0,90.0,0.0,90.0,0.0,445.0,0.0,810.0,180.0,0.0,180.0,False,True,
1989,/kuka/axis_move/feedback_json,std_msgs/msg/String,2026-08-18T20:44:30.281507-04:00,1787100270,281500948,1787100270281500948,168.12218,,,,3102,3101,1,0,0,3102,CartesianTarget,1,True,True,True,False,0.0,-90.0,90.0,0.0,90.0,0.0,445.0,0.0,810.0,180.0,0.0,180.0,False,True,
1990,/kuka/axis_move/feedback_json,std_msgs/msg/String,2026-08-18T20:44:30.391573-04:00,1787100270,391561054,1787100270391561054,110.060106,,,,3103,3102,1,0,0,3103,CartesianTarget,1,True,True,True,False,0.0,-90.0,90.0,0.0,90.0,0.0,445.0,0.0,810.0,180.0,0.0,180.0,False,True,
1991,/kuka/axis_move/feedback_json,std_msgs/msg/String,2026-08-18T20:44:30.561783-04:00,1787100270,561776275,1787100270561776275,170.215221,,,,3104,3103,1,0,0,3104,CartesianTarget,1,True,True,True,False,0.0,-90.0,90.0,0.0,90.0,0.0,445.0,0.0,810.0,180.0,0.0,180.0,False,True,
1992,/kuka/axis_move/feedback_json,std_msgs/msg/String,2026-08-18T20:44:30.739888-04:00,1787100270,739878263,1787100270739878263,178.101988,,,,3105,3104,1,0,0,3105,CartesianTarget,1,True,True,True,False,0.0,-90.0,90.0,0.0,90.0,0.0,445.0,0.0,810.0,180.0,0.0,180.0,False,True,
1993,/kuka/axis_move/feedback_json,std_msgs/msg/String,2026-08-18T20:44:30.905330-04:00,1787100270,905314431,1787100270905314431,165.436168,,,,3106,3105,1,0,0,3106,CartesianTarget,1,True,True,True,False,0.0,-90.0,90.0,0.0,90.0,0.0,445.0,0.0,810.0,180.0,0.0,180.0,False,True,
1994,/kuka/axis_move/feedback_json,std_msgs/msg/String,2026-08-18T20:44:31.013847-04:00,1787100271,13837762,1787100271013837762,108.523331,,,,3107,3106,1,0,0,3107,CartesianTarget,1,True,True,True,False,0.0,-90.0,90.0,0.0,90.0,0.0,445.0,0.0,810.0,180.0,0.0,180.0,False,True,
1995,/kuka/axis_move/feedback_json,std_msgs/msg/String,2026-08-18T20:44:31.189393-04:00,1787100271,189370232,1787100271189370232,175.53247,,,,3108,3107,1,0,0,3108,CartesianTarget,1,True,True,True,False,0.0,-90.0,90.0,0.0,90.0,0.0,445.0,0.0,810.0,180.0,0.0,180.0,False,True,
1996,/kuka/axis_move/feedback_json,std_msgs/msg/String,2026-08-18T20:44:31.357894-04:00,1787100271,357883833,1787100271357883833,168.513601,,,,3109,3108,1,0,0,3109,CartesianTarget,1,True,True,True,False,0.0,-90.0,90.0,0.0,90.0,0.0,445.0,0.0,810.0,180.0,0.0,180.0,False,True,
1997,/kuka/axis_move/feedback_json,std_msgs/msg/String,2026-08-18T20:44:31.524883-04:00,1787100271,524873424,1787100271524873424,166.989591,,,,3110,3109,1,0,0,3110,CartesianTarget,1,True,True,True,False,0.0,-90.0,90.0,0.0,90.0,0.0,445.0,0.0,810.0,180.0,0.0,180.0,False,True,
1998,/kuka/axis_move/feedback_json,std_msgs/msg/String,2026-08-18T20:44:31.695386-04:00,1787100271,695376454,1787100271695376454,170.50303,,,,3111,3110,1,0,0,3111,CartesianTarget,1,True,True,True,False,0.0,-90.0,90.0,0.0,90.0,0.0,445.0,0.0,810.0,180.0,0.0,180.0,False,True,
1999,/kuka/axis_move/feedback_json,std_msgs/msg/String,2026-08-18T20:44:31.799935-04:00,1787100271,799925517,1787100271799925517,104.549063,,,,3112,3111,1,0,0,3112,CartesianTarget,1,True,True,True,False,0.0,-90.0,90.0,0.0,90.0,0.0,445.0,0.0,810.0,180.0,0.0,180.0,False,True,
2000,/kuka/axis_move/feedback_json,std_msgs/msg/String,2026-08-18T20:44:31.975862-04:00,1787100271,975853915,1787100271975853915,175.928398,,,,3113,3112,1,0,0,3113,CartesianTarget,1,True,True,True,False,0.0,-90.0,90.0,0.0,90.0,0.0,445.0,0.0,810.0,180.0,0.0,180.0,False,True,
2001,/kuka/axis_move/feedback_json,std_msgs/msg/String,2026-08-18T20:44:32.142763-04:00,1787100272,142750343,1787100272142750343,166.896428,,,,3114,3113,1,0,0,3114,CartesianTarget,1,True,True,True,False,0.0,-90.0,90.0,0.0,90.0,0.0,445.0,0.0,810.0,180.0,0.0,180.0,False,True,
2002,/kuka/axis_move/feedback_json,std_msgs/msg/String,2026-08-18T20:44:32.246830-04:00,1787100272,246825360,1787100272246825360,104.075017,,,,3115,3114,1,0,0,3115,CartesianTarget,1,True,True,True,False,0.0,-90.0,90.0,0.0,90.0,0.0,445.0,0.0,810.0,180.0,0.0,180.0,False,True,
2003,/kuka/axis_move/feedback_json,std_msgs/msg/String,2026-08-18T20:44:32.355895-04:00,1787100272,355887125,1787100272355887125,109.061765,,,,3116,3115,1,0,0,3116,CartesianTarget,1,True,True,True,False,0.0,-90.0,90.0,0.0,90.0,0.0,445.0,0.0,810.0,180.0,0.0,180.0,False,True,
2004,/kuka/axis_move/feedback_json,std_msgs/msg/String,2026-08-18T20:44:32.466196-04:00,1787100272,466185286,1787100272466185286,110.298161,,,,3117,3116,1,0,0,3117,CartesianTarget,1,True,True,True,False,0.0,-90.0,90.0,0.0,90.0,0.0,445.0,0.0,810.0,180.0,0.0,180.0,False,True,
2005,/kuka/axis_move/feedback_json,std_msgs/msg/String,2026-08-18T20:44:32.572814-04:00,1787100272,572807328,1787100272572807328,106.622042,,,,3118,3117,1,0,0,3118,CartesianTarget,1,True,True,True,False,0.0,-90.0,90.0,0.0,90.0,0.0,445.0,0.0,810.0,180.0,0.0,180.0,False,True,
2006,/kuka/axis_move/feedback_json,std_msgs/msg/String,2026-08-18T20:44:32.737250-04:00,1787100272,737243780,1787100272737243780,164.436452,,,,3119,3118,1,0,0,3119,CartesianTarget,1,True,True,True,False,0.0,-90.0,90.0,0.0,90.0,0.0,445.0,0.0,810.0,180.0,0.0,180.0,False,True,
2007,/kuka/axis_move/feedback_json,std_msgs/msg/String,2026-08-18T20:44:32.840957-04:00,1787100272,840947688,1787100272840947688,103.703908,,,,3120,3119,1,0,0,3120,CartesianTarget,1,True,True,True,False,0.0,-90.0,90.0,0.0,90.0,0.0,445.0,0.0,810.0,180.0,0.0,180.0,False,True,
2008,/kuka/axis_move/feedback_json,std_msgs/msg/String,2026-08-18T20:44:32.946266-04:00,1787100272,946248546,1787100272946248546,105.300858,,,,3121,3120,1,0,0,3121,CartesianTarget,1,True,True,True,False,0.0,-90.0,90.0,0.0,90.0,0.0,445.0,0.0,810.0,180.0,0.0,180.0,False,True,
2009,/kuka/axis_move/feedback_json,std_msgs/msg/String,2026-08-18T20:44:33.053404-04:00,1787100273,53398752,1787100273053398752,107.150206,,,,3122,3121,1,0,0,3122,CartesianTarget,1,True,True,True,False,0.0,-90.0,90.0,0.0,90.0,0.0,445.0,0.0,810.0,180.0,0.0,180.0,False,True,
2010,/kuka/axis_move/feedback_json,std_msgs/msg/String,2026-08-18T20:44:33.160621-04:00,1787100273,160603176,1787100273160603176,107.204424,,,,3123,3122,1,0,0,3123,CartesianTarget,1,True,True,True,False,0.0,-90.0,90.0,0.0,90.0,0.0,445.0,0.0,810.0,180.0,0.0,180.0,False,True,
2011,/kuka/axis_move/feedback_json,std_msgs/msg/String,2026-08-18T20:44:33.335518-04:00,1787100273,335495650,1787100273335495650,174.892474,,,,3124,3123,1,0,0,3124,CartesianTarget,1,True,True,True,False,0.0,-90.0,90.0,0.0,90.0,0.0,445.0,0.0,810.0,180.0,0.0,180.0,False,True,
2012,/kuka/axis_move/feedback_json,std_msgs/msg/String,2026-08-18T20:44:33.441202-04:00,1787100273,441196244,1787100273441196244,105.700594,,,,3125,3124,1,0,0,3125,CartesianTarget,1,True,True,True,False,0.0,-90.0,90.0,0.0,90.0,0.0,445.0,0.0,810.0,180.0,0.0,180.0,False,True,
2013,/kuka/axis_move/feedback_json,std_msgs/msg/String,2026-08-18T20:44:33.550309-04:00,1787100273,550298509,1787100273550298509,109.102265,,,,3126,3125,1,0,0,3126,CartesianTarget,1,True,True,True,False,0.0,-90.0,90.0,0.0,90.0,0.0,445.0,0.0,810.0,180.0,0.0,180.0,False,True,
2014,/kuka/axis_move/feedback_json,std_msgs/msg/String,2026-08-18T20:44:33.655823-04:00,1787100273,655792076,1787100273655792076,105.493567,,,,3127,3126,1,0,0,3127,CartesianTarget,1,True,True,True,False,0.0,-90.0,90.0,0.0,90.0,0.0,445.0,0.0,810.0,180.0,0.0,180.0,False,True,
2015,/kuka/axis_move/feedback_json,std_msgs/msg/String,2026-08-18T20:44:33.761566-04:00,1787100273,761559346,1787100273761559346,105.76727,,,,3128,3127,1,0,0,3128,CartesianTarget,1,True,True,True,False,0.0,-90.0,90.0,0.0,90.0,0.0,445.0,0.0,810.0,180.0,0.0,180.0,False,True,
2016,/kuka/axis_move/feedback_json,std_msgs/msg/String,2026-08-18T20:44:33.928048-04:00,1787100273,928042872,1787100273928042872,166.483526,,,,3129,3128,1,0,0,3129,CartesianTarget,1,True,True,True,False,0.0,-90.0,90.0,0.0,90.0,0.0,445.0,0.0,810.0,180.0,0.0,180.0,False,True,
2017,/kuka/axis_move/feedback_json,std_msgs/msg/String,2026-08-18T20:44:34.038128-04:00,1787100274,38121852,1787100274038121852,110.07898,,,,3130,3129,1,0,0,3130,CartesianTarget,1,True,True,True,False,0.0,-90.0,90.0,0.0,90.0,0.0,445.0,0.0,810.0,180.0,0.0,180.0,False,True,
2018,/kuka/axis_move/feedback_json,std_msgs/msg/String,2026-08-18T20:44:34.144314-04:00,1787100274,144297880,1787100274144297880,106.176028,,,,3131,3130,1,0,0,3131,CartesianTarget,1,True,True,True,False,0.0,-90.0,90.0,0.0,90.0,0.0,445.0,0.0,810.0,180.0,0.0,180.0,False,True,
2019,/kuka/axis_move/feedback_json,std_msgs/msg/String,2026-08-18T20:44:34.253334-04:00,1787100274,253323646,1787100274253323646,109.025766,,,,3132,3131,1,0,0,3132,CartesianTarget,1,True,True,True,False,0.0,-90.0,90.0,0.0,90.0,0.0,445.0,0.0,810.0,180.0,0.0,180.0,False,True,
2020,/kuka/axis_move/feedback_json,std_msgs/msg/String,2026-08-18T20:44:34.359345-04:00,1787100274,359333001,1787100274359333001,106.009355,,,,3133,3132,1,0,0,3133,CartesianTarget,1,True,True,True,False,0.0,-90.0,90.0,0.0,90.0,0.0,445.0,0.0,810.0,180.0,0.0,180.0,False,True,
2021,/kuka/axis_move/feedback_json,std_msgs/msg/String,2026-08-18T20:44:34.528917-04:00,1787100274,528909873,1787100274528909873,169.576872,,,,3134,3133,1,0,0,3134,CartesianTarget,1,True,True,True,False,0.0,-90.0,90.0,0.0,90.0,0.0,445.0,0.0,810.0,180.0,0.0,180.0,False,True,
2022,/kuka/axis_move/feedback_json,std_msgs/msg/String,2026-08-18T20:44:34.640707-04:00,1787100274,640696654,1787100274640696654,111.786781,,,,3135,3134,1,0,0,3135,CartesianTarget,1,True,True,True,False,0.0,-90.0,90.0,0.0,90.0,0.0,445.0,0.0,810.0,180.0,0.0,180.0,False,True,
2023,/kuka/axis_move/feedback_json,std_msgs/msg/String,2026-08-18T20:44:34.744031-04:00,1787100274,744022650,1787100274744022650,103.325996,,,,3136,3135,1,0,0,3136,CartesianTarget,1,True,True,True,False,0.0,-90.0,90.0,0.0,90.0,0.0,445.0,0.0,810.0,180.0,0.0,180.0,False,True,
2024,/kuka/axis_move/feedback_json,std_msgs/msg/String,2026-08-18T20:44:34.856492-04:00,1787100274,856482219,1787100274856482219,112.459569,,,,3137,3136,1,0,0,3137,CartesianTarget,1,True,True,True,False,0.0,-90.0,90.0,0.0,90.0,0.0,445.0,0.0,810.0,180.0,0.0,180.0,False,True,
2025,/kuka/axis_move/feedback_json,std_msgs/msg/String,2026-08-18T20:44:34.962161-04:00,1787100274,962144466,1787100274962144466,105.662247,,,,3138,3137,1,0,0,3138,CartesianTarget,1,True,True,True,False,0.0,-90.0,90.0,0.0,90.0,0.0,445.0,0.0,810.0,180.0,0.0,180.0,False,True,
2026,/kuka/axis_move/feedback_json,std_msgs/msg/String,2026-08-18T20:44:35.126621-04:00,1787100275,126609108,1787100275126609108,164.464642,,,,3139,3138,1,0,0,3139,CartesianTarget,1,True,True,True,False,0.0,-90.0,90.0,0.0,90.0,0.0,445.0,0.0,810.0,180.0,0.0,180.0,False,True,
2027,/kuka/axis_move/feedback_json,std_msgs/msg/String,2026-08-18T20:44:35.234620-04:00,1787100275,234601859,1787100275234601859,107.992751,,,,3140,3139,1,0,0,3140,CartesianTarget,1,True,True,True,False,0.0,-90.0,90.0,0.0,90.0,0.0,445.0,0.0,810.0,180.0,0.0,180.0,False,True,
2028,/kuka/axis_move/feedback_json,std_msgs/msg/String,2026-08-18T20:44:35.339815-04:00,1787100275,339805160,1787100275339805160,105.203301,,,,3141,3140,1,0,0,3141,CartesianTarget,1,True,True,True,False,0.0,-90.0,90.0,0.0,90.0,0.0,445.0,0.0,810.0,180.0,0.0,180.0,False,True,
2029,/kuka/axis_move/feedback_json,std_msgs/msg/String,2026-08-18T20:44:35.446082-04:00,1787100275,446064170,1787100275446064170,106.25901,,,,3142,3141,1,0,0,3142,CartesianTarget,1,True,True,True,False,0.0,-90.0,90.0,0.0,90.0,0.0,445.0,0.0,810.0,180.0,0.0,180.0,False,True,
2030,/kuka/axis_move/feedback_json,std_msgs/msg/String,2026-08-18T20:44:35.550284-04:00,1787100275,550277813,1787100275550277813,104.213643,,,,3143,3142,1,0,0,3143,CartesianTarget,1,True,True,True,False,0.0,-90.0,90.0,0.0,90.0,0.0,445.0,0.0,810.0,180.0,0.0,180.0,False,True,
2031,/kuka/axis_move/feedback_json,std_msgs/msg/String,2026-08-18T20:44:35.716519-04:00,1787100275,716510851,1787100275716510851,166.233038,,,,3144,3143,1,0,0,3144,CartesianTarget,1,True,True,True,False,0.0,-90.0,90.0,0.0,90.0,0.0,445.0,0.0,810.0,180.0,0.0,180.0,False,True,
2032,/kuka/axis_move/feedback_json,std_msgs/msg/String,2026-08-18T20:44:35.826305-04:00,1787100275,826293378,1787100275826293378,109.782527,,,,3145,3144,1,0,0,3145,CartesianTarget,1,True,True,True,False,0.0,-90.0,90.0,0.0,90.0,0.0,445.0,0.0,810.0,180.0,0.0,180.0,False,True,
2033,/kuka/axis_move/feedback_json,std_msgs/msg/String,2026-08-18T20:44:35.934522-04:00,1787100275,934514938,1787100275934514938,108.22156,,,,3146,3145,1,0,0,3146,CartesianTarget,1,True,True,True,False,0.0,-90.0,90.0,0.0,90.0,0.0,445.0,0.0,810.0,180.0,0.0,180.0,False,True,
2034,/kuka/axis_move/feedback_json,std_msgs/msg/String,2026-08-18T20:44:36.042234-04:00,1787100276,42223984,1787100276042223984,107.709046,,,,3147,3146,1,0,0,3147,CartesianTarget,1,True,True,True,False,0.0,-90.0,90.0,0.0,90.0,0.0,445.0,0.0,810.0,180.0,0.0,180.0,False,True,
2035,/kuka/axis_move/feedback_json,std_msgs/msg/String,2026-08-18T20:44:36.151335-04:00,1787100276,151330015,1787100276151330015,109.106031,,,,3148,3147,1,0,0,3148,CartesianTarget,1,True,True,True,False,0.0,-90.0,90.0,0.0,90.0,0.0,445.0,0.0,810.0,180.0,0.0,180.0,False,True,
2036,/kuka/axis_move/feedback_json,std_msgs/msg/String,2026-08-18T20:44:36.323613-04:00,1787100276,323602384,1787100276323602384,172.272369,,,,3149,3148,1,0,0,3149,CartesianTarget,1,True,True,True,False,0.0,-90.0,90.0,0.0,90.0,0.0,445.0,0.0,810.0,180.0,0.0,180.0,False,True,
2037,/kuka/axis_move/feedback_json,std_msgs/msg/String,2026-08-18T20:44:36.427646-04:00,1787100276,427634556,1787100276427634556,104.032172,,,,3150,3149,1,0,0,3150,CartesianTarget,1,True,True,True,False,0.0,-90.0,90.0,0.0,90.0,0.0,445.0,0.0,810.0,180.0,0.0,180.0,False,True,
2038,/kuka/axis_move/feedback_json,std_msgs/msg/String,2026-08-18T20:44:36.536540-04:00,1787100276,536531299,1787100276536531299,108.896743,,,,3151,3150,1,0,0,3151,CartesianTarget,1,True,True,True,False,0.0,-90.0,90.0,0.0,90.0,0.0,445.0,0.0,810.0,180.0,0.0,180.0,False,True,
2039,/kuka/axis_move/feedback_json,std_msgs/msg/String,2026-08-18T20:44:36.642902-04:00,1787100276,642893656,1787100276642893656,106.362357,,,,3152,3151,1,0,0,3152,CartesianTarget,1,True,True,True,False,0.0,-90.0,90.0,0.0,90.0,0.0,445.0,0.0,810.0,180.0,0.0,180.0,False,True,
2040,/kuka/axis_move/feedback_json,std_msgs/msg/String,2026-08-18T20:44:36.751202-04:00,1787100276,751192388,1787100276751192388,108.298732,,,,3153,3152,1,0,0,3153,CartesianTarget,1,True,True,True,False,0.0,-90.0,90.0,0.0,90.0,0.0,445.0,0.0,810.0,180.0,0.0,180.0,False,True,
2041,/kuka/axis_move/feedback_json,std_msgs/msg/String,2026-08-18T20:44:36.927085-04:00,1787100276,927078893,1787100276927078893,175.886505,,,,3154,3153,1,0,0,3154,CartesianTarget,1,True,True,True,False,0.0,-90.0,90.0,0.0,90.0,0.0,445.0,0.0,810.0,180.0,0.0,180.0,False,True,
2042,/kuka/axis_move/feedback_json,std_msgs/msg/String,2026-08-18T20:44:37.036209-04:00,1787100277,36201339,1787100277036201339,109.122446,,,,3155,3154,1,0,0,3155,CartesianTarget,1,True,True,True,False,0.0,-90.0,90.0,0.0,90.0,0.0,445.0,0.0,810.0,180.0,0.0,180.0,False,True,
2043,/kuka/axis_move/feedback_json,std_msgs/msg/String,2026-08-18T20:44:37.148926-04:00,1787100277,148917710,1787100277148917710,112.716371,,,,3156,3155,1,0,0,3156,CartesianTarget,1,True,True,True,False,0.0,-90.0,90.0,0.0,90.0,0.0,445.0,0.0,810.0,180.0,0.0,180.0,False,True,
2044,/kuka/axis_move/feedback_json,std_msgs/msg/String,2026-08-18T20:44:37.254317-04:00,1787100277,254308912,1787100277254308912,105.391202,,,,3157,3156,1,0,0,3157,CartesianTarget,1,True,True,True,False,0.0,-90.0,90.0,0.0,90.0,0.0,445.0,0.0,810.0,180.0,0.0,180.0,False,True,
2045,/kuka/axis_move/feedback_json,std_msgs/msg/String,2026-08-18T20:44:37.423775-04:00,1787100277,423765132,1787100277423765132,169.45622,,,,3158,3157,1,0,0,3158,CartesianTarget,1,True,True,True,False,0.0,-90.0,90.0,0.0,90.0,0.0,445.0,0.0,810.0,180.0,0.0,180.0,False,True,
2046,/kuka/axis_move/feedback_json,std_msgs/msg/String,2026-08-18T20:44:37.533197-04:00,1787100277,533191677,1787100277533191677,109.426545,,,,3159,3158,1,0,0,3159,CartesianTarget,1,True,True,True,False,0.0,-90.0,90.0,0.0,90.0,0.0,445.0,0.0,810.0,180.0,0.0,180.0,False,True,
2047,/kuka/axis_move/feedback_json,std_msgs/msg/String,2026-08-18T20:44:37.641570-04:00,1787100277,641559170,1787100277641559170,108.367493,,,,3160,3159,1,0,0,3160,CartesianTarget,1,True,True,True,False,0.0,-90.0,90.0,0.0,90.0,0.0,445.0,0.0,810.0,180.0,0.0,180.0,False,True,
2048,/kuka/axis_move/feedback_json,std_msgs/msg/String,2026-08-18T20:44:37.749878-04:00,1787100277,749868921,1787100277749868921,108.309751,,,,3161,3160,1,0,0,3161,CartesianTarget,1,True,True,True,False,0.0,-90.0,90.0,0.0,90.0,0.0,445.0,0.0,810.0,180.0,0.0,180.0,False,True,
2049,/kuka/axis_move/feedback_json,std_msgs/msg/String,2026-08-18T20:44:37.857862-04:00,1787100277,857855473,1787100277857855473,107.986552,,,,3162,3161,1,0,0,3162,CartesianTarget,1,True,True,True,False,0.0,-90.0,90.0,0.0,90.0,0.0,445.0,0.0,810.0,180.0,0.0,180.0,False,True,
2050,/kuka/axis_move/feedback_json,std_msgs/msg/String,2026-08-18T20:44:38.030965-04:00,1787100278,30954438,1787100278030954438,173.098965,,,,3163,3162,1,0,0,3163,CartesianTarget,1,True,True,True,False,0.0,-90.0,90.0,0.0,90.0,0.0,445.0,0.0,810.0,180.0,0.0,180.0,False,True,
2051,/kuka/axis_move/feedback_json,std_msgs/msg/String,2026-08-18T20:44:38.135983-04:00,1787100278,135976898,1787100278135976898,105.02246,,,,3164,3163,1,0,0,3164,CartesianTarget,1,True,True,True,False,0.0,-90.0,90.0,0.0,90.0,0.0,445.0,0.0,810.0,180.0,0.0,180.0,False,True,
2052,/kuka/axis_move/feedback_json,std_msgs/msg/String,2026-08-18T20:44:38.246790-04:00,1787100278,246784037,1787100278246784037,110.807139,,,,3165,3164,1,0,0,3165,CartesianTarget,1,True,True,True,False,0.0,-90.0,90.0,0.0,90.0,0.0,445.0,0.0,810.0,180.0,0.0,180.0,False,True,
2053,/kuka/axis_move/feedback_json,std_msgs/msg/String,2026-08-18T20:44:38.351059-04:00,1787100278,351053296,1787100278351053296,104.269259,,,,3166,3165,1,0,0,3166,CartesianTarget,1,True,True,True,False,0.0,-90.0,90.0,0.0,90.0,0.0,445.0,0.0,810.0,180.0,0.0,180.0,False,True,
2054,/kuka/axis_move/feedback_json,std_msgs/msg/String,2026-08-18T20:44:38.460379-04:00,1787100278,460373108,1787100278460373108,109.319812,,,,3167,3166,1,0,0,3167,CartesianTarget,1,True,True,True,False,0.0,-90.0,90.0,0.0,90.0,0.0,445.0,0.0,810.0,180.0,0.0,180.0,False,True,
2055,/kuka/axis_move/feedback_json,std_msgs/msg/String,2026-08-18T20:44:38.630033-04:00,1787100278,630020968,1787100278630020968,169.64786,,,,3168,3167,1,0,0,3168,CartesianTarget,1,True,True,True,False,0.0,-90.0,90.0,0.0,90.0,0.0,445.0,0.0,810.0,180.0,0.0,180.0,False,True,
2056,/kuka/axis_move/feedback_json,std_msgs/msg/String,2026-08-18T20:44:38.737286-04:00,1787100278,737280210,1787100278737280210,107.259242,,,,3169,3168,1,0,0,3169,CartesianTarget,1,True,True,True,False,0.0,-90.0,90.0,0.0,90.0,0.0,445.0,0.0,810.0,180.0,0.0,180.0,False,True,
2057,/kuka/axis_move/feedback_json,std_msgs/msg/String,2026-08-18T20:44:38.845953-04:00,1787100278,845943406,1787100278845943406,108.663196,,,,3170,3169,1,0,0,3170,CartesianTarget,1,True,True,True,False,0.0,-90.0,90.0,0.0,90.0,0.0,445.0,0.0,810.0,180.0,0.0,180.0,False,True,
2058,/kuka/axis_move/feedback_json,std_msgs/msg/String,2026-08-18T20:44:38.951661-04:00,1787100278,951649848,1787100278951649848,105.706442,,,,3171,3170,1,0,0,3171,CartesianTarget,1,True,True,True,False,0.0,-90.0,90.0,0.0,90.0,0.0,445.0,0.0,810.0,180.0,0.0,180.0,False,True,
2059,/kuka/axis_move/feedback_json,std_msgs/msg/String,2026-08-18T20:44:39.060660-04:00,1787100279,60651072,1787100279060651072,109.001224,,,,3172,3171,1,0,0,3172,CartesianTarget,1,True,True,True,False,0.0,-90.0,90.0,0.0,90.0,0.0,445.0,0.0,810.0,180.0,0.0,180.0,False,True,
2060,/kuka/axis_move/feedback_json,std_msgs/msg/String,2026-08-18T20:44:39.234184-04:00,1787100279,234179209,1787100279234179209,173.528137,,,,3173,3172,1,0,0,3173,CartesianTarget,1,True,True,True,False,0.0,-90.0,90.0,0.0,90.0,0.0,445.0,0.0,810.0,180.0,0.0,180.0,False,True,
2061,/kuka/axis_move/feedback_json,std_msgs/msg/String,2026-08-18T20:44:39.343142-04:00,1787100279,343131696,1787100279343131696,108.952487,,,,3174,3173,1,0,0,3174,CartesianTarget,1,True,True,True,False,0.0,-90.0,90.0,0.0,90.0,0.0,445.0,0.0,810.0,180.0,0.0,180.0,False,True,
2062,/kuka/axis_move/feedback_json,std_msgs/msg/String,2026-08-18T20:44:39.449923-04:00,1787100279,449912000,1787100279449912000,106.780304,,,,3175,3174,1,0,0,3175,CartesianTarget,1,True,True,True,False,0.0,-90.0,90.0,0.0,90.0,0.0,445.0,0.0,810.0,180.0,0.0,180.0,False,True,
2063,/kuka/axis_move/feedback_json,std_msgs/msg/String,2026-08-18T20:44:39.556510-04:00,1787100279,556498245,1787100279556498245,106.586245,,,,3176,3175,1,0,0,3176,CartesianTarget,1,True,True,True,False,0.0,-90.0,90.0,0.0,90.0,0.0,445.0,0.0,810.0,180.0,0.0,180.0,False,True,
2064,/kuka/axis_move/feedback_json,std_msgs/msg/String,2026-08-18T20:44:39.666744-04:00,1787100279,666732630,1787100279666732630,110.234385,,,,3177,3176,1,0,0,3177,CartesianTarget,1,True,True,True,False,0.0,-90.0,90.0,0.0,90.0,0.0,445.0,0.0,810.0,180.0,0.0,180.0,False,True,
2065,/kuka/axis_move/feedback_json,std_msgs/msg/String,2026-08-18T20:44:39.839273-04:00,1787100279,839267089,1787100279839267089,172.534459,,,,3178,3177,1,0,0,3178,CartesianTarget,1,True,True,True,False,0.0,-90.0,90.0,0.0,90.0,0.0,445.0,0.0,810.0,180.0,0.0,180.0,False,True,
2066,/kuka/axis_move/feedback_json,std_msgs/msg/String,2026-08-18T20:44:39.948111-04:00,1787100279,948101037,1787100279948101037,108.833948,,,,3179,3178,1,0,0,3179,CartesianTarget,1,True,True,True,False,0.0,-90.0,90.0,0.0,90.0,0.0,445.0,0.0,810.0,180.0,0.0,180.0,False,True,
2067,/kuka/axis_move/feedback_json,std_msgs/msg/String,2026-08-18T20:44:40.057075-04:00,1787100280,57063806,1787100280057063806,108.962769,,,,3180,3179,1,0,0,3180,CartesianTarget,1,True,True,True,False,0.0,-90.0,90.0,0.0,90.0,0.0,445.0,0.0,810.0,180.0,0.0,180.0,False,True,
2068,/kuka/axis_move/feedback_json,std_msgs/msg/String,2026-08-18T20:44:40.167964-04:00,1787100280,167953838,1787100280167953838,110.890032,,,,3181,3180,1,0,0,3181,CartesianTarget,1,True,True,True,False,0.0,-90.0,90.0,0.0,90.0,0.0,445.0,0.0,810.0,180.0,0.0,180.0,False,True,
2069,/kuka/axis_move/feedback_json,std_msgs/msg/String,2026-08-18T20:44:40.344218-04:00,1787100280,344207724,1787100280344207724,176.253886,,,,3182,3181,1,0,0,3182,CartesianTarget,1,True,True,True,False,0.0,-90.0,90.0,0.0,90.0,0.0,445.0,0.0,810.0,180.0,0.0,180.0,False,True,
2070,/kuka/axis_move/feedback_json,std_msgs/msg/String,2026-08-18T20:44:40.450042-04:00,1787100280,450036055,1787100280450036055,105.828331,,,,3183,3182,1,0,0,3183,CartesianTarget,1,True,True,True,False,0.0,-90.0,90.0,0.0,90.0,0.0,445.0,0.0,810.0,180.0,0.0,180.0,False,True,
2071,/kuka/axis_move/feedback_json,std_msgs/msg/String,2026-08-18T20:44:40.560227-04:00,1787100280,560215944,1787100280560215944,110.179889,,,,3184,3183,1,0,0,3184,CartesianTarget,1,True,True,True,False,0.0,-90.0,90.0,0.0,90.0,0.0,445.0,0.0,810.0,180.0,0.0,180.0,False,True,
2072,/kuka/axis_move/feedback_json,std_msgs/msg/String,2026-08-18T20:44:40.670312-04:00,1787100280,670306880,1787100280670306880,110.090936,,,,3185,3184,1,0,0,3185,CartesianTarget,1,True,True,True,False,0.0,-90.0,90.0,0.0,90.0,0.0,445.0,0.0,810.0,180.0,0.0,180.0,False,True,
2073,/kuka/axis_move/feedback_json,std_msgs/msg/String,2026-08-18T20:44:40.836846-04:00,1787100280,836840929,1787100280836840929,166.534049,,,,3186,3185,1,0,0,3186,CartesianTarget,1,True,True,True,False,0.0,-90.0,90.0,0.0,90.0,0.0,445.0,0.0,810.0,180.0,0.0,180.0,False,True,
2074,/kuka/axis_move/feedback_json,std_msgs/msg/String,2026-08-18T20:44:40.946424-04:00,1787100280,946412970,1787100280946412970,109.572041,,,,3187,3186,1,0,0,3187,CartesianTarget,1,True,True,True,False,0.0,-90.0,90.0,0.0,90.0,0.0,445.0,0.0,810.0,180.0,0.0,180.0,False,True,
2075,/kuka/axis_move/feedback_json,std_msgs/msg/String,2026-08-18T20:44:41.053119-04:00,1787100281,53113067,1787100281053113067,106.700097,,,,3188,3187,1,0,0,3188,CartesianTarget,1,True,True,True,False,0.0,-90.0,90.0,0.0,90.0,0.0,445.0,0.0,810.0,180.0,0.0,180.0,False,True,
2076,/kuka/axis_move/feedback_json,std_msgs/msg/String,2026-08-18T20:44:41.158139-04:00,1787100281,158121122,1787100281158121122,105.008055,,,,3189,3188,1,0,0,3189,CartesianTarget,1,True,True,True,False,0.0,-90.0,90.0,0.0,90.0,0.0,445.0,0.0,810.0,180.0,0.0,180.0,False,True,
2077,/kuka/axis_move/feedback_json,std_msgs/msg/String,2026-08-18T20:44:41.265676-04:00,1787100281,265659388,1787100281265659388,107.538266,,,,3190,3189,1,0,0,3190,CartesianTarget,1,True,True,True,False,0.0,-90.0,90.0,0.0,90.0,0.0,445.0,0.0,810.0,180.0,0.0,180.0,False,True,
2078,/kuka/axis_move/feedback_json,std_msgs/msg/String,2026-08-18T20:44:41.437665-04:00,1787100281,437655995,1787100281437655995,171.996607,,,,3191,3190,1,0,0,3191,CartesianTarget,1,True,True,True,False,0.0,-90.0,90.0,0.0,90.0,0.0,445.0,0.0,810.0,180.0,0.0,180.0,False,True,
2079,/kuka/axis_move/feedback_json,std_msgs/msg/String,2026-08-18T20:44:41.544562-04:00,1787100281,544550193,1787100281544550193,106.894198,,,,3192,3191,1,0,0,3192,CartesianTarget,1,True,True,True,False,0.0,-90.0,90.0,0.0,90.0,0.0,445.0,0.0,810.0,180.0,0.0,180.0,False,True,
2080,/kuka/axis_move/feedback_json,std_msgs/msg/String,2026-08-18T20:44:41.654216-04:00,1787100281,654194850,1787100281654194850,109.644657,,,,3193,3192,1,0,0,3193,CartesianTarget,1,True,True,True,False,0.0,-90.0,90.0,0.0,90.0,0.0,445.0,0.0,810.0,180.0,0.0,180.0,False,True,
2081,/kuka/axis_move/feedback_json,std_msgs/msg/String,2026-08-18T20:44:41.761049-04:00,1787100281,761039125,1787100281761039125,106.844275,,,,3194,3193,1,0,0,3194,CartesianTarget,1,True,True,True,False,0.0,-90.0,90.0,0.0,90.0,0.0,445.0,0.0,810.0,180.0,0.0,180.0,False,True,
2082,/kuka/axis_move/feedback_json,std_msgs/msg/String,2026-08-18T20:44:41.875700-04:00,1787100281,875689127,1787100281875689127,114.650002,,,,3195,3194,1,0,0,3195,CartesianTarget,1,True,True,True,False,0.0,-90.0,90.0,0.0,90.0,0.0,445.0,0.0,810.0,180.0,0.0,180.0,False,True,
2083,/kuka/axis_move/feedback_json,std_msgs/msg/String,2026-08-18T20:44:42.051033-04:00,1787100282,51027285,1787100282051027285,175.338158,,,,3196,3195,1,0,0,3196,CartesianTarget,1,True,True,True,False,0.0,-90.0,90.0,0.0,90.0,0.0,445.0,0.0,810.0,180.0,0.0,180.0,False,True,
2084,/kuka/axis_move/feedback_json,std_msgs/msg/String,2026-08-18T20:44:42.160865-04:00,1787100282,160853573,1787100282160853573,109.826288,,,,3197,3196,1,0,0,3197,CartesianTarget,1,True,True,True,False,0.0,-90.0,90.0,0.0,90.0,0.0,445.0,0.0,810.0,180.0,0.0,180.0,False,True,
2085,/kuka/axis_move/feedback_json,std_msgs/msg/String,2026-08-18T20:44:42.270369-04:00,1787100282,270360021,1787100282270360021,109.506448,,,,3198,3197,1,0,0,3198,CartesianTarget,1,True,True,True,False,0.0,-90.0,90.0,0.0,90.0,0.0,445.0,0.0,810.0,180.0,0.0,180.0,False,True,
2086,/kuka/axis_move/feedback_json,std_msgs/msg/String,2026-08-18T20:44:42.379482-04:00,1787100282,379474993,1787100282379474993,109.114972,,,,3199,3198,1,0,0,3199,CartesianTarget,1,True,True,True,False,0.0,-90.0,90.0,0.0,90.0,0.0,445.0,0.0,810.0,180.0,0.0,180.0,False,True,
2087,/kuka/axis_move/feedback_json,std_msgs/msg/String,2026-08-18T20:44:42.558044-04:00,1787100282,558038814,1787100282558038814,178.563821,,,,3200,3199,1,0,0,3200,CartesianTarget,1,True,True,True,False,0.0,-90.0,90.0,0.0,90.0,0.0,445.0,0.0,810.0,180.0,0.0,180.0,False,True,
2088,/kuka/axis_move/feedback_json,std_msgs/msg/String,2026-08-18T20:44:42.666539-04:00,1787100282,666529007,1787100282666529007,108.490193,,,,3201,3200,1,0,0,3201,CartesianTarget,1,True,True,True,False,0.0,-90.0,90.0,0.0,90.0,0.0,445.0,0.0,810.0,180.0,0.0,180.0,False,True,
2089,/kuka/axis_move/feedback_json,std_msgs/msg/String,2026-08-18T20:44:42.780403-04:00,1787100282,780366067,1787100282780366067,113.83706,,,,3202,3201,1,0,0,3202,CartesianTarget,1,True,True,True,False,0.0,-90.0,90.0,0.0,90.0,0.0,445.0,0.0,810.0,180.0,0.0,180.0,False,True,
2090,/kuka/axis_move/feedback_json,std_msgs/msg/String,2026-08-18T20:44:42.887758-04:00,1787100282,887745881,1787100282887745881,107.379814,,,,3203,3202,1,0,0,3203,CartesianTarget,1,True,True,True,False,0.0,-90.0,90.0,0.0,90.0,0.0,445.0,0.0,810.0,180.0,0.0,180.0,False,True,
2091,/kuka/axis_move/feedback_json,std_msgs/msg/String,2026-08-18T20:44:43.059765-04:00,1787100283,59759613,1787100283059759613,172.013732,,,,3204,3203,1,0,0,3204,CartesianTarget,1,True,True,True,False,0.0,-90.0,90.0,0.0,90.0,0.0,445.0,0.0,810.0,180.0,0.0,180.0,False,True,
2092,/kuka/axis_move/feedback_json,std_msgs/msg/String,2026-08-18T20:44:43.165528-04:00,1787100283,165522308,1787100283165522308,105.762695,,,,3205,3204,1,0,0,3205,CartesianTarget,1,True,True,True,False,0.0,-90.0,90.0,0.0,90.0,0.0,445.0,0.0,810.0,180.0,0.0,180.0,False,True,
2093,/kuka/axis_move/feedback_json,std_msgs/msg/String,2026-08-18T20:44:43.274022-04:00,1787100283,274009862,1787100283274009862,108.487554,,,,3206,3205,1,0,0,3206,CartesianTarget,1,True,True,True,False,0.0,-90.0,90.0,0.0,90.0,0.0,445.0,0.0,810.0,180.0,0.0,180.0,False,True,
2094,/kuka/axis_move/feedback_json,std_msgs/msg/String,2026-08-18T20:44:43.380158-04:00,1787100283,380148212,1787100283380148212,106.13835,,,,3207,3206,1,0,0,3207,CartesianTarget,1,True,True,True,False,0.0,-90.0,90.0,0.0,90.0,0.0,445.0,0.0,810.0,180.0,0.0,180.0,False,True,
2095,/kuka/axis_move/feedback_json,std_msgs/msg/String,2026-08-18T20:44:43.491205-04:00,1787100283,491198843,1787100283491198843,111.050631,,,,3208,3207,1,0,0,3208,CartesianTarget,1,True,True,True,False,0.0,-90.0,90.0,0.0,90.0,0.0,445.0,0.0,810.0,180.0,0.0,180.0,False,True,
2096,/kuka/axis_move/feedback_json,std_msgs/msg/String,2026-08-18T20:44:43.662564-04:00,1787100283,662546349,1787100283662546349,171.347506,,,,3209,3208,1,0,0,3209,CartesianTarget,1,True,True,True,False,0.0,-90.0,90.0,0.0,90.0,0.0,445.0,0.0,810.0,180.0,0.0,180.0,False,True,
2097,/kuka/axis_move/feedback_json,std_msgs/msg/String,2026-08-18T20:44:43.769578-04:00,1787100283,769542338,1787100283769542338,106.995989,,,,3210,3209,1,0,0,3210,CartesianTarget,1,True,True,True,False,0.0,-90.0,90.0,0.0,90.0,0.0,445.0,0.0,810.0,180.0,0.0,180.0,False,True,
2098,/kuka/axis_move/feedback_json,std_msgs/msg/String,2026-08-18T20:44:43.876674-04:00,1787100283,876664398,1787100283876664398,107.12206,,,,3211,3210,1,0,0,3211,CartesianTarget,1,True,True,True,False,0.0,-90.0,90.0,0.0,90.0,0.0,445.0,0.0,810.0,180.0,0.0,180.0,False,True,
2099,/kuka/axis_move/feedback_json,std_msgs/msg/String,2026-08-18T20:44:43.983236-04:00,1787100283,983219448,1787100283983219448,106.55505,,,,3212,3211,1,0,0,3212,CartesianTarget,1,True,True,True,False,0.0,-90.0,90.0,0.0,90.0,0.0,445.0,0.0,810.0,180.0,0.0,180.0,False,True,
2100,/kuka/axis_move/feedback_json,std_msgs/msg/String,2026-08-18T20:44:44.092398-04:00,1787100284,92372833,1787100284092372833,109.153385,,,,3213,3212,1,0,0,3213,CartesianTarget,1,True,True,True,False,0.0,-90.0,90.0,0.0,90.0,0.0,445.0,0.0,810.0,180.0,0.0,180.0,False,True,
2101,/kuka/axis_move/feedback_json,std_msgs/msg/String,2026-08-18T20:44:44.266366-04:00,1787100284,266356302,1787100284266356302,173.983469,,,,3214,3213,1,0,0,3214,CartesianTarget,1,True,True,True,False,0.0,-90.0,90.0,0.0,90.0,0.0,445.0,0.0,810.0,180.0,0.0,180.0,False,True,
2102,/kuka/axis_move/feedback_json,std_msgs/msg/String,2026-08-18T20:44:44.373473-04:00,1787100284,373458683,1787100284373458683,107.102381,,,,3215,3214,1,0,0,3215,CartesianTarget,1,True,True,True,False,0.0,-90.0,90.0,0.0,90.0,0.0,445.0,0.0,810.0,180.0,0.0,180.0,False,True,
2103,/kuka/axis_move/feedback_json,std_msgs/msg/String,2026-08-18T20:44:44.483647-04:00,1787100284,483641668,1787100284483641668,110.182985,,,,3216,3215,1,0,0,3216,CartesianTarget,1,True,True,True,False,0.0,-90.0,90.0,0.0,90.0,0.0,445.0,0.0,810.0,180.0,0.0,180.0,False,True,
2104,/kuka/axis_move/feedback_json,std_msgs/msg/String,2026-08-18T20:44:44.596502-04:00,1787100284,596489965,1787100284596489965,112.848297,,,,3217,3216,1,0,0,3217,CartesianTarget,1,True,True,True,False,0.0,-90.0,90.0,0.0,90.0,0.0,445.0,0.0,810.0,180.0,0.0,180.0,False,True,
2105,/kuka/axis_move/feedback_json,std_msgs/msg/String,2026-08-18T20:44:44.765366-04:00,1787100284,765359809,1787100284765359809,168.869844,,,,3218,3217,1,0,0,3218,CartesianTarget,1,True,True,True,False,0.0,-90.0,90.0,0.0,90.0,0.0,445.0,0.0,810.0,180.0,0.0,180.0,False,True,
2106,/kuka/axis_move/feedback_json,std_msgs/msg/String,2026-08-18T20:44:44.873845-04:00,1787100284,873836622,1787100284873836622,108.476813,,,,3219,3218,1,0,0,3219,CartesianTarget,1,True,True,True,False,0.0,-90.0,90.0,0.0,90.0,0.0,445.0,0.0,810.0,180.0,0.0,180.0,False,True,
2107,/kuka/axis_move/feedback_json,std_msgs/msg/String,2026-08-18T20:44:44.978975-04:00,1787100284,978970053,1787100284978970053,105.133431,,,,3220,3219,1,0,0,3220,CartesianTarget,1,True,True,True,False,0.0,-90.0,90.0,0.0,90.0,0.0,445.0,0.0,810.0,180.0,0.0,180.0,False,True,
2108,/kuka/axis_move/feedback_json,std_msgs/msg/String,2026-08-18T20:44:45.089283-04:00,1787100285,89277186,1787100285089277186,110.307133,,,,3221,3220,1,0,0,3221,CartesianTarget,1,True,True,True,False,0.0,-90.0,90.0,0.0,90.0,0.0,445.0,0.0,810.0,180.0,0.0,180.0,False,True,
2109,/kuka/axis_move/feedback_json,std_msgs/msg/String,2026-08-18T20:44:45.198257-04:00,1787100285,198246055,1787100285198246055,108.968869,,,,3222,3221,1,0,0,3222,CartesianTarget,1,True,True,True,False,0.0,-90.0,90.0,0.0,90.0,0.0,445.0,0.0,810.0,180.0,0.0,180.0,False,True,
2110,/kuka/axis_move/feedback_json,std_msgs/msg/String,2026-08-18T20:44:45.374401-04:00,1787100285,374395372,1787100285374395372,176.149317,,,,3223,3222,1,0,0,3223,CartesianTarget,1,True,True,True,False,0.0,-90.0,90.0,0.0,90.0,0.0,445.0,0.0,810.0,180.0,0.0,180.0,False,True,
2111,/kuka/axis_move/feedback_json,std_msgs/msg/String,2026-08-18T20:44:45.479236-04:00,1787100285,479225324,1787100285479225324,104.829952,,,,3224,3223,1,0,0,3224,CartesianTarget,1,True,True,True,False,0.0,-90.0,90.0,0.0,90.0,0.0,445.0,0.0,810.0,180.0,0.0,180.0,False,True,
2112,/kuka/axis_move/feedback_json,std_msgs/msg/String,2026-08-18T20:44:45.588022-04:00,1787100285,588010295,1787100285588010295,108.784971,,,,3225,3224,1,0,0,3225,CartesianTarget,1,True,True,True,False,0.0,-90.0,90.0,0.0,90.0,0.0,445.0,0.0,810.0,180.0,0.0,180.0,False,True,
2113,/kuka/axis_move/feedback_json,std_msgs/msg/String,2026-08-18T20:44:45.695462-04:00,1787100285,695428305,1787100285695428305,107.41801,,,,3226,3225,1,0,0,3226,CartesianTarget,1,True,True,True,False,0.0,-90.0,90.0,0.0,90.0,0.0,445.0,0.0,810.0,180.0,0.0,180.0,False,True,
2114,/kuka/axis_move/feedback_json,std_msgs/msg/String,2026-08-18T20:44:45.801651-04:00,1787100285,801638381,1787100285801638381,106.210076,,,,3227,3226,1,0,0,3227,CartesianTarget,1,True,True,True,False,0.0,-90.0,90.0,0.0,90.0,0.0,445.0,0.0,810.0,180.0,0.0,180.0,False,True,
2115,/kuka/axis_move/feedback_json,std_msgs/msg/String,2026-08-18T20:44:45.969094-04:00,1787100285,969055678,1787100285969055678,167.417297,,,,3228,3227,1,0,0,3228,CartesianTarget,1,True,True,True,False,0.0,-90.0,90.0,0.0,90.0,0.0,445.0,0.0,810.0,180.0,0.0,180.0,False,True,
2116,/kuka/axis_move/feedback_json,std_msgs/msg/String,2026-08-18T20:44:46.077614-04:00,1787100286,77607939,1787100286077607939,108.552261,,,,3229,3228,1,0,0,3229,CartesianTarget,1,True,True,True,False,0.0,-90.0,90.0,0.0,90.0,0.0,445.0,0.0,810.0,180.0,0.0,180.0,False,True,
2117,/kuka/axis_move/feedback_json,std_msgs/msg/String,2026-08-18T20:44:46.186883-04:00,1787100286,186872190,1787100286186872190,109.264251,,,,3230,3229,1,0,0,3230,CartesianTarget,1,True,True,True,False,0.0,-90.0,90.0,0.0,90.0,0.0,445.0,0.0,810.0,180.0,0.0,180.0,False,True,
2118,/kuka/axis_move/feedback_json,std_msgs/msg/String,2026-08-18T20:44:46.295099-04:00,1787100286,295091449,1787100286295091449,108.219259,,,,3231,3230,1,0,0,3231,CartesianTarget,1,True,True,True,False,0.0,-90.0,90.0,0.0,90.0,0.0,445.0,0.0,810.0,180.0,0.0,180.0,False,True,
2119,/kuka/axis_move/feedback_json,std_msgs/msg/String,2026-08-18T20:44:46.404719-04:00,1787100286,404708764,1787100286404708764,109.617315,,,,3232,3231,1,0,0,3232,CartesianTarget,1,True,True,True,False,0.0,-90.0,90.0,0.0,90.0,0.0,445.0,0.0,810.0,180.0,0.0,180.0,False,True,
2120,/kuka/axis_move/feedback_json,std_msgs/msg/String,2026-08-18T20:44:46.573527-04:00,1787100286,573520796,1787100286573520796,168.812032,,,,3233,3232,1,0,0,3233,CartesianTarget,1,True,True,True,False,0.0,-90.0,90.0,0.0,90.0,0.0,445.0,0.0,810.0,180.0,0.0,180.0,False,True,
2121,/kuka/axis_move/feedback_json,std_msgs/msg/String,2026-08-18T20:44:46.682523-04:00,1787100286,682507426,1787100286682507426,108.98663,,,,3234,3233,1,0,0,3234,CartesianTarget,1,True,True,True,False,0.0,-90.0,90.0,0.0,90.0,0.0,445.0,0.0,810.0,180.0,0.0,180.0,False,True,
2122,/kuka/axis_move/feedback_json,std_msgs/msg/String,2026-08-18T20:44:46.793111-04:00,1787100286,793099198,1787100286793099198,110.591772,,,,3235,3234,1,0,0,3235,CartesianTarget,1,True,True,True,False,0.0,-90.0,90.0,0.0,90.0,0.0,445.0,0.0,810.0,180.0,0.0,180.0,False,True,
2123,/kuka/axis_move/feedback_json,std_msgs/msg/String,2026-08-18T20:44:46.906025-04:00,1787100286,906018123,1787100286906018123,112.918925,,,,3236,3235,1,0,0,3236,CartesianTarget,1,True,True,True,False,0.0,-90.0,90.0,0.0,90.0,0.0,445.0,0.0,810.0,180.0,0.0,180.0,False,True,
2124,/kuka/axis_move/feedback_json,std_msgs/msg/String,2026-08-18T20:44:47.071281-04:00,1787100287,71274256,1787100287071274256,165.256133,,,,3237,3236,1,0,0,3237,CartesianTarget,1,True,True,True,False,0.0,-90.0,90.0,0.0,90.0,0.0,445.0,0.0,810.0,180.0,0.0,180.0,False,True,
2125,/kuka/axis_move/feedback_json,std_msgs/msg/String,2026-08-18T20:44:47.182755-04:00,1787100287,182743350,1787100287182743350,111.469094,,,,3238,3237,1,0,0,3238,CartesianTarget,1,True,True,True,False,0.0,-90.0,90.0,0.0,90.0,0.0,445.0,0.0,810.0,180.0,0.0,180.0,False,True,
2126,/kuka/axis_move/feedback_json,std_msgs/msg/String,2026-08-18T20:44:47.290500-04:00,1787100287,290488778,1787100287290488778,107.745428,,,,3239,3238,1,0,0,3239,CartesianTarget,1,True,True,True,False,0.0,-90.0,90.0,0.0,90.0,0.0,445.0,0.0,810.0,180.0,0.0,180.0,False,True,
2127,/kuka/axis_move/feedback_json,std_msgs/msg/String,2026-08-18T20:44:47.397918-04:00,1787100287,397907930,1787100287397907930,107.419152,,,,3240,3239,1,0,0,3240,CartesianTarget,1,True,True,True,False,0.0,-90.0,90.0,0.0,90.0,0.0,445.0,0.0,810.0,180.0,0.0,180.0,False,True,
2128,/kuka/axis_move/feedback_json,std_msgs/msg/String,2026-08-18T20:44:47.507955-04:00,1787100287,507940888,1787100287507940888,110.032958,,,,3241,3240,1,0,0,3241,CartesianTarget,1,True,True,True,False,0.0,-90.0,90.0,0.0,90.0,0.0,445.0,0.0,810.0,180.0,0.0,180.0,False,True,
2129,/kuka/axis_move/feedback_json,std_msgs/msg/String,2026-08-18T20:44:47.671948-04:00,1787100287,671940261,1787100287671940261,163.999373,,,,3242,3241,1,0,0,3242,CartesianTarget,1,True,True,True,False,0.0,-90.0,90.0,0.0,90.0,0.0,445.0,0.0,810.0,180.0,0.0,180.0,False,True,
2130,/kuka/axis_move/feedback_json,std_msgs/msg/String,2026-08-18T20:44:47.781399-04:00,1787100287,781388100,1787100287781388100,109.447839,,,,3243,3242,1,0,0,3243,CartesianTarget,1,True,True,True,False,0.0,-90.0,90.0,0.0,90.0,0.0,445.0,0.0,810.0,180.0,0.0,180.0,False,True,
2131,/kuka/axis_move/feedback_json,std_msgs/msg/String,2026-08-18T20:44:47.891777-04:00,1787100287,891765043,1787100287891765043,110.376943,,,,3244,3243,1,0,0,3244,CartesianTarget,1,True,True,True,False,0.0,-90.0,90.0,0.0,90.0,0.0,445.0,0.0,810.0,180.0,0.0,180.0,False,True,
2132,/kuka/axis_move/feedback_json,std_msgs/msg/String,2026-08-18T20:44:47.997452-04:00,1787100287,997422273,1787100287997422273,105.65723,,,,3245,3244,1,0,0,3245,CartesianTarget,1,True,True,True,False,0.0,-90.0,90.0,0.0,90.0,0.0,445.0,0.0,810.0,180.0,0.0,180.0,False,True,
2133,/kuka/axis_move/feedback_json,std_msgs/msg/String,2026-08-18T20:44:48.105081-04:00,1787100288,105070616,1787100288105070616,107.648343,,,,3246,3245,1,0,0,3246,CartesianTarget,1,True,True,True,False,0.0,-90.0,90.0,0.0,90.0,0.0,445.0,0.0,810.0,180.0,0.0,180.0,False,True,
2134,/kuka/axis_move/feedback_json,std_msgs/msg/String,2026-08-18T20:44:48.274270-04:00,1787100288,274264469,1787100288274264469,169.193853,,,,3247,3246,1,0,0,3247,CartesianTarget,1,True,True,True,False,0.0,-90.0,90.0,0.0,90.0,0.0,445.0,0.0,810.0,180.0,0.0,180.0,False,True,
2135,/kuka/axis_move/feedback_json,std_msgs/msg/String,2026-08-18T20:44:48.382062-04:00,1787100288,382055443,1787100288382055443,107.790974,,,,3248,3247,1,0,0,3248,CartesianTarget,1,True,True,True,False,0.0,-90.0,90.0,0.0,90.0,0.0,445.0,0.0,810.0,180.0,0.0,180.0,False,True,
2136,/kuka/axis_move/feedback_json,std_msgs/msg/String,2026-08-18T20:44:48.494105-04:00,1787100288,494090060,1787100288494090060,112.034617,,,,3249,3248,1,0,0,3249,CartesianTarget,1,True,True,True,False,0.0,-90.0,90.0,0.0,90.0,0.0,445.0,0.0,810.0,180.0,0.0,180.0,False,True,
2137,/kuka/axis_move/feedback_json,std_msgs/msg/String,2026-08-18T20:44:48.602298-04:00,1787100288,602291714,1787100288602291714,108.201654,,,,3250,3249,1,0,0,3250,CartesianTarget,1,True,True,True,False,0.0,-90.0,90.0,0.0,90.0,0.0,445.0,0.0,810.0,180.0,0.0,180.0,False,True,
2138,/kuka/axis_move/feedback_json,std_msgs/msg/String,2026-08-18T20:44:48.710930-04:00,1787100288,710920338,1787100288710920338,108.628624,,,,3251,3250,1,0,0,3251,CartesianTarget,1,True,True,True,False,0.0,-90.0,90.0,0.0,90.0,0.0,445.0,0.0,810.0,180.0,0.0,180.0,False,True,
2139,/kuka/axis_move/feedback_json,std_msgs/msg/String,2026-08-18T20:44:48.890076-04:00,1787100288,890065831,1787100288890065831,179.145493,,,,3252,3251,1,0,0,3252,CartesianTarget,1,True,True,True,False,0.0,-90.0,90.0,0.0,90.0,0.0,445.0,0.0,810.0,180.0,0.0,180.0,False,True,
2140,/kuka/axis_move/feedback_json,std_msgs/msg/String,2026-08-18T20:44:49.007374-04:00,1787100289,7363528,1787100289007363528,117.297697,,,,3253,3252,1,0,0,3253,CartesianTarget,1,True,True,True,False,0.0,-90.0,90.0,0.0,90.0,0.0,445.0,0.0,810.0,180.0,0.0,180.0,False,True,
2141,/kuka/axis_move/feedback_json,std_msgs/msg/String,2026-08-18T20:44:49.117040-04:00,1787100289,117017706,1787100289117017706,109.654178,,,,3254,3253,1,0,0,3254,CartesianTarget,1,True,True,True,False,0.0,-90.0,90.0,0.0,90.0,0.0,445.0,0.0,810.0,180.0,0.0,180.0,False,True,
2142,/kuka/axis_move/feedback_json,std_msgs/msg/String,2026-08-18T20:44:49.225819-04:00,1787100289,225808390,1787100289225808390,108.790684,,,,3255,3254,1,0,0,3255,CartesianTarget,1,True,True,True,False,0.0,-90.0,90.0,0.0,90.0,0.0,445.0,0.0,810.0,180.0,0.0,180.0,False,True,
2143,/kuka/axis_move/feedback_json,std_msgs/msg/String,2026-08-18T20:44:49.405873-04:00,1787100289,405868082,1787100289405868082,180.059692,,,,3256,3255,1,0,0,3256,CartesianTarget,1,True,True,True,False,0.0,-90.0,90.0,0.0,90.0,0.0,445.0,0.0,810.0,180.0,0.0,180.0,False,True,
2144,/kuka/axis_move/feedback_json,std_msgs/msg/String,2026-08-18T20:44:49.515923-04:00,1787100289,515914804,1787100289515914804,110.046722,,,,3257,3256,1,0,0,3257,CartesianTarget,1,True,True,True,False,0.0,-90.0,90.0,0.0,90.0,0.0,445.0,0.0,810.0,180.0,0.0,180.0,False,True,
2145,/kuka/axis_move/feedback_json,std_msgs/msg/String,2026-08-18T20:44:49.625664-04:00,1787100289,625655884,1787100289625655884,109.74108,,,,3258,3257,1,0,0,3258,CartesianTarget,1,True,True,True,False,0.0,-90.0,90.0,0.0,90.0,0.0,445.0,0.0,810.0,180.0,0.0,180.0,False,True,
2146,/kuka/axis_move/feedback_json,std_msgs/msg/String,2026-08-18T20:44:49.739239-04:00,1787100289,739227088,1787100289739227088,113.571204,,,,3259,3258,1,0,0,3259,CartesianTarget,1,True,True,True,False,0.0,-90.0,90.0,0.0,90.0,0.0,445.0,0.0,810.0,180.0,0.0,180.0,False,True,
2147,/kuka/axis_move/feedback_json,std_msgs/msg/String,2026-08-18T20:44:49.917434-04:00,1787100289,917425928,1787100289917425928,178.19884,,,,3260,3259,1,0,0,3260,CartesianTarget,1,True,True,True,False,0.0,-90.0,90.0,0.0,90.0,0.0,445.0,0.0,810.0,180.0,0.0,180.0,False,True,
2148,/kuka/axis_move/feedback_json,std_msgs/msg/String,2026-08-18T20:44:50.024041-04:00,1787100290,24034673,1787100290024034673,106.608745,,,,3261,3260,1,0,0,3261,CartesianTarget,1,True,True,True,False,0.0,-90.0,90.0,0.0,90.0,0.0,445.0,0.0,810.0,180.0,0.0,180.0,False,True,
2149,/kuka/axis_move/feedback_json,std_msgs/msg/String,2026-08-18T20:44:50.135183-04:00,1787100290,135171121,1787100290135171121,111.136448,,,,3262,3261,1,0,0,3262,CartesianTarget,1,True,True,True,False,0.0,-90.0,90.0,0.0,90.0,0.0,445.0,0.0,810.0,180.0,0.0,180.0,False,True,
2150,/kuka/axis_move/feedback_json,std_msgs/msg/String,2026-08-18T20:44:50.243241-04:00,1787100290,243234409,1787100290243234409,108.063288,,,,3263,3262,1,0,0,3263,CartesianTarget,1,True,True,True,False,0.0,-90.0,90.0,0.0,90.0,0.0,445.0,0.0,810.0,180.0,0.0,180.0,False,True,
2151,/kuka/axis_move/feedback_json,std_msgs/msg/String,2026-08-18T20:44:50.416350-04:00,1787100290,416338759,1787100290416338759,173.10435,,,,3264,3263,1,0,0,3264,CartesianTarget,1,True,True,True,False,0.0,-90.0,90.0,0.0,90.0,0.0,445.0,0.0,810.0,180.0,0.0,180.0,False,True,
2152,/kuka/axis_move/feedback_json,std_msgs/msg/String,2026-08-18T20:44:50.526744-04:00,1787100290,526731343,1787100290526731343,110.392584,,,,3265,3264,1,0,0,3265,CartesianTarget,1,True,True,True,False,0.0,-90.0,90.0,0.0,90.0,0.0,445.0,0.0,810.0,180.0,0.0,180.0,False,True,
2153,/kuka/axis_move/feedback_json,std_msgs/msg/String,2026-08-18T20:44:50.631295-04:00,1787100290,631289398,1787100290631289398,104.558055,,,,3266,3265,1,0,0,3266,CartesianTarget,1,True,True,True,False,0.0,-90.0,90.0,0.0,90.0,0.0,445.0,0.0,810.0,180.0,0.0,180.0,False,True,
2154,/kuka/axis_move/feedback_json,std_msgs/msg/String,2026-08-18T20:44:50.737925-04:00,1787100290,737914380,1787100290737914380,106.624982,,,,3267,3266,1,0,0,3267,CartesianTarget,1,True,True,True,False,0.0,-90.0,90.0,0.0,90.0,0.0,445.0,0.0,810.0,180.0,0.0,180.0,False,True,
2155,/kuka/axis_move/feedback_json,std_msgs/msg/String,2026-08-18T20:44:50.849712-04:00,1787100290,849705413,1787100290849705413,111.791033,,,,3268,3267,1,0,0,3268,CartesianTarget,1,True,True,True,False,0.0,-90.0,90.0,0.0,90.0,0.0,445.0,0.0,810.0,180.0,0.0,180.0,False,True,
2156,/kuka/axis_move/feedback_json,std_msgs/msg/String,2026-08-18T20:44:51.025521-04:00,1787100291,25504816,1787100291025504816,175.799403,,,,3269,3268,1,0,0,3269,CartesianTarget,1,True,True,True,False,0.0,-90.0,90.0,0.0,90.0,0.0,445.0,0.0,810.0,180.0,0.0,180.0,False,True,
2157,/kuka/axis_move/feedback_json,std_msgs/msg/String,2026-08-18T20:44:51.128979-04:00,1787100291,128971462,1787100291128971462,103.466646,,,,3270,3269,1,0,0,3270,CartesianTarget,1,True,True,True,False,0.0,-90.0,90.0,0.0,90.0,0.0,445.0,0.0,810.0,180.0,0.0,180.0,False,True,
2158,/kuka/axis_move/feedback_json,std_msgs/msg/String,2026-08-18T20:44:51.241309-04:00,1787100291,241300378,1787100291241300378,112.328916,,,,3271,3270,1,0,0,3271,CartesianTarget,1,True,True,True,False,0.0,-90.0,90.0,0.0,90.0,0.0,445.0,0.0,810.0,180.0,0.0,180.0,False,True,
2159,/kuka/axis_move/feedback_json,std_msgs/msg/String,2026-08-18T20:44:51.349412-04:00,1787100291,349395077,1787100291349395077,108.094699,,,,3272,3271,1,0,0,3272,CartesianTarget,1,True,True,True,False,0.0,-90.0,90.0,0.0,90.0,0.0,445.0,0.0,810.0,180.0,0.0,180.0,False,True,
2160,/kuka/axis_move/feedback_json,std_msgs/msg/String,2026-08-18T20:44:51.461847-04:00,1787100291,461840331,1787100291461840331,112.445254,,,,3273,3272,1,0,0,3273,CartesianTarget,1,True,True,True,False,0.0,-90.0,90.0,0.0,90.0,0.0,445.0,0.0,810.0,180.0,0.0,180.0,False,True,
2161,/kuka/axis_move/feedback_json,std_msgs/msg/String,2026-08-18T20:44:51.635813-04:00,1787100291,635801070,1787100291635801070,173.960739,,,,3274,3273,1,0,0,3274,CartesianTarget,1,True,True,True,False,0.0,-90.0,90.0,0.0,90.0,0.0,445.0,0.0,810.0,180.0,0.0,180.0,False,True,
2162,/kuka/axis_move/feedback_json,std_msgs/msg/String,2026-08-18T20:44:51.745258-04:00,1787100291,745231005,1787100291745231005,109.429935,,,,3275,3274,1,0,0,3275,CartesianTarget,1,True,True,True,False,0.0,-90.0,90.0,0.0,90.0,0.0,445.0,0.0,810.0,180.0,0.0,180.0,False,True,
2163,/kuka/axis_move/feedback_json,std_msgs/msg/String,2026-08-18T20:44:51.856935-04:00,1787100291,856924218,1787100291856924218,111.693213,,,,3276,3275,1,0,0,3276,CartesianTarget,1,True,True,True,False,0.0,-90.0,90.0,0.0,90.0,0.0,445.0,0.0,810.0,180.0,0.0,180.0,False,True,
2164,/kuka/axis_move/feedback_json,std_msgs/msg/String,2026-08-18T20:44:52.039829-04:00,1787100292,39818477,1787100292039818477,182.894259,,,,3277,3276,1,0,0,3277,CartesianTarget,1,True,True,True,False,0.0,-90.0,90.0,0.0,90.0,0.0,445.0,0.0,810.0,180.0,0.0,180.0,False,True,
2165,/kuka/axis_move/feedback_json,std_msgs/msg/String,2026-08-18T20:44:52.210055-04:00,1787100292,210044427,1787100292210044427,170.22595,,,,3278,3277,1,0,0,3278,CartesianTarget,1,True,True,True,False,0.0,-90.0,90.0,0.0,90.0,0.0,445.0,0.0,810.0,180.0,0.0,180.0,False,True,
2166,/kuka/axis_move/feedback_json,std_msgs/msg/String,2026-08-18T20:44:52.324683-04:00,1787100292,324672464,1787100292324672464,114.628037,,,,3279,3278,1,0,0,3279,CartesianTarget,1,True,True,True,False,0.0,-90.0,90.0,0.0,90.0,0.0,445.0,0.0,810.0,180.0,0.0,180.0,False,True,
2167,/kuka/axis_move/feedback_json,std_msgs/msg/String,2026-08-18T20:44:52.495524-04:00,1787100292,495513651,1787100292495513651,170.841187,,,,3280,3279,1,0,0,3280,CartesianTarget,1,True,True,True,False,0.0,-90.0,90.0,0.0,90.0,0.0,445.0,0.0,810.0,180.0,0.0,180.0,False,True,
2168,/kuka/axis_move/feedback_json,std_msgs/msg/String,2026-08-18T20:44:52.669043-04:00,1787100292,669036715,1787100292669036715,173.523064,,,,3281,3280,1,0,0,3281,CartesianTarget,1,True,True,True,False,0.0,-90.0,90.0,0.0,90.0,0.0,445.0,0.0,810.0,180.0,0.0,180.0,False,True,
2169,/kuka/axis_move/feedback_json,std_msgs/msg/String,2026-08-18T20:44:52.841685-04:00,1787100292,841653792,1787100292841653792,172.617077,,,,3282,3281,1,0,0,3282,CartesianTarget,1,True,True,True,False,0.0,-90.0,90.0,0.0,90.0,0.0,445.0,0.0,810.0,180.0,0.0,180.0,False,True,
2170,/kuka/axis_move/feedback_json,std_msgs/msg/String,2026-08-18T20:44:52.948426-04:00,1787100292,948415426,1787100292948415426,106.761634,,,,3283,3282,1,0,0,3283,CartesianTarget,1,True,True,True,False,0.0,-90.0,90.0,0.0,90.0,0.0,445.0,0.0,810.0,180.0,0.0,180.0,False,True,
2171,/kuka/axis_move/feedback_json,std_msgs/msg/String,2026-08-18T20:44:53.123932-04:00,1787100293,123919481,1787100293123919481,175.504055,,,,3284,3283,1,0,0,3284,CartesianTarget,1,True,True,True,False,0.0,-90.0,90.0,0.0,90.0,0.0,445.0,0.0,810.0,180.0,0.0,180.0,False,True,
2172,/kuka/axis_move/feedback_json,std_msgs/msg/String,2026-08-18T20:44:53.293318-04:00,1787100293,293307498,1787100293293307498,169.388017,,,,3285,3284,1,0,0,3285,CartesianTarget,1,True,True,True,False,0.0,-90.0,90.0,0.0,90.0,0.0,445.0,0.0,810.0,180.0,0.0,180.0,False,True,
2173,/kuka/axis_move/feedback_json,std_msgs/msg/String,2026-08-18T20:44:53.460714-04:00,1787100293,460702882,1787100293460702882,167.395384,,,,3286,3285,1,0,0,3286,CartesianTarget,1,True,True,True,False,0.0,-90.0,90.0,0.0,90.0,0.0,445.0,0.0,810.0,180.0,0.0,180.0,False,True,
2174,/kuka/axis_move/feedback_json,std_msgs/msg/String,2026-08-18T20:44:53.569773-04:00,1787100293,569766405,1787100293569766405,109.063523,,,,3287,3286,1,0,0,3287,CartesianTarget,1,True,True,True,False,0.0,-90.0,90.0,0.0,90.0,0.0,445.0,0.0,810.0,180.0,0.0,180.0,False,True,
2175,/kuka/axis_move/feedback_json,std_msgs/msg/String,2026-08-18T20:44:53.742336-04:00,1787100293,742325720,1787100293742325720,172.559315,,,,3288,3287,1,0,0,3288,CartesianTarget,1,True,True,True,False,0.0,-90.0,90.0,0.0,90.0,0.0,445.0,0.0,810.0,180.0,0.0,180.0,False,True,
2176,/kuka/axis_move/feedback_json,std_msgs/msg/String,2026-08-18T20:44:53.914269-04:00,1787100293,914253385,1787100293914253385,171.927665,,,,3289,3288,1,0,0,3289,CartesianTarget,1,True,True,True,False,0.0,-90.0,90.0,0.0,90.0,0.0,445.0,0.0,810.0,180.0,0.0,180.0,False,True,
2177,/kuka/axis_move/feedback_json,std_msgs/msg/String,2026-08-18T20:44:54.027472-04:00,1787100294,27443449,1787100294027443449,113.190064,,,,3290,3289,1,0,0,3290,CartesianTarget,1,True,True,True,False,0.0,-90.0,90.0,0.0,90.0,0.0,445.0,0.0,810.0,180.0,0.0,180.0,False,True,
2178,/kuka/axis_move/feedback_json,std_msgs/msg/String,2026-08-18T20:44:54.197680-04:00,1787100294,197667637,1787100294197667637,170.224188,,,,3291,3290,1,0,0,3291,CartesianTarget,1,True,True,True,False,0.0,-90.0,90.0,0.0,90.0,0.0,445.0,0.0,810.0,180.0,0.0,180.0,False,True,
2179,/kuka/axis_move/feedback_json,std_msgs/msg/String,2026-08-18T20:44:54.370453-04:00,1787100294,370439533,1787100294370439533,172.771896,,,,3292,3291,1,0,0,3292,CartesianTarget,1,True,True,True,False,0.0,-90.0,90.0,0.0,90.0,0.0,445.0,0.0,810.0,180.0,0.0,180.0,False,True,
2180,/kuka/axis_move/feedback_json,std_msgs/msg/String,2026-08-18T20:44:54.539976-04:00,1787100294,539965294,1787100294539965294,169.525761,,,,3293,3292,1,0,0,3293,CartesianTarget,1,True,True,True,False,0.0,-90.0,90.0,0.0,90.0,0.0,445.0,0.0,810.0,180.0,0.0,180.0,False,True,
2181,/kuka/axis_move/feedback_json,std_msgs/msg/String,2026-08-18T20:44:54.708603-04:00,1787100294,708590392,1787100294708590392,168.625098,,,,3294,3293,1,0,0,3294,CartesianTarget,1,True,True,True,False,0.0,-90.0,90.0,0.0,90.0,0.0,445.0,0.0,810.0,180.0,0.0,180.0,False,True,
2182,/kuka/axis_move/feedback_json,std_msgs/msg/String,2026-08-18T20:44:54.818324-04:00,1787100294,818317391,1787100294818317391,109.726999,,,,3295,3294,1,0,0,3295,CartesianTarget,1,True,True,True,False,0.0,-90.0,90.0,0.0,90.0,0.0,445.0,0.0,810.0,180.0,0.0,180.0,False,True,
2183,/kuka/axis_move/feedback_json,std_msgs/msg/String,2026-08-18T20:44:54.996174-04:00,1787100294,996162344,1787100294996162344,177.844953,,,,3296,3295,1,0,0,3296,CartesianTarget,1,True,True,True,False,0.0,-90.0,90.0,0.0,90.0,0.0,445.0,0.0,810.0,180.0,0.0,180.0,False,True,
2184,/kuka/axis_move/feedback_json,std_msgs/msg/String,2026-08-18T20:44:55.166796-04:00,1787100295,166789922,1787100295166789922,170.627578,,,,3297,3296,1,0,0,3297,CartesianTarget,1,True,True,True,False,0.0,-90.0,90.0,0.0,90.0,0.0,445.0,0.0,810.0,180.0,0.0,180.0,False,True,
2185,/kuka/axis_move/feedback_json,std_msgs/msg/String,2026-08-18T20:44:55.272742-04:00,1787100295,272736493,1787100295272736493,105.946571,,,,3298,3297,1,0,0,3298,CartesianTarget,1,True,True,True,False,0.0,-90.0,90.0,0.0,90.0,0.0,445.0,0.0,810.0,180.0,0.0,180.0,False,True,
2186,/kuka/axis_move/feedback_json,std_msgs/msg/String,2026-08-18T20:44:55.377196-04:00,1787100295,377190515,1787100295377190515,104.454022,,,,3299,3298,1,0,0,3299,CartesianTarget,1,True,True,True,False,0.0,-90.0,90.0,0.0,90.0,0.0,445.0,0.0,810.0,180.0,0.0,180.0,False,True,
2187,/kuka/axis_move/feedback_json,std_msgs/msg/String,2026-08-18T20:44:55.485130-04:00,1787100295,485124560,1787100295485124560,107.934045,,,,3300,3299,1,0,0,3300,CartesianTarget,1,True,True,True,False,0.0,-90.0,90.0,0.0,90.0,0.0,445.0,0.0,810.0,180.0,0.0,180.0,False,True,
2188,/kuka/axis_move/feedback_json,std_msgs/msg/String,2026-08-18T20:44:55.591317-04:00,1787100295,591306587,1787100295591306587,106.182027,,,,3301,3300,1,0,0,3301,CartesianTarget,1,True,True,True,False,0.0,-90.0,90.0,0.0,90.0,0.0,445.0,0.0,810.0,180.0,0.0,180.0,False,True,
2189,/kuka/axis_move/feedback_json,std_msgs/msg/String,2026-08-18T20:44:55.764175-04:00,1787100295,764156456,1787100295764156456,172.849869,,,,3302,3301,1,0,0,3302,CartesianTarget,1,True,True,True,False,0.0,-90.0,90.0,0.0,90.0,0.0,445.0,0.0,810.0,180.0,0.0,180.0,False,True,
2190,/kuka/axis_move/feedback_json,std_msgs/msg/String,2026-08-18T20:44:55.874484-04:00,1787100295,874474487,1787100295874474487,110.318031,,,,3303,3302,1,0,0,3303,CartesianTarget,1,True,True,True,False,0.0,-90.0,90.0,0.0,90.0,0.0,445.0,0.0,810.0,180.0,0.0,180.0,False,True,
2191,/kuka/axis_move/feedback_json,std_msgs/msg/String,2026-08-18T20:44:55.986609-04:00,1787100295,986591532,1787100295986591532,112.117045,,,,3304,3303,1,0,0,3304,CartesianTarget,1,True,True,True,False,0.0,-90.0,90.0,0.0,90.0,0.0,445.0,0.0,810.0,180.0,0.0,180.0,False,True,
2192,/kuka/axis_move/feedback_json,std_msgs/msg/String,2026-08-18T20:44:56.093976-04:00,1787100296,93969913,1787100296093969913,107.378381,,,,3305,3304,1,0,0,3305,CartesianTarget,1,True,True,True,False,0.0,-90.0,90.0,0.0,90.0,0.0,445.0,0.0,810.0,180.0,0.0,180.0,False,True,
2193,/kuka/axis_move/feedback_json,std_msgs/msg/String,2026-08-18T20:44:56.269678-04:00,1787100296,269653469,1787100296269653469,175.683556,,,,3306,3305,1,0,0,3306,CartesianTarget,1,True,True,True,False,0.0,-90.0,90.0,0.0,90.0,0.0,445.0,0.0,810.0,180.0,0.0,180.0,False,True,
2194,/kuka/axis_move/feedback_json,std_msgs/msg/String,2026-08-18T20:44:56.377226-04:00,1787100296,377205011,1787100296377205011,107.551542,,,,3307,3306,1,0,0,3307,CartesianTarget,1,True,True,True,False,0.0,-90.0,90.0,0.0,90.0,0.0,445.0,0.0,810.0,180.0,0.0,180.0,False,True,
2195,/kuka/axis_move/feedback_json,std_msgs/msg/String,2026-08-18T20:44:56.489380-04:00,1787100296,489374458,1787100296489374458,112.169447,,,,3308,3307,1,0,0,3308,CartesianTarget,1,True,True,True,False,0.0,-90.0,90.0,0.0,90.0,0.0,445.0,0.0,810.0,180.0,0.0,180.0,False,True,
2196,/kuka/axis_move/feedback_json,std_msgs/msg/String,2026-08-18T20:44:56.599462-04:00,1787100296,599453625,1787100296599453625,110.079167,,,,3309,3308,1,0,0,3309,CartesianTarget,1,True,True,True,False,0.0,-90.0,90.0,0.0,90.0,0.0,445.0,0.0,810.0,180.0,0.0,180.0,False,True,
2197,/kuka/axis_move/feedback_json,std_msgs/msg/String,2026-08-18T20:44:56.778977-04:00,1787100296,778968936,1787100296778968936,179.515311,,,,3310,3309,1,0,0,3310,CartesianTarget,1,True,True,True,False,0.0,-90.0,90.0,0.0,90.0,0.0,445.0,0.0,810.0,180.0,0.0,180.0,False,True,
2198,/kuka/axis_move/feedback_json,std_msgs/msg/String,2026-08-18T20:44:56.893845-04:00,1787100296,893836044,1787100296893836044,114.867108,,,,3311,3310,1,0,0,3311,CartesianTarget,1,True,True,True,False,0.0,-90.0,90.0,0.0,90.0,0.0,445.0,0.0,810.0,180.0,0.0,180.0,False,True,
2199,/kuka/axis_move/feedback_json,std_msgs/msg/String,2026-08-18T20:44:57.002143-04:00,1787100297,2128169,1787100297002128169,108.292125,,,,3312,3311,1,0,0,3312,CartesianTarget,1,True,True,True,False,0.0,-90.0,90.0,0.0,90.0,0.0,445.0,0.0,810.0,180.0,0.0,180.0,False,True,
2200,/kuka/axis_move/feedback_json,std_msgs/msg/String,2026-08-18T20:44:57.112679-04:00,1787100297,112667342,1787100297112667342,110.539173,,,,3313,3312,1,0,0,3313,CartesianTarget,1,True,True,True,False,0.0,-90.0,90.0,0.0,90.0,0.0,445.0,0.0,810.0,180.0,0.0,180.0,False,True,
2201,/kuka/axis_move/feedback_json,std_msgs/msg/String,2026-08-18T20:44:57.283271-04:00,1787100297,283264681,1787100297283264681,170.597339,,,,3314,3313,1,0,0,3314,CartesianTarget,1,True,True,True,False,0.0,-90.0,90.0,0.0,90.0,0.0,445.0,0.0,810.0,180.0,0.0,180.0,False,True,
2202,/kuka/axis_move/feedback_json,std_msgs/msg/String,2026-08-18T20:44:57.391469-04:00,1787100297,391441391,1787100297391441391,108.17671,,,,3315,3314,1,0,0,3315,CartesianTarget,1,True,True,True,False,0.0,-90.0,90.0,0.0,90.0,0.0,445.0,0.0,810.0,180.0,0.0,180.0,False,True,
2203,/kuka/axis_move/feedback_json,std_msgs/msg/String,2026-08-18T20:44:57.502140-04:00,1787100297,502134026,1787100297502134026,110.692635,,,,3316,3315,1,0,0,3316,CartesianTarget,1,True,True,True,False,0.0,-90.0,90.0,0.0,90.0,0.0,445.0,0.0,810.0,180.0,0.0,180.0,False,True,
2204,/kuka/axis_move/feedback_json,std_msgs/msg/String,2026-08-18T20:44:57.611784-04:00,1787100297,611773533,1787100297611773533,109.639507,,,,3317,3316,1,0,0,3317,CartesianTarget,1,True,True,True,False,0.0,-90.0,90.0,0.0,90.0,0.0,445.0,0.0,810.0,180.0,0.0,180.0,False,True,
2205,/kuka/axis_move/feedback_json,std_msgs/msg/String,2026-08-18T20:44:57.726013-04:00,1787100297,726007079,1787100297726007079,114.233546,,,,3318,3317,1,0,0,3318,CartesianTarget,1,True,True,True,False,0.0,-90.0,90.0,0.0,90.0,0.0,445.0,0.0,810.0,180.0,0.0,180.0,False,True,
2206,/kuka/axis_move/feedback_json,std_msgs/msg/String,2026-08-18T20:44:57.893175-04:00,1787100297,893164017,1787100297893164017,167.156938,,,,3319,3318,1,0,0,3319,CartesianTarget,1,True,True,True,False,0.0,-90.0,90.0,0.0,90.0,0.0,445.0,0.0,810.0,180.0,0.0,180.0,False,True,
2207,/kuka/axis_move/feedback_json,std_msgs/msg/String,2026-08-18T20:44:58.000037-04:00,1787100298,9496,1787100298000009496,106.845479,,,,3320,3319,1,0,0,3320,CartesianTarget,1,True,True,True,False,0.0,-90.0,90.0,0.0,90.0,0.0,445.0,0.0,810.0,180.0,0.0,180.0,False,True,
2208,/kuka/axis_move/feedback_json,std_msgs/msg/String,2026-08-18T20:44:58.104263-04:00,1787100298,104252728,1787100298104252728,104.243232,,,,3321,3320,1,0,0,3321,CartesianTarget,1,True,True,True,False,0.0,-90.0,90.0,0.0,90.0,0.0,445.0,0.0,810.0,180.0,0.0,180.0,False,True,
2209,/kuka/axis_move/feedback_json,std_msgs/msg/String,2026-08-18T20:44:58.211870-04:00,1787100298,211858192,1787100298211858192,107.605464,,,,3322,3321,1,0,0,3322,CartesianTarget,1,True,True,True,False,0.0,-90.0,90.0,0.0,90.0,0.0,445.0,0.0,810.0,180.0,0.0,180.0,False,True,
2210,/kuka/axis_move/feedback_json,std_msgs/msg/String,2026-08-18T20:44:58.328203-04:00,1787100298,328191788,1787100298328191788,116.333596,,,,3323,3322,1,0,0,3323,CartesianTarget,1,True,True,True,False,0.0,-90.0,90.0,0.0,90.0,0.0,445.0,0.0,810.0,180.0,0.0,180.0,False,True,
2211,/kuka/axis_move/feedback_json,std_msgs/msg/String,2026-08-18T20:44:58.502024-04:00,1787100298,502012618,1787100298502012618,173.82083,,,,3324,3323,1,0,0,3324,CartesianTarget,1,True,True,True,False,0.0,-90.0,90.0,0.0,90.0,0.0,445.0,0.0,810.0,180.0,0.0,180.0,False,True,
2212,/kuka/axis_move/feedback_json,std_msgs/msg/String,2026-08-18T20:44:58.610594-04:00,1787100298,610582674,1787100298610582674,108.570056,,,,3325,3324,1,0,0,3325,CartesianTarget,1,True,True,True,False,0.0,-90.0,90.0,0.0,90.0,0.0,445.0,0.0,810.0,180.0,0.0,180.0,False,True,
2213,/kuka/axis_move/feedback_json,std_msgs/msg/String,2026-08-18T20:44:58.718322-04:00,1787100298,718312924,1787100298718312924,107.73025,,,,3326,3325,1,0,0,3326,CartesianTarget,1,True,True,True,False,0.0,-90.0,90.0,0.0,90.0,0.0,445.0,0.0,810.0,180.0,0.0,180.0,False,True,
2214,/kuka/axis_move/feedback_json,std_msgs/msg/String,2026-08-18T20:44:58.826074-04:00,1787100298,826063785,1787100298826063785,107.750861,,,,3327,3326,1,0,0,3327,CartesianTarget,1,True,True,True,False,0.0,-90.0,90.0,0.0,90.0,0.0,445.0,0.0,810.0,180.0,0.0,180.0,False,True,
2215,/kuka/axis_move/feedback_json,std_msgs/msg/String,2026-08-18T20:44:58.934199-04:00,1787100298,934187084,1787100298934187084,108.123299,,,,3328,3327,1,0,0,3328,CartesianTarget,1,True,True,True,False,0.0,-90.0,90.0,0.0,90.0,0.0,445.0,0.0,810.0,180.0,0.0,180.0,False,True,
2216,/kuka/axis_move/feedback_json,std_msgs/msg/String,2026-08-18T20:44:59.101078-04:00,1787100299,101071745,1787100299101071745,166.884661,,,,3329,3328,1,0,0,3329,CartesianTarget,1,True,True,True,False,0.0,-90.0,90.0,0.0,90.0,0.0,445.0,0.0,810.0,180.0,0.0,180.0,False,True,
2217,/kuka/axis_move/feedback_json,std_msgs/msg/String,2026-08-18T20:44:59.205524-04:00,1787100299,205519007,1787100299205519007,104.447262,,,,3330,3329,1,0,0,3330,CartesianTarget,1,True,True,True,False,0.0,-90.0,90.0,0.0,90.0,0.0,445.0,0.0,810.0,180.0,0.0,180.0,False,True,
2218,/kuka/axis_move/feedback_json,std_msgs/msg/String,2026-08-18T20:44:59.313768-04:00,1787100299,313750498,1787100299313750498,108.231491,,,,3331,3330,1,0,0,3331,CartesianTarget,1,True,True,True,False,0.0,-90.0,90.0,0.0,90.0,0.0,445.0,0.0,810.0,180.0,0.0,180.0,False,True,
2219,/kuka/axis_move/feedback_json,std_msgs/msg/String,2026-08-18T20:44:59.425386-04:00,1787100299,425354956,1787100299425354956,111.604458,,,,3332,3331,1,0,0,3332,CartesianTarget,1,True,True,True,False,0.0,-90.0,90.0,0.0,90.0,0.0,445.0,0.0,810.0,180.0,0.0,180.0,False,True,
2220,/kuka/axis_move/feedback_json,std_msgs/msg/String,2026-08-18T20:44:59.533132-04:00,1787100299,533126745,1787100299533126745,107.771789,,,,3333,3332,1,0,0,3333,CartesianTarget,1,True,True,True,False,0.0,-90.0,90.0,0.0,90.0,0.0,445.0,0.0,810.0,180.0,0.0,180.0,False,True,
2221,/kuka/axis_move/feedback_json,std_msgs/msg/String,2026-08-18T20:44:59.704061-04:00,1787100299,704051236,1787100299704051236,170.924491,,,,3334,3333,1,0,0,3334,CartesianTarget,1,True,True,True,False,0.0,-90.0,90.0,0.0,90.0,0.0,445.0,0.0,810.0,180.0,0.0,180.0,False,True,
2222,/kuka/axis_move/feedback_json,std_msgs/msg/String,2026-08-18T20:44:59.810481-04:00,1787100299,810473215,1787100299810473215,106.421979,,,,3335,3334,1,0,0,3335,CartesianTarget,1,True,True,True,False,0.0,-90.0,90.0,0.0,90.0,0.0,445.0,0.0,810.0,180.0,0.0,180.0,False,True,
2223,/kuka/axis_move/feedback_json,std_msgs/msg/String,2026-08-18T20:44:59.916569-04:00,1787100299,916557950,1787100299916557950,106.084735,,,,3336,3335,1,0,0,3336,CartesianTarget,1,True,True,True,False,0.0,-90.0,90.0,0.0,90.0,0.0,445.0,0.0,810.0,180.0,0.0,180.0,False,True,
2224,/kuka/axis_move/feedback_json,std_msgs/msg/String,2026-08-18T20:45:00.084486-04:00,1787100300,84474732,1787100300084474732,167.916782,,,,3337,3336,1,0,0,3337,CartesianTarget,1,True,True,True,False,0.0,-90.0,90.0,0.0,90.0,0.0,445.0,0.0,810.0,180.0,0.0,180.0,False,True,
2225,/kuka/axis_move/feedback_json,std_msgs/msg/String,2026-08-18T20:45:00.192617-04:00,1787100300,192603313,1787100300192603313,108.128581,,,,3338,3337,1,0,0,3338,CartesianTarget,1,True,True,True,False,0.0,-90.0,90.0,0.0,90.0,0.0,445.0,0.0,810.0,180.0,0.0,180.0,False,True,
2226,/kuka/axis_move/feedback_json,std_msgs/msg/String,2026-08-18T20:45:00.361359-04:00,1787100300,361348859,1787100300361348859,168.745546,,,,3339,3338,1,0,0,3339,CartesianTarget,1,True,True,True,False,0.0,-90.0,90.0,0.0,90.0,0.0,445.0,0.0,810.0,180.0,0.0,180.0,False,True,
2227,/kuka/axis_move/feedback_json,std_msgs/msg/String,2026-08-18T20:45:00.528665-04:00,1787100300,528641694,1787100300528641694,167.292835,,,,3340,3339,1,0,0,3340,CartesianTarget,1,True,True,True,False,0.0,-90.0,90.0,0.0,90.0,0.0,445.0,0.0,810.0,180.0,0.0,180.0,False,True,
2228,/kuka/axis_move/feedback_json,std_msgs/msg/String,2026-08-18T20:45:00.701093-04:00,1787100300,701087663,1787100300701087663,172.445969,,,,3341,3340,1,0,0,3341,CartesianTarget,1,True,True,True,False,0.0,-90.0,90.0,0.0,90.0,0.0,445.0,0.0,810.0,180.0,0.0,180.0,False,True,
2229,/kuka/axis_move/feedback_json,std_msgs/msg/String,2026-08-18T20:45:00.807655-04:00,1787100300,807609490,1787100300807609490,106.521827,,,,3342,3341,1,0,0,3342,CartesianTarget,1,True,True,True,False,0.0,-90.0,90.0,0.0,90.0,0.0,445.0,0.0,810.0,180.0,0.0,180.0,False,True,
2230,/kuka/axis_move/feedback_json,std_msgs/msg/String,2026-08-18T20:45:00.972545-04:00,1787100300,972538869,1787100300972538869,164.929379,,,,3343,3342,1,0,0,3343,CartesianTarget,1,True,True,True,False,0.0,-90.0,90.0,0.0,90.0,0.0,445.0,0.0,810.0,180.0,0.0,180.0,False,True,
2231,/kuka/axis_move/feedback_json,std_msgs/msg/String,2026-08-18T20:45:01.143146-04:00,1787100301,143140351,1787100301143140351,170.601482,,,,3344,3343,1,0,0,3344,CartesianTarget,1,True,True,True,False,0.0,-90.0,90.0,0.0,90.0,0.0,445.0,0.0,810.0,180.0,0.0,180.0,False,True,
2232,/kuka/axis_move/feedback_json,std_msgs/msg/String,2026-08-18T20:45:01.310286-04:00,1787100301,310277755,1787100301310277755,167.137404,,,,3345,3344,1,0,0,3345,CartesianTarget,1,True,True,True,False,0.0,-90.0,90.0,0.0,90.0,0.0,445.0,0.0,810.0,180.0,0.0,180.0,False,True,
2233,/kuka/axis_move/feedback_json,std_msgs/msg/String,2026-08-18T20:45:01.417023-04:00,1787100301,417013773,1787100301417013773,106.736018,,,,3346,3345,1,0,0,3346,CartesianTarget,1,True,True,True,False,0.0,-90.0,90.0,0.0,90.0,0.0,445.0,0.0,810.0,180.0,0.0,180.0,False,True,
2234,/kuka/axis_move/feedback_json,std_msgs/msg/String,2026-08-18T20:45:01.587034-04:00,1787100301,587026031,1787100301587026031,170.012258,,,,3347,3346,1,0,0,3347,CartesianTarget,1,True,True,True,False,0.0,-90.0,90.0,0.0,90.0,0.0,445.0,0.0,810.0,180.0,0.0,180.0,False,True,
2235,/kuka/axis_move/feedback_json,std_msgs/msg/String,2026-08-18T20:45:01.751868-04:00,1787100301,751853369,1787100301751853369,164.827338,,,,3348,3347,1,0,0,3348,CartesianTarget,1,True,True,True,False,0.0,-90.0,90.0,0.0,90.0,0.0,445.0,0.0,810.0,180.0,0.0,180.0,False,True,
2236,/kuka/axis_move/feedback_json,std_msgs/msg/String,2026-08-18T20:45:01.921333-04:00,1787100301,921325139,1787100301921325139,169.47177,,,,3349,3348,1,0,0,3349,CartesianTarget,1,True,True,True,False,0.0,-90.0,90.0,0.0,90.0,0.0,445.0,0.0,810.0,180.0,0.0,180.0,False,True,
2237,/kuka/axis_move/feedback_json,std_msgs/msg/String,2026-08-18T20:45:02.089386-04:00,1787100302,89378401,1787100302089378401,168.053262,,,,3350,3349,1,0,0,3350,CartesianTarget,1,True,True,True,False,0.0,-90.0,90.0,0.0,90.0,0.0,445.0,0.0,810.0,180.0,0.0,180.0,False,True,
2238,/kuka/axis_move/feedback_json,std_msgs/msg/String,2026-08-18T20:45:02.198180-04:00,1787100302,198141010,1787100302198141010,108.762609,,,,3351,3350,1,0,0,3351,CartesianTarget,1,True,True,True,False,0.0,-90.0,90.0,0.0,90.0,0.0,445.0,0.0,810.0,180.0,0.0,180.0,False,True,
2239,/kuka/axis_move/feedback_json,std_msgs/msg/String,2026-08-18T20:45:02.370020-04:00,1787100302,370012277,1787100302370012277,171.871267,,,,3352,3351,1,0,0,3352,CartesianTarget,1,True,True,True,False,0.0,-90.0,90.0,0.0,90.0,0.0,445.0,0.0,810.0,180.0,0.0,180.0,False,True,
2240,/kuka/axis_move/feedback_json,std_msgs/msg/String,2026-08-18T20:45:02.541533-04:00,1787100302,541508662,1787100302541508662,171.496385,,,,3353,3352,1,0,0,3353,CartesianTarget,1,True,True,True,False,0.0,-90.0,90.0,0.0,90.0,0.0,445.0,0.0,810.0,180.0,0.0,180.0,False,True,
2241,/kuka/axis_move/feedback_json,std_msgs/msg/String,2026-08-18T20:45:02.713752-04:00,1787100302,713739497,1787100302713739497,172.230835,,,,3354,3353,1,0,0,3354,CartesianTarget,1,True,True,True,False,0.0,-90.0,90.0,0.0,90.0,0.0,445.0,0.0,810.0,180.0,0.0,180.0,False,True,
2242,/kuka/axis_move/feedback_json,std_msgs/msg/String,2026-08-18T20:45:02.821285-04:00,1787100302,821278264,1787100302821278264,107.538767,,,,3355,3354,1,0,0,3355,CartesianTarget,1,True,True,True,False,0.0,-90.0,90.0,0.0,90.0,0.0,445.0,0.0,810.0,180.0,0.0,180.0,False,True,
2243,/kuka/axis_move/feedback_json,std_msgs/msg/String,2026-08-18T20:45:03.447915-04:00,1787100303,447884019,1787100303447884019,626.605755,,,,3356,3355,1,0,0,3356,CartesianTarget,1,True,True,True,False,0.0,-90.0,90.0,0.0,90.0,0.0,445.0,0.0,810.0,180.0,0.0,180.0,False,True,
2244,/kuka/axis_move/feedback_json,std_msgs/msg/String,2026-08-18T20:45:03.625769-04:00,1787100303,625763405,1787100303625763405,177.879386,,,,3357,3356,1,0,0,3357,CartesianTarget,1,True,True,True,False,0.0,-90.0,90.0,0.0,90.0,0.0,445.0,0.0,810.0,180.0,0.0,180.0,False,True,
2245,/kuka/axis_move/feedback_json,std_msgs/msg/String,2026-08-18T20:45:03.734384-04:00,1787100303,734373777,1787100303734373777,108.610372,,,,3358,3357,1,0,0,3358,CartesianTarget,1,True,True,True,False,0.0,-90.0,90.0,0.0,90.0,0.0,445.0,0.0,810.0,180.0,0.0,180.0,False,True,
2246,/kuka/axis_move/feedback_json,std_msgs/msg/String,2026-08-18T20:45:03.839788-04:00,1787100303,839757109,1787100303839757109,105.383332,,,,3359,3358,1,0,0,3359,CartesianTarget,1,True,True,True,False,0.0,-90.0,90.0,0.0,90.0,0.0,445.0,0.0,810.0,180.0,0.0,180.0,False,True,
2247,/kuka/axis_move/feedback_json,std_msgs/msg/String,2026-08-18T20:45:03.944830-04:00,1787100303,944818294,1787100303944818294,105.061185,,,,3360,3359,1,0,0,3360,CartesianTarget,1,True,True,True,False,0.0,-90.0,90.0,0.0,90.0,0.0,445.0,0.0,810.0,180.0,0.0,180.0,False,True,
2248,/kuka/axis_move/feedback_json,std_msgs/msg/String,2026-08-18T20:45:04.056346-04:00,1787100304,56329213,1787100304056329213,111.510919,,,,3361,3360,1,0,0,3361,CartesianTarget,1,True,True,True,False,0.0,-90.0,90.0,0.0,90.0,0.0,445.0,0.0,810.0,180.0,0.0,180.0,False,True,
2249,/kuka/axis_move/feedback_json,std_msgs/msg/String,2026-08-18T20:45:04.229112-04:00,1787100304,229100594,1787100304229100594,172.771381,,,,3362,3361,1,0,0,3362,CartesianTarget,1,True,True,True,False,0.0,-90.0,90.0,0.0,90.0,0.0,445.0,0.0,810.0,180.0,0.0,180.0,False,True,
2250,/kuka/axis_move/feedback_json,std_msgs/msg/String,2026-08-18T20:45:04.343194-04:00,1787100304,343177338,1787100304343177338,114.076744,,,,3363,3362,1,0,0,3363,CartesianTarget,1,True,True,True,False,0.0,-90.0,90.0,0.0,90.0,0.0,445.0,0.0,810.0,180.0,0.0,180.0,False,True,
2251,/kuka/axis_move/feedback_json,std_msgs/msg/String,2026-08-18T20:45:04.451822-04:00,1787100304,451811382,1787100304451811382,108.634044,,,,3364,3363,1,0,0,3364,CartesianTarget,1,True,True,True,False,0.0,-90.0,90.0,0.0,90.0,0.0,445.0,0.0,810.0,180.0,0.0,180.0,False,True,
2252,/kuka/axis_move/feedback_json,std_msgs/msg/String,2026-08-18T20:45:04.559360-04:00,1787100304,559350089,1787100304559350089,107.538707,,,,3365,3364,1,0,0,3365,CartesianTarget,1,True,True,True,False,0.0,-90.0,90.0,0.0,90.0,0.0,445.0,0.0,810.0,180.0,0.0,180.0,False,True,
2253,/kuka/axis_move/feedback_json,std_msgs/msg/String,2026-08-18T20:45:04.731727-04:00,1787100304,731722056,1787100304731722056,172.371967,,,,3366,3365,1,0,0,3366,CartesianTarget,1,True,True,True,False,0.0,-90.0,90.0,0.0,90.0,0.0,445.0,0.0,810.0,180.0,0.0,180.0,False,True,
2254,/kuka/axis_move/feedback_json,std_msgs/msg/String,2026-08-18T20:45:04.840152-04:00,1787100304,840127775,1787100304840127775,108.405719,,,,3367,3366,1,0,0,3367,CartesianTarget,1,True,True,True,False,0.0,-90.0,90.0,0.0,90.0,0.0,445.0,0.0,810.0,180.0,0.0,180.0,False,True,
2255,/kuka/axis_move/feedback_json,std_msgs/msg/String,2026-08-18T20:45:04.949413-04:00,1787100304,949402527,1787100304949402527,109.274752,,,,3368,3367,1,0,0,3368,CartesianTarget,1,True,True,True,False,0.0,-90.0,90.0,0.0,90.0,0.0,445.0,0.0,810.0,180.0,0.0,180.0,False,True,
2256,/kuka/axis_move/feedback_json,std_msgs/msg/String,2026-08-18T20:45:05.055330-04:00,1787100305,55319377,1787100305055319377,105.91685,,,,3369,3368,1,0,0,3369,CartesianTarget,1,True,True,True,False,0.0,-90.0,90.0,0.0,90.0,0.0,445.0,0.0,810.0,180.0,0.0,180.0,False,True,
2257,/kuka/axis_move/feedback_json,std_msgs/msg/String,2026-08-18T20:45:05.165383-04:00,1787100305,165376613,1787100305165376613,110.057236,,,,3370,3369,1,0,0,3370,CartesianTarget,1,True,True,True,False,0.0,-90.0,90.0,0.0,90.0,0.0,445.0,0.0,810.0,180.0,0.0,180.0,False,True,
2258,/kuka/axis_move/feedback_json,std_msgs/msg/String,2026-08-18T20:45:05.331423-04:00,1787100305,331417130,1787100305331417130,166.040517,,,,3371,3370,1,0,0,3371,CartesianTarget,1,True,True,True,False,0.0,-90.0,90.0,0.0,90.0,0.0,445.0,0.0,810.0,180.0,0.0,180.0,False,True,
2259,/kuka/axis_move/feedback_json,std_msgs/msg/String,2026-08-18T20:45:05.439156-04:00,1787100305,439145029,1787100305439145029,107.727899,,,,3372,3371,1,0,0,3372,CartesianTarget,1,True,True,True,False,0.0,-90.0,90.0,0.0,90.0,0.0,445.0,0.0,810.0,180.0,0.0,180.0,False,True,
2260,/kuka/axis_move/feedback_json,std_msgs/msg/String,2026-08-18T20:45:05.548931-04:00,1787100305,548920965,1787100305548920965,109.775936,,,,3373,3372,1,0,0,3373,CartesianTarget,1,True,True,True,False,0.0,-90.0,90.0,0.0,90.0,0.0,445.0,0.0,810.0,180.0,0.0,180.0,False,True,
2261,/kuka/axis_move/feedback_json,std_msgs/msg/String,2026-08-18T20:45:05.659043-04:00,1787100305,659034359,1787100305659034359,110.113394,,,,3374,3373,1,0,0,3374,CartesianTarget,1,True,True,True,False,0.0,-90.0,90.0,0.0,90.0,0.0,445.0,0.0,810.0,180.0,0.0,180.0,False,True,
2262,/kuka/axis_move/feedback_json,std_msgs/msg/String,2026-08-18T20:45:05.768348-04:00,1787100305,768341306,1787100305768341306,109.306947,,,,3375,3374,1,0,0,3375,CartesianTarget,1,True,True,True,False,0.0,-90.0,90.0,0.0,90.0,0.0,445.0,0.0,810.0,180.0,0.0,180.0,False,True,
2263,/kuka/axis_move/feedback_json,std_msgs/msg/String,2026-08-18T20:45:05.938404-04:00,1787100305,938397955,1787100305938397955,170.056649,,,,3376,3375,1,0,0,3376,CartesianTarget,1,True,True,True,False,0.0,-90.0,90.0,0.0,90.0,0.0,445.0,0.0,810.0,180.0,0.0,180.0,False,True,
2264,/kuka/axis_move/feedback_json,std_msgs/msg/String,2026-08-18T20:45:06.047468-04:00,1787100306,47451090,1787100306047451090,109.053135,,,,3377,3376,1,0,0,3377,CartesianTarget,1,True,True,True,False,0.0,-90.0,90.0,0.0,90.0,0.0,445.0,0.0,810.0,180.0,0.0,180.0,False,True,
2265,/kuka/axis_move/feedback_json,std_msgs/msg/String,2026-08-18T20:45:06.154528-04:00,1787100306,154515741,1787100306154515741,107.064651,,,,3378,3377,1,0,0,3378,CartesianTarget,1,True,True,True,False,0.0,-90.0,90.0,0.0,90.0,0.0,445.0,0.0,810.0,180.0,0.0,180.0,False,True,
2266,/kuka/axis_move/feedback_json,std_msgs/msg/String,2026-08-18T20:45:06.262304-04:00,1787100306,262294551,1787100306262294551,107.77881,,,,3379,3378,1,0,0,3379,CartesianTarget,1,True,True,True,False,0.0,-90.0,90.0,0.0,90.0,0.0,445.0,0.0,810.0,180.0,0.0,180.0,False,True,
2267,/kuka/axis_move/feedback_json,std_msgs/msg/String,2026-08-18T20:45:06.370231-04:00,1787100306,370218902,1787100306370218902,107.924351,,,,3380,3379,1,0,0,3380,CartesianTarget,1,True,True,True,False,0.0,-90.0,90.0,0.0,90.0,0.0,445.0,0.0,810.0,180.0,0.0,180.0,False,True,
2268,/kuka/axis_move/feedback_json,std_msgs/msg/String,2026-08-18T20:45:06.542010-04:00,1787100306,542003606,1787100306542003606,171.784704,,,,3381,3380,1,0,0,3381,CartesianTarget,1,True,True,True,False,0.0,-90.0,90.0,0.0,90.0,0.0,445.0,0.0,810.0,180.0,0.0,180.0,False,True,
2269,/kuka/axis_move/feedback_json,std_msgs/msg/String,2026-08-18T20:45:06.654657-04:00,1787100306,654633856,1787100306654633856,112.63025,,,,3382,3381,1,0,0,3382,CartesianTarget,1,True,True,True,False,0.0,-90.0,90.0,0.0,90.0,0.0,445.0,0.0,810.0,180.0,0.0,180.0,False,True,
2270,/kuka/axis_move/feedback_json,std_msgs/msg/String,2026-08-18T20:45:06.766560-04:00,1787100306,766554774,1787100306766554774,111.920918,,,,3383,3382,1,0,0,3383,CartesianTarget,1,True,True,True,False,0.0,-90.0,90.0,0.0,90.0,0.0,445.0,0.0,810.0,180.0,0.0,180.0,False,True,
2271,/kuka/axis_move/feedback_json,std_msgs/msg/String,2026-08-18T20:45:06.873864-04:00,1787100306,873856923,1787100306873856923,107.302149,,,,3384,3383,1,0,0,3384,CartesianTarget,1,True,True,True,False,0.0,-90.0,90.0,0.0,90.0,0.0,445.0,0.0,810.0,180.0,0.0,180.0,False,True,
2272,/kuka/axis_move/feedback_json,std_msgs/msg/String,2026-08-18T20:45:07.043590-04:00,1787100307,43577968,1787100307043577968,169.721045,,,,3385,3384,1,0,0,3385,CartesianTarget,1,True,True,True,False,0.0,-90.0,90.0,0.0,90.0,0.0,445.0,0.0,810.0,180.0,0.0,180.0,False,True,
2273,/kuka/axis_move/feedback_json,std_msgs/msg/String,2026-08-18T20:45:07.149923-04:00,1787100307,149917124,1787100307149917124,106.339156,,,,3386,3385,1,0,0,3386,CartesianTarget,1,True,True,True,False,0.0,-90.0,90.0,0.0,90.0,0.0,445.0,0.0,810.0,180.0,0.0,180.0,False,True,
2274,/kuka/axis_move/feedback_json,std_msgs/msg/String,2026-08-18T20:45:07.259686-04:00,1787100307,259668656,1787100307259668656,109.751532,,,,3387,3386,1,0,0,3387,CartesianTarget,1,True,True,True,False,0.0,-90.0,90.0,0.0,90.0,0.0,445.0,0.0,810.0,180.0,0.0,180.0,False,True,
2275,/kuka/axis_move/feedback_json,std_msgs/msg/String,2026-08-18T20:45:07.368418-04:00,1787100307,368411752,1787100307368411752,108.743096,,,,3388,3387,1,0,0,3388,CartesianTarget,1,True,True,True,False,0.0,-90.0,90.0,0.0,90.0,0.0,445.0,0.0,810.0,180.0,0.0,180.0,False,True,
2276,/kuka/axis_move/feedback_json,std_msgs/msg/String,2026-08-18T20:45:07.470870-04:00,1787100307,470863763,1787100307470863763,102.452011,,,,3389,3388,1,0,0,3389,CartesianTarget,1,True,True,True,False,0.0,-90.0,90.0,0.0,90.0,0.0,445.0,0.0,810.0,180.0,0.0,180.0,False,True,
2277,/kuka/axis_move/feedback_json,std_msgs/msg/String,2026-08-18T20:45:07.644584-04:00,1787100307,644566874,1787100307644566874,173.703111,,,,3390,3389,1,0,0,3390,CartesianTarget,1,True,True,True,False,0.0,-90.0,90.0,0.0,90.0,0.0,445.0,0.0,810.0,180.0,0.0,180.0,False,True,
2278,/kuka/axis_move/feedback_json,std_msgs/msg/String,2026-08-18T20:45:07.751981-04:00,1787100307,751975531,1787100307751975531,107.408657,,,,3391,3390,1,0,0,3391,CartesianTarget,1,True,True,True,False,0.0,-90.0,90.0,0.0,90.0,0.0,445.0,0.0,810.0,180.0,0.0,180.0,False,True,
2279,/kuka/axis_move/feedback_json,std_msgs/msg/String,2026-08-18T20:45:07.857925-04:00,1787100307,857919799,1787100307857919799,105.944268,,,,3392,3391,1,0,0,3392,CartesianTarget,1,True,True,True,False,0.0,-90.0,90.0,0.0,90.0,0.0,445.0,0.0,810.0,180.0,0.0,180.0,False,True,
2280,/kuka/axis_move/feedback_json,std_msgs/msg/String,2026-08-18T20:45:07.966170-04:00,1787100307,966151567,1787100307966151567,108.231768,,,,3393,3392,1,0,0,3393,CartesianTarget,1,True,True,True,False,0.0,-90.0,90.0,0.0,90.0,0.0,445.0,0.0,810.0,180.0,0.0,180.0,False,True,
2281,/kuka/axis_move/feedback_json,std_msgs/msg/String,2026-08-18T20:45:08.078579-04:00,1787100308,78571986,1787100308078571986,112.420419,,,,3394,3393,1,0,0,3394,CartesianTarget,1,True,True,True,False,0.0,-90.0,90.0,0.0,90.0,0.0,445.0,0.0,810.0,180.0,0.0,180.0,False,True,
2282,/kuka/axis_move/feedback_json,std_msgs/msg/String,2026-08-18T20:45:08.242784-04:00,1787100308,242774096,1787100308242774096,164.20211,,,,3395,3394,1,0,0,3395,CartesianTarget,1,True,True,True,False,0.0,-90.0,90.0,0.0,90.0,0.0,445.0,0.0,810.0,180.0,0.0,180.0,False,True,
2283,/kuka/axis_move/feedback_json,std_msgs/msg/String,2026-08-18T20:45:08.354113-04:00,1787100308,354106719,1787100308354106719,111.332623,,,,3396,3395,1,0,0,3396,CartesianTarget,1,True,True,True,False,0.0,-90.0,90.0,0.0,90.0,0.0,445.0,0.0,810.0,180.0,0.0,180.0,False,True,
2284,/kuka/axis_move/feedback_json,std_msgs/msg/String,2026-08-18T20:45:08.461631-04:00,1787100308,461624006,1787100308461624006,107.517287,,,,3397,3396,1,0,0,3397,CartesianTarget,1,True,True,True,False,0.0,-90.0,90.0,0.0,90.0,0.0,445.0,0.0,810.0,180.0,0.0,180.0,False,True,
2285,/kuka/axis_move/feedback_json,std_msgs/msg/String,2026-08-18T20:45:08.569821-04:00,1787100308,569804042,1787100308569804042,108.180036,,,,3398,3397,1,0,0,3398,CartesianTarget,1,True,True,True,False,0.0,-90.0,90.0,0.0,90.0,0.0,445.0,0.0,810.0,180.0,0.0,180.0,False,True,
2286,/kuka/axis_move/feedback_json,std_msgs/msg/String,2026-08-18T20:45:08.681294-04:00,1787100308,681288475,1787100308681288475,111.484433,,,,3399,3398,1,0,0,3399,CartesianTarget,1,True,True,True,False,0.0,-90.0,90.0,0.0,90.0,0.0,445.0,0.0,810.0,180.0,0.0,180.0,False,True,
2287,/kuka/axis_move/feedback_json,std_msgs/msg/String,2026-08-18T20:45:08.855782-04:00,1787100308,855770595,1787100308855770595,174.48212,,,,3400,3399,1,0,0,3400,CartesianTarget,1,True,True,True,False,0.0,-90.0,90.0,0.0,90.0,0.0,445.0,0.0,810.0,180.0,0.0,180.0,False,True,
2288,/kuka/axis_move/feedback_json,std_msgs/msg/String,2026-08-18T20:45:08.961516-04:00,1787100308,961505323,1787100308961505323,105.734728,,,,3401,3400,1,0,0,3401,CartesianTarget,1,True,True,True,False,0.0,-90.0,90.0,0.0,90.0,0.0,445.0,0.0,810.0,180.0,0.0,180.0,False,True,
2289,/kuka/axis_move/feedback_json,std_msgs/msg/String,2026-08-18T20:45:09.069481-04:00,1787100309,69449833,1787100309069449833,107.94451,,,,3402,3401,1,0,0,3402,CartesianTarget,1,True,True,True,False,0.0,-90.0,90.0,0.0,90.0,0.0,445.0,0.0,810.0,180.0,0.0,180.0,False,True,
2290,/kuka/axis_move/feedback_json,std_msgs/msg/String,2026-08-18T20:45:09.179213-04:00,1787100309,179204519,1787100309179204519,109.754686,,,,3403,3402,1,0,0,3403,CartesianTarget,1,True,True,True,False,0.0,-90.0,90.0,0.0,90.0,0.0,445.0,0.0,810.0,180.0,0.0,180.0,False,True,
2291,/kuka/axis_move/feedback_json,std_msgs/msg/String,2026-08-18T20:45:09.287491-04:00,1787100309,287482641,1787100309287482641,108.278122,,,,3404,3403,1,0,0,3404,CartesianTarget,1,True,True,True,False,0.0,-90.0,90.0,0.0,90.0,0.0,445.0,0.0,810.0,180.0,0.0,180.0,False,True,
2292,/kuka/axis_move/feedback_json,std_msgs/msg/String,2026-08-18T20:45:09.457001-04:00,1787100309,456990680,1787100309456990680,169.508039,,,,3405,3404,1,0,0,3405,CartesianTarget,1,True,True,True,False,0.0,-90.0,90.0,0.0,90.0,0.0,445.0,0.0,810.0,180.0,0.0,180.0,False,True,
2293,/kuka/axis_move/feedback_json,std_msgs/msg/String,2026-08-18T20:45:09.566887-04:00,1787100309,566881936,1787100309566881936,109.891256,,,,3406,3405,1,0,0,3406,CartesianTarget,1,True,True,True,False,0.0,-90.0,90.0,0.0,90.0,0.0,445.0,0.0,810.0,180.0,0.0,180.0,False,True,
2294,/kuka/axis_move/feedback_json,std_msgs/msg/String,2026-08-18T20:45:09.674690-04:00,1787100309,674684629,1787100309674684629,107.802693,,,,3407,3406,1,0,0,3407,CartesianTarget,1,True,True,True,False,0.0,-90.0,90.0,0.0,90.0,0.0,445.0,0.0,810.0,180.0,0.0,180.0,False,True,
2295,/kuka/axis_move/feedback_json,std_msgs/msg/String,2026-08-18T20:45:09.784645-04:00,1787100309,784639473,1787100309784639473,109.954844,,,,3408,3407,1,0,0,3408,CartesianTarget,1,True,True,True,False,0.0,-90.0,90.0,0.0,90.0,0.0,445.0,0.0,810.0,180.0,0.0,180.0,False,True,
2296,/kuka/axis_move/feedback_json,std_msgs/msg/String,2026-08-18T20:45:09.893010-04:00,1787100309,893000349,1787100309893000349,108.360876,,,,3409,3408,1,0,0,3409,CartesianTarget,1,True,True,True,False,0.0,-90.0,90.0,0.0,90.0,0.0,445.0,0.0,810.0,180.0,0.0,180.0,False,True,
2297,/kuka/axis_move/feedback_json,std_msgs/msg/String,2026-08-18T20:45:10.070773-04:00,1787100310,70762813,1787100310070762813,177.762464,,,,3410,3409,1,0,0,3410,CartesianTarget,1,True,True,True,False,0.0,-90.0,90.0,0.0,90.0,0.0,445.0,0.0,810.0,180.0,0.0,180.0,False,True,
2298,/kuka/axis_move/feedback_json,std_msgs/msg/String,2026-08-18T20:45:10.184130-04:00,1787100310,184123716,1787100310184123716,113.360903,,,,3411,3410,1,0,0,3411,CartesianTarget,1,True,True,True,False,0.0,-90.0,90.0,0.0,90.0,0.0,445.0,0.0,810.0,180.0,0.0,180.0,False,True,
2299,/kuka/axis_move/feedback_json,std_msgs/msg/String,2026-08-18T20:45:10.292658-04:00,1787100310,292647778,1787100310292647778,108.524062,,,,3412,3411,1,0,0,3412,CartesianTarget,1,True,True,True,False,0.0,-90.0,90.0,0.0,90.0,0.0,445.0,0.0,810.0,180.0,0.0,180.0,False,True,
2300,/kuka/axis_move/feedback_json,std_msgs/msg/String,2026-08-18T20:45:10.400693-04:00,1787100310,400671977,1787100310400671977,108.024199,,,,3413,3412,1,0,0,3413,CartesianTarget,1,True,True,True,False,0.0,-90.0,90.0,0.0,90.0,0.0,445.0,0.0,810.0,180.0,0.0,180.0,False,True,
2301,/kuka/axis_move/feedback_json,std_msgs/msg/String,2026-08-18T20:45:10.587541-04:00,1787100310,587535449,1787100310587535449,186.863472,,,,3414,3413,1,0,0,3414,CartesianTarget,1,True,True,True,False,0.0,-90.0,90.0,0.0,90.0,0.0,445.0,0.0,810.0,180.0,0.0,180.0,False,True,
2302,/kuka/axis_move/feedback_json,std_msgs/msg/String,2026-08-18T20:45:10.696283-04:00,1787100310,696277753,1787100310696277753,108.742304,,,,3415,3414,1,0,0,3415,CartesianTarget,1,True,True,True,False,0.0,-90.0,90.0,0.0,90.0,0.0,445.0,0.0,810.0,180.0,0.0,180.0,False,True,
2303,/kuka/axis_move/feedback_json,std_msgs/msg/String,2026-08-18T20:45:10.804381-04:00,1787100310,804369577,1787100310804369577,108.091824,,,,3416,3415,1,0,0,3416,CartesianTarget,1,True,True,True,False,0.0,-90.0,90.0,0.0,90.0,0.0,445.0,0.0,810.0,180.0,0.0,180.0,False,True,
2304,/kuka/axis_move/feedback_json,std_msgs/msg/String,2026-08-18T20:45:10.913570-04:00,1787100310,913555466,1787100310913555466,109.185889,,,,3417,3416,1,0,0,3417,CartesianTarget,1,True,True,True,False,0.0,-90.0,90.0,0.0,90.0,0.0,445.0,0.0,810.0,180.0,0.0,180.0,False,True,
2305,/kuka/axis_move/feedback_json,std_msgs/msg/String,2026-08-18T20:45:11.085101-04:00,1787100311,85087630,1787100311085087630,171.532164,,,,3418,3417,1,0,0,3418,CartesianTarget,1,True,True,True,False,0.0,-90.0,90.0,0.0,90.0,0.0,445.0,0.0,810.0,180.0,0.0,180.0,False,True,
2306,/kuka/axis_move/feedback_json,std_msgs/msg/String,2026-08-18T20:45:11.192256-04:00,1787100311,192245499,1787100311192245499,107.157869,,,,3419,3418,1,0,0,3419,CartesianTarget,1,True,True,True,False,0.0,-90.0,90.0,0.0,90.0,0.0,445.0,0.0,810.0,180.0,0.0,180.0,False,True,
2307,/kuka/axis_move/feedback_json,std_msgs/msg/String,2026-08-18T20:45:11.300119-04:00,1787100311,300110478,1787100311300110478,107.864979,,,,3420,3419,1,0,0,3420,CartesianTarget,1,True,True,True,False,0.0,-90.0,90.0,0.0,90.0,0.0,445.0,0.0,810.0,180.0,0.0,180.0,False,True,
2308,/kuka/axis_move/feedback_json,std_msgs/msg/String,2026-08-18T20:45:11.408278-04:00,1787100311,408264238,1787100311408264238,108.15376,,,,3421,3420,1,0,0,3421,CartesianTarget,1,True,True,True,False,0.0,-90.0,90.0,0.0,90.0,0.0,445.0,0.0,810.0,180.0,0.0,180.0,False,True,
2309,/kuka/axis_move/feedback_json,std_msgs/msg/String,2026-08-18T20:45:11.513551-04:00,1787100311,513539940,1787100311513539940,105.275702,,,,3422,3421,1,0,0,3422,CartesianTarget,1,True,True,True,False,0.0,-90.0,90.0,0.0,90.0,0.0,445.0,0.0,810.0,180.0,0.0,180.0,False,True,
2310,/kuka/axis_move/feedback_json,std_msgs/msg/String,2026-08-18T20:45:11.692024-04:00,1787100311,692017805,1787100311692017805,178.477865,,,,3423,3422,1,0,0,3423,CartesianTarget,1,True,True,True,False,0.0,-90.0,90.0,0.0,90.0,0.0,445.0,0.0,810.0,180.0,0.0,180.0,False,True,
2311,/kuka/axis_move/feedback_json,std_msgs/msg/String,2026-08-18T20:45:11.804282-04:00,1787100311,804269711,1787100311804269711,112.251906,,,,3424,3423,1,0,0,3424,CartesianTarget,1,True,True,True,False,0.0,-90.0,90.0,0.0,90.0,0.0,445.0,0.0,810.0,180.0,0.0,180.0,False,True,
2312,/kuka/axis_move/feedback_json,std_msgs/msg/String,2026-08-18T20:45:11.914166-04:00,1787100311,914149862,1787100311914149862,109.880151,,,,3425,3424,1,0,0,3425,CartesianTarget,1,True,True,True,False,0.0,-90.0,90.0,0.0,90.0,0.0,445.0,0.0,810.0,180.0,0.0,180.0,False,True,
2313,/kuka/axis_move/feedback_json,std_msgs/msg/String,2026-08-18T20:45:12.020972-04:00,1787100312,20962163,1787100312020962163,106.812301,,,,3426,3425,1,0,0,3426,CartesianTarget,1,True,True,True,False,0.0,-90.0,90.0,0.0,90.0,0.0,445.0,0.0,810.0,180.0,0.0,180.0,False,True,
2314,/kuka/axis_move/feedback_json,std_msgs/msg/String,2026-08-18T20:45:12.193046-04:00,1787100312,193037970,1787100312193037970,172.075807,,,,3427,3426,1,0,0,3427,CartesianTarget,1,True,True,True,False,0.0,-90.0,90.0,0.0,90.0,0.0,445.0,0.0,810.0,180.0,0.0,180.0,False,True,
2315,/kuka/axis_move/feedback_json,std_msgs/msg/String,2026-08-18T20:45:12.299819-04:00,1787100312,299803997,1787100312299803997,106.766027,,,,3428,3427,1,0,0,3428,CartesianTarget,1,True,True,True,False,0.0,-90.0,90.0,0.0,90.0,0.0,445.0,0.0,810.0,180.0,0.0,180.0,False,True,
2316,/kuka/axis_move/feedback_json,std_msgs/msg/String,2026-08-18T20:45:12.407870-04:00,1787100312,407851499,1787100312407851499,108.047502,,,,3429,3428,1,0,0,3429,CartesianTarget,1,True,True,True,False,0.0,-90.0,90.0,0.0,90.0,0.0,445.0,0.0,810.0,180.0,0.0,180.0,False,True,
2317,/kuka/axis_move/feedback_json,std_msgs/msg/String,2026-08-18T20:45:12.513776-04:00,1787100312,513758606,1787100312513758606,105.907107,,,,3430,3429,1,0,0,3430,CartesianTarget,1,True,True,True,False,0.0,-90.0,90.0,0.0,90.0,0.0,445.0,0.0,810.0,180.0,0.0,180.0,False,True,
2318,/kuka/axis_move/feedback_json,std_msgs/msg/String,2026-08-18T20:45:12.620931-04:00,1787100312,620915274,1787100312620915274,107.156668,,,,3431,3430,1,0,0,3431,CartesianTarget,1,True,True,True,False,0.0,-90.0,90.0,0.0,90.0,0.0,445.0,0.0,810.0,180.0,0.0,180.0,False,True,
2319,/kuka/axis_move/feedback_json,std_msgs/msg/String,2026-08-18T20:45:12.791373-04:00,1787100312,791367672,1787100312791367672,170.452398,,,,3432,3431,1,0,0,3432,CartesianTarget,1,True,True,True,False,0.0,-90.0,90.0,0.0,90.0,0.0,445.0,0.0,810.0,180.0,0.0,180.0,False,True,
2320,/kuka/axis_move/feedback_json,std_msgs/msg/String,2026-08-18T20:45:12.903310-04:00,1787100312,903304451,1787100312903304451,111.936779,,,,3433,3432,1,0,0,3433,CartesianTarget,1,True,True,True,False,0.0,-90.0,90.0,0.0,90.0,0.0,445.0,0.0,810.0,180.0,0.0,180.0,False,True,
2321,/kuka/axis_move/feedback_json,std_msgs/msg/String,2026-08-18T20:45:13.005680-04:00,1787100313,5670894,1787100313005670894,102.366443,,,,3434,3433,1,0,0,3434,CartesianTarget,1,True,True,True,False,0.0,-90.0,90.0,0.0,90.0,0.0,445.0,0.0,810.0,180.0,0.0,180.0,False,True,
2322,/kuka/axis_move/feedback_json,std_msgs/msg/String,2026-08-18T20:45:13.111508-04:00,1787100313,111495276,1787100313111495276,105.824382,,,,3435,3434,1,0,0,3435,CartesianTarget,1,True,True,True,False,0.0,-90.0,90.0,0.0,90.0,0.0,445.0,0.0,810.0,180.0,0.0,180.0,False,True,
2323,/kuka/axis_move/feedback_json,std_msgs/msg/String,2026-08-18T20:45:13.223360-04:00,1787100313,223334200,1787100313223334200,111.838924,,,,3436,3435,1,0,0,3436,CartesianTarget,1,True,True,True,False,0.0,-90.0,90.0,0.0,90.0,0.0,445.0,0.0,810.0,180.0,0.0,180.0,False,True,
2324,/kuka/axis_move/feedback_json,std_msgs/msg/String,2026-08-18T20:45:13.390820-04:00,1787100313,390814511,1787100313390814511,167.480311,,,,3437,3436,1,0,0,3437,CartesianTarget,1,True,True,True,False,0.0,-90.0,90.0,0.0,90.0,0.0,445.0,0.0,810.0,180.0,0.0,180.0,False,True,
2325,/kuka/axis_move/feedback_json,std_msgs/msg/String,2026-08-18T20:45:13.501429-04:00,1787100313,501414980,1787100313501414980,110.600469,,,,3438,3437,1,0,0,3438,CartesianTarget,1,True,True,True,False,0.0,-90.0,90.0,0.0,90.0,0.0,445.0,0.0,810.0,180.0,0.0,180.0,False,True,
2326,/kuka/axis_move/feedback_json,std_msgs/msg/String,2026-08-18T20:45:13.611317-04:00,1787100313,611305875,1787100313611305875,109.890895,,,,3439,3438,1,0,0,3439,CartesianTarget,1,True,True,True,False,0.0,-90.0,90.0,0.0,90.0,0.0,445.0,0.0,810.0,180.0,0.0,180.0,False,True,
2327,/kuka/axis_move/feedback_json,std_msgs/msg/String,2026-08-18T20:45:13.725193-04:00,1787100313,725181731,1787100313725181731,113.875856,,,,3440,3439,1,0,0,3440,CartesianTarget,1,True,True,True,False,0.0,-90.0,90.0,0.0,90.0,0.0,445.0,0.0,810.0,180.0,0.0,180.0,False,True,
2328,/kuka/axis_move/feedback_json,std_msgs/msg/String,2026-08-18T20:45:13.896805-04:00,1787100313,896793815,1787100313896793815,171.612084,,,,3441,3440,1,0,0,3441,CartesianTarget,1,True,True,True,False,0.0,-90.0,90.0,0.0,90.0,0.0,445.0,0.0,810.0,180.0,0.0,180.0,False,True,
2329,/kuka/axis_move/feedback_json,std_msgs/msg/String,2026-08-18T20:45:14.004839-04:00,1787100314,4828840,1787100314004828840,108.035025,,,,3442,3441,1,0,0,3442,CartesianTarget,1,True,True,True,False,0.0,-90.0,90.0,0.0,90.0,0.0,445.0,0.0,810.0,180.0,0.0,180.0,False,True,
2330,/kuka/axis_move/feedback_json,std_msgs/msg/String,2026-08-18T20:45:14.112477-04:00,1787100314,112437314,1787100314112437314,107.608474,,,,3443,3442,1,0,0,3443,CartesianTarget,1,True,True,True,False,0.0,-90.0,90.0,0.0,90.0,0.0,445.0,0.0,810.0,180.0,0.0,180.0,False,True,
2331,/kuka/axis_move/feedback_json,std_msgs/msg/String,2026-08-18T20:45:14.217471-04:00,1787100314,217464842,1787100314217464842,105.027528,,,,3444,3443,1,0,0,3444,CartesianTarget,1,True,True,True,False,0.0,-90.0,90.0,0.0,90.0,0.0,445.0,0.0,810.0,180.0,0.0,180.0,False,True,
2332,/kuka/axis_move/feedback_json,std_msgs/msg/String,2026-08-18T20:45:14.331090-04:00,1787100314,331063384,1787100314331063384,113.598542,,,,3445,3444,1,0,0,3445,CartesianTarget,1,True,True,True,False,0.0,-90.0,90.0,0.0,90.0,0.0,445.0,0.0,810.0,180.0,0.0,180.0,False,True,
2333,/kuka/axis_move/feedback_json,std_msgs/msg/String,2026-08-18T20:45:14.506785-04:00,1787100314,506779504,1787100314506779504,175.71612,,,,3446,3445,1,0,0,3446,CartesianTarget,1,True,True,True,False,0.0,-90.0,90.0,0.0,90.0,0.0,445.0,0.0,810.0,180.0,0.0,180.0,False,True,
2334,/kuka/axis_move/feedback_json,std_msgs/msg/String,2026-08-18T20:45:14.614548-04:00,1787100314,614535822,1787100314614535822,107.756318,,,,3447,3446,1,0,0,3447,CartesianTarget,1,True,True,True,False,0.0,-90.0,90.0,0.0,90.0,0.0,445.0,0.0,810.0,180.0,0.0,180.0,False,True,
2335,/kuka/axis_move/feedback_json,std_msgs/msg/String,2026-08-18T20:45:14.723906-04:00,1787100314,723894340,1787100314723894340,109.358518,,,,3448,3447,1,0,0,3448,CartesianTarget,1,True,True,True,False,0.0,-90.0,90.0,0.0,90.0,0.0,445.0,0.0,810.0,180.0,0.0,180.0,False,True,
2336,/kuka/axis_move/feedback_json,std_msgs/msg/String,2026-08-18T20:45:14.831455-04:00,1787100314,831448950,1787100314831448950,107.55461,,,,3449,3448,1,0,0,3449,CartesianTarget,1,True,True,True,False,0.0,-90.0,90.0,0.0,90.0,0.0,445.0,0.0,810.0,180.0,0.0,180.0,False,True,
2337,/kuka/axis_move/feedback_json,std_msgs/msg/String,2026-08-18T20:45:14.997993-04:00,1787100314,997987216,1787100314997987216,166.538266,,,,3450,3449,1,0,0,3450,CartesianTarget,1,True,True,True,False,0.0,-90.0,90.0,0.0,90.0,0.0,445.0,0.0,810.0,180.0,0.0,180.0,False,True,
2338,/kuka/axis_move/feedback_json,std_msgs/msg/String,2026-08-18T20:45:15.102361-04:00,1787100315,102349312,1787100315102349312,104.362096,,,,3451,3450,1,0,0,3451,CartesianTarget,1,True,True,True,False,0.0,-90.0,90.0,0.0,90.0,0.0,445.0,0.0,810.0,180.0,0.0,180.0,False,True,
2339,/kuka/axis_move/feedback_json,std_msgs/msg/String,2026-08-18T20:45:15.212065-04:00,1787100315,212037116,1787100315212037116,109.687804,,,,3452,3451,1,0,0,3452,CartesianTarget,1,True,True,True,False,0.0,-90.0,90.0,0.0,90.0,0.0,445.0,0.0,810.0,180.0,0.0,180.0,False,True,
2340,/kuka/axis_move/feedback_json,std_msgs/msg/String,2026-08-18T20:45:15.320520-04:00,1787100315,320513553,1787100315320513553,108.476437,,,,3453,3452,1,0,0,3453,CartesianTarget,1,True,True,True,False,0.0,-90.0,90.0,0.0,90.0,0.0,445.0,0.0,810.0,180.0,0.0,180.0,False,True,
2341,/kuka/axis_move/feedback_json,std_msgs/msg/String,2026-08-18T20:45:15.428705-04:00,1787100315,428687270,1787100315428687270,108.173717,,,,3454,3453,1,0,0,3454,CartesianTarget,1,True,True,True,False,0.0,-90.0,90.0,0.0,90.0,0.0,445.0,0.0,810.0,180.0,0.0,180.0,False,True,
2342,/kuka/axis_move/feedback_json,std_msgs/msg/String,2026-08-18T20:45:15.597745-04:00,1787100315,597737015,1787100315597737015,169.049745,,,,3455,3454,1,0,0,3455,CartesianTarget,1,True,True,True,False,0.0,-90.0,90.0,0.0,90.0,0.0,445.0,0.0,810.0,180.0,0.0,180.0,False,True,
2343,/kuka/axis_move/feedback_json,std_msgs/msg/String,2026-08-18T20:45:15.707933-04:00,1787100315,707925443,1787100315707925443,110.188428,,,,3456,3455,1,0,0,3456,CartesianTarget,1,True,True,True,False,0.0,-90.0,90.0,0.0,90.0,0.0,445.0,0.0,810.0,180.0,0.0,180.0,False,True,
2344,/kuka/axis_move/feedback_json,std_msgs/msg/String,2026-08-18T20:45:15.815966-04:00,1787100315,815958895,1787100315815958895,108.033452,,,,3457,3456,1,0,0,3457,CartesianTarget,1,True,True,True,False,0.0,-90.0,90.0,0.0,90.0,0.0,445.0,0.0,810.0,180.0,0.0,180.0,False,True,
2345,/kuka/axis_move/feedback_json,std_msgs/msg/String,2026-08-18T20:45:15.919549-04:00,1787100315,919543154,1787100315919543154,103.584259,,,,3458,3457,1,0,0,3458,CartesianTarget,1,True,True,True,False,0.0,-90.0,90.0,0.0,90.0,0.0,445.0,0.0,810.0,180.0,0.0,180.0,False,True,
2346,/kuka/axis_move/feedback_json,std_msgs/msg/String,2026-08-18T20:45:16.032360-04:00,1787100316,32347636,1787100316032347636,112.804482,,,,3459,3458,1,0,0,3459,CartesianTarget,1,True,True,True,False,0.0,-90.0,90.0,0.0,90.0,0.0,445.0,0.0,810.0,180.0,0.0,180.0,False,True,
2347,/kuka/axis_move/feedback_json,std_msgs/msg/String,2026-08-18T20:45:16.214021-04:00,1787100316,214010383,1787100316214010383,181.662747,,,,3460,3459,1,0,0,3460,CartesianTarget,1,True,True,True,False,0.0,-90.0,90.0,0.0,90.0,0.0,445.0,0.0,810.0,180.0,0.0,180.0,False,True,
2348,/kuka/axis_move/feedback_json,std_msgs/msg/String,2026-08-18T20:45:16.318509-04:00,1787100316,318469364,1787100316318469364,104.458981,,,,3461,3460,1,0,0,3461,CartesianTarget,1,True,True,True,False,0.0,-90.0,90.0,0.0,90.0,0.0,445.0,0.0,810.0,180.0,0.0,180.0,False,True,
2349,/kuka/axis_move/feedback_json,std_msgs/msg/String,2026-08-18T20:45:16.425346-04:00,1787100316,425339465,1787100316425339465,106.870101,,,,3462,3461,1,0,0,3462,CartesianTarget,1,True,True,True,False,0.0,-90.0,90.0,0.0,90.0,0.0,445.0,0.0,810.0,180.0,0.0,180.0,False,True,
2350,/kuka/axis_move/feedback_json,std_msgs/msg/String,2026-08-18T20:45:16.535851-04:00,1787100316,535839124,1787100316535839124,110.499659,,,,3463,3462,1,0,0,3463,CartesianTarget,1,True,True,True,False,0.0,-90.0,90.0,0.0,90.0,0.0,445.0,0.0,810.0,180.0,0.0,180.0,False,True,
2351,/kuka/axis_move/feedback_json,std_msgs/msg/String,2026-08-18T20:45:16.708688-04:00,1787100316,708665090,1787100316708665090,172.825966,,,,3464,3463,1,0,0,3464,CartesianTarget,1,True,True,True,False,0.0,-90.0,90.0,0.0,90.0,0.0,445.0,0.0,810.0,180.0,0.0,180.0,False,True,
2352,/kuka/axis_move/feedback_json,std_msgs/msg/String,2026-08-18T20:45:16.814609-04:00,1787100316,814601958,1787100316814601958,105.936868,,,,3465,3464,1,0,0,3465,CartesianTarget,1,True,True,True,False,0.0,-90.0,90.0,0.0,90.0,0.0,445.0,0.0,810.0,180.0,0.0,180.0,False,True,
2353,/kuka/axis_move/feedback_json,std_msgs/msg/String,2026-08-18T20:45:16.925655-04:00,1787100316,925643097,1787100316925643097,111.041139,,,,3466,3465,1,0,0,3466,CartesianTarget,1,True,True,True,False,0.0,-90.0,90.0,0.0,90.0,0.0,445.0,0.0,810.0,180.0,0.0,180.0,False,True,
2354,/kuka/axis_move/feedback_json,std_msgs/msg/String,2026-08-18T20:45:17.033191-04:00,1787100317,33184618,1787100317033184618,107.541521,,,,3467,3466,1,0,0,3467,CartesianTarget,1,True,True,True,False,0.0,-90.0,90.0,0.0,90.0,0.0,445.0,0.0,810.0,180.0,0.0,180.0,False,True,
2355,/kuka/axis_move/feedback_json,std_msgs/msg/String,2026-08-18T20:45:17.141217-04:00,1787100317,141206425,1787100317141206425,108.021807,,,,3468,3467,1,0,0,3468,CartesianTarget,1,True,True,True,False,0.0,-90.0,90.0,0.0,90.0,0.0,445.0,0.0,810.0,180.0,0.0,180.0,False,True,
2356,/kuka/axis_move/feedback_json,std_msgs/msg/String,2026-08-18T20:45:17.314023-04:00,1787100317,314015377,1787100317314015377,172.808952,,,,3469,3468,1,0,0,3469,CartesianTarget,1,True,True,True,False,0.0,-90.0,90.0,0.0,90.0,0.0,445.0,0.0,810.0,180.0,0.0,180.0,False,True,
2357,/kuka/axis_move/feedback_json,std_msgs/msg/String,2026-08-18T20:45:17.418068-04:00,1787100317,418062758,1787100317418062758,104.047381,,,,3470,3469,1,0,0,3470,CartesianTarget,1,True,True,True,False,0.0,-90.0,90.0,0.0,90.0,0.0,445.0,0.0,810.0,180.0,0.0,180.0,False,True,
2358,/kuka/axis_move/feedback_json,std_msgs/msg/String,2026-08-18T20:45:17.525514-04:00,1787100317,525503139,1787100317525503139,107.440381,,,,3471,3470,1,0,0,3471,CartesianTarget,1,True,True,True,False,0.0,-90.0,90.0,0.0,90.0,0.0,445.0,0.0,810.0,180.0,0.0,180.0,False,True,
2359,/kuka/axis_move/feedback_json,std_msgs/msg/String,2026-08-18T20:45:17.633588-04:00,1787100317,633575335,1787100317633575335,108.072196,,,,3472,3471,1,0,0,3472,CartesianTarget,1,True,True,True,False,0.0,-90.0,90.0,0.0,90.0,0.0,445.0,0.0,810.0,180.0,0.0,180.0,False,True,
2360,/kuka/axis_move/feedback_json,std_msgs/msg/String,2026-08-18T20:45:17.738054-04:00,1787100317,738043138,1787100317738043138,104.467803,,,,3473,3472,1,0,0,3473,CartesianTarget,1,True,True,True,False,0.0,-90.0,90.0,0.0,90.0,0.0,445.0,0.0,810.0,180.0,0.0,180.0,False,True,
2361,/kuka/axis_move/feedback_json,std_msgs/msg/String,2026-08-18T20:45:17.904952-04:00,1787100317,904941073,1787100317904941073,166.897935,,,,3474,3473,1,0,0,3474,CartesianTarget,1,True,True,True,False,0.0,-90.0,90.0,0.0,90.0,0.0,445.0,0.0,810.0,180.0,0.0,180.0,False,True,
2362,/kuka/axis_move/feedback_json,std_msgs/msg/String,2026-08-18T20:45:18.017440-04:00,1787100318,17426973,1787100318017426973,112.4859,,,,3475,3474,1,0,0,3475,CartesianTarget,1,True,True,True,False,0.0,-90.0,90.0,0.0,90.0,0.0,445.0,0.0,810.0,180.0,0.0,180.0,False,True,
2363,/kuka/axis_move/feedback_json,std_msgs/msg/String,2026-08-18T20:45:18.124940-04:00,1787100318,124933495,1787100318124933495,107.506522,,,,3476,3475,1,0,0,3476,CartesianTarget,1,True,True,True,False,0.0,-90.0,90.0,0.0,90.0,0.0,445.0,0.0,810.0,180.0,0.0,180.0,False,True,
2364,/kuka/axis_move/feedback_json,std_msgs/msg/String,2026-08-18T20:45:18.232713-04:00,1787100318,232702281,1787100318232702281,107.768786,,,,3477,3476,1,0,0,3477,CartesianTarget,1,True,True,True,False,0.0,-90.0,90.0,0.0,90.0,0.0,445.0,0.0,810.0,180.0,0.0,180.0,False,True,
2365,/kuka/axis_move/feedback_json,std_msgs/msg/String,2026-08-18T20:45:18.343832-04:00,1787100318,343824192,1787100318343824192,111.121911,,,,3478,3477,1,0,0,3478,CartesianTarget,1,True,True,True,False,0.0,-90.0,90.0,0.0,90.0,0.0,445.0,0.0,810.0,180.0,0.0,180.0,False,True,
2366,/kuka/axis_move/feedback_json,std_msgs/msg/String,2026-08-18T20:45:18.510226-04:00,1787100318,510220962,1787100318510220962,166.39677,,,,3479,3478,1,0,0,3479,CartesianTarget,1,True,True,True,False,0.0,-90.0,90.0,0.0,90.0,0.0,445.0,0.0,810.0,180.0,0.0,180.0,False,True,
2367,/kuka/axis_move/feedback_json,std_msgs/msg/String,2026-08-18T20:45:18.619923-04:00,1787100318,619906443,1787100318619906443,109.685481,,,,3480,3479,1,0,0,3480,CartesianTarget,1,True,True,True,False,0.0,-90.0,90.0,0.0,90.0,0.0,445.0,0.0,810.0,180.0,0.0,180.0,False,True,
2368,/kuka/axis_move/feedback_json,std_msgs/msg/String,2026-08-18T20:45:18.730723-04:00,1787100318,730700500,1787100318730700500,110.794057,,,,3481,3480,1,0,0,3481,CartesianTarget,1,True,True,True,False,0.0,-90.0,90.0,0.0,90.0,0.0,445.0,0.0,810.0,180.0,0.0,180.0,False,True,
2369,/kuka/axis_move/feedback_json,std_msgs/msg/String,2026-08-18T20:45:18.836083-04:00,1787100318,836075409,1787100318836075409,105.374909,,,,3482,3481,1,0,0,3482,CartesianTarget,1,True,True,True,False,0.0,-90.0,90.0,0.0,90.0,0.0,445.0,0.0,810.0,180.0,0.0,180.0,False,True,
2370,/kuka/axis_move/feedback_json,std_msgs/msg/String,2026-08-18T20:45:18.941614-04:00,1787100318,941603682,1787100318941603682,105.528273,,,,3483,3482,1,0,0,3483,CartesianTarget,1,True,True,True,False,0.0,-90.0,90.0,0.0,90.0,0.0,445.0,0.0,810.0,180.0,0.0,180.0,False,True,
2371,/kuka/axis_move/feedback_json,std_msgs/msg/String,2026-08-18T20:45:19.105654-04:00,1787100319,105643176,1787100319105643176,164.039494,,,,3484,3483,1,0,0,3484,CartesianTarget,1,True,True,True,False,0.0,-90.0,90.0,0.0,90.0,0.0,445.0,0.0,810.0,180.0,0.0,180.0,False,True,
2372,/kuka/axis_move/feedback_json,std_msgs/msg/String,2026-08-18T20:45:19.215558-04:00,1787100319,215546359,1787100319215546359,109.903183,,,,3485,3484,1,0,0,3485,CartesianTarget,1,True,True,True,False,0.0,-90.0,90.0,0.0,90.0,0.0,445.0,0.0,810.0,180.0,0.0,180.0,False,True,
2373,/kuka/axis_move/feedback_json,std_msgs/msg/String,2026-08-18T20:45:19.320624-04:00,1787100319,320613021,1787100319320613021,105.066662,,,,3486,3485,1,0,0,3486,CartesianTarget,1,True,True,True,False,0.0,-90.0,90.0,0.0,90.0,0.0,445.0,0.0,810.0,180.0,0.0,180.0,False,True,
2374,/kuka/axis_move/feedback_json,std_msgs/msg/String,2026-08-18T20:45:19.427880-04:00,1787100319,427853626,1787100319427853626,107.240605,,,,3487,3486,1,0,0,3487,CartesianTarget,1,True,True,True,False,0.0,-90.0,90.0,0.0,90.0,0.0,445.0,0.0,810.0,180.0,0.0,180.0,False,True,
2375,/kuka/axis_move/feedback_json,std_msgs/msg/String,2026-08-18T20:45:19.534296-04:00,1787100319,534286942,1787100319534286942,106.433316,,,,3488,3487,1,0,0,3488,CartesianTarget,1,True,True,True,False,0.0,-90.0,90.0,0.0,90.0,0.0,445.0,0.0,810.0,180.0,0.0,180.0,False,True,
2376,/kuka/axis_move/feedback_json,std_msgs/msg/String,2026-08-18T20:45:19.708476-04:00,1787100319,708458361,1787100319708458361,174.171419,,,,3489,3488,1,0,0,3489,CartesianTarget,1,True,True,True,False,0.0,-90.0,90.0,0.0,90.0,0.0,445.0,0.0,810.0,180.0,0.0,180.0,False,True,
2377,/kuka/axis_move/feedback_json,std_msgs/msg/String,2026-08-18T20:45:19.813374-04:00,1787100319,813356822,1787100319813356822,104.898461,,,,3490,3489,1,0,0,3490,CartesianTarget,1,True,True,True,False,0.0,-90.0,90.0,0.0,90.0,0.0,445.0,0.0,810.0,180.0,0.0,180.0,False,True,
2378,/kuka/axis_move/feedback_json,std_msgs/msg/String,2026-08-18T20:45:19.926108-04:00,1787100319,926095712,1787100319926095712,112.73889,,,,3491,3490,1,0,0,3491,CartesianTarget,1,True,True,True,False,0.0,-90.0,90.0,0.0,90.0,0.0,445.0,0.0,810.0,180.0,0.0,180.0,False,True,
2379,/kuka/axis_move/feedback_json,std_msgs/msg/String,2026-08-18T20:45:20.037803-04:00,1787100320,37788123,1787100320037788123,111.692411,,,,3492,3491,1,0,0,3492,CartesianTarget,1,True,True,True,False,0.0,-90.0,90.0,0.0,90.0,0.0,445.0,0.0,810.0,180.0,0.0,180.0,False,True,
2380,/kuka/axis_move/feedback_json,std_msgs/msg/String,2026-08-18T20:45:20.203862-04:00,1787100320,203850169,1787100320203850169,166.062046,,,,3493,3492,1,0,0,3493,CartesianTarget,1,True,True,True,False,0.0,-90.0,90.0,0.0,90.0,0.0,445.0,0.0,810.0,180.0,0.0,180.0,False,True,
2381,/kuka/axis_move/feedback_json,std_msgs/msg/String,2026-08-18T20:45:20.309988-04:00,1787100320,309971353,1787100320309971353,106.121184,,,,3494,3493,1,0,0,3494,CartesianTarget,1,True,True,True,False,0.0,-90.0,90.0,0.0,90.0,0.0,445.0,0.0,810.0,180.0,0.0,180.0,False,True,
2382,/kuka/axis_move/feedback_json,std_msgs/msg/String,2026-08-18T20:45:20.418581-04:00,1787100320,418572973,1787100320418572973,108.60162,,,,3495,3494,1,0,0,3495,CartesianTarget,1,True,True,True,False,0.0,-90.0,90.0,0.0,90.0,0.0,445.0,0.0,810.0,180.0,0.0,180.0,False,True,
2383,/kuka/axis_move/feedback_json,std_msgs/msg/String,2026-08-18T20:45:20.529486-04:00,1787100320,529458376,1787100320529458376,110.885403,,,,3496,3495,1,0,0,3496,CartesianTarget,1,True,True,True,False,0.0,-90.0,90.0,0.0,90.0,0.0,445.0,0.0,810.0,180.0,0.0,180.0,False,True,
2384,/kuka/axis_move/feedback_json,std_msgs/msg/String,2026-08-18T20:45:20.635475-04:00,1787100320,635468926,1787100320635468926,106.01055,,,,3497,3496,1,0,0,3497,CartesianTarget,1,True,True,True,False,0.0,-90.0,90.0,0.0,90.0,0.0,445.0,0.0,810.0,180.0,0.0,180.0,False,True,
2385,/kuka/axis_move/feedback_json,std_msgs/msg/String,2026-08-18T20:45:20.814160-04:00,1787100320,814152426,1787100320814152426,178.6835,,,,3498,3497,1,0,0,3498,CartesianTarget,1,True,True,True,False,0.0,-90.0,90.0,0.0,90.0,0.0,445.0,0.0,810.0,180.0,0.0,180.0,False,True,
2386,/kuka/axis_move/feedback_json,std_msgs/msg/String,2026-08-18T20:45:20.927490-04:00,1787100320,927479522,1787100320927479522,113.327096,,,,3499,3498,1,0,0,3499,CartesianTarget,1,True,True,True,False,0.0,-90.0,90.0,0.0,90.0,0.0,445.0,0.0,810.0,180.0,0.0,180.0,False,True,
2387,/kuka/axis_move/feedback_json,std_msgs/msg/String,2026-08-18T20:45:21.035498-04:00,1787100321,35490193,1787100321035490193,108.010671,,,,3500,3499,1,0,0,3500,CartesianTarget,1,True,True,True,False,0.0,-90.0,90.0,0.0,90.0,0.0,445.0,0.0,810.0,180.0,0.0,180.0,False,True,
2388,/kuka/axis_move/feedback_json,std_msgs/msg/String,2026-08-18T20:45:21.141328-04:00,1787100321,141316918,1787100321141316918,105.826725,,,,3501,3500,1,0,0,3501,CartesianTarget,1,True,True,True,False,0.0,-90.0,90.0,0.0,90.0,0.0,445.0,0.0,810.0,180.0,0.0,180.0,False,True,
2389,/kuka/axis_move/feedback_json,std_msgs/msg/String,2026-08-18T20:45:21.308017-04:00,1787100321,307999634,1787100321307999634,166.682716,,,,3502,3501,1,0,0,3502,CartesianTarget,1,True,True,True,False,0.0,-90.0,90.0,0.0,90.0,0.0,445.0,0.0,810.0,180.0,0.0,180.0,False,True,
2390,/kuka/axis_move/feedback_json,std_msgs/msg/String,2026-08-18T20:45:21.415894-04:00,1787100321,415888336,1787100321415888336,107.888702,,,,3503,3502,1,0,0,3503,CartesianTarget,1,True,True,True,False,0.0,-90.0,90.0,0.0,90.0,0.0,445.0,0.0,810.0,180.0,0.0,180.0,False,True,
2391,/kuka/axis_move/feedback_json,std_msgs/msg/String,2026-08-18T20:45:21.527128-04:00,1787100321,527117186,1787100321527117186,111.22885,,,,3504,3503,1,0,0,3504,CartesianTarget,1,True,True,True,False,0.0,-90.0,90.0,0.0,90.0,0.0,445.0,0.0,810.0,180.0,0.0,180.0,False,True,
2392,/kuka/axis_move/feedback_json,std_msgs/msg/String,2026-08-18T20:45:21.635010-04:00,1787100321,635003204,1787100321635003204,107.886018,,,,3505,3504,1,0,0,3505,CartesianTarget,1,True,True,True,False,0.0,-90.0,90.0,0.0,90.0,0.0,445.0,0.0,810.0,180.0,0.0,180.0,False,True,
2393,/kuka/axis_move/feedback_json,std_msgs/msg/String,2026-08-18T20:45:21.744170-04:00,1787100321,744158951,1787100321744158951,109.155747,,,,3506,3505,1,0,0,3506,CartesianTarget,1,True,True,True,False,0.0,-90.0,90.0,0.0,90.0,0.0,445.0,0.0,810.0,180.0,0.0,180.0,False,True,
2394,/kuka/axis_move/feedback_json,std_msgs/msg/String,2026-08-18T20:45:21.916495-04:00,1787100321,916483002,1787100321916483002,172.324051,,,,3507,3506,1,0,0,3507,CartesianTarget,1,True,True,True,False,0.0,-90.0,90.0,0.0,90.0,0.0,445.0,0.0,810.0,180.0,0.0,180.0,False,True,
2395,/kuka/axis_move/feedback_json,std_msgs/msg/String,2026-08-18T20:45:22.026961-04:00,1787100322,26941874,1787100322026941874,110.458872,,,,3508,3507,1,0,0,3508,CartesianTarget,1,True,True,True,False,0.0,-90.0,90.0,0.0,90.0,0.0,445.0,0.0,810.0,180.0,0.0,180.0,False,True,
2396,/kuka/axis_move/feedback_json,std_msgs/msg/String,2026-08-18T20:45:22.135138-04:00,1787100322,135129500,1787100322135129500,108.187626,,,,3509,3508,1,0,0,3509,CartesianTarget,1,True,True,True,False,0.0,-90.0,90.0,0.0,90.0,0.0,445.0,0.0,810.0,180.0,0.0,180.0,False,True,
2397,/kuka/axis_move/feedback_json,std_msgs/msg/String,2026-08-18T20:45:22.241243-04:00,1787100322,241233850,1787100322241233850,106.10435,,,,3510,3509,1,0,0,3510,CartesianTarget,1,True,True,True,False,0.0,-90.0,90.0,0.0,90.0,0.0,445.0,0.0,810.0,180.0,0.0,180.0,False,True,
2398,/kuka/axis_move/feedback_json,std_msgs/msg/String,2026-08-18T20:45:22.358855-04:00,1787100322,358849316,1787100322358849316,117.615466,,,,3511,3510,1,0,0,3511,CartesianTarget,1,True,True,True,False,0.0,-90.0,90.0,0.0,90.0,0.0,445.0,0.0,810.0,180.0,0.0,180.0,False,True,
2399,/kuka/axis_move/feedback_json,std_msgs/msg/String,2026-08-18T20:45:22.536533-04:00,1787100322,536508467,1787100322536508467,177.659151,,,,3512,3511,1,0,0,3512,CartesianTarget,1,True,True,True,False,0.0,-90.0,90.0,0.0,90.0,0.0,445.0,0.0,810.0,180.0,0.0,180.0,False,True,
2400,/kuka/axis_move/feedback_json,std_msgs/msg/String,2026-08-18T20:45:22.641520-04:00,1787100322,641511081,1787100322641511081,105.002614,,,,3513,3512,1,0,0,3513,CartesianTarget,1,True,True,True,False,0.0,-90.0,90.0,0.0,90.0,0.0,445.0,0.0,810.0,180.0,0.0,180.0,False,True,
2401,/kuka/axis_move/feedback_json,std_msgs/msg/String,2026-08-18T20:45:22.748031-04:00,1787100322,748010549,1787100322748010549,106.499468,,,,3514,3513,1,0,0,3514,CartesianTarget,1,True,True,True,False,0.0,-90.0,90.0,0.0,90.0,0.0,445.0,0.0,810.0,180.0,0.0,180.0,False,True,
2402,/kuka/axis_move/feedback_json,std_msgs/msg/String,2026-08-18T20:45:22.856614-04:00,1787100322,856605429,1787100322856605429,108.59488,,,,3515,3514,1,0,0,3515,CartesianTarget,1,True,True,True,False,0.0,-90.0,90.0,0.0,90.0,0.0,445.0,0.0,810.0,180.0,0.0,180.0,False,True,
2403,/kuka/axis_move/feedback_json,std_msgs/msg/String,2026-08-18T20:45:22.966541-04:00,1787100322,966525645,1787100322966525645,109.920216,,,,3516,3515,1,0,0,3516,CartesianTarget,1,True,True,True,False,0.0,-90.0,90.0,0.0,90.0,0.0,445.0,0.0,810.0,180.0,0.0,180.0,False,True,
2404,/kuka/axis_move/feedback_json,std_msgs/msg/String,2026-08-18T20:45:23.138336-04:00,1787100323,138321825,1787100323138321825,171.79618,,,,3517,3516,1,0,0,3517,CartesianTarget,1,True,True,True,False,0.0,-90.0,90.0,0.0,90.0,0.0,445.0,0.0,810.0,180.0,0.0,180.0,False,True,
2405,/kuka/axis_move/feedback_json,std_msgs/msg/String,2026-08-18T20:45:23.262724-04:00,1787100323,262713187,1787100323262713187,124.391362,,,,3518,3517,1,0,0,3518,CartesianTarget,1,True,True,True,False,0.0,-90.0,90.0,0.0,90.0,0.0,445.0,0.0,810.0,180.0,0.0,180.0,False,True,
2406,/kuka/axis_move/feedback_json,std_msgs/msg/String,2026-08-18T20:45:23.369054-04:00,1787100323,369043210,1787100323369043210,106.330023,,,,3519,3518,1,0,0,3519,CartesianTarget,1,True,True,True,False,0.0,-90.0,90.0,0.0,90.0,0.0,445.0,0.0,810.0,180.0,0.0,180.0,False,True,
2407,/kuka/axis_move/feedback_json,std_msgs/msg/String,2026-08-18T20:45:23.480016-04:00,1787100323,480006080,1787100323480006080,110.96287,,,,3520,3519,1,0,0,3520,CartesianTarget,1,True,True,True,False,0.0,-90.0,90.0,0.0,90.0,0.0,445.0,0.0,810.0,180.0,0.0,180.0,False,True,
2408,/kuka/axis_move/feedback_json,std_msgs/msg/String,2026-08-18T20:45:23.656378-04:00,1787100323,656358250,1787100323656358250,176.35217,,,,3521,3520,1,0,0,3521,CartesianTarget,1,True,True,True,False,0.0,-90.0,90.0,0.0,90.0,0.0,445.0,0.0,810.0,180.0,0.0,180.0,False,True,
2409,/kuka/axis_move/feedback_json,std_msgs/msg/String,2026-08-18T20:45:23.762259-04:00,1787100323,762253902,1787100323762253902,105.895652,,,,3522,3521,1,0,0,3522,CartesianTarget,1,True,True,True,False,0.0,-90.0,90.0,0.0,90.0,0.0,445.0,0.0,810.0,180.0,0.0,180.0,False,True,
2410,/kuka/axis_move/feedback_json,std_msgs/msg/String,2026-08-18T20:45:23.870207-04:00,1787100323,870196979,1787100323870196979,107.943077,,,,3523,3522,1,0,0,3523,CartesianTarget,1,True,True,True,False,0.0,-90.0,90.0,0.0,90.0,0.0,445.0,0.0,810.0,180.0,0.0,180.0,False,True,
2411,/kuka/axis_move/feedback_json,std_msgs/msg/String,2026-08-18T20:45:23.977006-04:00,1787100323,977000448,1787100323977000448,106.803469,,,,3524,3523,1,0,0,3524,CartesianTarget,1,True,True,True,False,0.0,-90.0,90.0,0.0,90.0,0.0,445.0,0.0,810.0,180.0,0.0,180.0,False,True,
2412,/kuka/axis_move/feedback_json,std_msgs/msg/String,2026-08-18T20:45:24.081666-04:00,1787100324,81655741,1787100324081655741,104.655293,,,,3525,3524,1,0,0,3525,CartesianTarget,1,True,True,True,False,0.0,-90.0,90.0,0.0,90.0,0.0,445.0,0.0,810.0,180.0,0.0,180.0,False,True,
2413,/kuka/axis_move/feedback_json,std_msgs/msg/String,2026-08-18T20:45:24.256162-04:00,1787100324,256128608,1787100324256128608,174.472867,,,,3526,3525,1,0,0,3526,CartesianTarget,1,True,True,True,False,0.0,-90.0,90.0,0.0,90.0,0.0,445.0,0.0,810.0,180.0,0.0,180.0,False,True,
2414,/kuka/axis_move/feedback_json,std_msgs/msg/String,2026-08-18T20:45:24.365718-04:00,1787100324,365711517,1787100324365711517,109.582909,,,,3527,3526,1,0,0,3527,CartesianTarget,1,True,True,True,False,0.0,-90.0,90.0,0.0,90.0,0.0,445.0,0.0,810.0,180.0,0.0,180.0,False,True,
2415,/kuka/axis_move/feedback_json,std_msgs/msg/String,2026-08-18T20:45:24.475619-04:00,1787100324,475607620,1787100324475607620,109.896103,,,,3528,3527,1,0,0,3528,CartesianTarget,1,True,True,True,False,0.0,-90.0,90.0,0.0,90.0,0.0,445.0,0.0,810.0,180.0,0.0,180.0,False,True,
2416,/kuka/axis_move/feedback_json,std_msgs/msg/String,2026-08-18T20:45:24.585443-04:00,1787100324,585437671,1787100324585437671,109.830051,,,,3529,3528,1,0,0,3529,CartesianTarget,1,True,True,True,False,0.0,-90.0,90.0,0.0,90.0,0.0,445.0,0.0,810.0,180.0,0.0,180.0,False,True,
2417,/kuka/axis_move/feedback_json,std_msgs/msg/String,2026-08-18T20:45:24.762656-04:00,1787100324,762643774,1787100324762643774,177.206103,,,,3530,3529,1,0,0,3530,CartesianTarget,1,True,True,True,False,0.0,-90.0,90.0,0.0,90.0,0.0,445.0,0.0,810.0,180.0,0.0,180.0,False,True,
2418,/kuka/axis_move/feedback_json,std_msgs/msg/String,2026-08-18T20:45:24.871432-04:00,1787100324,871410092,1787100324871410092,108.766318,,,,3531,3530,1,0,0,3531,CartesianTarget,1,True,True,True,False,0.0,-90.0,90.0,0.0,90.0,0.0,445.0,0.0,810.0,180.0,0.0,180.0,False,True,
2419,/kuka/axis_move/feedback_json,std_msgs/msg/String,2026-08-18T20:45:24.978614-04:00,1787100324,978606114,1787100324978606114,107.196022,,,,3532,3531,1,0,0,3532,CartesianTarget,1,True,True,True,False,0.0,-90.0,90.0,0.0,90.0,0.0,445.0,0.0,810.0,180.0,0.0,180.0,False,True,
2420,/kuka/axis_move/feedback_json,std_msgs/msg/String,2026-08-18T20:45:25.083320-04:00,1787100325,83307992,1787100325083307992,104.701878,,,,3533,3532,1,0,0,3533,CartesianTarget,1,True,True,True,False,0.0,-90.0,90.0,0.0,90.0,0.0,445.0,0.0,810.0,180.0,0.0,180.0,False,True,
2421,/kuka/axis_move/feedback_json,std_msgs/msg/String,2026-08-18T20:45:25.192249-04:00,1787100325,192240380,1787100325192240380,108.932388,,,,3534,3533,1,0,0,3534,CartesianTarget,1,True,True,True,False,0.0,-90.0,90.0,0.0,90.0,0.0,445.0,0.0,810.0,180.0,0.0,180.0,False,True,
2422,/kuka/axis_move/feedback_json,std_msgs/msg/String,2026-08-18T20:45:25.356999-04:00,1787100325,356992191,1787100325356992191,164.751811,,,,3535,3534,1,0,0,3535,CartesianTarget,1,True,True,True,False,0.0,-90.0,90.0,0.0,90.0,0.0,445.0,0.0,810.0,180.0,0.0,180.0,False,True,
2423,/kuka/axis_move/feedback_json,std_msgs/msg/String,2026-08-18T20:45:25.462797-04:00,1787100325,462780554,1787100325462780554,105.788363,,,,3536,3535,1,0,0,3536,CartesianTarget,1,True,True,True,False,0.0,-90.0,90.0,0.0,90.0,0.0,445.0,0.0,810.0,180.0,0.0,180.0,False,True,
2424,/kuka/axis_move/feedback_json,std_msgs/msg/String,2026-08-18T20:45:25.569269-04:00,1787100325,569261346,1787100325569261346,106.480792,,,,3537,3536,1,0,0,3537,CartesianTarget,1,True,True,True,False,0.0,-90.0,90.0,0.0,90.0,0.0,445.0,0.0,810.0,180.0,0.0,180.0,False,True,
2425,/kuka/axis_move/feedback_json,std_msgs/msg/String,2026-08-18T20:45:25.676879-04:00,1787100325,676872934,1787100325676872934,107.611588,,,,3538,3537,1,0,0,3538,CartesianTarget,1,True,True,True,False,0.0,-90.0,90.0,0.0,90.0,0.0,445.0,0.0,810.0,180.0,0.0,180.0,False,True,
2426,/kuka/axis_move/feedback_json,std_msgs/msg/String,2026-08-18T20:45:25.788530-04:00,1787100325,788517919,1787100325788517919,111.644985,,,,3539,3538,1,0,0,3539,CartesianTarget,1,True,True,True,False,0.0,-90.0,90.0,0.0,90.0,0.0,445.0,0.0,810.0,180.0,0.0,180.0,False,True,
2427,/kuka/axis_move/feedback_json,std_msgs/msg/String,2026-08-18T20:45:25.957071-04:00,1787100325,957055154,1787100325957055154,168.537235,,,,3540,3539,1,0,0,3540,CartesianTarget,1,True,True,True,False,0.0,-90.0,90.0,0.0,90.0,0.0,445.0,0.0,810.0,180.0,0.0,180.0,False,True,
2428,/kuka/axis_move/feedback_json,std_msgs/msg/String,2026-08-18T20:45:26.071329-04:00,1787100326,71311086,1787100326071311086,114.255932,,,,3541,3540,1,0,0,3541,CartesianTarget,1,True,True,True,False,0.0,-90.0,90.0,0.0,90.0,0.0,445.0,0.0,810.0,180.0,0.0,180.0,False,True,
2429,/kuka/axis_move/feedback_json,std_msgs/msg/String,2026-08-18T20:45:26.180662-04:00,1787100326,180655054,1787100326180655054,109.343968,,,,3542,3541,1,0,0,3542,CartesianTarget,1,True,True,True,False,0.0,-90.0,90.0,0.0,90.0,0.0,445.0,0.0,810.0,180.0,0.0,180.0,False,True,
2430,/kuka/axis_move/feedback_json,std_msgs/msg/String,2026-08-18T20:45:26.288641-04:00,1787100326,288635574,1787100326288635574,107.98052,,,,3543,3542,1,0,0,3543,CartesianTarget,1,True,True,True,False,0.0,-90.0,90.0,0.0,90.0,0.0,445.0,0.0,810.0,180.0,0.0,180.0,False,True,
2431,/kuka/axis_move/feedback_json,std_msgs/msg/String,2026-08-18T20:45:26.462223-04:00,1787100326,462216806,1787100326462216806,173.581232,,,,3544,3543,1,0,0,3544,CartesianTarget,1,True,True,True,False,0.0,-90.0,90.0,0.0,90.0,0.0,445.0,0.0,810.0,180.0,0.0,180.0,False,True,
2432,/kuka/axis_move/feedback_json,std_msgs/msg/String,2026-08-18T20:45:26.574664-04:00,1787100326,574649673,1787100326574649673,112.432867,,,,3545,3544,1,0,0,3545,CartesianTarget,1,True,True,True,False,0.0,-90.0,90.0,0.0,90.0,0.0,445.0,0.0,810.0,180.0,0.0,180.0,False,True,
2433,/kuka/axis_move/feedback_json,std_msgs/msg/String,2026-08-18T20:45:26.684514-04:00,1787100326,684503407,1787100326684503407,109.853734,,,,3546,3545,1,0,0,3546,CartesianTarget,1,True,True,True,False,0.0,-90.0,90.0,0.0,90.0,0.0,445.0,0.0,810.0,180.0,0.0,180.0,False,True,
2434,/kuka/axis_move/feedback_json,std_msgs/msg/String,2026-08-18T20:45:26.801700-04:00,1787100326,801688867,1787100326801688867,117.18546,,,,3547,3546,1,0,0,3547,CartesianTarget,1,True,True,True,False,0.0,-90.0,90.0,0.0,90.0,0.0,445.0,0.0,810.0,180.0,0.0,180.0,False,True,
2435,/kuka/axis_move/feedback_json,std_msgs/msg/String,2026-08-18T20:45:26.977466-04:00,1787100326,977457700,1787100326977457700,175.768833,,,,3548,3547,1,0,0,3548,CartesianTarget,1,True,True,True,False,0.0,-90.0,90.0,0.0,90.0,0.0,445.0,0.0,810.0,180.0,0.0,180.0,False,True,
2436,/kuka/axis_move/feedback_json,std_msgs/msg/String,2026-08-18T20:45:27.092204-04:00,1787100327,92191844,1787100327092191844,114.734144,,,,3549,3548,1,0,0,3549,CartesianTarget,1,True,True,True,False,0.0,-90.0,90.0,0.0,90.0,0.0,445.0,0.0,810.0,180.0,0.0,180.0,False,True,
2437,/kuka/axis_move/feedback_json,std_msgs/msg/String,2026-08-18T20:45:27.199310-04:00,1787100327,199299625,1787100327199299625,107.107781,,,,3550,3549,1,0,0,3550,CartesianTarget,1,True,True,True,False,0.0,-90.0,90.0,0.0,90.0,0.0,445.0,0.0,810.0,180.0,0.0,180.0,False,True,
2438,/kuka/axis_move/feedback_json,std_msgs/msg/String,2026-08-18T20:45:27.309248-04:00,1787100327,309223666,1787100327309223666,109.924041,,,,3551,3550,1,0,0,3551,CartesianTarget,1,True,True,True,False,0.0,-90.0,90.0,0.0,90.0,0.0,445.0,0.0,810.0,180.0,0.0,180.0,False,True,
2439,/kuka/axis_move/feedback_json,std_msgs/msg/String,2026-08-18T20:45:27.486490-04:00,1787100327,486472328,1787100327486472328,177.248662,,,,3552,3551,1,0,0,3552,CartesianTarget,1,True,True,True,False,0.0,-90.0,90.0,0.0,90.0,0.0,445.0,0.0,810.0,180.0,0.0,180.0,False,True,
2440,/kuka/axis_move/feedback_json,std_msgs/msg/String,2026-08-18T20:45:27.594052-04:00,1787100327,594041528,1787100327594041528,107.5692,,,,3553,3552,1,0,0,3553,CartesianTarget,1,True,True,True,False,0.0,-90.0,90.0,0.0,90.0,0.0,445.0,0.0,810.0,180.0,0.0,180.0,False,True,
2441,/kuka/axis_move/feedback_json,std_msgs/msg/String,2026-08-18T20:45:27.700028-04:00,1787100327,700018422,1787100327700018422,105.976894,,,,3554,3553,1,0,0,3554,CartesianTarget,1,True,True,True,False,0.0,-90.0,90.0,0.0,90.0,0.0,445.0,0.0,810.0,180.0,0.0,180.0,False,True,
2442,/kuka/axis_move/feedback_json,std_msgs/msg/String,2026-08-18T20:45:27.809664-04:00,1787100327,809656086,1787100327809656086,109.637664,,,,3555,3554,1,0,0,3555,CartesianTarget,1,True,True,True,False,0.0,-90.0,90.0,0.0,90.0,0.0,445.0,0.0,810.0,180.0,0.0,180.0,False,True,
2443,/kuka/axis_move/feedback_json,std_msgs/msg/String,2026-08-18T20:45:27.975779-04:00,1787100327,975769874,1787100327975769874,166.113788,,,,3556,3555,1,0,0,3556,CartesianTarget,1,True,True,True,False,0.0,-90.0,90.0,0.0,90.0,0.0,445.0,0.0,810.0,180.0,0.0,180.0,False,True,
2444,/kuka/axis_move/feedback_json,std_msgs/msg/String,2026-08-18T20:45:28.081693-04:00,1787100328,81683941,1787100328081683941,105.914067,,,,3557,3556,1,0,0,3557,CartesianTarget,1,True,True,True,False,0.0,-90.0,90.0,0.0,90.0,0.0,445.0,0.0,810.0,180.0,0.0,180.0,False,True,
2445,/kuka/axis_move/feedback_json,std_msgs/msg/String,2026-08-18T20:45:28.191014-04:00,1787100328,190999430,1787100328190999430,109.315489,,,,3558,3557,1,0,0,3558,CartesianTarget,1,True,True,True,False,0.0,-90.0,90.0,0.0,90.0,0.0,445.0,0.0,810.0,180.0,0.0,180.0,False,True,
2446,/kuka/axis_move/feedback_json,std_msgs/msg/String,2026-08-18T20:45:28.295943-04:00,1787100328,295935201,1787100328295935201,104.935771,,,,3559,3558,1,0,0,3559,CartesianTarget,1,True,True,True,False,0.0,-90.0,90.0,0.0,90.0,0.0,445.0,0.0,810.0,180.0,0.0,180.0,False,True,
2447,/kuka/axis_move/feedback_json,std_msgs/msg/String,2026-08-18T20:45:28.400796-04:00,1787100328,400781048,1787100328400781048,104.845847,,,,3560,3559,1,0,0,3560,CartesianTarget,1,True,True,True,False,0.0,-90.0,90.0,0.0,90.0,0.0,445.0,0.0,810.0,180.0,0.0,180.0,False,True,
2448,/kuka/axis_move/feedback_json,std_msgs/msg/String,2026-08-18T20:45:28.567329-04:00,1787100328,567301169,1787100328567301169,166.520121,,,,3561,3560,1,0,0,3561,CartesianTarget,1,True,True,True,False,0.0,-90.0,90.0,0.0,90.0,0.0,445.0,0.0,810.0,180.0,0.0,180.0,False,True,
2449,/kuka/axis_move/feedback_json,std_msgs/msg/String,2026-08-18T20:45:28.673298-04:00,1787100328,673292763,1787100328673292763,105.991594,,,,3562,3561,1,0,0,3562,CartesianTarget,1,True,True,True,False,0.0,-90.0,90.0,0.0,90.0,0.0,445.0,0.0,810.0,180.0,0.0,180.0,False,True,
2450,/kuka/axis_move/feedback_json,std_msgs/msg/String,2026-08-18T20:45:28.780445-04:00,1787100328,780424086,1787100328780424086,107.131323,,,,3563,3562,1,0,0,3563,CartesianTarget,1,True,True,True,False,0.0,-90.0,90.0,0.0,90.0,0.0,445.0,0.0,810.0,180.0,0.0,180.0,False,True,
2451,/kuka/axis_move/feedback_json,std_msgs/msg/String,2026-08-18T20:45:28.891545-04:00,1787100328,891533028,1787100328891533028,111.108942,,,,3564,3563,1,0,0,3564,CartesianTarget,1,True,True,True,False,0.0,-90.0,90.0,0.0,90.0,0.0,445.0,0.0,810.0,180.0,0.0,180.0,False,True,
2452,/kuka/axis_move/feedback_json,std_msgs/msg/String,2026-08-18T20:45:29.003392-04:00,1787100329,3374857,1787100329003374857,111.841829,,,,3565,3564,1,0,0,3565,CartesianTarget,1,True,True,True,False,0.0,-90.0,90.0,0.0,90.0,0.0,445.0,0.0,810.0,180.0,0.0,-180.0,False,True,
2453,/kuka/axis_move/feedback_json,std_msgs/msg/String,2026-08-18T20:45:29.179322-04:00,1787100329,179305623,1787100329179305623,175.930766,,,,3566,3565,1,0,0,3566,CartesianTarget,1,True,True,True,False,-0.030299,-89.999992,89.999985,0.0,90.0,-0.048242,445.0,0.443046,810.0,180.0,0.0,-180.0,False,True,
2454,/kuka/axis_move/feedback_json,std_msgs/msg/String,2026-08-18T20:45:29.290607-04:00,1787100329,290592172,1787100329290592172,111.286549,,,,3567,3566,1,0,0,3567,CartesianTarget,1,True,True,True,False,-0.209468,-89.99958,89.999542,0.0,90.0,-0.27697,445.000031,2.327238,810.0,180.0,0.0,180.0,False,True,
2455,/kuka/axis_move/feedback_json,std_msgs/msg/String,2026-08-18T20:45:29.401581-04:00,1787100329,401564496,1787100329401564496,110.972324,,,,3568,3567,1,0,0,3568,CartesianTarget,1,True,True,True,False,-0.526127,-89.997528,89.997429,0.0,90.0,-0.594072,445.000031,4.790073,810.0,180.0,0.0,180.0,False,True,
2456,/kuka/axis_move/feedback_json,std_msgs/msg/String,2026-08-18T20:45:29.511165-04:00,1787100329,511158741,1787100329511158741,109.594245,,,,3569,3568,1,0,0,3569,CartesianTarget,1,True,True,True,False,-0.843188,-89.993767,89.993599,0.0,90.0,-0.899801,445.000031,7.164993,810.0,180.0,0.0,180.0,False,True,
2457,/kuka/axis_move/feedback_json,std_msgs/msg/String,2026-08-18T20:45:29.682923-04:00,1787100329,682914144,1787100329682914144,171.755403,,,,3570,3569,1,0,0,3570,CartesianTarget,1,True,True,True,False,-1.32656,-89.984673,89.984665,0.0,90.0,-1.347864,445.0,10.4702,810.0,180.0,0.0,180.0,False,True,
2458,/kuka/axis_move/feedback_json,std_msgs/msg/String,2026-08-18T20:45:29.794880-04:00,1787100329,794872093,1787100329794872093,111.957949,,,,3571,3570,1,0,0,3571,CartesianTarget,1,True,True,True,False,-1.34775,-89.984497,89.984489,0.0,90.0,-1.34775,445.0,10.46952,810.0,180.0,0.0,180.0,False,True,
2459,/kuka/axis_move/feedback_json,std_msgs/msg/String,2026-08-18T20:45:29.902096-04:00,1787100329,902089925,1787100329902089925,107.217832,,,,3572,3571,1,0,0,3572,CartesianTarget,1,True,True,True,False,-1.34775,-89.984497,89.984489,0.0,90.0,-1.34775,445.0,10.46952,810.0,180.0,0.0,180.0,False,True,
2460,/kuka/axis_move/feedback_json,std_msgs/msg/String,2026-08-18T20:45:30.014273-04:00,1787100330,14261751,1787100330014261751,112.171826,,,,3573,3572,1,0,0,3573,CartesianTarget,1,True,True,True,False,-1.34775,-89.984497,89.984489,0.0,90.0,-1.347779,445.0,10.471302,810.0,180.0,0.0,180.0,False,True,
2461,/kuka/axis_move/feedback_json,std_msgs/msg/String,2026-08-18T20:45:30.186815-04:00,1787100330,186800168,1787100330186800168,172.538417,,,,3574,3573,1,0,0,3574,CartesianTarget,1,True,True,True,False,-1.425439,-89.982513,89.982353,0.0,90.0,-1.46499,445.0,11.502502,810.0,180.0,0.0,180.0,False,True,
2462,/kuka/axis_move/feedback_json,std_msgs/msg/String,2026-08-18T20:45:30.297931-04:00,1787100330,297924993,1787100330297924993,111.124825,,,,3575,3574,1,0,0,3575,CartesianTarget,1,True,True,True,False,-1.692443,-89.975212,89.974876,0.0,90.000008,-1.749019,445.000031,13.764274,810.0,180.0,0.0,180.0,False,True,
2463,/kuka/axis_move/feedback_json,std_msgs/msg/String,2026-08-18T20:45:30.408574-04:00,1787100330,408566579,1787100330408566579,110.641586,,,,3576,3575,1,0,0,3576,CartesianTarget,1,True,True,True,False,-2.009219,-89.965134,89.964729,0.0,90.000015,-2.065774,445.000031,16.315113,810.0,180.0,0.0,180.0,False,True,
2464,/kuka/axis_move/feedback_json,std_msgs/msg/String,2026-08-18T20:45:30.523102-04:00,1787100330,523076523,1787100330523076523,114.509944,,,,3577,3576,1,0,0,3577,CartesianTarget,1,True,True,True,False,-2.325871,-89.953339,89.952415,0.0,90.000023,-2.393698,445.000031,18.77466,810.0,180.0,0.0,180.0,False,True,
2465,/kuka/axis_move/feedback_json,std_msgs/msg/String,2026-08-18T20:45:30.698275-04:00,1787100330,698268897,1787100330698268897,175.192374,,,,3578,3577,1,0,0,3578,CartesianTarget,1,True,True,True,False,-2.45666,-89.948448,89.948425,0.0,90.000023,-2.45666,445.0,19.091879,810.0,180.0,0.0,180.0,False,True,
2466,/kuka/axis_move/feedback_json,std_msgs/msg/String,2026-08-18T20:45:30.808596-04:00,1787100330,808583900,1787100330808583900,110.315003,,,,3579,3578,1,0,0,3579,CartesianTarget,1,True,True,True,False,-2.45666,-89.948448,89.948425,0.0,90.000023,-2.45666,445.0,19.091879,810.0,180.0,0.0,180.0,False,True,
2467,/kuka/axis_move/feedback_json,std_msgs/msg/String,2026-08-18T20:45:30.925285-04:00,1787100330,925279361,1787100330925279361,116.695461,,,,3580,3579,1,0,0,3580,CartesianTarget,1,True,True,True,False,-2.45666,-89.948448,89.948425,0.0,90.000023,-2.45666,445.0,19.091879,810.0,180.0,0.0,180.0,False,True,
2468,/kuka/axis_move/feedback_json,std_msgs/msg/String,2026-08-18T20:45:31.033467-04:00,1787100331,33455952,1787100331033455952,108.176591,,,,3581,3580,1,0,0,3581,CartesianTarget,1,True,True,True,False,-2.45666,-89.948448,89.948425,0.0,90.000023,-2.45666,445.0,19.091879,810.0,180.0,0.0,180.0,False,True,
2469,/kuka/axis_move/feedback_json,std_msgs/msg/String,2026-08-18T20:45:31.213944-04:00,1787100331,213937923,1787100331213937923,180.481971,,,,3582,3581,1,0,0,3582,CartesianTarget,1,True,True,True,False,-2.45666,-89.948448,89.948425,0.0,90.000023,-2.45666,445.0,19.091879,810.0,180.0,0.0,180.0,False,True,
2470,/kuka/axis_move/feedback_json,std_msgs/msg/String,2026-08-18T20:45:31.329984-04:00,1787100331,329970106,1787100331329970106,116.032183,,,,3583,3582,1,0,0,3583,CartesianTarget,1,True,True,True,False,-2.455869,-89.948494,89.948486,0.0,90.000023,-2.452942,445.0,19.049616,810.0,180.0,0.0,180.0,False,True,
2471,/kuka/axis_move/feedback_json,std_msgs/msg/String,2026-08-18T20:45:31.442245-04:00,1787100331,442234019,1787100331442234019,112.263913,,,,3584,3583,1,0,0,3584,CartesianTarget,1,True,True,True,False,-2.399718,-89.951004,89.951187,0.0,90.000023,-2.373218,445.0,18.292629,810.0,180.0,0.0,180.0,False,True,
2472,/kuka/axis_move/feedback_json,std_msgs/msg/String,2026-08-18T20:45:31.551173-04:00,1787100331,551160829,1787100331551160829,108.92681,,,,3585,3584,1,0,0,3585,CartesianTarget,1,True,True,True,False,-2.157504,-89.960663,89.96106,0.0,90.000015,-2.100962,445.000031,16.148968,810.0,180.0,0.0,180.0,False,True,
2473,/kuka/axis_move/feedback_json,std_msgs/msg/String,2026-08-18T20:45:31.720702-04:00,1787100331,720693703,1787100331720693703,169.532874,,,,3586,3585,1,0,0,3586,CartesianTarget,1,True,True,True,False,-1.682385,-89.976151,89.976471,0.0,90.000008,-1.61449,445.000031,12.366685,810.0,180.0,0.0,180.0,False,True,
2474,/kuka/axis_move/feedback_json,std_msgs/msg/String,2026-08-18T20:45:31.830179-04:00,1787100331,830167150,1787100331830167150,109.473447,,,,3587,3586,1,0,0,3587,CartesianTarget,1,True,True,True,False,-1.376822,-89.984077,89.984337,0.0,90.0,-1.308908,445.000031,9.991765,810.0,180.0,0.0,180.0,False,True,
2475,/kuka/axis_move/feedback_json,std_msgs/msg/String,2026-08-18T20:45:31.938831-04:00,1787100331,938806272,1787100331938806272,108.639122,,,,3588,3587,1,0,0,3588,CartesianTarget,1,True,True,True,False,-1.059859,-89.990814,89.990814,0.0,90.0,-0.99193,445.000031,7.528885,810.0,180.0,0.0,180.0,False,True,
2476,/kuka/axis_move/feedback_json,std_msgs/msg/String,2026-08-18T20:45:32.054339-04:00,1787100332,54328688,1787100332054328688,115.522416,,,,3589,3588,1,0,0,3589,CartesianTarget,1,True,True,True,False,-0.742832,-89.99543,89.995567,0.0,90.0,-0.674891,445.000031,5.066006,810.0,180.0,0.0,180.0,False,True,
2477,/kuka/axis_move/feedback_json,std_msgs/msg/String,2026-08-18T20:45:32.233903-04:00,1787100332,233895763,1787100332233895763,179.567075,,,,3590,3589,1,0,0,3590,CartesianTarget,1,True,True,True,False,-0.233236,-89.999573,89.999619,0.0,90.0,-0.165285,445.000031,1.107806,810.0,180.0,0.0,180.0,False,True,
2478,/kuka/axis_move/feedback_json,std_msgs/msg/String,2026-08-18T20:45:32.347664-04:00,1787100332,347645363,1787100332347645363,113.7496,,,,3591,3590,1,0,0,3591,CartesianTarget,1,True,True,True,False,0.095195,-89.999901,89.999878,0.0,90.0,0.151821,445.000031,-1.355074,810.0,180.0,0.0,180.0,False,True,
2479,/kuka/axis_move/feedback_json,std_msgs/msg/String,2026-08-18T20:45:32.459771-04:00,1787100332,459753671,1787100332459753671,112.108308,,,,3592,3591,1,0,0,3592,CartesianTarget,1,True,True,True,False,0.282828,-89.999321,89.999321,0.0,90.0,0.282836,445.0,-2.196717,810.0,180.0,0.0,180.0,False,True,
2480,/kuka/axis_move/feedback_json,std_msgs/msg/String,2026-08-18T20:45:32.572501-04:00,1787100332,572494404,1787100332572494404,112.740733,,,,3593,3592,1,0,0,3593,CartesianTarget,1,True,True,True,False,0.282835,-89.999321,89.999321,0.0,90.0,0.282835,445.0,-2.19672,810.0,180.0,0.0,180.0,False,True,
2481,/kuka/axis_move/feedback_json,std_msgs/msg/String,2026-08-18T20:45:32.751406-04:00,1787100332,751397538,1787100332751397538,178.903134,,,,3594,3593,1,0,0,3594,CartesianTarget,1,True,True,True,False,0.282835,-89.999321,89.999321,0.0,90.0,0.282835,445.0,-2.19672,810.0,180.0,0.0,180.0,False,True,
2482,/kuka/axis_move/feedback_json,std_msgs/msg/String,2026-08-18T20:45:32.865871-04:00,1787100332,865860076,1787100332865860076,114.462538,,,,3595,3594,1,0,0,3595,CartesianTarget,1,True,True,True,False,0.282606,-89.999321,89.999321,0.0,90.0,0.28094,445.0,-2.173244,810.0,180.0,0.0,-180.0,False,True,
2483,/kuka/axis_move/feedback_json,std_msgs/msg/String,2026-08-18T20:45:32.979118-04:00,1787100332,979092861,1787100332979092861,113.232785,,,,3596,3595,1,0,0,3596,CartesianTarget,1,True,True,True,False,0.252173,-89.999458,89.999458,0.0,90.0,0.252252,445.0,-1.959119,810.0,180.0,0.0,-180.0,False,True,
2484,/kuka/axis_move/feedback_json,std_msgs/msg/String,2026-08-18T20:45:33.089719-04:00,1787100333,89702883,1787100333089702883,110.610022,,,,3597,3596,1,0,0,3597,CartesianTarget,1,True,True,True,False,0.252244,-89.999458,89.999458,0.0,90.0,0.252244,445.0,-1.959098,810.0,180.0,0.0,-180.0,False,True,
2485,/kuka/axis_move/feedback_json,std_msgs/msg/String,2026-08-18T20:45:33.266750-04:00,1787100333,266738310,1787100333266738310,177.035427,,,,3598,3597,1,0,0,3598,CartesianTarget,1,True,True,True,False,0.199808,-89.999664,89.999664,0.0,90.0,0.199211,445.0,-1.547412,810.0,180.0,0.0,-180.0,False,True,
2486,/kuka/axis_move/feedback_json,std_msgs/msg/String,2026-08-18T20:45:33.380973-04:00,1787100333,380952324,1787100333380952324,114.214014,,,,3599,3598,1,0,0,3599,CartesianTarget,1,True,True,True,False,0.198988,-89.999664,89.999664,0.0,90.0,0.19776,445.0,-1.528508,810.0,180.0,0.0,-180.0,False,True,
2487,/kuka/axis_move/feedback_json,std_msgs/msg/String,2026-08-18T20:45:33.490497-04:00,1787100333,490486025,1787100333490486025,109.533701,,,,3600,3599,1,0,0,3600,CartesianTarget,1,True,True,True,False,0.176963,-89.999733,89.999733,0.0,90.0,0.176968,445.0,-1.374458,810.0,180.0,0.0,-180.0,False,True,
2488,/kuka/axis_move/feedback_json,std_msgs/msg/String,2026-08-18T20:45:33.601686-04:00,1787100333,601668169,1787100333601668169,111.182144,,,,3601,3600,1,0,0,3601,CartesianTarget,1,True,True,True,False,0.176968,-89.999733,89.999733,0.0,90.0,0.176968,445.0,-1.374464,810.0,180.0,0.0,-180.0,False,True,
2489,/kuka/axis_move/feedback_json,std_msgs/msg/String,2026-08-18T20:45:33.783090-04:00,1787100333,783060081,1787100333783060081,181.391912,,,,3602,3601,1,0,0,3602,CartesianTarget,1,True,True,True,False,0.172439,-89.999748,89.999756,0.0,90.0,0.165096,445.0,-1.254942,810.0,180.0,0.0,-180.0,False,True,
2490,/kuka/axis_move/feedback_json,std_msgs/msg/String,2026-08-18T20:45:33.889141-04:00,1787100333,889129463,1787100333889129463,106.069382,,,,3603,3602,1,0,0,3603,CartesianTarget,1,True,True,True,False,0.154719,-89.999794,89.999794,0.0,90.0,0.154719,445.0,-1.201664,810.0,180.0,0.0,-180.0,False,True,
2491,/kuka/axis_move/feedback_json,std_msgs/msg/String,2026-08-18T20:45:34.000819-04:00,1787100334,809246,1787100334000809246,111.679783,,,,3604,3603,1,0,0,3604,CartesianTarget,1,True,True,True,False,0.154719,-89.999794,89.999794,0.0,90.0,0.154719,445.0,-1.201664,810.0,180.0,0.0,-180.0,False,True,
2492,/kuka/axis_move/feedback_json,std_msgs/msg/String,2026-08-18T20:45:34.112635-04:00,1787100334,112628112,1787100334112628112,111.818866,,,,3605,3604,1,0,0,3605,CartesianTarget,1,True,True,True,False,0.153927,-89.999802,89.999802,0.0,90.0,0.151697,445.0,-1.166487,810.0,180.0,0.0,-180.0,False,True,
2493,/kuka/axis_move/feedback_json,std_msgs/msg/String,2026-08-18T20:45:34.288531-04:00,1787100334,288521167,1787100334288521167,175.893055,,,,3606,3605,1,0,0,3606,CartesianTarget,1,True,True,True,False,0.11393,-89.999886,89.999886,0.0,90.0,0.113919,445.0,-0.884341,810.0,180.0,0.0,-180.0,False,True,
2494,/kuka/axis_move/feedback_json,std_msgs/msg/String,2026-08-18T20:45:34.403523-04:00,1787100334,403498658,1787100334403498658,114.977491,,,,3607,3606,1,0,0,3607,CartesianTarget,1,True,True,True,False,0.099081,-89.999916,89.999916,0.0,90.0,0.098331,445.0,-0.763935,810.0,180.0,0.0,-180.0,False,True,
2495,/kuka/axis_move/feedback_json,std_msgs/msg/String,2026-08-18T20:45:34.515468-04:00,1787100334,515449518,1787100334515449518,111.95086,,,,3608,3607,1,0,0,3608,CartesianTarget,1,True,True,True,False,0.097802,-89.999916,89.999916,0.0,90.0,0.095941,445.0,-0.728729,810.0,180.0,0.0,-180.0,False,True,
2496,/kuka/axis_move/feedback_json,std_msgs/msg/String,2026-08-18T20:45:34.626057-04:00,1787100334,626046071,1787100334626046071,110.596553,,,,3609,3608,1,0,0,3609,CartesianTarget,1,True,True,True,False,0.082782,-89.999939,89.999939,0.0,90.0,0.082782,445.0,-0.642946,810.0,180.0,0.0,-180.0,False,True,
2497,/kuka/axis_move/feedback_json,std_msgs/msg/String,2026-08-18T20:45:34.800126-04:00,1787100334,800120055,1787100334800120055,174.073984,,,,3610,3609,1,0,0,3610,CartesianTarget,1,True,True,True,False,0.082782,-89.999939,89.999939,0.0,90.0,0.082782,445.0,-0.642946,810.0,180.0,0.0,-180.0,False,True,
2498,/kuka/axis_move/feedback_json,std_msgs/msg/String,2026-08-18T20:45:34.912823-04:00,1787100334,912810679,1787100334912810679,112.690624,,,,3611,3610,1,0,0,3611,CartesianTarget,1,True,True,True,False,0.082553,-89.999939,89.999939,0.0,90.0,0.081326,445.0,-0.62419,810.0,180.0,0.0,-180.0,False,True,
2499,/kuka/axis_move/feedback_json,std_msgs/msg/String,2026-08-18T20:45:35.025596-04:00,1787100335,25585319,1787100335025585319,112.77464,,,,3612,3611,1,0,0,3612,CartesianTarget,1,True,True,True,False,0.042481,-89.999992,89.999992,0.0,90.0,0.029821,445.0,-0.230297,810.0,180.0,0.0,-180.0,False,True,
2500,/kuka/axis_move/feedback_json,std_msgs/msg/String,2026-08-18T20:45:35.143570-04:00,1787100335,143564840,1787100335143564840,117.979521,,,,3613,3612,1,0,0,3613,CartesianTarget,1,True,True,True,False,0.029756,-89.999992,89.999992,0.0,90.0,0.029756,445.0,-0.231106,810.0,180.0,0.0,-180.0,False,True,
2501,/kuka/axis_move/feedback_json,std_msgs/msg/String,2026-08-18T20:45:35.316589-04:00,1787100335,316582902,1787100335316582902,173.018062,,,,3614,3613,1,0,0,3614,CartesianTarget,1,True,True,True,False,0.029756,-89.999992,89.999992,0.0,90.0,0.029756,445.0,-0.231106,810.0,180.0,0.0,-180.0,False,True,
2502,/kuka/axis_move/feedback_json,std_msgs/msg/String,2026-08-18T20:45:35.425933-04:00,1787100335,425921863,1787100335425921863,109.338961,,,,3615,3614,1,0,0,3615,CartesianTarget,1,True,True,True,False,0.029756,-89.999992,89.999992,0.0,90.0,0.029756,445.0,-0.231106,810.0,180.0,0.0,-180.0,False,True,
2503,/kuka/axis_move/feedback_json,std_msgs/msg/String,2026-08-18T20:45:35.543449-04:00,1787100335,543439493,1787100335543439493,117.51763,,,,3616,3615,1,0,0,3616,CartesianTarget,1,True,True,True,False,0.028963,-89.999992,89.999992,0.0,90.0,0.026031,445.0,-0.188842,810.0,180.0,0.0,-180.0,False,True,
2504,/kuka/axis_move/feedback_json,std_msgs/msg/String,2026-08-18T20:45:35.651831-04:00,1787100335,651806928,1787100335651806928,108.367435,,,,3617,3616,1,0,0,3617,CartesianTarget,1,True,True,True,False,-0.000827,-90.0,90.0,0.0,90.0,-0.000838,445.0,0.006501,810.0,180.0,0.0,-180.0,False,True,
2505,/kuka/axis_move/feedback_json,std_msgs/msg/String,2026-08-18T20:45:35.831963-04:00,1787100335,831952223,1787100335831952223,180.145295,,,,3618,3617,1,0,0,3618,CartesianTarget,1,True,True,True,False,-0.000836,-90.0,90.0,0.0,90.0,-0.000836,445.0,0.006494,810.0,180.0,0.0,-180.0,False,True,
2506,/kuka/axis_move/feedback_json,std_msgs/msg/String,2026-08-18T20:45:35.943881-04:00,1787100335,943871599,1787100335943871599,111.919376,,,,3619,3618,1,0,0,3619,CartesianTarget,1,True,True,True,False,-0.000836,-90.0,90.0,0.0,90.0,-0.000836,445.0,0.006494,810.0,180.0,0.0,-180.0,False,True,
2507,/kuka/axis_move/feedback_json,std_msgs/msg/String,2026-08-18T20:45:36.062488-04:00,1787100336,62469615,1787100336062469615,118.598016,,,,3620,3619,1,0,0,3620,CartesianTarget,1,True,True,True,False,-0.000836,-90.0,90.0,0.0,90.0,-0.000836,445.0,0.006494,810.0,180.0,0.0,-180.0,False,True,
2508,/kuka/axis_move/feedback_json,std_msgs/msg/String,2026-08-18T20:45:36.173447-04:00,1787100336,173434498,1787100336173434498,110.964883,,,,3621,3620,1,0,0,3621,CartesianTarget,1,True,True,True,False,-0.000865,-90.0,90.0,0.0,90.0,-0.00139,445.0,0.017803,810.0,180.0,0.0,180.0,False,True,
2509,/kuka/axis_move/feedback_json,std_msgs/msg/String,2026-08-18T20:45:36.350931-04:00,1787100336,350913167,1787100336350913167,177.478669,,,,3622,3621,1,0,0,3622,CartesianTarget,1,True,True,True,False,-0.023085,-89.999992,89.999992,0.0,90.0,-0.023085,445.0,0.179294,810.0,180.0,0.0,180.0,False,True,
2510,/kuka/axis_move/feedback_json,std_msgs/msg/String,2026-08-18T20:45:36.455840-04:00,1787100336,455833967,1787100336455833967,104.9208,,,,3623,3622,1,0,0,3623,CartesianTarget,1,True,True,True,False,-0.023085,-89.999992,89.999992,0.0,90.0,-0.023085,445.0,0.179294,810.0,180.0,0.0,180.0,False,True,
2511,/kuka/axis_move/feedback_json,std_msgs/msg/String,2026-08-18T20:45:36.564908-04:00,1787100336,564891176,1787100336564891176,109.057209,,,,3624,3623,1,0,0,3624,CartesianTarget,1,True,True,True,False,-0.023085,-89.999992,89.999992,0.0,90.0,-0.023085,445.0,0.179294,810.0,180.0,0.0,180.0,False,True,
2512,/kuka/axis_move/feedback_json,std_msgs/msg/String,2026-08-18T20:45:36.676697-04:00,1787100336,676683290,1787100336676683290,111.792114,,,,3625,3624,1,0,0,3625,CartesianTarget,1,True,True,True,False,-0.023085,-89.999992,89.999992,0.0,90.0,-0.023085,445.0,0.179294,810.0,180.0,0.0,180.0,False,True,
2513,/kuka/axis_move/feedback_json,std_msgs/msg/String,2026-08-18T20:45:36.856186-04:00,1787100336,856180258,1787100336856180258,179.496968,,,,3626,3625,1,0,0,3626,CartesianTarget,1,True,True,True,False,-0.017643,-90.0,90.0,0.0,90.0,-0.009506,445.0,0.043604,810.0,180.0,0.0,180.0,False,True,
2514,/kuka/axis_move/feedback_json,std_msgs/msg/String,2026-08-18T20:45:36.968761-04:00,1787100336,968755864,1787100336968755864,112.575606,,,,3627,3626,1,0,0,3627,CartesianTarget,1,True,True,True,False,0.017705,-90.0,90.0,0.0,90.0,0.017704,445.0,-0.137505,810.0,180.0,0.0,180.0,False,True,
2515,/kuka/axis_move/feedback_json,std_msgs/msg/String,2026-08-18T20:45:37.076987-04:00,1787100337,76980886,1787100337076980886,108.225022,,,,3628,3627,1,0,0,3628,CartesianTarget,1,True,True,True,False,0.017705,-90.0,90.0,0.0,90.0,0.017704,445.0,-0.137506,810.0,180.0,0.0,180.0,False,True,
2516,/kuka/axis_move/feedback_json,std_msgs/msg/String,2026-08-18T20:45:37.185642-04:00,1787100337,185631614,1787100337185631614,108.650728,,,,3629,3628,1,0,0,3629,CartesianTarget,1,True,True,True,False,0.017705,-90.0,90.0,0.0,90.0,0.017704,445.0,-0.137506,810.0,180.0,0.0,180.0,False,True,
2517,/kuka/axis_move/feedback_json,std_msgs/msg/String,2026-08-18T20:45:37.357563-04:00,1787100337,357557100,1787100337357557100,171.925486,,,,3630,3629,1,0,0,3630,CartesianTarget,1,True,True,True,False,0.017705,-90.0,90.0,0.0,90.0,0.017704,445.0,-0.137506,810.0,180.0,0.0,180.0,False,True,
2518,/kuka/axis_move/feedback_json,std_msgs/msg/String,2026-08-18T20:45:37.470132-04:00,1787100337,470124216,1787100337470124216,112.567116,,,,3631,3630,1,0,0,3631,CartesianTarget,1,True,True,True,False,0.017705,-90.0,90.0,0.0,90.0,0.017704,445.0,-0.137506,810.0,180.0,0.0,180.0,False,True,
2519,/kuka/axis_move/feedback_json,std_msgs/msg/String,2026-08-18T20:45:37.581839-04:00,1787100337,581832958,1787100337581832958,111.708742,,,,3632,3631,1,0,0,3632,CartesianTarget,1,True,True,True,False,0.017705,-90.0,90.0,0.0,90.0,0.017704,445.0,-0.137506,810.0,180.0,0.0,180.0,False,True,
2520,/kuka/axis_move/feedback_json,std_msgs/msg/String,2026-08-18T20:45:37.689950-04:00,1787100337,689943706,1787100337689943706,108.110748,,,,3633,3632,1,0,0,3633,CartesianTarget,1,True,True,True,False,0.017705,-90.0,90.0,0.0,90.0,0.017704,445.0,-0.137506,810.0,180.0,0.0,180.0,False,True,
2521,/kuka/axis_move/feedback_json,std_msgs/msg/String,2026-08-18T20:45:37.862149-04:00,1787100337,862143580,1787100337862143580,172.199874,,,,3634,3633,1,0,0,3634,CartesianTarget,1,True,True,True,False,0.017705,-90.0,90.0,0.0,90.0,0.017704,445.0,-0.137506,810.0,180.0,0.0,180.0,False,True,
2522,/kuka/axis_move/feedback_json,std_msgs/msg/String,2026-08-18T20:45:37.974039-04:00,1787100337,974033091,1787100337974033091,111.889511,,,,3635,3634,1,0,0,3635,CartesianTarget,1,True,True,True,False,0.017705,-90.0,90.0,0.0,90.0,0.017704,445.0,-0.137506,810.0,180.0,0.0,180.0,False,True,
2523,/kuka/axis_move/feedback_json,std_msgs/msg/String,2026-08-18T20:45:38.090454-04:00,1787100338,90438479,1787100338090438479,116.405388,,,,3636,3635,1,0,0,3636,CartesianTarget,1,True,True,True,False,0.017705,-90.0,90.0,0.0,90.0,0.017704,445.0,-0.137506,810.0,180.0,0.0,180.0,False,True,
2524,/kuka/axis_move/feedback_json,std_msgs/msg/String,2026-08-18T20:45:38.198751-04:00,1787100338,198739042,1787100338198739042,108.300563,,,,3637,3636,1,0,0,3637,CartesianTarget,1,True,True,True,False,0.017705,-90.0,90.0,0.0,90.0,0.017704,445.0,-0.137506,810.0,180.0,0.0,180.0,False,True,
2525,/kuka/axis_move/feedback_json,std_msgs/msg/String,2026-08-18T20:45:38.379098-04:00,1787100338,379077745,1787100338379077745,180.338703,,,,3638,3637,1,0,0,3638,CartesianTarget,1,True,True,True,False,0.017705,-90.0,90.0,0.0,90.0,0.017704,445.0,-0.137506,810.0,180.0,0.0,180.0,False,True,
2526,/kuka/axis_move/feedback_json,std_msgs/msg/String,2026-08-18T20:45:38.487428-04:00,1787100338,487418769,1787100338487418769,108.341024,,,,3639,3638,1,0,0,3639,CartesianTarget,1,True,True,True,False,0.017705,-90.0,90.0,0.0,90.0,0.017704,445.0,-0.137506,810.0,180.0,0.0,180.0,False,True,
2527,/kuka/axis_move/feedback_json,std_msgs/msg/String,2026-08-18T20:45:38.596772-04:00,1787100338,596763850,1787100338596763850,109.345081,,,,3640,3639,1,0,0,3640,CartesianTarget,1,True,True,True,False,0.017705,-90.0,90.0,0.0,90.0,0.017704,445.0,-0.137506,810.0,180.0,0.0,180.0,False,True,
2528,/kuka/axis_move/feedback_json,std_msgs/msg/String,2026-08-18T20:45:38.710846-04:00,1787100338,710829322,1787100338710829322,114.065472,,,,3641,3640,1,0,0,3641,CartesianTarget,1,True,True,True,False,0.017705,-90.0,90.0,0.0,90.0,0.017704,445.0,-0.137506,810.0,180.0,0.0,180.0,False,True,
2529,/kuka/axis_move/feedback_json,std_msgs/msg/String,2026-08-18T20:45:38.883306-04:00,1787100338,883296036,1787100338883296036,172.466714,,,,3642,3641,1,0,0,3642,CartesianTarget,1,True,True,True,False,0.017705,-90.0,90.0,0.0,90.0,0.017704,445.0,-0.137506,810.0,180.0,0.0,180.0,False,True,
2530,/kuka/axis_move/feedback_json,std_msgs/msg/String,2026-08-18T20:45:38.993295-04:00,1787100338,993284207,1787100338993284207,109.988171,,,,3643,3642,1,0,0,3643,CartesianTarget,1,True,True,True,False,0.017705,-90.0,90.0,0.0,90.0,0.017704,445.0,-0.137506,810.0,180.0,0.0,180.0,False,True,
2531,/kuka/axis_move/feedback_json,std_msgs/msg/String,2026-08-18T20:45:39.103983-04:00,1787100339,103968342,1787100339103968342,110.684135,,,,3644,3643,1,0,0,3644,CartesianTarget,1,True,True,True,False,0.017705,-90.0,90.0,0.0,90.0,0.017704,445.0,-0.137506,810.0,180.0,0.0,180.0,False,True,
2532,/kuka/axis_move/feedback_json,std_msgs/msg/String,2026-08-18T20:45:39.211488-04:00,1787100339,211481769,1787100339211481769,107.513427,,,,3645,3644,1,0,0,3645,CartesianTarget,1,True,True,True,False,0.017705,-90.0,90.0,0.0,90.0,0.017704,445.0,-0.137506,810.0,180.0,0.0,180.0,False,True,
2533,/kuka/axis_move/feedback_json,std_msgs/msg/String,2026-08-18T20:45:39.392091-04:00,1787100339,392076746,1787100339392076746,180.594977,,,,3646,3645,1,0,0,3646,CartesianTarget,1,True,True,True,False,0.017705,-90.0,90.0,0.0,90.0,0.017704,445.0,-0.137506,810.0,180.0,0.0,180.0,False,True,
2534,/kuka/axis_move/feedback_json,std_msgs/msg/String,2026-08-18T20:45:39.504174-04:00,1787100339,504162988,1787100339504162988,112.086242,,,,3647,3646,1,0,0,3647,CartesianTarget,1,True,True,True,False,0.017705,-90.0,90.0,0.0,90.0,0.017704,445.0,-0.137506,810.0,180.0,0.0,180.0,False,True,
2535,/kuka/axis_move/feedback_json,std_msgs/msg/String,2026-08-18T20:45:39.615726-04:00,1787100339,615685684,1787100339615685684,111.522696,,,,3648,3647,1,0,0,3648,CartesianTarget,1,True,True,True,False,0.017705,-90.0,90.0,0.0,90.0,0.017704,445.0,-0.137506,810.0,180.0,0.0,180.0,False,True,
2536,/kuka/axis_move/feedback_json,std_msgs/msg/String,2026-08-18T20:45:39.722027-04:00,1787100339,722021133,1787100339722021133,106.335449,,,,3649,3648,1,0,0,3649,CartesianTarget,1,True,True,True,False,0.017705,-90.0,90.0,0.0,90.0,0.017704,445.0,-0.137506,810.0,180.0,0.0,180.0,False,True,
2537,/kuka/axis_move/feedback_json,std_msgs/msg/String,2026-08-18T20:45:39.894817-04:00,1787100339,894801381,1787100339894801381,172.780248,,,,3650,3649,1,0,0,3650,CartesianTarget,1,True,True,True,False,0.017705,-90.0,90.0,0.0,90.0,0.017704,445.0,-0.137506,810.0,180.0,0.0,180.0,False,True,
2538,/kuka/axis_move/feedback_json,std_msgs/msg/String,2026-08-18T20:45:39.998777-04:00,1787100339,998766751,1787100339998766751,103.96537,,,,3651,3650,1,0,0,3651,CartesianTarget,1,True,True,True,False,0.017705,-90.0,90.0,0.0,90.0,0.017704,445.0,-0.137506,810.0,180.0,0.0,180.0,False,True,
2539,/kuka/axis_move/feedback_json,std_msgs/msg/String,2026-08-18T20:45:40.104606-04:00,1787100340,104600791,1787100340104600791,105.83404,,,,3652,3651,1,0,0,3652,CartesianTarget,1,True,True,True,False,0.017705,-90.0,90.0,0.0,90.0,0.017704,445.0,-0.137506,810.0,180.0,0.0,180.0,False,True,
2540,/kuka/axis_move/feedback_json,std_msgs/msg/String,2026-08-18T20:45:40.216576-04:00,1787100340,216567274,1787100340216567274,111.966483,,,,3653,3652,1,0,0,3653,CartesianTarget,1,True,True,True,False,0.017705,-90.0,90.0,0.0,90.0,0.017704,445.0,-0.137506,810.0,180.0,0.0,180.0,False,True,
2541,/kuka/axis_move/feedback_json,std_msgs/msg/String,2026-08-18T20:45:40.329999-04:00,1787100340,329989161,1787100340329989161,113.421887,,,,3654,3653,1,0,0,3654,CartesianTarget,1,True,True,True,False,0.017705,-90.0,90.0,0.0,90.0,0.017704,445.0,-0.137506,810.0,180.0,0.0,180.0,False,True,
2542,/kuka/axis_move/feedback_json,std_msgs/msg/String,2026-08-18T20:45:40.496884-04:00,1787100340,496872600,1787100340496872600,166.883439,,,,3655,3654,1,0,0,3655,CartesianTarget,1,True,True,True,False,0.017705,-90.0,90.0,0.0,90.0,0.017704,445.0,-0.137506,810.0,180.0,0.0,180.0,False,True,
2543,/kuka/axis_move/feedback_json,std_msgs/msg/String,2026-08-18T20:45:40.602373-04:00,1787100340,602339568,1787100340602339568,105.466968,,,,3656,3655,1,0,0,3656,CartesianTarget,1,True,True,True,False,0.017705,-90.0,90.0,0.0,90.0,0.017704,445.0,-0.137506,810.0,180.0,0.0,180.0,False,True,
2544,/kuka/axis_move/feedback_json,std_msgs/msg/String,2026-08-18T20:45:40.711678-04:00,1787100340,711671857,1787100340711671857,109.332289,,,,3657,3656,1,0,0,3657,CartesianTarget,1,True,True,True,False,0.017705,-90.0,90.0,0.0,90.0,0.017704,445.0,-0.137506,810.0,180.0,0.0,180.0,False,True,
2545,/kuka/axis_move/feedback_json,std_msgs/msg/String,2026-08-18T20:45:40.816929-04:00,1787100340,816923354,1787100340816923354,105.251497,,,,3658,3657,1,0,0,3658,CartesianTarget,1,True,True,True,False,0.017705,-90.0,90.0,0.0,90.0,0.017704,445.0,-0.137506,810.0,180.0,0.0,180.0,False,True,
2546,/kuka/axis_move/feedback_json,std_msgs/msg/String,2026-08-18T20:45:40.929417-04:00,1787100340,929411966,1787100340929411966,112.488612,,,,3659,3658,1,0,0,3659,CartesianTarget,1,True,True,True,False,0.017705,-90.0,90.0,0.0,90.0,0.017704,445.0,-0.137506,810.0,180.0,0.0,180.0,False,True,
2547,/kuka/axis_move/feedback_json,std_msgs/msg/String,2026-08-18T20:45:41.105602-04:00,1787100341,105591271,1787100341105591271,176.179305,,,,3660,3659,1,0,0,3660,CartesianTarget,1,True,True,True,False,0.017705,-90.0,90.0,0.0,90.0,0.017704,445.0,-0.137506,810.0,180.0,0.0,180.0,False,True,
2548,/kuka/axis_move/feedback_json,std_msgs/msg/String,2026-08-18T20:45:41.214124-04:00,1787100341,214105319,1787100341214105319,108.514048,,,,3661,3660,1,0,0,3661,CartesianTarget,1,True,True,True,False,0.017705,-90.0,90.0,0.0,90.0,0.017704,445.0,-0.137506,810.0,180.0,0.0,180.0,False,True,
2549,/kuka/axis_move/feedback_json,std_msgs/msg/String,2026-08-18T20:45:41.326480-04:00,1787100341,326474723,1787100341326474723,112.369404,,,,3662,3661,1,0,0,3662,CartesianTarget,1,True,True,True,False,0.017705,-90.0,90.0,0.0,90.0,0.017704,445.0,-0.137506,810.0,180.0,0.0,180.0,False,True,
2550,/kuka/axis_move/feedback_json,std_msgs/msg/String,2026-08-18T20:45:41.443177-04:00,1787100341,443164549,1787100341443164549,116.689826,,,,3663,3662,1,0,0,3663,CartesianTarget,1,True,True,True,False,0.017705,-90.0,90.0,0.0,90.0,0.017704,445.0,-0.137506,810.0,180.0,0.0,180.0,False,True,
2551,/kuka/axis_move/feedback_json,std_msgs/msg/String,2026-08-18T20:45:41.614089-04:00,1787100341,614072438,1787100341614072438,170.907889,,,,3664,3663,1,0,0,3664,CartesianTarget,1,True,True,True,False,0.017705,-90.0,90.0,0.0,90.0,0.017704,445.0,-0.137506,810.0,180.0,0.0,180.0,False,True,
2552,/kuka/axis_move/feedback_json,std_msgs/msg/String,2026-08-18T20:45:41.725680-04:00,1787100341,725674587,1787100341725674587,111.602149,,,,3665,3664,1,0,0,3665,CartesianTarget,1,True,True,True,False,0.017705,-90.0,90.0,0.0,90.0,0.017704,445.0,-0.137506,810.0,180.0,0.0,180.0,False,True,
2553,/kuka/axis_move/feedback_json,std_msgs/msg/String,2026-08-18T20:45:41.842233-04:00,1787100341,842221837,1787100341842221837,116.54725,,,,3666,3665,1,0,0,3666,CartesianTarget,1,True,True,True,False,0.017705,-90.0,90.0,0.0,90.0,0.017704,445.0,-0.137506,810.0,180.0,0.0,180.0,False,True,
2554,/kuka/axis_move/feedback_json,std_msgs/msg/String,2026-08-18T20:45:41.951667-04:00,1787100341,951662160,1787100341951662160,109.440323,,,,3667,3666,1,0,0,3667,CartesianTarget,1,True,True,True,False,0.017705,-90.0,90.0,0.0,90.0,0.017704,445.0,-0.137506,810.0,180.0,0.0,180.0,False,True,
2555,/kuka/axis_move/feedback_json,std_msgs/msg/String,2026-08-18T20:45:42.121708-04:00,1787100342,121702625,1787100342121702625,170.040465,,,,3668,3667,1,0,0,3668,CartesianTarget,1,True,True,True,False,0.017705,-90.0,90.0,0.0,90.0,0.017704,445.0,-0.137506,810.0,180.0,0.0,180.0,False,True,
2556,/kuka/axis_move/feedback_json,std_msgs/msg/String,2026-08-18T20:45:42.230427-04:00,1787100342,230415552,1787100342230415552,108.712927,,,,3669,3668,1,0,0,3669,CartesianTarget,1,True,True,True,False,0.017705,-90.0,90.0,0.0,90.0,0.017704,445.0,-0.137506,810.0,180.0,0.0,180.0,False,True,
2557,/kuka/axis_move/feedback_json,std_msgs/msg/String,2026-08-18T20:45:42.335274-04:00,1787100342,335245379,1787100342335245379,104.829827,,,,3670,3669,1,0,0,3670,CartesianTarget,1,True,True,True,False,0.017705,-90.0,90.0,0.0,90.0,0.017704,445.0,-0.137506,810.0,180.0,0.0,180.0,False,True,
2558,/kuka/axis_move/feedback_json,std_msgs/msg/String,2026-08-18T20:45:42.446276-04:00,1787100342,446266999,1787100342446266999,111.02162,,,,3671,3670,1,0,0,3671,CartesianTarget,1,True,True,True,False,0.017705,-90.0,90.0,0.0,90.0,0.017704,445.0,-0.137506,810.0,180.0,0.0,180.0,False,True,
2559,/kuka/axis_move/feedback_json,std_msgs/msg/String,2026-08-18T20:45:42.563150-04:00,1787100342,563138175,1787100342563138175,116.871176,,,,3672,3671,1,0,0,3672,CartesianTarget,1,True,True,True,False,0.017705,-90.0,90.0,0.0,90.0,0.017704,445.0,-0.137506,810.0,180.0,0.0,180.0,False,True,
2560,/kuka/axis_move/feedback_json,std_msgs/msg/String,2026-08-18T20:45:42.736481-04:00,1787100342,736475264,1787100342736475264,173.337089,,,,3673,3672,1,0,0,3673,CartesianTarget,1,True,True,True,False,0.017705,-90.0,90.0,0.0,90.0,0.017704,445.0,-0.137506,810.0,180.0,0.0,180.0,False,True,
2561,/kuka/axis_move/feedback_json,std_msgs/msg/String,2026-08-18T20:45:42.847212-04:00,1787100342,847193849,1787100342847193849,110.718585,,,,3674,3673,1,0,0,3674,CartesianTarget,1,True,True,True,False,0.017705,-90.0,90.0,0.0,90.0,0.017704,445.0,-0.137506,810.0,180.0,0.0,180.0,False,True,
2562,/kuka/axis_move/feedback_json,std_msgs/msg/String,2026-08-18T20:45:42.954926-04:00,1787100342,954914385,1787100342954914385,107.720536,,,,3675,3674,1,0,0,3675,CartesianTarget,1,True,True,True,False,0.017705,-90.0,90.0,0.0,90.0,0.017704,445.0,-0.137506,810.0,180.0,0.0,180.0,False,True,
2563,/kuka/axis_move/feedback_json,std_msgs/msg/String,2026-08-18T20:45:43.063409-04:00,1787100343,63390762,1787100343063390762,108.476377,,,,3676,3675,1,0,0,3676,CartesianTarget,1,True,True,True,False,0.017705,-90.0,90.0,0.0,90.0,0.017704,445.0,-0.137506,810.0,180.0,0.0,180.0,False,True,
2564,/kuka/axis_move/feedback_json,std_msgs/msg/String,2026-08-18T20:45:43.236130-04:00,1787100343,236122382,1787100343236122382,172.73162,,,,3677,3676,1,0,0,3677,CartesianTarget,1,True,True,True,False,0.017705,-90.0,90.0,0.0,90.0,0.017704,445.0,-0.137506,810.0,180.0,0.0,180.0,False,True,
2565,/kuka/axis_move/feedback_json,std_msgs/msg/String,2026-08-18T20:45:43.350006-04:00,1787100343,349997523,1787100343349997523,113.875141,,,,3678,3677,1,0,0,3678,CartesianTarget,1,True,True,True,False,0.017705,-90.0,90.0,0.0,90.0,0.017704,445.0,-0.137506,810.0,180.0,0.0,180.0,False,True,
2566,/kuka/axis_move/feedback_json,std_msgs/msg/String,2026-08-18T20:45:43.459342-04:00,1787100343,459331931,1787100343459331931,109.334408,,,,3679,3678,1,0,0,3679,CartesianTarget,1,True,True,True,False,0.017705,-90.0,90.0,0.0,90.0,0.017704,445.0,-0.137506,810.0,180.0,0.0,180.0,False,True,
2567,/kuka/axis_move/feedback_json,std_msgs/msg/String,2026-08-18T20:45:43.567068-04:00,1787100343,567060452,1787100343567060452,107.728521,,,,3680,3679,1,0,0,3680,CartesianTarget,1,True,True,True,False,0.017705,-90.0,90.0,0.0,90.0,0.017704,445.0,-0.137506,810.0,180.0,0.0,180.0,False,True,
2568,/kuka/axis_move/feedback_json,std_msgs/msg/String,2026-08-18T20:45:43.739836-04:00,1787100343,739828213,1787100343739828213,172.767761,,,,3681,3680,1,0,0,3681,CartesianTarget,1,True,True,True,False,0.017705,-90.0,90.0,0.0,90.0,0.017704,445.0,-0.137506,810.0,180.0,0.0,180.0,False,True,
2569,/kuka/axis_move/feedback_json,std_msgs/msg/String,2026-08-18T20:45:43.847918-04:00,1787100343,847911287,1787100343847911287,108.083074,,,,3682,3681,1,0,0,3682,CartesianTarget,1,True,True,True,False,0.017705,-90.0,90.0,0.0,90.0,0.017704,445.0,-0.137506,810.0,180.0,0.0,180.0,False,True,
2570,/kuka/axis_move/feedback_json,std_msgs/msg/String,2026-08-18T20:45:43.955584-04:00,1787100343,955574071,1787100343955574071,107.662784,,,,3683,3682,1,0,0,3683,CartesianTarget,1,True,True,True,False,0.017705,-90.0,90.0,0.0,90.0,0.017704,445.0,-0.137506,810.0,180.0,0.0,180.0,False,True,
2571,/kuka/axis_move/feedback_json,std_msgs/msg/String,2026-08-18T20:45:44.064634-04:00,1787100344,64620468,1787100344064620468,109.046397,,,,3684,3683,1,0,0,3684,CartesianTarget,1,True,True,True,False,0.017705,-90.0,90.0,0.0,90.0,0.017704,445.0,-0.137506,810.0,180.0,0.0,180.0,False,True,
