receive_index,topic_name,message_type,receive_wall_time_iso8601,receive_ros_time_sec,receive_ros_time_nanosec,receive_ros_time_ns,delta_receive_ms,source_stamp_sec,source_stamp_nanosec,source_stamp_ns,sequence,prev_sequence,delta_seq,sequence_gap,estimated_missing,seq,mode,status,move_ready,limits_ok,delta_ok,move_executed,axis_actual.A1,axis_actual.A2,axis_actual.A3,axis_actual.A4,axis_actual.A5,axis_actual.A6,position_actual.X,position_actual.Y,position_actual.Z,position_actual.A,position_actual.B,position_actual.C,rx_counter,bridge_safe_mode,bridge_allow_motion,unmapped_json
1,/kuka/axis_move/feedback_json,std_msgs/msg/String,2026-08-22T20:21:44.101358-04:00,1787444504,101341618,1787444504101341618,,,,,20488,,,0,0,20488,AxisTarget,1,False,True,True,False,0.0051,-89.863602,90.060799,0.1525,-0.0188,-0.1752,526.200745,-0.046768,888.303894,172.743301,89.820168,172.748383,6376,False,True,
2,/kuka/axis_move/feedback_json,std_msgs/msg/String,2026-08-22T20:21:44.233917-04:00,1787444504,233888708,1787444504233888708,132.54709,,,,20489,20488,1,0,0,20489,AxisTarget,1,False,True,True,False,0.0051,-89.863602,90.060799,0.1525,-0.0188,-0.1752,526.200745,-0.046768,888.303894,172.743301,89.820168,172.748383,6376,False,True,
3,/kuka/axis_move/feedback_json,std_msgs/msg/String,2026-08-22T20:21:44.331777-04:00,1787444504,331763390,1787444504331763390,97.874682,,,,20490,20489,1,0,0,20490,AxisTarget,1,False,True,True,False,0.0051,-89.863602,90.060799,0.1525,-0.0188,-0.1752,526.200745,-0.046768,888.303894,172.743301,89.820168,172.748383,6376,False,True,
4,/kuka/axis_move/feedback_json,std_msgs/msg/String,2026-08-22T20:21:44.517817-04:00,1787444504,517806991,1787444504517806991,186.043601,,,,20491,20490,1,0,0,20491,AxisTarget,1,False,True,True,False,0.0051,-89.863602,90.060799,0.1525,-0.0188,-0.1752,526.200745,-0.046768,888.303894,172.743301,89.820168,172.748383,6377,False,True,
5,/kuka/axis_move/feedback_json,std_msgs/msg/String,2026-08-22T20:21:44.625149-04:00,1787444504,625136103,1787444504625136103,107.329112,,,,20492,20491,1,0,0,20492,AxisTarget,1,False,True,True,False,0.0051,-89.863602,90.060799,0.1525,-0.0188,-0.1752,526.200745,-0.046768,888.303894,172.743301,89.820168,172.748383,6377,False,True,
6,/kuka/axis_move/feedback_json,std_msgs/msg/String,2026-08-22T20:21:44.737278-04:00,1787444504,737268492,1787444504737268492,112.132389,,,,20493,20492,1,0,0,20493,AxisTarget,1,False,True,True,False,0.0051,-89.863602,90.060799,0.1525,-0.0188,-0.1752,526.200745,-0.046768,888.303894,172.743301,89.820168,172.748383,6377,False,True,
7,/kuka/axis_move/feedback_json,std_msgs/msg/String,2026-08-22T20:21:44.848273-04:00,1787444504,848261036,1787444504848261036,110.992544,,,,20494,20493,1,0,0,20494,AxisTarget,1,False,True,True,False,0.0051,-89.863602,90.060799,0.1525,-0.0188,-0.1752,526.200745,-0.046768,888.303894,172.743301,89.820168,172.748383,6377,False,True,
8,/kuka/axis_move/feedback_json,std_msgs/msg/String,2026-08-22T20:21:45.033195-04:00,1787444505,33184019,1787444505033184019,184.922983,,,,20495,20494,1,0,0,20495,AxisTarget,1,False,True,True,False,0.0051,-89.863602,90.060799,0.1525,-0.0188,-0.1752,526.200745,-0.046768,888.303894,172.743301,89.820168,172.748383,6378,False,True,
9,/kuka/axis_move/feedback_json,std_msgs/msg/String,2026-08-22T20:21:45.145242-04:00,1787444505,145227011,1787444505145227011,112.042992,,,,20496,20495,1,0,0,20496,AxisTarget,1,False,True,True,False,0.0051,-89.863602,90.060799,0.1525,-0.0188,-0.1752,526.200745,-0.046768,888.303894,172.743301,89.820168,172.748383,6378,False,True,
10,/kuka/axis_move/feedback_json,std_msgs/msg/String,2026-08-22T20:21:45.253230-04:00,1787444505,253218914,1787444505253218914,107.991903,,,,20497,20496,1,0,0,20497,AxisTarget,1,False,True,True,False,0.0051,-89.863602,90.060799,0.1525,-0.0188,-0.1752,526.200745,-0.046768,888.303894,172.743301,89.820168,172.748383,6378,False,True,
11,/kuka/axis_move/feedback_json,std_msgs/msg/String,2026-08-22T20:21:45.363517-04:00,1787444505,363505466,1787444505363505466,110.286552,,,,20498,20497,1,0,0,20498,AxisTarget,1,False,True,True,False,0.0051,-89.863602,90.060799,0.1525,-0.0188,-0.1752,526.200745,-0.046768,888.303894,172.743301,89.820168,172.748383,6378,False,True,
12,/kuka/axis_move/feedback_json,std_msgs/msg/String,2026-08-22T20:21:45.545133-04:00,1787444505,545126464,1787444505545126464,181.620998,,,,20499,20498,1,0,0,20499,AxisTarget,1,False,True,True,False,0.0051,-89.863602,90.060799,0.1525,-0.0188,-0.1752,526.200745,-0.046768,888.303894,172.743301,89.820168,172.748383,6379,False,True,
13,/kuka/axis_move/feedback_json,std_msgs/msg/String,2026-08-22T20:21:45.653059-04:00,1787444505,653047494,1787444505653047494,107.92103,,,,20500,20499,1,0,0,20500,AxisTarget,1,False,True,True,False,0.0051,-89.863602,90.060799,0.1525,-0.0188,-0.1752,526.200745,-0.046768,888.303894,172.743301,89.820168,172.748383,6379,False,True,
14,/kuka/axis_move/feedback_json,std_msgs/msg/String,2026-08-22T20:21:45.761521-04:00,1787444505,761514047,1787444505761514047,108.466553,,,,20501,20500,1,0,0,20501,AxisTarget,1,False,True,True,False,0.0051,-89.863602,90.060799,0.1525,-0.0188,-0.1752,526.200745,-0.046768,888.303894,172.743301,89.820168,172.748383,6379,False,True,
15,/kuka/axis_move/feedback_json,std_msgs/msg/String,2026-08-22T20:21:45.872989-04:00,1787444505,872983585,1787444505872983585,111.469538,,,,20502,20501,1,0,0,20502,AxisTarget,1,False,True,True,False,0.0051,-89.863602,90.060799,0.1525,-0.0188,-0.1752,526.200745,-0.046768,888.303894,172.743301,89.820168,172.748383,6379,False,True,
16,/kuka/axis_move/feedback_json,std_msgs/msg/String,2026-08-22T20:21:46.057087-04:00,1787444506,57080941,1787444506057080941,184.097356,,,,20503,20502,1,0,0,20503,AxisTarget,1,False,True,True,False,0.0051,-89.863602,90.060799,0.1525,-0.0188,-0.1752,526.200745,-0.046768,888.303894,172.743301,89.820168,172.748383,6380,False,True,
17,/kuka/axis_move/feedback_json,std_msgs/msg/String,2026-08-22T20:21:46.174688-04:00,1787444506,174650065,1787444506174650065,117.569124,,,,20504,20503,1,0,0,20504,AxisTarget,1,False,True,True,False,0.0051,-89.863602,90.060799,0.1525,-0.0188,-0.1752,526.200745,-0.046768,888.303894,172.743301,89.820168,172.748383,6380,False,True,
18,/kuka/axis_move/feedback_json,std_msgs/msg/String,2026-08-22T20:21:46.285159-04:00,1787444506,285149346,1787444506285149346,110.499281,,,,20505,20504,1,0,0,20505,AxisTarget,1,False,True,True,False,0.0051,-89.863602,90.060799,0.1525,-0.0188,-0.1752,526.200745,-0.046768,888.303894,172.743301,89.820168,172.748383,6380,False,True,
19,/kuka/axis_move/feedback_json,std_msgs/msg/String,2026-08-22T20:21:46.400618-04:00,1787444506,400586346,1787444506400586346,115.437,,,,20506,20505,1,0,0,20506,AxisTarget,1,False,True,True,False,0.0051,-89.863602,90.060799,0.1525,-0.0188,-0.1752,526.200745,-0.046768,888.303894,172.743301,89.820168,172.748383,6380,False,True,
20,/kuka/axis_move/feedback_json,std_msgs/msg/String,2026-08-22T20:21:46.581091-04:00,1787444506,581065796,1787444506581065796,180.47945,,,,20507,20506,1,0,0,20507,AxisTarget,1,False,True,True,False,0.0051,-89.863602,90.060799,0.1525,-0.0188,-0.1752,526.200745,-0.046768,888.303894,172.743301,89.820168,172.748383,6381,False,True,
21,/kuka/axis_move/feedback_json,std_msgs/msg/String,2026-08-22T20:21:46.693942-04:00,1787444506,693935316,1787444506693935316,112.86952,,,,20508,20507,1,0,0,20508,AxisTarget,1,False,True,True,False,0.0051,-89.863602,90.060799,0.1525,-0.0188,-0.1752,526.200745,-0.046768,888.303894,172.743301,89.820168,172.748383,6381,False,True,
22,/kuka/axis_move/feedback_json,std_msgs/msg/String,2026-08-22T20:21:46.805105-04:00,1787444506,805096687,1787444506805096687,111.161371,,,,20509,20508,1,0,0,20509,AxisTarget,1,False,True,True,False,0.0051,-89.863602,90.060799,0.1525,-0.0188,-0.1752,526.200745,-0.046768,888.303894,172.743301,89.820168,172.748383,6381,False,True,
23,/kuka/axis_move/feedback_json,std_msgs/msg/String,2026-08-22T20:21:46.917220-04:00,1787444506,917211804,1787444506917211804,112.115117,,,,20510,20509,1,0,0,20510,AxisTarget,1,False,True,True,False,0.0051,-89.863602,90.060799,0.1525,-0.0188,-0.1752,526.200745,-0.046768,888.303894,172.743301,89.820168,172.748383,6381,False,True,
24,/kuka/axis_move/feedback_json,std_msgs/msg/String,2026-08-22T20:21:47.107147-04:00,1787444507,107141196,1787444507107141196,189.929392,,,,20511,20510,1,0,0,20511,AxisTarget,1,False,True,True,False,0.0051,-89.863602,90.060799,0.1525,-0.0188,-0.1752,526.200745,-0.046768,888.303894,172.743301,89.820168,172.748383,6382,False,True,
25,/kuka/axis_move/feedback_json,std_msgs/msg/String,2026-08-22T20:21:47.221326-04:00,1787444507,221283882,1787444507221283882,114.142686,,,,20512,20511,1,0,0,20512,AxisTarget,1,False,True,True,False,0.0051,-89.863602,90.060799,0.1525,-0.0188,-0.1752,526.200745,-0.046768,888.303894,172.743301,89.820168,172.748383,6382,False,True,
26,/kuka/axis_move/feedback_json,std_msgs/msg/String,2026-08-22T20:21:47.329475-04:00,1787444507,329468397,1787444507329468397,108.184515,,,,20513,20512,1,0,0,20513,AxisTarget,1,False,True,True,False,0.0051,-89.863602,90.060799,0.1525,-0.0188,-0.1752,526.200745,-0.046768,888.303894,172.743301,89.820168,172.748383,6382,False,True,
27,/kuka/axis_move/feedback_json,std_msgs/msg/String,2026-08-22T20:21:47.437317-04:00,1787444507,437308086,1787444507437308086,107.839689,,,,20514,20513,1,0,0,20514,AxisTarget,1,False,True,True,False,0.0051,-89.863602,90.060799,0.1525,-0.0188,-0.1752,526.200745,-0.046768,888.303894,172.743301,89.820168,172.748383,6382,False,True,
28,/kuka/axis_move/feedback_json,std_msgs/msg/String,2026-08-22T20:21:47.622355-04:00,1787444507,622335695,1787444507622335695,185.027609,,,,20515,20514,1,0,0,20515,AxisTarget,1,False,True,True,False,0.0051,-89.863602,90.060799,0.1525,-0.0188,-0.1752,526.200745,-0.046768,888.303894,172.743301,89.820168,172.748383,6383,False,True,
29,/kuka/axis_move/feedback_json,std_msgs/msg/String,2026-08-22T20:21:47.729174-04:00,1787444507,729163970,1787444507729163970,106.828275,,,,20516,20515,1,0,0,20516,AxisTarget,1,False,True,True,False,0.0051,-89.863602,90.060799,0.1525,-0.0188,-0.1752,526.200745,-0.046768,888.303894,172.743301,89.820168,172.748383,6383,False,True,
30,/kuka/axis_move/feedback_json,std_msgs/msg/String,2026-08-22T20:21:47.841265-04:00,1787444507,841256014,1787444507841256014,112.092044,,,,20517,20516,1,0,0,20517,AxisTarget,1,False,True,True,False,0.0051,-89.863602,90.060799,0.1525,-0.0188,-0.1752,526.200745,-0.046768,888.303894,172.743301,89.820168,172.748383,6383,False,True,
31,/kuka/axis_move/feedback_json,std_msgs/msg/String,2026-08-22T20:21:47.954887-04:00,1787444507,954881251,1787444507954881251,113.625237,,,,20518,20517,1,0,0,20518,AxisTarget,1,False,True,True,False,0.0051,-89.863602,90.060799,0.1525,-0.0188,-0.1752,526.200745,-0.046768,888.303894,172.743301,89.820168,172.748383,6383,False,True,
32,/kuka/axis_move/feedback_json,std_msgs/msg/String,2026-08-22T20:21:48.134258-04:00,1787444508,134249820,1787444508134249820,179.368569,,,,20519,20518,1,0,0,20519,AxisTarget,1,False,True,True,False,0.0051,-89.863602,90.060799,0.1525,-0.0188,-0.1752,526.200745,-0.046768,888.303894,172.743301,89.820168,172.748383,6384,False,True,
33,/kuka/axis_move/feedback_json,std_msgs/msg/String,2026-08-22T20:21:48.242973-04:00,1787444508,242966372,1787444508242966372,108.716552,,,,20520,20519,1,0,0,20520,AxisTarget,1,False,True,True,False,0.0051,-89.863602,90.060799,0.1525,-0.0188,-0.1752,526.200745,-0.046768,888.303894,172.743301,89.820168,172.748383,6384,False,True,
34,/kuka/axis_move/feedback_json,std_msgs/msg/String,2026-08-22T20:21:48.360739-04:00,1787444508,360732966,1787444508360732966,117.766594,,,,20521,20520,1,0,0,20521,AxisTarget,1,False,True,True,False,0.0051,-89.863602,90.060799,0.1525,-0.0188,-0.1752,526.200745,-0.046768,888.303894,172.743301,89.820168,172.748383,6384,False,True,
35,/kuka/axis_move/feedback_json,std_msgs/msg/String,2026-08-22T20:21:48.468867-04:00,1787444508,468860845,1787444508468860845,108.127879,,,,20522,20521,1,0,0,20522,AxisTarget,1,False,True,True,False,0.0051,-89.863602,90.060799,0.1525,-0.0188,-0.1752,526.200745,-0.046768,888.303894,172.743301,89.820168,172.748383,6384,False,True,
36,/kuka/axis_move/feedback_json,std_msgs/msg/String,2026-08-22T20:21:48.648996-04:00,1787444508,648984479,1787444508648984479,180.123634,,,,20523,20522,1,0,0,20523,AxisTarget,1,False,True,True,False,0.0051,-89.863602,90.060799,0.1525,-0.0188,-0.1752,526.200745,-0.046768,888.303894,172.743301,89.820168,172.748383,6385,False,True,
37,/kuka/axis_move/feedback_json,std_msgs/msg/String,2026-08-22T20:21:48.760969-04:00,1787444508,760960847,1787444508760960847,111.976368,,,,20524,20523,1,0,0,20524,AxisTarget,1,False,True,True,False,0.0051,-89.863602,90.060799,0.1525,-0.0188,-0.1752,526.200745,-0.046768,888.303894,172.743301,89.820168,172.748383,6385,False,True,
38,/kuka/axis_move/feedback_json,std_msgs/msg/String,2026-08-22T20:21:48.872908-04:00,1787444508,872902500,1787444508872902500,111.941653,,,,20525,20524,1,0,0,20525,AxisTarget,1,False,True,True,False,0.0051,-89.863602,90.060799,0.1525,-0.0188,-0.1752,526.200745,-0.046768,888.303894,172.743301,89.820168,172.748383,6385,False,True,
39,/kuka/axis_move/feedback_json,std_msgs/msg/String,2026-08-22T20:21:48.993355-04:00,1787444508,993333766,1787444508993333766,120.431266,,,,20526,20525,1,0,0,20526,AxisTarget,1,False,True,True,False,0.0051,-89.863602,90.060799,0.1525,-0.0188,-0.1752,526.200745,-0.046768,888.303894,172.743301,89.820168,172.748383,6385,False,True,
40,/kuka/axis_move/feedback_json,std_msgs/msg/String,2026-08-22T20:21:49.171017-04:00,1787444509,171005567,1787444509171005567,177.671801,,,,20527,20526,1,0,0,20527,AxisTarget,1,False,True,True,False,0.0051,-89.863602,90.060799,0.1525,-0.0188,-0.1752,526.200745,-0.046768,888.303894,172.743301,89.820168,172.748383,6386,False,True,
41,/kuka/axis_move/feedback_json,std_msgs/msg/String,2026-08-22T20:21:49.286212-04:00,1787444509,286187531,1787444509286187531,115.181964,,,,20528,20527,1,0,0,20528,AxisTarget,1,False,True,True,False,0.0051,-89.863602,90.060799,0.1525,-0.0188,-0.1752,526.200745,-0.046768,888.303894,172.743301,89.820168,172.748383,6386,False,True,
42,/kuka/axis_move/feedback_json,std_msgs/msg/String,2026-08-22T20:21:49.468347-04:00,1787444509,468311883,1787444509468311883,182.124352,,,,20529,20528,1,0,0,20529,AxisTarget,1,True,True,True,False,0.0051,-89.863602,90.060799,0.1525,-0.0188,-0.1752,526.200745,-0.046768,888.303894,172.743301,89.820168,172.748383,6387,False,True,
43,/kuka/axis_move/feedback_json,std_msgs/msg/String,2026-08-22T20:21:49.581101-04:00,1787444509,581089702,1787444509581089702,112.777819,,,,20530,20529,1,0,0,20530,AxisTarget,1,True,True,True,True,0.0051,-89.863602,90.060799,0.152499,-0.0188,-0.175185,526.200745,-0.046768,888.303894,172.743301,89.820168,172.748383,6387,False,True,
44,/kuka/axis_move/feedback_json,std_msgs/msg/String,2026-08-22T20:21:49.767129-04:00,1787444509,767121584,1787444509767121584,186.031882,,,,20531,20530,1,0,0,20531,AxisTarget,1,True,True,True,False,0.000952,-89.978172,90.00824,0.012964,-0.005298,-0.013399,525.334961,-0.013014,889.531921,168.120728,89.95211,168.122147,6388,False,True,
45,/kuka/axis_move/feedback_json,std_msgs/msg/String,2026-08-22T20:21:49.881216-04:00,1787444509,881200741,1787444509881200741,114.079157,,,,20532,20531,1,0,0,20532,AxisTarget,1,True,True,True,False,0.0,-90.0,90.0,-0.0049,-0.0039,0.0,525.0,-1e-06,890.005432,51.489071,89.993736,51.489071,6388,False,True,
46,/kuka/axis_move/feedback_json,std_msgs/msg/String,2026-08-22T20:21:50.071058-04:00,1787444510,71052529,1787444510071052529,189.851788,,,,20533,20532,1,0,0,20533,AxisTarget,1,True,True,True,True,-0.00026,-90.000046,89.999725,-0.004781,0.180732,-0.000416,524.999512,0.001828,889.874939,176.821777,89.909241,176.821579,6389,False,True,
47,/kuka/axis_move/feedback_json,std_msgs/msg/String,2026-08-22T20:21:50.186898-04:00,1787444510,186887296,1787444510186887296,115.834767,,,,20534,20533,1,0,0,20534,AxisTarget,1,True,True,True,False,-0.0006,-90.000099,89.999496,-0.0047,0.2826,-0.0006,524.997864,0.00553,889.610657,178.923874,89.717957,178.923264,6389,False,True,
48,/kuka/axis_move/feedback_json,std_msgs/msg/String,2026-08-22T20:21:50.302554-04:00,1787444510,302522328,1787444510302522328,115.635032,,,,20535,20534,1,0,0,20535,AxisTarget,1,True,True,True,True,-0.0006,-90.000099,89.999496,-0.0047,0.282914,-0.000601,524.997864,0.00553,889.610657,178.923889,89.717957,178.923279,6389,False,True,
49,/kuka/axis_move/feedback_json,std_msgs/msg/String,2026-08-22T20:21:50.417133-04:00,1787444510,417119516,1787444510417119516,114.597188,,,,20536,20535,1,0,0,20536,AxisTarget,1,True,True,True,False,-0.001419,-90.000153,89.998741,-0.004355,0.805647,-0.001627,524.994019,0.011816,889.184326,179.451889,89.409813,179.450592,6389,False,True,
50,/kuka/axis_move/feedback_json,std_msgs/msg/String,2026-08-22T20:21:50.605949-04:00,1787444510,605939912,1787444510605939912,188.820396,,,,20537,20536,1,0,0,20537,AxisTarget,1,True,True,True,False,-0.0025,-90.000198,89.9981,-0.0041,1.142,-0.0022,524.981323,0.023021,888.423889,179.685867,88.860077,179.68335,6390,False,True,
51,/kuka/axis_move/feedback_json,std_msgs/msg/String,2026-08-22T20:21:50.792191-04:00,1787444510,792165497,1787444510792165497,186.225585,,,,20538,20537,1,0,0,20538,AxisTarget,1,True,True,True,False,-0.0025,-90.000198,89.9981,-0.0041,1.142005,-0.0022,524.981323,0.023021,888.423889,179.685867,88.860077,179.68335,6391,False,True,
52,/kuka/axis_move/feedback_json,std_msgs/msg/String,2026-08-22T20:21:50.904635-04:00,1787444510,904616064,1787444510904616064,112.450567,,,,20539,20538,1,0,0,20539,AxisTarget,1,True,True,True,True,-0.003139,-90.000267,89.997505,-0.003827,1.571385,-0.003148,524.974854,0.02705,888.15332,179.721542,88.66433,179.718597,6391,False,True,
53,/kuka/axis_move/feedback_json,std_msgs/msg/String,2026-08-22T20:21:51.021208-04:00,1787444511,21198280,1787444511021198280,116.582216,,,,20540,20539,1,0,0,20540,AxisTarget,1,True,True,True,False,-0.005309,-90.000473,89.995895,-0.003171,2.487307,-0.004951,524.927856,0.047403,886.785645,179.811127,87.674446,179.806,6391,False,True,
54,/kuka/axis_move/feedback_json,std_msgs/msg/String,2026-08-22T20:21:51.137376-04:00,1787444511,137354248,1787444511137354248,116.155968,,,,20541,20540,1,0,0,20541,AxisTarget,1,True,True,True,False,-0.0057,-90.000504,89.995697,-0.0031,2.5744,-0.0051,524.912598,0.052415,886.448608,179.822876,87.430389,179.817215,6391,False,True,
55,/kuka/axis_move/feedback_json,std_msgs/msg/String,2026-08-22T20:21:51.328062-04:00,1787444511,328003420,1787444511328003420,190.649172,,,,20542,20541,1,0,0,20542,AxisTarget,1,True,True,True,False,-0.0057,-90.000504,89.995697,-0.0031,2.5744,-0.0051,524.912598,0.052415,886.448608,179.822876,87.430397,179.817215,6392,False,True,
56,/kuka/axis_move/feedback_json,std_msgs/msg/String,2026-08-22T20:21:51.436920-04:00,1787444511,436909878,1787444511436909878,108.906458,,,,20543,20542,1,0,0,20543,AxisTarget,1,True,True,True,True,-0.00601,-90.000526,89.995384,-0.002943,2.811481,-0.005618,524.907166,0.054129,886.33374,179.82663,87.347244,179.820801,6392,False,True,
57,/kuka/axis_move/feedback_json,std_msgs/msg/String,2026-08-22T20:21:51.558352-04:00,1787444511,558342281,1787444511558342281,121.432403,,,,20544,20543,1,0,0,20544,AxisTarget,1,True,True,True,False,-0.008318,-90.000687,89.993507,-0.002103,3.947676,-0.007921,524.828552,0.07461,884.960632,179.858978,86.352669,179.851013,6392,False,True,
58,/kuka/axis_move/feedback_json,std_msgs/msg/String,2026-08-22T20:21:51.664992-04:00,1787444511,664980560,1787444511664980560,106.638279,,,,20545,20544,1,0,0,20545,AxisTarget,1,True,True,True,False,-0.01013,-90.000801,89.992332,-0.001611,4.569496,-0.008986,524.740601,0.092381,883.767883,179.876297,85.487846,179.866516,6392,False,True,
59,/kuka/axis_move/feedback_json,std_msgs/msg/String,2026-08-22T20:21:51.848875-04:00,1787444511,848869178,1787444511848869178,183.888618,,,,20546,20545,1,0,0,20546,AxisTarget,1,True,True,True,False,-0.0102,-90.000801,89.992302,-0.0016,4.5797,-0.009,524.733948,0.093593,883.686462,179.877258,85.428787,179.867355,6393,False,True,
60,/kuka/axis_move/feedback_json,std_msgs/msg/String,2026-08-22T20:21:51.967452-04:00,1787444511,967411907,1787444511967411907,118.542729,,,,20547,20546,1,0,0,20547,AxisTarget,1,True,True,True,True,-0.0102,-90.000801,89.992302,-0.0016,4.5797,-0.009,524.733948,0.093593,883.686462,179.877258,85.428787,179.867355,6393,False,True,
61,/kuka/axis_move/feedback_json,std_msgs/msg/String,2026-08-22T20:21:52.144718-04:00,1787444512,144712013,1787444512144712013,177.300106,,,,20548,20547,1,0,0,20548,AxisTarget,1,True,True,True,False,-0.0102,-90.000801,89.992302,-0.0016,4.5797,-0.009,524.733948,0.093593,883.686462,179.877258,85.428787,179.867355,6394,False,True,
62,/kuka/axis_move/feedback_json,std_msgs/msg/String,2026-08-22T20:21:52.260800-04:00,1787444512,260790196,1787444512260790196,116.078183,,,,20549,20548,1,0,0,20549,AxisTarget,1,True,True,True,True,-0.010414,-90.000824,89.992081,-0.001492,4.75725,-0.009391,524.727722,0.094693,883.611572,179.878098,85.374428,179.868088,6394,False,True,
63,/kuka/axis_move/feedback_json,std_msgs/msg/String,2026-08-22T20:21:52.376085-04:00,1787444512,376077588,1787444512376077588,115.287392,,,,20550,20549,1,0,0,20550,AxisTarget,1,True,True,True,False,-0.012605,-90.001022,89.990334,-0.000743,5.853787,-0.011651,524.608704,0.113669,882.317871,179.890396,84.43499,179.878479,6394,False,True,
64,/kuka/axis_move/feedback_json,std_msgs/msg/String,2026-08-22T20:21:52.489257-04:00,1787444512,489244888,1787444512489244888,113.1673,,,,20551,20550,1,0,0,20551,AxisTarget,1,True,True,True,False,-0.015242,-90.001244,89.988411,4.6e-05,6.960191,-0.013658,524.421326,0.138353,880.633667,179.90213,83.209633,179.887802,6394,False,True,
65,/kuka/axis_move/feedback_json,std_msgs/msg/String,2026-08-22T20:21:52.678389-04:00,1787444512,678383220,1787444512678383220,189.138332,,,,20552,20551,1,0,0,20552,AxisTarget,1,True,True,True,False,-0.0159,-90.001297,89.987999,0.0002,7.1581,-0.014,524.360352,0.145479,880.147278,179.904938,82.855186,179.889923,6395,False,True,
66,/kuka/axis_move/feedback_json,std_msgs/msg/String,2026-08-22T20:21:52.793126-04:00,1787444512,793116113,1787444512793116113,114.732893,,,,20553,20552,1,0,0,20553,AxisTarget,1,True,True,True,True,-0.0159,-90.001297,89.987999,0.0002,7.1581,-0.014,524.360352,0.145479,880.147278,179.904938,82.855186,179.889923,6395,False,True,
67,/kuka/axis_move/feedback_json,std_msgs/msg/String,2026-08-22T20:21:52.976850-04:00,1787444512,976833330,1787444512976833330,183.717217,,,,20554,20553,1,0,0,20554,AxisTarget,1,True,True,True,False,-0.0159,-90.001297,89.987999,0.0002,7.1581,-0.014,524.360352,0.145479,880.147278,179.904938,82.855186,179.889923,6396,False,True,
68,/kuka/axis_move/feedback_json,std_msgs/msg/String,2026-08-22T20:21:53.095334-04:00,1787444513,95316057,1787444513095316057,118.482727,,,,20555,20554,1,0,0,20555,AxisTarget,1,True,True,True,True,-0.01591,-90.001297,89.987984,0.000211,7.17783,-0.014052,524.360229,0.145494,880.146301,179.904938,82.854469,179.889923,6396,False,True,
69,/kuka/axis_move/feedback_json,std_msgs/msg/String,2026-08-22T20:21:53.215519-04:00,1787444513,215491125,1787444513215491125,120.175068,,,,20556,20555,1,0,0,20556,AxisTarget,1,True,True,True,False,-0.01729,-90.001411,89.98674,0.000778,7.9925,-0.015728,524.260498,0.156507,879.397705,179.908905,82.308472,179.892838,6396,False,True,
70,/kuka/axis_move/feedback_json,std_msgs/msg/String,2026-08-22T20:21:53.324850-04:00,1787444513,324839010,1787444513324839010,109.347885,,,,20557,20556,1,0,0,20557,AxisTarget,1,True,True,True,False,-0.020311,-90.001625,89.984505,0.001748,9.32405,-0.018348,523.99469,0.182601,877.623413,179.916916,81.011383,179.898422,6396,False,True,
71,/kuka/axis_move/feedback_json,std_msgs/msg/String,2026-08-22T20:21:53.510523-04:00,1787444513,510508154,1787444513510508154,185.669144,,,,20558,20557,1,0,0,20558,AxisTarget,1,True,True,True,False,-0.022894,-90.001801,89.982697,0.0025,10.309243,-0.0202,523.688843,0.208555,875.858032,179.923553,79.716179,179.90271,6397,False,True,
72,/kuka/axis_move/feedback_json,std_msgs/msg/String,2026-08-22T20:21:53.697442-04:00,1787444513,697429544,1787444513697429544,186.92139,,,,20559,20558,1,0,0,20559,AxisTarget,1,False,True,True,False,-0.0229,-90.001801,89.982697,0.0025,10.3093,-0.0202,523.687195,0.208683,875.849304,179.923584,79.709785,179.90274,6398,False,True,
73,/kuka/axis_move/feedback_json,std_msgs/msg/String,2026-08-22T20:21:53.889324-04:00,1787444513,889317277,1787444513889317277,191.887733,,,,20560,20559,1,0,0,20560,AxisTarget,1,True,True,True,True,-0.0229,-90.001801,89.982697,0.0025,10.3093,-0.0202,523.687195,0.208683,875.849304,179.923584,79.709785,179.90274,6399,False,True,
74,/kuka/axis_move/feedback_json,std_msgs/msg/String,2026-08-22T20:21:53.997234-04:00,1787444513,997221649,1787444513997221649,107.904372,,,,20561,20560,1,0,0,20561,AxisTarget,1,True,True,True,True,-0.0229,-90.001801,89.982697,0.0025,10.309605,-0.020201,523.687195,0.208683,875.849304,179.923584,79.709785,179.90274,6399,False,True,
75,/kuka/axis_move/feedback_json,std_msgs/msg/String,2026-08-22T20:21:54.109110-04:00,1787444514,109099514,1787444514109099514,111.877865,,,,20562,20561,1,0,0,20562,AxisTarget,1,True,True,True,False,-0.023584,-90.001862,89.982025,0.002804,10.778509,-0.021194,523.623901,0.213683,875.511841,179.924713,79.461586,179.903412,6399,False,True,
76,/kuka/axis_move/feedback_json,std_msgs/msg/String,2026-08-22T20:21:54.220753-04:00,1787444514,220746787,1787444514220746787,111.647273,,,,20563,20562,1,0,0,20563,AxisTarget,1,True,True,True,False,-0.026267,-90.00209,89.980026,0.003653,12.000536,-0.02362,523.321472,0.236089,873.999939,179.929413,78.347,179.906143,6399,False,True,
77,/kuka/axis_move/feedback_json,std_msgs/msg/String,2026-08-22T20:21:54.406240-04:00,1787444514,406230604,1787444514406230604,185.483817,,,,20564,20563,1,0,0,20564,AxisTarget,1,True,True,True,False,-0.030466,-90.002449,89.976921,0.00494,13.813213,-0.027137,522.719055,0.275209,871.361633,179.93663,76.390892,179.910065,6400,False,True,
78,/kuka/axis_move/feedback_json,std_msgs/msg/String,2026-08-22T20:21:54.517211-04:00,1787444514,517200879,1787444514517200879,110.970275,,,,20565,20564,1,0,0,20565,AxisTarget,1,True,True,True,False,-0.0312,-90.002502,89.976501,0.0051,14.0186,-0.0275,522.590576,0.282829,870.848083,179.937927,76.008308,179.910736,6400,False,True,
79,/kuka/axis_move/feedback_json,std_msgs/msg/String,2026-08-22T20:21:54.708330-04:00,1787444514,708323589,1787444514708323589,191.12271,,,,20566,20565,1,0,0,20566,AxisTarget,1,True,True,True,True,-0.0312,-90.002502,89.976501,0.0051,14.0186,-0.0275,522.590271,0.282848,870.846863,179.937927,76.007385,179.910736,6401,False,True,
80,/kuka/axis_move/feedback_json,std_msgs/msg/String,2026-08-22T20:21:54.820419-04:00,1787444514,820400177,1787444514820400177,112.076588,,,,20567,20566,1,0,0,20567,AxisTarget,1,True,True,True,False,-0.0312,-90.002502,89.976501,0.0051,14.0186,-0.0275,522.590271,0.282848,870.846863,179.937927,76.007385,179.910736,6401,False,True,
81,/kuka/axis_move/feedback_json,std_msgs/msg/String,2026-08-22T20:21:54.932879-04:00,1787444514,932872646,1787444514932872646,112.472469,,,,20568,20567,1,0,0,20568,AxisTarget,1,True,True,True,True,-0.031318,-90.002518,89.976372,0.005168,14.130456,-0.027756,522.581482,0.283359,870.812073,179.938019,75.981453,179.910782,6401,False,True,
82,/kuka/axis_move/feedback_json,std_msgs/msg/String,2026-08-22T20:21:55.045893-04:00,1787444515,45884114,1787444515045884114,113.011468,,,,20569,20568,1,0,0,20569,AxisTarget,1,True,True,True,False,-0.033211,-90.00267,89.974831,0.005851,15.10406,-0.029715,522.303528,0.298971,869.749695,179.940689,75.18782,179.912186,6401,False,True,
83,/kuka/axis_move/feedback_json,std_msgs/msg/String,2026-08-22T20:21:55.232379-04:00,1787444515,232341135,1787444515232341135,186.457021,,,,20570,20569,1,0,0,20570,AxisTarget,1,True,True,True,False,-0.037861,-90.003044,89.971336,0.007354,17.180832,-0.033767,521.497864,0.339999,866.961548,179.947159,73.090576,179.915497,6402,False,True,
84,/kuka/axis_move/feedback_json,std_msgs/msg/String,2026-08-22T20:21:55.409295-04:00,1787444515,409283042,1787444515409283042,176.941907,,,,20571,20570,1,0,0,20571,AxisTarget,1,True,True,True,False,-0.0398,-90.003197,89.970001,0.0079,17.898607,-0.0351,521.09668,0.358579,865.701172,179.94989,72.134888,179.916855,6403,False,True,
85,/kuka/axis_move/feedback_json,std_msgs/msg/String,2026-08-22T20:21:55.521352-04:00,1787444515,521340554,1787444515521340554,112.057512,,,,20572,20571,1,0,0,20572,AxisTarget,1,True,True,True,False,-0.0398,-90.003197,89.970001,0.0079,17.8986,-0.0351,521.096558,0.358585,865.700745,179.94989,72.134575,179.916855,6403,False,True,
86,/kuka/axis_move/feedback_json,std_msgs/msg/String,2026-08-22T20:21:55.711881-04:00,1787444515,711863431,1787444515711863431,190.522877,,,,20573,20572,1,0,0,20573,AxisTarget,1,True,True,True,True,-0.0398,-90.003197,89.970001,0.0079,17.8986,-0.0351,521.096558,0.358585,865.700745,179.94989,72.134575,179.916855,6404,False,True,
87,/kuka/axis_move/feedback_json,std_msgs/msg/String,2026-08-22T20:21:55.822323-04:00,1787444515,822308833,1787444515822308833,110.445402,,,,20574,20573,1,0,0,20574,AxisTarget,1,True,True,True,True,-0.039857,-90.003204,89.969933,0.007938,17.963827,-0.035255,521.092224,0.35878,865.687561,179.949921,72.124542,179.91687,6404,False,True,
88,/kuka/axis_move/feedback_json,std_msgs/msg/String,2026-08-22T20:21:55.937337-04:00,1787444515,937329225,1787444515937329225,115.020392,,,,20575,20574,1,0,0,20575,AxisTarget,1,True,True,True,False,-0.041521,-90.003342,89.968559,0.008553,18.847046,-0.037045,520.792542,0.372002,864.791748,179.951797,71.44207,179.917801,6404,False,True,
89,/kuka/axis_move/feedback_json,std_msgs/msg/String,2026-08-22T20:21:56.050112-04:00,1787444516,50107006,1787444516050107006,112.777781,,,,20576,20575,1,0,0,20576,AxisTarget,1,True,True,True,False,-0.044461,-90.003586,89.966324,0.009518,20.18779,-0.039675,520.207764,0.396443,863.138428,179.955154,70.175156,179.919449,6404,False,True,
90,/kuka/axis_move/feedback_json,std_msgs/msg/String,2026-08-22T20:21:56.232945-04:00,1787444516,232929609,1787444516232929609,182.822603,,,,20577,20576,1,0,0,20577,AxisTarget,1,True,True,True,False,-0.048158,-90.003883,89.963638,0.010651,21.722242,-0.042609,519.329102,0.430363,860.850525,179.959595,68.404861,179.921631,6405,False,True,
91,/kuka/axis_move/feedback_json,std_msgs/msg/String,2026-08-22T20:21:56.417132-04:00,1787444516,417123972,1787444516417123972,184.194363,,,,20578,20577,1,0,0,20578,AxisTarget,1,True,True,True,False,-0.0484,-90.003899,89.963501,0.0107,21.778601,-0.0427,519.254944,0.433092,860.666809,179.95993,68.26178,179.921799,6406,False,True,
92,/kuka/axis_move/feedback_json,std_msgs/msg/String,2026-08-22T20:21:56.601066-04:00,1787444516,601031427,1787444516601031427,183.907455,,,,20579,20578,1,0,0,20579,AxisTarget,1,True,True,True,True,-0.0484,-90.003899,89.963501,0.0107,21.778601,-0.0427,519.254944,0.433092,860.666809,179.95993,68.26178,179.921799,6407,False,True,
93,/kuka/axis_move/feedback_json,std_msgs/msg/String,2026-08-22T20:21:56.716877-04:00,1787444516,716870313,1787444516716870313,115.838886,,,,20580,20579,1,0,0,20580,AxisTarget,1,True,True,True,True,-0.048431,-90.003899,89.963455,0.010724,21.820978,-0.042804,519.251404,0.433221,860.658142,179.959961,68.25502,179.921799,6407,False,True,
94,/kuka/axis_move/feedback_json,std_msgs/msg/String,2026-08-22T20:21:56.834444-04:00,1787444516,834437546,1787444516834437546,117.567233,,,,20581,20580,1,0,0,20581,AxisTarget,1,True,True,True,False,-0.049932,-90.004036,89.962135,0.011319,22.680176,-0.044552,518.933289,0.444722,859.884705,179.961395,67.650993,179.922531,6407,False,True,
95,/kuka/axis_move/feedback_json,std_msgs/msg/String,2026-08-22T20:21:56.944418-04:00,1787444516,944386719,1787444516944386719,109.949173,,,,20582,20581,1,0,0,20582,AxisTarget,1,True,True,True,False,-0.052743,-90.004265,89.96006,0.012215,23.924549,-0.046995,518.24762,0.468455,858.292236,179.96431,66.398895,179.923996,6407,False,True,
96,/kuka/axis_move/feedback_json,std_msgs/msg/String,2026-08-22T20:21:57.128696-04:00,1787444517,128690727,1787444517128690727,184.304008,,,,20583,20582,1,0,0,20583,AxisTarget,1,True,True,True,False,-0.056683,-90.004578,89.957184,0.013432,25.578825,-0.050168,517.196411,0.502448,856.020996,179.968353,64.591782,179.926071,6408,False,True,
97,/kuka/axis_move/feedback_json,std_msgs/msg/String,2026-08-22T20:21:57.237261-04:00,1787444517,237251810,1787444517237251810,108.561083,,,,20584,20583,1,0,0,20584,AxisTarget,1,True,True,True,False,-0.057,-90.004601,89.957001,0.0135,25.6586,-0.0503,517.073975,0.506243,855.768188,179.968781,64.388977,179.9263,6408,False,True,
98,/kuka/axis_move/feedback_json,std_msgs/msg/String,2026-08-22T20:21:57.421315-04:00,1787444517,421302454,1787444517421302454,184.050644,,,,20585,20584,1,0,0,20585,AxisTarget,1,True,True,True,True,-0.057,-90.004601,89.957001,0.0135,25.6586,-0.0503,517.073975,0.506243,855.768188,179.968781,64.388977,179.9263,6409,False,True,
99,/kuka/axis_move/feedback_json,std_msgs/msg/String,2026-08-22T20:21:57.537293-04:00,1787444517,537275040,1787444517537275040,115.972586,,,,20586,20585,1,0,0,20586,AxisTarget,1,True,True,True,False,-0.057,-90.004601,89.957001,0.0135,25.6586,-0.0503,517.073975,0.506243,855.768188,179.968781,64.388977,179.9263,6409,False,True,
100,/kuka/axis_move/feedback_json,std_msgs/msg/String,2026-08-22T20:21:57.644667-04:00,1787444517,644659188,1787444517644659188,107.384148,,,,20587,20586,1,0,0,20587,AxisTarget,1,True,True,True,True,-0.057209,-90.004623,89.956787,0.013607,25.829163,-0.050679,517.042114,0.507237,855.70282,179.968903,64.336487,179.926361,6409,False,True,
101,/kuka/axis_move/feedback_json,std_msgs/msg/String,2026-08-22T20:21:57.760522-04:00,1787444517,760484639,1787444517760484639,115.825451,,,,20588,20587,1,0,0,20588,AxisTarget,1,True,True,True,False,-0.059311,-90.004799,89.955124,0.014342,26.870739,-0.052764,516.521667,0.523182,854.655762,179.970734,63.492344,179.927322,6409,False,True,
102,/kuka/axis_move/feedback_json,std_msgs/msg/String,2026-08-22T20:21:57.953334-04:00,1787444517,953310902,1787444517953310902,192.826263,,,,20589,20588,1,0,0,20589,AxisTarget,1,True,True,True,False,-0.064077,-90.00518,89.951591,0.015858,28.961208,-0.056837,515.135742,0.563201,852.041809,179.975174,61.356647,179.929749,6410,False,True,
103,/kuka/axis_move/feedback_json,std_msgs/msg/String,2026-08-22T20:21:58.060947-04:00,1787444518,60936091,1787444518060936091,107.625189,,,,20590,20589,1,0,0,20590,AxisTarget,1,True,True,True,False,-0.065635,-90.005295,89.950531,0.016291,29.529533,-0.057888,514.594666,0.577981,851.081909,179.976776,60.561424,179.930664,6410,False,True,
104,/kuka/axis_move/feedback_json,std_msgs/msg/String,2026-08-22T20:21:58.176213-04:00,1787444518,176184631,1787444518176184631,115.24854,,,,20591,20590,1,0,0,20591,AxisTarget,1,True,True,True,False,-0.0657,-90.005302,89.9505,0.0163,29.538601,-0.0579,514.563477,0.57882,851.027527,179.976868,60.516178,179.93071,6410,False,True,
105,/kuka/axis_move/feedback_json,std_msgs/msg/String,2026-08-22T20:21:58.359229-04:00,1787444518,359216057,1787444518359216057,183.031426,,,,20592,20591,1,0,0,20592,AxisTarget,1,True,True,True,True,-0.0657,-90.005302,89.9505,0.0163,29.538601,-0.0579,514.563477,0.57882,851.027527,179.976868,60.516178,179.93071,6411,False,True,
106,/kuka/axis_move/feedback_json,std_msgs/msg/String,2026-08-22T20:21:58.477051-04:00,1787444518,477024121,1787444518477024121,117.808064,,,,20593,20592,1,0,0,20593,AxisTarget,1,True,True,True,True,-0.0657,-90.005302,89.9505,0.0163,29.539299,-0.057903,514.563477,0.57882,851.027527,179.976868,60.516178,179.93071,6411,False,True,
107,/kuka/axis_move/feedback_json,std_msgs/msg/String,2026-08-22T20:21:58.592539-04:00,1787444518,592511770,1787444518592511770,115.487649,,,,20594,20593,1,0,0,20594,AxisTarget,1,True,True,True,False,-0.066497,-90.005371,89.949791,0.016632,30.033424,-0.05894,514.356812,0.584277,850.669556,179.977463,60.21788,179.931061,6411,False,True,
108,/kuka/axis_move/feedback_json,std_msgs/msg/String,2026-08-22T20:21:58.707540-04:00,1787444518,707522174,1787444518707522174,115.010404,,,,20595,20594,1,0,0,20595,AxisTarget,1,True,True,True,False,-0.069199,-90.005592,89.947701,0.01754,31.303843,-0.061449,513.550781,0.605011,849.313599,179.97966,59.079624,179.932373,6411,False,True,
109,/kuka/axis_move/feedback_json,std_msgs/msg/String,2026-08-22T20:21:58.891105-04:00,1787444518,891088341,1787444518891088341,183.566167,,,,20596,20595,1,0,0,20596,AxisTarget,1,True,True,True,False,-0.073513,-90.005936,89.944504,0.018902,33.169304,-0.065058,512.052002,0.641509,846.94458,179.983414,57.057114,179.934738,6412,False,True,
110,/kuka/axis_move/feedback_json,std_msgs/msg/String,2026-08-22T20:21:59.077193-04:00,1787444519,77184807,1787444519077184807,186.096466,,,,20597,20596,1,0,0,20597,AxisTarget,1,True,True,True,False,-0.0743,-90.005997,89.944,0.0191,33.418598,-0.0655,511.735016,0.64892,846.466553,179.984177,56.643375,179.935242,6413,False,True,
111,/kuka/axis_move/feedback_json,std_msgs/msg/String,2026-08-22T20:21:59.265185-04:00,1787444519,265175703,1787444519265175703,187.990896,,,,20598,20597,1,0,0,20598,AxisTarget,1,True,True,True,True,-0.0743,-90.005997,89.944,0.0191,33.418598,-0.0655,511.735016,0.64892,846.466553,179.984177,56.643375,179.935242,6414,False,True,
112,/kuka/axis_move/feedback_json,std_msgs/msg/String,2026-08-22T20:21:59.376352-04:00,1787444519,376341446,1787444519376341446,111.165743,,,,20599,20598,1,0,0,20599,AxisTarget,1,True,True,True,True,-0.0743,-90.005997,89.944,0.0191,33.419289,-0.065503,511.735016,0.64892,846.466553,179.984177,56.643375,179.935242,6414,False,True,
113,/kuka/axis_move/feedback_json,std_msgs/msg/String,2026-08-22T20:21:59.491098-04:00,1787444519,491069762,1787444519491069762,114.728316,,,,20600,20599,1,0,0,20600,AxisTarget,1,True,True,True,False,-0.075023,-90.006058,89.943352,0.019405,33.874878,-0.066475,511.527985,0.653707,846.158386,179.984634,56.375572,179.935547,6414,False,True,
114,/kuka/axis_move/feedback_json,std_msgs/msg/String,2026-08-22T20:21:59.678503-04:00,1787444519,678490329,1787444519678490329,187.420567,,,,20601,20600,1,0,0,20601,AxisTarget,1,True,True,True,False,-0.079542,-90.006432,89.93988,0.020907,35.968243,-0.070651,509.974152,0.688379,843.940125,179.987976,54.422192,179.937851,6415,False,True,
115,/kuka/axis_move/feedback_json,std_msgs/msg/String,2026-08-22T20:21:59.789065-04:00,1787444519,789059174,1787444519789059174,110.568845,,,,20602,20601,1,0,0,20602,AxisTarget,1,True,True,True,False,-0.082044,-90.006638,89.938049,0.021701,37.048298,-0.072751,508.97821,0.709542,842.59906,179.989975,53.217682,179.939316,6415,False,True,
116,/kuka/axis_move/feedback_json,std_msgs/msg/String,2026-08-22T20:21:59.901075-04:00,1787444519,901062966,1787444519901062966,112.003792,,,,20603,20602,1,0,0,20603,AxisTarget,1,True,True,True,False,-0.0829,-90.006699,89.9375,0.0219,37.298645,-0.0732,508.60321,0.717315,842.109131,179.990707,52.772858,179.939865,6415,False,True,
117,/kuka/axis_move/feedback_json,std_msgs/msg/String,2026-08-22T20:22:00.095007-04:00,1787444520,94981155,1787444520094981155,193.918189,,,,20604,20603,1,0,0,20604,AxisTarget,1,True,True,True,True,-0.0829,-90.006699,89.9375,0.0219,37.298599,-0.0732,508.601288,0.717355,842.106628,179.990707,52.77058,179.939865,6416,False,True,
118,/kuka/axis_move/feedback_json,std_msgs/msg/String,2026-08-22T20:22:00.200677-04:00,1787444520,200671090,1787444520200671090,105.689935,,,,20605,20604,1,0,0,20605,AxisTarget,1,True,True,True,False,-0.0829,-90.006699,89.9375,0.0219,37.298599,-0.0732,508.601288,0.717355,842.106628,179.990707,52.77058,179.939865,6416,False,True,
119,/kuka/axis_move/feedback_json,std_msgs/msg/String,2026-08-22T20:22:00.312701-04:00,1787444520,312672198,1787444520312672198,112.001108,,,,20606,20605,1,0,0,20606,AxisTarget,1,True,True,True,True,-0.08293,-90.006699,89.937454,0.021923,37.339718,-0.073301,508.597717,0.717429,842.10199,179.990707,52.766376,179.939865,6416,False,True,
120,/kuka/axis_move/feedback_json,std_msgs/msg/String,2026-08-22T20:22:00.424895-04:00,1787444520,424882808,1787444520424882808,112.21061,,,,20607,20606,1,0,0,20607,AxisTarget,1,True,True,True,False,-0.08431,-90.006828,89.936211,0.022456,38.139091,-0.07493,508.124664,0.727102,841.4953,179.991608,52.211681,179.940552,6416,False,True,
121,/kuka/axis_move/feedback_json,std_msgs/msg/String,2026-08-22T20:22:00.608550-04:00,1787444520,608528404,1787444520608528404,183.645596,,,,20608,20607,1,0,0,20608,AxisTarget,1,True,True,True,False,-0.088937,-90.007202,89.932716,0.023887,40.197414,-0.078961,506.307648,0.762877,839.272644,179.994873,50.142036,179.943176,6417,False,True,
122,/kuka/axis_move/feedback_json,std_msgs/msg/String,2026-08-22T20:22:00.785024-04:00,1787444520,785018637,1787444520785018637,176.490233,,,,20609,20608,1,0,0,20609,AxisTarget,1,True,True,True,False,-0.091492,-90.007401,89.930901,0.0246,41.178387,-0.0808,505.184631,0.783994,837.977478,179.99675,48.906528,179.944794,6418,False,True,
123,/kuka/axis_move/feedback_json,std_msgs/msg/String,2026-08-22T20:22:00.901628-04:00,1787444520,901591017,1787444520901591017,116.57238,,,,20610,20609,1,0,0,20610,AxisTarget,1,True,True,True,False,-0.0915,-90.007401,89.930901,0.0246,41.1786,-0.0808,505.176666,0.784141,837.968506,179.99675,48.897881,179.944809,6418,False,True,
124,/kuka/axis_move/feedback_json,std_msgs/msg/String,2026-08-22T20:22:01.088508-04:00,1787444521,88473187,1787444521088473187,186.88217,,,,20611,20610,1,0,0,20611,AxisTarget,1,True,True,True,True,-0.0915,-90.007401,89.930901,0.0246,41.1786,-0.0808,505.176666,0.784141,837.968506,179.99675,48.897881,179.944809,6419,False,True,
125,/kuka/axis_move/feedback_json,std_msgs/msg/String,2026-08-22T20:22:01.198202-04:00,1787444521,198191568,1787444521198191568,109.718381,,,,20612,20611,1,0,0,20612,AxisTarget,1,True,True,True,True,-0.091521,-90.007401,89.93087,0.024618,41.210598,-0.08088,505.174377,0.784183,837.965942,179.996765,48.89539,179.944809,6419,False,True,
126,/kuka/axis_move/feedback_json,std_msgs/msg/String,2026-08-22T20:22:01.316378-04:00,1787444521,316353848,1787444521316353848,118.16228,,,,20613,20612,1,0,0,20613,AxisTarget,1,True,True,True,False,-0.092898,-90.007523,89.92971,0.025142,41.970448,-0.082433,504.664001,0.793534,837.395752,179.997604,48.344002,179.945557,6419,False,True,
127,/kuka/axis_move/feedback_json,std_msgs/msg/String,2026-08-22T20:22:01.425018-04:00,1787444521,425007485,1787444521425007485,108.653637,,,,20614,20613,1,0,0,20614,AxisTarget,1,True,True,True,False,-0.095778,-90.007759,89.927513,0.026094,43.295021,-0.085037,503.502716,0.814311,836.138672,179.999435,47.110996,179.947281,6419,False,True,
128,/kuka/axis_move/feedback_json,std_msgs/msg/String,2026-08-22T20:22:01.608781-04:00,1787444521,608769991,1787444521608769991,183.762506,,,,20615,20614,1,0,0,20615,AxisTarget,1,True,True,True,False,-0.099691,-90.00808,89.924614,0.027321,44.964859,-0.088244,501.703247,0.845245,834.293701,-179.99791,45.254517,179.949951,6420,False,True,
129,/kuka/axis_move/feedback_json,std_msgs/msg/String,2026-08-22T20:22:01.793256-04:00,1787444521,793246845,1787444521793246845,184.476854,,,,20616,20615,1,0,0,20616,AxisTarget,1,True,True,True,False,-0.1001,-90.008102,89.9244,0.0274,45.058601,-0.0884,501.476685,0.849038,834.069763,-179.997589,45.025085,179.950287,6421,False,True,
130,/kuka/axis_move/feedback_json,std_msgs/msg/String,2026-08-22T20:22:01.984709-04:00,1787444521,984703363,1787444521984703363,191.456518,,,,20617,20616,1,0,0,20617,AxisTarget,1,True,True,True,True,-0.1001,-90.008102,89.9244,0.0274,45.058601,-0.0884,501.476685,0.849038,834.069763,-179.997589,45.025085,179.950287,6422,False,True,
131,/kuka/axis_move/feedback_json,std_msgs/msg/String,2026-08-22T20:22:02.097080-04:00,1787444522,97069595,1787444522097069595,112.366232,,,,20618,20617,1,0,0,20618,AxisTarget,1,True,True,True,True,-0.100141,-90.00811,89.924347,0.027436,45.120186,-0.088546,501.467346,0.849196,834.060608,-179.997574,45.01564,179.950302,6422,False,True,
132,/kuka/axis_move/feedback_json,std_msgs/msg/String,2026-08-22T20:22:02.213251-04:00,1787444522,213243149,1787444522213243149,116.173554,,,,20619,20618,1,0,0,20619,AxisTarget,1,True,True,True,False,-0.101678,-90.00824,89.923012,0.028027,45.970806,-0.090358,500.856049,0.859461,833.465454,-179.996704,44.401241,179.951218,6422,False,True,
133,/kuka/axis_move/feedback_json,std_msgs/msg/String,2026-08-22T20:22:02.330439-04:00,1787444522,330427657,1787444522330427657,117.184508,,,,20620,20619,1,0,0,20620,AxisTarget,1,True,True,True,False,-0.104722,-90.008476,89.920792,0.028988,47.30632,-0.092894,499.547516,0.880927,832.233459,-179.994934,43.107117,179.953156,6422,False,True,
134,/kuka/axis_move/feedback_json,std_msgs/msg/String,2026-08-22T20:22:02.509201-04:00,1787444522,509183034,1787444522509183034,178.755377,,,,20621,20620,1,0,0,20621,AxisTarget,1,True,True,True,False,-0.108553,-90.008781,89.918037,0.030152,48.88308,-0.095911,497.671326,0.910588,830.561035,-179.992538,41.297657,179.955978,6423,False,True,
135,/kuka/axis_move/feedback_json,std_msgs/msg/String,2026-08-22T20:22:02.626780-04:00,1787444522,626757823,1787444522626757823,117.574789,,,,20622,20621,1,0,0,20622,AxisTarget,1,True,True,True,False,-0.1088,-90.008797,89.9179,0.0302,48.938599,-0.096,497.51828,0.912953,830.429199,-179.992355,41.15229,179.956207,6423,False,True,
136,/kuka/axis_move/feedback_json,std_msgs/msg/String,2026-08-22T20:22:02.804492-04:00,1787444522,804470206,1787444522804470206,177.712383,,,,20623,20622,1,0,0,20623,AxisTarget,1,True,True,True,True,-0.1088,-90.008797,89.9179,0.0302,48.938599,-0.096,497.51828,0.912953,830.429199,-179.992355,41.152287,179.956207,6424,False,True,
137,/kuka/axis_move/feedback_json,std_msgs/msg/String,2026-08-22T20:22:02.917116-04:00,1787444522,917109569,1787444522917109569,112.639363,,,,20624,20623,1,0,0,20624,AxisTarget,1,True,True,True,False,-0.1088,-90.008797,89.9179,0.0302,48.938599,-0.096,497.51828,0.912953,830.429199,-179.992355,41.152287,179.956207,6424,False,True,
138,/kuka/axis_move/feedback_json,std_msgs/msg/String,2026-08-22T20:22:03.032610-04:00,1787444523,32582391,1787444523032582391,115.472822,,,,20625,20624,1,0,0,20625,AxisTarget,1,True,True,True,True,-0.109206,-90.008835,89.917511,0.030386,49.223282,-0.096614,497.390259,0.914898,830.319519,-179.992203,41.030945,179.956406,6424,False,True,
139,/kuka/axis_move/feedback_json,std_msgs/msg/String,2026-08-22T20:22:03.145980-04:00,1787444523,145968594,1787444523145968594,113.386203,,,,20626,20625,1,0,0,20626,AxisTarget,1,True,True,True,False,-0.111597,-90.009033,89.915634,0.031211,50.385498,-0.098925,496.324249,0.930888,829.424011,-179.990952,40.028938,179.958008,6424,False,True,
140,/kuka/axis_move/feedback_json,std_msgs/msg/String,2026-08-22T20:22:03.332996-04:00,1787444523,332985447,1787444523332985447,187.016853,,,,20627,20626,1,0,0,20627,AxisTarget,1,True,True,True,False,-0.116145,-90.009399,89.912231,0.032665,52.387318,-0.102817,494.068207,0.96358,827.63031,-179.98851,37.954967,179.961456,6425,False,True,
141,/kuka/axis_move/feedback_json,std_msgs/msg/String,2026-08-22T20:22:03.521120-04:00,1787444523,521101118,1787444523521101118,188.115671,,,,20628,20627,1,0,0,20628,AxisTarget,1,True,True,True,False,-0.1174,-90.009499,89.9114,0.033,52.8186,-0.1036,493.319366,0.97411,827.063843,-179.987732,37.279495,179.962616,6426,False,True,
142,/kuka/axis_move/feedback_json,std_msgs/msg/String,2026-08-22T20:22:03.711520-04:00,1787444523,711476222,1787444523711476222,190.375104,,,,20629,20628,1,0,0,20629,AxisTarget,1,True,True,True,True,-0.1174,-90.009499,89.9114,0.033,52.8186,-0.1036,493.319366,0.97411,827.063843,-179.987732,37.279495,179.962616,6427,False,True,
143,/kuka/axis_move/feedback_json,std_msgs/msg/String,2026-08-22T20:22:03.820854-04:00,1787444523,820848646,1787444523820848646,109.372424,,,,20630,20629,1,0,0,20630,AxisTarget,1,True,True,True,True,-0.1174,-90.009499,89.9114,0.033,52.818874,-0.103601,493.319366,0.97411,827.063843,-179.987732,37.279495,179.962616,6427,False,True,
144,/kuka/axis_move/feedback_json,std_msgs/msg/String,2026-08-22T20:22:03.936586-04:00,1787444523,936560876,1787444523936560876,115.71223,,,,20631,20630,1,0,0,20631,AxisTarget,1,True,True,True,False,-0.118024,-90.009552,89.910835,0.033267,53.220108,-0.104451,493.092163,0.977275,826.894714,-179.987503,37.07576,179.962967,6427,False,True,
145,/kuka/axis_move/feedback_json,std_msgs/msg/String,2026-08-22T20:22:04.048793-04:00,1787444524,48781736,1787444524048781736,112.22086,,,,20632,20631,1,0,0,20632,AxisTarget,1,True,True,True,False,-0.120484,-90.009758,89.908913,0.034105,54.395844,-0.106781,491.863129,0.994162,826.001343,-179.986313,35.982876,179.964874,6427,False,True,
146,/kuka/axis_move/feedback_json,std_msgs/msg/String,2026-08-22T20:22:04.231051-04:00,1787444524,231033193,1787444524231033193,182.251457,,,,20633,20632,1,0,0,20633,AxisTarget,1,True,True,True,False,-0.124962,-90.010124,89.905579,0.035531,56.354813,-0.110582,489.522644,1.02529,824.396362,-179.984192,33.942085,179.968552,6428,False,True,
147,/kuka/axis_move/feedback_json,std_msgs/msg/String,2026-08-22T20:22:04.346902-04:00,1787444524,346871920,1787444524346871920,115.838727,,,,20634,20633,1,0,0,20634,AxisTarget,1,True,True,True,False,-0.125997,-90.010201,89.9049,0.0358,56.698616,-0.1112,488.906006,1.03328,823.993591,-179.983673,33.412582,179.969528,6428,False,True,
148,/kuka/axis_move/feedback_json,std_msgs/msg/String,2026-08-22T20:22:04.528851-04:00,1787444524,528839114,1787444524528839114,181.967194,,,,20635,20634,1,0,0,20635,AxisTarget,1,True,True,True,True,-0.126,-90.010201,89.9049,0.0358,56.698601,-0.1112,488.899139,1.033369,823.989136,-179.983658,33.406704,179.969543,6429,False,True,
149,/kuka/axis_move/feedback_json,std_msgs/msg/String,2026-08-22T20:22:04.641486-04:00,1787444524,641452279,1787444524641452279,112.613165,,,,20636,20635,1,0,0,20636,AxisTarget,1,True,True,True,False,-0.126,-90.010201,89.9049,0.0358,56.698601,-0.1112,488.899139,1.033369,823.989136,-179.983658,33.406704,179.969543,6429,False,True,
150,/kuka/axis_move/feedback_json,std_msgs/msg/String,2026-08-22T20:22:04.748136-04:00,1787444524,748119346,1787444524748119346,106.667067,,,,20637,20636,1,0,0,20637,AxisTarget,1,True,True,True,True,-0.126014,-90.010201,89.904877,0.035813,56.722034,-0.11126,488.896393,1.033404,823.987366,-179.983658,33.404343,179.969543,6429,False,True,
151,/kuka/axis_move/feedback_json,std_msgs/msg/String,2026-08-22T20:22:04.856942-04:00,1787444524,856928996,1787444524856928996,108.80965,,,,20638,20637,1,0,0,20638,AxisTarget,1,True,True,True,False,-0.127262,-90.010307,89.903816,0.036293,57.421791,-0.112696,488.357849,1.040313,823.642395,-179.983215,32.944576,179.970413,6429,False,True,
152,/kuka/axis_move/feedback_json,std_msgs/msg/String,2026-08-22T20:22:05.036866-04:00,1787444525,36851179,1787444525036851179,179.922183,,,,20639,20638,1,0,0,20639,AxisTarget,1,True,True,True,False,-0.131742,-90.010681,89.900406,0.037768,59.470154,-0.116716,485.944672,1.070526,822.169678,-179.981339,30.9126,179.974319,6430,False,True,
153,/kuka/axis_move/feedback_json,std_msgs/msg/String,2026-08-22T20:22:05.223910-04:00,1787444525,223899562,1787444525223899562,187.048383,,,,20640,20639,1,0,0,20640,AxisTarget,1,True,True,True,False,-0.134587,-90.010902,89.898399,0.038599,60.57806,-0.1188,484.298462,1.090481,821.230957,-179.980164,29.550941,179.97702,6431,False,True,
154,/kuka/axis_move/feedback_json,std_msgs/msg/String,2026-08-22T20:22:05.332995-04:00,1787444525,332987543,1787444525332987543,109.087981,,,,20641,20640,1,0,0,20641,AxisTarget,1,True,True,True,False,-0.1346,-90.010902,89.898399,0.0386,60.578602,-0.1188,484.27774,1.090729,821.219482,-179.980148,29.533916,179.977051,6431,False,True,
155,/kuka/axis_move/feedback_json,std_msgs/msg/String,2026-08-22T20:22:05.516848-04:00,1787444525,516837986,1787444525516837986,183.850443,,,,20642,20641,1,0,0,20642,AxisTarget,1,True,True,True,True,-0.1346,-90.010902,89.898399,0.0386,60.578602,-0.1188,484.27774,1.090729,821.219482,-179.980148,29.533916,179.977051,6432,False,True,
156,/kuka/axis_move/feedback_json,std_msgs/msg/String,2026-08-22T20:22:05.631895-04:00,1787444525,631872126,1787444525631872126,115.03414,,,,20643,20642,1,0,0,20643,AxisTarget,1,True,True,True,True,-0.134609,-90.010902,89.898384,0.038609,60.595982,-0.118845,484.276978,1.090738,821.219055,-179.980148,29.533287,179.977066,6432,False,True,
157,/kuka/axis_move/feedback_json,std_msgs/msg/String,2026-08-22T20:22:05.744890-04:00,1787444525,744879971,1787444525744879971,113.007845,,,,20644,20643,1,0,0,20644,AxisTarget,1,True,True,True,False,-0.135782,-90.011002,89.897392,0.03906,61.255123,-0.120202,483.720215,1.097471,820.913452,-179.979767,29.077,179.977982,6432,False,True,
158,/kuka/axis_move/feedback_json,std_msgs/msg/String,2026-08-22T20:22:05.859876-04:00,1787444525,859856653,1787444525859856653,114.976682,,,,20645,20644,1,0,0,20645,AxisTarget,1,True,True,True,False,-0.138616,-90.01123,89.895241,0.039993,62.555843,-0.122764,482.255371,1.114922,820.136658,-179.97879,27.885963,179.980438,6432,False,True,
159,/kuka/axis_move/feedback_json,std_msgs/msg/String,2026-08-22T20:22:06.050149-04:00,1787444526,50141549,1787444526050141549,190.284896,,,,20646,20645,1,0,0,20646,AxisTarget,1,True,True,True,False,-0.142864,-90.011566,89.892151,0.041304,64.34375,-0.126207,479.812836,1.143219,818.926331,-179.97731,25.928278,179.984619,6433,False,True,
160,/kuka/axis_move/feedback_json,std_msgs/msg/String,2026-08-22T20:22:06.164976-04:00,1787444526,164964905,1787444526164964905,114.823356,,,,20647,20646,1,0,0,20647,AxisTarget,1,True,True,True,False,-0.1433,-90.011597,89.891899,0.0414,64.458603,-0.1264,479.476288,1.147043,818.767639,-179.977127,25.661121,179.985199,6433,False,True,
161,/kuka/axis_move/feedback_json,std_msgs/msg/String,2026-08-22T20:22:06.350211-04:00,1787444526,350199160,1787444526350199160,185.234255,,,,20648,20647,1,0,0,20648,AxisTarget,1,True,True,True,True,-0.1433,-90.011597,89.891899,0.0414,64.458603,-0.1264,479.476288,1.147043,818.767639,-179.977127,25.661121,179.985199,6434,False,True,
162,/kuka/axis_move/feedback_json,std_msgs/msg/String,2026-08-22T20:22:06.465113-04:00,1787444526,465085314,1787444526465085314,114.886154,,,,20649,20648,1,0,0,20649,AxisTarget,1,True,True,True,False,-0.1433,-90.011597,89.891899,0.0414,64.458603,-0.1264,479.476288,1.147043,818.767639,-179.977127,25.661121,179.985199,6434,False,True,
163,/kuka/axis_move/feedback_json,std_msgs/msg/String,2026-08-22T20:22:06.573276-04:00,1787444526,573269172,1787444526573269172,108.183858,,,,20650,20649,1,0,0,20650,AxisTarget,1,True,True,True,True,-0.143596,-90.01162,89.891609,0.041542,64.678787,-0.12688,479.371063,1.148218,818.718445,-179.977066,25.577713,179.985382,6434,False,True,
164,/kuka/axis_move/feedback_json,std_msgs/msg/String,2026-08-22T20:22:06.689350-04:00,1787444526,689327862,1787444526689327862,116.05869,,,,20651,20650,1,0,0,20651,AxisTarget,1,True,True,True,False,-0.145714,-90.011772,89.889923,0.042284,65.728836,-0.128978,478.266602,1.160444,818.212769,-179.976501,24.705582,179.98732,6434,False,True,
165,/kuka/axis_move/feedback_json,std_msgs/msg/String,2026-08-22T20:22:06.881098-04:00,1787444526,881067123,1787444526881067123,191.739261,,,,20652,20651,1,0,0,20652,AxisTarget,1,True,True,True,False,-0.150425,-90.0121,89.88633,0.043826,67.854698,-0.133118,475.47876,1.190531,817.02533,-179.97522,22.530413,179.992294,6435,False,True,
166,/kuka/axis_move/feedback_json,std_msgs/msg/String,2026-08-22T20:22:06.990923-04:00,1787444526,990905370,1787444526990905370,109.838247,,,,20653,20652,1,0,0,20653,AxisTarget,1,True,True,True,False,-0.151872,-90.012199,89.885406,0.044197,68.336327,-0.133998,474.547363,1.200349,816.656128,-179.974854,21.811424,179.993988,6435,False,True,
167,/kuka/axis_move/feedback_json,std_msgs/msg/String,2026-08-22T20:22:07.176816-04:00,1787444527,176806094,1787444527176806094,185.900724,,,,20654,20653,1,0,0,20654,AxisTarget,1,True,True,True,True,-0.1519,-90.012199,89.885399,0.0442,68.3386,-0.134,474.517242,1.200665,816.644409,-179.974838,21.788242,179.994034,6436,False,True,
168,/kuka/axis_move/feedback_json,std_msgs/msg/String,2026-08-22T20:22:07.288921-04:00,1787444527,288909505,1787444527288909505,112.103411,,,,20655,20654,1,0,0,20655,AxisTarget,1,True,True,True,False,-0.1519,-90.012199,89.885399,0.0442,68.3386,-0.134,474.517242,1.200665,816.644409,-179.974838,21.788242,179.994034,6436,False,True,
169,/kuka/axis_move/feedback_json,std_msgs/msg/String,2026-08-22T20:22:07.404854-04:00,1787444527,404843962,1787444527404843962,115.934457,,,,20656,20655,1,0,0,20656,AxisTarget,1,True,True,True,True,-0.151905,-90.012199,89.885391,0.044206,68.350937,-0.134033,474.516907,1.200668,816.644287,-179.974838,21.787983,179.994034,6436,False,True,
170,/kuka/axis_move/feedback_json,std_msgs/msg/String,2026-08-22T20:22:07.517001-04:00,1787444527,516989903,1787444527516989903,112.145941,,,,20657,20656,1,0,0,20657,AxisTarget,1,True,True,True,False,-0.153042,-90.012299,89.884415,0.044634,69.00074,-0.135373,473.978912,1.2063,816.437561,-179.97464,21.374475,179.99501,6436,False,True,
171,/kuka/axis_move/feedback_json,std_msgs/msg/String,2026-08-22T20:22:07.705082-04:00,1787444527,705067614,1787444527705067614,188.077711,,,,20658,20657,1,0,0,20658,AxisTarget,1,True,True,True,False,-0.157577,-90.012672,89.880959,0.046078,71.081764,-0.139461,471.350433,1.233307,815.490784,-179.97377,19.37031,179.999863,6437,False,True,
172,/kuka/axis_move/feedback_json,std_msgs/msg/String,2026-08-22T20:22:07.816968-04:00,1787444527,816950623,1787444527816950623,111.883009,,,,20659,20658,1,0,0,20659,AxisTarget,1,True,True,True,False,-0.15995,-90.012863,89.879196,0.046791,72.08226,-0.141369,469.822754,1.248636,814.987671,-179.973358,18.21686,-179.997253,6437,False,True,
173,/kuka/axis_move/feedback_json,std_msgs/msg/String,2026-08-22T20:22:07.929242-04:00,1787444527,929228841,1787444527929228841,112.278218,,,,20660,20659,1,0,0,20660,AxisTarget,1,True,True,True,False,-0.1605,-90.012901,89.878899,0.0469,72.218597,-0.1416,469.421844,1.252617,814.861267,-179.973267,17.915443,-179.99649,6437,False,True,
174,/kuka/axis_move/feedback_json,std_msgs/msg/String,2026-08-22T20:22:08.121112-04:00,1787444528,121101532,1787444528121101532,191.872691,,,,20661,20660,1,0,0,20661,AxisTarget,1,True,True,True,True,-0.1605,-90.012901,89.878899,0.0469,72.218597,-0.1416,469.421875,1.252616,814.861267,-179.973267,17.915464,-179.99649,6438,False,True,
175,/kuka/axis_move/feedback_json,std_msgs/msg/String,2026-08-22T20:22:08.236875-04:00,1787444528,236864649,1787444528236864649,115.763117,,,,20662,20661,1,0,0,20662,AxisTarget,1,True,True,True,False,-0.1605,-90.012901,89.878899,0.0469,72.218597,-0.1416,469.421875,1.252616,814.861267,-179.973267,17.915464,-179.99649,6438,False,True,
176,/kuka/axis_move/feedback_json,std_msgs/msg/String,2026-08-22T20:22:08.349442-04:00,1787444528,349415919,1787444528349415919,112.55127,,,,20663,20662,1,0,0,20663,AxisTarget,1,True,True,True,True,-0.160749,-90.012924,89.878647,0.047022,72.409927,-0.14202,469.313904,1.253683,814.827637,-179.973236,17.834381,-179.996277,6438,False,True,
177,/kuka/axis_move/feedback_json,std_msgs/msg/String,2026-08-22T20:22:08.456856-04:00,1787444528,456845154,1787444528456845154,107.429235,,,,20664,20663,1,0,0,20664,AxisTarget,1,True,True,True,False,-0.162774,-90.013092,89.877029,0.047737,73.423065,-0.144048,468.227631,1.264341,814.498413,-179.972992,17.020578,-179.994156,6438,False,True,
178,/kuka/axis_move/feedback_json,std_msgs/msg/String,2026-08-22T20:22:08.648957-04:00,1787444528,648946133,1787444528648946133,192.100979,,,,20665,20664,1,0,0,20665,AxisTarget,1,True,True,True,False,-0.167417,-90.013481,89.873474,0.049264,75.531769,-0.14816,465.352142,1.29198,813.707275,-179.972519,14.882795,-179.988419,6439,False,True,
179,/kuka/axis_move/feedback_json,std_msgs/msg/String,2026-08-22T20:22:08.765421-04:00,1787444528,765390126,1787444528765390126,116.443993,,,,20666,20665,1,0,0,20666,AxisTarget,1,True,True,True,False,-0.169047,-90.013603,89.872414,0.049695,76.094589,-0.149195,464.267548,1.3022,813.438599,-179.972397,14.082083,-179.986191,6439,False,True,
180,/kuka/axis_move/feedback_json,std_msgs/msg/String,2026-08-22T20:22:08.877077-04:00,1787444528,877057720,1787444528877057720,111.667594,,,,20667,20666,1,0,0,20667,AxisTarget,1,True,True,True,False,-0.1691,-90.013603,89.872398,0.0497,76.098602,-0.1492,464.214081,1.302701,813.42572,-179.972382,14.042682,-179.986084,6439,False,True,
181,/kuka/axis_move/feedback_json,std_msgs/msg/String,2026-08-22T20:22:09.062225-04:00,1787444529,62217457,1787444529062217457,185.159737,,,,20668,20667,1,0,0,20668,AxisTarget,1,True,True,True,True,-0.1691,-90.013603,89.872398,0.0497,76.098602,-0.1492,464.214081,1.302701,813.42572,-179.972382,14.042682,-179.986084,6440,False,True,
182,/kuka/axis_move/feedback_json,std_msgs/msg/String,2026-08-22T20:22:09.175950-04:00,1787444529,175938639,1787444529175938639,113.721182,,,,20669,20668,1,0,0,20669,AxisTarget,1,True,True,True,True,-0.169103,-90.013603,89.872391,0.049704,76.107048,-0.149224,464.213959,1.302702,813.42572,-179.972382,14.042594,-179.986084,6440,False,True,
183,/kuka/axis_move/feedback_json,std_msgs/msg/String,2026-08-22T20:22:09.288988-04:00,1787444529,288977072,1787444529288977072,113.038433,,,,20670,20669,1,0,0,20670,AxisTarget,1,True,True,True,False,-0.170076,-90.013695,89.871498,0.050118,76.710648,-0.150475,463.706482,1.307487,813.305908,-179.972336,13.668996,-179.985031,6440,False,True,
184,/kuka/axis_move/feedback_json,std_msgs/msg/String,2026-08-22T20:22:09.407936-04:00,1787444529,407928802,1787444529407928802,118.95173,,,,20671,20670,1,0,0,20671,AxisTarget,1,True,True,True,False,-0.172809,-90.013924,89.869476,0.051008,77.947472,-0.15292,462.144684,1.322071,812.958862,-179.972244,12.522828,-179.981766,6440,False,True,
185,/kuka/axis_move/feedback_json,std_msgs/msg/String,2026-08-22T20:22:09.601026-04:00,1787444529,601002985,1787444529601002985,193.074183,,,,20672,20671,1,0,0,20672,AxisTarget,1,True,True,True,False,-0.177072,-90.014275,89.866386,0.052332,79.739677,-0.156395,459.430695,1.346929,812.433105,-179.972244,10.542834,-179.975906,6441,False,True,
186,/kuka/axis_move/feedback_json,std_msgs/msg/String,2026-08-22T20:22:09.784821-04:00,1787444529,784814355,1787444529784814355,183.81137,,,,20673,20672,1,0,0,20673,AxisTarget,1,True,True,True,False,-0.1774,-90.014297,89.866203,0.0524,79.818497,-0.1565,459.137451,1.34958,812.38208,-179.97226,10.3297,-179.975266,6442,False,True,
187,/kuka/axis_move/feedback_json,std_msgs/msg/String,2026-08-22T20:22:09.972918-04:00,1787444529,972908309,1787444529972908309,188.093954,,,,20674,20673,1,0,0,20674,AxisTarget,1,True,True,True,True,-0.1774,-90.014297,89.866203,0.0524,79.818497,-0.1565,459.137451,1.34958,812.38208,-179.97226,10.3297,-179.975266,6443,False,True,
188,/kuka/axis_move/feedback_json,std_msgs/msg/String,2026-08-22T20:22:10.087198-04:00,1787444530,87188027,1787444530087188027,114.279718,,,,20675,20674,1,0,0,20675,AxisTarget,1,True,True,True,True,-0.177462,-90.014305,89.866127,0.052448,79.89814,-0.156685,459.115143,1.349779,812.378235,-179.97226,10.313505,-179.97522,6443,False,True,
189,/kuka/axis_move/feedback_json,std_msgs/msg/String,2026-08-22T20:22:10.197075-04:00,1787444530,197063044,1787444530197063044,109.875017,,,,20676,20675,1,0,0,20676,AxisTarget,1,True,True,True,False,-0.179118,-90.01445,89.864731,0.053057,80.766754,-0.158444,458.235443,1.357589,812.232422,-179.972336,9.675023,-179.973267,6443,False,True,
190,/kuka/axis_move/feedback_json,std_msgs/msg/String,2026-08-22T20:22:10.311266-04:00,1787444530,311258755,1787444530311258755,114.195711,,,,20677,20676,1,0,0,20677,AxisTarget,1,True,True,True,False,-0.181846,-90.014687,89.862617,0.05396,82.010277,-0.160966,456.494965,1.372878,811.97345,-179.972549,8.415298,-179.96933,6443,False,True,
191,/kuka/axis_move/feedback_json,std_msgs/msg/String,2026-08-22T20:22:10.489239-04:00,1787444530,489221630,1787444530489221630,177.962875,,,,20678,20677,1,0,0,20678,AxisTarget,1,True,True,True,False,-0.1844,-90.0149,89.860802,0.0547,82.983635,-0.1627,454.77359,1.387793,811.755615,-179.972855,7.173414,-179.965347,6444,False,True,
192,/kuka/axis_move/feedback_json,std_msgs/msg/String,2026-08-22T20:22:10.601007-04:00,1787444530,600996557,1787444530600996557,111.774927,,,,20679,20678,1,0,0,20679,AxisTarget,1,True,True,True,False,-0.1844,-90.0149,89.860802,0.0547,82.983597,-0.1627,454.769714,1.387826,811.755188,-179.972855,7.170626,-179.965332,6444,False,True,
193,/kuka/axis_move/feedback_json,std_msgs/msg/String,2026-08-22T20:22:10.791379-04:00,1787444530,791347940,1787444530791347940,190.351383,,,,20680,20679,1,0,0,20680,AxisTarget,1,True,True,True,True,-0.1844,-90.0149,89.860802,0.0547,82.983597,-0.1627,454.769714,1.387826,811.755188,-179.972855,7.170626,-179.965332,6445,False,True,
194,/kuka/axis_move/feedback_json,std_msgs/msg/String,2026-08-22T20:22:10.904798-04:00,1787444530,904765463,1787444530904765463,113.417523,,,,20681,20680,1,0,0,20681,AxisTarget,1,True,True,True,True,-0.184436,-90.0149,89.860756,0.054725,83.02829,-0.162808,454.758179,1.387927,811.753845,-179.972855,7.162322,-179.965317,6445,False,True,
195,/kuka/axis_move/feedback_json,std_msgs/msg/String,2026-08-22T20:22:11.021168-04:00,1787444531,21152900,1787444531021152900,116.387437,,,,20682,20681,1,0,0,20682,AxisTarget,1,True,True,True,False,-0.186016,-90.015015,89.859459,0.055323,83.925278,-0.164642,453.938446,1.39511,811.663147,-179.973022,6.572004,-179.963394,6445,False,True,
196,/kuka/axis_move/feedback_json,std_msgs/msg/String,2026-08-22T20:22:11.141975-04:00,1787444531,141963803,1787444531141963803,120.810903,,,,20683,20682,1,0,0,20683,AxisTarget,1,True,True,True,False,-0.188923,-90.015221,89.857262,0.056206,85.186111,-0.167097,452.075775,1.411276,811.488708,-179.973495,5.233161,-179.958969,6445,False,True,
197,/kuka/axis_move/feedback_json,std_msgs/msg/String,2026-08-22T20:22:11.321189-04:00,1787444531,321177352,1787444531321177352,179.213549,,,,20684,20683,1,0,0,20684,AxisTarget,1,True,True,True,False,-0.1902,-90.015297,89.856499,0.0565,85.575798,-0.1678,451.169922,1.419062,811.419739,-179.97377,4.583144,-179.956772,6446,False,True,
198,/kuka/axis_move/feedback_json,std_msgs/msg/String,2026-08-22T20:22:11.500829-04:00,1787444531,500823411,1787444531500823411,179.646059,,,,20685,20684,1,0,0,20685,AxisTarget,1,True,True,True,False,-0.1902,-90.015297,89.856499,0.0565,85.575806,-0.1678,451.169922,1.419062,811.419739,-179.97377,4.583144,-179.956772,6447,False,True,
199,/kuka/axis_move/feedback_json,std_msgs/msg/String,2026-08-22T20:22:11.613058-04:00,1787444531,613011501,1787444531613011501,112.18809,,,,20686,20685,1,0,0,20686,AxisTarget,1,True,True,True,True,-0.190592,-90.015343,89.856079,0.056708,85.885529,-0.168476,450.984161,1.420635,811.406921,-179.973831,4.449956,-179.956314,6447,False,True,
200,/kuka/axis_move/feedback_json,std_msgs/msg/String,2026-08-22T20:22:11.730752-04:00,1787444531,730745441,1787444531730745441,117.73394,,,,20687,20686,1,0,0,20687,AxisTarget,1,True,True,True,False,-0.19315,-90.015572,89.854126,0.057578,87.068024,-0.170834,449.450165,1.433544,811.317749,-179.97438,3.350969,-179.952454,6447,False,True,
201,/kuka/axis_move/feedback_json,std_msgs/msg/String,2026-08-22T20:22:11.845129-04:00,1787444531,845109738,1787444531845109738,114.364297,,,,20688,20687,1,0,0,20688,AxisTarget,1,True,True,True,False,-0.194686,-90.015701,89.853111,0.057999,87.594482,-0.1718,448.381927,1.442459,811.27301,-179.974823,2.586437,-179.949707,6447,False,True,
202,/kuka/axis_move/feedback_json,std_msgs/msg/String,2026-08-22T20:22:12.030132-04:00,1787444532,30104106,1787444532030104106,184.994368,,,,20689,20688,1,0,0,20689,AxisTarget,1,True,True,True,False,-0.1947,-90.015701,89.853104,0.058,87.595001,-0.1718,448.355835,1.442677,811.272095,-179.974838,2.567758,-179.949646,6448,False,True,
203,/kuka/axis_move/feedback_json,std_msgs/msg/String,2026-08-22T20:22:12.141219-04:00,1787444532,141205902,1787444532141205902,111.101796,,,,20690,20689,1,0,0,20690,AxisTarget,1,True,True,True,True,-0.1947,-90.015701,89.853104,0.058,87.595001,-0.1718,448.355835,1.442677,811.272095,-179.974838,2.567758,-179.949646,6448,False,True,
204,/kuka/axis_move/feedback_json,std_msgs/msg/String,2026-08-22T20:22:12.327101-04:00,1787444532,327089696,1787444532327089696,185.883794,,,,20691,20690,1,0,0,20691,AxisTarget,1,True,True,True,False,-0.1947,-90.015701,89.853104,0.058,87.595085,-0.1718,448.355835,1.442677,811.272095,-179.974838,2.567758,-179.949646,6449,False,True,
205,/kuka/axis_move/feedback_json,std_msgs/msg/String,2026-08-22T20:22:12.440881-04:00,1787444532,440869258,1787444532440869258,113.779562,,,,20692,20691,1,0,0,20692,AxisTarget,1,True,True,True,True,-0.195251,-90.015755,89.852592,0.058234,87.96534,-0.172582,448.080109,1.444957,811.262939,-179.974945,2.370507,-179.948944,6449,False,True,
206,/kuka/axis_move/feedback_json,std_msgs/msg/String,2026-08-22T20:22:12.555879-04:00,1787444532,555866260,1787444532555866260,114.997002,,,,20693,20692,1,0,0,20693,AxisTarget,1,True,True,True,False,-0.197527,-90.015968,89.850906,0.058927,88.952248,-0.174457,446.683929,1.45645,811.23114,-179.975586,1.372078,-179.945328,6449,False,True,
207,/kuka/axis_move/feedback_json,std_msgs/msg/String,2026-08-22T20:22:12.671406-04:00,1787444532,671376695,1787444532671376695,115.510435,,,,20694,20693,1,0,0,20694,AxisTarget,1,True,True,True,False,-0.1979,-90.015999,89.8507,0.059,89.041199,-0.1746,446.33728,1.45929,811.22699,-179.975739,1.124279,-179.944412,6449,False,True,
208,/kuka/axis_move/feedback_json,std_msgs/msg/String,2026-08-22T20:22:12.864001-04:00,1787444532,863960420,1787444532863960420,192.583725,,,,20695,20694,1,0,0,20695,AxisTarget,1,True,True,True,False,-0.1979,-90.015999,89.8507,0.059,89.041199,-0.1746,446.33728,1.45929,811.22699,-179.975739,1.124274,-179.944412,6450,False,True,
209,/kuka/axis_move/feedback_json,std_msgs/msg/String,2026-08-22T20:22:12.968721-04:00,1787444532,968714765,1787444532968714765,104.754345,,,,20696,20695,1,0,0,20696,AxisTarget,1,True,True,True,True,-0.198186,-90.016014,89.850403,0.059157,89.262405,-0.175082,446.224091,1.46018,811.225952,-179.9758,1.04331,-179.944107,6450,False,True,
210,/kuka/axis_move/feedback_json,std_msgs/msg/String,2026-08-22T20:22:13.081009-04:00,1787444533,80999527,1787444533080999527,112.284762,,,,20697,20696,1,0,0,20697,AxisTarget,1,True,True,True,False,-0.199686,-90.016098,89.849243,0.059685,89.900978,-0.176282,445.228912,1.467987,811.223572,-179.976349,0.331601,-179.941376,6450,False,True,
211,/kuka/axis_move/feedback_json,std_msgs/msg/String,2026-08-22T20:22:13.191773-04:00,1787444533,191759533,1787444533191759533,110.760006,,,,20698,20697,1,0,0,20698,AxisTarget,1,True,True,True,False,-0.1998,-90.016098,89.849197,0.0597,89.914497,-0.1763,445.118439,1.468852,811.224121,-179.97641,0.252586,-179.941071,6450,False,True,
212,/kuka/axis_move/feedback_json,std_msgs/msg/String,2026-08-22T20:22:13.376957-04:00,1787444533,376949438,1787444533376949438,185.189905,,,,20699,20698,1,0,0,20699,AxisTarget,1,True,True,True,True,-0.1998,-90.016098,89.849197,0.0597,89.914742,-0.176301,445.118439,1.468852,811.224121,-179.97641,0.252586,-179.941071,6451,False,True,
213,/kuka/axis_move/feedback_json,std_msgs/msg/String,2026-08-22T20:22:13.484848-04:00,1787444533,484837133,1787444533484837133,107.887695,,,,20700,20699,1,0,0,20700,AxisTarget,1,True,True,True,False,-0.200306,-90.016174,89.848793,0.059869,90.178009,-0.176843,444.856354,1.471158,811.226074,-179.976547,0.065422,-179.940384,6451,False,True,
214,/kuka/axis_move/feedback_json,std_msgs/msg/String,2026-08-22T20:22:13.670382-04:00,1787444533,670373196,1787444533670373196,185.536063,,,,20701,20700,1,0,0,20701,AxisTarget,1,True,True,True,False,-0.2005,-90.016197,89.848701,0.0599,90.214798,-0.1769,444.698792,1.472543,811.227722,-179.976624,-0.047117,-179.939957,6452,False,True,
215,/kuka/axis_move/feedback_json,std_msgs/msg/String,2026-08-22T20:22:13.785109-04:00,1787444533,785090335,1787444533785090335,114.717139,,,,20702,20701,1,0,0,20702,AxisTarget,1,True,True,True,True,-0.2005,-90.016197,89.848701,0.0599,90.214996,-0.1769,444.698517,1.472542,811.227722,-179.976624,-0.047315,-179.939957,6452,False,True,
216,/kuka/axis_move/feedback_json,std_msgs/msg/String,2026-08-22T20:22:13.972603-04:00,1787444533,972589916,1787444533972589916,187.499581,,,,20703,20702,1,0,0,20703,AxisTarget,1,True,True,True,False,-0.2005,-90.016197,89.848701,0.0599,90.214996,-0.1769,444.698517,1.472542,811.227722,-179.976624,-0.047315,-179.939957,6453,False,True,
217,/kuka/axis_move/feedback_json,std_msgs/msg/String,2026-08-22T20:22:14.084939-04:00,1787444534,84930934,1787444534084930934,112.341018,,,,20704,20703,1,0,0,20704,AxisTarget,1,True,True,True,True,-0.2005,-90.016197,89.848701,0.0599,90.214996,-0.1769,444.698517,1.472542,811.227722,-179.976624,-0.047315,-179.939957,6453,False,True,
218,/kuka/axis_move/feedback_json,std_msgs/msg/String,2026-08-22T20:22:14.275249-04:00,1787444534,275172462,1787444534275172462,190.241528,,,,20705,20704,1,0,0,20705,AxisTarget,1,True,True,True,False,-0.2005,-90.016197,89.848701,0.0599,90.214996,-0.1769,444.698517,1.472542,811.227722,-179.976624,-0.047315,-179.939957,6454,False,True,
219,/kuka/axis_move/feedback_json,std_msgs/msg/String,2026-08-22T20:22:14.389248-04:00,1787444534,389232550,1787444534389232550,114.060088,,,,20706,20705,1,0,0,20706,AxisTarget,1,True,True,True,True,-0.203361,-90.009125,89.851036,0.059925,90.193604,-0.187761,444.716614,1.481099,811.208557,-179.976624,-0.04732,-179.939941,6454,False,True,
220,/kuka/axis_move/feedback_json,std_msgs/msg/String,2026-08-22T20:22:14.574706-04:00,1787444534,574686320,1787444534574686320,185.45377,,,,20707,20706,1,0,0,20707,AxisTarget,1,True,True,True,False,-0.319069,-89.790405,89.907265,0.060398,89.929039,-0.297777,446.632813,2.393123,809.171936,-179.97702,-0.047866,-179.939362,6455,False,True,
221,/kuka/axis_move/feedback_json,std_msgs/msg/String,2026-08-22T20:22:14.689238-04:00,1787444534,689216880,1787444534689216880,114.53056,,,,20708,20707,1,0,0,20708,AxisTarget,1,True,True,True,False,-0.3208,-89.788002,89.9077,0.0604,89.928497,-0.2979,446.681915,2.41667,809.119446,-179.97702,-0.04788,-179.939346,6455,False,True,
222,/kuka/axis_move/feedback_json,std_msgs/msg/String,2026-08-22T20:22:14.804866-04:00,1787444534,804854002,1787444534804854002,115.637122,,,,20709,20708,1,0,0,20709,AxisTarget,1,True,True,True,True,-0.325574,-89.776642,89.911324,0.060445,89.902725,-0.310822,446.729004,2.439267,809.069153,-179.977036,-0.047891,-179.939331,6455,False,True,
223,/kuka/axis_move/feedback_json,std_msgs/msg/String,2026-08-22T20:22:14.917032-04:00,1787444534,917006627,1787444534917006627,112.152625,,,,20710,20709,1,0,0,20710,AxisTarget,1,True,True,True,False,-0.447287,-89.534508,89.976753,0.06114,89.557823,-0.461769,448.415527,3.253598,807.259399,-179.97731,-0.048265,-179.938736,6455,False,True,
224,/kuka/axis_move/feedback_json,std_msgs/msg/String,2026-08-22T20:22:15.105476-04:00,1787444535,105446591,1787444535105446591,188.439964,,,,20711,20710,1,0,0,20711,AxisTarget,1,True,True,True,False,-0.67376,-89.116043,90.081886,0.062179,89.077255,-0.657917,452.377441,5.208391,802.944763,-179.977966,-0.049145,-179.937302,6456,False,True,
225,/kuka/axis_move/feedback_json,std_msgs/msg/String,2026-08-22T20:22:15.294442-04:00,1787444535,294405176,1787444535294405176,188.958585,,,,20712,20711,1,0,0,20712,AxisTarget,1,True,True,True,False,-0.6816,-89.103699,90.084503,0.0622,89.069099,-0.660601,452.554352,5.297072,802.749939,-179.977997,-0.049184,-179.937241,6457,False,True,
226,/kuka/axis_move/feedback_json,std_msgs/msg/String,2026-08-22T20:22:15.410885-04:00,1787444535,410869999,1787444535410869999,116.464823,,,,20713,20712,1,0,0,20713,AxisTarget,1,True,True,True,True,-0.708052,-89.04715,90.100876,0.062379,88.960823,-0.710789,452.839081,5.440053,802.436096,-179.978043,-0.049252,-179.937134,6457,False,True,
227,/kuka/axis_move/feedback_json,std_msgs/msg/String,2026-08-22T20:22:15.524757-04:00,1787444535,524749880,1787444535524749880,113.879881,,,,20714,20713,1,0,0,20714,AxisTarget,1,True,True,True,False,-0.89354,-88.683876,90.197678,0.06336,88.473267,-0.921891,455.65683,6.872004,799.303955,-179.978531,-0.049924,-179.936142,6457,False,True,
228,/kuka/axis_move/feedback_json,std_msgs/msg/String,2026-08-22T20:22:15.636999-04:00,1787444535,636989388,1787444535636989388,112.239508,,,,20715,20714,1,0,0,20715,AxisTarget,1,True,True,True,False,-1.142679,-88.216866,90.316833,0.064515,87.911034,-1.15542,459.569427,8.912486,794.875061,-179.979187,-0.05086,-179.934723,6457,False,True,
229,/kuka/axis_move/feedback_json,std_msgs/msg/String,2026-08-22T20:22:15.816810-04:00,1787444535,816798894,1787444535816798894,179.809506,,,,20716,20715,1,0,0,20716,AxisTarget,1,True,True,True,False,-1.28282,-87.963264,90.379288,0.0651,87.636688,-1.265308,462.074615,10.251741,791.988892,-179.979614,-0.051459,-179.933807,6458,False,True,
230,/kuka/axis_move/feedback_json,std_msgs/msg/String,2026-08-22T20:22:15.936396-04:00,1787444535,936365488,1787444535936365488,119.566594,,,,20717,20716,1,0,0,20717,AxisTarget,1,True,True,True,False,-1.283,-87.963097,90.379303,0.0651,87.636703,-1.2653,462.086578,10.258195,791.974976,-179.979614,-0.051462,-179.933807,6458,False,True,
231,/kuka/axis_move/feedback_json,std_msgs/msg/String,2026-08-22T20:22:16.117218-04:00,1787444536,117205395,1787444536117205395,180.839907,,,,20718,20717,1,0,0,20718,AxisTarget,1,True,True,True,True,-1.283,-87.963097,90.379303,0.0651,87.636703,-1.2653,462.086578,10.258195,791.974976,-179.979614,-0.051462,-179.933807,6459,False,True,
232,/kuka/axis_move/feedback_json,std_msgs/msg/String,2026-08-22T20:22:16.230895-04:00,1787444536,230887866,1787444536230887866,113.682471,,,,20719,20718,1,0,0,20719,AxisTarget,1,True,True,True,True,-1.28375,-87.960983,90.380081,0.06511,87.629776,-1.269112,462.091034,10.260605,791.969849,-179.979614,-0.051463,-179.933807,6459,False,True,
233,/kuka/axis_move/feedback_json,std_msgs/msg/String,2026-08-22T20:22:16.353355-04:00,1787444536,353333824,1787444536353333824,122.445958,,,,20720,20719,1,0,0,20720,AxisTarget,1,True,True,True,False,-1.370981,-87.78437,90.428665,0.06561,87.364449,-1.387386,463.183472,10.852862,790.698486,-179.979797,-0.051715,-179.933411,6459,False,True,
234,/kuka/axis_move/feedback_json,std_msgs/msg/String,2026-08-22T20:22:16.464991-04:00,1787444536,464975532,1787444536464975532,111.641708,,,,20721,20720,1,0,0,20721,AxisTarget,1,True,True,True,False,-1.637935,-87.267952,90.564636,0.066951,86.68132,-1.680035,467.032562,12.980227,786.155945,-179.980423,-0.052605,-179.931992,6459,False,True,
235,/kuka/axis_move/feedback_json,std_msgs/msg/String,2026-08-22T20:22:16.645116-04:00,1787444536,645106882,1787444536645106882,180.13135,,,,20722,20721,1,0,0,20722,AxisTarget,1,True,True,True,False,-2.036842,-86.523613,90.753777,0.068752,85.79451,-2.047431,473.4151,16.652657,778.396912,-179.981415,-0.054084,-179.929611,6460,False,True,
236,/kuka/axis_move/feedback_json,std_msgs/msg/String,2026-08-22T20:22:16.758986-04:00,1787444536,758978808,1787444536758978808,113.871926,,,,20723,20722,1,0,0,20723,AxisTarget,1,True,True,True,False,-2.120296,-86.373283,90.790581,0.069092,85.634201,-2.110938,474.780487,17.462688,776.698608,-179.981613,-0.054401,-179.929092,6460,False,True,
237,/kuka/axis_move/feedback_json,std_msgs/msg/String,2026-08-22T20:22:16.936661-04:00,1787444536,936653466,1787444536936653466,177.674658,,,,20724,20723,1,0,0,20724,AxisTarget,1,True,True,True,False,-2.1249,-86.366302,90.792,0.0691,85.631302,-2.111803,474.882446,17.52354,776.571228,-179.981628,-0.054425,-179.929047,6461,False,True,
238,/kuka/axis_move/feedback_json,std_msgs/msg/String,2026-08-22T20:22:17.048792-04:00,1787444537,48781465,1787444537048781465,112.127999,,,,20725,20724,1,0,0,20725,AxisTarget,1,True,True,True,True,-2.148697,-86.315079,90.806923,0.069264,85.540825,-2.158472,475.149597,17.683197,776.237122,-179.981674,-0.054488,-179.928955,6461,False,True,
239,/kuka/axis_move/feedback_json,std_msgs/msg/String,2026-08-22T20:22:17.164765-04:00,1787444537,164753305,1787444537164753305,115.97184,,,,20726,20725,1,0,0,20726,AxisTarget,1,True,True,True,False,-2.332047,-85.955154,90.903069,0.070237,85.043022,-2.370701,477.527222,19.119324,773.239319,-179.982025,-0.055048,-179.928024,6461,False,True,
240,/kuka/axis_move/feedback_json,std_msgs/msg/String,2026-08-22T20:22:17.277263-04:00,1787444537,277227223,1787444537277227223,112.473918,,,,20727,20726,1,0,0,20727,AxisTarget,1,True,True,True,False,-2.68097,-85.287994,91.07666,0.071949,84.19017,-2.732102,482.42804,22.168091,766.919006,-179.982727,-0.056205,-179.926102,6461,False,True,
241,/kuka/axis_move/feedback_json,std_msgs/msg/String,2026-08-22T20:22:17.461144-04:00,1787444537,461131641,1787444537461131641,183.904418,,,,20728,20727,1,0,0,20728,AxisTarget,1,True,True,True,False,-3.10111,-84.504173,91.275826,0.073868,83.254982,-3.119955,488.649994,26.219929,758.603271,-179.983582,-0.057684,-179.923599,6462,False,True,
242,/kuka/axis_move/feedback_json,std_msgs/msg/String,2026-08-22T20:22:17.573373-04:00,1787444537,573354167,1787444537573354167,112.222526,,,,20729,20728,1,0,0,20729,AxisTarget,1,True,True,True,False,-3.19985,-84.325089,91.319984,0.07428,83.060829,-3.197627,490.197632,27.260944,756.481079,-179.983795,-0.058053,-179.922958,6462,False,True,
243,/kuka/axis_move/feedback_json,std_msgs/msg/String,2026-08-22T20:22:17.767335-04:00,1787444537,767310696,1787444537767310696,193.956529,,,,20730,20729,1,0,0,20730,AxisTarget,1,True,True,True,False,-3.2074,-84.313202,91.322502,0.0743,83.053001,-3.200201,490.367737,27.376204,756.24646,-179.98381,-0.058093,-179.922897,6463,False,True,
244,/kuka/axis_move/feedback_json,std_msgs/msg/String,2026-08-22T20:22:17.880840-04:00,1787444537,880827708,1787444537880827708,113.517012,,,,20731,20730,1,0,0,20731,AxisTarget,1,True,True,True,True,-3.234813,-84.254593,91.33947,0.074487,82.940781,-3.252219,490.658844,27.57382,755.844299,-179.983856,-0.058163,-179.922775,6463,False,True,
245,/kuka/axis_move/feedback_json,std_msgs/msg/String,2026-08-22T20:22:17.997102-04:00,1787444537,997096885,1787444537997096885,116.269177,,,,20732,20731,1,0,0,20732,AxisTarget,1,True,True,True,False,-3.427448,-83.876877,91.440277,0.075513,82.430397,-3.473977,492.98996,29.174126,752.594788,-179.984161,-0.058723,-179.921799,6463,False,True,
246,/kuka/axis_move/feedback_json,std_msgs/msg/String,2026-08-22T20:22:18.112461-04:00,1787444538,112447762,1787444538112447762,115.350877,,,,20733,20732,1,0,0,20733,AxisTarget,1,True,True,True,False,-3.784975,-83.190231,91.626816,0.077372,81.506783,-3.866963,497.788239,32.571327,745.73645,-179.984772,-0.059882,-179.919769,6463,False,True,
247,/kuka/axis_move/feedback_json,std_msgs/msg/String,2026-08-22T20:22:18.289086-04:00,1787444538,289075038,1787444538289075038,176.627276,,,,20734,20733,1,0,0,20734,AxisTarget,1,True,True,True,False,-4.31096,-82.204903,91.871223,0.079753,80.350128,-4.348666,504.791748,37.796738,735.283264,-179.985611,-0.06159,-179.916718,6464,False,True,
248,/kuka/axis_move/feedback_json,std_msgs/msg/String,2026-08-22T20:22:18.475968-04:00,1787444538,475952867,1787444538475952867,186.877829,,,,20735,20734,1,0,0,20735,AxisTarget,1,True,True,True,False,-4.52451,-81.813019,91.969109,0.080685,79.907333,-4.528699,507.663422,40.038013,730.831726,-179.985931,-0.062296,-179.915421,6465,False,True,
249,/kuka/axis_move/feedback_json,std_msgs/msg/String,2026-08-22T20:22:18.660917-04:00,1787444538,660911531,1787444538660911531,184.958664,,,,20736,20735,1,0,0,20736,AxisTarget,1,True,True,True,False,-4.5304,-81.803902,91.971001,0.0807,79.901703,-4.5305,507.769745,40.122158,730.664917,-179.985947,-0.062322,-179.915375,6466,False,True,
250,/kuka/axis_move/feedback_json,std_msgs/msg/String,2026-08-22T20:22:18.770660-04:00,1787444538,770650365,1787444538770650365,109.738834,,,,20737,20736,1,0,0,20737,AxisTarget,1,True,True,True,True,-4.551893,-81.757286,91.984673,0.080851,79.81781,-4.569946,507.96994,40.280827,730.350525,-179.985962,-0.062372,-179.915283,6466,False,True,
251,/kuka/axis_move/feedback_json,std_msgs/msg/String,2026-08-22T20:22:18.882004-04:00,1787444538,881995228,1787444538881995228,111.344863,,,,20738,20737,1,0,0,20738,AxisTarget,1,True,True,True,False,-4.725171,-81.416504,92.07589,0.081775,79.344078,-4.776349,509.960999,41.875515,727.195496,-179.98616,-0.062868,-179.914398,6466,False,True,
252,/kuka/axis_move/feedback_json,std_msgs/msg/String,2026-08-22T20:22:18.992860-04:00,1787444538,992847928,1787444538992847928,110.8527,,,,20739,20738,1,0,0,20739,AxisTarget,1,True,True,True,False,-5.075814,-80.740181,92.253548,0.083541,78.454102,-5.157373,513.896423,45.11903,720.803772,-179.986526,-0.063854,-179.912598,6466,False,True,
253,/kuka/axis_move/feedback_json,std_msgs/msg/String,2026-08-22T20:22:19.188802-04:00,1787444539,188795608,1787444539188795608,195.94768,,,,20740,20739,1,0,0,20740,AxisTarget,1,True,True,True,False,-5.719588,-79.52951,92.563675,0.08655,76.97551,-5.775268,521.584778,51.837505,707.661072,-179.987137,-0.065813,-179.908951,6467,False,True,
254,/kuka/axis_move/feedback_json,std_msgs/msg/String,2026-08-22T20:22:19.302980-04:00,1787444539,302970673,1787444539302970673,114.175065,,,,20741,20740,1,0,0,20741,AxisTarget,1,True,True,True,False,-5.952867,-79.095093,92.673874,0.087609,76.460136,-5.988567,524.344604,54.384762,702.708191,-179.987335,-0.066528,-179.907608,6467,False,True,
255,/kuka/axis_move/feedback_json,std_msgs/msg/String,2026-08-22T20:22:19.413080-04:00,1787444539,413058311,1787444539413058311,110.087638,,,,20742,20741,1,0,0,20742,AxisTarget,1,True,True,True,False,-6.058808,-78.90181,92.721855,0.088066,76.243279,-6.075905,525.67218,55.63776,700.277222,-179.987411,-0.066874,-179.906937,6467,False,True,
256,/kuka/axis_move/feedback_json,std_msgs/msg/String,2026-08-22T20:22:19.600698-04:00,1787444539,600689912,1787444539600689912,187.631601,,,,20743,20742,1,0,0,20743,AxisTarget,1,True,True,True,False,-6.0724,-78.879501,92.726799,0.0881,76.229103,-6.0808,525.866272,55.822552,699.919006,-179.987427,-0.066925,-179.906845,6468,False,True,
257,/kuka/axis_move/feedback_json,std_msgs/msg/String,2026-08-22T20:22:19.711986-04:00,1787444539,711956959,1787444539711956959,111.267047,,,,20744,20743,1,0,0,20744,AxisTarget,1,True,True,True,True,-6.088727,-78.843468,92.737534,0.08822,76.161377,-6.113028,525.994385,55.944687,699.682312,-179.987442,-0.066959,-179.906784,6468,False,True,
258,/kuka/axis_move/feedback_json,std_msgs/msg/String,2026-08-22T20:22:19.824106-04:00,1787444539,824094297,1787444539824094297,112.137338,,,,20745,20744,1,0,0,20745,AxisTarget,1,True,True,True,False,-6.243257,-78.520912,92.824104,0.0891,75.709595,-6.310303,527.537415,57.429924,696.805908,-179.987549,-0.067364,-179.906006,6468,False,True,
259,/kuka/axis_move/feedback_json,std_msgs/msg/String,2026-08-22T20:22:19.937278-04:00,1787444539,937270350,1787444539937270350,113.176053,,,,20746,20745,1,0,0,20746,AxisTarget,1,True,True,True,False,-6.612517,-77.825493,93.006889,0.090921,74.792664,-6.70315,531.158264,61.020901,689.869507,-179.987778,-0.068326,-179.90416,6468,False,True,
260,/kuka/axis_move/feedback_json,std_msgs/msg/String,2026-08-22T20:22:20.129115-04:00,1787444540,129108141,1787444540129108141,191.837791,,,,20747,20746,1,0,0,20747,AxisTarget,1,True,True,True,False,-7.258696,-76.609428,93.318573,0.09395,73.304802,-7.325311,537.93634,68.185135,676.09729,-179.988113,-0.070173,-179.900574,6469,False,True,
261,/kuka/axis_move/feedback_json,std_msgs/msg/String,2026-08-22T20:22:20.320451-04:00,1787444540,320413805,1787444540320413805,191.305664,,,,20748,20747,1,0,0,20748,AxisTarget,1,True,True,True,False,-7.604994,-75.965675,93.48156,0.095515,72.54567,-7.638814,541.34552,72.036278,668.724304,-179.988235,-0.07113,-179.898682,6470,False,True,
262,/kuka/axis_move/feedback_json,std_msgs/msg/String,2026-08-22T20:22:20.428762-04:00,1787444540,428751325,1787444540428751325,108.33752,,,,20749,20748,1,0,0,20749,AxisTarget,1,True,True,True,False,-7.653871,-75.879738,93.502068,0.0957,72.461609,-7.671202,541.908508,72.689995,667.474548,-179.988251,-0.07129,-179.898376,6470,False,True,
263,/kuka/axis_move/feedback_json,std_msgs/msg/String,2026-08-22T20:22:20.612642-04:00,1787444540,612635757,1787444540612635757,183.884432,,,,20750,20749,1,0,0,20750,AxisTarget,1,True,True,True,True,-7.6541,-75.879501,93.502098,0.0957,72.461601,-7.6712,541.916626,72.699417,667.456543,-179.988251,-0.071292,-179.898361,6471,False,True,
264,/kuka/axis_move/feedback_json,std_msgs/msg/String,2026-08-22T20:22:20.724986-04:00,1787444540,724968200,1787444540724968200,112.332443,,,,20751,20750,1,0,0,20751,AxisTarget,1,True,True,True,False,-7.6541,-75.879501,93.502098,0.0957,72.461601,-7.6712,541.916626,72.699417,667.456543,-179.988251,-0.071292,-179.898361,6471,False,True,
265,/kuka/axis_move/feedback_json,std_msgs/msg/String,2026-08-22T20:22:20.834044-04:00,1787444540,834029525,1787444540834029525,109.061325,,,,20752,20751,1,0,0,20752,AxisTarget,1,True,True,True,True,-7.65462,-75.87796,93.502693,0.095708,72.455971,-7.674373,541.918213,72.701271,667.453003,-179.988251,-0.071292,-179.898361,6471,False,True,
266,/kuka/axis_move/feedback_json,std_msgs/msg/String,2026-08-22T20:22:20.946698-04:00,1787444540,946687448,1787444540946687448,112.657923,,,,20753,20752,1,0,0,20753,AxisTarget,1,True,True,True,False,-7.730678,-75.710777,93.548912,0.096192,72.201218,-7.788413,542.522095,73.408546,666.101501,-179.988266,-0.071465,-179.898026,6471,False,True,
267,/kuka/axis_move/feedback_json,std_msgs/msg/String,2026-08-22T20:22:21.133109-04:00,1787444541,133091140,1787444541133091140,186.403692,,,,20754,20753,1,0,0,20754,AxisTarget,1,True,True,True,False,-8.266318,-74.688408,93.817642,0.098875,70.853325,-8.36578,547.020081,78.880997,655.661194,-179.988281,-0.072778,-179.895416,6472,False,True,
268,/kuka/axis_move/feedback_json,std_msgs/msg/String,2026-08-22T20:22:21.321045-04:00,1787444541,321025649,1787444541321025649,187.934509,,,,20755,20754,1,0,0,20755,AxisTarget,1,True,True,True,False,-8.892614,-73.512115,94.118591,0.1018,69.421066,-8.963885,552.426025,86.003761,642.107422,-179.98819,-0.074425,-179.89212,6473,False,True,
269,/kuka/axis_move/feedback_json,std_msgs/msg/String,2026-08-22T20:22:21.436457-04:00,1787444541,436432171,1787444541436432171,115.406522,,,,20756,20755,1,0,0,20756,AxisTarget,1,True,True,True,False,-9.112109,-73.103287,94.222313,0.102799,68.935814,-9.164748,554.31073,88.651604,637.075806,-179.988113,-0.075021,-179.89093,6473,False,True,
270,/kuka/axis_move/feedback_json,std_msgs/msg/String,2026-08-22T20:22:21.546849-04:00,1787444541,546827125,1787444541546827125,110.394954,,,,20757,20756,1,0,0,20757,AxisTarget,1,True,True,True,False,-9.220083,-72.906158,94.271271,0.103261,68.717133,-9.252991,555.192993,89.924149,634.65863,-179.988083,-0.075305,-179.890366,6473,False,True,
271,/kuka/axis_move/feedback_json,std_msgs/msg/String,2026-08-22T20:22:21.735615-04:00,1787444541,735603532,1787444541735603532,188.776407,,,,20758,20757,1,0,0,20758,AxisTarget,1,True,True,True,False,-9.2331,-72.884804,94.276001,0.1033,68.700798,-9.2587,555.34021,90.138611,634.251282,-179.988068,-0.075353,-179.890259,6474,False,True,
272,/kuka/axis_move/feedback_json,std_msgs/msg/String,2026-08-22T20:22:21.844619-04:00,1787444541,844607951,1787444541844607951,109.004419,,,,20759,20758,1,0,0,20759,AxisTarget,1,True,True,True,True,-9.250024,-72.847458,94.287132,0.103426,68.6306,-9.292103,555.433105,90.274277,633.993591,-179.988068,-0.075382,-179.890198,6474,False,True,
273,/kuka/axis_move/feedback_json,std_msgs/msg/String,2026-08-22T20:22:21.960655-04:00,1787444541,960639223,1787444541960639223,116.031272,,,,20760,20759,1,0,0,20760,AxisTarget,1,True,True,True,False,-9.410163,-72.531334,94.372032,0.104296,68.186943,-9.485938,556.547485,91.921722,630.865112,-179.988007,-0.075743,-179.889465,6474,False,True,
274,/kuka/axis_move/feedback_json,std_msgs/msg/String,2026-08-22T20:22:22.072806-04:00,1787444542,72799865,1787444542072799865,112.160642,,,,20761,20760,1,0,0,20761,AxisTarget,1,True,True,True,False,-9.773516,-71.83136,94.555611,0.106136,67.23542,-9.892104,559.116821,95.870171,623.369019,-179.987854,-0.076595,-179.887726,6474,False,True,
275,/kuka/axis_move/feedback_json,std_msgs/msg/String,2026-08-22T20:22:22.262942-04:00,1787444542,262928535,1787444542262928535,190.12867,,,,20762,20761,1,0,0,20762,AxisTarget,1,True,True,True,False,-10.353865,-70.741913,94.834206,0.108859,65.946404,-10.438516,563.086731,102.449806,610.877869,-179.987503,-0.077982,-179.884903,6475,False,True,
276,/kuka/axis_move/feedback_json,std_msgs/msg/String,2026-08-22T20:22:22.372938-04:00,1787444542,372925194,1787444542372925194,109.996659,,,,20763,20762,1,0,0,20763,AxisTarget,1,True,True,True,False,-10.562413,-70.354034,94.932472,0.10981,65.488136,-10.619407,564.496948,104.953186,606.123352,-179.98735,-0.0785,-179.88385,6475,False,True,
277,/kuka/axis_move/feedback_json,std_msgs/msg/String,2026-08-22T20:22:22.484986-04:00,1787444542,484978214,1787444542484978214,112.05302,,,,20764,20763,1,0,0,20764,AxisTarget,1,True,True,True,False,-10.651478,-70.19268,94.972221,0.110184,65.313843,-10.689037,565.125366,106.101028,603.942688,-179.987259,-0.078736,-179.883362,6475,False,True,
278,/kuka/axis_move/feedback_json,std_msgs/msg/String,2026-08-22T20:22:22.671481-04:00,1787444542,671475111,1787444542671475111,186.496897,,,,20765,20764,1,0,0,20765,AxisTarget,1,True,True,True,False,-10.6578,-70.1828,94.974297,0.1102,65.307503,-10.691101,565.190125,106.220444,603.71582,-179.987259,-0.07876,-179.883316,6476,False,True,
279,/kuka/axis_move/feedback_json,std_msgs/msg/String,2026-08-22T20:22:22.785191-04:00,1787444542,785184774,1787444542785184774,113.709663,,,,20766,20765,1,0,0,20766,AxisTarget,1,True,True,True,True,-10.687704,-70.118866,94.992805,0.110402,65.196503,-10.742775,565.312927,106.447617,603.284119,-179.987244,-0.078809,-179.883224,6476,False,True,
280,/kuka/axis_move/feedback_json,std_msgs/msg/String,2026-08-22T20:22:22.900727-04:00,1787444542,900714577,1787444542900714577,115.529803,,,,20767,20766,1,0,0,20767,AxisTarget,1,True,True,True,False,-10.887072,-69.727722,95.097244,0.111461,64.656395,-10.977646,566.392639,108.481644,599.41803,-179.987122,-0.079237,-179.882385,6476,False,True,
281,/kuka/axis_move/feedback_json,std_msgs/msg/String,2026-08-22T20:22:23.013435-04:00,1787444543,13406705,1787444543013406705,112.692128,,,,20768,20767,1,0,0,20768,AxisTarget,1,True,True,True,False,-11.257434,-69.021706,95.280434,0.113265,63.76178,-11.355671,568.477417,112.613647,591.558105,-179.986832,-0.080099,-179.880707,6476,False,True,
282,/kuka/axis_move/feedback_json,std_msgs/msg/String,2026-08-22T20:22:23.200915-04:00,1787444543,200908946,1787444543200908946,187.502241,,,,20769,20768,1,0,0,20769,AxisTarget,1,True,True,True,False,-11.694861,-68.203819,95.488747,0.115281,62.765453,-11.769847,570.900879,117.82309,581.632935,-179.98642,-0.081171,-179.878647,6477,False,True,
283,/kuka/axis_move/feedback_json,std_msgs/msg/String,2026-08-22T20:22:23.384752-04:00,1787444543,384740169,1787444543384740169,183.831223,,,,20770,20769,1,0,0,20770,AxisTarget,1,True,True,True,False,-11.841331,-67.937592,95.554642,0.1159,62.487141,-11.8817,571.726013,119.717278,578.018799,-179.986252,-0.081557,-179.877899,6478,False,True,
284,/kuka/axis_move/feedback_json,std_msgs/msg/String,2026-08-22T20:22:23.568702-04:00,1787444543,568691778,1787444543568691778,183.951609,,,,20771,20770,1,0,0,20771,AxisTarget,1,True,True,True,True,-11.8419,-67.936897,95.554703,0.1159,62.487099,-11.8817,571.731812,119.730766,577.993042,-179.986252,-0.08156,-179.877899,6479,False,True,
285,/kuka/axis_move/feedback_json,std_msgs/msg/String,2026-08-22T20:22:23.684846-04:00,1787444543,684834370,1787444543684834370,116.142592,,,,20772,20771,1,0,0,20772,AxisTarget,1,True,True,True,False,-11.8419,-67.936897,95.554703,0.1159,62.487099,-11.8817,571.731812,119.730766,577.993042,-179.986252,-0.08156,-179.877899,6479,False,True,
286,/kuka/axis_move/feedback_json,std_msgs/msg/String,2026-08-22T20:22:23.799824-04:00,1787444543,799816277,1787444543799816277,114.981907,,,,20773,20772,1,0,0,20773,AxisTarget,1,True,True,True,True,-11.842443,-67.935287,95.555321,0.115909,62.48122,-11.885015,571.732239,119.731766,577.99115,-179.986252,-0.08156,-179.877899,6479,False,True,
287,/kuka/axis_move/feedback_json,std_msgs/msg/String,2026-08-22T20:22:23.910936-04:00,1787444543,910927543,1787444543910927543,111.111266,,,,20774,20773,1,0,0,20774,AxisTarget,1,True,True,True,False,-11.928189,-67.760742,95.603584,0.116409,62.215252,-12.004074,572.09021,120.575775,576.3797,-179.986176,-0.081723,-179.877579,6479,False,True,
288,/kuka/axis_move/feedback_json,std_msgs/msg/String,2026-08-22T20:22:24.024911-04:00,1787444544,24902755,1787444544024902755,113.975212,,,,20775,20774,1,0,0,20775,AxisTarget,1,True,True,True,False,-12.201678,-67.208496,95.748878,0.117847,61.486568,-12.315929,573.31311,123.570457,570.656616,-179.985916,-0.082301,-179.876434,6479,False,True,
289,/kuka/axis_move/feedback_json,std_msgs/msg/String,2026-08-22T20:22:24.209196-04:00,1787444544,209183871,1787444544209183871,184.281116,,,,20776,20775,1,0,0,20776,AxisTarget,1,True,True,True,False,-12.637027,-66.41684,95.950584,0.119781,60.534931,-12.71157,575.231262,128.683182,560.86322,-179.985413,-0.083279,-179.874542,6480,False,True,
290,/kuka/axis_move/feedback_json,std_msgs/msg/String,2026-08-22T20:22:24.320958-04:00,1787444544,320949614,1787444544320949614,111.765743,,,,20777,20776,1,0,0,20777,AxisTarget,1,True,True,True,False,-12.764087,-66.183472,96.008926,0.120329,60.270626,-12.819086,575.758972,130.198624,557.954285,-179.98526,-0.083568,-179.873993,6480,False,True,
291,/kuka/axis_move/feedback_json,std_msgs/msg/String,2026-08-22T20:22:24.511454-04:00,1787444544,511420366,1787444544511420366,190.470752,,,,20778,20777,1,0,0,20778,AxisTarget,1,True,True,True,False,-12.7854,-66.1474,96.017197,0.1204,60.2397,-12.8304,575.872253,130.531006,557.315857,-179.985229,-0.083631,-179.873871,6481,False,True,
292,/kuka/axis_move/feedback_json,std_msgs/msg/String,2026-08-22T20:22:24.619680-04:00,1787444544,619668008,1787444544619668008,108.247642,,,,20779,20778,1,0,0,20779,AxisTarget,1,True,True,True,True,-12.790925,-66.134254,96.021393,0.12045,60.209877,-12.845357,575.885132,130.568985,557.24292,-179.985229,-0.083639,-179.873856,6481,False,True,
293,/kuka/axis_move/feedback_json,std_msgs/msg/String,2026-08-22T20:22:24.736206-04:00,1787444544,736185151,1787444544736185151,116.517143,,,,20780,20779,1,0,0,20780,AxisTarget,1,True,True,True,False,-12.932303,-65.852448,96.097771,0.121239,59.804245,-13.023834,576.340088,131.933334,554.620972,-179.985062,-0.083909,-179.873352,6481,False,True,
294,/kuka/axis_move/feedback_json,std_msgs/msg/String,2026-08-22T20:22:24.852699-04:00,1787444544,852686956,1787444544852686956,116.501805,,,,20781,20780,1,0,0,20781,AxisTarget,1,True,True,True,False,-13.213672,-65.318954,96.235435,0.122593,59.140038,-13.302703,577.34668,135.128235,548.470825,-179.984665,-0.084542,-179.872192,6481,False,True,
295,/kuka/axis_move/feedback_json,std_msgs/msg/String,2026-08-22T20:22:25.032602-04:00,1787444545,32592446,1787444545032592446,179.90549,,,,20782,20781,1,0,0,20782,AxisTarget,1,True,True,True,False,-13.467305,-64.849876,96.353577,0.123729,58.595951,-13.526048,578.257263,138.273605,542.400879,-179.984268,-0.085162,-179.871063,6482,False,True,
296,/kuka/axis_move/feedback_json,std_msgs/msg/String,2026-08-22T20:22:25.224049-04:00,1787444545,224031623,1787444545224031623,191.439177,,,,20783,20782,1,0,0,20783,AxisTarget,1,True,True,True,False,-13.4885,-64.814003,96.361801,0.1238,58.565201,-13.5373,578.339661,138.572632,541.822998,-179.984222,-0.085221,-179.870956,6483,False,True,
297,/kuka/axis_move/feedback_json,std_msgs/msg/String,2026-08-22T20:22:25.410510-04:00,1787444545,410471684,1787444545410471684,186.440061,,,,20784,20783,1,0,0,20784,AxisTarget,1,True,True,True,True,-13.4885,-64.814003,96.361801,0.1238,58.565201,-13.5373,578.339661,138.572632,541.822998,-179.984222,-0.085221,-179.870956,6484,False,True,
298,/kuka/axis_move/feedback_json,std_msgs/msg/String,2026-08-22T20:22:25.516547-04:00,1787444545,516540384,1787444545516540384,106.0687,,,,20785,20784,1,0,0,20785,AxisTarget,1,True,True,True,True,-13.489359,-64.811584,96.362694,0.123812,58.557266,-13.541668,578.340698,138.57637,541.815735,-179.984222,-0.085222,-179.870956,6484,False,True,
299,/kuka/axis_move/feedback_json,std_msgs/msg/String,2026-08-22T20:22:25.633285-04:00,1787444545,633258675,1787444545633258675,116.718291,,,,20786,20785,1,0,0,20786,AxisTarget,1,True,True,True,False,-13.582406,-64.62278,96.414703,0.124349,58.272446,-13.66869,578.570923,139.425613,540.173523,-179.984131,-0.085375,-179.870667,6484,False,True,
300,/kuka/axis_move/feedback_json,std_msgs/msg/String,2026-08-22T20:22:25.744613-04:00,1787444545,744602187,1787444545744602187,111.343512,,,,20787,20786,1,0,0,20787,AxisTarget,1,True,True,True,False,-13.796751,-64.217155,96.519066,0.125356,57.757881,-13.883868,579.218933,141.94101,535.302063,-179.983841,-0.085826,-179.869812,6484,False,True,
301,/kuka/axis_move/feedback_json,std_msgs/msg/String,2026-08-22T20:22:25.930067-04:00,1787444545,930055610,1787444545930055610,185.453423,,,,20788,20787,1,0,0,20788,AxisTarget,1,True,True,True,False,-13.950201,-63.937786,96.588257,0.125999,57.463909,-14.002261,579.671631,143.828156,531.639832,-179.983627,-0.086165,-179.869186,6485,False,True,
302,/kuka/axis_move/feedback_json,std_msgs/msg/String,2026-08-22T20:22:26.048401-04:00,1787444546,48356886,1787444546048356886,118.301276,,,,20789,20788,1,0,0,20789,AxisTarget,1,True,True,True,False,-13.9509,-63.936901,96.588402,0.126,57.463699,-14.0023,579.676514,143.849243,531.598877,-179.983627,-0.086169,-179.869171,6485,False,True,
303,/kuka/axis_move/feedback_json,std_msgs/msg/String,2026-08-22T20:22:26.224782-04:00,1787444546,224775104,1787444546224775104,176.418218,,,,20790,20789,1,0,0,20790,AxisTarget,1,True,True,True,True,-13.9509,-63.936901,96.588402,0.126,57.463699,-14.0023,579.676514,143.849243,531.598877,-179.983627,-0.086169,-179.869171,6486,False,True,
304,/kuka/axis_move/feedback_json,std_msgs/msg/String,2026-08-22T20:22:26.337420-04:00,1787444546,337393003,1787444546337393003,112.617899,,,,20791,20790,1,0,0,20791,AxisTarget,1,True,True,True,True,-13.95108,-63.936275,96.588821,0.126006,57.459366,-14.004815,579.676636,143.84967,531.598022,-179.983627,-0.086169,-179.869171,6486,False,True,
305,/kuka/axis_move/feedback_json,std_msgs/msg/String,2026-08-22T20:22:26.448701-04:00,1787444546,448690018,1787444546448690018,111.297015,,,,20792,20791,1,0,0,20792,AxisTarget,1,True,True,True,False,-14.029829,-63.776653,96.632561,0.126474,57.222584,-14.109613,579.840271,144.563751,530.210388,-179.983521,-0.086306,-179.868927,6486,False,True,
306,/kuka/axis_move/feedback_json,std_msgs/msg/String,2026-08-22T20:22:26.564466-04:00,1787444546,564458370,1787444546564458370,115.768352,,,,20793,20792,1,0,0,20793,AxisTarget,1,True,True,True,False,-14.147475,-63.55479,96.688263,0.12702,56.968876,-14.212967,580.162659,146.026169,527.365356,-179.983307,-0.086587,-179.868408,6486,False,True,
307,/kuka/axis_move/feedback_json,std_msgs/msg/String,2026-08-22T20:22:26.754326-04:00,1787444546,754320692,1787444546754320692,189.862322,,,,20794,20793,1,0,0,20794,AxisTarget,1,True,True,True,False,-14.1728,-63.515999,96.697197,0.1271,56.935101,-14.2254,580.237244,146.376144,526.68396,-179.983246,-0.086654,-179.868286,6487,False,True,
308,/kuka/axis_move/feedback_json,std_msgs/msg/String,2026-08-22T20:22:26.869533-04:00,1787444546,869507374,1787444546869507374,115.186682,,,,20795,20794,1,0,0,20795,AxisTarget,1,True,True,True,True,-14.178816,-63.502491,96.701263,0.127144,56.909435,-14.237509,580.246887,146.421875,526.595032,-179.983231,-0.086663,-179.868271,6487,False,True,
309,/kuka/axis_move/feedback_json,std_msgs/msg/String,2026-08-22T20:22:27.057837-04:00,1787444547,57831175,1787444547057831175,188.323801,,,,20796,20795,1,0,0,20796,AxisTarget,1,True,True,True,False,-14.1943,-63.4753,96.707703,0.1272,56.883999,-14.247,580.288635,146.620728,526.208496,-179.9832,-0.0867,-179.86821,6488,False,True,
310,/kuka/axis_move/feedback_json,std_msgs/msg/String,2026-08-22T20:22:27.170469-04:00,1787444547,170449445,1787444547170449445,112.61827,,,,20797,20796,1,0,0,20797,AxisTarget,1,True,True,True,True,-14.1943,-63.4753,96.707703,0.1272,56.883999,-14.247,580.288635,146.620728,526.208496,-179.9832,-0.0867,-179.86821,6488,False,True,
311,/kuka/axis_move/feedback_json,std_msgs/msg/String,2026-08-22T20:22:27.348695-04:00,1787444547,348686381,1787444547348686381,178.236936,,,,20798,20797,1,0,0,20798,AxisTarget,1,True,True,True,False,-14.1943,-63.4753,96.707703,0.1272,56.883999,-14.247,580.288635,146.620728,526.208496,-179.9832,-0.0867,-179.86821,6489,False,True,
312,/kuka/axis_move/feedback_json,std_msgs/msg/String,2026-08-22T20:22:27.460737-04:00,1787444547,460723482,1787444547460723482,112.037101,,,,20799,20798,1,0,0,20799,AxisTarget,1,True,True,True,True,-14.194295,-63.473377,96.70961,0.127039,56.875324,-14.247062,580.289246,146.62088,526.20105,-179.983215,-0.086662,-179.86824,6489,False,True,
313,/kuka/axis_move/feedback_json,std_msgs/msg/String,2026-08-22T20:22:27.644868-04:00,1787444547,644855862,1787444547644855862,184.13238,,,,20800,20799,1,0,0,20800,AxisTarget,1,True,True,True,False,-14.193744,-63.325165,96.814827,0.120493,56.607155,-14.248557,580.454834,146.664948,524.147156,-179.988083,-0.07638,-179.876465,6490,False,True,
314,/kuka/axis_move/feedback_json,std_msgs/msg/String,2026-08-22T20:22:27.756725-04:00,1787444547,756714469,1787444547756714469,111.858607,,,,20801,20800,1,0,0,20801,AxisTarget,1,True,True,True,False,-14.1937,-63.3153,96.820602,0.1202,56.5975,-14.2486,580.476074,146.670593,523.877075,-179.988724,-0.075027,-179.877533,6490,False,True,
315,/kuka/axis_move/feedback_json,std_msgs/msg/String,2026-08-22T20:22:27.870685-04:00,1787444547,870658483,1787444547870658483,113.944014,,,,20802,20801,1,0,0,20802,AxisTarget,1,True,True,True,True,-14.1937,-63.315292,96.820618,0.120198,56.597366,-14.248601,580.476074,146.670593,523.877075,-179.988724,-0.075027,-179.877533,6490,False,True,
316,/kuka/axis_move/feedback_json,std_msgs/msg/String,2026-08-22T20:22:27.984695-04:00,1787444547,984682446,1787444547984682446,114.023963,,,,20803,20802,1,0,0,20803,AxisTarget,1,True,True,True,False,-14.193652,-63.300713,96.831825,0.119444,56.564018,-14.248802,580.487366,146.67363,523.732422,-179.989059,-0.074302,-179.878113,6490,False,True,
317,/kuka/axis_move/feedback_json,std_msgs/msg/String,2026-08-22T20:22:28.166449-04:00,1787444548,166430119,1787444548166430119,181.747673,,,,20804,20803,1,0,0,20804,AxisTarget,1,True,True,True,False,-14.193233,-63.179577,96.91922,0.113908,56.332691,-14.25012,580.614624,146.707779,522.070435,-179.993011,-0.06597,-179.88475,6491,False,True,
318,/kuka/axis_move/feedback_json,std_msgs/msg/String,2026-08-22T20:22:28.353152-04:00,1787444548,353136631,1787444548353136631,186.706512,,,,20805,20804,1,0,0,20805,AxisTarget,1,True,True,True,False,-14.192536,-62.982571,97.058319,0.105109,55.972878,-14.252128,580.821899,146.763535,519.214905,-179.999878,-0.051635,-179.896118,6492,False,True,
319,/kuka/axis_move/feedback_json,std_msgs/msg/String,2026-08-22T20:22:28.468720-04:00,1787444548,468708745,1787444548468708745,115.572114,,,,20806,20805,1,0,0,20806,AxisTarget,1,True,True,True,False,-14.192192,-62.886951,97.124626,0.101247,55.817741,-14.252977,580.922546,146.790649,517.752747,179.996567,-0.044286,-179.901917,6492,False,True,
320,/kuka/axis_move/feedback_json,std_msgs/msg/String,2026-08-22T20:22:28.654029-04:00,1787444548,654018911,1787444548654018911,185.310166,,,,20807,20806,1,0,0,20807,AxisTarget,1,True,True,True,False,-14.192,-62.83543,97.159302,0.0992,55.738094,-14.2534,580.979797,146.806091,516.895081,179.994461,-0.039972,-179.905304,6493,False,True,
321,/kuka/axis_move/feedback_json,std_msgs/msg/String,2026-08-22T20:22:28.769395-04:00,1787444548,769372626,1787444548769372626,115.353715,,,,20808,20807,1,0,0,20808,AxisTarget,1,True,True,True,False,-14.192,-62.8354,97.159302,0.0992,55.738098,-14.2534,580.979919,146.806137,516.892517,179.994461,-0.039959,-179.905319,6493,False,True,
322,/kuka/axis_move/feedback_json,std_msgs/msg/String,2026-08-22T20:22:28.884801-04:00,1787444548,884793316,1787444548884793316,115.42069,,,,20809,20808,1,0,0,20809,AxisTarget,1,True,True,True,True,-14.191994,-62.833332,97.161018,0.099076,55.732258,-14.253437,580.981079,146.806442,516.875244,179.994415,-0.039872,-179.905396,6493,False,True,
323,/kuka/axis_move/feedback_json,std_msgs/msg/String,2026-08-22T20:22:28.996806-04:00,1787444548,996798368,1787444548996798368,112.005052,,,,20810,20809,1,0,0,20810,AxisTarget,1,True,True,True,False,-14.191908,-62.808483,97.179276,0.097899,55.682255,-14.253727,581.000732,146.811737,516.57666,179.993683,-0.038368,-179.90657,6493,False,True,
324,/kuka/axis_move/feedback_json,std_msgs/msg/String,2026-08-22T20:22:29.187400-04:00,1787444549,187372165,1787444549187372165,190.573797,,,,20811,20810,1,0,0,20811,AxisTarget,1,True,True,True,False,-14.191539,-62.705212,97.253334,0.093235,55.488392,-14.254826,581.090942,146.836029,515.171936,179.990219,-0.031285,-179.912125,6494,False,True,
325,/kuka/axis_move/feedback_json,std_msgs/msg/String,2026-08-22T20:22:29.300894-04:00,1787444549,300883960,1787444549300883960,113.511795,,,,20812,20811,1,0,0,20812,AxisTarget,1,True,True,True,False,-14.191185,-62.606651,97.323601,0.088835,55.306583,-14.255893,581.179321,146.859863,513.740723,179.986664,-0.024063,-179.917786,6494,False,True,
326,/kuka/axis_move/feedback_json,std_msgs/msg/String,2026-08-22T20:22:29.418704-04:00,1787444549,418694968,1787444549418694968,117.811008,,,,20813,20812,1,0,0,20813,AxisTarget,1,True,True,True,False,-14.190738,-62.482735,97.41127,0.083388,55.083195,-14.257101,581.284363,146.88826,511.957581,179.982193,-0.015056,-179.924805,6494,False,True,
327,/kuka/axis_move/feedback_json,std_msgs/msg/String,2026-08-22T20:22:29.537393-04:00,1787444549,537373572,1787444549537373572,118.678604,,,,20814,20813,1,0,0,20814,AxisTarget,1,True,True,True,False,-14.190281,-62.356972,97.500038,0.077884,54.857956,-14.258359,581.38269,146.914886,510.195068,179.977753,-0.006144,-179.931747,6494,False,True,
328,/kuka/axis_move/feedback_json,std_msgs/msg/String,2026-08-22T20:22:29.712667-04:00,1787444549,712658037,1787444549712658037,175.284465,,,,20815,20814,1,0,0,20815,AxisTarget,1,True,True,True,False,-14.189627,-62.177494,97.62587,0.070136,54.543133,-14.260104,581.523438,146.953156,507.480042,179.970825,0.007603,-179.942383,6495,False,True,
329,/kuka/axis_move/feedback_json,std_msgs/msg/String,2026-08-22T20:22:29.904156-04:00,1787444549,904147329,1787444549904147329,191.489292,,,,20816,20815,1,0,0,20816,AxisTarget,1,True,True,True,False,-14.189223,-62.067947,97.702019,0.065487,54.355846,-14.261134,581.60199,146.974594,505.843719,179.966614,0.0159,-179.948776,6496,False,True,
330,/kuka/axis_move/feedback_json,std_msgs/msg/String,2026-08-22T20:22:30.090824-04:00,1787444550,90813065,1787444550090813065,186.665736,,,,20817,20816,1,0,0,20817,AxisTarget,1,True,True,True,False,-14.1891,-62.035614,97.723793,0.0642,54.305698,-14.2614,581.627686,146.981613,505.286163,179.965164,0.018729,-179.950958,6497,False,True,
331,/kuka/axis_move/feedback_json,std_msgs/msg/String,2026-08-22T20:22:30.207348-04:00,1787444550,207315874,1787444550207315874,116.502809,,,,20818,20817,1,0,0,20818,AxisTarget,1,True,True,True,False,-14.1891,-62.035599,97.723801,0.0642,54.305698,-14.2614,581.627808,146.981644,505.283875,179.965164,0.018741,-179.950958,6497,False,True,
332,/kuka/axis_move/feedback_json,std_msgs/msg/String,2026-08-22T20:22:30.319726-04:00,1787444550,319716647,1787444550319716647,112.400773,,,,20819,20818,1,0,0,20819,AxisTarget,1,True,True,True,True,-14.189097,-62.034355,97.724846,0.064124,54.302082,-14.261423,581.628174,146.98175,505.27594,179.965149,0.018781,-179.950989,6497,False,True,
333,/kuka/axis_move/feedback_json,std_msgs/msg/String,2026-08-22T20:22:30.438339-04:00,1787444550,438309791,1787444550438309791,118.593144,,,,20820,20819,1,0,0,20820,AxisTarget,1,True,True,True,False,-14.189038,-62.017338,97.737373,0.063315,54.267673,-14.261623,581.637451,146.984283,505.071594,179.964615,0.019817,-179.951782,6497,False,True,
334,/kuka/axis_move/feedback_json,std_msgs/msg/String,2026-08-22T20:22:30.621778-04:00,1787444550,621746959,1787444550621746959,183.437168,,,,20821,20820,1,0,0,20821,AxisTarget,1,True,True,True,False,-14.188784,-61.944759,97.789444,0.060036,54.131325,-14.262396,581.680969,146.996262,504.088928,179.962067,0.024804,-179.955612,6498,False,True,
335,/kuka/axis_move/feedback_json,std_msgs/msg/String,2026-08-22T20:22:30.732743-04:00,1787444550,732731340,1787444550732731340,110.984381,,,,20822,20821,1,0,0,20822,AxisTarget,1,True,True,True,False,-14.188537,-61.875069,97.839134,0.056924,54.002716,-14.263122,581.722229,147.007614,503.120636,179.959534,0.029721,-179.959381,6498,False,True,
336,/kuka/axis_move/feedback_json,std_msgs/msg/String,2026-08-22T20:22:30.840920-04:00,1787444550,840902630,1787444550840902630,108.17129,,,,20823,20822,1,0,0,20823,AxisTarget,1,True,True,True,False,-14.188232,-61.789162,97.900253,0.053105,53.8452,-14.264009,581.773132,147.021698,501.866852,179.956253,0.036093,-179.964264,6498,False,True,
337,/kuka/axis_move/feedback_json,std_msgs/msg/String,2026-08-22T20:22:30.951903-04:00,1787444550,951887191,1787444550951887191,110.984561,,,,20824,20823,1,0,0,20824,AxisTarget,1,True,True,True,False,-14.187862,-61.684898,97.974327,0.048484,53.654881,-14.265078,581.829651,147.037384,500.387756,179.952347,0.043616,-179.969986,6498,False,True,
338,/kuka/axis_move/feedback_json,std_msgs/msg/String,2026-08-22T20:22:31.141472-04:00,1787444551,141440306,1787444551141440306,189.553115,,,,20825,20824,1,0,0,20825,AxisTarget,1,True,True,True,False,-14.187137,-61.481697,98.117867,0.039581,53.290348,-14.267115,581.928284,147.064941,497.520386,179.944717,0.058221,-179.981079,6499,False,True,
339,/kuka/axis_move/feedback_json,std_msgs/msg/String,2026-08-22T20:22:31.329505-04:00,1787444551,329481880,1787444551329481880,188.041574,,,,20826,20825,1,0,0,20826,AxisTarget,1,True,True,True,False,-14.186408,-61.277878,98.261742,0.030661,52.925304,-14.269197,582.015991,147.089783,494.514343,179.936615,0.073563,-179.992645,6500,False,True,
340,/kuka/axis_move/feedback_json,std_msgs/msg/String,2026-08-22T20:22:31.442742-04:00,1787444551,442732136,1787444551442732136,113.250256,,,,20827,20826,1,0,0,20827,AxisTarget,1,True,True,True,False,-14.185983,-61.159233,98.347954,0.025337,52.708332,-14.270359,582.059204,147.102188,492.787445,179.931915,0.082392,-179.999268,6500,False,True,
341,/kuka/axis_move/feedback_json,std_msgs/msg/String,2026-08-22T20:22:31.556992-04:00,1787444551,556986161,1787444551556986161,114.254025,,,,20828,20827,1,0,0,20828,AxisTarget,1,True,True,True,False,-14.185619,-61.058369,98.415749,0.021174,52.539524,-14.271294,582.09137,147.111542,491.337952,179.927933,0.08981,179.995178,6500,False,True,
342,/kuka/axis_move/feedback_json,std_msgs/msg/String,2026-08-22T20:22:31.736702-04:00,1787444551,736694925,1787444551736694925,179.708764,,,,20829,20828,1,0,0,20829,AxisTarget,1,True,True,True,False,-14.185246,-60.955086,98.48764,0.01678,52.36227,-14.272268,582.122498,147.120728,489.742218,179.923538,0.097986,179.98909,6501,False,True,
343,/kuka/axis_move/feedback_json,std_msgs/msg/String,2026-08-22T20:22:31.848574-04:00,1787444551,848562540,1787444551848562540,111.867615,,,,20830,20829,1,0,0,20830,AxisTarget,1,True,True,True,False,-14.185126,-60.922825,98.509758,0.015449,52.309475,-14.272554,582.131226,147.123337,489.248383,179.922165,0.100518,179.987213,6501,False,True,
344,/kuka/axis_move/feedback_json,std_msgs/msg/String,2026-08-22T20:22:31.960618-04:00,1787444551,960607307,1787444551960607307,112.044767,,,,20831,20830,1,0,0,20831,AxisTarget,1,True,True,True,False,-14.1851,-60.915901,98.514198,0.0152,52.300301,-14.2726,582.133606,147.124054,489.107941,179.921768,0.101239,179.986679,6501,False,True,
345,/kuka/axis_move/feedback_json,std_msgs/msg/String,2026-08-22T20:22:32.073155-04:00,1787444552,73143545,1787444552073143545,112.536238,,,,20832,20831,1,0,0,20832,AxisTarget,1,True,True,True,False,-14.1851,-60.915901,98.514198,0.0152,52.300301,-14.2726,582.133606,147.124054,489.107574,179.921768,0.10124,179.986679,6501,False,True,
346,/kuka/axis_move/feedback_json,std_msgs/msg/String,2026-08-22T20:22:32.256678-04:00,1787444552,256672095,1787444552256672095,183.52855,,,,20833,20832,1,0,0,20833,AxisTarget,1,True,True,True,True,-14.185066,-60.905994,98.521667,0.014707,52.278767,-14.272729,582.135559,147.124634,488.992401,179.921448,0.101832,179.986237,6502,False,True,
347,/kuka/axis_move/feedback_json,std_msgs/msg/String,2026-08-22T20:22:32.368845-04:00,1787444552,368826598,1787444552368826598,112.154503,,,,20834,20833,1,0,0,20834,AxisTarget,1,True,True,True,False,-14.184967,-60.878078,98.541832,0.01343,52.225266,-14.273036,582.141724,147.12648,488.61853,179.92041,0.103751,179.984818,6502,False,True,
348,/kuka/axis_move/feedback_json,std_msgs/msg/String,2026-08-22T20:22:32.481317-04:00,1787444552,481309807,1787444552481309807,112.483209,,,,20835,20834,1,0,0,20835,AxisTarget,1,True,True,True,False,-14.184801,-60.831894,98.57489,0.011355,52.13905,-14.273528,582.151245,147.129333,488.009033,179.918701,0.106881,179.982498,6502,False,True,
349,/kuka/axis_move/feedback_json,std_msgs/msg/String,2026-08-22T20:22:32.592696-04:00,1787444552,592684619,1787444552592684619,111.374812,,,,20836,20835,1,0,0,20836,AxisTarget,1,True,True,True,False,-14.184569,-60.767445,98.620834,0.008483,52.020123,-14.274203,582.164429,147.133362,487.082245,179.916107,0.111643,179.978973,6502,False,True,
350,/kuka/axis_move/feedback_json,std_msgs/msg/String,2026-08-22T20:22:32.779799-04:00,1787444552,779788196,1787444552779788196,187.103577,,,,20837,20836,1,0,0,20837,AxisTarget,1,True,True,True,False,-14.184045,-60.621906,98.724304,0.002031,51.753719,-14.275713,582.187683,147.140686,485.086975,179.910492,0.121906,179.97142,6503,False,True,
351,/kuka/axis_move/feedback_json,std_msgs/msg/String,2026-08-22T20:22:32.967659-04:00,1787444552,967650014,1787444552967650014,187.861818,,,,20838,20837,1,0,0,20838,AxisTarget,1,True,True,True,False,-14.183339,-60.427032,98.862282,-0.006536,51.401485,-14.2777,582.208557,147.147919,482.263428,179.902451,0.136456,179.960754,6504,False,True,
352,/kuka/axis_move/feedback_json,std_msgs/msg/String,2026-08-22T20:22:33.080531-04:00,1787444553,80525027,1787444553080525027,112.875013,,,,20839,20838,1,0,0,20839,AxisTarget,1,True,True,True,False,-14.182899,-60.305603,98.947983,-0.011841,51.184013,-14.278967,582.214355,147.150543,480.519989,179.897446,0.145456,179.954193,6504,False,True,
353,/kuka/axis_move/feedback_json,std_msgs/msg/String,2026-08-22T20:22:33.192792-04:00,1787444553,192780138,1787444553192780138,112.255111,,,,20840,20839,1,0,0,20840,AxisTarget,1,True,True,True,False,-14.182441,-60.179832,99.036743,-0.017335,50.958775,-14.28019,582.214722,147.151779,478.777863,179.89241,0.154461,179.947662,6504,False,True,
354,/kuka/axis_move/feedback_json,std_msgs/msg/String,2026-08-22T20:22:33.300290-04:00,1787444553,300266055,1787444553300266055,107.485917,,,,20841,20840,1,0,0,20841,AxisTarget,1,True,True,True,False,-14.182015,-60.062737,99.119385,-0.022451,50.749069,-14.28137,582.209717,147.151611,477.037018,179.887329,0.163472,179.941147,6504,False,True,
355,/kuka/axis_move/feedback_json,std_msgs/msg/String,2026-08-22T20:22:33.484885-04:00,1787444553,484874779,1787444553484874779,184.608724,,,,20842,20841,1,0,0,20842,AxisTarget,1,True,True,True,False,-14.181346,-59.879417,99.248039,-0.030369,50.426414,-14.283175,582.191528,147.148621,474.370392,179.879501,0.177298,179.931213,6505,False,True,
356,/kuka/axis_move/feedback_json,std_msgs/msg/String,2026-08-22T20:22:33.601521-04:00,1787444553,601481483,1787444553601481483,116.606704,,,,20843,20842,1,0,0,20843,AxisTarget,1,True,True,True,False,-14.181058,-59.801079,99.302727,-0.033716,50.290745,-14.283929,582.179688,147.146301,473.212463,179.876068,0.183311,179.92691,6505,False,True,
357,/kuka/axis_move/feedback_json,std_msgs/msg/String,2026-08-22T20:22:33.780646-04:00,1787444553,780634877,1787444553780634877,179.153394,,,,20844,20843,1,0,0,20844,AxisTarget,1,True,True,True,False,-14.180762,-59.721149,99.358101,-0.037079,50.153885,-14.284683,582.164795,147.143219,472.006409,179.872482,0.18958,179.92244,6506,False,True,
358,/kuka/axis_move/feedback_json,std_msgs/msg/String,2026-08-22T20:22:33.889617-04:00,1787444553,889608070,1787444553889608070,108.973193,,,,20845,20844,1,0,0,20845,AxisTarget,1,True,True,True,False,-14.180702,-59.705498,99.36853,-0.037688,50.132053,-14.284799,582.161255,147.142471,471.744781,179.871704,0.190941,179.921463,6506,False,True,
359,/kuka/axis_move/feedback_json,std_msgs/msg/String,2026-08-22T20:22:34.004686-04:00,1787444554,4673066,1787444554004673066,115.064996,,,,20846,20845,1,0,0,20846,AxisTarget,1,True,True,True,False,-14.1807,-59.705002,99.368797,-0.0377,50.131699,-14.2848,582.161011,147.142426,471.730408,179.871658,0.191016,179.921417,6506,False,True,
360,/kuka/axis_move/feedback_json,std_msgs/msg/String,2026-08-22T20:22:34.118969-04:00,1787444554,118960835,1787444554118960835,114.287769,,,,20847,20846,1,0,0,20847,AxisTarget,1,True,True,True,True,-14.180699,-59.704697,99.369087,-0.037723,50.130478,-14.284808,582.161011,147.142426,471.729431,179.871658,0.191021,179.921417,6506,False,True,
361,/kuka/axis_move/feedback_json,std_msgs/msg/String,2026-08-22T20:22:34.315306-04:00,1787444554,315300015,1787444554315300015,196.33918,,,,20848,20847,1,0,0,20848,AxisTarget,1,True,True,True,False,-14.180566,-59.665745,99.397621,-0.039557,50.04974,-14.285275,582.154175,147.140991,471.255035,179.870239,0.193489,179.919662,6507,False,True,
362,/kuka/axis_move/feedback_json,std_msgs/msg/String,2026-08-22T20:22:34.504687-04:00,1787444554,504664428,1787444554504664428,189.364413,,,,20849,20848,1,0,0,20849,AxisTarget,1,True,True,True,False,-14.180175,-59.554535,99.47718,-0.044553,49.845463,-14.286432,582.129211,147.13559,469.709839,179.865616,0.201532,179.91394,6508,False,True,
363,/kuka/axis_move/feedback_json,std_msgs/msg/String,2026-08-22T20:22:34.616649-04:00,1787444554,616638454,1787444554616638454,111.974026,,,,20850,20849,1,0,0,20850,AxisTarget,1,True,True,True,False,-14.179814,-59.45229,99.549995,-0.049104,49.657455,-14.287493,582.103516,147.129898,468.344208,179.861496,0.20865,179.908905,6508,False,True,
364,/kuka/axis_move/feedback_json,std_msgs/msg/String,2026-08-22T20:22:34.728436-04:00,1787444554,728430528,1787444554728430528,111.792074,,,,20851,20850,1,0,0,20851,AxisTarget,1,True,True,True,False,-14.179407,-59.33321,99.634285,-0.054341,49.442528,-14.288698,582.067505,147.121735,466.669037,179.85643,0.217392,179.90274,6508,False,True,
365,/kuka/axis_move/feedback_json,std_msgs/msg/String,2026-08-22T20:22:34.916649-04:00,1787444554,916637032,1787444554916637032,188.206504,,,,20852,20851,1,0,0,20852,AxisTarget,1,True,True,True,False,-14.17868,-59.133728,99.775085,-0.063066,49.085293,-14.290696,581.993103,147.104477,463.764038,179.847565,0.232581,179.892105,6509,False,True,
366,/kuka/axis_move/feedback_json,std_msgs/msg/String,2026-08-22T20:22:35.032854-04:00,1787444555,32842374,1787444555032842374,116.205342,,,,20853,20852,1,0,0,20853,AxisTarget,1,True,True,True,False,-14.178271,-59.015789,99.857834,-0.068162,48.877998,-14.291847,581.94397,147.092896,462.111115,179.842468,0.241241,179.886063,6509,False,True,
367,/kuka/axis_move/feedback_json,std_msgs/msg/String,2026-08-22T20:22:35.144394-04:00,1787444555,144386624,1787444555144386624,111.54425,,,,20854,20853,1,0,0,20854,AxisTarget,1,True,True,True,False,-14.177926,-58.923424,99.922379,-0.072121,48.717533,-14.292736,581.899658,147.082367,460.744659,179.838226,0.248409,179.881088,6509,False,True,
368,/kuka/axis_move/feedback_json,std_msgs/msg/String,2026-08-22T20:22:35.329440-04:00,1787444555,329417770,1787444555329417770,185.031146,,,,20855,20854,1,0,0,20855,AxisTarget,1,True,True,True,False,-14.177599,-58.831795,99.986023,-0.076001,48.561291,-14.293595,581.851257,147.070786,459.358856,179.833923,0.255688,179.876053,6510,False,True,
369,/kuka/axis_move/feedback_json,std_msgs/msg/String,2026-08-22T20:22:35.439614-04:00,1787444555,439606010,1787444555439606010,110.18824,,,,20856,20855,1,0,0,20856,AxisTarget,1,True,True,True,False,-14.177511,-58.809368,100.001244,-0.076907,48.525734,-14.293785,581.837585,147.067505,458.984009,179.832748,0.257658,179.874695,6510,False,True,
370,/kuka/axis_move/feedback_json,std_msgs/msg/String,2026-08-22T20:22:35.557942-04:00,1787444555,557931444,1787444555557931444,118.325434,,,,20857,20856,1,0,0,20857,AxisTarget,1,True,True,True,False,-14.1775,-58.806499,100.002998,-0.077,48.522499,-14.2938,581.835388,147.066971,458.924133,179.832565,0.257973,179.874481,6510,False,True,
371,/kuka/axis_move/feedback_json,std_msgs/msg/String,2026-08-22T20:22:35.670717-04:00,1787444555,670711379,1787444555670711379,112.779935,,,,20858,20857,1,0,0,20858,AxisTarget,1,True,True,True,True,-14.1775,-58.806492,100.003014,-0.077001,48.522388,-14.293801,581.835388,147.066971,458.924133,179.832565,0.257973,179.874481,6510,False,True,
372,/kuka/axis_move/feedback_json,std_msgs/msg/String,2026-08-22T20:22:35.858984-04:00,1787444555,858975272,1787444555858975272,188.263893,,,,20859,20858,1,0,0,20859,AxisTarget,1,True,True,True,False,-14.177358,-58.765411,100.033417,-0.078975,48.43784,-14.294295,581.817566,147.062668,458.447937,179.83107,0.260473,179.872757,6511,False,True,
373,/kuka/axis_move/feedback_json,std_msgs/msg/String,2026-08-22T20:22:35.976601-04:00,1787444555,976584814,1787444555976584814,117.609542,,,,20860,20859,1,0,0,20860,AxisTarget,1,True,True,True,False,-14.177079,-58.687222,100.089592,-0.082517,48.290226,-14.295136,581.77771,147.052994,457.417969,179.827835,0.265885,179.869034,6511,False,True,
374,/kuka/axis_move/feedback_json,std_msgs/msg/String,2026-08-22T20:22:36.093058-04:00,1787444556,93032450,1787444556093032450,116.447636,,,,20861,20860,1,0,0,20861,AxisTarget,1,True,True,True,False,-14.176677,-58.575241,100.169266,-0.08749,48.077309,-14.296335,581.712341,147.037064,455.825897,179.8228,0.27426,179.863297,6511,False,True,
375,/kuka/axis_move/feedback_json,std_msgs/msg/String,2026-08-22T20:22:36.200528-04:00,1787444556,200520903,1787444556200520903,107.488453,,,,20862,20861,1,0,0,20862,AxisTarget,1,True,True,True,False,-14.17622,-58.449467,100.258018,-0.092987,47.859924,-14.297551,581.636475,147.018494,454.104187,179.817337,0.283331,179.857101,6511,False,True,
376,/kuka/axis_move/feedback_json,std_msgs/msg/String,2026-08-22T20:22:36.388190-04:00,1787444556,388164814,1787444556388164814,187.643911,,,,20863,20862,1,0,0,20863,AxisTarget,1,True,True,True,False,-14.175637,-58.28825,100.37043,-0.099864,47.581856,-14.299087,581.5224,146.990463,451.717865,179.809692,0.295927,179.848557,6512,False,True,
377,/kuka/axis_move/feedback_json,std_msgs/msg/String,2026-08-22T20:22:36.500839-04:00,1787444556,500825717,1787444556500825717,112.660903,,,,20864,20863,1,0,0,20864,AxisTarget,1,True,True,True,False,-14.175443,-58.238644,100.404434,-0.101909,47.500618,-14.299527,581.482788,146.980682,450.935883,179.807175,0.300061,179.845764,6512,False,True,
378,/kuka/axis_move/feedback_json,std_msgs/msg/String,2026-08-22T20:22:36.688562-04:00,1787444556,688551040,1787444556688551040,187.725323,,,,20865,20864,1,0,0,20865,AxisTarget,1,True,True,True,False,-14.1754,-58.227798,100.4114,-0.1023,47.486198,-14.2996,581.47168,146.977936,450.720154,179.806473,0.301202,179.845001,6513,False,True,
379,/kuka/axis_move/feedback_json,std_msgs/msg/String,2026-08-22T20:22:36.804818-04:00,1787444556,804796878,1787444556804796878,116.245838,,,,20866,20865,1,0,0,20866,AxisTarget,1,True,True,True,True,-14.175398,-58.227024,100.412155,-0.102362,47.482876,-14.299623,581.471619,146.977905,450.71817,179.806473,0.301213,179.844986,6513,False,True,
380,/kuka/axis_move/feedback_json,std_msgs/msg/String,2026-08-22T20:22:36.992463-04:00,1787444556,992425511,1787444556992425511,187.628633,,,,20867,20866,1,0,0,20867,AxisTarget,1,True,True,True,False,-14.17501,-58.111134,100.496803,-0.107775,47.253922,-14.300947,581.393799,146.958832,449.253387,179.801743,0.309007,179.839767,6514,False,True,
381,/kuka/axis_move/feedback_json,std_msgs/msg/String,2026-08-22T20:22:37.104571-04:00,1787444557,104562612,1787444557104562612,112.137101,,,,20868,20867,1,0,0,20868,AxisTarget,1,True,True,True,False,-14.174614,-57.998787,100.57711,-0.112671,47.056374,-14.302035,581.302368,146.936356,447.618988,179.796448,0.317716,179.833954,6514,False,True,
382,/kuka/axis_move/feedback_json,std_msgs/msg/String,2026-08-22T20:22:37.296026-04:00,1787444557,296018946,1787444557296018946,191.456334,,,,20869,20868,1,0,0,20869,AxisTarget,1,False,True,True,False,-14.1745,-57.969101,100.594002,-0.1136,47.0228,-14.3022,581.270203,146.928436,447.06424,179.794647,0.320675,179.831985,6515,False,True,
383,/kuka/axis_move/feedback_json,std_msgs/msg/String,2026-08-22T20:22:37.409451-04:00,1787444557,409420516,1787444557409420516,113.40157,,,,20870,20869,1,0,0,20870,AxisTarget,1,False,True,True,False,-14.1745,-57.969101,100.594002,-0.1136,47.0228,-14.3022,581.270203,146.928436,447.06424,179.794647,0.320675,179.831985,6515,False,True,
384,/kuka/axis_move/feedback_json,std_msgs/msg/String,2026-08-22T20:22:37.520804-04:00,1787444557,520788396,1787444557520788396,111.36788,,,,20871,20870,1,0,0,20871,AxisTarget,1,False,True,True,False,-14.1745,-57.969101,100.594002,-0.1136,47.0228,-14.3022,581.270203,146.928436,447.06424,179.794647,0.320675,179.831985,6515,False,True,
385,/kuka/axis_move/feedback_json,std_msgs/msg/String,2026-08-22T20:22:37.632806-04:00,1787444557,632796756,1787444557632796756,112.00836,,,,20872,20871,1,0,0,20872,AxisTarget,1,False,True,True,False,-14.1745,-57.969101,100.594002,-0.1136,47.0228,-14.3022,581.270203,146.928436,447.06424,179.794647,0.320675,179.831985,6515,False,True,
386,/kuka/axis_move/feedback_json,std_msgs/msg/String,2026-08-22T20:22:37.825405-04:00,1787444557,825379250,1787444557825379250,192.582494,,,,20873,20872,1,0,0,20873,AxisTarget,1,False,True,True,False,-14.1745,-57.969101,100.594002,-0.1136,47.0228,-14.3022,581.270203,146.928436,447.06424,179.794647,0.320675,179.831985,6516,False,True,
387,/kuka/axis_move/feedback_json,std_msgs/msg/String,2026-08-22T20:22:38.020615-04:00,1787444558,20607018,1787444558020607018,195.227768,,,,20874,20873,1,0,0,20874,AxisTarget,1,False,True,True,False,-14.1745,-57.969101,100.594002,-0.1136,47.0228,-14.3022,581.270203,146.928436,447.06424,179.794647,0.320675,179.831985,6517,False,True,
388,/kuka/axis_move/feedback_json,std_msgs/msg/String,2026-08-22T20:22:38.136728-04:00,1787444558,136715630,1787444558136715630,116.108612,,,,20875,20874,1,0,0,20875,AxisTarget,1,False,True,True,False,-14.1745,-57.969101,100.594002,-0.1136,47.0228,-14.3022,581.270203,146.928436,447.06424,179.794647,0.320675,179.831985,6517,False,True,
389,/kuka/axis_move/feedback_json,std_msgs/msg/String,2026-08-22T20:22:38.248844-04:00,1787444558,248828186,1787444558248828186,112.112556,,,,20876,20875,1,0,0,20876,AxisTarget,1,False,True,True,False,-14.1745,-57.969101,100.594002,-0.1136,47.0228,-14.3022,581.270203,146.928436,447.06424,179.794647,0.320675,179.831985,6517,False,True,
390,/kuka/axis_move/feedback_json,std_msgs/msg/String,2026-08-22T20:22:38.365482-04:00,1787444558,365454397,1787444558365454397,116.626211,,,,20877,20876,1,0,0,20877,AxisTarget,1,False,True,True,False,-14.1745,-57.969101,100.594002,-0.1136,47.0228,-14.3022,581.270203,146.928436,447.06424,179.794647,0.320675,179.831985,6517,False,True,
391,/kuka/axis_move/feedback_json,std_msgs/msg/String,2026-08-22T20:22:38.557459-04:00,1787444558,557430555,1787444558557430555,191.976158,,,,20878,20877,1,0,0,20878,AxisTarget,1,False,True,True,False,-14.1745,-57.969101,100.594002,-0.1136,47.0228,-14.3022,581.270203,146.928436,447.06424,179.794647,0.320675,179.831985,6518,False,True,
392,/kuka/axis_move/feedback_json,std_msgs/msg/String,2026-08-22T20:22:38.672726-04:00,1787444558,672714722,1787444558672714722,115.284167,,,,20879,20878,1,0,0,20879,AxisTarget,1,False,True,True,False,-14.1745,-57.969101,100.594002,-0.1136,47.0228,-14.3022,581.270203,146.928436,447.06424,179.794647,0.320675,179.831985,6518,False,True,
393,/kuka/axis_move/feedback_json,std_msgs/msg/String,2026-08-22T20:22:38.785447-04:00,1787444558,785438643,1787444558785438643,112.723921,,,,20880,20879,1,0,0,20880,AxisTarget,1,False,True,True,False,-14.1745,-57.969101,100.594002,-0.1136,47.0228,-14.3022,581.270203,146.928436,447.06424,179.794647,0.320675,179.831985,6518,False,True,
394,/kuka/axis_move/feedback_json,std_msgs/msg/String,2026-08-22T20:22:38.974441-04:00,1787444558,974409180,1787444558974409180,188.970537,,,,20881,20880,1,0,0,20881,AxisTarget,1,False,True,True,False,-14.1745,-57.969101,100.594002,-0.1136,47.0228,-14.3022,581.270203,146.928436,447.06424,179.794647,0.320675,179.831985,6519,False,True,
395,/kuka/axis_move/feedback_json,std_msgs/msg/String,2026-08-22T20:22:39.091665-04:00,1787444559,91653029,1787444559091653029,117.243849,,,,20882,20881,1,0,0,20882,AxisTarget,1,False,True,True,False,-14.1745,-57.969101,100.594002,-0.1136,47.0228,-14.3022,581.270203,146.928436,447.06424,179.794647,0.320675,179.831985,6519,False,True,
396,/kuka/axis_move/feedback_json,std_msgs/msg/String,2026-08-22T20:22:39.211543-04:00,1787444559,211536332,1787444559211536332,119.883303,,,,20883,20882,1,0,0,20883,AxisTarget,1,False,True,True,False,-14.1745,-57.969101,100.594002,-0.1136,47.0228,-14.3022,581.270203,146.928436,447.06424,179.794647,0.320675,179.831985,6519,False,True,
397,/kuka/axis_move/feedback_json,std_msgs/msg/String,2026-08-22T20:22:39.396932-04:00,1787444559,396921222,1787444559396921222,185.38489,,,,20884,20883,1,0,0,20884,AxisTarget,1,False,True,True,False,-14.1745,-57.969101,100.594002,-0.1136,47.0228,-14.3022,581.270203,146.928436,447.06424,179.794647,0.320675,179.831985,6520,False,True,
398,/kuka/axis_move/feedback_json,std_msgs/msg/String,2026-08-22T20:22:39.514388-04:00,1787444559,514368191,1787444559514368191,117.446969,,,,20885,20884,1,0,0,20885,AxisTarget,1,True,True,True,True,-14.174492,-57.96714,100.595871,-0.113757,47.015167,-14.302268,581.269775,146.928314,447.056396,179.794617,0.320714,179.831955,6520,False,True,
399,/kuka/axis_move/feedback_json,std_msgs/msg/String,2026-08-22T20:22:39.717892-04:00,1787444559,717874640,1787444559717874640,203.506449,,,,20886,20885,1,0,0,20886,AxisTarget,1,True,True,True,False,-14.1744,-57.9538,100.604797,-0.1143,46.995499,-14.3024,581.257568,146.92485,446.848267,179.793823,0.321724,179.831223,6521,False,True,
400,/kuka/axis_move/feedback_json,std_msgs/msg/String,2026-08-22T20:22:39.828310-04:00,1787444559,828292621,1787444559828292621,110.417981,,,,20887,20886,1,0,0,20887,AxisTarget,1,True,True,True,True,-14.174755,-57.973953,100.58918,-0.11384,47.046455,-14.302459,581.265076,146.928955,447.001312,179.794189,0.320973,179.831528,6521,False,True,
401,/kuka/axis_move/feedback_json,std_msgs/msg/String,2026-08-22T20:22:40.016845-04:00,1787444560,16827082,1787444560016827082,188.534461,,,,20888,20887,1,0,0,20888,AxisTarget,1,True,True,True,False,-14.177699,-58.117088,100.493599,-0.1114,47.282005,-14.3027,581.364868,146.98494,449.122925,179.79921,0.310571,179.835892,6522,False,True,
402,/kuka/axis_move/feedback_json,std_msgs/msg/String,2026-08-22T20:22:40.132716-04:00,1787444560,132710452,1787444560132710452,115.88337,,,,20889,20888,1,0,0,20889,AxisTarget,1,True,True,True,False,-14.1777,-58.1171,100.493599,-0.1114,47.282001,-14.3027,581.365295,146.985153,449.131226,179.799225,0.310531,179.835907,6522,False,True,
403,/kuka/axis_move/feedback_json,std_msgs/msg/String,2026-08-22T20:22:40.244673-04:00,1787444560,244666775,1787444560244666775,111.956323,,,,20890,20889,1,0,0,20890,AxisTarget,1,True,True,True,True,-14.177784,-58.121906,100.489822,-0.111286,47.29464,-14.302716,581.367126,146.986237,449.172607,179.799316,0.310328,179.835983,6522,False,True,
404,/kuka/axis_move/feedback_json,std_msgs/msg/String,2026-08-22T20:22:40.358469-04:00,1787444560,358454229,1787444560358454229,113.787454,,,,20891,20890,1,0,0,20891,AxisTarget,1,True,True,True,False,-14.178626,-58.16523,100.459145,-0.110447,47.379528,-14.302819,581.391113,147.000046,449.708344,179.800583,0.307698,179.837097,6522,False,True,
405,/kuka/axis_move/feedback_json,std_msgs/msg/String,2026-08-22T20:22:40.468895-04:00,1787444560,468876919,1787444560468876919,110.42269,,,,20892,20891,1,0,0,20892,AxisTarget,1,True,True,True,False,-14.1805,-58.259651,100.393623,-0.108688,47.554222,-14.303025,581.442627,147.03035,450.902771,179.803391,0.301839,179.839569,6522,False,True,
406,/kuka/axis_move/feedback_json,std_msgs/msg/String,2026-08-22T20:22:40.729718-04:00,1787444560,729711304,1787444560729711304,260.834385,,,,20893,20892,1,0,0,20893,AxisTarget,1,True,True,True,False,-14.185971,-58.529213,100.210663,-0.103886,48.020897,-14.303566,581.590454,147.122925,454.729126,179.812332,0.283105,179.847519,6524,False,True,
407,/kuka/axis_move/feedback_json,std_msgs/msg/String,2026-08-22T20:22:40.836883-04:00,1787444560,836865040,1787444560836865040,107.153736,,,,20894,20893,1,0,0,20894,AxisTarget,1,True,True,True,False,-14.18722,-58.589333,100.170792,-0.102863,48.117897,-14.303676,581.623291,147.14502,455.686737,179.81456,0.278425,179.849518,6524,False,True,
408,/kuka/axis_move/feedback_json,std_msgs/msg/String,2026-08-22T20:22:41.024937-04:00,1787444561,24916276,1787444561024916276,188.051236,,,,20895,20894,1,0,0,20895,AxisTarget,1,True,True,True,False,-14.1876,-58.606701,100.159897,-0.1026,48.141399,-14.3037,581.633484,147.152023,455.99411,179.815277,0.276923,179.850159,6525,False,True,
409,/kuka/axis_move/feedback_json,std_msgs/msg/String,2026-08-22T20:22:41.140890-04:00,1787444561,140877943,1787444561140877943,115.961667,,,,20896,20895,1,0,0,20896,AxisTarget,1,True,True,True,True,-14.187601,-58.606777,100.159775,-0.102595,48.142017,-14.303701,581.633484,147.152023,455.994263,179.815277,0.276922,179.850159,6525,False,True,
410,/kuka/axis_move/feedback_json,std_msgs/msg/String,2026-08-22T20:22:41.253906-04:00,1787444561,253898831,1787444561253898831,113.020888,,,,20897,20896,1,0,0,20897,AxisTarget,1,True,True,True,False,-14.187869,-58.620983,100.149467,-0.102305,48.17202,-14.303737,581.638367,147.155396,456.142517,179.815628,0.276197,179.850464,6525,False,True,
411,/kuka/axis_move/feedback_json,std_msgs/msg/String,2026-08-22T20:22:41.366812-04:00,1787444561,366799774,1787444561366799774,112.900943,,,,20898,20897,1,0,0,20898,AxisTarget,1,True,True,True,False,-14.188701,-58.663101,100.120087,-0.10151,48.251255,-14.303827,581.655518,147.167419,456.677429,179.816864,0.273584,179.851578,6525,False,True,
412,/kuka/axis_move/feedback_json,std_msgs/msg/String,2026-08-22T20:22:41.556246-04:00,1787444561,556238570,1787444561556238570,189.438796,,,,20899,20898,1,0,0,20899,AxisTarget,1,True,True,True,False,-14.191304,-58.793556,100.03006,-0.099101,48.488937,-14.304104,581.709229,147.206726,458.467194,179.821014,0.264844,179.855331,6526,False,True,
413,/kuka/axis_move/feedback_json,std_msgs/msg/String,2026-08-22T20:22:41.672433-04:00,1787444561,672427503,1787444561672427503,116.188933,,,,20900,20899,1,0,0,20900,AxisTarget,1,True,True,True,False,-14.193802,-58.917873,99.944847,-0.096836,48.710865,-14.304345,581.753662,147.241669,460.119141,179.824844,0.256788,179.858795,6526,False,True,
414,/kuka/axis_move/feedback_json,std_msgs/msg/String,2026-08-22T20:22:41.790453-04:00,1787444561,790422529,1787444561790422529,117.995026,,,,20901,20900,1,0,0,20901,AxisTarget,1,True,True,True,False,-14.196396,-59.046204,99.857399,-0.094524,48.936104,-14.304597,581.796692,147.278442,461.925293,179.828995,0.247989,179.862595,6526,False,True,
415,/kuka/axis_move/feedback_json,std_msgs/msg/String,2026-08-22T20:22:41.899478-04:00,1787444561,899471336,1787444561899471336,109.048807,,,,20902,20901,1,0,0,20902,AxisTarget,1,True,True,True,False,-14.198891,-59.169399,99.773582,-0.092312,49.151192,-14.304836,581.833801,147.313629,463.728851,179.83313,0.239214,179.866394,6526,False,True,
416,/kuka/axis_move/feedback_json,std_msgs/msg/String,2026-08-22T20:22:42.086634-04:00,1787444562,86621424,1787444562086621424,187.150088,,,,20903,20902,1,0,0,20903,AxisTarget,1,True,True,True,False,-14.202175,-59.330215,99.665138,-0.089476,49.42458,-14.305138,581.87323,147.35701,466.066956,179.83847,0.227854,179.871338,6527,False,True,
417,/kuka/axis_move/feedback_json,std_msgs/msg/String,2026-08-22T20:22:42.269545-04:00,1787444562,269519096,1787444562269519096,182.897672,,,,20904,20903,1,0,0,20904,AxisTarget,1,True,True,True,False,-14.203835,-59.410641,99.611465,-0.088087,49.557026,-14.305283,581.889526,147.378113,467.257385,179.841187,0.222076,179.873871,6528,False,True,
418,/kuka/axis_move/feedback_json,std_msgs/msg/String,2026-08-22T20:22:42.379602-04:00,1787444562,379586501,1787444562379586501,110.067405,,,,20905,20904,1,0,0,20905,AxisTarget,1,True,True,True,False,-14.204097,-59.422695,99.603844,-0.087901,49.573769,-14.3053,581.892334,147.382004,467.480499,179.84169,0.220994,179.874344,6528,False,True,
419,/kuka/axis_move/feedback_json,std_msgs/msg/String,2026-08-22T20:22:42.496545-04:00,1787444562,496515341,1787444562496515341,116.92884,,,,20906,20905,1,0,0,20906,AxisTarget,1,True,True,True,False,-14.2041,-59.422798,99.603798,-0.0879,49.573799,-14.3053,581.892395,147.38208,467.485046,179.841705,0.220972,179.874344,6528,False,True,
420,/kuka/axis_move/feedback_json,std_msgs/msg/String,2026-08-22T20:22:42.604524-04:00,1787444562,604514201,1787444562604514201,107.99886,,,,20907,20906,1,0,0,20907,AxisTarget,1,True,True,True,True,-14.204114,-59.423695,99.603043,-0.087876,49.576649,-14.305304,581.892456,147.382187,467.491119,179.841721,0.220942,179.874359,6528,False,True,
421,/kuka/axis_move/feedback_json,std_msgs/msg/String,2026-08-22T20:22:42.784581-04:00,1787444562,784574618,1787444562784574618,180.060417,,,,20908,20907,1,0,0,20908,AxisTarget,1,True,True,True,False,-14.204932,-59.465633,99.573456,-0.08707,49.658062,-14.3054,581.898682,147.391327,468.021149,179.842911,0.218368,179.875488,6529,False,True,
422,/kuka/axis_move/feedback_json,std_msgs/msg/String,2026-08-22T20:22:42.896757-04:00,1787444562,896737288,1787444562896737288,112.16267,,,,20909,20908,1,0,0,20909,AxisTarget,1,True,True,True,False,-14.20607,-59.522804,99.533882,-0.085965,49.767803,-14.305528,581.90686,147.404373,468.791046,179.84465,0.214629,179.877121,6529,False,True,
423,/kuka/axis_move/feedback_json,std_msgs/msg/String,2026-08-22T20:22:43.010741-04:00,1787444563,10725929,1787444563010725929,113.988641,,,,20910,20909,1,0,0,20910,AxisTarget,1,True,True,True,False,-14.207833,-59.61095,99.473152,-0.084396,49.922871,-14.305708,581.917175,147.423447,469.948151,179.84726,0.209013,179.879578,6529,False,True,
424,/kuka/axis_move/feedback_json,std_msgs/msg/String,2026-08-22T20:22:43.120538-04:00,1787444563,120527326,1787444563120527326,109.801397,,,,20911,20910,1,0,0,20911,AxisTarget,1,True,True,True,False,-14.210064,-59.722134,99.396805,-0.082371,50.122364,-14.305938,581.927368,147.448563,471.531342,179.850815,0.201336,179.882935,6529,False,True,
425,/kuka/axis_move/feedback_json,std_msgs/msg/String,2026-08-22T20:22:43.304497-04:00,1787444563,304484524,1787444563304484524,183.957198,,,,20912,20911,1,0,0,20912,AxisTarget,1,True,True,True,False,-14.214175,-59.925514,99.258156,-0.07872,50.479584,-14.306348,581.934509,147.490295,474.343811,179.857101,0.187718,179.888947,6530,False,True,
426,/kuka/axis_move/feedback_json,std_msgs/msg/String,2026-08-22T20:22:43.488820-04:00,1787444563,488812826,1787444563488812826,184.328302,,,,20913,20912,1,0,0,20913,AxisTarget,1,True,True,True,False,-14.218202,-60.124619,99.122459,-0.075147,50.836861,-14.306757,581.927246,147.529312,477.228027,179.86351,0.173776,179.895111,6531,False,True,
427,/kuka/axis_move/feedback_json,std_msgs/msg/String,2026-08-22T20:22:43.600563-04:00,1787444563,600551192,1787444563600551192,111.738366,,,,20914,20913,1,0,0,20914,AxisTarget,1,True,True,True,False,-14.220654,-60.245533,99.040314,-0.072992,51.046143,-14.306996,581.915771,147.550858,478.957428,179.86734,0.165428,179.898834,6531,False,True,
428,/kuka/axis_move/feedback_json,std_msgs/msg/String,2026-08-22T20:22:43.715352-04:00,1787444563,715326387,1787444563715326387,114.775195,,,,20915,20914,1,0,0,20915,AxisTarget,1,True,True,True,False,-14.222758,-60.348915,98.970345,-0.071104,51.222569,-14.307198,581.90155,147.56842,480.455536,179.870636,0.158203,179.902054,6531,False,True,
429,/kuka/axis_move/feedback_json,std_msgs/msg/String,2026-08-22T20:22:43.825870-04:00,1787444563,825858944,1787444563825858944,110.532557,,,,20916,20915,1,0,0,20916,AxisTarget,1,True,True,True,False,-14.224509,-60.434746,98.912361,-0.069649,51.363621,-14.307358,581.886658,147.582275,481.706299,179.873383,0.152176,179.904739,6531,False,True,
430,/kuka/axis_move/feedback_json,std_msgs/msg/String,2026-08-22T20:22:44.010495-04:00,1787444564,10484123,1787444564010484123,184.625179,,,,20917,20916,1,0,0,20917,AxisTarget,1,True,True,True,False,-14.22639,-60.526554,98.850594,-0.068044,51.518551,-14.307533,581.867371,147.596481,483.061218,179.876343,0.145652,179.907669,6532,False,True,
431,/kuka/axis_move/feedback_json,std_msgs/msg/String,2026-08-22T20:22:44.128200-04:00,1787444564,128165472,1787444564128165472,117.681349,,,,20918,20917,1,0,0,20918,AxisTarget,1,True,True,True,False,-14.22701,-60.556477,98.830711,-0.067534,51.567154,-14.307588,581.860291,147.600983,483.507751,179.877319,0.143503,179.90863,6532,False,True,
432,/kuka/axis_move/feedback_json,std_msgs/msg/String,2026-08-22T20:22:44.232334-04:00,1787444564,232327435,1787444564232327435,104.161963,,,,20919,20918,1,0,0,20919,AxisTarget,1,True,True,True,False,-14.227198,-60.565125,98.825233,-0.0674,51.579178,-14.3076,581.857666,147.602585,483.668823,179.87767,0.142728,179.908981,6532,False,True,
433,/kuka/axis_move/feedback_json,std_msgs/msg/String,2026-08-22T20:22:44.344397-04:00,1787444564,344369149,1787444564344369149,112.041714,,,,20920,20919,1,0,0,20920,AxisTarget,1,True,True,True,False,-14.2272,-60.565201,98.825203,-0.0674,51.579201,-14.3076,581.857605,147.602615,483.67218,179.87767,0.142712,179.908981,6532,False,True,
434,/kuka/axis_move/feedback_json,std_msgs/msg/String,2026-08-22T20:22:44.528680-04:00,1787444564,528666715,1787444564528666715,184.297566,,,,20921,20920,1,0,0,20921,AxisTarget,1,True,True,True,True,-14.22735,-60.573391,98.819122,-0.067227,51.597626,-14.307622,581.856323,147.603394,483.751465,179.877853,0.142331,179.909149,6533,False,True,
435,/kuka/axis_move/feedback_json,std_msgs/msg/String,2026-08-22T20:22:44.641914-04:00,1787444564,641890734,1787444564641890734,113.224019,,,,20922,20921,1,0,0,20922,AxisTarget,1,True,True,True,False,-14.227967,-60.604855,98.797073,-0.066633,51.657543,-14.307692,581.849182,147.607468,484.169373,179.878754,0.140325,179.910049,6533,False,True,
436,/kuka/axis_move/feedback_json,std_msgs/msg/String,2026-08-22T20:22:44.750346-04:00,1787444564,750340309,1787444564750340309,108.449575,,,,20923,20922,1,0,0,20923,AxisTarget,1,True,True,True,False,-14.22912,-60.662907,98.756882,-0.065562,51.764297,-14.307814,581.834961,147.614899,484.955475,179.880463,0.136553,179.911758,6533,False,True,
437,/kuka/axis_move/feedback_json,std_msgs/msg/String,2026-08-22T20:22:44.864751-04:00,1787444564,864741033,1787444564864741033,114.400724,,,,20924,20923,1,0,0,20924,AxisTarget,1,True,True,True,False,-14.230795,-60.746841,98.699059,-0.064029,51.916485,-14.307987,581.812073,147.62529,486.110168,179.882965,0.131016,179.914246,6533,False,True,
438,/kuka/axis_move/feedback_json,std_msgs/msg/String,2026-08-22T20:22:45.048712-04:00,1787444565,48692961,1787444565048692961,183.951928,,,,20925,20924,1,0,0,20925,AxisTarget,1,True,True,True,False,-14.23468,-60.940365,98.566536,-0.060537,52.260971,-14.308376,581.750671,147.646835,488.759064,179.888687,0.118325,179.919968,6534,False,True,
439,/kuka/axis_move/feedback_json,std_msgs/msg/String,2026-08-22T20:22:45.164917-04:00,1787444565,164902443,1787444565164902443,116.209482,,,,20926,20925,1,0,0,20926,AxisTarget,1,True,True,True,False,-14.237091,-61.06427,98.482101,-0.058323,52.478443,-14.308621,581.70282,147.659393,490.524597,179.892487,0.109877,179.923798,6534,False,True,
440,/kuka/axis_move/feedback_json,std_msgs/msg/String,2026-08-22T20:22:45.280516-04:00,1787444565,280485351,1787444565280485351,115.582908,,,,20927,20926,1,0,0,20927,AxisTarget,1,True,True,True,False,-14.23977,-61.1926,98.394653,-0.056029,52.703682,-14.308875,581.647461,147.670914,492.354401,179.896393,0.10113,179.92778,6534,False,True,
441,/kuka/axis_move/feedback_json,std_msgs/msg/String,2026-08-22T20:22:45.392653-04:00,1787444565,392641480,1787444565392641480,112.156129,,,,20928,20927,1,0,0,20928,AxisTarget,1,True,True,True,False,-14.24227,-61.316505,98.310219,-0.053815,52.921154,-14.30912,581.586182,147.680893,494.185394,179.900299,0.092386,179.931763,6534,False,True,
442,/kuka/axis_move/feedback_json,std_msgs/msg/String,2026-08-22T20:22:45.584534-04:00,1787444565,584521401,1787444565584521401,191.879921,,,,20929,20928,1,0,0,20929,AxisTarget,1,True,True,True,False,-14.246272,-61.513962,98.176247,-0.050317,53.263088,-14.309504,581.478821,147.693375,497.039581,179.906342,0.078771,179.938004,6535,False,True,
443,/kuka/axis_move/feedback_json,std_msgs/msg/String,2026-08-22T20:22:45.768507-04:00,1787444565,768496803,1787444565768496803,183.975402,,,,20930,20929,1,0,0,20930,AxisTarget,1,True,True,True,False,-14.249103,-61.653137,98.080513,-0.047826,53.505688,-14.309774,581.393433,147.699997,499.076355,179.910629,0.069068,179.942459,6536,False,True,
444,/kuka/axis_move/feedback_json,std_msgs/msg/String,2026-08-22T20:22:45.960107-04:00,1787444565,960091679,1787444565960091679,191.594876,,,,20931,20930,1,0,0,20931,AxisTarget,1,True,True,True,False,-14.250956,-61.743786,98.021187,-0.046291,53.654491,-14.30994,581.333862,147.703293,500.402527,179.913422,0.062756,179.945358,6537,False,True,
445,/kuka/axis_move/feedback_json,std_msgs/msg/String,2026-08-22T20:22:46.080368-04:00,1787444566,80348554,1787444566080348554,120.256875,,,,20932,20931,1,0,0,20932,AxisTarget,1,True,True,True,False,-14.251516,-61.770927,98.003159,-0.04583,53.699516,-14.309989,581.313599,147.704193,500.839722,179.914337,0.060676,179.94632,6537,False,True,
446,/kuka/axis_move/feedback_json,std_msgs/msg/String,2026-08-22T20:22:46.192706-04:00,1787444566,192693146,1787444566192693146,112.344592,,,,20933,20932,1,0,0,20933,AxisTarget,1,True,True,True,False,-14.251699,-61.779369,97.99781,-0.0457,53.7103,-14.31,581.306641,147.704483,500.987732,179.914642,0.059972,179.946655,6537,False,True,
447,/kuka/axis_move/feedback_json,std_msgs/msg/String,2026-08-22T20:22:46.305266-04:00,1787444566,305257139,1787444566305257139,112.563993,,,,20934,20933,1,0,0,20934,AxisTarget,1,True,True,True,False,-14.2517,-61.7794,97.997803,-0.0457,53.7103,-14.31,581.30658,147.704483,500.989563,179.914642,0.059963,179.946655,6537,False,True,
448,/kuka/axis_move/feedback_json,std_msgs/msg/String,2026-08-22T20:22:46.491421-04:00,1787444566,491393811,1787444566491393811,186.136672,,,,20935,20934,1,0,0,20935,AxisTarget,1,True,True,True,True,-14.251913,-61.790756,97.989471,-0.045465,53.734985,-14.310031,581.300537,147.704727,501.117523,179.914917,0.059354,179.94693,6538,False,True,
449,/kuka/axis_move/feedback_json,std_msgs/msg/String,2026-08-22T20:22:46.604562-04:00,1787444566,604551396,1787444566604551396,113.157585,,,,20936,20935,1,0,0,20936,AxisTarget,1,True,True,True,False,-14.252638,-61.827614,97.963722,-0.04477,53.804558,-14.310113,581.278381,147.705536,501.581329,179.915878,0.057148,179.947952,6538,False,True,
450,/kuka/axis_move/feedback_json,std_msgs/msg/String,2026-08-22T20:22:46.719063-04:00,1787444566,719030677,1787444566719030677,114.479281,,,,20937,20936,1,0,0,20937,AxisTarget,1,True,True,True,False,-14.25394,-61.893131,97.918419,-0.043561,53.924603,-14.310252,581.235229,147.706787,502.463989,179.917725,0.05295,179.949905,6538,False,True,
451,/kuka/axis_move/feedback_json,std_msgs/msg/String,2026-08-22T20:22:46.832998-04:00,1787444566,832984103,1787444566832984103,113.953426,,,,20938,20937,1,0,0,20938,AxisTarget,1,True,True,True,False,-14.25573,-61.982784,97.856697,-0.04192,54.086842,-14.310441,581.170166,147.707977,503.745239,179.920395,0.04686,179.952728,6538,False,True,
452,/kuka/axis_move/feedback_json,std_msgs/msg/String,2026-08-22T20:22:47.016566-04:00,1787444567,16554507,1787444567016554507,183.570404,,,,20939,20938,1,0,0,20939,AxisTarget,1,True,True,True,False,-14.259638,-62.181679,97.72065,-0.038327,54.439686,-14.310847,581.02063,147.708008,506.496246,179.926086,0.033796,179.958801,6539,False,True,
453,/kuka/axis_move/feedback_json,std_msgs/msg/String,2026-08-22T20:22:47.204368-04:00,1787444567,204345709,1787444567204345709,187.791202,,,,20940,20939,1,0,0,20940,AxisTarget,1,True,True,True,False,-14.263827,-62.384838,97.579376,-0.034612,54.802902,-14.311264,580.843689,147.704102,509.476044,179.93222,0.019664,179.965408,6540,False,True,
454,/kuka/axis_move/feedback_json,std_msgs/msg/String,2026-08-22T20:22:47.316663-04:00,1787444567,316648323,1787444567316648323,112.302614,,,,20941,20940,1,0,0,20941,AxisTarget,1,True,True,True,False,-14.266107,-62.496883,97.506569,-0.032713,54.987217,-14.311475,580.742493,147.700348,511.072327,179.935471,0.012102,179.968964,6540,False,True,
455,/kuka/axis_move/feedback_json,std_msgs/msg/String,2026-08-22T20:22:47.500449-04:00,1787444567,500437537,1787444567500437537,183.789214,,,,20942,20941,1,0,0,20942,AxisTarget,1,True,True,True,False,-14.268579,-62.617916,97.425117,-0.030597,55.191677,-14.311707,580.619385,147.694519,512.925232,179.939255,0.003331,179.973083,6541,False,True,
456,/kuka/axis_move/feedback_json,std_msgs/msg/String,2026-08-22T20:22:47.616667-04:00,1787444567,616644024,1787444567616644024,116.206487,,,,20943,20942,1,0,0,20943,AxisTarget,1,True,True,True,False,-14.269376,-62.656513,97.399422,-0.029936,55.254745,-14.311779,580.578735,147.692322,513.517761,179.94046,0.000528,179.974411,6541,False,True,
457,/kuka/axis_move/feedback_json,std_msgs/msg/String,2026-08-22T20:22:47.728622-04:00,1787444567,728615327,1787444567728615327,111.971303,,,,20944,20943,1,0,0,20944,AxisTarget,1,True,True,True,False,-14.269695,-62.671432,97.389877,-0.029701,55.276226,-14.3118,580.561218,147.69133,513.770752,179.940964,-0.000669,179.974976,6541,False,True,
458,/kuka/axis_move/feedback_json,std_msgs/msg/String,2026-08-22T20:22:47.845485-04:00,1787444567,845476831,1787444567845476831,116.861504,,,,20945,20944,1,0,0,20945,AxisTarget,1,True,True,True,False,-14.2697,-62.6716,97.389801,-0.0297,55.276299,-14.3118,580.560669,147.691299,513.778992,179.940979,-0.000708,179.974991,6541,False,True,
459,/kuka/axis_move/feedback_json,std_msgs/msg/String,2026-08-22T20:22:48.032234-04:00,1787444568,32196666,1787444568032196666,186.719835,,,,20946,20945,1,0,0,20946,AxisTarget,1,True,True,True,True,-14.269983,-62.686844,97.378555,-0.029379,55.309971,-14.311844,580.549927,147.690674,513.932983,179.941299,-0.001436,179.975327,6542,False,True,
460,/kuka/axis_move/feedback_json,std_msgs/msg/String,2026-08-22T20:22:48.208789-04:00,1787444568,208773369,1787444568208773369,176.576703,,,,20947,20946,1,0,0,20947,AxisTarget,1,True,True,True,False,-14.272115,-62.794991,97.303261,-0.027345,55.512089,-14.312093,580.445557,147.684235,515.401001,179.94426,-0.008371,179.978607,6543,False,True,
461,/kuka/axis_move/feedback_json,std_msgs/msg/String,2026-08-22T20:22:48.321014-04:00,1787444568,321008276,1787444568321008276,112.234907,,,,20948,20947,1,0,0,20948,AxisTarget,1,True,True,True,False,-14.274352,-62.906891,97.223419,-0.025219,55.720356,-14.312346,580.329895,147.676254,516.969055,179.947403,-0.015775,179.982132,6543,False,True,
462,/kuka/axis_move/feedback_json,std_msgs/msg/String,2026-08-22T20:22:48.440682-04:00,1787444568,440670367,1787444568440670367,119.662091,,,,20949,20948,1,0,0,20949,AxisTarget,1,True,True,True,False,-14.276937,-63.039524,97.136086,-0.02291,55.94492,-14.312616,580.188293,147.665421,518.814087,179.951096,-0.024479,179.986267,6543,False,True,
463,/kuka/axis_move/feedback_json,std_msgs/msg/String,2026-08-22T20:22:48.555647-04:00,1787444568,555635368,1787444568555635368,114.965001,,,,20950,20949,1,0,0,20950,AxisTarget,1,True,True,True,False,-14.279187,-63.145542,97.062683,-0.020994,56.129059,-14.312837,580.057251,147.65448,520.455994,179.954376,-0.03222,179.98996,6543,False,True,
464,/kuka/axis_move/feedback_json,std_msgs/msg/String,2026-08-22T20:22:48.741240-04:00,1787444568,741210509,1787444568741210509,185.575141,,,,20951,20950,1,0,0,20951,AxisTarget,1,True,True,True,False,-14.280996,-63.233528,97.006462,-0.01955,56.265289,-14.312996,579.944885,147.644455,521.818726,179.957077,-0.038641,179.993027,6544,False,True,
465,/kuka/axis_move/feedback_json,std_msgs/msg/String,2026-08-22T20:22:48.852490-04:00,1787444568,852483614,1787444568852483614,111.273105,,,,20952,20951,1,0,0,20952,AxisTarget,1,True,True,True,False,-14.2811,-63.2374,97.004204,-0.0195,56.269402,-14.313,579.93689,147.643723,521.914246,179.957275,-0.03909,179.99324,6544,False,True,
466,/kuka/axis_move/feedback_json,std_msgs/msg/String,2026-08-22T20:22:49.040459-04:00,1787444569,40450896,1787444569040450896,187.967282,,,,20953,20952,1,0,0,20953,AxisTarget,1,True,True,True,True,-14.281279,-63.247822,96.995827,-0.019242,56.298496,-14.313031,579.92981,147.643082,521.998901,179.957443,-0.039491,179.993439,6545,False,True,
467,/kuka/axis_move/feedback_json,std_msgs/msg/String,2026-08-22T20:22:49.157903-04:00,1787444569,157895894,1787444569157895894,117.444998,,,,20954,20953,1,0,0,20954,AxisTarget,1,True,True,True,False,-14.283347,-63.351559,96.923378,-0.01729,56.493103,-14.31322,579.818665,147.632889,523.303711,179.960083,-0.045657,179.996384,6545,False,True,
468,/kuka/axis_move/feedback_json,std_msgs/msg/String,2026-08-22T20:22:49.342948-04:00,1787444569,342928578,1787444569342928578,185.032684,,,,20955,20954,1,0,0,20955,AxisTarget,1,True,True,True,False,-14.285979,-63.475983,96.841316,-0.015203,56.68932,-14.3134,579.639832,147.615463,525.333984,179.964188,-0.055244,-179.999039,6546,False,True,
469,/kuka/axis_move/feedback_json,std_msgs/msg/String,2026-08-22T20:22:49.455450-04:00,1787444569,455439122,1787444569455439122,112.510544,,,,20956,20955,1,0,0,20956,AxisTarget,1,True,True,True,False,-14.286,-63.4767,96.841103,-0.0152,56.689499,-14.3134,579.637512,147.615219,525.360168,179.964249,-0.055368,-179.998978,6546,False,True,
470,/kuka/axis_move/feedback_json,std_msgs/msg/String,2026-08-22T20:22:49.640321-04:00,1787444569,640249440,1787444569640249440,184.810318,,,,20957,20956,1,0,0,20957,AxisTarget,1,True,True,True,True,-14.2861,-63.4856,96.835098,-0.0151,56.705002,-14.3135,579.626038,147.613266,525.487915,179.96431,-0.055928,-179.998749,6547,False,True,
471,/kuka/axis_move/feedback_json,std_msgs/msg/String,2026-08-22T20:22:49.756227-04:00,1787444569,756200379,1787444569756200379,115.950939,,,,20958,20957,1,0,0,20958,AxisTarget,1,True,True,True,False,-14.2861,-63.4856,96.835098,-0.0151,56.705002,-14.313501,579.625977,147.613266,525.488037,179.96431,-0.055928,-179.998749,6547,False,True,
472,/kuka/axis_move/feedback_json,std_msgs/msg/String,2026-08-22T20:22:49.933954-04:00,1787444569,933942515,1787444569933942515,177.742136,,,,20959,20958,1,0,0,20959,AxisTarget,1,True,True,True,True,-14.036466,-63.551605,96.936996,-0.014078,56.666607,-14.397118,579.706055,145.101563,525.502441,179.657791,-0.053429,-179.998535,6548,False,True,
473,/kuka/axis_move/feedback_json,std_msgs/msg/String,2026-08-22T20:22:50.048836-04:00,1787444570,48818290,1787444570048818290,114.875775,,,,20960,20959,1,0,0,20960,AxisTarget,1,True,True,True,False,-13.9997,-63.559502,96.9468,-0.014,56.664299,-14.401,579.721985,144.554535,525.505554,179.591003,-0.052884,-179.998489,6548,False,True,
474,/kuka/axis_move/feedback_json,std_msgs/msg/String,2026-08-22T20:22:50.155444-04:00,1787444570,155433310,1787444570155433310,106.61502,,,,20961,20960,1,0,0,20961,AxisTarget,1,True,True,True,True,-13.999662,-63.559528,96.946899,-0.013998,56.664165,-14.401753,579.721985,144.554504,525.505554,179.591003,-0.052884,-179.998489,6548,False,True,
475,/kuka/axis_move/feedback_json,std_msgs/msg/String,2026-08-22T20:22:50.268583-04:00,1787444570,268572782,1787444570268572782,113.139472,,,,20962,20961,1,0,0,20962,AxisTarget,1,True,True,True,False,-13.83461,-63.606064,97.023476,-0.013255,56.63147,-14.483012,579.761963,143.099091,525.513672,179.413208,-0.051447,-179.998413,6548,False,True,
476,/kuka/axis_move/feedback_json,std_msgs/msg/String,2026-08-22T20:22:50.461484-04:00,1787444570,461455844,1787444570461455844,192.883062,,,,20963,20962,1,0,0,20963,AxisTarget,1,True,True,True,False,-13.144158,-63.780514,97.281235,-0.011003,56.542274,-14.663625,579.910278,135.473785,525.554199,178.480484,-0.043903,-179.998016,6549,False,True,
477,/kuka/axis_move/feedback_json,std_msgs/msg/String,2026-08-22T20:22:50.572633-04:00,1787444570,572626908,1787444570572626908,111.171064,,,,20964,20963,1,0,0,20964,AxisTarget,1,True,True,True,False,-13.1402,-63.7812,97.281898,-0.011,56.542198,-14.6637,579.911316,135.391739,525.554626,178.470428,-0.043822,-179.998016,6549,False,True,
478,/kuka/axis_move/feedback_json,std_msgs/msg/String,2026-08-22T20:22:50.760510-04:00,1787444570,760499373,1787444570760499373,187.872465,,,,20965,20964,1,0,0,20965,AxisTarget,1,True,True,True,True,-13.1402,-63.7812,97.281898,-0.011,56.542198,-14.6637,579.911316,135.391739,525.554626,178.470428,-0.043822,-179.998016,6550,False,True,
479,/kuka/axis_move/feedback_json,std_msgs/msg/String,2026-08-22T20:22:50.872670-04:00,1787444570,872664660,1787444570872664660,112.165287,,,,20966,20965,1,0,0,20966,AxisTarget,1,True,True,True,True,-13.137716,-63.78215,97.283943,-0.010974,56.540829,-14.667537,579.911438,135.3862,525.554626,178.469757,-0.043816,-179.998016,6550,False,True,
480,/kuka/axis_move/feedback_json,std_msgs/msg/String,2026-08-22T20:22:50.984142-04:00,1787444570,984118805,1787444570984118805,111.454145,,,,20967,20966,1,0,0,20967,AxisTarget,1,True,True,True,False,-12.888776,-63.851021,97.395172,-0.009892,56.494953,-14.772021,579.935364,133.100906,525.566101,178.189804,-0.041534,-179.997894,6550,False,True,
481,/kuka/axis_move/feedback_json,std_msgs/msg/String,2026-08-22T20:22:51.096520-04:00,1787444571,96514464,1787444571096514464,112.395659,,,,20968,20967,1,0,0,20968,AxisTarget,1,True,True,True,False,-12.162008,-64.04631,97.691757,-0.007177,56.386417,-15.005229,579.948792,125.546936,525.601746,177.262955,-0.033979,-179.997574,6550,False,True,
482,/kuka/axis_move/feedback_json,std_msgs/msg/String,2026-08-22T20:22:51.282294-04:00,1787444571,282284681,1787444571282284681,185.770217,,,,20969,20968,1,0,0,20969,AxisTarget,1,True,True,True,False,-11.707802,-64.150803,97.8405,-0.0059,56.3386,-15.1015,579.896851,120.18013,525.624939,176.603012,-0.028599,-179.99736,6551,False,True,
483,/kuka/axis_move/feedback_json,std_msgs/msg/String,2026-08-22T20:22:51.470516-04:00,1787444571,470510118,1787444571470510118,188.225437,,,,20970,20969,1,0,0,20970,AxisTarget,1,True,True,True,False,-11.7078,-64.150803,97.8405,-0.0059,56.3386,-15.1015,579.896851,120.180199,525.624939,176.603027,-0.028599,-179.99736,6552,False,True,
484,/kuka/axis_move/feedback_json,std_msgs/msg/String,2026-08-22T20:22:51.585017-04:00,1787444571,585005510,1787444571585005510,114.495392,,,,20971,20970,1,0,0,20971,AxisTarget,1,True,True,True,True,-11.677195,-64.160294,97.857536,-0.005721,56.330109,-15.122551,579.893738,119.964554,525.625793,176.576477,-0.028382,-179.99736,6552,False,True,
485,/kuka/axis_move/feedback_json,std_msgs/msg/String,2026-08-22T20:22:51.699454-04:00,1787444571,699446671,1787444571699446671,114.441161,,,,20972,20971,1,0,0,20972,AxisTarget,1,True,True,True,False,-11.226287,-64.281921,98.060272,-0.003832,56.250172,-15.30084,579.812744,115.625832,525.64325,176.041962,-0.023999,-179.997253,6552,False,True,
486,/kuka/axis_move/feedback_json,std_msgs/msg/String,2026-08-22T20:22:51.812456-04:00,1787444571,812446342,1787444571812446342,112.999671,,,,20973,20972,1,0,0,20973,AxisTarget,1,True,True,True,False,-10.293221,-64.523193,98.414185,-0.000669,56.121761,-15.575566,579.507935,105.867149,525.678101,174.836456,-0.014116,-179.997086,6552,False,True,
487,/kuka/axis_move/feedback_json,std_msgs/msg/String,2026-08-22T20:22:52.001552-04:00,1787444572,1525217,1787444572001525217,189.078875,,,,20974,20973,1,0,0,20974,AxisTarget,1,True,True,True,False,-9.702499,-64.668198,98.622398,0.0011,56.053501,-15.714399,579.19281,99.032036,525.698914,173.989227,-0.007171,-179.99704,6553,False,True,
488,/kuka/axis_move/feedback_json,std_msgs/msg/String,2026-08-22T20:22:52.109920-04:00,1787444572,109913609,1787444572109913609,108.388392,,,,20975,20974,1,0,0,20975,AxisTarget,1,True,True,True,False,-9.7025,-64.668198,98.622398,0.0011,56.053501,-15.7144,579.192627,99.027931,525.698914,173.988708,-0.007167,-179.99704,6553,False,True,
489,/kuka/axis_move/feedback_json,std_msgs/msg/String,2026-08-22T20:22:52.296540-04:00,1787444572,296531945,1787444572296531945,186.618336,,,,20976,20975,1,0,0,20976,AxisTarget,1,True,True,True,True,-9.7025,-64.668198,98.622398,0.0011,56.053501,-15.7144,579.192627,99.027931,525.698914,173.988708,-0.007167,-179.99704,6554,False,True,
490,/kuka/axis_move/feedback_json,std_msgs/msg/String,2026-08-22T20:22:52.408428-04:00,1787444572,408419122,1787444572408419122,111.887177,,,,20977,20976,1,0,0,20977,AxisTarget,1,True,True,True,True,-9.689562,-64.672462,98.630478,0.00121,56.04818,-15.727993,579.188538,98.949898,525.699097,173.979034,-0.007088,-179.99704,6554,False,True,
491,/kuka/axis_move/feedback_json,std_msgs/msg/String,2026-08-22T20:22:52.520472-04:00,1787444572,520465737,1787444572520465737,112.046615,,,,20978,20977,1,0,0,20978,AxisTarget,1,True,True,True,False,-9.28924,-64.781258,98.803291,0.002831,55.979946,-15.881071,578.99292,95.430099,525.708496,173.541763,-0.003524,-179.997009,6554,False,True,
492,/kuka/axis_move/feedback_json,std_msgs/msg/String,2026-08-22T20:22:52.639370-04:00,1787444572,639332279,1787444572639332279,118.866542,,,,20979,20978,1,0,0,20979,AxisTarget,1,True,True,True,False,-8.353563,-65.026215,99.178581,0.00627,55.839859,-16.185324,578.367615,86.119171,525.729492,172.381653,0.005932,-179.997009,6554,False,True,
493,/kuka/axis_move/feedback_json,std_msgs/msg/String,2026-08-22T20:22:52.820623-04:00,1787444572,820615090,1787444572820615090,181.282811,,,,20980,20979,1,0,0,20980,AxisTarget,1,True,True,True,False,-7.182131,-65.32061,99.611435,0.010076,55.691128,-16.49659,577.210754,72.918732,525.749451,170.727844,0.019407,-179.997192,6555,False,True,
494,/kuka/axis_move/feedback_json,std_msgs/msg/String,2026-08-22T20:22:53.010580-04:00,1787444573,10566941,1787444573010566941,189.951851,,,,20981,20980,1,0,0,20981,AxisTarget,1,True,True,True,False,-7.1242,-65.333397,99.6278,0.0102,55.687,-16.502399,577.130615,72.121124,525.750305,170.627548,0.020224,-179.997208,6556,False,True,
495,/kuka/axis_move/feedback_json,std_msgs/msg/String,2026-08-22T20:22:53.200550-04:00,1787444573,200539992,1787444573200539992,189.973051,,,,20982,20981,1,0,0,20982,AxisTarget,1,True,True,True,True,-7.1242,-65.333397,99.6278,0.0102,55.687,-16.502399,577.130615,72.121124,525.750305,170.627548,0.020224,-179.997208,6557,False,True,
496,/kuka/axis_move/feedback_json,std_msgs/msg/String,2026-08-22T20:22:53.313266-04:00,1787444573,313240423,1787444573313240423,112.700431,,,,20983,20982,1,0,0,20983,AxisTarget,1,True,True,True,True,-7.107291,-65.338867,99.638008,0.010313,55.681553,-16.516312,577.119995,72.015862,525.750427,170.614304,0.020332,-179.997208,6557,False,True,
497,/kuka/axis_move/feedback_json,std_msgs/msg/String,2026-08-22T20:22:53.428525-04:00,1787444573,428512260,1787444573428512260,115.271837,,,,20984,20983,1,0,0,20984,AxisTarget,1,True,True,True,False,-6.675659,-65.455902,99.823502,0.012083,55.607658,-16.681976,576.724792,68.246574,525.753723,170.13974,0.024195,-179.997284,6557,False,True,
498,/kuka/axis_move/feedback_json,std_msgs/msg/String,2026-08-22T20:22:53.550277-04:00,1787444573,550267183,1787444573550267183,121.754923,,,,20985,20984,1,0,0,20985,AxisTarget,1,True,True,True,False,-5.65007,-65.734825,100.250496,0.016021,55.448399,-17.027983,575.485229,57.746037,525.757935,168.812378,0.034997,-179.997604,6557,False,True,
499,/kuka/axis_move/feedback_json,std_msgs/msg/String,2026-08-22T20:22:53.729305-04:00,1787444573,729287546,1787444573729287546,179.020363,,,,20986,20985,1,0,0,20986,AxisTarget,1,True,True,True,False,-4.147676,-66.10537,100.800407,0.020938,55.255661,-17.433851,573.221619,41.884285,525.749817,166.791336,0.051432,-179.998322,6558,False,True,
500,/kuka/axis_move/feedback_json,std_msgs/msg/String,2026-08-22T20:22:53.840529-04:00,1787444573,840516520,1787444573840516520,111.228974,,,,20987,20986,1,0,0,20987,AxisTarget,1,True,True,True,False,-3.972878,-66.146408,100.856606,0.0214,55.239101,-17.465599,572.883423,39.766708,525.747375,166.519974,0.053638,-179.998428,6558,False,True,
501,/kuka/axis_move/feedback_json,std_msgs/msg/String,2026-08-22T20:22:54.028614-04:00,1787444574,28601093,1787444574028601093,188.084573,,,,20988,20987,1,0,0,20988,AxisTarget,1,True,True,True,True,-3.9729,-66.1464,100.856598,0.0214,55.239101,-17.465599,572.882813,39.762981,525.747375,166.519501,0.053642,-179.998428,6559,False,True,
502,/kuka/axis_move/feedback_json,std_msgs/msg/String,2026-08-22T20:22:54.143340-04:00,1787444574,143318532,1787444574143318532,114.717439,,,,20989,20988,1,0,0,20989,AxisTarget,1,True,True,True,False,-3.9729,-66.1464,100.856598,0.0214,55.239101,-17.465599,572.882813,39.762981,525.747375,166.519501,0.053642,-179.998428,6559,False,True,
503,/kuka/axis_move/feedback_json,std_msgs/msg/String,2026-08-22T20:22:54.252855-04:00,1787444574,252843534,1787444574252843534,109.525002,,,,20990,20989,1,0,0,20990,AxisTarget,1,True,True,True,True,-3.959283,-66.150887,100.865105,0.021495,55.23444,-17.47764,572.873474,39.705147,525.747314,166.512085,0.053702,-179.998444,6559,False,True,
504,/kuka/axis_move/feedback_json,std_msgs/msg/String,2026-08-22T20:22:54.362373-04:00,1787444574,362361563,1787444574362361563,109.518029,,,,20991,20990,1,0,0,20991,AxisTarget,1,True,True,True,False,-3.588596,-66.251915,101.025993,0.023022,55.169792,-17.623081,572.317627,36.338051,525.742737,166.079773,0.057217,-179.998642,6559,False,True,
505,/kuka/axis_move/feedback_json,std_msgs/msg/String,2026-08-22T20:22:54.474854-04:00,1787444574,474841661,1787444574474841661,112.480098,,,,20992,20991,1,0,0,20992,AxisTarget,1,True,True,True,False,-2.620842,-66.506226,101.417091,0.026613,55.022614,-17.944086,570.728333,27.356638,525.726624,164.921722,0.066629,-179.999283,6559,False,True,
506,/kuka/axis_move/feedback_json,std_msgs/msg/String,2026-08-22T20:22:54.663082-04:00,1787444574,663056649,1787444574663056649,188.214988,,,,20993,20992,1,0,0,20993,AxisTarget,1,True,True,True,False,-0.821268,-66.96608,102.105064,0.032761,54.77734,-18.465099,566.965759,8.887978,525.674561,162.516205,0.086155,179.999115,6560,False,True,
507,/kuka/axis_move/feedback_json,std_msgs/msg/String,2026-08-22T20:22:54.772382-04:00,1787444574,772370215,1787444574772370215,109.313566,,,,20994,20993,1,0,0,20994,AxisTarget,1,True,True,True,False,-0.41081,-67.066338,102.248146,0.033978,54.731228,-18.55789,565.89386,4.160452,525.657043,161.894836,0.091193,179.998627,6560,False,True,
508,/kuka/axis_move/feedback_json,std_msgs/msg/String,2026-08-22T20:22:54.961993-04:00,1787444574,961977090,1787444574961977090,189.606875,,,,20995,20994,1,0,0,20995,AxisTarget,1,True,True,True,True,-0.395898,-67.069298,102.251518,0.034,54.730556,-18.558977,565.826782,3.871029,525.655884,161.856705,0.091502,179.998596,6561,False,True,
509,/kuka/axis_move/feedback_json,std_msgs/msg/String,2026-08-22T20:22:55.073607-04:00,1787444575,73583943,1787444575073583943,111.606853,,,,20996,20995,1,0,0,20996,AxisTarget,1,True,True,True,False,-0.226256,-67.117348,102.33091,0.034783,54.699066,-18.63241,565.539001,2.637497,525.651001,161.694138,0.092819,179.998459,6561,False,True,
510,/kuka/axis_move/feedback_json,std_msgs/msg/String,2026-08-22T20:22:55.184844-04:00,1787444575,184824479,1787444575184824479,111.240536,,,,20997,20996,1,0,0,20997,AxisTarget,1,True,True,True,False,0.500993,-67.310448,102.630989,0.037571,54.581062,-18.892658,563.875427,-4.249775,525.621582,160.783325,0.100195,179.997696,6561,False,True,
511,/kuka/axis_move/feedback_json,std_msgs/msg/String,2026-08-22T20:22:55.301166-04:00,1787444575,301159028,1787444575301159028,116.334549,,,,20998,20997,1,0,0,20998,AxisTarget,1,True,True,True,False,1.712826,-67.624207,103.106575,0.041884,54.407009,-19.26734,560.927002,-15.579494,525.564819,159.272995,0.112412,179.996292,6561,False,True,
512,/kuka/axis_move/feedback_json,std_msgs/msg/String,2026-08-22T20:22:55.480392-04:00,1787444575,480380648,1787444575480380648,179.22162,,,,20999,20998,1,0,0,20999,AxisTarget,1,True,True,True,False,3.100659,-67.974556,103.62413,0.046455,54.22739,-19.643539,556.799255,-29.952475,525.477356,157.333878,0.12807,179.994247,6562,False,True,
513,/kuka/axis_move/feedback_json,std_msgs/msg/String,2026-08-22T20:22:55.668428-04:00,1787444575,668416882,1787444575668416882,188.036234,,,,21000,20999,1,0,0,21000,AxisTarget,1,True,True,True,False,3.2041,-67.9981,103.655296,0.0467,54.218899,-19.6591,556.419678,-31.201611,525.468933,157.164063,0.12944,179.994049,6563,False,True,
514,/kuka/axis_move/feedback_json,std_msgs/msg/String,2026-08-22T20:22:55.852326-04:00,1787444575,852314342,1787444575852314342,183.89746,,,,21001,21000,1,0,0,21001,AxisTarget,1,True,True,True,True,3.2041,-67.9981,103.655296,0.0467,54.218899,-19.6591,556.419678,-31.201611,525.468933,157.164063,0.12944,179.994049,6564,False,True,
515,/kuka/axis_move/feedback_json,std_msgs/msg/String,2026-08-22T20:22:55.969817-04:00,1787444575,969794697,1787444575969794697,117.480355,,,,21002,21001,1,0,0,21002,AxisTarget,1,True,True,True,True,3.208372,-67.999672,103.658554,0.046739,54.216831,-19.664774,556.416443,-31.212151,525.468872,157.162628,0.129451,179.994049,6564,False,True,
516,/kuka/axis_move/feedback_json,std_msgs/msg/String,2026-08-22T20:22:56.082193-04:00,1787444576,82163417,1787444576082163417,112.36872,,,,21003,21002,1,0,0,21003,AxisTarget,1,True,True,True,False,3.539401,-68.090729,103.804855,0.048142,54.153225,-19.808815,555.563354,-33.979641,525.449768,156.785614,0.132497,179.993607,6564,False,True,
517,/kuka/axis_move/feedback_json,std_msgs/msg/String,2026-08-22T20:22:56.196848-04:00,1787444576,196837215,1787444576196837215,114.673798,,,,21004,21003,1,0,0,21004,AxisTarget,1,True,True,True,False,4.534082,-68.363037,104.223351,0.051987,53.999763,-20.143309,552.643738,-43.068573,525.38208,155.53978,0.142552,179.992096,6564,False,True,
518,/kuka/axis_move/feedback_json,std_msgs/msg/String,2026-08-22T20:22:56.384472-04:00,1787444576,384435559,1787444576384435559,187.598344,,,,21005,21004,1,0,0,21005,AxisTarget,1,True,True,True,False,6.242028,-68.787628,104.856812,0.057639,53.775215,-20.618914,546.920227,-59.433487,525.24115,153.265152,0.160871,179.989059,6565,False,True,
519,/kuka/axis_move/feedback_json,std_msgs/msg/String,2026-08-22T20:22:56.495686-04:00,1787444576,495680824,1787444576495680824,111.245265,,,,21006,21005,1,0,0,21006,AxisTarget,1,True,True,True,False,6.548795,-68.861214,104.959877,0.0585,53.743301,-20.681814,545.712708,-62.677402,525.210144,152.809158,0.164536,179.988403,6565,False,True,
520,/kuka/axis_move/feedback_json,std_msgs/msg/String,2026-08-22T20:22:56.679544-04:00,1787444576,679538440,1787444576679538440,183.857616,,,,21007,21006,1,0,0,21007,AxisTarget,1,True,True,True,True,6.5501,-68.861397,104.959999,0.0585,53.743301,-20.681801,545.695251,-62.72382,525.209717,152.802612,0.164589,179.988388,6566,False,True,
521,/kuka/axis_move/feedback_json,std_msgs/msg/String,2026-08-22T20:22:56.792566-04:00,1787444576,792554191,1787444576792554191,113.015751,,,,21008,21007,1,0,0,21008,AxisTarget,1,True,True,True,False,6.5501,-68.861397,104.959999,0.0585,53.743301,-20.681801,545.695251,-62.72382,525.209717,152.802612,0.164589,179.988388,6566,False,True,
522,/kuka/axis_move/feedback_json,std_msgs/msg/String,2026-08-22T20:22:56.905829-04:00,1787444576,905818058,1787444576905818058,113.263867,,,,21009,21008,1,0,0,21009,AxisTarget,1,True,True,True,True,6.552002,-68.862167,104.961723,0.058522,53.742073,-20.685328,545.694214,-62.72665,525.209656,152.802216,0.164592,179.988388,6566,False,True,
523,/kuka/axis_move/feedback_json,std_msgs/msg/String,2026-08-22T20:22:57.024009-04:00,1787444577,24002903,1787444577024002903,118.184845,,,,21010,21009,1,0,0,21010,AxisTarget,1,True,True,True,False,6.851302,-68.94503,105.105309,0.059907,53.682957,-20.819874,544.792175,-65.106834,525.186218,152.466492,0.167286,179.9879,6566,False,True,
524,/kuka/axis_move/feedback_json,std_msgs/msg/String,2026-08-22T20:22:57.212244-04:00,1787444577,212214416,1787444577212214416,188.211513,,,,21011,21010,1,0,0,21011,AxisTarget,1,True,True,True,False,8.575614,-69.393005,105.776794,0.066018,53.436184,-21.351856,538.589111,-80.601906,525.019592,150.256332,0.184991,179.984482,6567,False,True,
525,/kuka/axis_move/feedback_json,std_msgs/msg/String,2026-08-22T20:22:57.400649-04:00,1787444577,400633448,1787444577400633448,188.419032,,,,21012,21011,1,0,0,21012,AxisTarget,1,True,True,True,False,9.324033,-69.57711,106.041718,0.0683,53.348999,-21.5296,535.42749,-87.982552,524.931335,149.187744,0.193529,179.982697,6568,False,True,
526,/kuka/axis_move/feedback_json,std_msgs/msg/String,2026-08-22T20:22:57.511291-04:00,1787444577,511275853,1787444577511275853,110.642405,,,,21013,21012,1,0,0,21013,AxisTarget,1,True,True,True,False,9.3241,-69.577103,106.041702,0.0683,53.348999,-21.5296,535.425049,-87.988014,524.931274,149.186951,0.193535,179.982697,6568,False,True,
527,/kuka/axis_move/feedback_json,std_msgs/msg/String,2026-08-22T20:22:57.697424-04:00,1787444577,697414122,1787444577697414122,186.138269,,,,21014,21013,1,0,0,21014,AxisTarget,1,True,True,True,True,9.3241,-69.577103,106.041702,0.0683,53.348999,-21.5296,535.425049,-87.988014,524.931274,149.186951,0.193535,179.982697,6569,False,True,
528,/kuka/axis_move/feedback_json,std_msgs/msg/String,2026-08-22T20:22:57.808377-04:00,1787444577,808365387,1787444577808365387,110.951265,,,,21015,21014,1,0,0,21015,AxisTarget,1,True,True,True,True,9.332974,-69.580162,106.047729,0.06837,53.345482,-21.53894,535.407288,-88.028671,524.930786,149.18103,0.193583,179.982681,6569,False,True,
529,/kuka/axis_move/feedback_json,std_msgs/msg/String,2026-08-22T20:22:57.924526-04:00,1787444577,924515781,1787444577924515781,116.150394,,,,21016,21015,1,0,0,21016,AxisTarget,1,True,True,True,False,9.732855,-69.689552,106.222527,0.070046,53.27478,-21.698532,534.111877,-90.962959,524.894104,148.753174,0.197003,179.981949,6569,False,True,
530,/kuka/axis_move/feedback_json,std_msgs/msg/String,2026-08-22T20:22:58.036373-04:00,1787444578,36362533,1787444578036362533,111.846752,,,,21017,21016,1,0,0,21017,AxisTarget,1,True,True,True,False,10.709955,-69.943916,106.609764,0.073706,53.12748,-22.01594,530.146912,-99.649803,524.779907,147.475983,0.207199,179.979675,6569,False,True,
531,/kuka/axis_move/feedback_json,std_msgs/msg/String,2026-08-22T20:22:58.223752-04:00,1787444578,223745995,1787444578223745995,187.383462,,,,21018,21017,1,0,0,21018,AxisTarget,1,True,True,True,False,11.524637,-70.144951,106.899887,0.0761,53.036198,-22.202305,526.438782,-107.406052,524.670471,146.321747,0.216394,179.977524,6570,False,True,
532,/kuka/axis_move/feedback_json,std_msgs/msg/String,2026-08-22T20:22:58.410280-04:00,1787444578,410270197,1787444578410270197,186.524202,,,,21019,21018,1,0,0,21019,AxisTarget,1,True,True,True,False,11.5251,-70.144997,106.899902,0.0761,53.036201,-22.202299,526.427246,-107.429665,524.670105,146.318207,0.216422,179.977524,6571,False,True,
533,/kuka/axis_move/feedback_json,std_msgs/msg/String,2026-08-22T20:22:58.596565-04:00,1787444578,596557496,1787444578596557496,186.287299,,,,21020,21019,1,0,0,21020,AxisTarget,1,True,True,True,True,11.5251,-70.144997,106.899902,0.0761,53.036201,-22.202299,526.427246,-107.429665,524.670105,146.318207,0.216422,179.977524,6572,False,True,
534,/kuka/axis_move/feedback_json,std_msgs/msg/String,2026-08-22T20:22:58.711650-04:00,1787444578,711638126,1787444578711638126,115.08063,,,,21021,21020,1,0,0,21021,AxisTarget,1,True,True,True,True,11.525147,-70.145035,106.900024,0.076102,53.03603,-22.202909,526.427246,-107.429688,524.670105,146.318207,0.216422,179.977524,6572,False,True,
535,/kuka/axis_move/feedback_json,std_msgs/msg/String,2026-08-22T20:22:58.824414-04:00,1787444578,824402888,1787444578824402888,112.764762,,,,21022,21021,1,0,0,21022,AxisTarget,1,True,True,True,False,11.753747,-70.209259,107.005363,0.077143,52.991291,-22.306179,525.690186,-108.932037,524.647949,146.093048,0.218212,179.977097,6572,False,True,
536,/kuka/axis_move/feedback_json,std_msgs/msg/String,2026-08-22T20:22:58.936561-04:00,1787444578,936548631,1787444578936548631,112.145743,,,,21023,21022,1,0,0,21023,AxisTarget,1,True,True,True,False,12.591246,-70.428017,107.339439,0.080219,52.86776,-22.572735,522.090271,-116.095711,524.538513,145.012085,0.226796,179.974991,6572,False,True,
537,/kuka/axis_move/feedback_json,std_msgs/msg/String,2026-08-22T20:22:59.128585-04:00,1787444579,128575943,1787444579128575943,192.027312,,,,21024,21023,1,0,0,21024,AxisTarget,1,True,True,True,False,13.153099,-70.565002,107.534798,0.0819,52.804699,-22.6999,519.307068,-121.447708,524.452454,144.196304,0.233263,179.973358,6573,False,True,
538,/kuka/axis_move/feedback_json,std_msgs/msg/String,2026-08-22T20:22:59.240270-04:00,1787444579,240261533,1787444579240261533,111.68559,,,,21025,21024,1,0,0,21025,AxisTarget,1,True,True,True,False,13.1531,-70.565002,107.534798,0.0819,52.804699,-22.6999,519.307129,-121.447556,524.452454,144.196335,0.233263,179.973358,6573,False,True,
539,/kuka/axis_move/feedback_json,std_msgs/msg/String,2026-08-22T20:22:59.429807-04:00,1787444579,429800163,1787444579429800163,189.53863,,,,21026,21025,1,0,0,21026,AxisTarget,1,True,True,True,True,13.1531,-70.565002,107.534798,0.0819,52.804699,-22.6999,519.307129,-121.447556,524.452454,144.196335,0.233263,179.973358,6574,False,True,
540,/kuka/axis_move/feedback_json,std_msgs/msg/String,2026-08-22T20:22:59.544712-04:00,1787444579,544705385,1787444579544705385,114.905222,,,,21027,21026,1,0,0,21027,AxisTarget,1,True,True,True,True,13.199512,-70.579231,107.560051,0.082164,52.792358,-22.730259,519.19165,-121.666298,524.448914,144.162827,0.233529,179.973282,6574,False,True,
541,/kuka/axis_move/feedback_json,std_msgs/msg/String,2026-08-22T20:22:59.656210-04:00,1787444579,656204657,1787444579656204657,111.499272,,,,21028,21027,1,0,0,21028,AxisTarget,1,True,True,True,False,13.765474,-70.736656,107.804092,0.084409,52.699642,-22.933006,516.778015,-126.17968,524.374023,143.468933,0.239027,179.971817,6574,False,True,
542,/kuka/axis_move/feedback_json,std_msgs/msg/String,2026-08-22T20:22:59.768516-04:00,1787444579,768509928,1787444579768509928,112.305271,,,,21029,21028,1,0,0,21029,AxisTarget,1,True,True,True,False,14.196346,-70.835022,107.94371,0.085584,52.655216,-23.021843,514.580566,-130.19516,524.305054,142.847046,0.243949,179.970474,6574,False,True,
543,/kuka/axis_move/feedback_json,std_msgs/msg/String,2026-08-22T20:22:59.954439-04:00,1787444579,954432313,1787444579954432313,185.922385,,,,21030,21029,1,0,0,21030,AxisTarget,1,True,True,True,True,14.208214,-70.837318,107.946251,0.085601,52.654705,-23.022774,514.488281,-130.361923,524.302124,142.821121,0.244154,179.970428,6575,False,True,
544,/kuka/axis_move/feedback_json,std_msgs/msg/String,2026-08-22T20:23:00.070268-04:00,1787444580,70260144,1787444580070260144,115.827831,,,,21031,21030,1,0,0,21031,AxisTarget,1,True,True,True,False,14.400421,-70.891335,108.03466,0.086523,52.615067,-23.112938,513.82251,-131.560791,524.281006,142.634583,0.245645,179.970016,6575,False,True,
545,/kuka/axis_move/feedback_json,std_msgs/msg/String,2026-08-22T20:23:00.256587-04:00,1787444580,256580726,1787444580256580726,186.320582,,,,21032,21031,1,0,0,21032,AxisTarget,1,True,True,True,False,14.6904,-70.9617,108.134201,0.0873,52.586201,-23.169701,512.233948,-134.390427,524.230286,142.192734,0.249177,179.969025,6576,False,True,
546,/kuka/axis_move/feedback_json,std_msgs/msg/String,2026-08-22T20:23:00.369746-04:00,1787444580,369736140,1787444580369736140,113.155414,,,,21033,21032,1,0,0,21033,AxisTarget,1,True,True,True,True,14.691623,-70.962219,108.135399,0.087313,52.585354,-23.172098,512.233276,-134.391586,524.230225,142.192551,0.249178,179.969025,6576,False,True,
547,/kuka/axis_move/feedback_json,std_msgs/msg/String,2026-08-22T20:23:00.556438-04:00,1787444580,556426755,1787444580556426755,186.690615,,,,21034,21033,1,0,0,21034,AxisTarget,1,True,True,True,False,14.7238,-70.970299,108.147202,0.0874,52.581501,-23.179899,512.07666,-134.668381,524.22522,142.1492,0.249474,179.968933,6577,False,True,
548,/kuka/axis_move/feedback_json,std_msgs/msg/String,2026-08-22T20:23:00.670441-04:00,1787444580,670411943,1787444580670411943,113.985188,,,,21035,21034,1,0,0,21035,AxisTarget,1,True,True,True,True,14.7238,-70.970299,108.147202,0.0874,52.581501,-23.179899,512.07666,-134.668381,524.22522,142.1492,0.249474,179.968933,6577,False,True,
549,/kuka/axis_move/feedback_json,std_msgs/msg/String,2026-08-22T20:23:00.852592-04:00,1787444580,852579915,1787444580852579915,182.167972,,,,21036,21035,1,0,0,21036,AxisTarget,1,True,True,True,False,14.7238,-70.970299,108.147202,0.0874,52.581501,-23.179899,512.07666,-134.668381,524.22522,142.1492,0.249474,179.968933,6578,False,True,
550,/kuka/axis_move/feedback_json,std_msgs/msg/String,2026-08-22T20:23:00.966340-04:00,1787444580,966325726,1787444580966325726,113.745811,,,,21037,21036,1,0,0,21037,AxisTarget,1,True,True,True,True,14.723667,-70.964798,108.151627,0.087434,52.564121,-23.179817,512.078247,-134.66835,524.20636,142.149261,0.249406,179.968964,6578,False,True,
551,/kuka/axis_move/feedback_json,std_msgs/msg/String,2026-08-22T20:23:01.152380-04:00,1787444581,152372996,1787444581152372996,186.04727,,,,21038,21037,1,0,0,21038,AxisTarget,1,True,True,True,False,14.718184,-70.792885,108.25885,0.08809,52.297916,-23.178808,512.256653,-134.663345,522.031006,142.156509,0.241537,179.972626,6579,False,True,
552,/kuka/axis_move/feedback_json,std_msgs/msg/String,2026-08-22T20:23:01.266440-04:00,1787444581,266429639,1787444581266429639,114.056643,,,,21039,21038,1,0,0,21039,AxisTarget,1,True,True,True,False,14.718,-70.788399,108.261002,0.0881,52.294998,-23.178801,512.265564,-134.66301,521.918762,142.156876,0.241131,179.972809,6579,False,True,
553,/kuka/axis_move/feedback_json,std_msgs/msg/String,2026-08-22T20:23:01.378690-04:00,1787444581,378661443,1787444581378661443,112.231804,,,,21040,21039,1,0,0,21040,AxisTarget,1,True,True,True,True,14.71799,-70.787926,108.261414,0.088103,52.293205,-23.178791,512.265747,-134.66301,521.916931,142.156891,0.241124,179.972824,6579,False,True,
554,/kuka/axis_move/feedback_json,std_msgs/msg/String,2026-08-22T20:23:01.488816-04:00,1787444581,488800066,1787444581488800066,110.138623,,,,21041,21040,1,0,0,21041,AxisTarget,1,True,True,True,False,14.717159,-70.759987,108.279999,0.088225,52.240665,-23.178566,512.286987,-134.662247,521.649414,142.157791,0.240165,179.973267,6579,False,True,
555,/kuka/axis_move/feedback_json,std_msgs/msg/String,2026-08-22T20:23:01.672522-04:00,1787444581,672510949,1787444581672510949,183.710883,,,,21042,21041,1,0,0,21042,AxisTarget,1,True,True,True,False,14.712218,-70.601265,108.381081,0.088858,51.977173,-23.177475,512.435364,-134.655609,519.729614,142.16423,0.233283,179.976471,6580,False,True,
556,/kuka/axis_move/feedback_json,std_msgs/msg/String,2026-08-22T20:23:01.784670-04:00,1787444581,784662422,1787444581784662422,112.151473,,,,21043,21042,1,0,0,21043,AxisTarget,1,True,True,True,False,14.708008,-70.468384,108.464249,0.089389,51.759823,-23.17659,512.559082,-134.648209,518.052795,142.169861,0.227266,179.979263,6580,False,True,
557,/kuka/axis_move/feedback_json,std_msgs/msg/String,2026-08-22T20:23:01.896393-04:00,1787444581,896385524,1787444581896385524,111.723102,,,,21044,21043,1,0,0,21044,AxisTarget,1,True,True,True,False,14.703884,-70.339684,108.543884,0.089854,51.571617,-23.175833,512.673828,-134.639587,516.425232,142.175323,0.221421,179.981964,6580,False,True,
558,/kuka/axis_move/feedback_json,std_msgs/msg/String,2026-08-22T20:23:02.078583-04:00,1787444582,78558876,1787444582078558876,182.173352,,,,21045,21044,1,0,0,21045,AxisTarget,1,True,True,True,False,14.70082,-70.246086,108.600548,0.090192,51.438347,-23.17531,512.764771,-134.631393,515.079102,142.179855,0.216584,179.984207,6581,False,True,
559,/kuka/axis_move/feedback_json,std_msgs/msg/String,2026-08-22T20:23:02.190307-04:00,1787444582,190295453,1787444582190295453,111.736577,,,,21046,21045,1,0,0,21046,AxisTarget,1,True,True,True,False,14.7007,-70.242897,108.602203,0.0902,51.4356,-23.175301,512.769165,-134.630966,515.013062,142.180069,0.216347,179.984314,6581,False,True,
560,/kuka/axis_move/feedback_json,std_msgs/msg/String,2026-08-22T20:23:02.305425-04:00,1787444582,305417963,1787444582305417963,115.12251,,,,21047,21046,1,0,0,21047,AxisTarget,1,True,True,True,True,14.7007,-70.242867,108.602234,0.0902,51.435387,-23.175299,512.769165,-134.630966,515.013062,142.180069,0.216347,179.984314,6581,False,True,
561,/kuka/axis_move/feedback_json,std_msgs/msg/String,2026-08-22T20:23:02.420560-04:00,1787444582,420546765,1787444582420546765,115.128802,,,,21048,21047,1,0,0,21048,AxisTarget,1,True,True,True,False,14.700356,-70.230148,108.610809,0.090255,51.41053,-23.17519,512.776733,-134.630234,514.898071,142.180466,0.215934,179.984512,6581,False,True,
562,/kuka/axis_move/feedback_json,std_msgs/msg/String,2026-08-22T20:23:02.604396-04:00,1787444582,604389535,1787444582604389535,183.84277,,,,21049,21048,1,0,0,21049,AxisTarget,1,True,True,True,False,14.697593,-70.141991,108.667099,0.090599,51.262928,-23.17457,512.845215,-134.623062,513.842896,142.184006,0.212147,179.986252,6582,False,True,
563,/kuka/axis_move/feedback_json,std_msgs/msg/String,2026-08-22T20:23:02.791475-04:00,1787444582,791463529,1787444582791463529,187.073994,,,,21050,21049,1,0,0,21050,AxisTarget,1,True,True,True,False,14.692171,-69.969002,108.776428,0.09126,50.981739,-23.173399,512.972534,-134.607376,511.784607,142.190933,0.204753,179.989655,6583,False,True,
564,/kuka/axis_move/feedback_json,std_msgs/msg/String,2026-08-22T20:23:02.900406-04:00,1787444582,900392837,1787444582900392837,108.929308,,,,21051,21050,1,0,0,21051,AxisTarget,1,True,True,True,False,14.687844,-69.832138,108.862167,0.091773,50.765163,-23.172506,513.0755,-134.592056,510.0112,142.196915,0.198376,179.992584,6583,False,True,
565,/kuka/axis_move/feedback_json,std_msgs/msg/String,2026-08-22T20:23:03.016085-04:00,1787444583,16078251,1787444583016078251,115.685414,,,,21052,21051,1,0,0,21052,AxisTarget,1,True,True,True,False,14.683472,-69.694099,108.948494,0.092308,50.539928,-23.171579,513.167297,-134.576004,508.331909,142.202576,0.192332,179.995361,6583,False,True,
566,/kuka/axis_move/feedback_json,std_msgs/msg/String,2026-08-22T20:23:03.124390-04:00,1787444583,124376687,1787444583124376687,108.298436,,,,21053,21052,1,0,0,21053,AxisTarget,1,True,True,True,False,14.679263,-69.561859,109.030769,0.092778,50.342739,-23.170771,513.257141,-134.557663,506.579956,142.208496,0.186021,179.998245,6583,False,True,
567,/kuka/axis_move/feedback_json,std_msgs/msg/String,2026-08-22T20:23:03.308597-04:00,1787444583,308591014,1787444583308591014,184.214327,,,,21054,21053,1,0,0,21054,AxisTarget,1,True,True,True,False,14.6744,-69.410149,109.124519,0.093332,50.112255,-23.169819,513.351379,-134.534973,504.600464,142.215195,0.178884,-179.998489,6584,False,True,
568,/kuka/axis_move/feedback_json,std_msgs/msg/String,2026-08-22T20:23:03.424493-04:00,1787444583,424466154,1787444583424466154,115.87514,,,,21055,21054,1,0,0,21055,AxisTarget,1,True,True,True,False,14.672672,-69.356735,109.157227,0.093528,50.031506,-23.169508,513.383484,-134.526276,503.885437,142.217606,0.176304,-179.997314,6584,False,True,
569,/kuka/axis_move/feedback_json,std_msgs/msg/String,2026-08-22T20:23:03.604492-04:00,1787444583,604473780,1787444583604473780,180.007626,,,,21056,21055,1,0,0,21056,AxisTarget,1,True,True,True,False,14.6719,-69.333702,109.170799,0.0936,50.003201,-23.169399,513.39856,-134.521988,503.542389,142.218765,0.175065,-179.99675,6585,False,True,
570,/kuka/axis_move/feedback_json,std_msgs/msg/String,2026-08-22T20:23:03.718176-04:00,1787444583,718166391,1787444583718166391,113.692611,,,,21057,21056,1,0,0,21057,AxisTarget,1,True,True,True,False,14.6719,-69.333702,109.170799,0.0936,50.003201,-23.169399,513.39856,-134.521988,503.542419,142.218765,0.175065,-179.99675,6585,False,True,
571,/kuka/axis_move/feedback_json,std_msgs/msg/String,2026-08-22T20:23:03.828718-04:00,1787444583,828707198,1787444583828707198,110.540807,,,,21058,21057,1,0,0,21058,AxisTarget,1,True,True,True,True,14.671777,-69.329361,109.173828,0.093621,49.993881,-23.169357,513.399963,-134.521576,503.509064,142.218887,0.174945,-179.996689,6585,False,True,
572,/kuka/axis_move/feedback_json,std_msgs/msg/String,2026-08-22T20:23:03.942697-04:00,1787444583,942683531,1787444583942683531,113.976333,,,,21059,21058,1,0,0,21059,AxisTarget,1,True,True,True,False,14.671019,-69.304665,109.189774,0.093722,49.951187,-23.169178,513.412292,-134.51796,503.223724,142.219849,0.173915,-179.996216,6585,False,True,
573,/kuka/axis_move/feedback_json,std_msgs/msg/String,2026-08-22T20:23:04.128121-04:00,1787444584,128101974,1787444584128101974,185.418443,,,,21060,21059,1,0,0,21060,AxisTarget,1,True,True,True,False,14.668306,-69.217934,109.24482,0.094066,49.808456,-23.168587,513.455994,-134.504364,502.181,142.223389,0.170148,-179.994492,6586,False,True,
574,/kuka/axis_move/feedback_json,std_msgs/msg/String,2026-08-22T20:23:04.308186-04:00,1787444584,308151148,1787444584308151148,180.049174,,,,21061,21060,1,0,0,21061,AxisTarget,1,True,True,True,False,14.663632,-69.069336,109.341042,0.094663,49.561829,-23.167568,513.527039,-134.479248,500.361877,142.229568,0.163572,-179.991486,6587,False,True,
575,/kuka/axis_move/feedback_json,std_msgs/msg/String,2026-08-22T20:23:04.421978-04:00,1787444584,421966620,1787444584421966620,113.815472,,,,21062,21061,1,0,0,21062,AxisTarget,1,True,True,True,False,14.659697,-68.944504,109.417168,0.095135,49.367558,-23.166769,513.580017,-134.457535,498.882477,142.234589,0.158219,-179.989044,6587,False,True,
576,/kuka/axis_move/feedback_json,std_msgs/msg/String,2026-08-22T20:23:04.532527-04:00,1787444584,532514510,1787444584532514510,110.54789,,,,21063,21062,1,0,0,21063,AxisTarget,1,True,True,True,False,14.655356,-68.807541,109.50296,0.095663,49.150955,-23.165882,513.635742,-134.43103,497.175842,142.240402,0.152037,-179.986221,6587,False,True,
577,/kuka/axis_move/feedback_json,std_msgs/msg/String,2026-08-22T20:23:04.648255-04:00,1787444584,648246292,1787444584648246292,115.731782,,,,21064,21063,1,0,0,21064,AxisTarget,1,True,True,True,False,14.650976,-68.669502,109.589287,0.096195,48.933483,-23.164993,513.688049,-134.401505,495.381744,142.246506,0.145533,-179.983261,6587,False,True,
578,/kuka/axis_move/feedback_json,std_msgs/msg/String,2026-08-22T20:23:04.829952-04:00,1787444584,829914840,1787444584829914840,181.668548,,,,21065,21064,1,0,0,21065,AxisTarget,1,True,True,True,False,14.64378,-68.442818,109.731033,0.097067,48.576645,-23.163536,513.757935,-134.351212,492.539185,142.25621,0.135212,-179.978561,6588,False,True,
579,/kuka/axis_move/feedback_json,std_msgs/msg/String,2026-08-22T20:23:04.943907-04:00,1787444584,943901012,1787444584943901012,113.986172,,,,21066,21065,1,0,0,21066,AxisTarget,1,True,True,True,False,14.63974,-68.31633,109.809624,0.097547,48.381355,-23.162743,513.78949,-134.321747,490.978149,142.261536,0.129537,-179.975983,6588,False,True,
580,/kuka/axis_move/feedback_json,std_msgs/msg/String,2026-08-22T20:23:05.055493-04:00,1787444585,55455909,1787444585055455909,111.554897,,,,21067,21066,1,0,0,21067,AxisTarget,1,True,True,True,False,14.636497,-68.215027,109.872414,0.09793,48.226063,-23.162113,513.812988,-134.295151,489.623871,142.266174,0.124609,-179.973755,6588,False,True,
581,/kuka/axis_move/feedback_json,std_msgs/msg/String,2026-08-22T20:23:05.232512-04:00,1787444585,232501296,1787444585232501296,177.045387,,,,21068,21067,1,0,0,21068,AxisTarget,1,True,True,True,False,14.632977,-68.105606,109.939934,0.09834,48.060593,-23.161446,513.833679,-134.266129,488.200623,142.271042,0.119426,-179.971405,6589,False,True,
582,/kuka/axis_move/feedback_json,std_msgs/msg/String,2026-08-22T20:23:05.344676-04:00,1787444585,344635879,1787444585344635879,112.134583,,,,21069,21068,1,0,0,21069,AxisTarget,1,True,True,True,False,14.631868,-68.071548,109.960686,0.098465,48.011082,-23.161249,513.839478,-134.256546,487.741974,142.272614,0.117754,-179.970657,6589,False,True,
583,/kuka/axis_move/feedback_json,std_msgs/msg/String,2026-08-22T20:23:05.453858-04:00,1787444585,453847566,1787444585453847566,109.211687,,,,21070,21069,1,0,0,21070,AxisTarget,1,True,True,True,False,14.631504,-68.060852,109.966888,0.0985,47.997807,-23.1612,513.841492,-134.253098,487.578217,142.273163,0.117158,-179.970383,6589,False,True,
584,/kuka/axis_move/feedback_json,std_msgs/msg/String,2026-08-22T20:23:05.568988-04:00,1787444585,568972622,1787444585568972622,115.125056,,,,21071,21070,1,0,0,21071,AxisTarget,1,True,True,True,False,14.6315,-68.060799,109.966904,0.0985,47.997799,-23.1612,513.841492,-134.253021,487.57489,142.273178,0.117145,-179.970383,6589,False,True,
585,/kuka/axis_move/feedback_json,std_msgs/msg/String,2026-08-22T20:23:05.754877-04:00,1787444585,754841449,1787444585754841449,185.868827,,,,21072,21071,1,0,0,21072,AxisTarget,1,True,True,True,True,14.631259,-68.052521,109.972511,0.098537,47.981388,-23.161127,513.842468,-134.251343,487.494995,142.273453,0.116854,-179.970245,6590,False,True,
586,/kuka/axis_move/feedback_json,std_msgs/msg/String,2026-08-22T20:23:05.868327-04:00,1787444585,868316593,1787444585868316593,113.475144,,,,21073,21072,1,0,0,21073,AxisTarget,1,True,True,True,False,14.630338,-68.02269,109.991661,0.098656,47.93066,-23.160906,513.846375,-134.244064,487.151794,142.274628,0.115601,-179.969681,6590,False,True,
587,/kuka/axis_move/feedback_json,std_msgs/msg/String,2026-08-22T20:23:05.984867-04:00,1787444585,984861038,1787444585984861038,116.544445,,,,21074,21073,1,0,0,21074,AxisTarget,1,True,True,True,False,14.628716,-67.968491,110.02607,0.098867,47.841412,-23.160547,513.852783,-134.230759,486.532562,142.276749,0.113339,-179.968658,6590,False,True,
588,/kuka/axis_move/feedback_json,std_msgs/msg/String,2026-08-22T20:23:06.099224-04:00,1787444586,99212464,1787444586099212464,114.351426,,,,21075,21074,1,0,0,21075,AxisTarget,1,True,True,True,False,14.626202,-67.890587,110.07531,0.099169,47.714821,-23.160027,513.861084,-134.210358,485.600464,142.279938,0.109933,-179.967133,6590,False,True,
589,/kuka/axis_move/feedback_json,std_msgs/msg/String,2026-08-22T20:23:06.284365-04:00,1787444586,284355041,1787444586284355041,185.142577,,,,21076,21075,1,0,0,21076,AxisTarget,1,True,True,True,False,14.620646,-67.713989,110.186592,0.099848,47.430332,-23.158859,513.873474,-134.161819,483.462738,142.287247,0.102114,-179.963623,6591,False,True,
590,/kuka/axis_move/feedback_json,std_msgs/msg/String,2026-08-22T20:23:06.469292-04:00,1787444586,469263149,1787444586469263149,184.908108,,,,21077,21076,1,0,0,21077,AxisTarget,1,True,True,True,False,14.613785,-67.497047,110.322586,0.100673,47.078583,-23.157423,513.876099,-134.096085,480.725677,142.296646,0.092087,-179.959122,6592,False,True,
591,/kuka/axis_move/feedback_json,std_msgs/msg/String,2026-08-22T20:23:06.584761-04:00,1787444586,584745544,1787444586584745544,115.482395,,,,21078,21077,1,0,0,21078,AxisTarget,1,True,True,True,False,14.609252,-67.35408,110.41201,0.101215,46.861111,-23.156538,513.870056,-134.05278,479.007172,142.302536,0.085781,-179.956299,6592,False,True,
592,/kuka/axis_move/feedback_json,std_msgs/msg/String,2026-08-22T20:23:06.700635-04:00,1787444586,700618701,1787444586700618701,115.873157,,,,21079,21078,1,0,0,21079,AxisTarget,1,True,True,True,False,14.604876,-67.211105,110.501427,0.101757,46.635872,-23.155621,513.857605,-134.006287,477.228943,142.308655,0.079249,-179.953384,6592,False,True,
593,/kuka/axis_move/feedback_json,std_msgs/msg/String,2026-08-22T20:23:06.886829-04:00,1787444586,886802699,1787444586886802699,186.183998,,,,21080,21079,1,0,0,21080,AxisTarget,1,True,True,True,False,14.598037,-67.001343,110.631966,0.102543,46.310547,-23.154303,513.826538,-133.932358,474.524933,142.317978,0.069301,-179.948944,6593,False,True,
594,/kuka/axis_move/feedback_json,std_msgs/msg/String,2026-08-22T20:23:06.996458-04:00,1787444586,996448449,1787444586996448449,109.64575,,,,21081,21080,1,0,0,21081,AxisTarget,1,True,True,True,False,14.594863,-66.902153,110.69342,0.102912,46.158718,-23.15369,513.807556,-133.897507,473.297058,142.322205,0.064777,-179.94693,6593,False,True,
595,/kuka/axis_move/feedback_json,std_msgs/msg/String,2026-08-22T20:23:07.192447-04:00,1787444587,192437897,1787444587192437897,195.989448,,,,21082,21081,1,0,0,21082,AxisTarget,1,True,True,True,False,14.591507,-66.797867,110.757675,0.103295,45.999752,-23.153053,513.782471,-133.857086,471.90799,142.326996,0.059655,-179.944656,6594,False,True,
596,/kuka/axis_move/feedback_json,std_msgs/msg/String,2026-08-22T20:23:07.304508-04:00,1787444587,304487852,1787444587304487852,112.049955,,,,21083,21082,1,0,0,21083,AxisTarget,1,True,True,True,False,14.590643,-66.771507,110.773865,0.10339,45.963951,-23.152914,513.77533,-133.84642,471.547607,142.328247,0.058325,-179.944061,6594,False,True,
597,/kuka/axis_move/feedback_json,std_msgs/msg/String,2026-08-22T20:23:07.416509-04:00,1787444587,416503383,1787444587416503383,112.015531,,,,21084,21083,1,0,0,21084,AxisTarget,1,True,True,True,False,14.5905,-66.767502,110.775803,0.1034,45.9603,-23.152901,513.773926,-133.84436,471.477997,142.328491,0.058068,-179.943954,6594,False,True,
598,/kuka/axis_move/feedback_json,std_msgs/msg/String,2026-08-22T20:23:07.527377-04:00,1787444587,527366755,1787444587527366755,110.863372,,,,21085,21084,1,0,0,21085,AxisTarget,1,True,True,True,True,14.5905,-66.767502,110.775803,0.1034,45.960297,-23.152901,513.773926,-133.84436,471.477997,142.328491,0.058068,-179.943954,6594,False,True,
599,/kuka/axis_move/feedback_json,std_msgs/msg/String,2026-08-22T20:23:07.716719-04:00,1787444587,716710012,1787444587716710012,189.343257,,,,21086,21085,1,0,0,21086,AxisTarget,1,True,True,True,False,14.589644,-66.73909,110.794518,0.103518,45.908257,-23.152681,513.768066,-133.835938,471.195465,142.329468,0.057026,-179.943481,6595,False,True,
600,/kuka/axis_move/feedback_json,std_msgs/msg/String,2026-08-22T20:23:07.905160-04:00,1787444587,905152040,1787444587905152040,188.442028,,,,21087,21086,1,0,0,21087,AxisTarget,1,True,True,True,False,14.586225,-66.629463,110.86422,0.103945,45.727013,-23.151939,513.739014,-133.796417,469.888,142.333969,0.052198,-179.941345,6596,False,True,
601,/kuka/axis_move/feedback_json,std_msgs/msg/String,2026-08-22T20:23:08.016267-04:00,1787444588,16255602,1787444588016255602,111.103562,,,,21088,21087,1,0,0,21088,AxisTarget,1,True,True,True,False,14.582716,-66.517723,110.93483,0.104374,45.545586,-23.151201,513.70697,-133.756592,468.60022,142.338425,0.04744,-179.93924,6596,False,True,
602,/kuka/axis_move/feedback_json,std_msgs/msg/String,2026-08-22T20:23:08.128298-04:00,1787444588,128272996,1787444588128272996,112.017394,,,,21089,21088,1,0,0,21089,AxisTarget,1,True,True,True,False,14.578628,-66.388329,111.016075,0.104864,45.3396,-23.15037,513.661621,-133.704834,466.96817,142.34407,0.041402,-179.936569,6596,False,True,
603,/kuka/axis_move/feedback_json,std_msgs/msg/String,2026-08-22T20:23:08.244519-04:00,1787444588,244494126,1787444588244494126,116.22113,,,,21090,21089,1,0,0,21090,AxisTarget,1,True,True,True,False,14.574092,-66.245369,111.105507,0.105402,45.114361,-23.149462,513.608459,-133.649231,465.262909,142.349976,0.035086,-179.933777,6596,False,True,
604,/kuka/axis_move/feedback_json,std_msgs/msg/String,2026-08-22T20:23:08.426187-04:00,1787444588,426180889,1787444588426180889,181.686763,,,,21091,21090,1,0,0,21091,AxisTarget,1,True,True,True,False,14.567306,-66.032433,111.238052,0.106196,44.783997,-23.148138,513.511353,-133.557159,462.539154,142.359421,0.02498,-179.929337,6597,False,True,
605,/kuka/axis_move/feedback_json,std_msgs/msg/String,2026-08-22T20:23:08.544746-04:00,1787444588,544704472,1787444588544704472,118.523583,,,,21092,21091,1,0,0,21092,AxisTarget,1,True,True,True,False,14.56429,-65.938484,111.297852,0.106551,44.636955,-23.147554,513.463867,-133.515381,461.340851,142.363586,0.020528,-179.927368,6597,False,True,
606,/kuka/axis_move/feedback_json,std_msgs/msg/String,2026-08-22T20:23:08.724706-04:00,1787444588,724689077,1787444588724689077,179.984605,,,,21093,21092,1,0,0,21093,AxisTarget,1,True,True,True,False,14.56142,-65.849876,111.35041,0.106861,44.510258,-23.147055,513.41571,-133.474716,460.19519,142.367569,0.016267,-179.925507,6598,False,True,
607,/kuka/axis_move/feedback_json,std_msgs/msg/String,2026-08-22T20:23:08.837255-04:00,1787444588,837228950,1787444588837228950,112.539873,,,,21094,21093,1,0,0,21094,AxisTarget,1,True,True,True,False,14.561004,-65.837669,111.357475,0.1069,44.495205,-23.146999,513.407043,-133.467575,459.995911,142.368256,0.015525,-179.925186,6598,False,True,
608,/kuka/axis_move/feedback_json,std_msgs/msg/String,2026-08-22T20:23:08.951781-04:00,1787444588,951769621,1787444588951769621,114.540671,,,,21095,21094,1,0,0,21095,AxisTarget,1,True,True,True,False,14.561,-65.837601,111.357498,0.1069,44.495201,-23.146999,513.406921,-133.467453,459.992798,142.368271,0.015514,-179.925171,6598,False,True,
609,/kuka/axis_move/feedback_json,std_msgs/msg/String,2026-08-22T20:23:09.063241-04:00,1787444589,63233669,1787444589063233669,111.464048,,,,21096,21095,1,0,0,21096,AxisTarget,1,True,True,True,True,14.560931,-65.834961,111.359482,0.106915,44.488216,-23.146965,513.406311,-133.466965,459.979309,142.368317,0.015464,-179.925156,6598,False,True,
610,/kuka/axis_move/feedback_json,std_msgs/msg/String,2026-08-22T20:23:09.249796-04:00,1787444589,249787651,1787444589249787651,186.553982,,,,21097,21096,1,0,0,21097,AxisTarget,1,True,True,True,False,14.558125,-65.743752,111.418381,0.107292,44.330521,-23.146292,513.361023,-133.43013,458.962402,142.371887,0.011682,-179.923492,6599,False,True,
611,/kuka/axis_move/feedback_json,std_msgs/msg/String,2026-08-22T20:23:09.363388-04:00,1787444589,363374505,1787444589363374505,113.586854,,,,21098,21097,1,0,0,21098,AxisTarget,1,True,True,True,False,14.55418,-65.618149,111.497826,0.10781,44.118416,-23.145405,513.290894,-133.375259,457.475159,142.377106,0.006145,-179.921051,6599,False,True,
612,/kuka/axis_move/feedback_json,std_msgs/msg/String,2026-08-22T20:23:09.475340-04:00,1787444589,475323351,1787444589475323351,111.948846,,,,21099,21098,1,0,0,21099,AxisTarget,1,True,True,True,False,14.549793,-65.480164,111.584099,0.108327,43.909073,-23.144537,513.208679,-133.313583,455.841309,142.382858,5.5e-05,-179.918381,6599,False,True,
613,/kuka/axis_move/feedback_json,std_msgs/msg/String,2026-08-22T20:23:09.589672-04:00,1787444589,589647027,1787444589589647027,114.323676,,,,21100,21099,1,0,0,21100,AxisTarget,1,True,True,True,False,14.545964,-65.361214,111.659584,0.108789,43.724159,-23.14378,513.12439,-133.252869,454.268951,142.388397,-0.005814,-179.915802,6599,False,True,
614,/kuka/axis_move/feedback_json,std_msgs/msg/String,2026-08-22T20:23:09.772292-04:00,1787444589,772282007,1787444589772282007,182.63498,,,,21101,21100,1,0,0,21101,AxisTarget,1,True,True,True,False,14.543066,-65.273079,111.71077,0.109096,43.604443,-23.143303,513.05719,-133.205963,453.077576,142.392593,-0.010265,-179.913849,6600,False,True,
615,/kuka/axis_move/feedback_json,std_msgs/msg/String,2026-08-22T20:23:09.886899-04:00,1787444589,886865609,1787444589886865609,114.583602,,,,21102,21101,1,0,0,21102,AxisTarget,1,True,True,True,False,14.543,-65.2714,111.711601,0.1091,43.603199,-23.143299,513.055054,-133.204468,453.039917,142.392731,-0.010406,-179.913788,6600,False,True,
616,/kuka/axis_move/feedback_json,std_msgs/msg/String,2026-08-22T20:23:10.077560-04:00,1787444590,77551652,1787444590077551652,190.686043,,,,21103,21102,1,0,0,21103,AxisTarget,1,True,True,True,True,14.54204,-65.237717,111.734833,0.109241,43.532955,-23.142988,513.039673,-133.19397,452.77533,142.393646,-0.011395,-179.913361,6601,False,True,
617,/kuka/axis_move/feedback_json,std_msgs/msg/String,2026-08-22T20:23:10.188345-04:00,1787444590,188331578,1787444590188331578,110.779926,,,,21104,21103,1,0,0,21104,AxisTarget,1,True,True,True,False,14.538095,-65.112,111.813774,0.109678,43.334011,-23.142181,512.951416,-133.13472,451.299072,142.398773,-0.016919,-179.910995,6601,False,True,
618,/kuka/axis_move/feedback_json,std_msgs/msg/String,2026-08-22T20:23:10.369806-04:00,1787444590,369796347,1787444590369796347,181.464769,,,,21105,21104,1,0,0,21105,AxisTarget,1,False,True,True,False,14.5366,-65.068802,111.838303,0.1098,43.284,-23.142,512.905579,-133.104599,450.559753,142.401352,-0.019688,-179.909805,6602,False,True,
619,/kuka/axis_move/feedback_json,std_msgs/msg/String,2026-08-22T20:23:10.481965-04:00,1787444590,481952752,1787444590481952752,112.156405,,,,21106,21105,1,0,0,21106,AxisTarget,1,False,True,True,False,14.5366,-65.068802,111.838303,0.1098,43.284,-23.142,512.905579,-133.104599,450.559753,142.401352,-0.019688,-179.909805,6602,False,True,
620,/kuka/axis_move/feedback_json,std_msgs/msg/String,2026-08-22T20:23:10.597117-04:00,1787444590,597105470,1787444590597105470,115.152718,,,,21107,21106,1,0,0,21107,AxisTarget,1,False,True,True,False,14.5366,-65.068802,111.838303,0.1098,43.284,-23.142,512.905579,-133.104599,450.559753,142.401352,-0.019688,-179.909805,6602,False,True,
621,/kuka/axis_move/feedback_json,std_msgs/msg/String,2026-08-22T20:23:10.711385-04:00,1787444590,711374423,1787444590711374423,114.268953,,,,21108,21107,1,0,0,21108,AxisTarget,1,False,True,True,False,14.5366,-65.068802,111.838303,0.1098,43.284,-23.142,512.905579,-133.104599,450.559753,142.401352,-0.019688,-179.909805,6602,False,True,
622,/kuka/axis_move/feedback_json,std_msgs/msg/String,2026-08-22T20:23:10.900247-04:00,1787444590,900235027,1787444590900235027,188.860604,,,,21109,21108,1,0,0,21109,AxisTarget,1,False,True,True,False,14.5366,-65.068802,111.838303,0.1098,43.284,-23.142,512.905579,-133.104599,450.559753,142.401352,-0.019688,-179.909805,6603,False,True,
623,/kuka/axis_move/feedback_json,std_msgs/msg/String,2026-08-22T20:23:11.108427-04:00,1787444591,108391339,1787444591108391339,208.156312,,,,21110,21109,1,0,0,21110,AxisTarget,1,False,True,True,False,14.5366,-65.068802,111.838303,0.1098,43.284,-23.142,512.905579,-133.104599,450.559753,142.401352,-0.019688,-179.909805,6604,False,True,
624,/kuka/axis_move/feedback_json,std_msgs/msg/String,2026-08-22T20:23:11.220313-04:00,1787444591,220301363,1787444591220301363,111.910024,,,,21111,21110,1,0,0,21111,AxisTarget,1,False,True,True,False,14.5366,-65.068802,111.838303,0.1098,43.284,-23.142,512.905579,-133.104599,450.559753,142.401352,-0.019688,-179.909805,6604,False,True,
625,/kuka/axis_move/feedback_json,std_msgs/msg/String,2026-08-22T20:23:11.332827-04:00,1787444591,332803055,1787444591332803055,112.501692,,,,21112,21111,1,0,0,21112,AxisTarget,1,False,True,True,False,14.5366,-65.068802,111.838303,0.1098,43.284,-23.142,512.905579,-133.104599,450.559753,142.401352,-0.019688,-179.909805,6604,False,True,
626,/kuka/axis_move/feedback_json,std_msgs/msg/String,2026-08-22T20:23:11.444172-04:00,1787444591,444165203,1787444591444165203,111.362148,,,,21113,21112,1,0,0,21113,AxisTarget,1,False,True,True,False,14.5366,-65.068802,111.838303,0.1098,43.284,-23.142,512.905579,-133.104599,450.559753,142.401352,-0.019688,-179.909805,6604,False,True,
627,/kuka/axis_move/feedback_json,std_msgs/msg/String,2026-08-22T20:23:11.635131-04:00,1787444591,635124709,1787444591635124709,190.959506,,,,21114,21113,1,0,0,21114,AxisTarget,1,False,True,True,False,14.5366,-65.068802,111.838303,0.1098,43.284,-23.142,512.905579,-133.104599,450.559753,142.401352,-0.019688,-179.909805,6605,False,True,
628,/kuka/axis_move/feedback_json,std_msgs/msg/String,2026-08-22T20:23:11.750578-04:00,1787444591,750565878,1787444591750565878,115.441169,,,,21115,21114,1,0,0,21115,AxisTarget,1,False,True,True,False,14.5366,-65.068802,111.838303,0.1098,43.284,-23.142,512.905579,-133.104599,450.559753,142.401352,-0.019688,-179.909805,6605,False,True,
629,/kuka/axis_move/feedback_json,std_msgs/msg/String,2026-08-22T20:23:11.863943-04:00,1787444591,863915288,1787444591863915288,113.34941,,,,21116,21115,1,0,0,21116,AxisTarget,1,False,True,True,False,14.5366,-65.068802,111.838303,0.1098,43.284,-23.142,512.905579,-133.104599,450.559753,142.401352,-0.019688,-179.909805,6605,False,True,
630,/kuka/axis_move/feedback_json,std_msgs/msg/String,2026-08-22T20:23:11.979067-04:00,1787444591,979057317,1787444591979057317,115.142029,,,,21117,21116,1,0,0,21117,AxisTarget,1,False,True,True,False,14.5366,-65.068802,111.838303,0.1098,43.284,-23.142,512.905579,-133.104599,450.559753,142.401352,-0.019688,-179.909805,6605,False,True,
631,/kuka/axis_move/feedback_json,std_msgs/msg/String,2026-08-22T20:23:12.167906-04:00,1787444592,167892744,1787444592167892744,188.835427,,,,21118,21117,1,0,0,21118,AxisTarget,1,False,True,True,False,14.5366,-65.068802,111.838303,0.1098,43.284,-23.142,512.905579,-133.104599,450.559753,142.401352,-0.019688,-179.909805,6606,False,True,
632,/kuka/axis_move/feedback_json,std_msgs/msg/String,2026-08-22T20:23:12.289591-04:00,1787444592,289582049,1787444592289582049,121.689305,,,,21119,21118,1,0,0,21119,AxisTarget,1,False,True,True,False,14.5366,-65.068802,111.838303,0.1098,43.284,-23.142,512.905579,-133.104599,450.559753,142.401352,-0.019688,-179.909805,6606,False,True,
633,/kuka/axis_move/feedback_json,std_msgs/msg/String,2026-08-22T20:23:12.479530-04:00,1787444592,479487781,1787444592479487781,189.905732,,,,21120,21119,1,0,0,21120,AxisTarget,1,False,True,True,False,14.5366,-65.068802,111.838303,0.1098,43.284,-23.142,512.905579,-133.104599,450.559753,142.401352,-0.019688,-179.909805,6607,False,True,
634,/kuka/axis_move/feedback_json,std_msgs/msg/String,2026-08-22T20:23:12.589663-04:00,1787444592,589651894,1787444592589651894,110.164113,,,,21121,21120,1,0,0,21121,AxisTarget,1,True,True,True,True,14.5366,-65.068733,111.838371,0.109824,43.283718,-23.142,512.905579,-133.104599,450.559723,142.401352,-0.019688,-179.909805,6607,False,True,
635,/kuka/axis_move/feedback_json,std_msgs/msg/String,2026-08-22T20:23:12.782255-04:00,1787444592,782247376,1787444592782247376,192.595482,,,,21122,21121,1,0,0,21122,AxisTarget,1,True,True,True,False,14.5366,-65.068199,111.838699,0.1099,43.283108,-23.142,512.904846,-133.104507,450.552277,142.401428,-0.019753,-179.909698,6608,False,True,
636,/kuka/axis_move/feedback_json,std_msgs/msg/String,2026-08-22T20:23:12.896497-04:00,1787444592,896467567,1787444592896467567,114.220191,,,,21123,21122,1,0,0,21123,AxisTarget,1,True,True,True,True,14.5366,-65.110504,111.810104,0.107252,43.379547,-23.142254,512.927307,-133.108963,450.928925,142.400146,-0.020351,-179.910477,6608,False,True,
637,/kuka/axis_move/feedback_json,std_msgs/msg/String,2026-08-22T20:23:13.080444-04:00,1787444593,80433642,1787444593080433642,183.966075,,,,21124,21123,1,0,0,21124,AxisTarget,1,True,True,True,False,14.5366,-65.244583,111.730003,0.1014,43.569607,-23.1427,513.028809,-133.128799,452.69751,142.394196,-0.023171,-179.914154,6609,False,True,
638,/kuka/axis_move/feedback_json,std_msgs/msg/String,2026-08-22T20:23:13.192613-04:00,1787444593,192603303,1787444593192603303,112.169661,,,,21125,21124,1,0,0,21125,AxisTarget,1,True,True,True,False,14.5366,-65.244598,111.730003,0.1014,43.569599,-23.1427,513.029114,-133.128845,452.702576,142.39418,-0.023179,-179.914169,6609,False,True,
639,/kuka/axis_move/feedback_json,std_msgs/msg/String,2026-08-22T20:23:13.309642-04:00,1787444593,309605307,1787444593309605307,117.002004,,,,21126,21125,1,0,0,21126,AxisTarget,1,True,True,True,True,14.536602,-65.248398,111.727249,0.101152,43.579334,-23.142725,513.030273,-133.129089,452.724152,142.394119,-0.023213,-179.914215,6609,False,True,
640,/kuka/axis_move/feedback_json,std_msgs/msg/String,2026-08-22T20:23:13.420344-04:00,1787444593,420331834,1787444593420331834,110.726527,,,,21127,21126,1,0,0,21127,AxisTarget,1,True,True,True,False,14.536627,-65.294067,111.697945,0.098788,43.662674,-23.142916,513.057434,-133.134537,453.217651,142.392456,-0.023998,-179.915237,6609,False,True,
641,/kuka/axis_move/feedback_json,std_msgs/msg/String,2026-08-22T20:23:13.608328-04:00,1787444593,608322459,1787444593608322459,187.990625,,,,21128,21127,1,0,0,21128,AxisTarget,1,True,True,True,False,14.536727,-65.478477,111.582909,0.089759,43.972786,-23.143608,513.167664,-133.156326,455.324646,142.385468,-0.02736,-179.919632,6610,False,True,
642,/kuka/axis_move/feedback_json,std_msgs/msg/String,2026-08-22T20:23:13.799991-04:00,1787444593,799978330,1787444593799978330,191.655871,,,,21129,21128,1,0,0,21129,AxisTarget,1,True,True,True,False,14.536846,-65.683266,111.457558,0.079949,44.303429,-23.144333,513.291748,-133.179947,457.934448,142.376877,-0.03155,-179.925156,6611,False,True,
643,/kuka/axis_move/feedback_json,std_msgs/msg/String,2026-08-22T20:23:13.984902-04:00,1787444593,984891770,1787444593984891770,184.91344,,,,21130,21129,1,0,0,21130,AxisTarget,1,True,True,True,False,14.536899,-65.772003,111.404724,0.07615,44.427711,-23.144598,513.343811,-133.189499,459.125549,142.373001,-0.033473,-179.927689,6612,False,True,
644,/kuka/axis_move/feedback_json,std_msgs/msg/String,2026-08-22T20:23:14.088285-04:00,1787444594,88278367,1787444594088278367,103.386597,,,,21131,21130,1,0,0,21131,AxisTarget,1,True,True,True,False,14.5369,-65.773697,111.4039,0.0761,44.429001,-23.1446,513.345703,-133.18985,459.170715,142.372849,-0.033546,-179.92778,6612,False,True,
645,/kuka/axis_move/feedback_json,std_msgs/msg/String,2026-08-22T20:23:14.200471-04:00,1787444594,200460010,1787444594200460010,112.181643,,,,21132,21131,1,0,0,21132,AxisTarget,1,True,True,True,True,14.5369,-65.77375,111.403847,0.076094,44.429317,-23.144602,513.345703,-133.18985,459.170715,142.372849,-0.033546,-179.92778,6612,False,True,
646,/kuka/axis_move/feedback_json,std_msgs/msg/String,2026-08-22T20:23:14.316301-04:00,1787444594,316294967,1787444594316294967,115.834957,,,,21133,21132,1,0,0,21133,AxisTarget,1,True,True,True,False,14.536903,-65.786064,111.395676,0.075412,44.454071,-23.144661,513.350281,-133.190659,459.278748,142.372498,-0.03372,-179.928024,6612,False,True,
647,/kuka/axis_move/feedback_json,std_msgs/msg/String,2026-08-22T20:23:14.508265-04:00,1787444594,508253136,1787444594508253136,191.958169,,,,21134,21133,1,0,0,21134,AxisTarget,1,True,True,True,False,14.536934,-65.877159,111.338379,0.070875,44.611122,-23.145031,513.392456,-133.197998,460.303528,142.369186,-0.03538,-179.930222,6613,False,True,
648,/kuka/axis_move/feedback_json,std_msgs/msg/String,2026-08-22T20:23:14.623594-04:00,1787444594,623548712,1787444594623548712,115.295576,,,,21135,21134,1,0,0,21135,AxisTarget,1,True,True,True,False,14.536967,-65.975616,111.277008,0.066055,44.776539,-23.145416,513.437378,-133.205566,461.455566,142.365463,-0.037251,-179.932709,6613,False,True,
649,/kuka/axis_move/feedback_json,std_msgs/msg/String,2026-08-22T20:23:14.742534-04:00,1787444594,742518413,1787444594742518413,118.969701,,,,21136,21135,1,0,0,21136,AxisTarget,1,True,True,True,False,14.537009,-66.100395,111.196671,0.059781,44.9907,-23.145912,513.493347,-133.214615,463.00177,142.360519,-0.039771,-179.936081,6613,False,True,
650,/kuka/axis_move/feedback_json,std_msgs/msg/String,2026-08-22T20:23:14.856251-04:00,1787444594,856238729,1787444594856238729,113.720316,,,,21137,21136,1,0,0,21137,AxisTarget,1,True,True,True,False,14.537058,-66.243858,111.111198,0.053145,45.215939,-23.146431,513.5495,-133.223083,464.704956,142.355103,-0.042559,-179.939804,6613,False,True,
651,/kuka/axis_move/feedback_json,std_msgs/msg/String,2026-08-22T20:23:15.045585-04:00,1787444595,45575797,1787444595045575797,189.337068,,,,21138,21137,1,0,0,21138,AxisTarget,1,True,True,True,False,14.537131,-66.458466,110.979492,0.04278,45.566116,-23.147234,513.627258,-133.233383,467.433502,142.346512,-0.047051,-179.945862,6614,False,True,
652,/kuka/axis_move/feedback_json,std_msgs/msg/String,2026-08-22T20:23:15.232445-04:00,1787444595,232438209,1787444595232438209,186.862412,,,,21139,21138,1,0,0,21139,AxisTarget,1,True,True,True,False,14.53718,-66.599365,110.893784,0.036395,45.779926,-23.147718,513.6698,-133.237946,469.209106,142.340973,-0.049991,-179.949829,6615,False,True,
653,/kuka/axis_move/feedback_json,std_msgs/msg/String,2026-08-22T20:23:15.416516-04:00,1787444595,416507478,1787444595416507478,184.069269,,,,21140,21139,1,0,0,21140,AxisTarget,1,True,True,True,False,14.537199,-66.65435,110.861015,0.033938,45.860394,-23.147898,513.686218,-133.23938,469.976959,142.338593,-0.051266,-179.951553,6616,False,True,
654,/kuka/axis_move/feedback_json,std_msgs/msg/String,2026-08-22T20:23:15.532082-04:00,1787444595,532071678,1787444595532071678,115.5642,,,,21141,21140,1,0,0,21141,AxisTarget,1,True,True,True,False,14.5372,-66.655602,110.860397,0.0339,45.861401,-23.1479,513.68689,-133.239441,470.00885,142.338501,-0.051319,-179.95163,6616,False,True,
655,/kuka/axis_move/feedback_json,std_msgs/msg/String,2026-08-22T20:23:15.640434-04:00,1787444595,640423377,1787444595640423377,108.351699,,,,21142,21141,1,0,0,21142,AxisTarget,1,True,True,True,True,14.5372,-66.65564,110.860359,0.033895,45.861649,-23.1479,513.68689,-133.239441,470.008911,142.338501,-0.051319,-179.95163,6616,False,True,
656,/kuka/axis_move/feedback_json,std_msgs/msg/String,2026-08-22T20:23:15.752247-04:00,1787444595,752240037,1787444595752240037,111.81666,,,,21143,21142,1,0,0,21143,AxisTarget,1,True,True,True,False,14.537204,-66.665276,110.853958,0.033363,45.881016,-23.147947,513.68866,-133.239578,470.093933,142.338242,-0.051461,-179.951828,6616,False,True,
657,/kuka/axis_move/feedback_json,std_msgs/msg/String,2026-08-22T20:23:15.937902-04:00,1787444595,937889667,1787444595937889667,185.64963,,,,21144,21143,1,0,0,21144,AxisTarget,1,True,True,True,False,14.53723,-66.732178,110.811874,0.030032,45.996502,-23.148218,513.70343,-133.240677,470.849884,142.335907,-0.052723,-179.953522,6617,False,True,
658,/kuka/axis_move/feedback_json,std_msgs/msg/String,2026-08-22T20:23:16.056490-04:00,1787444596,56476740,1787444596056476740,118.587073,,,,21145,21144,1,0,0,21145,AxisTarget,1,True,True,True,False,14.53726,-66.807449,110.764946,0.026351,46.123058,-23.148512,513.719299,-133.241577,471.734955,142.333191,-0.054204,-179.955536,6617,False,True,
659,/kuka/axis_move/feedback_json,std_msgs/msg/String,2026-08-22T20:23:16.168111-04:00,1787444596,168103515,1787444596168103515,111.626775,,,,21146,21145,1,0,0,21146,AxisTarget,1,True,True,True,False,14.537301,-66.908318,110.702255,0.021446,46.291183,-23.148901,513.738342,-133.242111,472.936432,142.329514,-0.05622,-179.958267,6617,False,True,
660,/kuka/axis_move/feedback_json,std_msgs/msg/String,2026-08-22T20:23:16.355851-04:00,1787444596,355827782,1787444596355827782,187.724267,,,,21147,21146,1,0,0,21147,AxisTarget,1,True,True,True,False,14.537384,-67.115738,110.573921,0.011455,46.632057,-23.149685,513.76886,-133.240753,475.453766,142.321884,-0.060463,-179.964035,6618,False,True,
661,/kuka/axis_move/feedback_json,std_msgs/msg/String,2026-08-22T20:23:16.468579-04:00,1787444596,468560828,1787444596468560828,112.733046,,,,21148,21147,1,0,0,21148,AxisTarget,1,True,True,True,False,14.537438,-67.249634,110.491417,0.005057,46.849529,-23.150185,513.78241,-133.237885,477.169281,142.316742,-0.063368,-179.968002,6618,False,True,
662,/kuka/axis_move/feedback_json,std_msgs/msg/String,2026-08-22T20:23:16.581550-04:00,1787444596,581542280,1787444596581542280,112.981452,,,,21149,21148,1,0,0,21149,AxisTarget,1,True,True,True,False,14.537495,-67.388313,110.405968,-0.00157,47.074768,-23.150702,513.789978,-133.233627,478.827118,142.311798,-0.066187,-179.971863,6618,False,True,
663,/kuka/axis_move/feedback_json,std_msgs/msg/String,2026-08-22T20:23:16.692305-04:00,1787444596,692294095,1787444596692294095,110.751815,,,,21150,21149,1,0,0,21150,AxisTarget,1,True,True,True,False,14.537548,-67.52076,110.324516,-0.007872,47.288467,-23.15119,513.791992,-133.227921,480.478333,142.306931,-0.069006,-179.975723,6618,False,True,
664,/kuka/axis_move/feedback_json,std_msgs/msg/String,2026-08-22T20:23:16.880232-04:00,1787444596,880220722,1787444596880220722,187.926627,,,,21151,21150,1,0,0,21151,AxisTarget,1,True,True,True,False,14.537622,-67.702957,110.213058,-0.016454,47.57803,-23.15185,513.785645,-133.217438,482.803192,142.300125,-0.072993,-179.981232,6619,False,True,
665,/kuka/axis_move/feedback_json,std_msgs/msg/String,2026-08-22T20:23:17.068339-04:00,1787444597,68333416,1787444597068333416,188.112694,,,,21152,21151,1,0,0,21152,AxisTarget,1,True,True,True,False,14.537671,-67.821861,110.140579,-0.022013,47.764919,-23.152273,513.77533,-133.208771,484.368378,142.295593,-0.075689,-179.984955,6620,False,True,
666,/kuka/axis_move/feedback_json,std_msgs/msg/String,2026-08-22T20:23:17.256237-04:00,1787444597,256231309,1787444597256231309,187.897893,,,,21153,21152,1,0,0,21153,AxisTarget,1,True,True,True,False,14.537696,-67.882629,110.103943,-0.024792,47.857258,-23.152481,513.768188,-133.203873,485.162903,142.29332,-0.077062,-179.986862,6621,False,True,
667,/kuka/axis_move/feedback_json,std_msgs/msg/String,2026-08-22T20:23:17.368547-04:00,1787444597,368534811,1787444597368534811,112.303502,,,,21154,21153,1,0,0,21154,AxisTarget,1,True,True,True,False,14.5377,-67.890297,110.099602,-0.0251,47.866798,-23.1525,513.766968,-133.203033,485.291992,142.292938,-0.077285,-179.987167,6621,False,True,
668,/kuka/axis_move/feedback_json,std_msgs/msg/String,2026-08-22T20:23:17.476383-04:00,1787444597,476372597,1787444597476372597,107.837786,,,,21155,21154,1,0,0,21155,AxisTarget,1,True,True,True,False,14.5377,-67.890297,110.099602,-0.0251,47.866798,-23.1525,513.766907,-133.203033,485.292786,142.292938,-0.077286,-179.987167,6621,False,True,
669,/kuka/axis_move/feedback_json,std_msgs/msg/String,2026-08-22T20:23:17.594939-04:00,1787444597,594914577,1787444597594914577,118.54198,,,,21156,21155,1,0,0,21156,AxisTarget,1,True,True,True,True,14.537701,-67.892082,110.098305,-0.025217,47.87138,-23.152512,513.766846,-133.202972,485.303131,142.292908,-0.077304,-179.987198,6621,False,True,
670,/kuka/axis_move/feedback_json,std_msgs/msg/String,2026-08-22T20:23:17.780210-04:00,1787444597,780203983,1787444597780203983,185.289406,,,,21157,21156,1,0,0,21157,AxisTarget,1,True,True,True,False,14.537719,-67.941582,110.066902,-0.027725,47.958904,-23.152719,513.761108,-133.199387,485.845551,142.291351,-0.078239,-179.988495,6622,False,True,
671,/kuka/axis_move/feedback_json,std_msgs/msg/String,2026-08-22T20:23:17.894143-04:00,1787444597,894135295,1787444597894135295,113.931312,,,,21158,21157,1,0,0,21158,AxisTarget,1,True,True,True,False,14.537743,-68.002914,110.028572,-0.030742,48.062691,-23.15296,513.752686,-133.194397,486.565704,142.289291,-0.079483,-179.990234,6622,False,True,
672,/kuka/axis_move/feedback_json,std_msgs/msg/String,2026-08-22T20:23:18.017545-04:00,1787444598,17502394,1787444598017502394,123.367099,,,,21159,21158,1,0,0,21159,AxisTarget,1,True,True,True,False,14.537775,-68.09166,109.973335,-0.035073,48.211143,-23.153305,513.738342,-133.186539,487.625549,142.286285,-0.081317,-179.992813,6622,False,True,
673,/kuka/axis_move/feedback_json,std_msgs/msg/String,2026-08-22T20:23:18.120116-04:00,1787444598,120109370,1787444598120109370,102.606976,,,,21160,21159,1,0,0,21160,AxisTarget,1,True,True,True,False,14.537819,-68.201698,109.904999,-0.04042,48.394024,-23.153727,513.71637,-133.17543,489.005432,142.282379,-0.08371,-179.99617,6622,False,True,
674,/kuka/axis_move/feedback_json,std_msgs/msg/String,2026-08-22T20:23:18.308548-04:00,1787444598,308536886,1787444598308536886,188.427516,,,,21161,21160,1,0,0,21161,AxisTarget,1,True,True,True,False,14.537903,-68.418381,109.771202,-0.050826,48.747818,-23.154541,513.662781,-133.150955,491.687317,142.274872,-0.088384,179.997253,6623,False,True,
675,/kuka/axis_move/feedback_json,std_msgs/msg/String,2026-08-22T20:23:18.495460-04:00,1787444598,495430287,1787444598495430287,186.893401,,,,21162,21161,1,0,0,21162,AxisTarget,1,True,True,True,False,14.537991,-68.643135,109.63269,-0.06158,49.112862,-23.155378,513.593262,-133.121979,494.431122,142.267303,-0.093193,179.990448,6624,False,True,
676,/kuka/axis_move/feedback_json,std_msgs/msg/String,2026-08-22T20:23:18.604219-04:00,1787444598,604206431,1787444598604206431,108.776144,,,,21163,21162,1,0,0,21163,AxisTarget,1,True,True,True,False,14.538041,-68.771645,109.550751,-0.067932,49.32814,-23.155872,513.543762,-133.102432,496.099487,142.262756,-0.096131,179.986282,6624,False,True,
677,/kuka/axis_move/feedback_json,std_msgs/msg/String,2026-08-22T20:23:18.720220-04:00,1787444598,720194236,1787444598720194236,115.987805,,,,21164,21163,1,0,0,21164,AxisTarget,1,True,True,True,False,14.538088,-68.891396,109.480247,-0.073372,49.511612,-23.156305,513.493713,-133.083282,497.622986,142.258636,-0.098823,179.982452,6624,False,True,
678,/kuka/axis_move/feedback_json,std_msgs/msg/String,2026-08-22T20:23:18.823857-04:00,1787444598,823850919,1787444598823850919,103.656683,,,,21165,21164,1,0,0,21165,AxisTarget,1,True,True,True,False,14.538126,-68.990257,109.419777,-0.078031,49.66856,-23.156649,513.448669,-133.066483,498.887024,142.255249,-0.101064,179.979263,6624,False,True,
679,/kuka/axis_move/feedback_json,std_msgs/msg/String,2026-08-22T20:23:19.008883-04:00,1787444599,8876822,1787444599008876822,185.025903,,,,21166,21165,1,0,0,21166,AxisTarget,1,True,True,True,False,14.538172,-69.107338,109.348373,-0.083516,49.852749,-23.157066,513.391785,-133.045654,500.372223,142.251282,-0.103703,179.975494,6625,False,True,
680,/kuka/axis_move/feedback_json,std_msgs/msg/String,2026-08-22T20:23:19.120294-04:00,1787444599,120286750,1787444599120286750,111.409928,,,,21167,21166,1,0,0,21167,AxisTarget,1,True,True,True,False,14.53819,-69.151001,109.32193,-0.085534,49.920029,-23.157219,513.367554,-133.036926,500.972015,142.249695,-0.104771,179.973969,6625,False,True,
681,/kuka/axis_move/feedback_json,std_msgs/msg/String,2026-08-22T20:23:19.235705-04:00,1787444599,235697324,1787444599235697324,115.410574,,,,21168,21167,1,0,0,21168,AxisTarget,1,True,True,True,False,14.538198,-69.173775,109.30835,-0.086552,49.953384,-23.157291,513.354919,-133.032379,501.278412,142.248886,-0.105318,179.97319,6625,False,True,
682,/kuka/axis_move/feedback_json,std_msgs/msg/String,2026-08-22T20:23:19.345992-04:00,1787444599,345985721,1787444599345985721,110.288397,,,,21169,21168,1,0,0,21169,AxisTarget,1,True,True,True,False,14.5382,-69.177696,109.306198,-0.0867,49.957802,-23.157301,513.351807,-133.031281,501.352234,142.248688,-0.105449,179.973007,6625,False,True,
683,/kuka/axis_move/feedback_json,std_msgs/msg/String,2026-08-22T20:23:19.532239-04:00,1787444599,532227693,1787444599532227693,186.241972,,,,21170,21169,1,0,0,21170,AxisTarget,1,True,True,True,True,14.5382,-69.178932,109.305275,-0.086786,49.961288,-23.15731,513.351563,-133.031189,501.358215,142.248672,-0.10546,179.972992,6626,False,True,
684,/kuka/axis_move/feedback_json,std_msgs/msg/String,2026-08-22T20:23:19.724144-04:00,1787444599,724133014,1787444599724133014,191.905321,,,,21171,21170,1,0,0,21171,AxisTarget,1,True,True,True,False,14.538218,-69.233055,109.270828,-0.089543,50.057762,-23.157532,513.326599,-133.022263,501.948517,142.247131,-0.106511,179.971481,6627,False,True,
685,/kuka/axis_move/feedback_json,std_msgs/msg/String,2026-08-22T20:23:19.832201-04:00,1787444599,832194189,1787444599832194189,108.061175,,,,21172,21171,1,0,0,21172,AxisTarget,1,True,True,True,False,14.538239,-69.300583,109.228607,-0.092867,50.172253,-23.157791,513.29187,-133.009933,502.744629,142.245056,-0.107932,179.969437,6627,False,True,
686,/kuka/axis_move/feedback_json,std_msgs/msg/String,2026-08-22T20:23:19.944220-04:00,1787444599,944212397,1787444599944212397,112.018208,,,,21173,21172,1,0,0,21173,AxisTarget,1,True,True,True,False,14.53827,-69.398804,109.167442,-0.097663,50.336777,-23.158163,513.238098,-132.991058,503.923798,142.242004,-0.11004,179.966415,6627,False,True,
687,/kuka/axis_move/feedback_json,std_msgs/msg/String,2026-08-22T20:23:20.064702-04:00,1787444600,64682519,1787444600064682519,120.470122,,,,21174,21173,1,0,0,21174,AxisTarget,1,True,True,True,False,14.538308,-69.524391,109.089584,-0.103739,50.544201,-23.158628,513.164063,-132.965424,505.456787,142.238052,-0.112787,179.962448,6627,False,True,
688,/kuka/axis_move/feedback_json,std_msgs/msg/String,2026-08-22T20:23:20.248149-04:00,1787444600,248137800,1787444600248137800,183.455281,,,,21175,21174,1,0,0,21175,AxisTarget,1,True,True,True,False,14.538383,-69.753929,108.948112,-0.114717,50.917007,-23.159462,513.009216,-132.912811,508.396088,142.230591,-0.118079,179.954803,6628,False,True,
689,/kuka/axis_move/feedback_json,std_msgs/msg/String,2026-08-22T20:23:20.363631-04:00,1787444600,363624887,1787444600363624887,115.487087,,,,21176,21175,1,0,0,21176,AxisTarget,1,True,True,True,False,14.538424,-69.881561,108.869865,-0.120755,51.120853,-23.159914,512.919434,-132.882828,509.967987,142.226639,-0.120922,179.950699,6628,False,True,
690,/kuka/axis_move/feedback_json,std_msgs/msg/String,2026-08-22T20:23:20.472556-04:00,1787444600,472539161,1787444600472539161,108.914274,,,,21177,21176,1,0,0,21177,AxisTarget,1,True,True,True,False,14.538457,-69.982735,108.808144,-0.125496,51.280186,-23.160267,512.837646,-132.855774,511.331268,142.223251,-0.123394,179.947098,6628,False,True,
691,/kuka/axis_move/feedback_json,std_msgs/msg/String,2026-08-22T20:23:20.659335-04:00,1787444600,659322446,1787444600659322446,186.783285,,,,21178,21177,1,0,0,21178,AxisTarget,1,True,True,True,False,14.53849,-70.08519,108.746017,-0.130304,51.440716,-23.160618,512.752991,-132.828018,512.681274,142.219925,-0.125849,179.943542,6629,False,True,
692,/kuka/axis_move/feedback_json,std_msgs/msg/String,2026-08-22T20:23:20.775208-04:00,1787444600,775197360,1787444600775197360,115.874914,,,,21179,21178,1,0,0,21179,AxisTarget,1,True,True,True,False,14.538499,-70.112297,108.729988,-0.13143,51.477249,-23.160696,512.728821,-132.820114,513.057556,142.218994,-0.126534,179.942535,6629,False,True,
693,/kuka/axis_move/feedback_json,std_msgs/msg/String,2026-08-22T20:23:20.888181-04:00,1787444600,888168223,1787444600888168223,112.970863,,,,21180,21179,1,0,0,21180,AxisTarget,1,True,True,True,False,14.5385,-70.114403,108.728897,-0.1315,51.479198,-23.1607,512.725708,-132.819107,513.105469,142.218887,-0.126622,179.942413,6629,False,True,
694,/kuka/axis_move/feedback_json,std_msgs/msg/String,2026-08-22T20:23:21.000537-04:00,1787444601,525276,1787444601000525276,112.357053,,,,21181,21180,1,0,0,21181,AxisTarget,1,True,True,True,True,14.5385,-70.114441,108.728851,-0.131506,51.479519,-23.160702,512.725708,-132.819107,513.105469,142.218887,-0.126622,179.942413,6629,False,True,
695,/kuka/axis_move/feedback_json,std_msgs/msg/String,2026-08-22T20:23:21.189537-04:00,1787444601,189507772,1787444601189507772,188.982496,,,,21182,21181,1,0,0,21182,AxisTarget,1,True,True,True,False,14.538517,-70.166328,108.695374,-0.134221,51.57592,-23.160934,512.688782,-132.807114,513.669128,142.217499,-0.127656,179.940918,6630,False,True,
696,/kuka/axis_move/feedback_json,std_msgs/msg/String,2026-08-22T20:23:21.376700-04:00,1787444601,376670990,1787444601376670990,187.163218,,,,21183,21182,1,0,0,21183,AxisTarget,1,True,True,True,False,14.538577,-70.34436,108.584274,-0.142943,51.875984,-23.161638,512.542297,-132.759842,515.818237,142.212265,-0.131608,179.935211,6631,False,True,
697,/kuka/axis_move/feedback_json,std_msgs/msg/String,2026-08-22T20:23:21.488232-04:00,1787444601,488220932,1787444601488220932,111.549942,,,,21184,21183,1,0,0,21184,AxisTarget,1,True,True,True,False,14.538623,-70.478241,108.501808,-0.149337,52.093266,-23.162161,512.421021,-132.7211,517.50354,142.208206,-0.134719,179.930695,6631,False,True,
698,/kuka/axis_move/feedback_json,std_msgs/msg/String,2026-08-22T20:23:21.602406-04:00,1787444601,602382175,1787444601602382175,114.161243,,,,21185,21184,1,0,0,21185,AxisTarget,1,True,True,True,False,14.538664,-70.596443,108.427742,-0.155011,52.283752,-23.162579,512.305725,-132.684494,519.039185,142.204544,-0.137562,179.926575,6631,False,True,
699,/kuka/axis_move/feedback_json,std_msgs/msg/String,2026-08-22T20:23:21.780305-04:00,1787444601,780292969,1787444601780292969,177.910794,,,,21186,21185,1,0,0,21186,AxisTarget,1,True,True,True,False,14.538698,-70.693016,108.371979,-0.159208,52.422165,-23.162889,512.203918,-132.652359,520.346313,142.201447,-0.139988,179.92305,6632,False,True,
700,/kuka/axis_move/feedback_json,std_msgs/msg/String,2026-08-22T20:23:21.892005-04:00,1787444601,891978014,1787444601891978014,111.685045,,,,21187,21186,1,0,0,21187,AxisTarget,1,True,True,True,False,14.5387,-70.698402,108.369102,-0.1594,52.4277,-23.162901,512.195068,-132.649582,520.457947,142.201187,-0.140195,179.922745,6632,False,True,
701,/kuka/axis_move/feedback_json,std_msgs/msg/String,2026-08-22T20:23:22.076719-04:00,1787444602,76703845,1787444602076703845,184.725831,,,,21188,21187,1,0,0,21188,AxisTarget,1,True,True,True,True,14.538706,-70.713554,108.358223,-0.160377,52.465477,-23.163004,512.187744,-132.647278,520.549866,142.200974,-0.140368,179.922501,6633,False,True,
702,/kuka/axis_move/feedback_json,std_msgs/msg/String,2026-08-22T20:23:22.188248-04:00,1787444602,188240682,1787444602188240682,111.536837,,,,21189,21188,1,0,0,21189,AxisTarget,1,True,True,True,False,14.538754,-70.829475,108.285408,-0.166144,52.663437,-23.163483,512.081055,-132.613861,521.870544,142.197845,-0.142847,179.9189,6633,False,True,
703,/kuka/axis_move/feedback_json,std_msgs/msg/String,2026-08-22T20:23:22.380225-04:00,1787444602,380213661,1787444602380213661,191.972979,,,,21190,21189,1,0,0,21190,AxisTarget,1,True,True,True,False,14.5388,-70.929604,108.226601,-0.1705,52.803299,-23.163799,511.955414,-132.574707,523.37384,142.194321,-0.145675,179.914795,6634,False,True,
704,/kuka/axis_move/feedback_json,std_msgs/msg/String,2026-08-22T20:23:22.493495-04:00,1787444602,493460923,1787444602493460923,113.247262,,,,21191,21190,1,0,0,21191,AxisTarget,1,True,True,True,False,14.5388,-70.929604,108.226601,-0.1705,52.803299,-23.163799,511.955383,-132.574707,523.374023,142.194321,-0.145676,179.914795,6634,False,True,
705,/kuka/axis_move/feedback_json,std_msgs/msg/String,2026-08-22T20:23:22.682760-04:00,1787444602,682729435,1787444602682729435,189.268512,,,,21192,21191,1,0,0,21192,AxisTarget,1,True,True,True,True,14.5388,-70.933899,108.2239,-0.1707,52.8102,-23.163799,511.951141,-132.573364,523.428589,142.194214,-0.145656,179.914612,6635,False,True,
706,/kuka/axis_move/feedback_json,std_msgs/msg/String,2026-08-22T20:23:22.796375-04:00,1787444602,796360946,1787444602796360946,113.631511,,,,21193,21192,1,0,0,21193,AxisTarget,1,True,True,True,True,14.529587,-70.934708,108.223595,-0.170679,52.81237,-23.156466,511.958008,-132.544876,523.430786,142.19812,-0.145653,179.914612,6635,False,True,
707,/kuka/axis_move/feedback_json,std_msgs/msg/String,2026-08-22T20:23:22.978809-04:00,1787444602,978794844,1787444602978794844,182.433898,,,,21194,21193,1,0,0,21194,AxisTarget,1,True,True,True,False,14.252403,-70.952797,108.218498,-0.1704,52.8344,-23.097601,512.563171,-130.001602,523.628296,142.547058,-0.145389,179.914581,6636,False,True,
708,/kuka/axis_move/feedback_json,std_msgs/msg/String,2026-08-22T20:23:23.092441-04:00,1787444603,92430123,1787444603092430123,113.635279,,,,21195,21194,1,0,0,21195,AxisTarget,1,True,True,True,False,14.2524,-70.952797,108.218498,-0.1704,52.834412,-23.097527,512.56311,-130.001694,523.628296,142.547043,-0.145389,179.914581,6636,False,True,
709,/kuka/axis_move/feedback_json,std_msgs/msg/String,2026-08-22T20:23:23.204863-04:00,1787444603,204830558,1787444603204830558,112.400435,,,,21196,21195,1,0,0,21196,AxisTarget,1,True,True,True,True,14.094128,-70.964386,108.214851,-0.170202,52.853947,-23.03924,512.800232,-128.989807,523.706909,142.685745,-0.145252,179.914536,6636,False,True,
710,/kuka/axis_move/feedback_json,std_msgs/msg/String,2026-08-22T20:23:23.316451-04:00,1787444603,316437046,1787444603316437046,111.606488,,,,21197,21196,1,0,0,21197,AxisTarget,1,True,True,True,False,13.507,-71.002953,108.203957,-0.169671,52.901268,-22.912004,514.002869,-123.710785,524.116455,143.408371,-0.144538,179.914352,6636,False,True,
711,/kuka/axis_move/feedback_json,std_msgs/msg/String,2026-08-22T20:23:23.500124-04:00,1787444603,500117540,1787444603500117540,183.680494,,,,21198,21197,1,0,0,21198,AxisTarget,1,False,True,True,False,13.3929,-71.009598,108.202301,-0.1696,52.906799,-22.899099,514.321777,-122.267212,524.228333,143.605698,-0.144342,179.914307,6637,False,True,
712,/kuka/axis_move/feedback_json,std_msgs/msg/String,2026-08-22T20:23:23.690906-04:00,1787444603,690900229,1787444603690900229,190.782689,,,,21199,21198,1,0,0,21199,AxisTarget,1,True,True,True,False,13.3929,-71.009598,108.202301,-0.1696,52.906799,-22.899099,514.321777,-122.267212,524.228333,143.605698,-0.144342,179.914307,6638,False,True,
713,/kuka/axis_move/feedback_json,std_msgs/msg/String,2026-08-22T20:23:23.808672-04:00,1787444603,808644936,1787444603808644936,117.744707,,,,21200,21199,1,0,0,21200,AxisTarget,1,True,True,True,True,13.380611,-71.010658,108.201912,-0.169577,52.90947,-22.890192,514.331055,-122.2248,524.231628,143.611496,-0.144336,179.914307,6638,False,True,
714,/kuka/axis_move/feedback_json,std_msgs/msg/String,2026-08-22T20:23:23.916228-04:00,1787444603,916211045,1787444603916211045,107.566109,,,,21201,21200,1,0,0,21201,AxisTarget,1,True,True,True,False,12.941629,-71.041336,108.192657,-0.16911,52.954926,-22.759867,515.042847,-118.930054,524.486877,144.061478,-0.14387,179.914169,6638,False,True,
715,/kuka/axis_move/feedback_json,std_msgs/msg/String,2026-08-22T20:23:24.032615-04:00,1787444604,32570226,1787444604032570226,116.359181,,,,21202,21201,1,0,0,21202,AxisTarget,1,True,True,True,False,12.171986,-71.091568,108.178505,-0.168443,53.015594,-22.597321,516.545715,-111.607941,525.05304,145.059525,-0.142833,179.913895,6638,False,True,
716,/kuka/axis_move/feedback_json,std_msgs/msg/String,2026-08-22T20:23:24.212188-04:00,1787444604,212176688,1787444604212176688,179.606462,,,,21203,21202,1,0,0,21203,AxisTarget,1,True,True,True,False,11.9605,-71.104301,108.175201,-0.1683,53.0275,-22.568199,516.992065,-109.325676,525.229187,145.370071,-0.142511,179.913803,6639,False,True,
717,/kuka/axis_move/feedback_json,std_msgs/msg/String,2026-08-22T20:23:24.324839-04:00,1787444604,324831981,1787444604324831981,112.655293,,,,21204,21203,1,0,0,21204,AxisTarget,1,True,True,True,True,11.9605,-71.104301,108.175201,-0.1683,53.0275,-22.568199,516.992065,-109.325676,525.229187,145.370071,-0.142511,179.913803,6639,False,True,
718,/kuka/axis_move/feedback_json,std_msgs/msg/String,2026-08-22T20:23:24.519187-04:00,1787444604,519180932,1787444604519180932,194.348951,,,,21205,21204,1,0,0,21205,AxisTarget,1,True,True,True,False,11.9605,-71.104301,108.175201,-0.1683,53.0275,-22.568199,516.992065,-109.325676,525.229187,145.370071,-0.142511,179.913803,6640,False,True,
719,/kuka/axis_move/feedback_json,std_msgs/msg/String,2026-08-22T20:23:24.632632-04:00,1787444604,632622898,1787444604632622898,113.441966,,,,21206,21205,1,0,0,21206,AxisTarget,1,True,True,True,True,11.959289,-71.104439,108.17514,-0.168296,53.028065,-22.566074,516.992249,-109.324425,525.229309,145.370239,-0.142511,179.913803,6640,False,True,
720,/kuka/axis_move/feedback_json,std_msgs/msg/String,2026-08-22T20:23:24.745336-04:00,1787444604,745330950,1787444604745330950,112.708052,,,,21207,21206,1,0,0,21207,AxisTarget,1,True,True,True,False,11.663699,-71.125481,108.168686,-0.167968,53.060863,-22.470436,517.429016,-107.037247,525.405701,145.681213,-0.142181,179.913712,6640,False,True,
721,/kuka/axis_move/feedback_json,std_msgs/msg/String,2026-08-22T20:23:24.856444-04:00,1787444604,856430278,1787444604856430278,111.099328,,,,21208,21207,1,0,0,21208,AxisTarget,1,True,True,True,False,10.76466,-71.18821,108.150543,-0.167098,53.143188,-22.243258,518.852844,-99.16053,526.012085,146.750366,-0.141049,179.913406,6640,False,True,
722,/kuka/axis_move/feedback_json,std_msgs/msg/String,2026-08-22T20:23:25.040341-04:00,1787444605,40323290,1787444605040323290,183.893012,,,,21209,21208,1,0,0,21209,AxisTarget,1,True,True,True,False,9.955331,-71.2369,108.137299,-0.1665,53.196404,-22.104996,520.177673,-91.127464,526.629028,147.83815,-0.139896,179.913116,6641,False,True,
723,/kuka/axis_move/feedback_json,std_msgs/msg/String,2026-08-22T20:23:25.225335-04:00,1787444605,225328847,1787444605225328847,185.005557,,,,21210,21209,1,0,0,21210,AxisTarget,1,False,True,True,False,9.9552,-71.2369,108.137299,-0.1665,53.1964,-22.105,520.179871,-91.113441,526.630066,147.840042,-0.139894,179.913116,6642,False,True,
724,/kuka/axis_move/feedback_json,std_msgs/msg/String,2026-08-22T20:23:25.415500-04:00,1787444605,415494411,1787444605415494411,190.165564,,,,21211,21210,1,0,0,21211,AxisTarget,1,True,True,True,True,9.9552,-71.2369,108.137299,-0.1665,53.1964,-22.105,520.179871,-91.113441,526.630066,147.840042,-0.139894,179.913116,6643,False,True,
725,/kuka/axis_move/feedback_json,std_msgs/msg/String,2026-08-22T20:23:25.526231-04:00,1787444605,526220260,1787444605526220260,110.725849,,,,21212,21211,1,0,0,21212,AxisTarget,1,True,True,True,True,9.955187,-71.2369,108.137299,-0.166499,53.196503,-22.104532,520.179871,-91.113441,526.630066,147.840042,-0.139894,179.913116,6643,False,True,
726,/kuka/axis_move/feedback_json,std_msgs/msg/String,2026-08-22T20:23:25.638084-04:00,1787444605,638067118,1787444605638067118,111.846858,,,,21213,21212,1,0,0,21213,AxisTarget,1,True,True,True,False,9.762103,-71.250908,108.132912,-0.166265,53.219494,-22.036463,520.403809,-89.673637,526.740479,148.03476,-0.13969,179.913055,6643,False,True,
727,/kuka/axis_move/feedback_json,std_msgs/msg/String,2026-08-22T20:23:25.749363-04:00,1787444605,749347866,1787444605749347866,111.280748,,,,21214,21213,1,0,0,21214,AxisTarget,1,True,True,True,False,8.905873,-71.308907,108.115913,-0.165411,53.29842,-21.815844,521.440735,-82.628494,527.280029,148.986511,-0.138689,179.912827,6643,False,True,
728,/kuka/axis_move/feedback_json,std_msgs/msg/String,2026-08-22T20:23:25.932210-04:00,1787444605,932197244,1787444605932197244,182.849378,,,,21215,21214,1,0,0,21215,AxisTarget,1,True,True,True,False,7.471635,-71.401848,108.089851,-0.164166,53.409252,-21.519377,523.190674,-68.822403,528.334778,150.847183,-0.136732,179.912399,6644,False,True,
729,/kuka/axis_move/feedback_json,std_msgs/msg/String,2026-08-22T20:23:26.050272-04:00,1787444606,50238547,1787444606050238547,118.041303,,,,21216,21215,1,0,0,21216,AxisTarget,1,True,True,True,False,7.376901,-71.407303,108.088501,-0.1641,53.413601,-21.509399,523.331177,-67.56881,528.43042,151.015884,-0.136554,179.912354,6644,False,True,
730,/kuka/axis_move/feedback_json,std_msgs/msg/String,2026-08-22T20:23:26.234069-04:00,1787444606,234058513,1787444606234058513,183.819966,,,,21217,21216,1,0,0,21217,AxisTarget,1,True,True,True,True,7.3769,-71.407303,108.088501,-0.1641,53.413601,-21.509399,523.331177,-67.568802,528.43042,151.015884,-0.136554,179.912354,6645,False,True,
731,/kuka/axis_move/feedback_json,std_msgs/msg/String,2026-08-22T20:23:26.352173-04:00,1787444606,352162635,1787444606352162635,118.104122,,,,21218,21217,1,0,0,21218,AxisTarget,1,True,True,True,False,7.3769,-71.407303,108.088501,-0.1641,53.413601,-21.509399,523.331177,-67.568802,528.43042,151.015884,-0.136554,179.912354,6645,False,True,
732,/kuka/axis_move/feedback_json,std_msgs/msg/String,2026-08-22T20:23:26.465621-04:00,1787444606,465598340,1787444606465598340,113.435705,,,,21219,21218,1,0,0,21219,AxisTarget,1,True,True,True,True,7.290955,-71.413795,108.086395,-0.163988,53.425438,-21.473272,523.395935,-66.981712,528.475159,151.094879,-0.136473,179.912338,6645,False,True,
733,/kuka/axis_move/feedback_json,std_msgs/msg/String,2026-08-22T20:23:26.575228-04:00,1787444606,575216684,1787444606575216684,109.618344,,,,21220,21219,1,0,0,21220,AxisTarget,1,True,True,True,False,6.613483,-71.460182,108.072662,-0.163322,53.490612,-21.289148,523.995422,-61.224098,528.914001,151.869125,-0.135674,179.912155,6645,False,True,
734,/kuka/axis_move/feedback_json,std_msgs/msg/String,2026-08-22T20:23:26.764022-04:00,1787444606,764012772,1787444606764012772,188.796088,,,,21221,21220,1,0,0,21221,AxisTarget,1,True,True,True,False,4.735801,-71.583847,108.037437,-0.161676,53.645702,-20.86692,525.392273,-44.217106,530.207947,154.152435,-0.133315,179.911621,6646,False,True,
735,/kuka/axis_move/feedback_json,std_msgs/msg/String,2026-08-22T20:23:26.880939-04:00,1787444606,880917557,1787444606880917557,116.904785,,,,21222,21221,1,0,0,21222,AxisTarget,1,True,True,True,False,4.245457,-71.614578,108.029121,-0.161308,53.678574,-20.782398,525.712219,-38.946526,530.608398,154.859207,-0.132585,179.911469,6646,False,True,
736,/kuka/axis_move/feedback_json,std_msgs/msg/String,2026-08-22T20:23:26.988333-04:00,1787444606,988316032,1787444606988316032,107.398475,,,,21223,21222,1,0,0,21223,AxisTarget,1,True,True,True,False,4.2256,-71.615601,108.0289,-0.1613,53.6791,-20.781401,525.728027,-38.661266,530.630066,154.897461,-0.132545,179.911453,6646,False,True,
737,/kuka/axis_move/feedback_json,std_msgs/msg/String,2026-08-22T20:23:27.169325-04:00,1787444607,169287271,1787444607169287271,180.971239,,,,21224,21223,1,0,0,21224,AxisTarget,1,True,True,True,True,4.2256,-71.615601,108.0289,-0.1613,53.6791,-20.781401,525.728027,-38.661266,530.630066,154.897461,-0.132545,179.911453,6647,False,True,
738,/kuka/axis_move/feedback_json,std_msgs/msg/String,2026-08-22T20:23:27.280374-04:00,1787444607,280356824,1787444607280356824,111.069553,,,,21225,21224,1,0,0,21225,AxisTarget,1,True,True,True,True,4.2256,-71.615601,108.0289,-0.1613,53.679111,-20.781326,525.728027,-38.661266,530.630066,154.897461,-0.132545,179.911453,6647,False,True,
739,/kuka/axis_move/feedback_json,std_msgs/msg/String,2026-08-22T20:23:27.393344-04:00,1787444607,393334101,1787444607393334101,112.977277,,,,21226,21225,1,0,0,21226,AxisTarget,1,True,True,True,False,4.071218,-71.626892,108.025345,-0.16111,53.698093,-20.724741,525.782776,-37.649101,530.706909,155.033157,-0.132408,179.911438,6647,False,True,
740,/kuka/axis_move/feedback_json,std_msgs/msg/String,2026-08-22T20:23:27.504168-04:00,1787444607,504159456,1787444607504159456,110.825355,,,,21227,21226,1,0,0,21227,AxisTarget,1,True,True,True,False,3.299411,-71.679375,108.009918,-0.160337,53.770508,-20.521358,526.086548,-31.180149,531.197998,155.900192,-0.131528,179.91127,6647,False,True,
741,/kuka/axis_move/feedback_json,std_msgs/msg/String,2026-08-22T20:23:27.687952-04:00,1787444607,687946180,1787444607687946180,183.786724,,,,21228,21227,1,0,0,21228,AxisTarget,1,True,True,True,False,1.390953,-71.805206,107.974045,-0.158592,53.929153,-20.088713,526.507629,-13.594871,532.532288,158.256348,-0.129138,179.910873,6648,False,True,
742,/kuka/axis_move/feedback_json,std_msgs/msg/String,2026-08-22T20:23:27.806204-04:00,1787444607,806172370,1787444607806172370,118.22619,,,,21229,21228,1,0,0,21229,AxisTarget,1,True,True,True,False,0.731552,-71.847252,107.962463,-0.158048,53.97681,-19.963577,526.512634,-6.901676,533.0401,159.153229,-0.128227,179.910721,6648,False,True,
743,/kuka/axis_move/feedback_json,std_msgs/msg/String,2026-08-22T20:23:27.919440-04:00,1787444607,919428509,1787444607919428509,113.256139,,,,21230,21229,1,0,0,21230,AxisTarget,1,True,True,True,False,0.6486,-71.851997,107.961304,-0.158,53.980499,-19.9552,526.505127,-5.781979,533.125061,159.303284,-0.128075,179.910706,6648,False,True,
744,/kuka/axis_move/feedback_json,std_msgs/msg/String,2026-08-22T20:23:28.104148-04:00,1787444608,104138864,1787444608104138864,184.710355,,,,21231,21230,1,0,0,21231,AxisTarget,1,True,True,True,True,0.6486,-71.851997,107.961304,-0.158,53.980499,-19.9552,526.505127,-5.781957,533.125061,159.303284,-0.128075,179.910706,6649,False,True,
745,/kuka/axis_move/feedback_json,std_msgs/msg/String,2026-08-22T20:23:28.221464-04:00,1787444608,221429252,1787444608221429252,117.290388,,,,21232,21231,1,0,0,21232,AxisTarget,1,True,True,True,False,0.6486,-71.851997,107.961304,-0.158,53.980499,-19.9552,526.505127,-5.781957,533.125061,159.303284,-0.128075,179.910706,6649,False,True,
746,/kuka/axis_move/feedback_json,std_msgs/msg/String,2026-08-22T20:23:28.338548-04:00,1787444608,338536305,1787444608338536305,117.107053,,,,21233,21232,1,0,0,21233,AxisTarget,1,True,True,True,True,0.563559,-71.858421,107.959221,-0.157886,53.992188,-19.91955,526.501038,-5.284734,533.162842,159.369919,-0.128005,179.91069,6649,False,True,
747,/kuka/axis_move/feedback_json,std_msgs/msg/String,2026-08-22T20:23:28.456094-04:00,1787444608,456087932,1787444608456087932,117.551627,,,,21234,21233,1,0,0,21234,AxisTarget,1,True,True,True,False,-0.165396,-71.908234,107.944504,-0.157151,54.061787,-19.723219,526.41394,0.728955,533.619446,160.176071,-0.127155,179.910553,6649,False,True,
748,/kuka/axis_move/feedback_json,std_msgs/msg/String,2026-08-22T20:23:28.644446-04:00,1787444608,644434279,1787444608644434279,188.346347,,,,21235,21234,1,0,0,21235,AxisTarget,1,True,True,True,False,-2.117894,-72.039635,107.90696,-0.155335,54.228214,-19.268499,525.728333,18.932732,535.002808,162.618942,-0.12458,179.910156,6650,False,True,
749,/kuka/axis_move/feedback_json,std_msgs/msg/String,2026-08-22T20:23:28.832460-04:00,1787444608,832432664,1787444608832432664,187.998385,,,,21236,21235,1,0,0,21236,AxisTarget,1,True,True,True,False,-2.950783,-72.089981,107.893204,-0.1547,54.283802,-19.123592,525.2052,27.223455,535.633789,163.733429,-0.123406,179.909988,6651,False,True,
750,/kuka/axis_move/feedback_json,std_msgs/msg/String,2026-08-22T20:23:28.940086-04:00,1787444608,940074265,1787444608940074265,107.641601,,,,21237,21236,1,0,0,21237,AxisTarget,1,True,True,True,False,-2.9514,-72.089996,107.893204,-0.1547,54.283798,-19.1236,525.203064,27.253637,535.636108,163.737488,-0.123401,179.909988,6651,False,True,
751,/kuka/axis_move/feedback_json,std_msgs/msg/String,2026-08-22T20:23:29.128003-04:00,1787444609,127991498,1787444609127991498,187.917233,,,,21238,21237,1,0,0,21238,AxisTarget,1,True,True,True,True,-2.9514,-72.089996,107.893204,-0.1547,54.283798,-19.1236,525.203064,27.253637,535.636108,163.737488,-0.123401,179.909988,6652,False,True,
752,/kuka/axis_move/feedback_json,std_msgs/msg/String,2026-08-22T20:23:29.248480-04:00,1787444609,248440423,1787444609248440423,120.448925,,,,21239,21238,1,0,0,21239,AxisTarget,1,True,True,True,True,-2.956061,-72.090431,107.893028,-0.154689,54.28513,-19.118937,525.202271,27.264647,535.636963,163.738968,-0.1234,179.909988,6652,False,True,
753,/kuka/axis_move/feedback_json,std_msgs/msg/String,2026-08-22T20:23:29.360302-04:00,1787444609,360291951,1787444609360291951,111.851528,,,,21240,21239,1,0,0,21240,AxisTarget,1,True,True,True,False,-3.333499,-72.116951,107.884468,-0.154256,54.327492,-18.99692,524.977173,30.303444,535.868347,164.147858,-0.122973,179.909927,6652,False,True,
754,/kuka/axis_move/feedback_json,std_msgs/msg/String,2026-08-22T20:23:29.473495-04:00,1787444609,473471547,1787444609473471547,113.179596,,,,21241,21240,1,0,0,21241,AxisTarget,1,True,True,True,False,-4.374055,-72.186874,107.864662,-0.153294,54.418194,-18.745083,524.189026,39.47982,536.567993,165.384018,-0.121683,179.90976,6652,False,True,
755,/kuka/axis_move/feedback_json,std_msgs/msg/String,2026-08-22T20:23:29.657984-04:00,1787444609,657973232,1787444609657973232,184.501685,,,,21242,21241,1,0,0,21242,AxisTarget,1,True,True,True,False,-6.106818,-72.300194,107.832588,-0.151755,54.559414,-18.363022,522.4104,55.583511,537.799011,167.559601,-0.119412,179.909485,6653,False,True,
756,/kuka/axis_move/feedback_json,std_msgs/msg/String,2026-08-22T20:23:29.772182-04:00,1787444609,772171196,1787444609772171196,114.197964,,,,21243,21242,1,0,0,21243,AxisTarget,1,True,True,True,False,-6.479354,-72.32325,107.826424,-0.151501,54.581272,-18.307825,521.916321,59.386547,538.090454,168.074753,-0.118875,179.909424,6653,False,True,
757,/kuka/axis_move/feedback_json,std_msgs/msg/String,2026-08-22T20:23:29.958433-04:00,1787444609,958420334,1787444609958420334,186.249138,,,,21244,21243,1,0,0,21244,AxisTarget,1,True,True,True,True,-6.4829,-72.323402,107.826401,-0.1515,54.581299,-18.3078,521.903931,59.47916,538.097534,168.087296,-0.118862,179.909424,6654,False,True,
758,/kuka/axis_move/feedback_json,std_msgs/msg/String,2026-08-22T20:23:30.068104-04:00,1787444610,68091998,1787444610068091998,109.671664,,,,21245,21244,1,0,0,21245,AxisTarget,1,True,True,True,False,-6.4829,-72.323402,107.826401,-0.1515,54.581299,-18.3078,521.903931,59.47916,538.097534,168.087296,-0.118862,179.909424,6654,False,True,
759,/kuka/axis_move/feedback_json,std_msgs/msg/String,2026-08-22T20:23:30.183942-04:00,1787444610,183931067,1787444610183931067,115.839069,,,,21246,21245,1,0,0,21246,AxisTarget,1,True,True,True,True,-6.484917,-72.323608,107.826309,-0.151494,54.582069,-18.304977,521.903564,59.482109,538.097778,168.087708,-0.118861,179.909424,6654,False,True,
760,/kuka/axis_move/feedback_json,std_msgs/msg/String,2026-08-22T20:23:30.296580-04:00,1787444610,296566013,1787444610296566013,112.634946,,,,21247,21246,1,0,0,21247,AxisTarget,1,True,True,True,False,-6.799164,-72.345894,107.819504,-0.151152,54.61647,-18.205042,521.56842,61.941082,538.286377,168.421097,-0.118525,179.909378,6654,False,True,
761,/kuka/axis_move/feedback_json,std_msgs/msg/String,2026-08-22T20:23:30.483929-04:00,1787444610,483923648,1787444610483923648,187.357635,,,,21248,21247,1,0,0,21248,AxisTarget,1,True,True,True,False,-8.574019,-72.464287,107.785385,-0.149533,54.770729,-17.779863,519.202881,77.309517,539.468262,170.510803,-0.116416,179.909149,6655,False,True,
762,/kuka/axis_move/feedback_json,std_msgs/msg/String,2026-08-22T20:23:30.667972-04:00,1787444610,667965041,1787444610667965041,184.041393,,,,21249,21248,1,0,0,21249,AxisTarget,1,True,True,True,False,-9.514607,-72.523849,107.769104,-0.1488,54.836899,-17.607088,517.493896,86.86776,540.206482,171.816315,-0.1151,179.909027,6656,False,True,
763,/kuka/axis_move/feedback_json,std_msgs/msg/String,2026-08-22T20:23:30.784149-04:00,1787444610,784137915,1787444610784137915,116.172874,,,,21250,21249,1,0,0,21250,AxisTarget,1,True,True,True,False,-9.5161,-72.523903,107.769096,-0.1488,54.836899,-17.6071,517.484253,86.918869,540.210449,171.823303,-0.115093,179.909027,6656,False,True,
764,/kuka/axis_move/feedback_json,std_msgs/msg/String,2026-08-22T20:23:30.975105-04:00,1787444610,975069796,1787444610975069796,190.931881,,,,21251,21250,1,0,0,21251,AxisTarget,1,True,True,True,True,-9.5161,-72.523903,107.769096,-0.1488,54.836899,-17.6071,517.484253,86.918869,540.210449,171.823303,-0.115093,179.909027,6657,False,True,
765,/kuka/axis_move/feedback_json,std_msgs/msg/String,2026-08-22T20:23:31.088051-04:00,1787444611,88026565,1787444611088026565,112.956769,,,,21252,21251,1,0,0,21252,AxisTarget,1,True,True,True,True,-9.519265,-72.524216,107.768967,-0.148791,54.837933,-17.603403,517.483093,86.924835,540.210938,171.824127,-0.115092,179.909027,6657,False,True,
766,/kuka/axis_move/feedback_json,std_msgs/msg/String,2026-08-22T20:23:31.201382-04:00,1787444611,201355312,1787444611201355312,113.328747,,,,21253,21252,1,0,0,21253,AxisTarget,1,True,True,True,False,-9.887517,-72.550194,107.761063,-0.148376,54.877537,-17.488693,516.971985,89.597763,540.417847,172.190109,-0.114708,179.908997,6657,False,True,
767,/kuka/axis_move/feedback_json,std_msgs/msg/String,2026-08-22T20:23:31.312186-04:00,1787444611,312177622,1787444611312177622,110.82231,,,,21254,21253,1,0,0,21254,AxisTarget,1,True,True,True,False,-10.852147,-72.614861,107.742332,-0.147439,54.962868,-17.243572,515.230164,98.19165,541.084595,173.369614,-0.113471,179.90892,6657,False,True,
768,/kuka/axis_move/feedback_json,std_msgs/msg/String,2026-08-22T20:23:31.499485-04:00,1787444611,499476888,1787444611499476888,187.299266,,,,21255,21254,1,0,0,21255,AxisTarget,1,True,True,True,False,-11.966412,-72.686028,107.722694,-0.146503,55.043922,-17.039087,512.870544,108.802773,541.911377,174.832382,-0.111938,179.908844,6658,False,True,
769,/kuka/axis_move/feedback_json,std_msgs/msg/String,2026-08-22T20:23:31.685442-04:00,1787444611,685416467,1787444611685416467,185.939579,,,,21256,21255,1,0,0,21256,AxisTarget,1,True,True,True,True,-11.9763,-72.686501,107.722603,-0.1465,55.044102,-17.038799,512.834717,108.956078,541.92334,174.853577,-0.111916,179.908844,6659,False,True,
770,/kuka/axis_move/feedback_json,std_msgs/msg/String,2026-08-22T20:23:31.871601-04:00,1787444611,871581178,1787444611871581178,186.164711,,,,21257,21256,1,0,0,21257,AxisTarget,1,True,True,True,False,-11.9763,-72.686501,107.722603,-0.1465,55.044102,-17.038799,512.834717,108.956078,541.92334,174.853577,-0.111916,179.908844,6660,False,True,
771,/kuka/axis_move/feedback_json,std_msgs/msg/String,2026-08-22T20:23:31.984262-04:00,1787444611,984250448,1787444611984250448,112.66927,,,,21258,21257,1,0,0,21258,AxisTarget,1,True,True,True,True,-12.063202,-72.693069,107.720467,-0.146385,55.056103,-17.00215,512.719788,109.447029,541.961731,174.921432,-0.111844,179.908829,6660,False,True,
772,/kuka/axis_move/feedback_json,std_msgs/msg/String,2026-08-22T20:23:32.100724-04:00,1787444612,100696815,1787444612100696815,116.446367,,,,21259,21258,1,0,0,21259,AxisTarget,1,True,True,True,False,-12.798286,-72.743324,107.705635,-0.145658,55.126015,-16.805519,511.310822,115.298332,542.419861,175.731552,-0.11098,179.908768,6660,False,True,
773,/kuka/axis_move/feedback_json,std_msgs/msg/String,2026-08-22T20:23:32.212191-04:00,1787444612,212179573,1787444612212179573,111.482758,,,,21260,21259,1,0,0,21260,AxisTarget,1,True,True,True,False,-13.663983,-72.799332,107.689987,-0.144918,55.193306,-16.626556,509.192841,123.583366,543.070923,176.88295,-0.109753,179.908691,6660,False,True,
774,/kuka/axis_move/feedback_json,std_msgs/msg/String,2026-08-22T20:23:32.396063-04:00,1787444612,396031912,1787444612396031912,183.852339,,,,21261,21260,1,0,0,21261,AxisTarget,1,True,True,True,False,-13.8636,-72.811302,107.686897,-0.1448,55.203098,-16.6029,508.628204,125.70089,543.237732,177.17807,-0.109438,179.908676,6661,False,True,
775,/kuka/axis_move/feedback_json,std_msgs/msg/String,2026-08-22T20:23:32.512858-04:00,1787444612,512851949,1787444612512851949,116.820037,,,,21262,21261,1,0,0,21262,AxisTarget,1,True,True,True,True,-13.8636,-72.811302,107.686897,-0.1448,55.203098,-16.6029,508.628204,125.70089,543.237732,177.17807,-0.109438,179.908676,6661,False,True,
776,/kuka/axis_move/feedback_json,std_msgs/msg/String,2026-08-22T20:23:32.704430-04:00,1787444612,704378185,1787444612704378185,191.526236,,,,21263,21262,1,0,0,21263,AxisTarget,1,True,True,True,False,-13.8636,-72.811302,107.686897,-0.1448,55.203098,-16.6029,508.628204,125.70089,543.237732,177.17807,-0.109438,179.908676,6662,False,True,
777,/kuka/axis_move/feedback_json,std_msgs/msg/String,2026-08-22T20:23:32.812139-04:00,1787444612,812127578,1787444612812127578,107.749393,,,,21264,21263,1,0,0,21264,AxisTarget,1,True,True,True,True,-13.866769,-72.811615,107.686768,-0.144792,55.204136,-16.599195,508.626617,125.706749,543.23822,177.178894,-0.109437,179.908676,6662,False,True,
778,/kuka/axis_move/feedback_json,std_msgs/msg/String,2026-08-22T20:23:32.926075-04:00,1787444612,926034167,1787444612926034167,113.906589,,,,21265,21264,1,0,0,21265,AxisTarget,1,True,True,True,False,-14.186722,-72.834297,107.679321,-0.14441,55.241524,-16.490887,507.965698,128.140869,543.430298,177.5186,-0.109087,179.908661,6662,False,True,
779,/kuka/axis_move/feedback_json,std_msgs/msg/String,2026-08-22T20:23:33.037464-04:00,1787444613,37452404,1787444613037452404,111.418237,,,,21266,21265,1,0,0,21266,AxisTarget,1,True,True,True,False,-14.98219,-72.886475,107.665031,-0.143731,55.303116,-16.32548,506.030182,135.016373,543.974182,178.480789,-0.108094,179.908615,6662,False,True,
780,/kuka/axis_move/feedback_json,std_msgs/msg/String,2026-08-22T20:23:33.228085-04:00,1787444613,228074386,1787444613228074386,190.621982,,,,21267,21266,1,0,0,21267,AxisTarget,1,False,True,True,False,-15.178,-72.898201,107.662003,-0.1436,55.3139,-16.299299,505.373688,137.26947,544.152954,178.796982,-0.107768,179.9086,6663,False,True,
781,/kuka/axis_move/feedback_json,std_msgs/msg/String,2026-08-22T20:23:33.420142-04:00,1787444613,420130174,1787444613420130174,192.055788,,,,21268,21267,1,0,0,21268,AxisTarget,1,True,True,True,False,-15.178,-72.898201,107.662003,-0.1436,55.3139,-16.299299,505.373688,137.26947,544.152954,178.796982,-0.107768,179.9086,6664,False,True,
782,/kuka/axis_move/feedback_json,std_msgs/msg/String,2026-08-22T20:23:33.536246-04:00,1787444613,536239320,1787444613536239320,116.109146,,,,21269,21268,1,0,0,21269,AxisTarget,1,True,True,True,True,-15.184698,-72.898811,107.661774,-0.143581,55.316063,-16.29196,505.365509,137.297272,544.155151,178.800888,-0.107764,179.9086,6664,False,True,
783,/kuka/axis_move/feedback_json,std_msgs/msg/String,2026-08-22T20:23:33.644368-04:00,1787444613,644361442,1787444613644361442,108.122122,,,,21270,21269,1,0,0,21270,AxisTarget,1,True,True,True,False,-15.588587,-72.926826,107.653404,-0.14315,55.355831,-16.179468,504.42276,140.467834,544.406921,179.246658,-0.107285,179.9086,6664,False,True,
784,/kuka/axis_move/feedback_json,std_msgs/msg/String,2026-08-22T20:23:33.761155-04:00,1787444613,761128710,1787444613761128710,116.767268,,,,21271,21270,1,0,0,21271,AxisTarget,1,True,True,True,False,-15.917212,-72.947113,107.648018,-0.1429,55.376293,-16.128,503.440399,143.695557,544.663696,179.701385,-0.106796,179.908585,6664,False,True,
785,/kuka/axis_move/feedback_json,std_msgs/msg/String,2026-08-22T20:23:33.952422-04:00,1787444613,952390811,1787444613952390811,191.262101,,,,21272,21271,1,0,0,21272,AxisTarget,1,True,True,True,False,-15.9193,-72.947197,107.648003,-0.1429,55.376301,-16.128,503.421326,143.757431,544.66864,179.710114,-0.106787,179.908585,6665,False,True,
786,/kuka/axis_move/feedback_json,std_msgs/msg/String,2026-08-22T20:23:34.065584-04:00,1787444614,65578514,1787444614065578514,113.187703,,,,21273,21272,1,0,0,21273,AxisTarget,1,True,True,True,True,-15.92247,-72.94751,107.647873,-0.142895,55.377342,-16.124298,503.41806,143.768005,544.669495,179.711609,-0.106786,179.908585,6665,False,True,
787,/kuka/axis_move/feedback_json,std_msgs/msg/String,2026-08-22T20:23:34.249840-04:00,1787444614,249834359,1787444614249834359,184.255845,,,,21274,21273,1,0,0,21274,AxisTarget,1,True,True,True,False,-16.099899,-72.959099,107.6446,-0.1428,55.391602,-16.0863,502.932892,145.333939,544.793884,179.932495,-0.1067,179.908569,6666,False,True,
788,/kuka/axis_move/feedback_json,std_msgs/msg/String,2026-08-22T20:23:34.369860-04:00,1787444614,369848270,1787444614369848270,120.013911,,,,21275,21274,1,0,0,21275,AxisTarget,1,True,True,True,True,-16.099899,-72.959099,107.6446,-0.1428,55.391602,-16.0863,502.932861,145.333969,544.793884,179.932495,-0.1067,179.908569,6666,False,True,
789,/kuka/axis_move/feedback_json,std_msgs/msg/String,2026-08-22T20:23:34.563175-04:00,1787444614,563167446,1787444614563167446,193.319176,,,,21276,21275,1,0,0,21276,AxisTarget,1,True,True,True,False,-16.099899,-72.959099,107.6446,-0.1428,55.391563,-16.0863,502.932861,145.333969,544.793884,179.932495,-0.1067,179.908569,6667,False,True,
790,/kuka/axis_move/feedback_json,std_msgs/msg/String,2026-08-22T20:23:34.674238-04:00,1787444614,674227232,1787444614674227232,111.059786,,,,21277,21276,1,0,0,21277,AxisTarget,1,True,True,True,True,-16.100853,-72.906746,107.684471,-0.141662,55.278755,-16.086046,502.978149,145.352859,544.322388,179.933594,-0.105881,179.908981,6667,False,True,
791,/kuka/axis_move/feedback_json,std_msgs/msg/String,2026-08-22T20:23:34.859985-04:00,1787444614,859974401,1787444614859974401,185.747169,,,,21278,21277,1,0,0,21278,AxisTarget,1,True,True,True,False,-16.103201,-72.792702,107.761597,-0.1397,55.105099,-16.085699,503.139771,145.420807,542.600586,179.937592,-0.102892,179.910522,6668,False,True,
792,/kuka/axis_move/feedback_json,std_msgs/msg/String,2026-08-22T20:23:34.974942-04:00,1787444614,974921410,1787444614974921410,114.947009,,,,21279,21278,1,0,0,21279,AxisTarget,1,True,True,True,False,-16.103201,-72.792702,107.761597,-0.1397,55.105099,-16.085699,503.139771,145.420807,542.600647,179.937592,-0.102893,179.910522,6668,False,True,
793,/kuka/axis_move/feedback_json,std_msgs/msg/String,2026-08-22T20:23:35.084507-04:00,1787444615,84495643,1787444615084495643,109.574233,,,,21280,21279,1,0,0,21280,AxisTarget,1,True,True,True,True,-16.103346,-72.784424,107.768112,-0.139512,55.085388,-16.085651,503.145721,145.423325,542.536072,179.937744,-0.102781,179.910583,6668,False,True,
794,/kuka/axis_move/feedback_json,std_msgs/msg/String,2026-08-22T20:23:35.200701-04:00,1787444615,200677795,1787444615200677795,116.182152,,,,21281,21280,1,0,0,21281,AxisTarget,1,True,True,True,False,-16.104324,-72.733406,107.805176,-0.138519,54.988716,-16.08543,503.198975,145.445923,541.954224,179.939087,-0.101779,179.911087,6668,False,True,
795,/kuka/axis_move/feedback_json,std_msgs/msg/String,2026-08-22T20:23:35.383999-04:00,1787444615,383964415,1787444615383964415,183.28662,,,,21282,21281,1,0,0,21282,AxisTarget,1,True,True,True,False,-16.107843,-72.553986,107.932533,-0.135185,54.670876,-16.084723,503.404572,145.534088,539.635559,179.944504,-0.097784,179.913101,6669,False,True,
796,/kuka/axis_move/feedback_json,std_msgs/msg/String,2026-08-22T20:23:35.572218-04:00,1787444615,572206419,1787444615572206419,188.242004,,,,21283,21282,1,0,0,21283,AxisTarget,1,True,True,True,False,-16.111652,-72.363457,108.065292,-0.131773,54.351624,-16.084023,503.619659,145.628159,537.069519,179.950546,-0.093365,179.915298,6670,False,True,
797,/kuka/axis_move/feedback_json,std_msgs/msg/String,2026-08-22T20:23:35.759769-04:00,1787444615,759756417,1787444615759756417,187.549998,,,,21284,21283,1,0,0,21284,AxisTarget,1,True,True,True,False,-16.113085,-72.293961,108.112221,-0.130603,54.245796,-16.083799,503.701752,145.664642,536.04657,179.952957,-0.091604,179.916183,6671,False,True,
798,/kuka/axis_move/feedback_json,std_msgs/msg/String,2026-08-22T20:23:35.870231-04:00,1787444615,870199578,1787444615870199578,110.443161,,,,21285,21284,1,0,0,21285,AxisTarget,1,True,True,True,False,-16.1131,-72.293404,108.112503,-0.1306,54.245602,-16.083799,503.703094,145.665222,536.029846,179.953003,-0.091575,179.916183,6671,False,True,
799,/kuka/axis_move/feedback_json,std_msgs/msg/String,2026-08-22T20:23:35.984181-04:00,1787444615,984169265,1787444615984169265,113.969687,,,,21286,21285,1,0,0,21286,AxisTarget,1,True,True,True,True,-16.113106,-72.293045,108.112839,-0.130589,54.243877,-16.083796,503.703217,145.665283,536.028259,179.953003,-0.091572,179.916199,6671,False,True,
800,/kuka/axis_move/feedback_json,std_msgs/msg/String,2026-08-22T20:23:36.098537-04:00,1787444616,98525126,1787444616098525126,114.355861,,,,21287,21286,1,0,0,21287,AxisTarget,1,True,True,True,False,-16.113453,-72.274467,108.126648,-0.130213,54.206692,-16.08371,503.718201,145.671982,535.83844,179.953445,-0.091245,179.916351,6671,False,True,
801,/kuka/axis_move/feedback_json,std_msgs/msg/String,2026-08-22T20:23:36.280303-04:00,1787444616,280291619,1787444616280291619,181.766493,,,,21288,21287,1,0,0,21288,AxisTarget,1,True,True,True,False,-16.115253,-72.181984,108.192848,-0.128473,54.03875,-16.083342,503.808441,145.712585,534.675781,179.956192,-0.089245,179.917343,6672,False,True,
802,/kuka/axis_move/feedback_json,std_msgs/msg/String,2026-08-22T20:23:36.391910-04:00,1787444616,391903640,1787444616391903640,111.612021,,,,21289,21288,1,0,0,21289,AxisTarget,1,True,True,True,False,-16.117104,-72.087677,108.259872,-0.126724,53.871078,-16.082973,503.89502,145.751984,533.52655,179.958908,-0.087267,179.918304,6672,False,True,
803,/kuka/axis_move/feedback_json,std_msgs/msg/String,2026-08-22T20:23:36.506349-04:00,1787444616,506330324,1787444616506330324,114.426684,,,,21290,21289,1,0,0,21290,AxisTarget,1,True,True,True,False,-16.11948,-71.967148,108.345039,-0.124515,53.660603,-16.082518,504.007324,145.803802,531.980774,179.962585,-0.084608,179.919601,6672,False,True,
804,/kuka/axis_move/feedback_json,std_msgs/msg/String,2026-08-22T20:23:36.623936-04:00,1787444616,623923480,1787444616623923480,117.593156,,,,21291,21290,1,0,0,21291,AxisTarget,1,True,True,True,False,-16.122076,-71.836311,108.437012,-0.122141,53.435364,-16.082029,504.126526,145.859787,530.263794,179.96669,-0.081655,179.921036,6672,False,True,
805,/kuka/axis_move/feedback_json,std_msgs/msg/String,2026-08-22T20:23:36.815827-04:00,1787444616,815815242,1787444616815815242,191.891762,,,,21292,21291,1,0,0,21292,AxisTarget,1,True,True,True,False,-16.126129,-71.632919,108.579308,-0.118486,53.090469,-16.081287,504.303009,145.944916,527.549805,179.973206,-0.076989,179.923279,6673,False,True,
806,/kuka/axis_move/feedback_json,std_msgs/msg/String,2026-08-22T20:23:37.004282-04:00,1787444617,4270095,1787444617004270095,188.454853,,,,21293,21292,1,0,0,21293,AxisTarget,1,True,True,True,False,-16.128662,-71.506889,108.666695,-0.116261,52.882401,-16.080843,504.408539,145.997375,525.808289,179.977417,-0.073995,179.924713,6674,False,True,
807,/kuka/axis_move/feedback_json,std_msgs/msg/String,2026-08-22T20:23:37.189981-04:00,1787444617,189962373,1787444617189962373,185.692278,,,,21294,21293,1,0,0,21294,AxisTarget,1,True,True,True,False,-16.129589,-71.461845,108.697174,-0.115504,52.81348,-16.0807,504.44809,146.017365,525.128906,179.979065,-0.072828,179.925278,6675,False,True,
808,/kuka/axis_move/feedback_json,std_msgs/msg/String,2026-08-22T20:23:37.299794-04:00,1787444617,299783359,1787444617299783359,109.820986,,,,21295,21294,1,0,0,21295,AxisTarget,1,True,True,True,False,-16.129601,-71.461403,108.697403,-0.1155,52.813202,-16.0807,504.448975,146.017822,525.113525,179.979095,-0.072801,179.925293,6675,False,True,
809,/kuka/axis_move/feedback_json,std_msgs/msg/String,2026-08-22T20:23:37.413135-04:00,1787444617,413098020,1787444617413098020,113.314661,,,,21296,21295,1,0,0,21296,AxisTarget,1,True,True,True,True,-16.129602,-71.46122,108.697586,-0.115494,52.812435,-16.080698,504.448975,146.017838,525.113098,179.979095,-0.072801,179.925293,6675,False,True,
810,/kuka/axis_move/feedback_json,std_msgs/msg/String,2026-08-22T20:23:37.524097-04:00,1787444617,524083908,1787444617524083908,110.985888,,,,21297,21296,1,0,0,21297,AxisTarget,1,True,True,True,False,-16.129807,-71.450256,108.705772,-0.115268,52.789917,-16.080647,504.455231,146.021011,525.004395,179.97937,-0.072614,179.925385,6675,False,True,
811,/kuka/axis_move/feedback_json,std_msgs/msg/String,2026-08-22T20:23:37.712308-04:00,1787444617,712294754,1787444617712294754,188.210846,,,,21298,21297,1,0,0,21298,AxisTarget,1,True,True,True,False,-16.13106,-71.385834,108.75193,-0.114045,52.672646,-16.080391,504.499268,146.043564,524.225525,179.981262,-0.071279,179.926025,6676,False,True,
812,/kuka/axis_move/feedback_json,std_msgs/msg/String,2026-08-22T20:23:37.826401-04:00,1787444617,826367175,1787444617826367175,114.072421,,,,21299,21298,1,0,0,21299,AxisTarget,1,True,True,True,False,-16.132353,-71.319923,108.798767,-0.112813,52.555405,-16.080137,504.544525,146.067047,523.40155,179.983261,-0.069866,179.926697,6676,False,True,
813,/kuka/axis_move/feedback_json,std_msgs/msg/String,2026-08-22T20:23:37.935914-04:00,1787444617,935904088,1787444617935904088,109.536913,,,,21300,21299,1,0,0,21300,AxisTarget,1,True,True,True,False,-16.133984,-71.236908,108.857613,-0.111205,52.402786,-16.079807,504.602478,146.09761,522.309021,179.985931,-0.067993,179.927597,6676,False,True,
814,/kuka/axis_move/feedback_json,std_msgs/msg/String,2026-08-22T20:23:38.048063-04:00,1787444618,48029511,1787444618048029511,112.125423,,,,21301,21300,1,0,0,21301,AxisTarget,1,True,True,True,False,-16.136078,-71.130638,108.932831,-0.109299,52.222111,-16.079416,504.671326,146.13472,520.948425,179.989273,-0.065662,179.928711,6676,False,True,
815,/kuka/axis_move/feedback_json,std_msgs/msg/String,2026-08-22T20:23:38.237629-04:00,1787444618,237599614,1787444618237599614,189.570103,,,,21302,21301,1,0,0,21302,AxisTarget,1,True,True,True,False,-16.140223,-70.921188,109.080284,-0.105457,51.859955,-16.07864,504.797943,146.205826,518.227661,179.995987,-0.061,179.930923,6677,False,True,
816,/kuka/axis_move/feedback_json,std_msgs/msg/String,2026-08-22T20:23:38.420029-04:00,1787444618,420018560,1787444618420018560,182.418946,,,,21303,21302,1,0,0,21303,AxisTarget,1,True,True,True,False,-16.144428,-70.709129,109.22934,-0.10158,51.494919,-16.077858,504.909332,146.272461,515.519714,-179.997299,-0.056362,179.93309,6678,False,True,
817,/kuka/axis_move/feedback_json,std_msgs/msg/String,2026-08-22T20:23:38.534985-04:00,1787444618,534978774,1787444618534978774,114.960214,,,,21304,21303,1,0,0,21304,AxisTarget,1,True,True,True,False,-16.146763,-70.591896,109.311386,-0.099455,51.29583,-16.077433,504.968445,146.309982,513.915466,-179.993286,-0.053615,179.934372,6678,False,True,
818,/kuka/axis_move/feedback_json,std_msgs/msg/String,2026-08-22T20:23:38.645728-04:00,1787444618,645721256,1787444618645721256,110.742482,,,,21305,21304,1,0,0,21305,AxisTarget,1,True,True,True,False,-16.148865,-70.486694,109.384773,-0.097561,51.118839,-16.077055,505.015869,146.341583,512.513916,-179.989777,-0.051216,179.935486,6678,False,True,
819,/kuka/axis_move/feedback_json,std_msgs/msg/String,2026-08-22T20:23:38.832264-04:00,1787444618,832257856,1787444618832257856,186.5366,,,,21306,21305,1,0,0,21306,AxisTarget,1,True,True,True,False,-16.151299,-70.365234,109.469238,-0.095387,50.916424,-16.076626,505.066132,146.376953,510.882538,-179.985672,-0.048424,179.936768,6679,False,True,
820,/kuka/axis_move/feedback_json,std_msgs/msg/String,2026-08-22T20:23:38.942743-04:00,1787444618,942728619,1787444618942728619,110.470763,,,,21307,21306,1,0,0,21307,AxisTarget,1,True,True,True,False,-16.152153,-70.322899,109.498474,-0.09464,50.847366,-16.076481,505.082733,146.389175,510.302734,-179.984207,-0.047432,179.937225,6679,False,True,
821,/kuka/axis_move/feedback_json,std_msgs/msg/String,2026-08-22T20:23:39.051839-04:00,1787444619,51833393,1787444619051833393,109.104774,,,,21308,21307,1,0,0,21308,AxisTarget,1,True,True,True,False,-16.152611,-70.300575,109.513641,-0.094259,50.812775,-16.07641,505.091583,146.395813,509.98349,-179.983398,-0.046886,179.937469,6679,False,True,
822,/kuka/axis_move/feedback_json,std_msgs/msg/String,2026-08-22T20:23:39.170339-04:00,1787444619,170330644,1787444619170330644,118.497251,,,,21309,21308,1,0,0,21309,AxisTarget,1,True,True,True,False,-16.1527,-70.296501,109.516197,-0.0942,50.807899,-16.076401,505.093536,146.397308,509.911072,-179.983215,-0.046762,179.937531,6679,False,True,
823,/kuka/axis_move/feedback_json,std_msgs/msg/String,2026-08-22T20:23:39.348575-04:00,1787444619,348565001,1787444619348565001,178.234357,,,,21310,21309,1,0,0,21310,AxisTarget,1,True,True,True,True,-16.152708,-70.296051,109.516594,-0.094187,50.806446,-16.076397,505.093597,146.397354,509.90918,-179.983215,-0.046759,179.937531,6680,False,True,
824,/kuka/axis_move/feedback_json,std_msgs/msg/String,2026-08-22T20:23:39.465255-04:00,1787444619,465249195,1787444619465249195,116.684194,,,,21311,21310,1,0,0,21311,AxisTarget,1,True,True,True,False,-16.15291,-70.285233,109.524605,-0.093969,50.784855,-16.076349,505.096619,146.399658,509.797394,-179.982925,-0.046567,179.937622,6680,False,True,
825,/kuka/axis_move/feedback_json,std_msgs/msg/String,2026-08-22T20:23:39.581032-04:00,1787444619,581006252,1787444619581006252,115.757057,,,,21312,21311,1,0,0,21312,AxisTarget,1,True,True,True,False,-16.15346,-70.257034,109.544838,-0.093433,50.733238,-16.076235,505.105591,146.406555,509.461761,-179.982086,-0.045993,179.937881,6680,False,True,
826,/kuka/axis_move/feedback_json,std_msgs/msg/String,2026-08-22T20:23:39.695519-04:00,1787444619,695507576,1787444619695507576,114.501324,,,,21313,21312,1,0,0,21313,AxisTarget,1,True,True,True,False,-16.15435,-70.211548,109.577232,-0.092581,50.651859,-16.076057,505.120605,146.418396,508.878082,-179.980606,-0.044993,179.938324,6680,False,True,
827,/kuka/axis_move/feedback_json,std_msgs/msg/String,2026-08-22T20:23:39.876375-04:00,1787444619,876351141,1787444619876351141,180.843565,,,,21314,21313,1,0,0,21314,AxisTarget,1,True,True,True,False,-16.156469,-70.103943,109.653534,-0.090583,50.461727,-16.075645,505.153046,146.445251,507.51651,-179.977142,-0.042662,179.939377,6681,False,True,
828,/kuka/axis_move/feedback_json,std_msgs/msg/String,2026-08-22T20:23:40.063984-04:00,1787444620,63962916,1787444620063962916,187.611775,,,,21315,21314,1,0,0,21315,AxisTarget,1,True,True,True,False,-16.159452,-69.952827,109.760406,-0.087792,50.196712,-16.075071,505.192566,146.481461,505.591217,-179.972229,-0.039366,179.940857,6682,False,True,
829,/kuka/axis_move/feedback_json,std_msgs/msg/String,2026-08-22T20:23:40.176174-04:00,1787444620,176163179,1787444620176163179,112.200263,,,,21316,21315,1,0,0,21316,AxisTarget,1,True,True,True,False,-16.161776,-69.835213,109.843498,-0.085624,49.991173,-16.074627,505.217407,146.507278,504.143951,-179.968521,-0.036889,179.941971,6682,False,True,
830,/kuka/axis_move/feedback_json,std_msgs/msg/String,2026-08-22T20:23:40.288721-04:00,1787444620,288713359,1787444620288713359,112.55018,,,,21317,21316,1,0,0,21317,AxisTarget,1,True,True,True,False,-16.164265,-69.709702,109.931824,-0.083329,49.774445,-16.074162,505.240173,146.534729,502.527191,-179.964355,-0.034122,179.943192,6682,False,True,
831,/kuka/axis_move/feedback_json,std_msgs/msg/String,2026-08-22T20:23:40.400130-04:00,1787444620,400112952,1787444620400112952,111.399593,,,,21318,21317,1,0,0,21318,AxisTarget,1,True,True,True,False,-16.166775,-69.583374,110.020622,-0.081024,49.556973,-16.073692,505.257874,146.561005,500.890778,-179.960129,-0.031322,179.944427,6682,False,True,
832,/kuka/axis_move/feedback_json,std_msgs/msg/String,2026-08-22T20:23:40.585350-04:00,1787444620,585344448,1787444620585344448,185.231496,,,,21319,21318,1,0,0,21319,AxisTarget,1,True,True,True,False,-16.170897,-69.375832,110.166496,-0.077237,49.199696,-16.072924,505.275299,146.6008,498.205444,-179.953156,-0.026729,179.946426,6683,False,True,
833,/kuka/axis_move/feedback_json,std_msgs/msg/String,2026-08-22T20:23:40.704562-04:00,1787444620,704529408,1787444620704529408,119.18496,,,,21320,21319,1,0,0,21320,AxisTarget,1,True,True,True,False,-16.173405,-69.249504,110.258469,-0.07485,48.974453,-16.072439,505.278809,146.623749,496.514496,-179.948746,-0.023838,179.947678,6683,False,True,
834,/kuka/axis_move/feedback_json,std_msgs/msg/String,2026-08-22T20:23:40.816324-04:00,1787444620,816309344,1787444620816309344,111.779936,,,,21321,21320,1,0,0,21321,AxisTarget,1,True,True,True,False,-16.175949,-69.12178,110.344788,-0.072617,48.764595,-16.071989,505.276672,146.644745,494.851685,-179.944382,-0.020995,179.948898,6683,False,True,
835,/kuka/axis_move/feedback_json,std_msgs/msg/String,2026-08-22T20:23:40.928101-04:00,1787444620,928085854,1787444620928085854,111.77651,,,,21322,21321,1,0,0,21322,AxisTarget,1,True,True,True,False,-16.178041,-69.017181,110.41777,-0.070737,48.588474,-16.071613,505.27066,146.660934,493.472565,-179.94075,-0.018637,179.94989,6683,False,True,
836,/kuka/axis_move/feedback_json,std_msgs/msg/String,2026-08-22T20:23:41.120366-04:00,1787444621,120336400,1787444621120336400,192.250546,,,,21323,21322,1,0,0,21323,AxisTarget,1,True,True,True,False,-16.180555,-68.891853,110.504982,-0.068496,48.375774,-16.071161,505.258545,146.678757,491.83667,-179.936417,-0.015841,179.95108,6684,False,True,
837,/kuka/axis_move/feedback_json,std_msgs/msg/String,2026-08-22T20:23:41.227906-04:00,1787444621,227895468,1787444621227895468,107.559068,,,,21324,21323,1,0,0,21324,AxisTarget,1,True,True,True,False,-16.181551,-68.84256,110.53907,-0.067626,48.298466,-16.070993,505.251984,146.685669,491.160889,-179.934631,-0.014687,179.951569,6684,False,True,
838,/kuka/axis_move/feedback_json,std_msgs/msg/String,2026-08-22T20:23:41.413931-04:00,1787444621,413919299,1787444621413919299,186.023831,,,,21325,21324,1,0,0,21325,AxisTarget,1,True,True,True,False,-16.182192,-68.811455,110.560074,-0.067102,48.251144,-16.0709,505.246918,146.690262,490.696411,-179.933395,-0.013893,179.951889,6685,False,True,
839,/kuka/axis_move/feedback_json,std_msgs/msg/String,2026-08-22T20:23:41.525809-04:00,1787444621,525797589,1787444621525797589,111.87829,,,,21326,21325,1,0,0,21326,AxisTarget,1,True,True,True,False,-16.182199,-68.811203,110.560204,-0.0671,48.250999,-16.0709,505.246826,146.690353,490.687103,-179.93338,-0.013877,179.951904,6685,False,True,
840,/kuka/axis_move/feedback_json,std_msgs/msg/String,2026-08-22T20:23:41.640425-04:00,1787444621,640415994,1787444621640415994,114.618405,,,,21327,21326,1,0,0,21327,AxisTarget,1,True,True,True,True,-16.182205,-68.810822,110.560547,-0.067089,48.249706,-16.070896,505.246796,146.690369,490.685669,-179.933365,-0.013875,179.951904,6685,False,True,
841,/kuka/axis_move/feedback_json,std_msgs/msg/String,2026-08-22T20:23:41.828739-04:00,1787444621,828706040,1787444621828706040,188.290046,,,,21328,21327,1,0,0,21328,AxisTarget,1,True,True,True,False,-16.182774,-68.781052,110.582222,-0.066509,48.192955,-16.07077,505.24295,146.693527,490.356079,-179.932495,-0.013314,179.952133,6686,False,True,
842,/kuka/axis_move/feedback_json,std_msgs/msg/String,2026-08-22T20:23:41.940140-04:00,1787444621,940123948,1787444621940123948,111.417908,,,,21329,21328,1,0,0,21329,AxisTarget,1,True,True,True,False,-16.183575,-68.73996,110.611542,-0.065739,48.118999,-16.070608,505.236694,146.698196,489.859344,-179.931183,-0.012469,179.952484,6686,False,True,
843,/kuka/axis_move/feedback_json,std_msgs/msg/String,2026-08-22T20:23:42.053966-04:00,1787444622,53933998,1787444622053933998,113.81005,,,,21330,21329,1,0,0,21330,AxisTarget,1,True,True,True,False,-16.184675,-68.683777,110.651459,-0.064695,48.019176,-16.070389,505.226746,146.704712,489.137756,-179.92926,-0.011243,179.953003,6686,False,True,
844,/kuka/axis_move/feedback_json,std_msgs/msg/String,2026-08-22T20:23:42.167910-04:00,1787444622,167897556,1787444622167897556,113.963558,,,,21331,21330,1,0,0,21331,AxisTarget,1,True,True,True,False,-16.186214,-68.605324,110.707062,-0.063245,47.880783,-16.070087,505.212128,146.712799,488.19165,-179.926743,-0.009634,179.953674,6686,False,True,
845,/kuka/axis_move/feedback_json,std_msgs/msg/String,2026-08-22T20:23:42.352033-04:00,1787444622,352021767,1787444622352021767,184.124211,,,,21332,21331,1,0,0,21332,AxisTarget,1,True,True,True,False,-16.189499,-68.438339,110.825172,-0.06017,47.587921,-16.06945,505.172241,146.729218,486.048462,-179.921005,-0.005991,179.95517,6687,False,True,
846,/kuka/axis_move/feedback_json,std_msgs/msg/String,2026-08-22T20:23:42.464112-04:00,1787444622,464092539,1787444622464092539,112.070772,,,,21333,21332,1,0,0,21333,AxisTarget,1,True,True,True,False,-16.191813,-68.320999,110.907959,-0.05802,47.38385,-16.069006,505.139099,146.739059,484.560181,-179.917007,-0.003461,179.956207,6687,False,True,
847,/kuka/axis_move/feedback_json,std_msgs/msg/String,2026-08-22T20:23:42.567728-04:00,1787444622,567721976,1787444622567721976,103.629437,,,,21334,21333,1,0,0,21334,AxisTarget,1,True,True,True,False,-16.194225,-68.199173,110.993591,-0.055805,47.174145,-16.068552,505.099426,146.748016,482.998077,-179.912796,-0.000807,179.957291,6687,False,True,
848,/kuka/axis_move/feedback_json,std_msgs/msg/String,2026-08-22T20:23:42.680312-04:00,1787444622,680295519,1787444622680295519,112.573543,,,,21335,21334,1,0,0,21335,AxisTarget,1,True,True,True,False,-16.196726,-68.072845,111.082397,-0.053507,46.956673,-16.068083,505.054871,146.755569,481.437317,-179.908569,0.001845,179.958359,6687,False,True,
849,/kuka/axis_move/feedback_json,std_msgs/msg/String,2026-08-22T20:23:42.863528-04:00,1787444622,863516719,1787444622863516719,183.2212,,,,21336,21335,1,0,0,21336,AxisTarget,1,True,True,True,False,-16.200745,-67.869804,111.225121,-0.049815,46.607162,-16.067326,504.967621,146.765167,478.781769,-179.901352,0.006356,179.960144,6688,False,True,
850,/kuka/axis_move/feedback_json,std_msgs/msg/String,2026-08-22T20:23:43.044270-04:00,1787444623,44259496,1787444623044259496,180.742777,,,,21337,21336,1,0,0,21337,AxisTarget,1,True,True,True,False,-16.204552,-67.678391,111.359009,-0.046368,46.282661,-16.066628,504.873199,146.770432,476.302582,-179.894562,0.010567,179.961807,6689,False,True,
851,/kuka/axis_move/feedback_json,std_msgs/msg/String,2026-08-22T20:23:43.157920-04:00,1787444623,157906271,1787444623157906271,113.646775,,,,21338,21337,1,0,0,21338,AxisTarget,1,True,True,True,False,-16.206341,-67.588722,111.421509,-0.044765,46.132236,-16.066305,504.825714,146.771652,475.166534,-179.891434,0.012496,179.962555,6689,False,True,
852,/kuka/axis_move/feedback_json,std_msgs/msg/String,2026-08-22T20:23:43.343769-04:00,1787444623,343758530,1787444623343758530,185.852259,,,,21339,21338,1,0,0,21339,AxisTarget,1,True,True,True,False,-16.208364,-67.487709,111.491631,-0.042973,45.964809,-16.065947,504.765808,146.772125,473.81488,-179.887711,0.014791,179.96344,6690,False,True,
853,/kuka/axis_move/feedback_json,std_msgs/msg/String,2026-08-22T20:23:43.455495-04:00,1787444623,455466212,1787444623455466212,111.707682,,,,21340,21339,1,0,0,21340,AxisTarget,1,True,True,True,False,-16.20904,-67.454407,111.514511,-0.042395,45.911415,-16.065834,504.743866,146.772034,473.34024,-179.886398,0.015597,179.963745,6690,False,True,
854,/kuka/axis_move/feedback_json,std_msgs/msg/String,2026-08-22T20:23:43.568201-04:00,1787444623,568186330,1787444623568186330,112.720118,,,,21341,21340,1,0,0,21341,AxisTarget,1,True,True,True,False,-16.209291,-67.442352,111.522469,-0.042202,45.894344,-16.0658,504.735352,146.771973,473.158386,-179.885895,0.015905,179.963867,6690,False,True,
855,/kuka/axis_move/feedback_json,std_msgs/msg/String,2026-08-22T20:23:43.681463-04:00,1787444623,681452101,1787444623681452101,113.265771,,,,21342,21341,1,0,0,21342,AxisTarget,1,True,True,True,False,-16.209299,-67.442101,111.522598,-0.0422,45.894199,-16.0658,504.734985,146.771973,473.151062,-179.885864,0.015918,179.963867,6690,False,True,
856,/kuka/axis_move/feedback_json,std_msgs/msg/String,2026-08-22T20:23:43.868708-04:00,1787444623,868684306,1787444623868684306,187.232205,,,,21343,21342,1,0,0,21343,AxisTarget,1,True,True,True,True,-16.209408,-67.435417,111.527733,-0.042055,45.879303,-16.065765,504.7323,146.771942,473.094147,-179.885712,0.016015,179.963913,6691,False,True,
857,/kuka/axis_move/feedback_json,std_msgs/msg/String,2026-08-22T20:23:43.983795-04:00,1787444623,983789823,1787444623983789823,115.105517,,,,21344,21343,1,0,0,21344,AxisTarget,1,True,True,True,False,-16.210003,-67.405258,111.54953,-0.041473,45.822971,-16.065638,504.716125,146.771774,472.753632,-179.884766,0.0166,179.964127,6691,False,True,
858,/kuka/axis_move/feedback_json,std_msgs/msg/String,2026-08-22T20:23:44.098112-04:00,1787444624,98079542,1787444624098079542,114.289719,,,,21345,21344,1,0,0,21345,AxisTarget,1,True,True,True,False,-16.211079,-67.350327,111.588745,-0.04044,45.72398,-16.065418,504.684296,146.771271,472.097748,-179.882935,0.017726,179.964554,6691,False,True,
859,/kuka/axis_move/feedback_json,std_msgs/msg/String,2026-08-22T20:23:44.208306-04:00,1787444624,208294688,1787444624208294688,110.215146,,,,21346,21345,1,0,0,21346,AxisTarget,1,True,True,True,False,-16.212523,-67.276901,111.640907,-0.039072,45.593472,-16.06513,504.637543,146.770096,471.165649,-179.880341,0.019326,179.965149,6691,False,True,
860,/kuka/axis_move/feedback_json,std_msgs/msg/String,2026-08-22T20:23:44.394846-04:00,1787444624,394830649,1787444624394830649,186.535961,,,,21347,21346,1,0,0,21347,AxisTarget,1,True,True,True,False,-16.216053,-67.098,111.767586,-0.035761,45.278717,-16.064438,504.518829,146.765274,468.943146,-179.8741,0.02314,179.966553,6692,False,True,
861,/kuka/axis_move/feedback_json,std_msgs/msg/String,2026-08-22T20:23:44.582661-04:00,1787444624,582636408,1787444624582636408,187.805759,,,,21348,21347,1,0,0,21348,AxisTarget,1,True,True,True,False,-16.220263,-66.886131,111.916534,-0.031895,44.913754,-16.063639,504.365326,146.755844,466.315308,-179.866699,0.02765,179.968201,6693,False,True,
862,/kuka/axis_move/feedback_json,std_msgs/msg/String,2026-08-22T20:23:44.693788-04:00,1787444624,693776907,1787444624693776907,111.140499,,,,21349,21348,1,0,0,21349,AxisTarget,1,True,True,True,False,-16.222773,-66.75988,112.005241,-0.029594,44.696678,-16.063164,504.261169,146.747787,464.657806,-179.862,0.030494,179.969223,6693,False,True,
863,/kuka/axis_move/feedback_json,std_msgs/msg/String,2026-08-22T20:23:44.809373-04:00,1787444624,809367614,1787444624809367614,115.590707,,,,21350,21349,1,0,0,21350,AxisTarget,1,True,True,True,False,-16.225096,-66.643845,112.086281,-0.027505,44.500843,-16.062725,504.162323,146.739151,463.162445,-179.857742,0.033059,179.970139,6693,False,True,
864,/kuka/axis_move/feedback_json,std_msgs/msg/String,2026-08-22T20:23:44.926857-04:00,1787444624,926815990,1787444624926815990,117.448376,,,,21351,21350,1,0,0,21351,AxisTarget,1,True,True,True,False,-16.227024,-66.547714,112.153244,-0.025782,44.33976,-16.062391,504.076294,146.730911,461.914612,-179.854187,0.0352,179.970901,6693,False,True,
865,/kuka/axis_move/feedback_json,std_msgs/msg/String,2026-08-22T20:23:45.109657-04:00,1787444625,109651799,1787444625109651799,182.835809,,,,21352,21351,1,0,0,21352,AxisTarget,1,True,True,True,False,-16.229071,-66.446053,112.22374,-0.023978,44.169285,-16.062023,503.980652,146.7211,460.579132,-179.850357,0.037491,179.971695,6694,False,True,
866,/kuka/axis_move/feedback_json,std_msgs/msg/String,2026-08-22T20:23:45.221049-04:00,1787444625,221029153,1787444625221029153,111.377354,,,,21353,21352,1,0,0,21353,AxisTarget,1,True,True,True,False,-16.229725,-66.414009,112.245667,-0.023424,44.120987,-16.06192,503.948547,146.717651,460.142242,-179.849106,0.03824,179.971954,6694,False,True,
867,/kuka/axis_move/feedback_json,std_msgs/msg/String,2026-08-22T20:23:45.332179-04:00,1787444625,332165885,1787444625332165885,111.136732,,,,21354,21353,1,0,0,21354,AxisTarget,1,True,True,True,False,-16.2299,-66.405907,112.2509,-0.0233,44.110298,-16.061899,503.939026,146.716614,460.013855,-179.84874,0.03846,179.972031,6694,False,True,
868,/kuka/axis_move/feedback_json,std_msgs/msg/String,2026-08-22T20:23:45.446281-04:00,1787444625,446273202,1787444625446273202,114.107317,,,,21355,21354,1,0,0,21355,AxisTarget,1,True,True,True,False,-16.2299,-66.405899,112.2509,-0.0233,44.110298,-16.061899,503.938934,146.716599,460.012543,-179.848724,0.038463,179.972031,6694,False,True,
869,/kuka/axis_move/feedback_json,std_msgs/msg/String,2026-08-22T20:23:45.637004-04:00,1787444625,636998562,1787444625636998562,190.72536,,,,21356,21355,1,0,0,21356,AxisTarget,1,True,True,True,True,-16.230196,-66.389854,112.263878,-0.022941,44.074074,-16.061817,503.926971,146.715302,459.851654,-179.848267,0.038736,179.972137,6695,False,True,
870,/kuka/axis_move/feedback_json,std_msgs/msg/String,2026-08-22T20:23:45.822058-04:00,1787444625,822016139,1787444625822016139,185.017577,,,,21357,21356,1,0,0,21357,AxisTarget,1,True,True,True,False,-16.232262,-66.284019,112.338882,-0.020962,43.883385,-16.061399,503.834595,146.704895,458.634552,-179.844772,0.0408,179.972855,6696,False,True,
871,/kuka/axis_move/feedback_json,std_msgs/msg/String,2026-08-22T20:23:45.928402-04:00,1787444625,928387473,1787444625928387473,106.371334,,,,21358,21357,1,0,0,21358,AxisTarget,1,True,True,True,False,-16.234297,-66.180634,112.412346,-0.019041,43.699726,-16.061001,503.732666,146.69281,457.335999,-179.841034,0.043003,179.973618,6696,False,True,
872,/kuka/axis_move/feedback_json,std_msgs/msg/String,2026-08-22T20:23:46.040375-04:00,1787444626,40363498,1787444626040363498,111.976025,,,,21359,21358,1,0,0,21359,AxisTarget,1,True,True,True,False,-16.236799,-66.054771,112.500923,-0.016746,43.482533,-16.060535,503.608795,146.677399,455.815277,-179.836639,0.045582,179.974503,6696,False,True,
873,/kuka/axis_move/feedback_json,std_msgs/msg/String,2026-08-22T20:23:46.155923-04:00,1787444626,155917416,1787444626155917416,115.553918,,,,21360,21359,1,0,0,21360,AxisTarget,1,True,True,True,False,-16.239307,-65.928879,112.589317,-0.014461,43.26672,-16.060072,503.474335,146.659836,454.228119,-179.832031,0.048274,179.975418,6696,False,True,
874,/kuka/axis_move/feedback_json,std_msgs/msg/String,2026-08-22T20:23:46.345958-04:00,1787444626,345946442,1787444626345946442,190.029026,,,,21361,21360,1,0,0,21361,AxisTarget,1,True,True,True,False,-16.242582,-65.766357,112.702141,-0.011578,42.997555,-16.059502,503.284668,146.633759,452.087433,-179.82579,0.051905,179.976639,6697,False,True,
875,/kuka/axis_move/feedback_json,std_msgs/msg/String,2026-08-22T20:23:46.465389-04:00,1787444626,465353789,1787444626465353789,119.407347,,,,21362,21361,1,0,0,21362,AxisTarget,1,True,True,True,False,-16.243576,-65.717682,112.736252,-0.010718,42.918354,-16.059338,503.22168,146.624802,451.399902,-179.823792,0.05307,179.977036,6697,False,True,
876,/kuka/axis_move/feedback_json,std_msgs/msg/String,2026-08-22T20:23:46.648210-04:00,1787444626,648199497,1787444626648199497,182.845708,,,,21363,21362,1,0,0,21363,AxisTarget,1,True,True,True,False,-16.2439,-65.702499,112.745399,-0.0105,42.899399,-16.059299,503.19989,146.621674,451.16452,-179.823105,0.05347,179.977158,6698,False,True,
877,/kuka/axis_move/feedback_json,std_msgs/msg/String,2026-08-22T20:23:46.760382-04:00,1787444626,760368874,1787444626760368874,112.169377,,,,21364,21363,1,0,0,21364,AxisTarget,1,True,True,True,True,-16.243902,-65.702324,112.745598,-0.010492,42.898392,-16.059296,503.19989,146.621674,451.164368,-179.823105,0.05347,179.977158,6698,False,True,
878,/kuka/axis_move/feedback_json,std_msgs/msg/String,2026-08-22T20:23:46.874165-04:00,1787444626,874148007,1787444626874148007,113.779133,,,,21365,21364,1,0,0,21365,AxisTarget,1,True,True,True,False,-16.244417,-65.67421,112.766808,-0.0099,42.839088,-16.059158,503.17392,146.617874,450.885223,-179.822281,0.053941,179.977325,6698,False,True,
879,/kuka/axis_move/feedback_json,std_msgs/msg/String,2026-08-22T20:23:46.986990-04:00,1787444626,986972241,1787444626986972241,112.824234,,,,21366,21365,1,0,0,21366,AxisTarget,1,True,True,True,False,-16.246176,-65.582695,112.832657,-0.008142,42.670612,-16.058781,503.078461,146.603714,449.873993,-179.819321,0.055648,179.97789,6698,False,True,
880,/kuka/axis_move/feedback_json,std_msgs/msg/String,2026-08-22T20:23:47.172852-04:00,1787444627,172827067,1787444627172827067,185.854826,,,,21367,21366,1,0,0,21367,AxisTarget,1,True,True,True,False,-16.250006,-65.386444,112.96962,-0.004595,42.340664,-16.058064,502.832397,146.565948,447.365784,-179.81192,0.059882,179.979294,6699,False,True,
881,/kuka/axis_move/feedback_json,std_msgs/msg/String,2026-08-22T20:23:47.284299-04:00,1787444627,284288558,1787444627284288558,111.461491,,,,21368,21367,1,0,0,21368,AxisTarget,1,True,True,True,False,-16.251101,-65.336182,113.003387,-0.003754,42.265606,-16.057907,502.756012,146.553879,446.613647,-179.809708,0.061151,179.979721,6699,False,True,
882,/kuka/axis_move/feedback_json,std_msgs/msg/String,2026-08-22T20:23:47.463903-04:00,1787444627,463892403,1787444627463892403,179.603845,,,,21369,21368,1,0,0,21369,AxisTarget,1,True,True,True,False,-16.2512,-65.331902,113.005898,-0.0037,42.261501,-16.057899,502.747192,146.552475,446.527527,-179.809448,0.061297,179.979767,6700,False,True,
883,/kuka/axis_move/feedback_json,std_msgs/msg/String,2026-08-22T20:23:47.583374-04:00,1787444627,583340016,1787444627583340016,119.447613,,,,21370,21369,1,0,0,21370,AxisTarget,1,True,True,True,True,-16.251732,-65.300827,113.030083,-0.003038,42.191162,-16.057758,502.71994,146.54805,446.261963,-179.808701,0.061759,179.979889,6700,False,True,
884,/kuka/axis_move/feedback_json,std_msgs/msg/String,2026-08-22T20:23:47.775673-04:00,1787444627,775632262,1787444627775632262,192.292246,,,,21371,21370,1,0,0,21371,AxisTarget,1,False,True,True,False,-16.252399,-65.269302,113.049896,-0.0026,42.153702,-16.057699,502.666565,146.539322,445.746002,-179.807236,0.062658,179.980148,6701,False,True,
885,/kuka/axis_move/feedback_json,std_msgs/msg/String,2026-08-22T20:23:47.883968-04:00,1787444627,883957267,1787444627883957267,108.325005,,,,21372,21371,1,0,0,21372,AxisTarget,1,False,True,True,False,-16.252399,-65.269302,113.049896,-0.0026,42.153702,-16.057699,502.666565,146.539322,445.746002,-179.807236,0.062658,179.980148,6701,False,True,
886,/kuka/axis_move/feedback_json,std_msgs/msg/String,2026-08-22T20:23:47.997508-04:00,1787444627,997476083,1787444627997476083,113.518816,,,,21373,21372,1,0,0,21373,AxisTarget,1,False,True,True,False,-16.252399,-65.269302,113.049896,-0.0026,42.153702,-16.057699,502.666565,146.539322,445.746002,-179.807236,0.062658,179.980148,6701,False,True,
887,/kuka/axis_move/feedback_json,std_msgs/msg/String,2026-08-22T20:23:48.109390-04:00,1787444628,109376256,1787444628109376256,111.900173,,,,21374,21373,1,0,0,21374,AxisTarget,1,False,True,True,False,-16.252399,-65.269302,113.049896,-0.0026,42.153702,-16.057699,502.666565,146.539322,445.746002,-179.807236,0.062658,179.980148,6701,False,True,
888,/kuka/axis_move/feedback_json,std_msgs/msg/String,2026-08-22T20:23:48.294092-04:00,1787444628,294081528,1787444628294081528,184.705272,,,,21375,21374,1,0,0,21375,AxisTarget,1,False,True,True,False,-16.252399,-65.269302,113.049896,-0.0026,42.153702,-16.057699,502.666565,146.539322,445.746002,-179.807236,0.062658,179.980148,6702,False,True,
889,/kuka/axis_move/feedback_json,std_msgs/msg/String,2026-08-22T20:23:48.492118-04:00,1787444628,492105453,1787444628492105453,198.023925,,,,21376,21375,1,0,0,21376,AxisTarget,1,False,True,True,False,-16.252399,-65.269302,113.049896,-0.0026,42.153702,-16.057699,502.666565,146.539322,445.746002,-179.807236,0.062658,179.980148,6703,False,True,
890,/kuka/axis_move/feedback_json,std_msgs/msg/String,2026-08-22T20:23:48.607523-04:00,1787444628,607493010,1787444628607493010,115.387557,,,,21377,21376,1,0,0,21377,AxisTarget,1,False,True,True,False,-16.252399,-65.269302,113.049896,-0.0026,42.153702,-16.057699,502.666565,146.539322,445.746002,-179.807236,0.062658,179.980148,6703,False,True,
891,/kuka/axis_move/feedback_json,std_msgs/msg/String,2026-08-22T20:23:48.720078-04:00,1787444628,720064330,1787444628720064330,112.57132,,,,21378,21377,1,0,0,21378,AxisTarget,1,False,True,True,False,-16.252399,-65.269302,113.049896,-0.0026,42.153702,-16.057699,502.666565,146.539322,445.746002,-179.807236,0.062658,179.980148,6703,False,True,
892,/kuka/axis_move/feedback_json,std_msgs/msg/String,2026-08-22T20:23:48.839288-04:00,1787444628,839266784,1787444628839266784,119.202454,,,,21379,21378,1,0,0,21379,AxisTarget,1,False,True,True,False,-16.252399,-65.269302,113.049896,-0.0026,42.153702,-16.057699,502.666565,146.539322,445.746002,-179.807236,0.062658,179.980148,6703,False,True,
893,/kuka/axis_move/feedback_json,std_msgs/msg/String,2026-08-22T20:23:49.025054-04:00,1787444629,25012466,1787444629025012466,185.745682,,,,21380,21379,1,0,0,21380,AxisTarget,1,False,True,True,False,-16.252399,-65.269302,113.049896,-0.0026,42.153702,-16.057699,502.666565,146.539322,445.746002,-179.807236,0.062658,179.980148,6704,False,True,
894,/kuka/axis_move/feedback_json,std_msgs/msg/String,2026-08-22T20:23:49.135922-04:00,1787444629,135904701,1787444629135904701,110.892235,,,,21381,21380,1,0,0,21381,AxisTarget,1,False,True,True,False,-16.252399,-65.269302,113.049896,-0.0026,42.153702,-16.057699,502.666565,146.539322,445.746002,-179.807236,0.062658,179.980148,6704,False,True,
895,/kuka/axis_move/feedback_json,std_msgs/msg/String,2026-08-22T20:23:49.253682-04:00,1787444629,253656427,1787444629253656427,117.751726,,,,21382,21381,1,0,0,21382,AxisTarget,1,False,True,True,False,-16.252399,-65.269302,113.049896,-0.0026,42.153702,-16.057699,502.666565,146.539322,445.746002,-179.807236,0.062658,179.980148,6704,False,True,
896,/kuka/axis_move/feedback_json,std_msgs/msg/String,2026-08-22T20:23:49.367907-04:00,1787444629,367894831,1787444629367894831,114.238404,,,,21383,21382,1,0,0,21383,AxisTarget,1,False,True,True,False,-16.252399,-65.269302,113.049896,-0.0026,42.153702,-16.057699,502.666565,146.539322,445.746002,-179.807236,0.062658,179.980148,6704,False,True,
897,/kuka/axis_move/feedback_json,std_msgs/msg/String,2026-08-22T20:23:49.559879-04:00,1787444629,559864354,1787444629559864354,191.969523,,,,21384,21383,1,0,0,21384,AxisTarget,1,False,True,True,False,-16.252399,-65.269302,113.049896,-0.0026,42.153702,-16.057699,502.666565,146.539322,445.746002,-179.807236,0.062658,179.980148,6705,False,True,
898,/kuka/axis_move/feedback_json,std_msgs/msg/String,2026-08-22T20:23:49.679812-04:00,1787444629,679805211,1787444629679805211,119.940857,,,,21385,21384,1,0,0,21385,AxisTarget,1,False,True,True,False,-16.252399,-65.269302,113.049896,-0.0026,42.153702,-16.057699,502.666565,146.539322,445.746002,-179.807236,0.062658,179.980148,6705,False,True,
899,/kuka/axis_move/feedback_json,std_msgs/msg/String,2026-08-22T20:23:49.863957-04:00,1787444629,863947299,1787444629863947299,184.142088,,,,21386,21385,1,0,0,21386,AxisTarget,1,True,True,True,False,-16.252399,-65.269302,113.049896,-0.0026,42.153702,-16.057699,502.666565,146.539322,445.746002,-179.807236,0.062658,179.980148,6706,False,True,
900,/kuka/axis_move/feedback_json,std_msgs/msg/String,2026-08-22T20:23:49.985235-04:00,1787444629,985213279,1787444629985213279,121.26598,,,,21387,21386,1,0,0,21387,AxisTarget,1,True,True,True,True,-16.252399,-65.269302,113.049896,-0.0026,42.153702,-16.057699,502.666565,146.539322,445.746002,-179.807236,0.062658,179.980148,6706,False,True,
901,/kuka/axis_move/feedback_json,std_msgs/msg/String,2026-08-22T20:23:50.176303-04:00,1787444630,176274760,1787444630176274760,191.061481,,,,21388,21387,1,0,0,21388,AxisTarget,1,True,True,True,False,-16.252399,-65.269302,113.049896,-0.0026,42.153702,-16.057699,502.666565,146.539322,445.746002,-179.807236,0.062658,179.980148,6707,False,True,
902,/kuka/axis_move/feedback_json,std_msgs/msg/String,2026-08-22T20:23:50.288101-04:00,1787444630,288070458,1787444630288070458,111.795698,,,,21389,21388,1,0,0,21389,AxisTarget,1,True,True,True,True,-16.252399,-65.269928,113.049232,-0.002581,42.157024,-16.057728,502.666626,146.539337,445.746521,-179.807236,0.062659,179.980148,6707,False,True,
903,/kuka/axis_move/feedback_json,std_msgs/msg/String,2026-08-22T20:23:50.481544-04:00,1787444630,481532397,1787444630481532397,193.461939,,,,21390,21389,1,0,0,21390,AxisTarget,1,True,True,True,False,-16.252487,-65.423279,112.942184,-0.000504,42.418339,-16.059383,502.843567,146.58989,447.505768,-179.807236,0.069174,179.979568,6708,False,True,
904,/kuka/axis_move/feedback_json,std_msgs/msg/String,2026-08-22T20:23:50.595716-04:00,1787444630,595690992,1787444630595690992,114.158595,,,,21391,21390,1,0,0,21391,AxisTarget,1,True,True,True,False,-16.252501,-65.443703,112.929901,-0.0003,42.440201,-16.0595,502.883392,146.601242,447.910614,-179.807236,0.070672,179.979446,6708,False,True,
905,/kuka/axis_move/feedback_json,std_msgs/msg/String,2026-08-22T20:23:50.711851-04:00,1787444630,711819908,1787444630711819908,116.128916,,,,21392,21391,1,0,0,21392,AxisTarget,1,True,True,True,True,-16.252501,-65.443703,112.929901,-0.0003,42.440239,-16.0595,502.883392,146.601242,447.910583,-179.807236,0.070672,179.979446,6708,False,True,
906,/kuka/axis_move/feedback_json,std_msgs/msg/String,2026-08-22T20:23:50.826961-04:00,1787444630,826950293,1787444630826950293,115.130385,,,,21393,21392,1,0,0,21393,AxisTarget,1,True,True,True,False,-16.252502,-65.458244,112.918953,-6.8e-05,42.471123,-16.05971,502.895203,146.604584,448.031342,-179.807236,0.071123,179.979401,6708,False,True,
907,/kuka/axis_move/feedback_json,std_msgs/msg/String,2026-08-22T20:23:51.017984-04:00,1787444631,17973002,1787444631017973002,191.022709,,,,21394,21393,1,0,0,21394,AxisTarget,1,True,True,True,False,-16.252527,-65.591675,112.825058,0.001797,42.705009,-16.061211,503.040466,146.645554,449.540558,-179.807266,0.076757,179.978928,6709,False,True,
908,/kuka/axis_move/feedback_json,std_msgs/msg/String,2026-08-22T20:23:51.201226-04:00,1787444631,201214623,1787444631201214623,183.241621,,,,21395,21394,1,0,0,21395,AxisTarget,1,True,True,True,False,-16.252569,-65.810913,112.674126,0.00473,43.064823,-16.063469,503.294769,146.717117,452.312469,-179.807358,0.087094,179.978073,6710,False,True,
909,/kuka/axis_move/feedback_json,std_msgs/msg/String,2026-08-22T20:23:51.311947-04:00,1787444631,311938914,1787444631311938914,110.724291,,,,21396,21395,1,0,0,21396,AxisTarget,1,True,True,True,False,-16.252588,-65.910706,112.606667,0.006018,43.219959,-16.064425,503.406219,146.748413,453.586029,-179.807404,0.091838,179.977692,6710,False,True,
910,/kuka/axis_move/feedback_json,std_msgs/msg/String,2026-08-22T20:23:51.504211-04:00,1787444631,504197358,1787444631504197358,192.258444,,,,21397,21396,1,0,0,21397,AxisTarget,1,True,True,True,False,-16.2526,-65.966888,112.569801,0.0067,43.299603,-16.064899,503.477753,146.768494,454.424774,-179.807449,0.094961,179.977448,6711,False,True,
911,/kuka/axis_move/feedback_json,std_msgs/msg/String,2026-08-22T20:23:51.621653-04:00,1787444631,621527796,1787444631621527796,117.330438,,,,21398,21397,1,0,0,21398,AxisTarget,1,True,True,True,False,-16.2526,-65.966904,112.569801,0.0067,43.299599,-16.064899,503.477966,146.768539,454.427155,-179.807449,0.09497,179.977448,6711,False,True,
912,/kuka/axis_move/feedback_json,std_msgs/msg/String,2026-08-22T20:23:51.736366-04:00,1787444631,736354382,1787444631736354382,114.826586,,,,21399,21398,1,0,0,21399,AxisTarget,1,True,True,True,True,-16.2526,-65.969551,112.56768,0.006754,43.307182,-16.064953,503.479309,146.768921,454.443329,-179.807449,0.095029,179.977432,6711,False,True,
913,/kuka/axis_move/feedback_json,std_msgs/msg/String,2026-08-22T20:23:51.847843-04:00,1787444631,847831644,1787444631847831644,111.477262,,,,21400,21399,1,0,0,21400,AxisTarget,1,True,True,True,False,-16.252607,-65.997757,112.547501,0.007148,43.358112,-16.065285,503.504211,146.775925,454.739838,-179.807465,0.096123,179.977356,6711,False,True,
914,/kuka/axis_move/feedback_json,std_msgs/msg/String,2026-08-22T20:23:52.033238-04:00,1787444632,33214877,1787444632033214877,185.383233,,,,21401,21400,1,0,0,21401,AxisTarget,1,True,True,True,False,-16.252632,-66.108826,112.469849,0.00866,43.549305,-16.066504,503.611176,146.805939,456.039246,-179.807541,0.100916,179.976974,6712,False,True,
915,/kuka/axis_move/feedback_json,std_msgs/msg/String,2026-08-22T20:23:52.216169-04:00,1787444632,216157018,1787444632216157018,182.942141,,,,21402,21401,1,0,0,21402,AxisTarget,1,True,True,True,False,-16.252674,-66.299347,112.337776,0.01121,43.869064,-16.068527,503.792542,146.85672,458.347778,-179.807678,0.109422,179.976303,6713,False,True,
916,/kuka/axis_move/feedback_json,std_msgs/msg/String,2026-08-22T20:23:52.332171-04:00,1787444632,332159648,1787444632332159648,116.00263,,,,21403,21402,1,0,0,21403,AxisTarget,1,True,True,True,False,-16.252705,-66.431725,112.246681,0.012956,44.086536,-16.069893,503.915985,146.89119,460.006226,-179.807785,0.115528,179.975845,6713,False,True,
917,/kuka/axis_move/feedback_json,std_msgs/msg/String,2026-08-22T20:23:52.441288-04:00,1787444632,441282318,1787444632441282318,109.12267,,,,21404,21403,1,0,0,21404,AxisTarget,1,True,True,True,False,-16.252735,-66.563515,112.156105,0.014689,44.302063,-16.071245,504.033752,146.923981,461.664795,-179.807907,0.121629,179.975388,6713,False,True,
918,/kuka/axis_move/feedback_json,std_msgs/msg/String,2026-08-22T20:23:52.554229-04:00,1787444632,554215538,1787444632554215538,112.93322,,,,21405,21404,1,0,0,21405,AxisTarget,1,True,True,True,False,-16.252762,-66.677147,112.078636,0.01616,44.483501,-16.072374,504.133911,146.951813,463.143311,-179.808029,0.127064,179.974991,6713,False,True,
919,/kuka/axis_move/feedback_json,std_msgs/msg/String,2026-08-22T20:23:52.742147-04:00,1787444632,742138620,1787444632742138620,187.923082,,,,21406,21405,1,0,0,21406,AxisTarget,1,True,True,True,False,-16.25279,-66.798447,111.996376,0.017713,44.674065,-16.073568,504.238098,146.980667,464.757324,-179.808167,0.132993,179.974564,6714,False,True,
920,/kuka/axis_move/feedback_json,std_msgs/msg/String,2026-08-22T20:23:52.852001-04:00,1787444632,851990036,1787444632851990036,109.851416,,,,21407,21406,1,0,0,21407,AxisTarget,1,True,True,True,False,-16.252798,-66.833107,111.973297,0.018141,44.725506,-16.073864,504.269409,146.989319,465.259186,-179.808212,0.134836,179.974426,6714,False,True,
921,/kuka/axis_move/feedback_json,std_msgs/msg/String,2026-08-22T20:23:52.964446-04:00,1787444632,964439098,1787444632964439098,112.449062,,,,21408,21407,1,0,0,21408,AxisTarget,1,True,True,True,False,-16.2528,-66.838799,111.969803,0.0182,44.731998,-16.0739,504.275452,146.990997,465.357086,-179.808212,0.135195,179.974411,6714,False,True,
922,/kuka/axis_move/feedback_json,std_msgs/msg/String,2026-08-22T20:23:53.076093-04:00,1787444633,76080848,1787444633076080848,111.64175,,,,21409,21408,1,0,0,21409,AxisTarget,1,True,True,True,False,-16.2528,-66.838799,111.969803,0.0182,44.731998,-16.0739,504.275452,146.990997,465.357056,-179.808212,0.135195,179.974411,6714,False,True,
923,/kuka/axis_move/feedback_json,std_msgs/msg/String,2026-08-22T20:23:53.264098-04:00,1787444633,264092467,1787444633264092467,188.011619,,,,21410,21409,1,0,0,21410,AxisTarget,1,True,True,True,True,-16.252802,-66.856049,111.95723,0.018456,44.765495,-16.074123,504.285889,146.993866,465.526703,-179.808228,0.135819,179.974365,6715,False,True,
924,/kuka/axis_move/feedback_json,std_msgs/msg/String,2026-08-22T20:23:53.380398-04:00,1787444633,380363860,1787444633380363860,116.271393,,,,21411,21410,1,0,0,21411,AxisTarget,1,True,True,True,False,-16.25281,-66.895737,111.929344,0.019005,44.834789,-16.074572,504.313751,147.001541,465.984497,-179.808273,0.137503,179.974243,6715,False,True,
925,/kuka/axis_move/feedback_json,std_msgs/msg/String,2026-08-22T20:23:53.492240-04:00,1787444633,492211326,1787444633492211326,111.847466,,,,21412,21411,1,0,0,21412,AxisTarget,1,True,True,True,False,-16.252819,-66.961357,111.883591,0.019899,44.946831,-16.075291,504.360413,147.014359,466.767578,-179.80835,0.140383,179.974045,6715,False,True,
926,/kuka/axis_move/feedback_json,std_msgs/msg/String,2026-08-22T20:23:53.606161-04:00,1787444633,606149017,1787444633606149017,113.937691,,,,21413,21412,1,0,0,21413,AxisTarget,1,True,True,True,False,-16.252834,-67.048378,111.823128,0.021076,45.093887,-16.076229,504.421265,147.031036,467.822388,-179.808456,0.144261,179.973785,6715,False,True,
927,/kuka/axis_move/feedback_json,std_msgs/msg/String,2026-08-22T20:23:53.795210-04:00,1787444633,795178854,1787444633795178854,189.029837,,,,21414,21413,1,0,0,21414,AxisTarget,1,True,True,True,False,-16.252865,-67.241089,111.689697,0.023727,45.423943,-16.078331,504.552673,147.066879,470.250153,-179.808731,0.153179,179.97319,6716,False,True,
928,/kuka/axis_move/feedback_json,std_msgs/msg/String,2026-08-22T20:23:53.978983-04:00,1787444633,978958814,1787444633978958814,183.77996,,,,21415,21414,1,0,0,21415,AxisTarget,1,True,True,True,False,-16.252901,-67.463287,111.536774,0.026613,45.781219,-16.080593,504.686829,147.10318,472.998016,-179.809052,0.163262,179.972549,6717,False,True,
929,/kuka/axis_move/feedback_json,std_msgs/msg/String,2026-08-22T20:23:54.088112-04:00,1787444634,88099228,1787444634088099228,109.140414,,,,21416,21415,1,0,0,21416,AxisTarget,1,True,True,True,False,-16.252924,-67.595665,111.445663,0.02837,45.998692,-16.08197,504.76358,147.123764,474.733337,-179.809265,0.169624,179.972153,6717,False,True,
930,/kuka/axis_move/feedback_json,std_msgs/msg/String,2026-08-22T20:23:54.200189-04:00,1787444634,200179921,1787444634200179921,112.080693,,,,21417,21416,1,0,0,21417,AxisTarget,1,True,True,True,False,-16.252943,-67.724251,111.357483,0.030064,46.207581,-16.083288,504.828461,147.141037,476.322144,-179.809479,0.175445,179.971786,6717,False,True,
931,/kuka/axis_move/feedback_json,std_msgs/msg/String,2026-08-22T20:23:54.312082-04:00,1787444634,312071489,1787444634312071489,111.891568,,,,21418,21417,1,0,0,21418,AxisTarget,1,True,True,True,False,-16.252962,-67.830055,111.285172,0.031448,46.383415,-16.084393,504.882294,147.155243,477.747864,-179.809677,0.180666,179.971481,6717,False,True,
932,/kuka/axis_move/feedback_json,std_msgs/msg/String,2026-08-22T20:23:54.496514-04:00,1787444634,496500957,1787444634496500957,184.429468,,,,21419,21418,1,0,0,21419,AxisTarget,1,True,True,True,False,-16.252985,-67.964203,111.193726,0.033225,46.595493,-16.085724,504.94278,147.171021,479.498962,-179.809921,0.187073,179.9711,6718,False,True,
933,/kuka/axis_move/feedback_json,std_msgs/msg/String,2026-08-22T20:23:54.606223-04:00,1787444634,606201510,1787444634606201510,109.700553,,,,21420,21419,1,0,0,21420,AxisTarget,1,True,True,True,False,-16.252993,-68.017403,111.157639,0.033881,46.675503,-16.086222,504.965363,147.176865,480.204132,-179.810028,0.189653,179.970963,6718,False,True,
934,/kuka/axis_move/feedback_json,std_msgs/msg/String,2026-08-22T20:23:54.795897-04:00,1787444634,795886194,1787444634795886194,189.684684,,,,21421,21420,1,0,0,21421,AxisTarget,1,True,True,True,False,-16.253,-68.058502,111.130257,0.034391,46.736565,-16.086596,504.982849,147.181366,480.773071,-179.810104,0.191733,179.97084,6719,False,True,
935,/kuka/axis_move/feedback_json,std_msgs/msg/String,2026-08-22T20:23:54.912910-04:00,1787444634,912888587,1787444634912888587,117.002393,,,,21422,21421,1,0,0,21422,AxisTarget,1,True,True,True,False,-16.253,-68.059502,111.1297,0.0344,46.7374,-16.086599,504.983612,147.181564,480.798584,-179.81012,0.191826,179.97084,6719,False,True,
936,/kuka/axis_move/feedback_json,std_msgs/msg/String,2026-08-22T20:23:55.025448-04:00,1787444635,25412220,1787444635025412220,112.523633,,,,21423,21422,1,0,0,21423,AxisTarget,1,True,True,True,True,-16.253,-68.059525,111.129677,0.034401,46.737564,-16.086601,504.983612,147.181564,480.798584,-179.81012,0.191827,179.97084,6719,False,True,
937,/kuka/axis_move/feedback_json,std_msgs/msg/String,2026-08-22T20:23:55.141973-04:00,1787444635,141965813,1787444635141965813,116.553593,,,,21424,21423,1,0,0,21424,AxisTarget,1,True,True,True,False,-16.253002,-68.06897,111.122665,0.034546,46.758202,-16.08674,504.98642,147.182281,480.892517,-179.810135,0.19217,179.97081,6719,False,True,
938,/kuka/axis_move/feedback_json,std_msgs/msg/String,2026-08-22T20:23:55.322084-04:00,1787444635,322074586,1787444635322074586,180.108773,,,,21425,21424,1,0,0,21425,AxisTarget,1,True,True,True,False,-16.253019,-68.13446,111.07666,0.035451,46.871147,-16.087467,505.009125,147.188126,481.672913,-179.810242,0.195024,179.970657,6720,False,True,
939,/kuka/axis_move/feedback_json,std_msgs/msg/String,2026-08-22T20:23:55.504089-04:00,1787444635,504073911,1787444635504073911,181.999325,,,,21426,21425,1,0,0,21426,AxisTarget,1,True,True,True,False,-16.253052,-68.259514,110.989685,0.037146,47.089012,-16.088856,505.050293,147.198593,483.212921,-179.810455,0.200654,179.970337,6721,False,True,
940,/kuka/axis_move/feedback_json,std_msgs/msg/String,2026-08-22T20:23:55.616022-04:00,1787444635,615997219,1787444635615997219,111.923308,,,,21427,21426,1,0,0,21427,AxisTarget,1,True,True,True,False,-16.25308,-68.372063,110.911644,0.038663,47.272316,-16.090021,505.082336,147.206589,484.559631,-179.810669,0.205575,179.970078,6721,False,True,
941,/kuka/axis_move/feedback_json,std_msgs/msg/String,2026-08-22T20:23:55.727773-04:00,1787444635,727761710,1787444635727761710,111.764491,,,,21428,21427,1,0,0,21428,AxisTarget,1,True,True,True,False,-16.253111,-68.496513,110.825737,0.040324,47.478577,-16.091328,505.116058,147.214798,486.181915,-179.810913,0.211499,179.969757,6721,False,True,
942,/kuka/axis_move/feedback_json,std_msgs/msg/String,2026-08-22T20:23:55.841265-04:00,1787444635,841252654,1787444635841252654,113.490944,,,,21429,21428,1,0,0,21429,AxisTarget,1,True,True,True,False,-16.253145,-68.628899,110.734634,0.042081,47.696049,-16.092701,505.145538,147.22168,487.870972,-179.811188,0.217664,179.969437,6721,False,True,
943,/kuka/axis_move/feedback_json,std_msgs/msg/String,2026-08-22T20:23:56.020401-04:00,1787444636,20385289,1787444636020385289,179.132635,,,,21430,21429,1,0,0,21430,AxisTarget,1,True,True,True,False,-16.253202,-68.84639,110.584976,0.044967,48.053326,-16.094955,505.180878,147.229202,490.588898,-179.811661,0.227577,179.968948,6722,False,True,
944,/kuka/axis_move/feedback_json,std_msgs/msg/String,2026-08-22T20:23:56.134191-04:00,1787444636,134183440,1787444636134183440,113.798151,,,,21431,21430,1,0,0,21431,AxisTarget,1,True,True,True,False,-16.253237,-68.978775,110.493881,0.046723,48.270798,-16.096329,505.195343,147.231674,492.282166,-179.811951,0.233748,179.968643,6722,False,True,
945,/kuka/axis_move/feedback_json,std_msgs/msg/String,2026-08-22T20:23:56.245645-04:00,1787444636,245638871,1787444636245638871,111.455431,,,,21432,21431,1,0,0,21432,AxisTarget,1,True,True,True,False,-16.253271,-69.110817,110.403084,0.048473,48.487141,-16.097692,505.204071,147.232468,493.975708,-179.812271,0.239916,179.968353,6722,False,True,
946,/kuka/axis_move/feedback_json,std_msgs/msg/String,2026-08-22T20:23:56.363754-04:00,1787444636,363739122,1787444636363739122,118.100251,,,,21433,21432,1,0,0,21433,AxisTarget,1,True,True,True,False,-16.253304,-69.236626,110.31694,0.050125,48.69075,-16.098972,505.207031,147.231613,495.618378,-179.812576,0.245896,179.968094,6722,False,True,
947,/kuka/axis_move/feedback_json,std_msgs/msg/String,2026-08-22T20:23:56.546797-04:00,1787444636,546772184,1787444636546772184,183.033062,,,,21434,21433,1,0,0,21434,AxisTarget,1,True,True,True,False,-16.253345,-69.398949,110.205925,0.052253,48.952507,-16.100615,505.202759,147.228134,497.751404,-179.813004,0.253657,179.967743,6723,False,True,
948,/kuka/axis_move/feedback_json,std_msgs/msg/String,2026-08-22T20:23:56.660153-04:00,1787444636,660141502,1787444636660141502,113.369318,,,,21435,21434,1,0,0,21435,AxisTarget,1,True,True,True,False,-16.253365,-69.47538,110.153748,0.053251,49.075081,-16.101381,505.197357,147.225464,498.795746,-179.813217,0.257455,179.967575,6723,False,True,
949,/kuka/axis_move/feedback_json,std_msgs/msg/String,2026-08-22T20:23:56.843750-04:00,1787444636,843742919,1787444636843742919,183.601417,,,,21436,21435,1,0,0,21436,AxisTarget,1,True,True,True,False,-16.253387,-69.565605,110.092361,0.054421,49.218292,-16.102276,505.188629,147.221664,499.97464,-179.813461,0.261741,179.967392,6724,False,True,
950,/kuka/axis_move/feedback_json,std_msgs/msg/String,2026-08-22T20:23:56.964553-04:00,1787444636,964527258,1787444636964527258,120.784339,,,,21437,21436,1,0,0,21437,AxisTarget,1,True,True,True,False,-16.253397,-69.597481,110.070862,0.054828,49.267559,-16.102579,505.184631,147.220032,500.416351,-179.813553,0.263346,179.967331,6724,False,True,
951,/kuka/axis_move/feedback_json,std_msgs/msg/String,2026-08-22T20:23:57.075931-04:00,1787444637,75920744,1787444637075920744,111.393486,,,,21438,21437,1,0,0,21438,AxisTarget,1,True,True,True,False,-16.253401,-69.611183,110.061859,0.054993,49.28701,-16.102695,505.182617,147.219223,500.624695,-179.813583,0.264103,179.9673,6724,False,True,
952,/kuka/axis_move/feedback_json,std_msgs/msg/String,2026-08-22T20:23:57.189398-04:00,1787444637,189389277,1787444637189389277,113.468533,,,,21439,21438,1,0,0,21439,AxisTarget,1,True,True,True,False,-16.253401,-69.612,110.061401,0.055,49.287701,-16.102699,505.182404,147.219147,500.645599,-179.813599,0.264179,179.9673,6724,False,True,
953,/kuka/axis_move/feedback_json,std_msgs/msg/String,2026-08-22T20:23:57.376720-04:00,1787444637,376708360,1787444637376708360,187.319083,,,,21440,21439,1,0,0,21440,AxisTarget,1,True,True,True,True,-16.253401,-69.615166,110.058929,0.055054,49.295155,-16.102751,505.18219,147.219055,500.668152,-179.813599,0.264261,179.9673,6725,False,True,
954,/kuka/axis_move/feedback_json,std_msgs/msg/String,2026-08-22T20:23:57.487946-04:00,1787444637,487934662,1787444637487934662,111.226302,,,,21441,21440,1,0,0,21441,AxisTarget,1,True,True,True,False,-16.253407,-69.639725,110.041428,0.055401,49.339779,-16.103041,505.179413,147.217957,500.939178,-179.81366,0.265246,179.967255,6725,False,True,
955,/kuka/axis_move/feedback_json,std_msgs/msg/String,2026-08-22T20:23:57.600172-04:00,1787444637,600136292,1787444637600136292,112.20163,,,,21442,21441,1,0,0,21442,AxisTarget,1,True,True,True,False,-16.253416,-69.685211,110.009567,0.056023,49.418495,-16.103542,505.173126,147.2155,501.508026,-179.813782,0.267313,179.967163,6725,False,True,
956,/kuka/axis_move/feedback_json,std_msgs/msg/String,2026-08-22T20:23:57.711508-04:00,1787444637,711481397,1787444637711481397,111.345105,,,,21443,21442,1,0,0,21443,AxisTarget,1,True,True,True,False,-16.253431,-69.758377,109.958618,0.057013,49.542965,-16.104334,505.162262,147.21138,502.378876,-179.813965,0.270477,179.967041,6725,False,True,
957,/kuka/axis_move/feedback_json,std_msgs/msg/String,2026-08-22T20:23:57.894109-04:00,1787444637,894099202,1787444637894099202,182.617805,,,,21444,21443,1,0,0,21444,AxisTarget,1,True,True,True,False,-16.253466,-69.921745,109.845261,0.059207,49.817974,-16.106075,505.130035,147.199677,504.466248,-179.814438,0.278057,179.966736,6726,False,True,
958,/kuka/axis_move/feedback_json,std_msgs/msg/String,2026-08-22T20:23:58.081746-04:00,1787444638,81719198,1787444638081719198,187.619996,,,,21445,21444,1,0,0,21445,AxisTarget,1,True,True,True,False,-16.253511,-70.135902,109.694336,0.062109,50.179428,-16.108347,505.074463,147.180435,507.207794,-179.815079,0.288006,179.966354,6727,False,True,
959,/kuka/axis_move/feedback_json,std_msgs/msg/String,2026-08-22T20:23:58.190775-04:00,1787444638,190764755,1787444638190764755,109.045557,,,,21446,21445,1,0,0,21446,AxisTarget,1,True,True,True,False,-16.253538,-70.26828,109.606483,0.063796,50.389137,-16.109665,505.032288,147.166229,508.915466,-179.815475,0.294199,179.96611,6727,False,True,
960,/kuka/axis_move/feedback_json,std_msgs/msg/String,2026-08-22T20:23:58.309377-04:00,1787444638,309357439,1787444638309357439,118.592684,,,,21447,21446,1,0,0,21447,AxisTarget,1,True,True,True,False,-16.253567,-70.405388,109.512123,0.065607,50.614376,-16.111078,504.984253,147.150299,510.624481,-179.815903,0.300395,179.965897,6727,False,True,
961,/kuka/axis_move/feedback_json,std_msgs/msg/String,2026-08-22T20:23:58.424241-04:00,1787444638,424234542,1787444638424234542,114.877103,,,,21448,21447,1,0,0,21448,AxisTarget,1,True,True,True,False,-16.253595,-70.542458,109.417809,0.067417,50.839386,-16.112492,504.928314,147.132004,512.395935,-179.816345,0.306814,179.965668,6727,False,True,
962,/kuka/axis_move/feedback_json,std_msgs/msg/String,2026-08-22T20:23:58.607879-04:00,1787444638,607867258,1787444638607867258,183.632716,,,,21449,21448,1,0,0,21449,AxisTarget,1,True,True,True,False,-16.253639,-70.741287,109.281685,0.070017,51.160843,-16.114498,504.834045,147.101532,515.018616,-179.817032,0.316312,179.965363,6728,False,True,
963,/kuka/axis_move/feedback_json,std_msgs/msg/String,2026-08-22T20:23:58.722670-04:00,1787444638,722640396,1787444638722640396,114.773138,,,,21450,21449,1,0,0,21450,AxisTarget,1,True,True,True,False,-16.253658,-70.832016,109.219681,0.071198,51.30674,-16.115408,504.784393,147.085632,516.266541,-179.817368,0.32083,179.96521,6728,False,True,
964,/kuka/axis_move/feedback_json,std_msgs/msg/String,2026-08-22T20:23:58.904083-04:00,1787444638,904073701,1787444638904073701,181.433305,,,,21451,21450,1,0,0,21451,AxisTarget,1,True,True,True,False,-16.253683,-70.948753,109.140106,0.072711,51.493031,-16.116566,504.71933,147.064911,517.795776,-179.817795,0.326364,179.965042,6729,False,True,
965,/kuka/axis_move/feedback_json,std_msgs/msg/String,2026-08-22T20:23:59.019726-04:00,1787444639,19707572,1787444639019707572,115.633871,,,,21452,21451,1,0,0,21452,AxisTarget,1,True,True,True,False,-16.253693,-70.993431,109.109818,0.073284,51.563152,-16.117001,504.691925,147.056213,518.408997,-179.817963,0.328583,179.964981,6729,False,True,
966,/kuka/axis_move/feedback_json,std_msgs/msg/String,2026-08-22T20:23:59.134553-04:00,1787444639,134525213,1787444639134525213,114.817641,,,,21453,21452,1,0,0,21453,AxisTarget,1,True,True,True,False,-16.253698,-71.019531,109.092308,0.073611,51.602764,-16.117241,504.67453,147.050705,518.790527,-179.818069,0.329963,179.964935,6729,False,True,
967,/kuka/axis_move/feedback_json,std_msgs/msg/String,2026-08-22T20:23:59.243763-04:00,1787444639,243755036,1787444639243755036,109.229823,,,,21454,21453,1,0,0,21454,AxisTarget,1,True,True,True,False,-16.2537,-71.027359,109.087318,0.0737,51.612896,-16.1173,504.668762,147.048874,518.915344,-179.8181,0.330414,179.96492,6729,False,True,
968,/kuka/axis_move/feedback_json,std_msgs/msg/String,2026-08-22T20:23:59.424131-04:00,1787444639,424106796,1787444639424106796,180.35176,,,,21455,21454,1,0,0,21455,AxisTarget,1,True,True,True,True,-16.2537,-71.02742,109.087273,0.073701,51.613075,-16.117302,504.668671,147.048843,518.917236,-179.8181,0.330421,179.96492,6730,False,True,
969,/kuka/axis_move/feedback_json,std_msgs/msg/String,2026-08-22T20:23:59.615401-04:00,1787444639,615360170,1787444639615360170,191.253374,,,,21456,21455,1,0,0,21456,AxisTarget,1,True,True,True,False,-16.253706,-71.055183,109.06633,0.074124,51.667595,-16.117662,504.654175,147.04425,519.228088,-179.818192,0.331543,179.96489,6731,False,True,
970,/kuka/axis_move/feedback_json,std_msgs/msg/String,2026-08-22T20:23:59.726116-04:00,1787444639,726110100,1787444639726110100,110.74993,,,,21457,21456,1,0,0,21457,AxisTarget,1,True,True,True,False,-16.253716,-71.106499,109.031326,0.074813,51.754051,-16.118219,504.624207,147.034775,519.85791,-179.818375,0.333816,179.964828,6731,False,True,
971,/kuka/axis_move/feedback_json,std_msgs/msg/String,2026-08-22T20:23:59.840522-04:00,1787444639,840477809,1787444639840477809,114.367709,,,,21458,21457,1,0,0,21458,AxisTarget,1,True,True,True,False,-16.253729,-71.181122,108.979362,0.07583,51.880989,-16.119032,504.578369,147.020309,520.791504,-179.818634,0.337184,179.964737,6731,False,True,
972,/kuka/axis_move/feedback_json,std_msgs/msg/String,2026-08-22T20:23:59.945830-04:00,1787444639,945819176,1787444639945819176,105.341367,,,,21459,21458,1,0,0,21459,AxisTarget,1,True,True,True,False,-16.253746,-71.276421,108.9132,0.077121,52.04174,-16.12006,504.519318,147.001724,521.945129,-179.818985,0.341345,179.96463,6731,False,True,
973,/kuka/axis_move/feedback_json,std_msgs/msg/String,2026-08-22T20:24:00.129333-04:00,1787444640,129307863,1787444640129307863,183.488687,,,,21460,21459,1,0,0,21460,AxisTarget,1,True,True,True,False,-16.253784,-71.479309,108.773056,0.079842,52.378639,-16.1222,504.377106,146.957169,524.536011,-179.819763,0.350686,179.964417,6732,False,True,
974,/kuka/axis_move/feedback_json,std_msgs/msg/String,2026-08-22T20:24:00.242065-04:00,1787444640,242047772,1787444640242047772,112.739909,,,,21461,21460,1,0,0,21461,AxisTarget,1,True,True,True,False,-16.253809,-71.611687,108.681961,0.081605,52.596115,-16.123577,504.271606,146.924271,526.317688,-179.820313,0.357108,179.964264,6732,False,True,
975,/kuka/axis_move/feedback_json,std_msgs/msg/String,2026-08-22T20:24:00.353953-04:00,1787444640,353943950,1787444640353943950,111.896178,,,,21462,21461,1,0,0,21462,AxisTarget,1,True,True,True,False,-16.253836,-71.748444,108.587929,0.083422,52.820126,-16.124994,504.159821,146.889526,528.098938,-179.820862,0.363525,179.964127,6732,False,True,
976,/kuka/axis_move/feedback_json,std_msgs/msg/String,2026-08-22T20:24:00.464090-04:00,1787444640,464076495,1787444640464076495,110.132545,,,,21463,21462,1,0,0,21463,AxisTarget,1,True,True,True,False,-16.253857,-71.866508,108.507263,0.084971,53.00985,-16.126188,504.056183,146.857407,529.667603,-179.821365,0.369175,179.964005,6732,False,True,
977,/kuka/axis_move/feedback_json,std_msgs/msg/String,2026-08-22T20:24:00.645232-04:00,1787444640,645204900,1787444640645204900,181.128405,,,,21464,21463,1,0,0,21464,AxisTarget,1,True,True,True,False,-16.253883,-72.004738,108.413116,0.086774,53.229965,-16.127567,503.929626,146.818298,531.490356,-179.821976,0.375738,179.963867,6733,False,True,
978,/kuka/axis_move/feedback_json,std_msgs/msg/String,2026-08-22T20:24:00.756187-04:00,1787444640,756166817,1787444640756166817,110.961917,,,,21465,21464,1,0,0,21465,AxisTarget,1,True,True,True,False,-16.253893,-72.058617,108.37664,0.087468,53.314152,-16.128092,503.875824,146.801697,532.238098,-179.82222,0.378429,179.963821,6733,False,True,
979,/kuka/axis_move/feedback_json,std_msgs/msg/String,2026-08-22T20:24:00.943657-04:00,1787444640,943647734,1787444640943647734,187.480917,,,,21466,21465,1,0,0,21466,AxisTarget,1,True,True,True,False,-16.253901,-72.09375,108.353424,0.087898,53.365074,-16.128401,503.8367,146.789642,532.772095,-179.822403,0.380351,179.963791,6734,False,True,
980,/kuka/axis_move/feedback_json,std_msgs/msg/String,2026-08-22T20:24:01.060081-04:00,1787444641,60052580,1787444641060052580,116.404846,,,,21467,21466,1,0,0,21467,AxisTarget,1,True,True,True,False,-16.253901,-72.094002,108.353302,0.0879,53.3652,-16.128401,503.836151,146.789474,532.779785,-179.822403,0.380379,179.963791,6734,False,True,
981,/kuka/axis_move/feedback_json,std_msgs/msg/String,2026-08-22T20:24:01.175517-04:00,1787444641,175504109,1787444641175504109,115.451529,,,,21468,21467,1,0,0,21468,AxisTarget,1,True,True,True,True,-16.253901,-72.094612,108.352753,0.087913,53.367294,-16.128418,503.835907,146.789398,532.782776,-179.822403,0.38039,179.963791,6734,False,True,
982,/kuka/axis_move/feedback_json,std_msgs/msg/String,2026-08-22T20:24:01.287689-04:00,1787444641,287683408,1787444641287683408,112.179299,,,,21469,21468,1,0,0,21469,AxisTarget,1,True,True,True,False,-16.253904,-72.118103,108.335678,0.08826,53.41246,-16.128714,503.816986,146.783554,533.038513,-179.822495,0.381312,179.96376,6734,False,True,
983,/kuka/axis_move/feedback_json,std_msgs/msg/String,2026-08-22T20:24:01.479804-04:00,1787444641,479798266,1787444641479798266,192.114858,,,,21470,21469,1,0,0,21470,AxisTarget,1,True,True,True,False,-16.253922,-72.243195,108.248055,0.089974,53.628998,-16.130096,503.703613,146.748627,534.534973,-179.822998,0.386709,179.963654,6735,False,True,
984,/kuka/axis_move/feedback_json,std_msgs/msg/String,2026-08-22T20:24:01.592059-04:00,1787444641,592023932,1787444641592023932,112.225666,,,,21471,21470,1,0,0,21471,AxisTarget,1,True,True,True,False,-16.253939,-72.369087,108.160751,0.091665,53.840393,-16.131432,503.578674,146.710205,536.1203,-179.823547,0.392424,179.963547,6735,False,True,
985,/kuka/axis_move/feedback_json,std_msgs/msg/String,2026-08-22T20:24:01.703608-04:00,1787444641,703601744,1787444641703601744,111.577812,,,,21472,21471,1,0,0,21472,AxisTarget,1,True,True,True,False,-16.253956,-72.50148,108.069656,0.093417,54.057869,-16.132795,503.43692,146.666702,537.847168,-179.824158,0.398649,179.96344,6735,False,True,
986,/kuka/axis_move/feedback_json,std_msgs/msg/String,2026-08-22T20:24:01.815891-04:00,1787444641,815883725,1787444641815883725,112.281981,,,,21473,21472,1,0,0,21473,AxisTarget,1,True,True,True,False,-16.253973,-72.629448,107.982025,0.095093,54.264759,-16.134085,503.29184,146.622238,539.544678,-179.824768,0.404766,179.963333,6735,False,True,
987,/kuka/axis_move/feedback_json,std_msgs/msg/String,2026-08-22T20:24:02.000180-04:00,1787444642,173073,1787444642000173073,184.289348,,,,21474,21473,1,0,0,21474,AxisTarget,1,True,True,True,False,-16.253994,-72.767685,107.888351,0.096867,54.48148,-16.135424,503.118652,146.569275,541.488892,-179.82547,0.41177,179.963226,6736,False,True,
988,/kuka/axis_move/feedback_json,std_msgs/msg/String,2026-08-22T20:24:02.112507-04:00,1787444642,112469091,1787444642112469091,112.296018,,,,21475,21474,1,0,0,21475,AxisTarget,1,True,True,True,False,-16.254,-72.806648,107.862465,0.097347,54.538815,-16.135769,503.068176,146.553848,542.040405,-179.825684,0.413756,179.963196,6736,False,True,
989,/kuka/axis_move/feedback_json,std_msgs/msg/String,2026-08-22T20:24:02.219907-04:00,1787444642,219888672,1787444642219888672,107.419581,,,,21476,21475,1,0,0,21476,AxisTarget,1,True,True,True,False,-16.254,-72.811897,107.859299,0.0974,54.544498,-16.135799,503.058197,146.550797,542.148743,-179.825714,0.414147,179.963196,6736,False,True,
990,/kuka/axis_move/feedback_json,std_msgs/msg/String,2026-08-22T20:24:02.327867-04:00,1787444642,327860749,1787444642327860749,107.972077,,,,21477,21476,1,0,0,21477,AxisTarget,1,True,True,True,False,-16.254,-72.811897,107.859299,0.0974,54.544498,-16.135799,503.058197,146.550797,542.148743,-179.825714,0.414147,179.963196,6736,False,True,
991,/kuka/axis_move/feedback_json,std_msgs/msg/String,2026-08-22T20:24:02.515810-04:00,1787444642,515798813,1787444642515798813,187.938064,,,,21478,21477,1,0,0,21478,AxisTarget,1,True,True,True,True,-16.254013,-72.861702,107.822945,0.098143,54.64167,-16.136442,503.008087,146.535553,542.688293,-179.825912,0.416083,179.963165,6737,False,True,
992,/kuka/axis_move/feedback_json,std_msgs/msg/String,2026-08-22T20:24:02.703725-04:00,1787444642,703719123,1787444642703719123,187.92031,,,,21479,21478,1,0,0,21479,AxisTarget,1,True,True,True,False,-16.254068,-73.065224,107.681923,0.100937,54.989182,-16.13863,502.759033,146.459869,545.283386,-179.826859,0.425396,179.963058,6738,False,True,
993,/kuka/axis_move/feedback_json,std_msgs/msg/String,2026-08-22T20:24:02.818556-04:00,1787444642,818517359,1787444642818517359,114.798236,,,,21480,21479,1,0,0,21480,AxisTarget,1,True,True,True,False,-16.254095,-73.15937,107.618881,0.102062,55.124249,-16.13945,502.629364,146.420502,546.58252,-179.827347,0.430057,179.962997,6738,False,True,
994,/kuka/axis_move/feedback_json,std_msgs/msg/String,2026-08-22T20:24:02.999557-04:00,1787444642,999517054,1787444642999517054,180.999695,,,,21481,21480,1,0,0,21481,AxisTarget,1,True,True,True,False,-16.254101,-73.181,107.605301,0.1023,55.150902,-16.139601,502.589386,146.408371,546.976501,-179.827499,0.431471,179.962982,6739,False,True,
995,/kuka/axis_move/feedback_json,std_msgs/msg/String,2026-08-22T20:24:03.114744-04:00,1787444643,114733393,1787444643114733393,115.216339,,,,21482,21481,1,0,0,21482,AxisTarget,1,True,True,True,True,-16.254101,-73.182472,107.603851,0.102337,55.157227,-16.139656,502.589111,146.408295,546.979248,-179.827499,0.431481,179.962982,6739,False,True,
996,/kuka/axis_move/feedback_json,std_msgs/msg/String,2026-08-22T20:24:03.311155-04:00,1787444643,311149140,1787444643311149140,196.415747,,,,21483,21482,1,0,0,21483,AxisTarget,1,True,True,True,False,-16.254101,-73.235397,107.567802,0.103,55.2402,-16.1402,502.516785,146.386246,547.688965,-179.827835,0.434152,179.962906,6740,False,True,
997,/kuka/axis_move/feedback_json,std_msgs/msg/String,2026-08-22T20:24:03.424562-04:00,1787444643,424521635,1787444643424521635,113.372495,,,,21484,21483,1,0,0,21484,AxisTarget,1,True,True,True,True,-16.254101,-73.235397,107.567802,0.103,55.2402,-16.1402,502.516785,146.386246,547.688965,-179.827835,0.434152,179.962906,6740,False,True,
998,/kuka/axis_move/feedback_json,std_msgs/msg/String,2026-08-22T20:24:03.603754-04:00,1787444643,603745433,1787444643603745433,179.223798,,,,21485,21484,1,0,0,21485,AxisTarget,1,True,True,True,False,-16.254101,-73.235397,107.567802,0.103,55.240204,-16.140081,502.516785,146.386246,547.688965,-179.827835,0.434152,179.962906,6741,False,True,
999,/kuka/axis_move/feedback_json,std_msgs/msg/String,2026-08-22T20:24:03.719882-04:00,1787444643,719875443,1787444643719875443,116.13001,,,,21486,21485,1,0,0,21486,AxisTarget,1,True,True,True,True,-16.136021,-73.168182,107.480545,0.101844,55.25938,-15.952398,503.149994,145.665009,547.635498,-179.828583,0.433106,179.963379,6741,False,True,
1000,/kuka/axis_move/feedback_json,std_msgs/msg/String,2026-08-22T20:24:03.911700-04:00,1787444643,911693056,1787444643911693056,191.817613,,,,21487,21486,1,0,0,21487,AxisTarget,1,True,True,True,False,-15.9677,-73.087196,107.391602,0.101,55.271198,-15.8549,504.418243,144.211365,547.527222,-179.830109,0.431005,179.964325,6742,False,True,
1001,/kuka/axis_move/feedback_json,std_msgs/msg/String,2026-08-22T20:24:04.021348-04:00,1787444644,21337155,1787444644021337155,109.644099,,,,21488,21487,1,0,0,21488,AxisTarget,1,True,True,True,True,-15.954042,-73.078171,107.378136,0.100808,55.274754,-15.815516,504.470154,144.151596,547.522766,-179.83017,0.430921,179.964355,6742,False,True,
1002,/kuka/axis_move/feedback_json,std_msgs/msg/String,2026-08-22T20:24:04.132357-04:00,1787444644,132329942,1787444644132329942,110.992787,,,,21489,21488,1,0,0,21489,AxisTarget,1,True,True,True,False,-15.561616,-72.865303,107.113617,0.097632,55.324928,-15.337776,506.651978,141.621262,547.332947,-179.832916,0.427387,179.965897,6742,False,True,
1003,/kuka/axis_move/feedback_json,std_msgs/msg/String,2026-08-22T20:24:04.240083-04:00,1787444644,240067450,1787444644240067450,107.737508,,,,21490,21489,1,0,0,21490,AxisTarget,1,True,True,True,False,-15.137236,-72.654846,106.874489,0.095006,55.362846,-15.007733,509.789429,137.917542,547.051086,-179.836914,0.422259,179.968033,6742,False,True,
1004,/kuka/axis_move/feedback_json,std_msgs/msg/String,2026-08-22T20:24:04.427206-04:00,1787444644,427195216,1787444644427195216,187.127766,,,,21491,21490,1,0,0,21491,AxisTarget,1,True,True,True,False,-15.1082,-72.642601,106.862801,0.0949,55.364101,-14.999,510.062958,137.590942,547.026001,-179.837265,0.421809,179.968216,6743,False,True,
1005,/kuka/axis_move/feedback_json,std_msgs/msg/String,2026-08-22T20:24:04.544391-04:00,1787444644,544356559,1787444644544356559,117.161343,,,,21492,21491,1,0,0,21492,AxisTarget,1,True,True,True,True,-15.024426,-72.593414,106.796852,0.094053,55.378563,-14.851437,510.418365,137.16571,546.993286,-179.837723,0.421225,179.96846,6743,False,True,
1006,/kuka/axis_move/feedback_json,std_msgs/msg/String,2026-08-22T20:24:04.657145-04:00,1787444644,657135212,1787444644657135212,112.778653,,,,21493,21492,1,0,0,21493,AxisTarget,1,True,True,True,False,-14.418434,-72.270126,106.401154,0.089398,55.451714,-14.16281,514.138184,132.653076,546.6427,-179.842484,0.415066,179.970917,6743,False,True,
1007,/kuka/axis_move/feedback_json,std_msgs/msg/String,2026-08-22T20:24:04.769776-04:00,1787444644,769768341,1787444644769768341,112.633129,,,,21494,21493,1,0,0,21494,AxisTarget,1,True,True,True,False,-13.771297,-71.945229,106.026894,0.085253,55.513008,-13.619712,518.498413,127.21476,546.211487,-179.848129,0.407743,179.973663,6743,False,True,
1008,/kuka/axis_move/feedback_json,std_msgs/msg/String,2026-08-22T20:24:04.964795-04:00,1787444644,964787863,1787444644964787863,195.019522,,,,21495,21494,1,0,0,21495,AxisTarget,1,True,True,True,False,-13.6758,-71.901604,105.9814,0.0848,55.519001,-13.5726,519.259094,126.248955,546.133911,-179.849121,0.406453,179.974121,6744,False,True,
1009,/kuka/axis_move/feedback_json,std_msgs/msg/String,2026-08-22T20:24:05.078998-04:00,1787444645,78986726,1787444645078986726,114.198863,,,,21496,21495,1,0,0,21496,AxisTarget,1,True,True,True,True,-13.6758,-71.901604,105.9814,0.0848,55.519001,-13.5726,519.259094,126.248955,546.133911,-179.849121,0.406453,179.974121,6744,False,True,
1010,/kuka/axis_move/feedback_json,std_msgs/msg/String,2026-08-22T20:24:05.263982-04:00,1787444645,263970176,1787444645263970176,184.98345,,,,21497,21496,1,0,0,21497,AxisTarget,1,True,True,True,False,-13.6758,-71.901604,105.9814,0.0848,55.519001,-13.5726,519.259094,126.248955,546.133911,-179.849121,0.406453,179.974121,6745,False,True,
1011,/kuka/axis_move/feedback_json,std_msgs/msg/String,2026-08-22T20:24:05.377481-04:00,1787444645,377469508,1787444645377469508,113.499332,,,,21498,21497,1,0,0,21498,AxisTarget,1,True,True,True,True,-13.665625,-71.892838,105.968323,0.084614,55.522457,-13.534352,519.294128,126.20433,546.130371,-179.849167,0.406394,179.974152,6745,False,True,
1012,/kuka/axis_move/feedback_json,std_msgs/msg/String,2026-08-22T20:24:05.491787-04:00,1787444645,491778488,1787444645491778488,114.30898,,,,21499,21498,1,0,0,21499,AxisTarget,1,True,True,True,False,-13.275917,-71.681862,105.704201,0.081423,55.573505,-13.042694,521.336975,123.58432,545.91864,-179.851837,0.402927,179.975357,6745,False,True,
1013,/kuka/axis_move/feedback_json,std_msgs/msg/String,2026-08-22T20:24:05.604159-04:00,1787444645,604137845,1787444645604137845,112.359357,,,,21500,21499,1,0,0,21500,AxisTarget,1,True,True,True,False,-12.341821,-71.19548,105.122742,0.074708,55.676208,-12.096422,527.179443,115.87693,545.283997,-179.859573,0.392868,179.978638,6745,False,True,
1014,/kuka/axis_move/feedback_json,std_msgs/msg/String,2026-08-22T20:24:05.784160-04:00,1787444645,784151072,1787444645784151072,180.013227,,,,21501,21500,1,0,0,21501,AxisTarget,1,True,True,True,False,-11.671494,-70.864571,104.747635,0.0706,55.735802,-11.575567,531.64801,109.756226,544.768127,-179.865585,0.385025,179.980957,6746,False,True,
1015,/kuka/axis_move/feedback_json,std_msgs/msg/String,2026-08-22T20:24:05.963914-04:00,1787444645,963902620,1787444645963902620,179.751548,,,,21502,21501,1,0,0,21502,AxisTarget,1,False,True,True,False,-11.6705,-70.864304,104.747498,0.0706,55.735802,-11.5756,531.664185,109.733719,544.766174,-179.865616,0.384996,179.980972,6747,False,True,
1016,/kuka/axis_move/feedback_json,std_msgs/msg/String,2026-08-22T20:24:06.147966-04:00,1787444646,147954474,1787444646147954474,184.051854,,,,21503,21502,1,0,0,21503,AxisTarget,1,True,True,True,True,-11.6705,-70.864304,104.747498,0.0706,55.735802,-11.5756,531.664185,109.733719,544.766174,-179.865616,0.384996,179.980972,6748,False,True,
1017,/kuka/axis_move/feedback_json,std_msgs/msg/String,2026-08-22T20:24:06.259900-04:00,1787444646,259890067,1787444646259890067,111.935593,,,,21504,21503,1,0,0,21504,AxisTarget,1,True,True,True,False,-11.6705,-70.864304,104.747498,0.0706,55.735802,-11.575561,531.664185,109.733719,544.766174,-179.865616,0.384996,179.980972,6748,False,True,
1018,/kuka/axis_move/feedback_json,std_msgs/msg/String,2026-08-22T20:24:06.375016-04:00,1787444646,375005518,1787444646375005518,115.115451,,,,21505,21504,1,0,0,21505,AxisTarget,1,True,True,True,True,-11.57935,-70.811157,104.676689,0.069695,55.752739,-11.404331,532.088318,109.142059,544.715759,-179.86618,0.384239,179.981186,6748,False,True,
1019,/kuka/axis_move/feedback_json,std_msgs/msg/String,2026-08-22T20:24:06.486829-04:00,1787444646,486817530,1787444646486817530,111.812012,,,,21506,21505,1,0,0,21506,AxisTarget,1,True,True,True,False,-10.939916,-70.469315,104.257057,0.064732,55.829441,-10.678111,535.661072,104.08168,544.280396,-179.871063,0.377809,179.982925,6748,False,True,
1020,/kuka/axis_move/feedback_json,std_msgs/msg/String,2026-08-22T20:24:06.674957-04:00,1787444646,674944348,1787444646674944348,188.126818,,,,21507,21506,1,0,0,21507,AxisTarget,1,True,True,True,False,-9.389815,-69.673973,103.319717,0.054087,55.990711,-9.210749,544.689941,90.646729,543.092957,-179.883728,0.361142,179.986771,6749,False,True,
1021,/kuka/axis_move/feedback_json,std_msgs/msg/String,2026-08-22T20:24:06.784536-04:00,1787444646,784505373,1787444646784505373,109.561025,,,,21508,21507,1,0,0,21508,AxisTarget,1,True,True,True,False,-9.096231,-69.531914,103.162178,0.052407,56.014538,-9.008256,546.708252,87.507019,542.809082,-179.886612,0.357329,179.987518,6749,False,True,
1022,/kuka/axis_move/feedback_json,std_msgs/msg/String,2026-08-22T20:24:06.978439-04:00,1787444646,978412942,1787444646978412942,193.907569,,,,21509,21508,1,0,0,21509,AxisTarget,1,True,True,True,True,-9.0922,-69.530502,103.161102,0.0524,56.014599,-9.008,546.75238,87.437767,542.802795,-179.886688,0.357245,179.987549,6750,False,True,
1023,/kuka/axis_move/feedback_json,std_msgs/msg/String,2026-08-22T20:24:07.087861-04:00,1787444647,87849644,1787444647087849644,109.436702,,,,21510,21509,1,0,0,21510,AxisTarget,1,True,True,True,False,-9.0922,-69.530502,103.161102,0.0524,56.014599,-9.008,546.75238,87.437767,542.802795,-179.886688,0.357245,179.987549,6750,False,True,
1024,/kuka/axis_move/feedback_json,std_msgs/msg/String,2026-08-22T20:24:07.204606-04:00,1787444647,204579990,1787444647204579990,116.730346,,,,21511,21510,1,0,0,21511,AxisTarget,1,True,True,True,True,-9.090611,-69.529213,103.158829,0.052363,56.015381,-8.998394,546.755371,87.433144,542.802368,-179.886688,0.35724,179.987549,6750,False,True,
1025,/kuka/axis_move/feedback_json,std_msgs/msg/String,2026-08-22T20:24:07.317415-04:00,1787444647,317397917,1787444647317397917,112.817927,,,,21512,21511,1,0,0,21512,AxisTarget,1,True,True,True,False,-8.820518,-69.379623,102.968895,0.050038,56.053097,-8.630714,547.97052,85.516441,542.628052,-179.888443,0.354936,179.987976,6750,False,True,
1026,/kuka/axis_move/feedback_json,std_msgs/msg/String,2026-08-22T20:24:07.499982-04:00,1787444647,499974928,1787444647499974928,182.577011,,,,21513,21512,1,0,0,21513,AxisTarget,1,True,True,True,False,-7.273663,-68.569107,101.993027,0.038686,56.228432,-7.000154,556.339294,71.756073,541.351868,-179.900848,0.338721,179.990479,6751,False,True,
1027,/kuka/axis_move/feedback_json,std_msgs/msg/String,2026-08-22T20:24:07.686799-04:00,1787444647,686790611,1787444647686790611,186.815683,,,,21514,21513,1,0,0,21514,AxisTarget,1,True,True,True,False,-6.030817,-67.94149,101.264969,0.030529,56.349747,-5.914282,563.121216,59.811478,540.210815,-179.911301,0.325098,179.991898,6752,False,True,
1028,/kuka/axis_move/feedback_json,std_msgs/msg/String,2026-08-22T20:24:07.804665-04:00,1787444647,804640024,1787444647804640024,117.849413,,,,21515,21514,1,0,0,21515,AxisTarget,1,True,True,True,False,-5.940902,-67.900398,101.222099,0.0301,56.3554,-5.8698,563.768005,58.631325,540.096436,-179.912323,0.323774,179.992004,6752,False,True,
1029,/kuka/axis_move/feedback_json,std_msgs/msg/String,2026-08-22T20:24:07.979974-04:00,1787444647,979963556,1787444647979963556,175.323532,,,,21516,21515,1,0,0,21516,AxisTarget,1,True,True,True,True,-5.9409,-67.900398,101.222099,0.0301,56.3554,-5.8698,563.767944,58.631344,540.096436,-179.912323,0.323774,179.992004,6753,False,True,
1030,/kuka/axis_move/feedback_json,std_msgs/msg/String,2026-08-22T20:24:08.097056-04:00,1787444648,97024121,1787444648097024121,117.060565,,,,21517,21516,1,0,0,21517,AxisTarget,1,True,True,True,False,-5.9409,-67.900398,101.222099,0.0301,56.3554,-5.8698,563.767944,58.631344,540.096436,-179.912323,0.323774,179.992004,6753,False,True,
1031,/kuka/axis_move/feedback_json,std_msgs/msg/String,2026-08-22T20:24:08.207824-04:00,1787444648,207812886,1787444648207812886,110.788765,,,,21518,21517,1,0,0,21518,AxisTarget,1,True,True,True,True,-5.905701,-67.878769,101.191864,0.029696,56.36253,-5.794718,563.891479,58.405102,540.074463,-179.912506,0.323521,179.99202,6753,False,True,
1032,/kuka/axis_move/feedback_json,std_msgs/msg/String,2026-08-22T20:24:08.319840-04:00,1787444648,319813842,1787444648319813842,112.000956,,,,21519,21518,1,0,0,21519,AxisTarget,1,True,True,True,False,-5.453513,-67.634666,100.889404,0.02608,56.41993,-5.246552,565.995728,54.507847,539.694641,-179.915848,0.319182,179.99231,6753,False,True,
1033,/kuka/axis_move/feedback_json,std_msgs/msg/String,2026-08-22T20:24:08.499574-04:00,1787444648,499556884,1787444648499556884,179.743042,,,,21520,21519,1,0,0,21520,AxisTarget,1,True,True,True,False,-3.727517,-66.734215,99.809906,0.013581,56.612278,-3.464601,574.120056,38.63385,538.116699,-179.929153,0.301943,179.992859,6754,False,True,
1034,/kuka/axis_move/feedback_json,std_msgs/msg/String,2026-08-22T20:24:08.690752-04:00,1787444648,690743827,1787444648690743827,191.186943,,,,21521,21520,1,0,0,21521,AxisTarget,1,True,True,True,False,-2.466353,-66.097244,99.070869,0.005303,56.735485,-2.353458,580.440918,25.241707,536.748596,-179.940079,0.287928,179.992538,6755,False,True,
1035,/kuka/axis_move/feedback_json,std_msgs/msg/String,2026-08-22T20:24:08.804022-04:00,1787444648,804014021,1787444648804014021,113.270194,,,,21522,21521,1,0,0,21522,AxisTarget,1,True,True,True,False,-2.363902,-66.050003,99.021103,0.0048,56.742199,-2.3076,581.012573,23.979265,536.61792,-179.941101,0.286631,179.992477,6755,False,True,
1036,/kuka/axis_move/feedback_json,std_msgs/msg/String,2026-08-22T20:24:08.991280-04:00,1787444648,991240153,1787444648991240153,187.226132,,,,21523,21522,1,0,0,21523,AxisTarget,1,True,True,True,True,-2.3639,-66.050003,99.021103,0.0048,56.742199,-2.3076,581.012573,23.979324,536.61792,-179.941101,0.286631,179.992477,6756,False,True,
1037,/kuka/axis_move/feedback_json,std_msgs/msg/String,2026-08-22T20:24:09.099887-04:00,1787444649,99880824,1787444649099880824,108.640671,,,,21524,21523,1,0,0,21524,AxisTarget,1,True,True,True,False,-2.3639,-66.050003,99.021103,0.0048,56.742199,-2.3076,581.012573,23.979324,536.61792,-179.941101,0.286631,179.992477,6756,False,True,
1038,/kuka/axis_move/feedback_json,std_msgs/msg/String,2026-08-22T20:24:09.216515-04:00,1787444649,216470307,1787444649216470307,116.589483,,,,21525,21524,1,0,0,21525,AxisTarget,1,True,True,True,True,-2.329944,-66.029137,98.991936,0.004411,56.749077,-2.235172,581.097046,23.79204,536.598511,-179.941254,0.28644,179.992477,6756,False,True,
1039,/kuka/axis_move/feedback_json,std_msgs/msg/String,2026-08-22T20:24:09.323923-04:00,1787444649,323913133,1787444649323913133,107.442826,,,,21526,21525,1,0,0,21526,AxisTarget,1,True,True,True,False,-1.893808,-65.793716,98.700226,0.00093,56.804428,-1.706499,582.787048,20.001614,536.204529,-179.94429,0.282589,179.992249,6756,False,True,
1040,/kuka/axis_move/feedback_json,std_msgs/msg/String,2026-08-22T20:24:09.509670-04:00,1787444649,509641059,1787444649509641059,185.727926,,,,21527,21526,1,0,0,21527,AxisTarget,1,True,True,True,False,-0.212406,-64.916275,97.647858,-0.011236,56.99205,0.032589,589.745605,3.452918,534.454956,-179.957336,0.266208,179.990662,6757,False,True,
1041,/kuka/axis_move/feedback_json,std_msgs/msg/String,2026-08-22T20:24:09.699923-04:00,1787444649,699910863,1787444649699910863,190.269804,,,,21528,21527,1,0,0,21528,AxisTarget,1,True,True,True,False,1.050931,-64.278076,96.907135,-0.019521,57.115604,1.139794,595.156555,-10.650898,532.927307,-179.968185,0.252785,179.988602,6758,False,True,
1042,/kuka/axis_move/feedback_json,std_msgs/msg/String,2026-08-22T20:24:09.811946-04:00,1787444649,811933110,1787444649811933110,112.022247,,,,21529,21528,1,0,0,21529,AxisTarget,1,True,True,True,False,1.148998,-64.232903,96.859596,-0.02,57.122002,1.1907,595.621704,-11.922719,532.787964,-179.969147,0.251599,179.988388,6758,False,True,
1043,/kuka/axis_move/feedback_json,std_msgs/msg/String,2026-08-22T20:24:09.999720-04:00,1787444649,999708992,1787444649999708992,187.775882,,,,21530,21529,1,0,0,21530,AxisTarget,1,True,True,True,True,1.149,-64.232903,96.859596,-0.02,57.122002,1.1907,595.621704,-11.922643,532.787964,-179.969147,0.251599,179.988388,6759,False,True,
1044,/kuka/axis_move/feedback_json,std_msgs/msg/String,2026-08-22T20:24:10.112476-04:00,1787444650,112439716,1787444650112439716,112.730724,,,,21531,21530,1,0,0,21531,AxisTarget,1,True,True,True,False,1.149,-64.232903,96.859596,-0.02,57.122002,1.1907,595.621704,-11.922643,532.787964,-179.969147,0.251599,179.988388,6759,False,True,
1045,/kuka/axis_move/feedback_json,std_msgs/msg/String,2026-08-22T20:24:10.223896-04:00,1787444650,223883198,1787444650223883198,111.443482,,,,21532,21531,1,0,0,21532,AxisTarget,1,True,True,True,True,1.181845,-64.212723,96.831383,-0.020377,57.128654,1.270191,595.707275,-12.157658,532.762146,-179.96933,0.251378,179.988342,6759,False,True,
1046,/kuka/axis_move/feedback_json,std_msgs/msg/String,2026-08-22T20:24:10.343469-04:00,1787444650,343461460,1787444650343461460,119.578262,,,,21533,21532,1,0,0,21533,AxisTarget,1,True,True,True,False,1.627648,-63.97229,96.533768,-0.023932,57.185059,1.798874,597.157593,-16.195702,532.317566,-179.972382,0.247601,179.98761,6759,False,True,
1047,/kuka/axis_move/feedback_json,std_msgs/msg/String,2026-08-22T20:24:10.528904-04:00,1787444650,528898531,1787444650528898531,185.437071,,,,21534,21533,1,0,0,21534,AxisTarget,1,True,True,True,False,3.291307,-63.107571,95.501183,-0.035839,57.367588,3.48234,603.094421,-33.925987,530.334351,-179.985626,0.231481,179.983856,6760,False,True,
1048,/kuka/axis_move/feedback_json,std_msgs/msg/String,2026-08-22T20:24:10.717080-04:00,1787444650,717050278,1787444650717050278,188.151747,,,,21535,21534,1,0,0,21535,AxisTarget,1,True,True,True,False,4.132604,-62.687847,95.020317,-0.041156,57.445717,4.172718,606.047058,-43.605976,529.230774,-179.992722,0.222994,179.98143,6761,False,True,
1049,/kuka/axis_move/feedback_json,std_msgs/msg/String,2026-08-22T20:24:10.827558-04:00,1787444650,827551805,1787444650827551805,110.501527,,,,21536,21535,1,0,0,21536,AxisTarget,1,True,True,True,False,4.1466,-62.682201,95.015198,-0.0412,57.446201,4.1758,606.132141,-43.89502,529.197571,-179.992935,0.222744,179.981354,6761,False,True,
1050,/kuka/axis_move/feedback_json,std_msgs/msg/String,2026-08-22T20:24:11.009602-04:00,1787444651,9573718,1787444651009573718,182.021913,,,,21537,21536,1,0,0,21537,AxisTarget,1,True,True,True,True,4.1466,-62.682201,95.015198,-0.0412,57.446201,4.1758,606.132141,-43.89502,529.197571,-179.992935,0.222744,179.981354,6762,False,True,
1051,/kuka/axis_move/feedback_json,std_msgs/msg/String,2026-08-22T20:24:11.124072-04:00,1787444651,124062566,1787444651124062566,114.488848,,,,21538,21537,1,0,0,21538,AxisTarget,1,True,True,True,True,4.146609,-62.682182,95.015137,-0.041202,57.446251,4.176632,606.132141,-43.89502,529.197571,-179.992935,0.222744,179.981354,6762,False,True,
1052,/kuka/axis_move/feedback_json,std_msgs/msg/String,2026-08-22T20:24:11.243366-04:00,1787444651,243360343,1787444651243360343,119.297777,,,,21539,21538,1,0,0,21539,AxisTarget,1,True,True,True,False,4.280099,-62.606388,94.907753,-0.042537,57.468384,4.396341,606.479858,-45.082184,529.061279,-179.993805,0.221731,179.981049,6762,False,True,
1053,/kuka/axis_move/feedback_json,std_msgs/msg/String,2026-08-22T20:24:11.357686-04:00,1787444651,357652833,1787444651357652833,114.29249,,,,21540,21539,1,0,0,21540,AxisTarget,1,True,True,True,False,4.915076,-62.252106,94.483658,-0.047525,57.546772,5.136252,608.339233,-51.611523,528.307495,-179.99852,0.216218,179.979263,6762,False,True,
1054,/kuka/axis_move/feedback_json,std_msgs/msg/String,2026-08-22T20:24:11.541712-04:00,1787444651,541694239,1787444651541694239,184.041406,,,,21541,21540,1,0,0,21541,AxisTarget,1,True,True,True,False,6.321917,-61.548016,93.655769,-0.056895,57.688435,6.422115,612.417358,-67.176613,526.484497,179.990387,0.203467,179.974579,6763,False,True,
1055,/kuka/axis_move/feedback_json,std_msgs/msg/String,2026-08-22T20:24:11.723713-04:00,1787444651,723701314,1787444651723701314,182.007075,,,,21542,21541,1,0,0,21542,AxisTarget,1,True,True,True,False,6.571301,-61.428001,93.5233,-0.0583,57.708302,6.5904,613.242249,-70.574005,526.081726,179.987991,0.200757,179.97348,6764,False,True,
1056,/kuka/axis_move/feedback_json,std_msgs/msg/String,2026-08-22T20:24:11.906032-04:00,1787444651,905987643,1787444651905987643,182.286329,,,,21543,21542,1,0,0,21543,AxisTarget,1,True,True,True,True,6.5713,-61.428001,93.5233,-0.0583,57.708302,6.5904,613.242249,-70.574005,526.081726,179.987991,0.200757,179.97348,6765,False,True,
1057,/kuka/axis_move/feedback_json,std_msgs/msg/String,2026-08-22T20:24:12.019707-04:00,1787444652,19695708,1787444652019695708,113.708065,,,,21544,21543,1,0,0,21544,AxisTarget,1,True,True,True,False,6.5713,-61.428001,93.5233,-0.0583,57.708302,6.5904,613.242249,-70.574005,526.081726,179.987991,0.200757,179.97348,6765,False,True,
1058,/kuka/axis_move/feedback_json,std_msgs/msg/String,2026-08-22T20:24:12.134331-04:00,1787444652,134305332,1787444652134305332,114.609624,,,,21545,21544,1,0,0,21545,AxisTarget,1,True,True,True,True,6.62999,-61.393288,93.47644,-0.058907,57.7187,6.697013,613.341431,-70.988998,526.03241,179.987701,0.200425,179.973343,6765,False,True,
1059,/kuka/axis_move/feedback_json,std_msgs/msg/String,2026-08-22T20:24:12.239824-04:00,1787444652,239809206,1787444652239809206,105.503874,,,,21546,21545,1,0,0,21546,AxisTarget,1,True,True,True,False,7.07562,-61.154121,93.181702,-0.062414,57.774113,7.22368,614.435608,-75.666252,525.47467,179.984421,0.196703,179.971756,6765,False,True,
1060,/kuka/axis_move/feedback_json,std_msgs/msg/String,2026-08-22T20:24:12.420526-04:00,1787444652,420496810,1787444652420496810,180.687604,,,,21547,21546,1,0,0,21547,AxisTarget,1,True,True,True,False,8.221297,-60.566475,92.480751,-0.070382,57.894428,8.316133,617.266052,-88.740761,523.898193,179.975342,0.18656,179.967087,6766,False,True,
1061,/kuka/axis_move/feedback_json,std_msgs/msg/String,2026-08-22T20:24:12.531868-04:00,1787444652,531854952,1787444652531854952,111.358142,,,,21548,21547,1,0,0,21548,AxisTarget,1,True,True,True,False,8.422303,-60.47028,92.383987,-0.0714,57.908604,8.434431,617.796021,-91.374336,523.577576,179.973526,0.184563,179.96611,6766,False,True,
1062,/kuka/axis_move/feedback_json,std_msgs/msg/String,2026-08-22T20:24:12.717026-04:00,1787444652,717015976,1787444652717015976,185.161024,,,,21549,21548,1,0,0,21549,AxisTarget,1,True,True,True,True,8.423,-60.4701,92.383904,-0.0714,57.9086,8.4344,617.800476,-91.396881,523.574829,179.973511,0.184546,179.966095,6767,False,True,
1063,/kuka/axis_move/feedback_json,std_msgs/msg/String,2026-08-22T20:24:12.832502-04:00,1787444652,832476575,1787444652832476575,115.460599,,,,21550,21549,1,0,0,21550,AxisTarget,1,True,True,True,False,8.423,-60.4701,92.383904,-0.0714,57.9086,8.4344,617.800476,-91.396881,523.574829,179.973511,0.184546,179.966095,6767,False,True,
1064,/kuka/axis_move/feedback_json,std_msgs/msg/String,2026-08-22T20:24:12.940326-04:00,1787444652,940311026,1787444652940311026,107.834451,,,,21551,21550,1,0,0,21551,AxisTarget,1,True,True,True,True,8.425114,-60.468479,92.381157,-0.071444,57.909485,8.445032,617.802307,-91.406044,523.57373,179.973495,0.184539,179.966095,6767,False,True,
1065,/kuka/axis_move/feedback_json,std_msgs/msg/String,2026-08-22T20:24:13.053657-04:00,1787444653,53625353,1787444653053625353,113.314327,,,,21552,21551,1,0,0,21552,AxisTarget,1,True,True,True,False,8.652961,-60.342403,92.221252,-0.07341,57.941147,8.753521,618.208984,-93.474121,523.321228,179.972076,0.182996,179.965302,6767,False,True,
1066,/kuka/axis_move/feedback_json,std_msgs/msg/String,2026-08-22T20:24:13.240092-04:00,1787444653,240080162,1787444653240080162,186.454809,,,,21553,21552,1,0,0,21553,AxisTarget,1,True,True,True,False,9.592937,-59.859192,91.650902,-0.079947,58.040302,9.655762,620.233459,-104.465401,521.968445,179.964569,0.17495,179.960953,6768,False,True,
1067,/kuka/axis_move/feedback_json,std_msgs/msg/String,2026-08-22T20:24:13.432201-04:00,1787444653,432192109,1787444653432192109,192.111947,,,,21554,21553,1,0,0,21554,AxisTarget,1,True,True,True,False,9.7017,-59.808601,91.597099,-0.0805,58.046799,9.7078,620.495422,-105.98542,521.779968,179.963531,0.173858,179.960327,6769,False,True,
1068,/kuka/axis_move/feedback_json,std_msgs/msg/String,2026-08-22T20:24:13.615866-04:00,1787444653,615857512,1787444653615857512,183.665403,,,,21555,21554,1,0,0,21555,AxisTarget,1,True,True,True,True,9.7017,-59.808601,91.597099,-0.0805,58.046799,9.7078,620.495422,-105.98542,521.779968,179.963531,0.173858,179.960327,6770,False,True,
1069,/kuka/axis_move/feedback_json,std_msgs/msg/String,2026-08-22T20:24:13.730561-04:00,1787444653,730534312,1787444653730534312,114.6768,,,,21556,21555,1,0,0,21556,AxisTarget,1,True,True,True,True,9.703038,-59.807518,91.595192,-0.080531,58.047455,9.715877,620.495789,-105.987885,521.779663,179.963531,0.173856,179.960327,6770,False,True,
1070,/kuka/axis_move/feedback_json,std_msgs/msg/String,2026-08-22T20:24:13.843832-04:00,1787444653,843820547,1787444653843820547,113.286235,,,,21557,21556,1,0,0,21557,AxisTarget,1,True,True,True,False,9.913247,-59.690872,91.446861,-0.082313,58.076965,10.00302,620.819336,-107.901283,521.541992,179.962234,0.172464,179.959549,6770,False,True,
1071,/kuka/axis_move/feedback_json,std_msgs/msg/String,2026-08-22T20:24:13.956360-04:00,1787444653,956347440,1787444653956347440,112.526893,,,,21558,21557,1,0,0,21558,AxisTarget,1,True,True,True,False,10.349091,-59.469734,91.189651,-0.085142,58.119808,10.384632,621.66748,-113.124016,520.890503,179.958694,0.168704,179.957413,6770,False,True,
1072,/kuka/axis_move/feedback_json,std_msgs/msg/String,2026-08-22T20:24:14.143418-04:00,1787444654,143394278,1787444654143394278,187.046838,,,,21559,21558,1,0,0,21559,AxisTarget,1,True,True,True,False,10.4075,-59.443501,91.162804,-0.0854,58.123199,10.4106,621.82135,-114.106773,520.767456,179.958038,0.168003,179.957001,6771,False,True,
1073,/kuka/axis_move/feedback_json,std_msgs/msg/String,2026-08-22T20:24:14.255136-04:00,1787444654,255124448,1787444654255124448,111.73017,,,,21560,21559,1,0,0,21560,AxisTarget,1,True,True,True,True,10.43783,-59.424946,91.136993,-0.085747,58.129135,10.472594,621.858704,-114.346832,520.737427,179.957886,0.167856,179.956909,6771,False,True,
1074,/kuka/axis_move/feedback_json,std_msgs/msg/String,2026-08-22T20:24:14.443598-04:00,1787444654,443592669,1787444654443592669,188.468221,,,,21561,21560,1,0,0,21561,AxisTarget,1,True,True,True,False,10.5609,-59.364201,91.068398,-0.0865,58.139702,10.5634,622.09436,-115.878098,520.545959,179.956879,0.166918,179.956268,6772,False,True,
1075,/kuka/axis_move/feedback_json,std_msgs/msg/String,2026-08-22T20:24:14.557304-04:00,1787444654,557278943,1787444654557278943,113.686274,,,,21562,21561,1,0,0,21562,AxisTarget,1,True,True,True,True,10.5609,-59.364201,91.068398,-0.0865,58.139702,10.5634,622.09436,-115.878098,520.545959,179.956879,0.166918,179.956268,6772,False,True,
1076,/kuka/axis_move/feedback_json,std_msgs/msg/String,2026-08-22T20:24:14.750370-04:00,1787444654,750340470,1787444654750340470,193.061527,,,,21563,21562,1,0,0,21563,AxisTarget,1,True,True,True,True,10.560901,-59.364071,91.068604,-0.08651,58.138279,10.563412,622.09436,-115.878098,520.545959,179.956879,0.166918,179.956268,6773,False,True,
1077,/kuka/axis_move/feedback_json,std_msgs/msg/String,2026-08-22T20:24:14.859970-04:00,1787444654,859959184,1787444654859959184,109.618714,,,,21564,21563,1,0,0,21564,AxisTarget,1,True,True,True,False,10.562375,-59.291672,91.127708,-0.08817,57.98708,10.56424,622.143005,-115.900284,519.677124,179.955383,0.167829,179.955536,6773,False,True,
1078,/kuka/axis_move/feedback_json,std_msgs/msg/String,2026-08-22T20:24:15.046910-04:00,1787444655,46896096,1787444655046896096,186.936912,,,,21565,21564,1,0,0,21565,AxisTarget,1,True,True,True,False,10.5646,-59.2038,91.1922,-0.0898,57.853298,10.5649,622.231445,-115.941597,518.033997,179.95256,0.169552,179.954147,6774,False,True,
1079,/kuka/axis_move/feedback_json,std_msgs/msg/String,2026-08-22T20:24:15.158235-04:00,1787444655,158218924,1787444655158218924,111.322828,,,,21566,21565,1,0,0,21566,AxisTarget,1,True,True,True,False,10.5646,-59.2038,91.1922,-0.0898,57.853294,10.5649,622.231445,-115.941597,518.034058,179.95256,0.169552,179.954147,6774,False,True,
1080,/kuka/axis_move/feedback_json,std_msgs/msg/String,2026-08-22T20:24:15.268421-04:00,1787444655,268380314,1787444655268380314,110.16139,,,,21567,21566,1,0,0,21567,AxisTarget,1,True,True,True,True,10.564802,-59.193848,91.200714,-0.090048,57.829422,10.565034,622.237244,-115.944321,517.92334,179.952362,0.169677,179.954056,6774,False,True,
1081,/kuka/axis_move/feedback_json,std_msgs/msg/String,2026-08-22T20:24:15.375776-04:00,1787444655,375765013,1787444655375765013,107.384699,,,,21568,21567,1,0,0,21568,AxisTarget,1,True,True,True,False,10.565894,-59.144054,91.240356,-0.091127,57.731937,10.565548,622.273804,-115.961594,517.218689,179.951157,0.170468,179.953476,6774,False,True,
1082,/kuka/axis_move/feedback_json,std_msgs/msg/String,2026-08-22T20:24:15.561220-04:00,1787444655,561212806,1787444655561212806,185.447793,,,,21569,21568,1,0,0,21569,AxisTarget,1,True,True,True,False,10.569811,-58.96944,91.376381,-0.094751,57.411308,10.567203,622.40033,-116.023514,514.639282,179.946732,0.173366,179.951385,6775,False,True,
1083,/kuka/axis_move/feedback_json,std_msgs/msg/String,2026-08-22T20:24:15.680241-04:00,1787444655,680206184,1787444655680206184,118.993378,,,,21570,21569,1,0,0,21570,AxisTarget,1,True,True,True,False,10.572521,-58.850285,91.467918,-0.097232,57.194931,10.568303,622.485596,-116.06749,512.753113,179.943481,0.175483,179.949875,6775,False,True,
1084,/kuka/axis_move/feedback_json,std_msgs/msg/String,2026-08-22T20:24:15.868507-04:00,1787444655,868473188,1787444655868473188,188.267004,,,,21571,21570,1,0,0,21571,AxisTarget,1,True,True,True,False,10.575277,-58.731483,91.557358,-0.099459,57.004711,10.569251,622.570862,-116.113739,510.716827,179.939941,0.177768,179.948257,6776,False,True,
1085,/kuka/axis_move/feedback_json,std_msgs/msg/String,2026-08-22T20:24:15.983188-04:00,1787444655,983176559,1787444655983176559,114.703371,,,,21572,21571,1,0,0,21572,AxisTarget,1,True,True,True,False,10.5755,-58.722698,91.5634,-0.0996,56.993801,10.5693,622.579102,-116.118347,510.510956,179.93959,0.177999,179.94809,6776,False,True,
1086,/kuka/axis_move/feedback_json,std_msgs/msg/String,2026-08-22T20:24:16.097390-04:00,1787444656,97361799,1787444656097361799,114.18524,,,,21573,21572,1,0,0,21573,AxisTarget,1,True,True,True,False,10.5755,-58.722698,91.5634,-0.0996,56.993801,10.5693,622.579102,-116.118347,510.510986,179.93959,0.177999,179.94809,6776,False,True,
1087,/kuka/axis_move/feedback_json,std_msgs/msg/String,2026-08-22T20:24:16.209703-04:00,1787444656,209675793,1787444656209675793,112.313994,,,,21574,21573,1,0,0,21574,AxisTarget,1,True,True,True,True,10.575584,-58.718452,91.567093,-0.09971,56.983131,10.569359,622.580872,-116.119339,510.466705,179.939514,0.178049,179.948044,6776,False,True,
1088,/kuka/axis_move/feedback_json,std_msgs/msg/String,2026-08-22T20:24:16.398623-04:00,1787444656,398614736,1787444656398614736,188.938943,,,,21575,21574,1,0,0,21575,AxisTarget,1,True,True,True,False,10.577049,-58.652599,91.619202,-0.101126,56.8564,10.570011,622.617737,-116.140488,509.517761,179.937836,0.179107,179.947296,6777,False,True,
1089,/kuka/axis_move/feedback_json,std_msgs/msg/String,2026-08-22T20:24:16.586822-04:00,1787444656,586812171,1787444656586812171,188.197435,,,,21576,21575,1,0,0,21576,AxisTarget,1,True,True,True,False,10.580284,-58.509163,91.731133,-0.104127,56.591282,10.571359,622.694031,-116.186363,507.415222,179.934097,0.181452,179.945618,6778,False,True,
1090,/kuka/axis_move/feedback_json,std_msgs/msg/String,2026-08-22T20:24:16.705167-04:00,1787444656,705143078,1787444656705143078,118.330907,,,,21577,21576,1,0,0,21577,AxisTarget,1,True,True,True,False,10.583073,-58.386501,91.826103,-0.106654,56.369968,10.572474,622.755798,-116.226234,505.535065,179.93074,0.183548,179.944138,6778,False,True,
1091,/kuka/axis_move/feedback_json,std_msgs/msg/String,2026-08-22T20:24:16.813823-04:00,1787444656,813806563,1787444656813806563,108.663485,,,,21578,21577,1,0,0,21578,AxisTarget,1,True,True,True,False,10.585752,-58.264755,91.920021,-0.109143,56.152493,10.573567,622.812073,-116.265373,503.636841,179.927338,0.185663,179.942657,6778,False,True,
1092,/kuka/axis_move/feedback_json,std_msgs/msg/String,2026-08-22T20:24:16.930929-04:00,1787444656,930898318,1787444656930898318,117.091755,,,,21579,21578,1,0,0,21579,AxisTarget,1,True,True,True,False,10.588595,-58.144791,92.012299,-0.111582,55.940205,10.574631,622.863403,-116.304405,501.687347,179.923828,0.187834,179.941132,6778,False,True,
1093,/kuka/axis_move/feedback_json,std_msgs/msg/String,2026-08-22T20:24:17.119758-04:00,1787444657,119711957,1787444657119711957,188.813639,,,,21580,21579,1,0,0,21580,AxisTarget,1,True,True,True,False,10.592041,-57.995506,92.126144,-0.114566,55.68269,10.57591,622.916931,-116.350204,499.321289,179.91954,0.190468,179.939316,6779,False,True,
1094,/kuka/axis_move/feedback_json,std_msgs/msg/String,2026-08-22T20:24:17.228856-04:00,1787444657,228844671,1787444657228844671,109.132714,,,,21581,21580,1,0,0,21581,AxisTarget,1,True,True,True,False,10.593225,-57.944691,92.164566,-0.115563,55.59737,10.57633,622.934326,-116.36673,498.444855,179.917938,0.191444,179.938644,6779,False,True,
1095,/kuka/axis_move/feedback_json,std_msgs/msg/String,2026-08-22T20:24:17.412263-04:00,1787444657,412240841,1787444657412240841,183.39617,,,,21582,21581,1,0,0,21582,AxisTarget,1,True,True,True,False,10.5938,-57.920799,92.181999,-0.116,55.561401,10.5765,622.942444,-116.374847,498.009583,179.917145,0.191928,179.938309,6780,False,True,
1096,/kuka/axis_move/feedback_json,std_msgs/msg/String,2026-08-22T20:24:17.523721-04:00,1787444657,523709431,1787444657523709431,111.46859,,,,21583,21582,1,0,0,21583,AxisTarget,1,True,True,True,False,10.5938,-57.920799,92.181999,-0.116,55.561401,10.5765,622.942444,-116.374847,498.009583,179.917145,0.191928,179.938309,6780,False,True,
1097,/kuka/axis_move/feedback_json,std_msgs/msg/String,2026-08-22T20:24:17.639597-04:00,1787444657,639589156,1787444657639589156,115.879725,,,,21584,21583,1,0,0,21584,AxisTarget,1,True,True,True,True,10.593871,-57.917248,92.185066,-0.116091,55.552631,10.57655,622.943054,-116.37545,497.976868,179.917084,0.191964,179.938278,6780,False,True,
1098,/kuka/axis_move/feedback_json,std_msgs/msg/String,2026-08-22T20:24:17.753793-04:00,1787444657,753782972,1787444657753782972,114.193816,,,,21585,21584,1,0,0,21585,AxisTarget,1,True,True,True,False,10.594355,-57.895367,92.202515,-0.116568,55.509605,10.576789,622.948669,-116.381226,497.665649,179.916519,0.192308,179.938049,6780,False,True,
1099,/kuka/axis_move/feedback_json,std_msgs/msg/String,2026-08-22T20:24:17.939585-04:00,1787444657,939574760,1787444657939574760,185.791788,,,,21586,21585,1,0,0,21586,AxisTarget,1,True,True,True,False,10.596222,-57.812397,92.267471,-0.118314,55.354805,10.577581,622.968628,-116.403137,496.468323,179.914337,0.193629,179.937134,6781,False,True,
1100,/kuka/axis_move/feedback_json,std_msgs/msg/String,2026-08-22T20:24:18.127863-04:00,1787444658,127850031,1787444658127850031,188.275271,,,,21587,21586,1,0,0,21587,AxisTarget,1,True,True,True,False,10.599413,-57.667854,92.379951,-0.12132,55.089878,10.578951,622.998596,-116.441696,494.299713,179.910385,0.196023,179.935486,6782,False,True,
1101,/kuka/axis_move/feedback_json,std_msgs/msg/String,2026-08-22T20:24:18.241304-04:00,1787444658,241279034,1787444658241279034,113.429003,,,,21588,21587,1,0,0,21588,AxisTarget,1,True,True,True,False,10.601941,-57.555828,92.466888,-0.123637,54.886333,10.58,623.016357,-116.470848,492.602539,179.907272,0.197895,179.934219,6782,False,True,
1102,/kuka/axis_move/feedback_json,std_msgs/msg/String,2026-08-22T20:24:18.347778-04:00,1787444658,347762435,1787444658347762435,106.483401,,,,21589,21588,1,0,0,21589,AxisTarget,1,True,True,True,False,10.604718,-57.438511,92.557419,-0.126036,54.676655,10.581076,623.030334,-116.502174,490.717834,179.903793,0.199973,179.932816,6782,False,True,
1103,/kuka/axis_move/feedback_json,std_msgs/msg/String,2026-08-22T20:24:18.464512-04:00,1787444658,464477395,1787444658464477395,116.71496,,,,21590,21589,1,0,0,21590,AxisTarget,1,True,True,True,False,10.6074,-57.316757,92.651344,-0.128525,54.459183,10.582191,623.037964,-116.531403,488.896362,179.900421,0.20198,179.931473,6782,False,True,
1104,/kuka/axis_move/feedback_json,std_msgs/msg/String,2026-08-22T20:24:18.649288-04:00,1787444658,649278467,1787444658649278467,184.801072,,,,21591,21590,1,0,0,21591,AxisTarget,1,True,True,True,False,10.612069,-57.116772,92.808937,-0.132699,54.094528,10.584059,623.037659,-116.579758,485.728607,179.894516,0.20547,179.929153,6783,False,True,
1105,/kuka/axis_move/feedback_json,std_msgs/msg/String,2026-08-22T20:24:18.763961-04:00,1787444658,763934960,1787444658763934960,114.656493,,,,21592,21591,1,0,0,21592,AxisTarget,1,True,True,True,False,10.614697,-57.002598,92.892982,-0.134907,53.903244,10.585031,623.03009,-116.605164,483.976135,179.89122,0.207399,179.927887,6783,False,True,
1106,/kuka/axis_move/feedback_json,std_msgs/msg/String,2026-08-22T20:24:18.949391-04:00,1787444658,949358408,1787444658949358408,185.423448,,,,21593,21592,1,0,0,21593,AxisTarget,1,True,True,True,False,10.617467,-56.88129,92.98526,-0.137317,53.695686,10.586079,623.015076,-116.632744,481.9935,179.887497,0.209581,179.926453,6784,False,True,
1107,/kuka/axis_move/feedback_json,std_msgs/msg/String,2026-08-22T20:24:19.059703-04:00,1787444659,59690079,1787444659059690079,110.331671,,,,21594,21593,1,0,0,21594,AxisTarget,1,True,True,True,False,10.618313,-56.847054,93.010887,-0.137975,53.639969,10.586355,623.009277,-116.640739,481.401215,179.886368,0.210233,179.926041,6784,False,True,
1108,/kuka/axis_move/feedback_json,std_msgs/msg/String,2026-08-22T20:24:19.169936-04:00,1787444659,169922574,1787444659169922574,110.232495,,,,21595,21594,1,0,0,21595,AxisTarget,1,True,True,True,False,10.6185,-56.8396,93.016098,-0.1381,53.630199,10.5864,623.007568,-116.642937,481.237518,179.886063,0.210413,179.925919,6784,False,True,
1109,/kuka/axis_move/feedback_json,std_msgs/msg/String,2026-08-22T20:24:19.283763-04:00,1787444659,283751938,1787444659283751938,113.829364,,,,21596,21595,1,0,0,21596,AxisTarget,1,True,True,True,False,10.6185,-56.8396,93.016098,-0.1381,53.630199,10.5864,623.007568,-116.642937,481.237213,179.886063,0.210414,179.925919,6784,False,True,
1110,/kuka/axis_move/feedback_json,std_msgs/msg/String,2026-08-22T20:24:19.467753-04:00,1787444659,467740538,1787444659467740538,183.9886,,,,21597,21596,1,0,0,21597,AxisTarget,1,True,True,True,True,10.618808,-56.825153,93.027992,-0.138435,53.59906,10.586568,623.005554,-116.645348,481.055511,179.885712,0.210615,179.925797,6785,False,True,
1111,/kuka/axis_move/feedback_json,std_msgs/msg/String,2026-08-22T20:24:19.581365-04:00,1787444659,581333488,1787444659581333488,113.59295,,,,21598,21597,1,0,0,21598,AxisTarget,1,True,True,True,False,10.619634,-56.787991,93.058754,-0.139267,53.524647,10.586954,622.999512,-116.65239,480.520721,179.884705,0.211206,179.925415,6785,False,True,
1112,/kuka/axis_move/feedback_json,std_msgs/msg/String,2026-08-22T20:24:19.692056-04:00,1787444659,692044360,1787444659692044360,110.710872,,,,21599,21598,1,0,0,21599,AxisTarget,1,True,True,True,False,10.621109,-56.72226,93.108757,-0.140607,53.405712,10.587567,622.987122,-116.664963,479.547424,179.882858,0.212281,179.924728,6785,False,True,
1113,/kuka/axis_move/feedback_json,std_msgs/msg/String,2026-08-22T20:24:19.799730-04:00,1787444659,799716588,1787444659799716588,107.672228,,,,21600,21599,1,0,0,21600,AxisTarget,1,True,True,True,False,10.623029,-56.637032,93.175186,-0.142381,53.248856,10.588372,622.968445,-116.681015,478.270325,179.880432,0.213693,179.923828,6785,False,True,
1114,/kuka/axis_move/feedback_json,std_msgs/msg/String,2026-08-22T20:24:19.984075-04:00,1787444659,984067747,1787444659984067747,184.351159,,,,21601,21600,1,0,0,21601,AxisTarget,1,True,True,True,False,10.627249,-56.450848,93.31942,-0.14621,52.91243,10.590088,622.918152,-116.714073,475.50061,179.875137,0.216752,179.921906,6786,False,True,
1115,/kuka/axis_move/feedback_json,std_msgs/msg/String,2026-08-22T20:24:20.171289-04:00,1787444660,171281760,1787444660171281760,187.214013,,,,21602,21601,1,0,0,21602,AxisTarget,1,True,True,True,False,10.6319,-56.246506,93.477089,-0.15038,52.547405,10.591944,622.844788,-116.748734,472.349731,179.869064,0.22023,179.919754,6787,False,True,
1116,/kuka/axis_move/feedback_json,std_msgs/msg/String,2026-08-22T20:24:20.288553-04:00,1787444660,288517286,1787444660288517286,117.235526,,,,21603,21602,1,0,0,21603,AxisTarget,1,True,True,True,False,10.634522,-56.128349,93.56768,-0.15276,52.340561,10.592988,622.793396,-116.767731,470.48877,179.865463,0.222283,179.918488,6787,False,True,
1117,/kuka/axis_move/feedback_json,std_msgs/msg/String,2026-08-22T20:24:20.399093-04:00,1787444660,399081933,1787444660399081933,110.564647,,,,21604,21603,1,0,0,21604,AxisTarget,1,True,True,True,False,10.636606,-56.041454,93.633949,-0.154491,52.190754,10.59374,622.74939,-116.7817,469.047058,179.862656,0.223874,179.917526,6787,False,True,
1118,/kuka/axis_move/feedback_json,std_msgs/msg/String,2026-08-22T20:24:20.585675-04:00,1787444660,585655537,1787444660585655537,186.573604,,,,21605,21604,1,0,0,21605,AxisTarget,1,True,True,True,False,10.638515,-55.959278,93.696045,-0.156099,52.053051,10.594424,622.705688,-116.793968,467.720337,179.860077,0.225337,179.916641,6788,False,True,
1119,/kuka/axis_move/feedback_json,std_msgs/msg/String,2026-08-22T20:24:20.695925-04:00,1787444660,695906607,1787444660695906607,110.25107,,,,21606,21605,1,0,0,21606,AxisTarget,1,True,True,True,False,10.638798,-55.947742,93.704285,-0.1563,52.036903,10.5945,622.697693,-116.796074,467.486542,179.859619,0.225595,179.916489,6788,False,True,
1120,/kuka/axis_move/feedback_json,std_msgs/msg/String,2026-08-22T20:24:20.807734-04:00,1787444660,807725103,1787444660807725103,111.818496,,,,21607,21606,1,0,0,21607,AxisTarget,1,True,True,True,False,10.6388,-55.947701,93.7043,-0.1563,52.0369,10.5945,622.69751,-116.796112,467.482544,179.859604,0.225599,179.916473,6788,False,True,
1121,/kuka/axis_move/feedback_json,std_msgs/msg/String,2026-08-22T20:24:20.928455-04:00,1787444660,928424679,1787444660928424679,120.699576,,,,21608,21607,1,0,0,21608,AxisTarget,1,True,True,True,True,10.638819,-55.946346,93.705589,-0.156342,52.032528,10.594525,622.697266,-116.796181,467.475098,179.859589,0.225607,179.916473,6788,False,True,
1122,/kuka/axis_move/feedback_json,std_msgs/msg/String,2026-08-22T20:24:21.113736-04:00,1787444661,113720589,1787444661113720589,185.29591,,,,21609,21608,1,0,0,21609,AxisTarget,1,True,True,True,False,10.640327,-55.877979,93.760132,-0.157894,51.892925,10.595244,622.663818,-116.80452,466.528229,179.857727,0.226646,179.915848,6789,False,True,
1123,/kuka/axis_move/feedback_json,std_msgs/msg/String,2026-08-22T20:24:21.306746-04:00,1787444661,306734629,1787444661306734629,193.01404,,,,21610,21609,1,0,0,21610,AxisTarget,1,True,True,True,False,10.644342,-55.699825,93.898895,-0.161555,51.563072,10.596907,622.564514,-116.825859,463.941498,179.852615,0.229483,179.914139,6790,False,True,
1124,/kuka/axis_move/feedback_json,std_msgs/msg/String,2026-08-22T20:24:21.415424-04:00,1787444661,415418453,1787444661415418453,108.683824,,,,21611,21610,1,0,0,21611,AxisTarget,1,True,True,True,False,10.64721,-55.573872,93.996017,-0.164132,51.346375,10.597989,622.482544,-116.840424,462.006714,179.848755,0.231605,179.912872,6790,False,True,
1125,/kuka/axis_move/feedback_json,std_msgs/msg/String,2026-08-22T20:24:21.535654-04:00,1787444661,535624284,1787444661535624284,120.205831,,,,21612,21611,1,0,0,21612,AxisTarget,1,True,True,True,False,10.649535,-55.472908,94.075302,-0.16621,51.167473,10.598871,622.406677,-116.85202,460.339355,179.845428,0.233432,179.911789,6790,False,True,
1126,/kuka/axis_move/feedback_json,std_msgs/msg/String,2026-08-22T20:24:21.715903-04:00,1787444661,715895089,1787444661715895089,180.270805,,,,21613,21612,1,0,0,21613,AxisTarget,1,True,True,True,False,10.651641,-55.382721,94.140755,-0.167914,51.023052,10.599572,622.334778,-116.861626,458.850372,179.842438,0.235064,179.910843,6791,False,True,
1127,/kuka/axis_move/feedback_json,std_msgs/msg/String,2026-08-22T20:24:21.829754-04:00,1787444661,829742066,1787444661829742066,113.846977,,,,21614,21613,1,0,0,21614,AxisTarget,1,True,True,True,False,10.6518,-55.376499,94.144997,-0.168,51.016602,10.5996,622.328186,-116.862457,458.717102,179.842178,0.23521,179.910751,6791,False,True,
1128,/kuka/axis_move/feedback_json,std_msgs/msg/String,2026-08-22T20:24:22.013505-04:00,1787444662,13474417,1787444662013474417,183.732351,,,,21615,21614,1,0,0,21615,AxisTarget,1,True,True,True,True,10.651887,-55.371857,94.149307,-0.168135,51.002674,10.599683,622.326294,-116.862686,458.679413,179.842102,0.235252,179.910736,6792,False,True,
1129,/kuka/axis_move/feedback_json,std_msgs/msg/String,2026-08-22T20:24:22.123648-04:00,1787444662,123642171,1787444662123642171,110.167754,,,,21616,21615,1,0,0,21616,AxisTarget,1,True,True,True,False,10.653474,-55.298996,94.207924,-0.169745,50.85606,10.600464,622.28009,-116.868187,457.767242,179.840286,0.236277,179.910156,6792,False,True,
1130,/kuka/axis_move/feedback_json,std_msgs/msg/String,2026-08-22T20:24:22.308387-04:00,1787444662,308361130,1787444662308361130,184.718959,,,,21617,21616,1,0,0,21617,AxisTarget,1,True,True,True,False,10.65731,-55.133053,94.333817,-0.173007,50.575665,10.601874,622.134644,-116.882919,455.065247,179.834885,0.239311,179.908493,6793,False,True,
1131,/kuka/axis_move/feedback_json,std_msgs/msg/String,2026-08-22T20:24:22.424182-04:00,1787444662,424165765,1787444662424165765,115.804635,,,,21618,21617,1,0,0,21618,AxisTarget,1,True,True,True,False,10.6575,-55.126099,94.338203,-0.1731,50.569199,10.6019,622.124512,-116.883812,454.885773,179.834518,0.239513,179.908386,6793,False,True,
1132,/kuka/axis_move/feedback_json,std_msgs/msg/String,2026-08-22T20:24:22.539668-04:00,1787444662,539654829,1787444662539654829,115.489064,,,,21619,21618,1,0,0,21619,AxisTarget,1,False,True,True,False,10.6575,-55.126099,94.338203,-0.1731,50.569199,10.6019,622.124512,-116.883812,454.885773,179.834518,0.239513,179.908386,6793,False,True,
1133,/kuka/axis_move/feedback_json,std_msgs/msg/String,2026-08-22T20:24:22.651992-04:00,1787444662,651951352,1787444662651951352,112.296523,,,,21620,21619,1,0,0,21620,AxisTarget,1,False,True,True,False,10.6575,-55.126099,94.338203,-0.1731,50.569199,10.6019,622.124512,-116.883812,454.885773,179.834518,0.239513,179.908386,6793,False,True,
1134,/kuka/axis_move/feedback_json,std_msgs/msg/String,2026-08-22T20:24:22.839911-04:00,1787444662,839893530,1787444662839893530,187.942178,,,,21621,21620,1,0,0,21621,AxisTarget,1,False,True,True,False,10.6575,-55.126099,94.338203,-0.1731,50.569199,10.6019,622.124512,-116.883812,454.885773,179.834518,0.239513,179.908386,6794,False,True,
1135,/kuka/axis_move/feedback_json,std_msgs/msg/String,2026-08-22T20:24:23.027668-04:00,1787444663,27656993,1787444663027656993,187.763463,,,,21622,21621,1,0,0,21622,AxisTarget,1,False,True,True,False,10.6575,-55.126099,94.338203,-0.1731,50.569199,10.6019,622.124512,-116.883812,454.885773,179.834518,0.239513,179.908386,6795,False,True,
1136,/kuka/axis_move/feedback_json,std_msgs/msg/String,2026-08-22T20:24:23.147274-04:00,1787444663,147258192,1787444663147258192,119.601199,,,,21623,21622,1,0,0,21623,AxisTarget,1,False,True,True,False,10.6575,-55.126099,94.338203,-0.1731,50.569199,10.6019,622.124512,-116.883812,454.885773,179.834518,0.239513,179.908386,6795,False,True,
1137,/kuka/axis_move/feedback_json,std_msgs/msg/String,2026-08-22T20:24:23.264423-04:00,1787444663,264399962,1787444663264399962,117.14177,,,,21624,21623,1,0,0,21624,AxisTarget,1,False,True,True,False,10.6575,-55.126099,94.338203,-0.1731,50.569199,10.6019,622.124512,-116.883812,454.885773,179.834518,0.239513,179.908386,6795,False,True,
1138,/kuka/axis_move/feedback_json,std_msgs/msg/String,2026-08-22T20:24:23.441640-04:00,1787444663,441630983,1787444663441630983,177.231021,,,,21625,21624,1,0,0,21625,AxisTarget,1,False,True,True,False,10.6575,-55.126099,94.338203,-0.1731,50.569199,10.6019,622.124512,-116.883812,454.885773,179.834518,0.239513,179.908386,6796,False,True,
1139,/kuka/axis_move/feedback_json,std_msgs/msg/String,2026-08-22T20:24:23.556791-04:00,1787444663,556765874,1787444663556765874,115.134891,,,,21626,21625,1,0,0,21626,AxisTarget,1,False,True,True,False,10.6575,-55.126099,94.338203,-0.1731,50.569199,10.6019,622.124512,-116.883812,454.885773,179.834518,0.239513,179.908386,6796,False,True,
1140,/kuka/axis_move/feedback_json,std_msgs/msg/String,2026-08-22T20:24:23.672861-04:00,1787444663,672855343,1787444663672855343,116.089469,,,,21627,21626,1,0,0,21627,AxisTarget,1,False,True,True,False,10.6575,-55.126099,94.338203,-0.1731,50.569199,10.6019,622.124512,-116.883812,454.885773,179.834518,0.239513,179.908386,6796,False,True,
1141,/kuka/axis_move/feedback_json,std_msgs/msg/String,2026-08-22T20:24:23.786385-04:00,1787444663,786379295,1787444663786379295,113.523952,,,,21628,21627,1,0,0,21628,AxisTarget,1,False,True,True,False,10.6575,-55.126099,94.338203,-0.1731,50.569199,10.6019,622.124512,-116.883812,454.885773,179.834518,0.239513,179.908386,6796,False,True,
1142,/kuka/axis_move/feedback_json,std_msgs/msg/String,2026-08-22T20:24:23.975180-04:00,1787444663,975169933,1787444663975169933,188.790638,,,,21629,21628,1,0,0,21629,AxisTarget,1,False,True,True,False,10.6575,-55.126099,94.338203,-0.1731,50.569199,10.6019,622.124512,-116.883812,454.885773,179.834518,0.239513,179.908386,6797,False,True,
1143,/kuka/axis_move/feedback_json,std_msgs/msg/String,2026-08-22T20:24:24.171865-04:00,1787444664,171852327,1787444664171852327,196.682394,,,,21630,21629,1,0,0,21630,AxisTarget,1,False,True,True,False,10.6575,-55.126099,94.338203,-0.1731,50.569199,10.6019,622.124512,-116.883812,454.885773,179.834518,0.239513,179.908386,6798,False,True,
1144,/kuka/axis_move/feedback_json,std_msgs/msg/String,2026-08-22T20:24:24.353968-04:00,1787444664,353960445,1787444664353960445,182.108118,,,,21631,21630,1,0,0,21631,AxisTarget,1,False,True,True,False,10.6575,-55.126099,94.338203,-0.1731,50.569199,10.6019,622.124512,-116.883812,454.885773,179.834518,0.239513,179.908386,6799,False,True,
1145,/kuka/axis_move/feedback_json,std_msgs/msg/String,2026-08-22T20:24:24.470881-04:00,1787444664,470873929,1787444664470873929,116.913484,,,,21632,21631,1,0,0,21632,AxisTarget,1,True,True,True,False,10.6575,-55.126099,94.338203,-0.1731,50.569199,10.6019,622.124512,-116.883812,454.885773,179.834518,0.239513,179.908386,6799,False,True,
1146,/kuka/axis_move/feedback_json,std_msgs/msg/String,2026-08-22T20:24:24.659560-04:00,1787444664,659554441,1787444664659554441,188.680512,,,,21633,21632,1,0,0,21633,AxisTarget,1,True,True,True,True,10.6578,-55.113392,94.3479,-0.1734,50.5466,10.602,622.114014,-116.884911,454.693939,179.834076,0.239744,179.908234,6800,False,True,
1147,/kuka/axis_move/feedback_json,std_msgs/msg/String,2026-08-22T20:24:24.779160-04:00,1787444664,779153275,1787444664779153275,119.598834,,,,21634,21633,1,0,0,21634,AxisTarget,1,True,True,True,False,10.6578,-55.1134,94.3479,-0.1734,50.5466,10.602,622.113953,-116.884918,454.692261,179.834076,0.239746,179.908234,6800,False,True,
1148,/kuka/axis_move/feedback_json,std_msgs/msg/String,2026-08-22T20:24:24.971859-04:00,1787444664,971845122,1787444664971845122,192.691847,,,,21635,21634,1,0,0,21635,AxisTarget,1,True,True,True,True,10.660123,-55.213215,94.259857,-0.169468,50.751507,10.603555,622.210327,-116.929955,456.067169,179.83551,0.240782,179.910629,6801,False,True,
1149,/kuka/axis_move/feedback_json,std_msgs/msg/String,2026-08-22T20:24:25.087915-04:00,1787444665,87882294,1787444665087882294,116.037172,,,,21636,21635,1,0,0,21636,AxisTarget,1,True,True,True,False,10.6616,-55.269917,94.215286,-0.1677,50.833103,10.6041,622.284058,-116.965088,457.15329,179.836639,0.241597,179.912537,6801,False,True,
1150,/kuka/axis_move/feedback_json,std_msgs/msg/String,2026-08-22T20:24:25.199688-04:00,1787444665,199676786,1787444665199676786,111.794492,,,,21637,21636,1,0,0,21637,AxisTarget,1,True,True,True,False,10.6616,-55.269901,94.215302,-0.1677,50.833099,10.6041,622.284424,-116.965233,457.157898,179.836655,0.241601,179.912537,6801,False,True,
1151,/kuka/axis_move/feedback_json,std_msgs/msg/String,2026-08-22T20:24:25.312988-04:00,1787444665,312967152,1787444665312967152,113.290366,,,,21638,21637,1,0,0,21638,AxisTarget,1,True,True,True,True,10.66168,-55.273861,94.211395,-0.167505,50.844231,10.604192,622.286865,-116.966415,457.195099,179.836685,0.24163,179.912598,6801,False,True,
1152,/kuka/axis_move/feedback_json,std_msgs/msg/String,2026-08-22T20:24:25.492064-04:00,1787444665,492030205,1787444665492030205,179.063053,,,,21639,21638,1,0,0,21639,AxisTarget,1,True,True,True,False,10.663732,-55.363281,94.133369,-0.164035,51.022442,10.605512,622.371582,-117.006927,458.480194,179.838058,0.242623,179.914886,6802,False,True,
1153,/kuka/axis_move/feedback_json,std_msgs/msg/String,2026-08-22T20:24:25.681404-04:00,1787444665,681390501,1787444665681390501,189.360296,,,,21640,21639,1,0,0,21640,AxisTarget,1,True,True,True,False,10.668112,-55.549568,93.974686,-0.157144,51.368275,10.608072,622.547302,-117.094017,461.30426,179.841019,0.244795,179.919907,6803,False,True,
1154,/kuka/axis_move/feedback_json,std_msgs/msg/String,2026-08-22T20:24:25.793281-04:00,1787444665,793251218,1787444665793251218,111.860717,,,,21641,21640,1,0,0,21641,AxisTarget,1,True,True,True,False,10.670731,-55.659153,93.882866,-0.153222,51.561756,10.609394,622.652039,-117.148209,463.106171,179.84288,0.246175,179.923141,6803,False,True,
1155,/kuka/axis_move/feedback_json,std_msgs/msg/String,2026-08-22T20:24:25.975057-04:00,1787444665,975028146,1787444665975028146,181.776928,,,,21642,21641,1,0,0,21642,AxisTarget,1,True,True,True,False,10.672635,-55.737122,93.818977,-0.150555,51.690323,10.610288,622.729309,-117.189484,464.50351,179.844315,0.247241,179.925659,6804,False,True,
1156,/kuka/axis_move/feedback_json,std_msgs/msg/String,2026-08-22T20:24:26.087818-04:00,1787444666,87809097,1787444666087809097,112.780951,,,,21643,21642,1,0,0,21643,AxisTarget,1,True,True,True,False,10.6727,-55.739399,93.817398,-0.1505,51.692501,10.6103,622.733154,-117.191566,464.574646,179.844391,0.247295,179.925797,6804,False,True,
1157,/kuka/axis_move/feedback_json,std_msgs/msg/String,2026-08-22T20:24:26.208229-04:00,1787444666,208203662,1787444666208203662,120.394565,,,,21644,21643,1,0,0,21644,AxisTarget,1,True,True,True,True,10.672701,-55.739445,93.817337,-0.150496,51.692822,10.610303,622.733154,-117.191574,464.574738,179.844391,0.247295,179.925797,6804,False,True,
1158,/kuka/axis_move/feedback_json,std_msgs/msg/String,2026-08-22T20:24:26.315705-04:00,1787444666,315694382,1787444666315694382,107.49072,,,,21645,21644,1,0,0,21645,AxisTarget,1,True,True,True,False,10.672967,-55.751453,93.806404,-0.149991,51.719822,10.610508,622.741211,-117.195992,464.724884,179.844528,0.247409,179.926071,6804,False,True,
1159,/kuka/axis_move/feedback_json,std_msgs/msg/String,2026-08-22T20:24:26.501830-04:00,1787444666,501821130,1787444666501821130,186.126748,,,,21646,21645,1,0,0,21646,AxisTarget,1,True,True,True,False,10.674811,-55.830261,93.738258,-0.146993,51.872936,10.611619,622.802734,-117.230186,465.895874,179.845673,0.248297,179.928177,6805,False,True,
1160,/kuka/axis_move/feedback_json,std_msgs/msg/String,2026-08-22T20:24:26.695906-04:00,1787444666,695897021,1787444666695897021,194.075891,,,,21647,21646,1,0,0,21647,AxisTarget,1,True,True,True,False,10.678725,-55.995747,93.596649,-0.140826,52.184742,10.61386,622.924927,-117.301041,468.373657,179.848068,0.25017,179.932678,6806,False,True,
1161,/kuka/axis_move/feedback_json,std_msgs/msg/String,2026-08-22T20:24:26.809472-04:00,1787444666,809465888,1787444666809465888,113.568867,,,,21648,21647,1,0,0,21648,AxisTarget,1,True,True,True,False,10.681457,-56.11438,93.496078,-0.136486,52.40213,10.615408,623.010132,-117.353302,470.248413,179.849854,0.25158,179.936111,6806,False,True,
1162,/kuka/axis_move/feedback_json,std_msgs/msg/String,2026-08-22T20:24:26.920092-04:00,1787444666,920082995,1787444666920082995,110.617107,,,,21649,21648,1,0,0,21649,AxisTarget,1,True,True,True,False,10.684398,-56.233192,93.395416,-0.132145,52.619534,10.616956,623.0896,-117.404709,472.134949,179.851624,0.252993,179.939575,6806,False,True,
1163,/kuka/axis_move/feedback_json,std_msgs/msg/String,2026-08-22T20:24:27.037192-04:00,1787444667,37163111,1787444667037163111,117.080116,,,,21650,21649,1,0,0,21650,AxisTarget,1,True,True,True,False,10.687056,-56.343731,93.302391,-0.128161,52.817577,10.618356,623.159607,-117.452652,473.934113,179.853271,0.254336,179.942902,6806,False,True,
1164,/kuka/axis_move/feedback_json,std_msgs/msg/String,2026-08-22T20:24:27.230874-04:00,1787444667,230845305,1787444667230845305,193.682194,,,,21651,21650,1,0,0,21651,AxisTarget,1,True,True,True,False,10.690119,-56.472179,93.194962,-0.123588,53.043575,10.619943,623.235718,-117.508492,476.082611,179.855225,0.255932,179.946884,6807,False,True,
1165,/kuka/axis_move/feedback_json,std_msgs/msg/String,2026-08-22T20:24:27.339605-04:00,1787444667,339594042,1787444667339594042,108.748737,,,,21652,21651,1,0,0,21652,AxisTarget,1,True,True,True,False,10.691122,-56.511246,93.162704,-0.122234,53.109585,10.6204,623.258301,-117.525993,476.768158,179.855835,0.25644,179.948166,6807,False,True,
1166,/kuka/axis_move/feedback_json,std_msgs/msg/String,2026-08-22T20:24:27.520341-04:00,1787444667,520321925,1787444667520321925,180.727883,,,,21653,21652,1,0,0,21653,AxisTarget,1,True,True,True,False,10.6914,-56.521999,93.154297,-0.1219,53.124901,10.6205,623.265625,-117.531815,476.99765,179.856049,0.25661,179.948593,6808,False,True,
1167,/kuka/axis_move/feedback_json,std_msgs/msg/String,2026-08-22T20:24:27.631607-04:00,1787444667,631596574,1787444667631596574,111.274649,,,,21654,21653,1,0,0,21654,AxisTarget,1,True,True,True,True,10.6914,-56.522011,93.154274,-0.121898,53.125038,10.620502,623.265625,-117.531815,476.99765,179.856049,0.25661,179.948593,6808,False,True,
1168,/kuka/axis_move/feedback_json,std_msgs/msg/String,2026-08-22T20:24:27.744939-04:00,1787444667,744904032,1787444667744904032,113.307458,,,,21655,21654,1,0,0,21655,AxisTarget,1,True,True,True,False,10.691607,-56.531517,93.145538,-0.121491,53.147022,10.620671,623.268982,-117.534462,477.10257,179.85614,0.256687,179.948792,6808,False,True,
1169,/kuka/axis_move/feedback_json,std_msgs/msg/String,2026-08-22T20:24:27.855639-04:00,1787444667,855626135,1787444667855626135,110.722103,,,,21656,21655,1,0,0,21656,AxisTarget,1,True,True,True,False,10.692448,-56.567783,93.113968,-0.120095,53.218826,10.621202,623.285095,-117.547417,477.61731,179.856598,0.257062,179.949753,6808,False,True,
1170,/kuka/axis_move/feedback_json,std_msgs/msg/String,2026-08-22T20:24:28.038189-04:00,1787444668,38176333,1787444668038176333,182.550198,,,,21657,21656,1,0,0,21657,AxisTarget,1,True,True,True,False,10.695174,-56.683884,93.014229,-0.115739,53.440067,10.622817,623.337891,-117.592026,479.417938,179.858215,0.258372,179.95311,6809,False,True,
1171,/kuka/axis_move/feedback_json,std_msgs/msg/String,2026-08-22T20:24:28.228634-04:00,1787444668,228620391,1787444668228620391,190.444058,,,,21658,21657,1,0,0,21658,AxisTarget,1,True,True,True,False,10.699635,-56.87215,92.853951,-0.108801,53.789211,10.625343,623.410706,-117.661423,482.308807,179.860748,0.260465,179.958557,6810,False,True,
1172,/kuka/axis_move/feedback_json,std_msgs/msg/String,2026-08-22T20:24:28.337626-04:00,1787444668,337619256,1787444668337619256,108.998865,,,,21659,21658,1,0,0,21659,AxisTarget,1,True,True,True,False,10.702362,-56.990944,92.753273,-0.104463,54.006683,10.626911,623.4505,-117.705452,484.205505,179.862381,0.261831,179.962158,6810,False,True,
1173,/kuka/axis_move/feedback_json,std_msgs/msg/String,2026-08-22T20:24:28.453355-04:00,1787444668,453344654,1787444668453344654,115.725398,,,,21660,21659,1,0,0,21660,AxisTarget,1,True,True,True,False,10.705291,-57.109737,92.652596,-0.100124,54.224155,10.628479,623.48407,-117.748337,486.10376,179.863983,0.263194,179.965759,6810,False,True,
1174,/kuka/axis_move/feedback_json,std_msgs/msg/String,2026-08-22T20:24:28.563600-04:00,1787444668,563588722,1787444668563588722,110.244068,,,,21661,21660,1,0,0,21661,AxisTarget,1,True,True,True,False,10.708115,-57.228249,92.552231,-0.095803,54.440506,10.630036,623.511353,-117.790047,488.002472,179.86557,0.264551,179.969391,6810,False,True,
1175,/kuka/axis_move/feedback_json,std_msgs/msg/String,2026-08-22T20:24:28.749152-04:00,1787444668,749140484,1787444668749140484,185.551762,,,,21662,21661,1,0,0,21662,AxisTarget,1,True,True,True,False,10.712147,-57.396439,92.410706,-0.089747,54.741825,10.632192,623.539856,-117.848701,490.769318,179.867813,0.26652,179.974716,6811,False,True,
1176,/kuka/axis_move/feedback_json,std_msgs/msg/String,2026-08-22T20:24:28.863499-04:00,1787444668,863466560,1787444668863466560,114.326076,,,,21663,21662,1,0,0,21663,AxisTarget,1,True,True,True,False,10.713905,-57.469563,92.349342,-0.087129,54.871719,10.633119,623.548157,-117.873718,491.987122,179.86879,0.267383,179.977066,6811,False,True,
1177,/kuka/axis_move/feedback_json,std_msgs/msg/String,2026-08-22T20:24:29.043469-04:00,1787444669,43462763,1787444669043462763,179.996203,,,,21664,21663,1,0,0,21664,AxisTarget,1,True,True,True,False,10.715721,-57.544682,92.286667,-0.08447,55.002857,10.634048,623.554199,-117.899841,493.284576,179.869812,0.2683,179.979584,6812,False,True,
1178,/kuka/axis_move/feedback_json,std_msgs/msg/String,2026-08-22T20:24:29.159240-04:00,1787444669,159234788,1787444669159234788,115.772025,,,,21665,21664,1,0,0,21665,AxisTarget,1,True,True,True,False,10.716223,-57.565041,92.270027,-0.08378,55.036156,10.634282,623.555359,-117.907013,493.645752,179.870102,0.268555,179.980286,6812,False,True,
1179,/kuka/axis_move/feedback_json,std_msgs/msg/String,2026-08-22T20:24:29.271807-04:00,1787444669,271796419,1787444669271796419,112.561631,,,,21666,21665,1,0,0,21666,AxisTarget,1,True,True,True,False,10.7163,-57.567902,92.267899,-0.0837,55.0396,10.6343,623.555542,-117.908302,493.711121,179.870148,0.268601,179.980423,6812,False,True,
1180,/kuka/axis_move/feedback_json,std_msgs/msg/String,2026-08-22T20:24:29.387487-04:00,1787444669,387479949,1787444669387479949,115.68353,,,,21667,21666,1,0,0,21667,AxisTarget,1,True,True,True,True,10.7163,-57.567902,92.267899,-0.0837,55.039623,10.6343,623.555542,-117.908302,493.711121,179.870148,0.268601,179.980423,6812,False,True,
1181,/kuka/axis_move/feedback_json,std_msgs/msg/String,2026-08-22T20:24:29.569643-04:00,1787444669,569635067,1787444669569635067,182.155118,,,,21668,21667,1,0,0,21668,AxisTarget,1,True,True,True,False,10.716877,-57.593513,92.245049,-0.082665,55.094101,10.634709,623.556396,-117.914787,494.04068,179.870407,0.268837,179.981064,6813,False,True,
1182,/kuka/axis_move/feedback_json,std_msgs/msg/String,2026-08-22T20:24:29.683592-04:00,1787444669,683581993,1787444669683581993,113.946926,,,,21669,21668,1,0,0,21669,AxisTarget,1,True,True,True,False,10.71807,-57.644756,92.20079,-0.080722,55.193329,10.635433,623.557556,-117.929581,494.799103,179.870987,0.26938,179.982544,6813,False,True,
1183,/kuka/axis_move/feedback_json,std_msgs/msg/String,2026-08-22T20:24:29.796402-04:00,1787444669,796373694,1787444669796373694,112.791701,,,,21670,21669,1,0,0,21670,AxisTarget,1,True,True,True,False,10.719999,-57.727036,92.130203,-0.077644,55.349556,10.636566,623.557251,-117.953621,496.053528,179.871948,0.270276,179.984985,6813,False,True,
1184,/kuka/axis_move/feedback_json,std_msgs/msg/String,2026-08-22T20:24:29.907951-04:00,1787444669,907939820,1787444669907939820,111.566126,,,,21671,21670,1,0,0,21671,AxisTarget,1,True,True,True,False,10.722425,-57.830013,92.038651,-0.07367,55.550274,10.638014,623.552734,-117.984703,497.716248,179.873215,0.27146,179.988251,6813,False,True,
1185,/kuka/axis_move/feedback_json,std_msgs/msg/String,2026-08-22T20:24:30.095609-04:00,1787444670,95594732,1787444670095594732,187.654912,,,,21672,21671,1,0,0,21672,AxisTarget,1,True,True,True,False,10.727157,-58.033604,91.869675,-0.06639,55.91531,10.64063,623.530457,-118.041962,500.916443,179.875565,0.273728,179.994553,6814,False,True,
1186,/kuka/axis_move/feedback_json,std_msgs/msg/String,2026-08-22T20:24:30.209504-04:00,1787444670,209495622,1787444670209495622,113.90089,,,,21673,21672,1,0,0,21673,AxisTarget,1,True,True,True,False,10.730065,-58.15173,91.76973,-0.062092,56.130405,10.642167,623.508728,-118.074493,502.823944,179.876938,0.275074,179.998337,6814,False,True,
1187,/kuka/axis_move/feedback_json,std_msgs/msg/String,2026-08-22T20:24:30.319565-04:00,1787444670,319556778,1787444670319556778,110.061156,,,,21674,21673,1,0,0,21674,AxisTarget,1,True,True,True,False,10.732432,-58.250561,91.686707,-0.058547,56.306595,10.643458,623.484131,-118.102448,504.522095,179.878128,0.276268,-179.998291,6814,False,True,
1188,/kuka/axis_move/feedback_json,std_msgs/msg/String,2026-08-22T20:24:30.505013-04:00,1787444670,504997152,1787444670504997152,185.440374,,,,21675,21674,1,0,0,21675,AxisTarget,1,True,True,True,False,10.735236,-58.367134,91.589195,-0.054401,56.51173,10.644868,623.450256,-118.132927,506.442352,179.879456,0.277613,-179.994446,6815,False,True,
1189,/kuka/axis_move/feedback_json,std_msgs/msg/String,2026-08-22T20:24:30.617670-04:00,1787444670,617664330,1787444670617664330,112.667178,,,,21676,21675,1,0,0,21676,AxisTarget,1,True,True,True,False,10.736111,-58.40308,91.559494,-0.053154,56.572617,10.645292,623.437317,-118.142998,507.094421,179.879898,0.278069,-179.993149,6815,False,True,
1190,/kuka/axis_move/feedback_json,std_msgs/msg/String,2026-08-22T20:24:30.727523-04:00,1787444670,727513950,1787444670727513950,109.84962,,,,21677,21676,1,0,0,21677,AxisTarget,1,True,True,True,False,10.736397,-58.414318,91.550636,-0.052801,56.588978,10.6454,623.4328,-118.146355,507.313965,179.880051,0.278222,-179.992706,6815,False,True,
1191,/kuka/axis_move/feedback_json,std_msgs/msg/String,2026-08-22T20:24:30.841578-04:00,1787444670,841568849,1787444670841568849,114.054899,,,,21678,21677,1,0,0,21678,AxisTarget,1,True,True,True,False,10.7364,-58.414398,91.550598,-0.0528,56.589001,10.6454,623.432678,-118.146446,507.319611,179.880051,0.278226,-179.992691,6815,False,True,
1192,/kuka/axis_move/feedback_json,std_msgs/msg/String,2026-08-22T20:24:31.027808-04:00,1787444671,27796737,1787444671027796737,186.227888,,,,21679,21678,1,0,0,21679,AxisTarget,1,True,True,True,True,10.736726,-58.429264,91.535873,-0.052116,56.625774,10.645682,623.428833,-118.149277,507.504639,179.880173,0.278354,-179.992325,6816,False,True,
1193,/kuka/axis_move/feedback_json,std_msgs/msg/String,2026-08-22T20:24:31.215947-04:00,1787444671,215935056,1787444671215935056,188.138319,,,,21680,21679,1,0,0,21680,AxisTarget,1,True,True,True,False,10.739347,-58.541779,91.439575,-0.047878,56.842289,10.647265,623.390442,-118.174728,509.203613,179.881302,0.279523,-179.988907,6817,False,True,
1194,/kuka/axis_move/feedback_json,std_msgs/msg/String,2026-08-22T20:24:31.334009-04:00,1787444671,333999707,1787444671333999707,118.064651,,,,21681,21680,1,0,0,21681,AxisTarget,1,True,True,True,False,10.742044,-58.655739,91.342445,-0.043667,57.054127,10.648846,623.344299,-118.200699,511.006592,179.882477,0.280759,-179.98526,6817,False,True,
1195,/kuka/axis_move/feedback_json,std_msgs/msg/String,2026-08-22T20:24:31.443378-04:00,1787444671,443371812,1787444671443371812,109.372105,,,,21682,21681,1,0,0,21682,AxisTarget,1,True,True,True,False,10.744965,-58.77824,91.23877,-0.039203,57.277222,10.650385,623.289124,-118.227135,512.92218,179.883713,0.282069,-179.981369,6817,False,True,
1196,/kuka/axis_move/feedback_json,std_msgs/msg/String,2026-08-22T20:24:31.559863-04:00,1787444671,559852887,1787444671559852887,116.481075,,,,21683,21682,1,0,0,21683,AxisTarget,1,True,True,True,False,10.747346,-58.876846,91.156403,-0.035702,57.449848,10.651604,623.235535,-118.249336,514.603333,179.884766,0.283214,-179.977951,6817,False,True,
1197,/kuka/axis_move/feedback_json,std_msgs/msg/String,2026-08-22T20:24:31.746507-04:00,1787444671,746496926,1787444671746496926,186.644039,,,,21684,21683,1,0,0,21684,AxisTarget,1,True,True,True,False,10.74906,-58.946438,91.099419,-0.033331,57.56432,10.652393,623.191223,-118.265694,515.889099,179.885544,0.284088,-179.975327,6818,False,True,
1198,/kuka/axis_move/feedback_json,std_msgs/msg/String,2026-08-22T20:24:31.855909-04:00,1787444671,855896943,1787444671855896943,109.400017,,,,21685,21684,1,0,0,21685,AxisTarget,1,True,True,True,False,10.7491,-58.9478,91.098503,-0.0333,57.565498,10.6524,623.189819,-118.26619,515.929077,179.885574,0.284115,-179.97525,6818,False,True,
1199,/kuka/axis_move/feedback_json,std_msgs/msg/String,2026-08-22T20:24:32.039670-04:00,1787444672,39662209,1787444672039662209,183.765266,,,,21686,21685,1,0,0,21686,AxisTarget,1,True,True,True,True,10.749679,-58.974579,91.073402,-0.032102,57.630844,10.652912,623.178711,-118.270073,516.236938,179.885757,0.28433,-179.974609,6819,False,True,
1200,/kuka/axis_move/feedback_json,std_msgs/msg/String,2026-08-22T20:24:32.157501-04:00,1787444672,157467955,1787444672157467955,117.805746,,,,21687,21686,1,0,0,21687,AxisTarget,1,True,True,True,False,10.752254,-59.083145,90.980354,-0.02788,57.842739,10.654444,623.118164,-118.289848,517.845703,179.886703,0.285454,-179.971298,6819,False,True,
1201,/kuka/axis_move/feedback_json,std_msgs/msg/String,2026-08-22T20:24:32.335578-04:00,1787444672,335570882,1787444672335570882,178.102927,,,,21688,21687,1,0,0,21688,AxisTarget,1,True,True,True,False,10.7544,-59.168304,90.911697,-0.0252,57.969002,10.6553,623.051514,-118.309235,519.494324,179.887665,0.286602,-179.96788,6820,False,True,
1202,/kuka/axis_move/feedback_json,std_msgs/msg/String,2026-08-22T20:24:32.448449-04:00,1787444672,448419761,1787444672448419761,112.848879,,,,21689,21688,1,0,0,21689,AxisTarget,1,True,True,True,False,10.7544,-59.168301,90.911697,-0.0252,57.969002,10.6553,623.051514,-118.309242,519.494568,179.887665,0.286602,-179.96788,6820,False,True,
1203,/kuka/axis_move/feedback_json,std_msgs/msg/String,2026-08-22T20:24:32.627716-04:00,1787444672,627709051,1787444672627709051,179.28929,,,,21690,21689,1,0,0,21690,AxisTarget,1,True,True,True,True,10.7545,-59.174801,90.906197,-0.025,57.980999,10.6554,623.047058,-118.309761,519.59967,179.887772,0.286575,-179.967712,6821,False,True,
1204,/kuka/axis_move/feedback_json,std_msgs/msg/String,2026-08-22T20:24:32.741789-04:00,1787444672,741780401,1787444672741780401,114.07135,,,,21691,21690,1,0,0,21691,AxisTarget,1,True,True,True,True,10.754496,-59.174843,90.906197,-0.024999,57.98032,10.655188,623.047058,-118.309753,519.599731,179.887772,0.286577,-179.967712,6821,False,True,
1205,/kuka/axis_move/feedback_json,std_msgs/msg/String,2026-08-22T20:24:32.929122-04:00,1787444672,929097852,1787444672929097852,187.317451,,,,21692,21691,1,0,0,21692,AxisTarget,1,True,True,True,False,10.703251,-59.323738,90.902046,-0.024107,57.695709,10.602015,623.243042,-117.786354,521.142151,179.888412,0.694615,-179.890869,6822,False,True,
1206,/kuka/axis_move/feedback_json,std_msgs/msg/String,2026-08-22T20:24:33.039772-04:00,1787444673,39760936,1787444673039760936,110.663084,,,,21693,21692,1,0,0,21693,AxisTarget,1,True,True,True,False,10.7014,-59.326401,90.902,-0.0241,57.6945,10.6019,623.255676,-117.752205,521.242798,179.888474,0.721215,-179.88588,6822,False,True,
1207,/kuka/axis_move/feedback_json,std_msgs/msg/String,2026-08-22T20:24:33.156346-04:00,1787444673,156339603,1787444673156339603,116.578667,,,,21694,21693,1,0,0,21694,AxisTarget,1,True,True,True,True,10.700124,-59.331154,90.901833,-0.024056,57.676739,10.597862,623.257568,-117.74707,521.257935,179.888474,0.725217,-179.885132,6822,False,True,
1208,/kuka/axis_move/feedback_json,std_msgs/msg/String,2026-08-22T20:24:33.267576-04:00,1787444673,267565202,1787444673267565202,111.225599,,,,21695,21694,1,0,0,21695,AxisTarget,1,True,True,True,False,10.651402,-59.478085,90.897583,-0.023126,57.354385,10.534865,623.425049,-117.288673,522.609253,179.889465,1.082147,-179.818588,6822,False,True,
1209,/kuka/axis_move/feedback_json,std_msgs/msg/String,2026-08-22T20:24:33.451564-04:00,1787444673,451553225,1787444673451553225,183.988023,,,,21696,21695,1,0,0,21696,AxisTarget,1,True,True,True,False,10.542214,-59.781105,90.889503,-0.0215,56.835098,10.4414,623.851074,-116.075058,526.187378,179.894028,2.024807,-179.645432,6823,False,True,
1210,/kuka/axis_move/feedback_json,std_msgs/msg/String,2026-08-22T20:24:33.567583-04:00,1787444673,567542438,1787444673567542438,115.989213,,,,21697,21696,1,0,0,21697,AxisTarget,1,True,True,True,False,10.5422,-59.781101,90.889503,-0.0215,56.835098,10.4414,623.851501,-116.073814,526.19104,179.894028,2.025768,-179.645264,6823,False,True,
1211,/kuka/axis_move/feedback_json,std_msgs/msg/String,2026-08-22T20:24:33.749794-04:00,1787444673,749783047,1787444673749783047,182.240609,,,,21698,21697,1,0,0,21698,AxisTarget,1,True,True,True,True,10.5422,-59.781101,90.889503,-0.0215,56.835098,10.4414,623.851501,-116.073814,526.19104,179.894028,2.025768,-179.645264,6824,False,True,
1212,/kuka/axis_move/feedback_json,std_msgs/msg/String,2026-08-22T20:24:33.861099-04:00,1787444673,861070692,1787444673861070692,111.287645,,,,21699,21698,1,0,0,21699,AxisTarget,1,True,True,True,True,10.540927,-59.785839,90.889336,-0.021456,56.81739,10.437374,623.853271,-116.068665,526.206177,179.894058,2.029761,-179.644531,6824,False,True,
1213,/kuka/axis_move/feedback_json,std_msgs/msg/String,2026-08-22T20:24:33.974705-04:00,1787444673,974694624,1787444673974694624,113.623932,,,,21700,21699,1,0,0,21700,AxisTarget,1,True,True,True,False,10.495344,-59.923439,90.88533,-0.020569,56.514366,10.378094,623.988586,-115.66748,527.388672,179.89621,2.340484,-179.588287,6824,False,True,
1214,/kuka/axis_move/feedback_json,std_msgs/msg/String,2026-08-22T20:24:34.086477-04:00,1787444674,86447229,1787444674086447229,111.752605,,,,21701,21700,1,0,0,21701,AxisTarget,1,True,True,True,False,10.376535,-60.26899,90.875633,-0.018495,55.829376,10.24852,624.389038,-114.428596,531.040649,179.904678,3.297769,-179.41748,6824,False,True,
1215,/kuka/axis_move/feedback_json,std_msgs/msg/String,2026-08-22T20:24:34.276784-04:00,1787444674,276760955,1787444674276760955,190.313726,,,,21702,21701,1,0,0,21702,AxisTarget,1,True,True,True,False,10.2767,-60.539001,90.868599,-0.0171,55.402699,10.1739,624.744934,-113.252991,534.506897,179.915192,4.203087,-179.259384,6825,False,True,
1216,/kuka/axis_move/feedback_json,std_msgs/msg/String,2026-08-22T20:24:34.387827-04:00,1787444674,387807868,1787444674387807868,111.046913,,,,21703,21702,1,0,0,21703,AxisTarget,1,True,True,True,True,10.2767,-60.539001,90.868599,-0.0171,55.402699,10.1739,624.744934,-113.252991,534.506897,179.915192,4.203091,-179.259384,6825,False,True,
1217,/kuka/axis_move/feedback_json,std_msgs/msg/String,2026-08-22T20:24:34.571581-04:00,1787444674,571570971,1787444674571570971,183.763103,,,,21704,21703,1,0,0,21704,AxisTarget,1,True,True,True,False,10.2767,-60.539001,90.868599,-0.0171,55.402699,10.1739,624.744934,-113.252991,534.506897,179.915192,4.203091,-179.259384,6826,False,True,
1218,/kuka/axis_move/feedback_json,std_msgs/msg/String,2026-08-22T20:24:34.688900-04:00,1787444674,688891288,1787444674688891288,117.320317,,,,21705,21704,1,0,0,21705,AxisTarget,1,True,True,True,True,10.271025,-60.558041,90.867989,-0.016953,55.347507,10.162204,624.757324,-113.210548,534.63208,179.915619,4.23572,-179.253738,6826,False,True,
1219,/kuka/axis_move/feedback_json,std_msgs/msg/String,2026-08-22T20:24:34.799861-04:00,1787444674,799849145,1787444674799849145,110.957857,,,,21706,21705,1,0,0,21706,AxisTarget,1,True,True,True,False,10.203533,-60.758545,90.862259,-0.015711,54.924255,10.080412,624.94696,-112.54792,536.586121,179.922623,4.744633,-179.166367,6826,False,True,
1220,/kuka/axis_move/feedback_json,std_msgs/msg/String,2026-08-22T20:24:34.912512-04:00,1787444674,912503881,1787444674912503881,112.654736,,,,21707,21706,1,0,0,21707,AxisTarget,1,True,True,True,False,10.06419,-61.163387,90.850929,-0.013305,54.087639,9.922062,625.333374,-111.107651,540.834412,179.940292,5.847662,-178.980438,6826,False,True,
1221,/kuka/axis_move/feedback_json,std_msgs/msg/String,2026-08-22T20:24:35.097373-04:00,1787444675,97365351,1787444675097365351,184.86147,,,,21708,21707,1,0,0,21708,AxisTarget,1,True,True,True,False,9.905067,-61.60004,90.839401,-0.011,53.397266,9.799397,625.776184,-109.264412,546.273438,179.967621,7.253206,-178.750168,6827,False,True,
1222,/kuka/axis_move/feedback_json,std_msgs/msg/String,2026-08-22T20:24:35.287651-04:00,1787444675,287642678,1787444675287642678,190.277327,,,,21709,21708,1,0,0,21709,AxisTarget,1,True,True,True,False,9.905,-61.600101,90.839401,-0.011,53.397301,9.7994,625.777344,-109.259384,546.288269,179.967712,7.257029,-178.749542,6828,False,True,
1223,/kuka/axis_move/feedback_json,std_msgs/msg/String,2026-08-22T20:24:35.475268-04:00,1787444675,475256335,1787444675475256335,187.613657,,,,21710,21709,1,0,0,21710,AxisTarget,1,True,True,True,True,9.905,-61.600101,90.839401,-0.011,53.397301,9.7994,625.777344,-109.259384,546.288269,179.967712,7.257029,-178.749542,6829,False,True,
1224,/kuka/axis_move/feedback_json,std_msgs/msg/String,2026-08-22T20:24:35.588930-04:00,1787444675,588904663,1787444675588904663,113.648328,,,,21711,21710,1,0,0,21711,AxisTarget,1,True,True,True,True,9.904995,-61.600143,90.839401,-0.010999,53.396633,9.799191,625.777344,-109.259377,546.28833,179.967712,7.257031,-178.749542,6829,False,True,
1225,/kuka/axis_move/feedback_json,std_msgs/msg/String,2026-08-22T20:24:35.703799-04:00,1787444675,703786802,1787444675703786802,114.882139,,,,21712,21711,1,0,0,21712,AxisTarget,1,True,True,True,False,9.881234,-61.674026,90.837189,-0.010497,53.220116,9.763797,625.820618,-109.065239,546.86145,179.970886,7.404714,-178.725769,6829,False,True,
1226,/kuka/axis_move/feedback_json,std_msgs/msg/String,2026-08-22T20:24:35.811836-04:00,1787444675,811821463,1787444675811821463,108.034661,,,,21713,21712,1,0,0,21713,AxisTarget,1,True,True,True,False,9.786481,-61.951969,90.829323,-0.008802,52.652927,9.655295,626.031189,-108.075012,549.785217,179.987961,8.156838,-178.605927,6829,False,True,
1227,/kuka/axis_move/feedback_json,std_msgs/msg/String,2026-08-22T20:24:35.997631-04:00,1787444675,997598298,1787444675997598298,185.776835,,,,21714,21713,1,0,0,21714,AxisTarget,1,True,True,True,False,9.508984,-62.745846,90.807426,-0.0042,51.152328,9.371239,626.567139,-105.071869,558.657349,-179.95195,10.426702,-178.256317,6830,False,True,
1228,/kuka/axis_move/feedback_json,std_msgs/msg/String,2026-08-22T20:24:36.107470-04:00,1787444676,107460082,1787444676107460082,109.861784,,,,21715,21714,1,0,0,21715,AxisTarget,1,True,True,True,False,9.428424,-62.961876,90.801849,-0.003106,50.820065,9.318099,626.709167,-104.086952,561.568787,-179.929657,11.167613,-178.146011,6830,False,True,
1229,/kuka/axis_move/feedback_json,std_msgs/msg/String,2026-08-22T20:24:36.295622-04:00,1787444676,295613981,1787444676295613981,188.153899,,,,21716,21715,1,0,0,21716,AxisTarget,1,True,True,True,True,9.427196,-62.964336,90.801804,-0.003099,50.818336,9.317793,626.713623,-104.054062,561.666016,-179.928894,11.192324,-178.142365,6831,False,True,
1230,/kuka/axis_move/feedback_json,std_msgs/msg/String,2026-08-22T20:24:36.418230-04:00,1787444676,418211436,1787444676418211436,122.597455,,,,21717,21716,1,0,0,21717,AxisTarget,1,True,True,True,False,9.403644,-63.037563,90.799614,-0.002599,50.64341,9.282709,626.739685,-103.858711,562.243469,-179.924316,11.339033,-178.120743,6831,False,True,
1231,/kuka/axis_move/feedback_json,std_msgs/msg/String,2026-08-22T20:24:36.527638-04:00,1787444676,527630229,1787444676527630229,109.418793,,,,21718,21717,1,0,0,21718,AxisTarget,1,True,True,True,False,9.305049,-63.326611,90.791061,-0.000746,50.026524,9.164744,626.867981,-102.813057,565.335083,-179.899017,12.123228,-178.006409,6831,False,True,
1232,/kuka/axis_move/feedback_json,std_msgs/msg/String,2026-08-22T20:24:36.642276-04:00,1787444676,642265987,1787444676642265987,114.635758,,,,21719,21718,1,0,0,21719,AxisTarget,1,True,True,True,False,9.13787,-63.810917,90.777916,0.00207,49.058025,8.981414,627.043945,-101.022644,570.631287,-179.852646,13.461773,-177.815842,6831,False,True,
1233,/kuka/axis_move/feedback_json,std_msgs/msg/String,2026-08-22T20:24:36.827651-04:00,1787444676,827632965,1787444676827632965,185.366978,,,,21720,21719,1,0,0,21720,AxisTarget,1,True,True,True,False,8.859886,-64.595894,90.756737,0.00645,47.708263,8.735711,627.219971,-97.832237,580.077576,-179.761017,15.834554,-177.49173,6832,False,True,
1234,/kuka/axis_move/feedback_json,std_msgs/msg/String,2026-08-22T20:24:37.011533-04:00,1787444677,11522364,1787444677011522364,183.889399,,,,21721,21720,1,0,0,21721,AxisTarget,1,True,True,True,False,8.8431,-64.631699,90.755898,0.0066,47.667801,8.7295,627.226135,-97.589813,580.795837,-179.753601,16.014229,-177.46788,6833,False,True,
1235,/kuka/axis_move/feedback_json,std_msgs/msg/String,2026-08-22T20:24:37.203676-04:00,1787444677,203663965,1787444677203663965,192.141601,,,,21722,21721,1,0,0,21722,AxisTarget,1,True,True,True,True,8.8431,-64.631699,90.755898,0.0066,47.667801,8.7295,627.226135,-97.589813,580.795837,-179.753601,16.014229,-177.46788,6834,False,True,
1236,/kuka/axis_move/feedback_json,std_msgs/msg/String,2026-08-22T20:24:37.319560-04:00,1787444677,319553052,1787444677319553052,115.889087,,,,21723,21722,1,0,0,21723,AxisTarget,1,True,True,True,True,8.841866,-64.636284,90.755737,0.006642,47.65065,8.725601,627.226257,-97.584549,580.811401,-179.753448,16.018131,-177.467361,6834,False,True,
1237,/kuka/axis_move/feedback_json,std_msgs/msg/String,2026-08-22T20:24:37.431816-04:00,1787444677,431805575,1787444677431805575,112.252523,,,,21724,21723,1,0,0,21724,AxisTarget,1,True,True,True,False,8.794824,-64.778114,90.751617,0.007546,47.339542,8.664818,627.234802,-97.145409,582.113037,-179.739868,16.34347,-177.424438,6834,False,True,
1238,/kuka/axis_move/feedback_json,std_msgs/msg/String,2026-08-22T20:24:37.543723-04:00,1787444677,543709775,1787444677543709775,111.9042,,,,21725,21724,1,0,0,21725,AxisTarget,1,True,True,True,False,8.67667,-65.122635,90.741928,0.009612,46.647854,8.533152,627.240723,-95.908646,585.780029,-179.700546,17.258266,-177.305374,6834,False,True,
1239,/kuka/axis_move/feedback_json,std_msgs/msg/String,2026-08-22T20:24:37.728399-04:00,1787444677,728364819,1787444677728364819,184.655044,,,,21726,21725,1,0,0,21726,AxisTarget,1,True,True,True,False,8.351699,-66.079735,90.715378,0.015187,44.809128,8.188469,627.101929,-92.257324,596.618225,-179.57576,19.947227,-176.969254,6835,False,True,
1240,/kuka/axis_move/feedback_json,std_msgs/msg/String,2026-08-22T20:24:37.835376-04:00,1787444677,835368498,1787444677835368498,107.003679,,,,21727,21726,1,0,0,21727,AxisTarget,1,True,True,True,False,8.190501,-66.50441,90.704033,0.017481,44.080853,8.057146,626.934326,-90.332588,602.339233,-179.505005,21.358091,-176.800858,6835,False,True,
1241,/kuka/axis_move/feedback_json,std_msgs/msg/String,2026-08-22T20:24:37.949515-04:00,1787444677,949478511,1787444677949478511,114.110013,,,,21728,21727,1,0,0,21728,AxisTarget,1,True,True,True,False,8.155697,-66.594406,90.701797,0.0179,43.958405,8.0369,626.882935,-89.858414,603.749512,-179.487076,21.705023,-176.760269,6835,False,True,
1242,/kuka/axis_move/feedback_json,std_msgs/msg/String,2026-08-22T20:24:38.137850-04:00,1787444678,137837766,1787444678137837766,188.359255,,,,21729,21728,1,0,0,21729,AxisTarget,1,True,True,True,True,8.1557,-66.594398,90.701797,0.0179,43.958401,8.0369,626.882935,-89.858025,603.750671,-179.487061,21.705307,-176.760239,6836,False,True,
1243,/kuka/axis_move/feedback_json,std_msgs/msg/String,2026-08-22T20:24:38.247426-04:00,1787444678,247419525,1787444678247419525,109.581759,,,,21730,21729,1,0,0,21730,AxisTarget,1,True,True,True,False,8.1557,-66.594398,90.701797,0.0179,43.958401,8.0369,626.882935,-89.858025,603.750671,-179.487061,21.705307,-176.760239,6836,False,True,
1244,/kuka/axis_move/feedback_json,std_msgs/msg/String,2026-08-22T20:24:38.359886-04:00,1787444678,359866513,1787444678359866513,112.446988,,,,21731,21730,1,0,0,21731,AxisTarget,1,True,True,True,True,8.153673,-66.601654,90.701553,0.017963,43.933624,8.030441,626.881348,-89.844231,603.791687,-179.486526,21.715397,-176.759064,6836,False,True,
1245,/kuka/axis_move/feedback_json,std_msgs/msg/String,2026-08-22T20:24:38.471661-04:00,1787444678,471655347,1787444678471655347,111.788834,,,,21732,21731,1,0,0,21732,AxisTarget,1,True,True,True,False,8.102004,-66.756676,90.697067,0.018949,43.5979,7.966045,626.823486,-89.350014,605.261902,-179.467636,22.076689,-176.717133,6836,False,True,
1246,/kuka/axis_move/feedback_json,std_msgs/msg/String,2026-08-22T20:24:38.662241-04:00,1787444678,662227638,1787444678662227638,190.572291,,,,21733,21732,1,0,0,21733,AxisTarget,1,True,True,True,False,7.866122,-67.441475,90.677307,0.023171,42.199654,7.700895,626.443298,-86.726242,613.07373,-179.363876,23.990509,-176.500687,6837,False,True,
1247,/kuka/axis_move/feedback_json,std_msgs/msg/String,2026-08-22T20:24:38.775575-04:00,1787444678,775555015,1787444678775555015,113.327377,,,,21734,21733,1,0,0,21734,AxisTarget,1,True,True,True,False,7.636074,-68.100525,90.659668,0.02701,40.9482,7.467478,625.964417,-84.217796,620.55365,-179.259491,25.814068,-176.303055,6837,False,True,
1248,/kuka/axis_move/feedback_json,std_msgs/msg/String,2026-08-22T20:24:38.888011-04:00,1787444678,888002875,1787444678888002875,112.44786,,,,21735,21734,1,0,0,21735,AxisTarget,1,True,True,True,False,7.470745,-68.559082,90.6474,0.029386,40.198757,7.332216,625.488464,-82.166809,626.678284,-179.170563,27.301098,-176.147919,6837,False,True,
1249,/kuka/axis_move/feedback_json,std_msgs/msg/String,2026-08-22T20:24:39.008487-04:00,1787444679,8450732,1787444679008450732,120.447857,,,,21736,21735,1,0,0,21736,AxisTarget,1,True,True,True,False,7.436595,-68.647408,90.645203,0.0298,40.078403,7.312301,625.3573,-81.653358,628.212891,-179.147812,27.672859,-176.109955,6837,False,True,
1250,/kuka/axis_move/feedback_json,std_msgs/msg/String,2026-08-22T20:24:39.183681-04:00,1787444679,183668426,1787444679183668426,175.217694,,,,21737,21736,1,0,0,21737,AxisTarget,1,True,True,True,True,7.4366,-68.6474,90.645203,0.0298,40.0784,7.3123,625.357239,-81.652985,628.213989,-179.147797,27.67313,-176.109924,6838,False,True,
1251,/kuka/axis_move/feedback_json,std_msgs/msg/String,2026-08-22T20:24:39.298024-04:00,1787444679,298013089,1787444679298013089,114.344663,,,,21738,21737,1,0,0,21738,AxisTarget,1,True,True,True,False,7.4366,-68.6474,90.645203,0.0298,40.0784,7.3123,625.357239,-81.652985,628.213989,-179.147797,27.67313,-176.109924,6838,False,True,
1252,/kuka/axis_move/feedback_json,std_msgs/msg/String,2026-08-22T20:24:39.407699-04:00,1787444679,407687933,1787444679407687933,109.674844,,,,21739,21738,1,0,0,21739,AxisTarget,1,True,True,True,True,7.435034,-68.653114,90.645004,0.029851,40.058052,7.307734,625.355286,-81.64547,628.23645,-179.147461,27.678568,-176.109375,6838,False,True,
1253,/kuka/axis_move/feedback_json,std_msgs/msg/String,2026-08-22T20:24:39.523323-04:00,1787444679,523302635,1787444679523302635,115.614702,,,,21740,21739,1,0,0,21740,AxisTarget,1,True,True,True,False,7.389534,-68.790131,90.641037,0.030729,39.758392,7.249239,625.231262,-81.176735,629.637878,-179.126511,28.01778,-176.075027,6838,False,True,
1254,/kuka/axis_move/feedback_json,std_msgs/msg/String,2026-08-22T20:24:39.716163-04:00,1787444679,716144629,1787444679716144629,192.841994,,,,21741,21740,1,0,0,21741,AxisTarget,1,True,True,True,False,7.150592,-69.484062,90.621613,0.034887,38.380646,6.98788,624.478149,-78.601784,637.344482,-179.008667,29.878555,-175.891388,6839,False,True,
1255,/kuka/axis_move/feedback_json,std_msgs/msg/String,2026-08-22T20:24:39.827582-04:00,1787444679,827571065,1787444679827571065,111.426436,,,,21742,21741,1,0,0,21742,AxisTarget,1,True,True,True,False,6.930079,-70.139,90.603539,0.038702,37.135326,6.755317,623.59552,-76.007965,645.122559,-178.88533,31.749044,-175.714737,6839,False,True,
1256,/kuka/axis_move/feedback_json,std_msgs/msg/String,2026-08-22T20:24:39.941137-04:00,1787444679,941129595,1787444679941129595,113.55853,,,,21743,21742,1,0,0,21743,AxisTarget,1,True,True,True,False,6.75858,-70.593109,90.591393,0.041186,36.349785,6.613198,622.813721,-73.970024,651.245056,-178.785309,33.216446,-175.581589,6839,False,True,
1257,/kuka/axis_move/feedback_json,std_msgs/msg/String,2026-08-22T20:24:40.047403-04:00,1787444680,47395322,1787444680047395322,106.265727,,,,21744,21743,1,0,0,21744,AxisTarget,1,True,True,True,False,6.717549,-70.700356,90.588699,0.0417,36.198387,6.587799,622.566284,-73.364418,653.066467,-178.755066,33.652199,-175.542938,6839,False,True,
1258,/kuka/axis_move/feedback_json,std_msgs/msg/String,2026-08-22T20:24:40.229381-04:00,1787444680,229368061,1787444680229368061,181.972739,,,,21745,21744,1,0,0,21745,AxisTarget,1,True,True,True,True,6.7175,-70.700401,90.588699,0.0417,36.198399,6.5878,622.565308,-73.362022,653.073669,-178.754944,33.653919,-175.542786,6840,False,True,
1259,/kuka/axis_move/feedback_json,std_msgs/msg/String,2026-08-22T20:24:40.339489-04:00,1787444680,339476708,1787444680339476708,110.108647,,,,21746,21745,1,0,0,21746,AxisTarget,1,True,True,True,False,6.7175,-70.700401,90.588699,0.0417,36.198399,6.5878,622.565308,-73.362022,653.073669,-178.754944,33.653919,-175.542786,6840,False,True,
1260,/kuka/axis_move/feedback_json,std_msgs/msg/String,2026-08-22T20:24:40.453460-04:00,1787444680,453449745,1787444680453449745,113.973037,,,,21747,21746,1,0,0,21747,AxisTarget,1,True,True,True,True,6.716854,-70.702934,90.588608,0.041725,36.18774,6.585304,622.564392,-73.359764,653.080444,-178.754822,33.655548,-175.542648,6840,False,True,
1261,/kuka/axis_move/feedback_json,std_msgs/msg/String,2026-08-22T20:24:40.566522-04:00,1787444680,566512537,1787444680566512537,113.062792,,,,21748,21747,1,0,0,21748,AxisTarget,1,True,True,True,False,6.679163,-70.817352,90.585258,0.042463,35.931995,6.535054,622.403992,-72.976067,654.234985,-178.73555,33.931564,-175.518387,6840,False,True,
1262,/kuka/axis_move/feedback_json,std_msgs/msg/String,2026-08-22T20:24:40.755345-04:00,1787444680,755333477,1787444680755333477,188.82094,,,,21749,21748,1,0,0,21749,AxisTarget,1,True,True,True,False,6.462005,-71.44883,90.567535,0.046224,34.673649,6.296065,621.36145,-70.628372,661.307495,-178.61557,35.61948,-175.373566,6841,False,True,
1263,/kuka/axis_move/feedback_json,std_msgs/msg/String,2026-08-22T20:24:40.870381-04:00,1787444680,870360850,1787444680870360850,115.027373,,,,21750,21749,1,0,0,21750,AxisTarget,1,True,True,True,False,6.240412,-72.085945,90.549858,0.04993,33.448914,6.066431,620.130554,-68.120964,668.878174,-178.483704,37.420994,-175.22554,6841,False,True,
1264,/kuka/axis_move/feedback_json,std_msgs/msg/String,2026-08-22T20:24:40.979663-04:00,1787444680,979646355,1787444680979646355,109.285505,,,,21751,21750,1,0,0,21751,AxisTarget,1,True,True,True,False,6.063554,-72.579956,90.536545,0.05264,32.580074,5.904723,618.930542,-65.887413,675.637573,-178.363068,39.025276,-175.099304,6841,False,True,
1265,/kuka/axis_move/feedback_json,std_msgs/msg/String,2026-08-22T20:24:41.171514-04:00,1787444681,171505718,1787444681171505718,191.859363,,,,21752,21751,1,0,0,21752,AxisTarget,1,True,True,True,False,5.9984,-72.753403,90.532097,0.0535,32.318401,5.8633,618.439819,-65.023338,678.256714,-178.315613,39.645924,-175.051849,6842,False,True,
1266,/kuka/axis_move/feedback_json,std_msgs/msg/String,2026-08-22T20:24:41.287470-04:00,1787444681,287464055,1787444681287464055,115.958337,,,,21753,21752,1,0,0,21753,AxisTarget,1,True,True,True,True,5.9984,-72.753403,90.532097,0.0535,32.318401,5.8633,618.439819,-65.023338,678.256714,-178.315613,39.645924,-175.051849,6842,False,True,
1267,/kuka/axis_move/feedback_json,std_msgs/msg/String,2026-08-22T20:24:41.473484-04:00,1787444681,473478207,1787444681473478207,186.014152,,,,21754,21753,1,0,0,21754,AxisTarget,1,True,True,True,False,5.9984,-72.753403,90.532097,0.0535,32.318375,5.863286,618.439819,-65.023338,678.256714,-178.315613,39.645924,-175.051849,6843,False,True,
1268,/kuka/axis_move/feedback_json,std_msgs/msg/String,2026-08-22T20:24:41.587414-04:00,1787444681,587407011,1787444681587407011,113.928804,,,,21755,21754,1,0,0,21755,AxisTarget,1,True,True,True,True,5.984835,-72.796532,90.530785,0.053835,32.198837,5.838972,618.367737,-64.898582,678.63501,-178.308731,39.735535,-175.045059,6843,False,True,
1269,/kuka/axis_move/feedback_json,std_msgs/msg/String,2026-08-22T20:24:41.700306-04:00,1787444681,700284907,1787444681700284907,112.877896,,,,21756,21755,1,0,0,21756,AxisTarget,1,True,True,True,False,5.904586,-73.032829,90.524078,0.055259,31.721703,5.747424,617.88092,-64.069756,681.149658,-178.262756,40.33091,-175.000351,6843,False,True,
1270,/kuka/axis_move/feedback_json,std_msgs/msg/String,2026-08-22T20:24:41.811709-04:00,1787444681,811701715,1787444681811701715,111.416808,,,,21757,21756,1,0,0,21757,AxisTarget,1,True,True,True,False,5.758742,-73.45591,90.512253,0.057789,30.884115,5.58865,616.895203,-62.458759,686.044006,-178.172256,41.488415,-174.915421,6843,False,True,
1271,/kuka/axis_move/feedback_json,std_msgs/msg/String,2026-08-22T20:24:42.003765-04:00,1787444682,3753068,1787444682003753068,192.051353,,,,21758,21757,1,0,0,21758,AxisTarget,1,True,True,True,False,5.414319,-74.456459,90.484756,0.063568,29.004787,5.23888,614.229187,-58.474522,698.187378,-177.942169,44.353897,-174.716263,6844,False,True,
1272,/kuka/axis_move/feedback_json,std_msgs/msg/String,2026-08-22T20:24:42.119415-04:00,1787444682,119404480,1787444682119404480,115.651412,,,,21759,21758,1,0,0,21759,AxisTarget,1,True,True,True,False,5.291395,-74.77668,90.476295,0.065278,28.471516,5.143763,613.076843,-56.889778,703.033813,-177.84819,45.495338,-174.641251,6844,False,True,
1273,/kuka/axis_move/feedback_json,std_msgs/msg/String,2026-08-22T20:24:42.231443-04:00,1787444682,231435849,1787444682231435849,112.031369,,,,21760,21759,1,0,0,21760,AxisTarget,1,True,True,True,False,5.2793,-74.806297,90.475601,0.0654,28.4384,5.1387,612.919678,-56.679176,703.678589,-177.835587,45.647118,-174.63147,6844,False,True,
1274,/kuka/axis_move/feedback_json,std_msgs/msg/String,2026-08-22T20:24:42.415465-04:00,1787444682,415454403,1787444682415454403,184.018554,,,,21761,21760,1,0,0,21761,AxisTarget,1,True,True,True,True,5.2793,-74.806297,90.475601,0.0654,28.4384,5.1387,612.919678,-56.679176,703.678589,-177.835587,45.647118,-174.63147,6845,False,True,
1275,/kuka/axis_move/feedback_json,std_msgs/msg/String,2026-08-22T20:24:42.529486-04:00,1787444682,529445774,1787444682529445774,113.991371,,,,21762,21761,1,0,0,21762,AxisTarget,1,True,True,True,False,5.2793,-74.806297,90.475601,0.0654,28.4384,5.1387,612.919678,-56.679176,703.678589,-177.835587,45.647118,-174.63147,6845,False,True,
1276,/kuka/axis_move/feedback_json,std_msgs/msg/String,2026-08-22T20:24:42.635320-04:00,1787444682,635290633,1787444682635290633,105.844859,,,,21763,21762,1,0,0,21763,AxisTarget,1,True,True,True,True,5.2722,-74.829666,90.474762,0.065598,28.366041,5.123652,612.874573,-56.619011,703.862854,-177.831985,45.690487,-174.628677,6845,False,True,
1277,/kuka/axis_move/feedback_json,std_msgs/msg/String,2026-08-22T20:24:42.748543-04:00,1787444682,748505991,1787444682748505991,113.215358,,,,21764,21763,1,0,0,21764,AxisTarget,1,True,True,True,False,5.205363,-75.027649,90.469208,0.066806,27.959095,5.045235,612.332336,-55.903038,706.05658,-177.788956,46.206707,-174.595718,6845,False,True,
1278,/kuka/axis_move/feedback_json,std_msgs/msg/String,2026-08-22T20:24:42.931862-04:00,1787444682,931843979,1787444682931843979,183.337988,,,,21765,21764,1,0,0,21765,AxisTarget,1,True,True,True,False,4.960799,-75.736412,90.449379,0.071036,26.560213,4.780356,610.151855,-53.159229,714.483093,-177.62146,48.187923,-174.47377,6846,False,True,
1279,/kuka/axis_move/feedback_json,std_msgs/msg/String,2026-08-22T20:24:43.121282-04:00,1787444683,121267890,1787444683121267890,189.423911,,,,21766,21765,1,0,0,21766,AxisTarget,1,True,True,True,False,4.624786,-76.687073,90.423424,0.076435,24.819742,4.459307,606.781433,-49.275394,726.466858,-177.37738,51.002087,-174.312744,6847,False,True,
1280,/kuka/axis_move/feedback_json,std_msgs/msg/String,2026-08-22T20:24:43.236464-04:00,1787444683,236432751,1787444683236432751,115.164861,,,,21767,21766,1,0,0,21767,AxisTarget,1,True,True,True,False,4.561319,-76.857796,90.419022,0.077297,24.558939,4.414242,605.97345,-48.398678,729.181702,-177.321152,51.639248,-174.278244,6847,False,True,
1281,/kuka/axis_move/feedback_json,std_msgs/msg/String,2026-08-22T20:24:43.417164-04:00,1787444683,417155649,1787444683417155649,180.722898,,,,21768,21767,1,0,0,21768,AxisTarget,1,True,True,True,True,4.560199,-76.859314,90.418999,0.0773,24.558065,4.414086,605.951477,-48.37508,729.254883,-177.319626,51.65641,-174.277328,6848,False,True,
1282,/kuka/axis_move/feedback_json,std_msgs/msg/String,2026-08-22T20:24:43.529537-04:00,1787444683,529524692,1787444683529524692,112.369043,,,,21769,21768,1,0,0,21769,AxisTarget,1,True,True,True,False,4.542144,-76.915894,90.417297,0.077688,24.420025,4.386233,605.792725,-48.205177,729.781372,-177.308685,51.77998,-174.270721,6848,False,True,
1283,/kuka/axis_move/feedback_json,std_msgs/msg/String,2026-08-22T20:24:43.646196-04:00,1787444683,646163284,1787444683646163284,116.638592,,,,21770,21769,1,0,0,21770,AxisTarget,1,True,True,True,False,4.456195,-77.168312,90.410156,0.079219,23.903196,4.287256,604.9552,-47.320179,732.526428,-177.251434,52.424141,-174.236755,6848,False,True,
1284,/kuka/axis_move/feedback_json,std_msgs/msg/String,2026-08-22T20:24:43.757326-04:00,1787444683,757313623,1787444683757313623,111.150339,,,,21771,21770,1,0,0,21771,AxisTarget,1,True,True,True,False,4.306427,-77.602455,90.398026,0.08179,23.045607,4.124824,603.28479,-45.609997,737.842102,-177.139603,53.671432,-174.173035,6848,False,True,
1285,/kuka/axis_move/feedback_json,std_msgs/msg/String,2026-08-22T20:24:43.943570-04:00,1787444683,943562645,1787444683943562645,186.249022,,,,21772,21771,1,0,0,21772,AxisTarget,1,True,True,True,False,3.961002,-78.586472,90.371025,0.08741,21.205355,3.782857,599.233276,-41.728168,749.965637,-176.879929,56.516483,-174.037888,6849,False,True,
1286,/kuka/axis_move/feedback_json,std_msgs/msg/String,2026-08-22T20:24:44.132404-04:00,1787444684,132397012,1787444684132397012,188.834367,,,,21773,21772,1,0,0,21773,AxisTarget,1,True,True,True,False,3.841124,-78.912285,90.362503,0.0891,20.678392,3.689699,597.492798,-40.161335,754.88324,-176.772812,57.671055,-173.987045,6850,False,True,
1287,/kuka/axis_move/feedback_json,std_msgs/msg/String,2026-08-22T20:24:44.243615-04:00,1787444684,243608145,1787444684243608145,111.211133,,,,21774,21773,1,0,0,21774,AxisTarget,1,True,True,True,False,3.8411,-78.9123,90.362503,0.0891,20.6784,3.6897,597.491089,-40.159855,754.887878,-176.772705,57.67215,-173.987,6850,False,True,
1288,/kuka/axis_move/feedback_json,std_msgs/msg/String,2026-08-22T20:24:44.427350-04:00,1787444684,427339150,1787444684427339150,183.731005,,,,21775,21774,1,0,0,21775,AxisTarget,1,True,True,True,True,3.8411,-78.9123,90.362503,0.0891,20.6784,3.6897,597.491089,-40.159855,754.887878,-176.772705,57.67215,-173.987,6851,False,True,
1289,/kuka/axis_move/feedback_json,std_msgs/msg/String,2026-08-22T20:24:44.540300-04:00,1787444684,540273973,1787444684540273973,112.934823,,,,21776,21775,1,0,0,21776,AxisTarget,1,True,True,True,True,3.839965,-78.916527,90.362358,0.089139,20.662605,3.686109,597.485535,-40.154926,754.903381,-176.772369,57.675785,-173.986847,6851,False,True,
1290,/kuka/axis_move/feedback_json,std_msgs/msg/String,2026-08-22T20:24:44.653538-04:00,1787444684,653526902,1787444684653526902,113.252929,,,,21777,21776,1,0,0,21777,AxisTarget,1,True,True,True,False,3.799273,-79.039383,90.35878,0.08993,20.392015,3.63317,597.018494,-39.743801,756.196228,-176.744049,57.979404,-173.973862,6851,False,True,
1291,/kuka/axis_move/feedback_json,std_msgs/msg/String,2026-08-22T20:24:44.764237-04:00,1787444684,764212130,1787444684764212130,110.685228,,,,21778,21777,1,0,0,21778,AxisTarget,1,True,True,True,False,3.692436,-79.351059,90.350006,0.091813,19.765326,3.513795,595.682251,-38.587845,759.836792,-176.66391,58.83461,-173.938156,6851,False,True,
1292,/kuka/axis_move/feedback_json,std_msgs/msg/String,2026-08-22T20:24:44.947596-04:00,1787444684,947584282,1787444684947584282,183.372152,,,,21779,21778,1,0,0,21779,AxisTarget,1,True,True,True,False,3.381415,-80.247589,90.325058,0.097103,18.026756,3.186683,591.627502,-35.249844,770.397278,-176.428452,61.31786,-173.84166,6852,False,True,
1293,/kuka/axis_move/feedback_json,std_msgs/msg/String,2026-08-22T20:24:45.063685-04:00,1787444685,63674777,1787444685063674777,116.090495,,,,21780,21779,1,0,0,21780,AxisTarget,1,True,True,True,False,3.199136,-80.758041,90.311272,0.099942,17.121143,3.021363,588.862244,-33.10405,777.225769,-176.273941,62.926086,-173.784927,6852,False,True,
1294,/kuka/axis_move/feedback_json,std_msgs/msg/String,2026-08-22T20:24:45.175976-04:00,1787444685,175963420,1787444685175963420,112.288643,,,,21781,21780,1,0,0,21781,AxisTarget,1,True,True,True,False,3.124355,-80.960167,90.306007,0.100984,16.802008,2.965545,587.574768,-32.137436,780.312561,-176.203537,63.653885,-173.760757,6852,False,True,
1295,/kuka/axis_move/feedback_json,std_msgs/msg/String,2026-08-22T20:24:45.359626-04:00,1787444685,359612492,1787444685359612492,183.649072,,,,21782,21781,1,0,0,21782,AxisTarget,1,True,True,True,False,3.122,-80.965302,90.305901,0.101,16.798376,2.965087,587.504395,-32.085171,780.479675,-176.199722,63.693302,-173.759476,6853,False,True,
1296,/kuka/axis_move/feedback_json,std_msgs/msg/String,2026-08-22T20:24:45.469494-04:00,1787444685,469462385,1787444685469462385,109.849893,,,,21783,21782,1,0,0,21783,AxisTarget,1,True,True,True,True,3.11037,-81.002487,90.304764,0.101266,16.702763,2.945491,587.368225,-31.984205,780.80249,-176.192322,63.769451,-173.757004,6853,False,True,
1297,/kuka/axis_move/feedback_json,std_msgs/msg/String,2026-08-22T20:24:45.581545-04:00,1787444685,581534712,1787444685581534712,112.072327,,,,21784,21783,1,0,0,21784,AxisTarget,1,True,True,True,False,3.039399,-81.2118,90.298813,0.102557,16.269239,2.862178,586.368469,-31.249285,783.154663,-176.138397,64.324493,-173.739304,6853,False,True,
1298,/kuka/axis_move/feedback_json,std_msgs/msg/String,2026-08-22T20:24:45.698900-04:00,1787444685,698876842,1787444685698876842,117.34213,,,,21785,21784,1,0,0,21785,AxisTarget,1,True,True,True,False,2.897525,-81.623566,90.287292,0.105022,15.452907,2.707369,584.348877,-29.798437,787.810364,-176.031097,65.424149,-173.705902,6853,False,True,
1299,/kuka/axis_move/feedback_json,std_msgs/msg/String,2026-08-22T20:24:45.875658-04:00,1787444685,875647246,1787444685875647246,176.770404,,,,21786,21785,1,0,0,21786,AxisTarget,1,True,True,True,False,2.569058,-82.562744,90.261414,0.110474,13.676594,2.376009,578.998535,-26.153961,799.580322,-175.756882,68.211319,-173.631287,6854,False,True,
1300,/kuka/axis_move/feedback_json,std_msgs/msg/String,2026-08-22T20:24:46.059270-04:00,1787444686,59263717,1787444686059263717,183.616471,,,,21787,21786,1,0,0,21787,AxisTarget,1,True,True,True,False,2.405488,-83.013794,90.249481,0.112888,12.921882,2.241019,576.037048,-24.248564,805.77948,-175.611008,69.684082,-173.597916,6855,False,True,
1301,/kuka/axis_move/feedback_json,std_msgs/msg/String,2026-08-22T20:24:46.171374-04:00,1787444686,171347966,1787444686171347966,112.084249,,,,21788,21787,1,0,0,21788,AxisTarget,1,True,True,True,False,2.403,-83.017899,90.249397,0.1129,12.9192,2.2407,575.969177,-24.205748,805.919189,-175.607712,69.717308,-173.597214,6855,False,True,
1302,/kuka/axis_move/feedback_json,std_msgs/msg/String,2026-08-22T20:24:46.357026-04:00,1787444686,357013286,1787444686357013286,185.66532,,,,21789,21788,1,0,0,21789,AxisTarget,1,True,True,True,True,2.403,-83.017899,90.249397,0.1129,12.9192,2.2407,575.969177,-24.205748,805.919189,-175.607712,69.717308,-173.597214,6856,False,True,
1303,/kuka/axis_move/feedback_json,std_msgs/msg/String,2026-08-22T20:24:46.467475-04:00,1787444686,467466269,1787444686467466269,110.452983,,,,21790,21789,1,0,0,21790,AxisTarget,1,True,True,True,True,2.402996,-83.017937,90.249397,0.112901,12.918607,2.240515,575.969177,-24.205746,805.919189,-175.607712,69.717308,-173.597214,6856,False,True,
1304,/kuka/axis_move/feedback_json,std_msgs/msg/String,2026-08-22T20:24:46.583456-04:00,1787444686,583443472,1787444686583443472,115.977203,,,,21791,21790,1,0,0,21791,AxisTarget,1,True,True,True,False,2.383688,-83.078194,90.247589,0.113312,12.773276,2.211292,575.72229,-24.050346,806.426331,-175.595749,69.837967,-173.594696,6856,False,True,
1305,/kuka/axis_move/feedback_json,std_msgs/msg/String,2026-08-22T20:24:46.695630-04:00,1787444686,695621528,1787444686695621528,112.178056,,,,21792,21791,1,0,0,21792,AxisTarget,1,True,True,True,False,2.297477,-83.331184,90.240417,0.114854,12.256315,2.112347,574.356323,-23.199467,809.207275,-175.530045,70.500031,-173.581345,6856,False,True,
1306,/kuka/axis_move/feedback_json,std_msgs/msg/String,2026-08-22T20:24:46.883586-04:00,1787444686,883577078,1787444686883577078,187.95555,,,,21793,21792,1,0,0,21793,AxisTarget,1,True,True,True,False,2.021132,-84.129951,90.218132,0.119581,10.69365,1.81745,569.62262,-20.360355,818.537354,-175.308929,72.727402,-173.543488,6857,False,True,
1307,/kuka/axis_move/feedback_json,std_msgs/msg/String,2026-08-22T20:24:47.065958-04:00,1787444687,65942826,1787444687065942826,182.365748,,,,21794,21793,1,0,0,21794,AxisTarget,1,True,True,True,False,1.768371,-84.836838,90.199059,0.12349,9.445554,1.590085,564.590027,-17.512444,827.980774,-175.085327,74.992516,-173.517349,6858,False,True,
1308,/kuka/axis_move/feedback_json,std_msgs/msg/String,2026-08-22T20:24:47.178351-04:00,1787444687,178345362,1787444687178345362,112.402536,,,,21795,21794,1,0,0,21795,AxisTarget,1,True,True,True,False,1.742497,-84.90361,90.197403,0.1238,9.355302,1.5752,563.994141,-17.185953,829.069153,-175.059677,75.254326,-173.515228,6858,False,True,
1309,/kuka/axis_move/feedback_json,std_msgs/msg/String,2026-08-22T20:24:47.369251-04:00,1787444687,369243096,1787444687369243096,190.897734,,,,21796,21795,1,0,0,21796,AxisTarget,1,True,True,True,True,1.7425,-84.903603,90.197403,0.1238,9.3553,1.5752,563.993835,-17.185785,829.069702,-175.059662,75.254463,-173.515228,6859,False,True,
1310,/kuka/axis_move/feedback_json,std_msgs/msg/String,2026-08-22T20:24:47.490142-04:00,1787444687,490123917,1787444687490123917,120.880821,,,,21797,21796,1,0,0,21797,AxisTarget,1,True,True,True,False,1.7425,-84.903603,90.197403,0.1238,9.3553,1.5752,563.993835,-17.185785,829.069702,-175.059662,75.254463,-173.515228,6859,False,True,
1311,/kuka/axis_move/feedback_json,std_msgs/msg/String,2026-08-22T20:24:47.599439-04:00,1787444687,599430863,1787444687599430863,109.306946,,,,21798,21797,1,0,0,21798,AxisTarget,1,True,True,True,True,1.739071,-84.915367,90.196953,0.12391,9.31364,1.566304,563.950195,-17.161957,829.14917,-175.0578,75.273582,-173.515091,6859,False,True,
1312,/kuka/axis_move/feedback_json,std_msgs/msg/String,2026-08-22T20:24:47.718251-04:00,1787444687,718240994,1787444687718240994,118.810131,,,,21799,21798,1,0,0,21799,AxisTarget,1,True,True,True,False,1.685355,-85.075539,90.192429,0.124894,8.977745,1.501262,563.06488,-16.681093,830.754211,-175.02005,75.660019,-173.512375,6859,False,True,
1313,/kuka/axis_move/feedback_json,std_msgs/msg/String,2026-08-22T20:24:47.904452-04:00,1787444687,904423483,1787444687904423483,186.182489,,,,21800,21799,1,0,0,21800,AxisTarget,1,True,True,True,False,1.446129,-85.769302,90.173065,0.129006,7.606299,1.24155,558.596924,-14.324289,838.660583,-174.836166,77.569138,-173.506271,6860,False,True,
1314,/kuka/axis_move/feedback_json,std_msgs/msg/String,2026-08-22T20:24:48.093401-04:00,1787444688,93369590,1787444688093369590,188.946107,,,,21801,21800,1,0,0,21801,AxisTarget,1,True,True,True,False,1.207696,-86.436295,90.155113,0.132676,6.428635,1.027109,553.477478,-11.757833,847.350281,-174.641464,79.678825,-173.51709,6861,False,True,
1315,/kuka/axis_move/feedback_json,std_msgs/msg/String,2026-08-22T20:24:48.207539-04:00,1787444688,207526944,1787444688207526944,114.157354,,,,21802,21801,1,0,0,21802,AxisTarget,1,True,True,True,False,1.1881,-86.486198,90.1539,0.1329,6.3643,1.0167,552.922668,-11.487738,848.269897,-174.621613,79.902855,-173.519623,6861,False,True,
1316,/kuka/axis_move/feedback_json,std_msgs/msg/String,2026-08-22T20:24:48.387989-04:00,1787444688,387975560,1787444688387975560,180.448616,,,,21803,21802,1,0,0,21803,AxisTarget,1,True,True,True,True,1.1881,-86.486198,90.1539,0.1329,6.3643,1.0167,552.922729,-11.487765,848.269836,-174.621628,79.902832,-173.519623,6862,False,True,
1317,/kuka/axis_move/feedback_json,std_msgs/msg/String,2026-08-22T20:24:48.499212-04:00,1787444688,499204267,1787444688499204267,111.228707,,,,21804,21803,1,0,0,21804,AxisTarget,1,True,True,True,False,1.1881,-86.486198,90.1539,0.1329,6.3643,1.0167,552.922729,-11.487765,848.269836,-174.621628,79.902832,-173.519623,6862,False,True,
1318,/kuka/axis_move/feedback_json,std_msgs/msg/String,2026-08-22T20:24:48.615397-04:00,1787444688,615391595,1787444688615391595,116.187328,,,,21805,21804,1,0,0,21805,AxisTarget,1,True,True,True,True,1.185337,-86.495804,90.15358,0.132979,6.333828,1.010079,552.893677,-11.473662,848.317871,-174.62059,79.914543,-173.51976,6862,False,True,
1319,/kuka/axis_move/feedback_json,std_msgs/msg/String,2026-08-22T20:24:48.727164-04:00,1787444688,727134204,1787444688727134204,111.742609,,,,21806,21805,1,0,0,21806,AxisTarget,1,True,True,True,False,1.137729,-86.638252,90.149231,0.13393,6.010388,0.947308,551.986084,-11.035374,849.812927,-174.58873,80.279053,-173.524536,6862,False,True,
1320,/kuka/axis_move/feedback_json,std_msgs/msg/String,2026-08-22T20:24:48.911405-04:00,1787444688,911395304,1787444688911395304,184.2611,,,,21807,21806,1,0,0,21807,AxisTarget,1,True,True,True,False,0.91628,-87.280128,90.131508,0.137696,4.76441,0.711913,547.423584,-8.891195,857.16687,-174.442612,82.078064,-173.563339,6863,False,True,
1321,/kuka/axis_move/feedback_json,std_msgs/msg/String,2026-08-22T20:24:49.093585-04:00,1787444689,93576046,1787444689093576046,182.180742,,,,21808,21807,1,0,0,21808,AxisTarget,1,True,True,True,False,0.745038,-87.753937,90.118858,0.140257,3.957244,0.566768,543.453369,-7.101631,863.358032,-174.342758,83.600861,-173.625351,6864,False,True,
1322,/kuka/axis_move/feedback_json,std_msgs/msg/String,2026-08-22T20:24:49.203525-04:00,1787444689,203515698,1787444689203515698,109.939652,,,,21809,21808,1,0,0,21809,AxisTarget,1,True,True,True,False,0.74,-87.765701,90.118599,0.1403,3.9462,0.5652,543.292969,-7.030738,863.604309,-174.339493,83.661606,-173.628632,6864,False,True,
1323,/kuka/axis_move/feedback_json,std_msgs/msg/String,2026-08-22T20:24:49.391477-04:00,1787444689,391468144,1787444689391468144,187.952446,,,,21810,21809,1,0,0,21810,AxisTarget,1,True,True,True,True,0.74,-87.765701,90.118599,0.1403,3.9462,0.5652,543.292969,-7.030738,863.604309,-174.339493,83.661606,-173.628632,6865,False,True,
1324,/kuka/axis_move/feedback_json,std_msgs/msg/String,2026-08-22T20:24:49.502760-04:00,1787444689,502721817,1787444689502721817,111.253673,,,,21811,21810,1,0,0,21811,AxisTarget,1,True,True,True,False,0.74,-87.765701,90.118599,0.1403,3.946177,0.565188,543.292969,-7.030738,863.604309,-174.339493,83.661606,-173.628632,6865,False,True,
1325,/kuka/axis_move/feedback_json,std_msgs/msg/String,2026-08-22T20:24:49.615393-04:00,1787444689,615382247,1787444689615382247,112.66043,,,,21812,21811,1,0,0,21812,AxisTarget,1,True,True,True,True,0.72773,-87.804718,90.117409,0.140606,3.83789,0.543154,543.103271,-6.947021,863.895203,-174.335724,83.733368,-173.632629,6865,False,True,
1326,/kuka/axis_move/feedback_json,std_msgs/msg/String,2026-08-22T20:24:49.729371-04:00,1787444689,729361457,1787444689729361457,113.97921,,,,21813,21812,1,0,0,21813,AxisTarget,1,True,True,True,False,0.654311,-88.020981,90.111267,0.141919,3.400484,0.459181,541.624084,-6.299384,866.149292,-174.310272,84.29007,-173.66774,6865,False,True,
1327,/kuka/axis_move/feedback_json,std_msgs/msg/String,2026-08-22T20:24:49.911484-04:00,1787444689,911477538,1787444689911477538,182.116081,,,,21814,21813,1,0,0,21814,AxisTarget,1,True,True,True,False,0.44567,-88.615387,90.094933,0.145367,2.290069,0.25028,536.890198,-4.28595,873.202759,-174.300156,86.039383,-173.852158,6866,False,True,
1328,/kuka/axis_move/feedback_json,std_msgs/msg/String,2026-08-22T20:24:50.095364-04:00,1787444690,95355370,1787444690095355370,183.877832,,,,21815,21814,1,0,0,21815,AxisTarget,1,True,True,True,False,0.398,-88.741898,90.091698,0.146,2.1011,0.2206,535.539978,-3.727614,875.171509,-174.33197,86.529686,-173.939651,6867,False,True,
1329,/kuka/axis_move/feedback_json,std_msgs/msg/String,2026-08-22T20:24:50.280661-04:00,1787444690,280655697,1787444690280655697,185.300327,,,,21816,21815,1,0,0,21816,AxisTarget,1,True,True,True,True,0.398,-88.741898,90.091698,0.146,2.1011,0.2206,535.539978,-3.727614,875.171509,-174.33197,86.529686,-173.939651,6868,False,True,
1330,/kuka/axis_move/feedback_json,std_msgs/msg/String,2026-08-22T20:24:50.398756-04:00,1787444690,398720603,1787444690398720603,118.064906,,,,21817,21816,1,0,0,21817,AxisTarget,1,True,True,True,False,0.398,-88.741898,90.091698,0.146,2.101094,0.220596,535.539978,-3.727614,875.171509,-174.33197,86.529686,-173.939651,6868,False,True,
1331,/kuka/axis_move/feedback_json,std_msgs/msg/String,2026-08-22T20:24:50.510589-04:00,1787444690,510582877,1787444690510582877,111.862274,,,,21818,21817,1,0,0,21818,AxisTarget,1,True,True,True,True,0.387168,-88.776558,90.090637,0.146248,2.011888,0.202307,535.368286,-3.657139,875.420532,-174.337799,86.591766,-173.95256,6868,False,True,
1332,/kuka/axis_move/feedback_json,std_msgs/msg/String,2026-08-22T20:24:50.627068-04:00,1787444690,627025122,1787444690627025122,116.442245,,,,21819,21818,1,0,0,21819,AxisTarget,1,True,True,True,False,0.320403,-88.973618,90.085045,0.147464,1.603202,0.12375,533.891724,-3.055587,877.549805,-174.41069,87.123215,-174.086426,6868,False,True,
1333,/kuka/axis_move/feedback_json,std_msgs/msg/String,2026-08-22T20:24:50.803526-04:00,1787444690,803513209,1787444690803513209,176.488087,,,,21820,21819,1,0,0,21820,AxisTarget,1,True,True,True,False,0.168223,-89.400978,90.073509,0.149846,0.842839,-0.014891,530.222473,-1.594951,882.748962,-174.975113,88.425499,-174.802765,6869,False,True,
1334,/kuka/axis_move/feedback_json,std_msgs/msg/String,2026-08-22T20:24:50.917172-04:00,1787444690,917163072,1787444690917163072,113.649863,,,,21821,21820,1,0,0,21821,AxisTarget,1,True,True,True,False,0.1623,-89.415001,90.073196,0.1499,0.829,-0.0169,529.990784,-1.504321,883.072998,-175.051956,88.506866,-174.889221,6869,False,True,
1335,/kuka/axis_move/feedback_json,std_msgs/msg/String,2026-08-22T20:24:51.107768-04:00,1787444691,107755746,1787444691107755746,190.592674,,,,21822,21821,1,0,0,21822,AxisTarget,1,True,True,True,True,0.1623,-89.415001,90.073196,0.1499,0.829,-0.0169,529.990784,-1.504321,883.072998,-175.051956,88.506866,-174.889206,6870,False,True,
1336,/kuka/axis_move/feedback_json,std_msgs/msg/String,2026-08-22T20:24:51.218577-04:00,1787444691,218571269,1787444691218571269,110.815523,,,,21823,21822,1,0,0,21823,AxisTarget,1,True,True,True,False,0.1623,-89.415001,90.073196,0.1499,0.828978,-0.016912,529.990784,-1.504321,883.072998,-175.051956,88.506866,-174.889206,6870,False,True,
1337,/kuka/axis_move/feedback_json,std_msgs/msg/String,2026-08-22T20:24:51.333299-04:00,1787444691,333288232,1787444691333288232,114.716963,,,,21824,21823,1,0,0,21824,AxisTarget,1,True,True,True,True,0.150243,-89.453354,90.072029,0.150166,0.731698,-0.036781,529.762634,-1.415232,883.391541,-175.137527,88.586891,-174.984253,6870,False,True,
1338,/kuka/axis_move/feedback_json,std_msgs/msg/String,2026-08-22T20:24:51.443295-04:00,1787444691,443279090,1787444691443279090,109.990858,,,,21825,21824,1,0,0,21825,AxisTarget,1,True,True,True,False,0.079771,-89.659424,90.066223,0.151384,0.319191,-0.114941,528.236694,-0.823981,885.509949,-176.147812,89.119545,-176.057938,6870,False,True,
1339,/kuka/axis_move/feedback_json,std_msgs/msg/String,2026-08-22T20:24:51.631469-04:00,1787444691,631462950,1787444691631462950,188.18386,,,,21826,21825,1,0,0,21826,AxisTarget,1,True,True,True,False,0.0327,-89.785004,90.063004,0.152,0.1298,-0.1475,526.870117,-0.301177,887.38916,-179.400528,89.592178,-179.367508,6871,False,True,
1340,/kuka/axis_move/feedback_json,std_msgs/msg/String,2026-08-22T20:24:51.819823-04:00,1787444691,819812200,1787444691819812200,188.34925,,,,21827,21826,1,0,0,21827,AxisTarget,1,True,True,True,False,0.0327,-89.785004,90.063004,0.152,0.1298,-0.1475,526.870117,-0.301178,887.38916,-179.400528,89.592178,-179.367493,6872,False,True,
1341,/kuka/axis_move/feedback_json,std_msgs/msg/String,2026-08-22T20:24:51.932456-04:00,1787444691,932432004,1787444691932432004,112.619804,,,,21828,21827,1,0,0,21828,AxisTarget,1,True,True,True,True,0.023218,-89.815315,90.062057,0.152237,0.052626,-0.163144,526.716003,-0.242475,887.600098,179.687881,89.645081,179.714478,6872,False,True,
1342,/kuka/axis_move/feedback_json,std_msgs/msg/String,2026-08-22T20:24:52.043745-04:00,1787444692,43733728,1787444692043733728,111.301724,,,,21829,21828,1,0,0,21829,AxisTarget,1,True,True,True,False,0.005094,-89.863609,90.060799,0.1525,-0.018798,-0.1752,526.200928,-0.046838,888.30365,172.748154,89.820107,172.75325,6872,False,True,
1343,/kuka/axis_move/feedback_json,std_msgs/msg/String,2026-08-22T20:24:52.155456-04:00,1787444692,155440211,1787444692155440211,111.706483,,,,21830,21829,1,0,0,21830,AxisTarget,1,True,True,True,False,0.0051,-89.863602,90.060799,0.1525,-0.0188,-0.1752,526.200745,-0.046768,888.303894,172.743301,89.820168,172.748383,6872,False,True,
1344,/kuka/axis_move/feedback_json,std_msgs/msg/String,2026-08-22T20:24:52.339678-04:00,1787444692,339666466,1787444692339666466,184.226255,,,,21831,21830,1,0,0,21831,AxisTarget,1,False,True,True,False,0.0051,-89.863602,90.060799,0.1525,-0.0188,-0.1752,526.200745,-0.046768,888.303894,172.743301,89.820168,172.748383,6873,False,True,
1345,/kuka/axis_move/feedback_json,std_msgs/msg/String,2026-08-22T20:24:52.451810-04:00,1787444692,451786694,1787444692451786694,112.120228,,,,21832,21831,1,0,0,21832,AxisTarget,1,False,True,True,False,0.0051,-89.863602,90.060799,0.1525,-0.0188,-0.1752,526.200745,-0.046768,888.303894,172.743301,89.820168,172.748383,6873,False,True,
1346,/kuka/axis_move/feedback_json,std_msgs/msg/String,2026-08-22T20:24:52.561371-04:00,1787444692,561358277,1787444692561358277,109.571583,,,,21833,21832,1,0,0,21833,AxisTarget,1,False,True,True,False,0.0051,-89.863602,90.060799,0.1525,-0.0188,-0.1752,526.200745,-0.046768,888.303894,172.743301,89.820168,172.748383,6873,False,True,
1347,/kuka/axis_move/feedback_json,std_msgs/msg/String,2026-08-22T20:24:52.681195-04:00,1787444692,681184623,1787444692681184623,119.826346,,,,21834,21833,1,0,0,21834,AxisTarget,1,False,True,True,False,0.0051,-89.863602,90.060799,0.1525,-0.0188,-0.1752,526.200745,-0.046768,888.303894,172.743301,89.820168,172.748383,6873,False,True,
1348,/kuka/axis_move/feedback_json,std_msgs/msg/String,2026-08-22T20:24:52.864848-04:00,1787444692,864816745,1787444692864816745,183.632122,,,,21835,21834,1,0,0,21835,AxisTarget,1,False,True,True,False,0.0051,-89.863602,90.060799,0.1525,-0.0188,-0.1752,526.200745,-0.046768,888.303894,172.743301,89.820168,172.748383,6874,False,True,
1349,/kuka/axis_move/feedback_json,std_msgs/msg/String,2026-08-22T20:24:52.975574-04:00,1787444692,975565183,1787444692975565183,110.748438,,,,21836,21835,1,0,0,21836,AxisTarget,1,False,True,True,False,0.0051,-89.863602,90.060799,0.1525,-0.0188,-0.1752,526.200745,-0.046768,888.303894,172.743301,89.820168,172.748383,6874,False,True,
1350,/kuka/axis_move/feedback_json,std_msgs/msg/String,2026-08-22T20:24:53.093021-04:00,1787444693,92987725,1787444693092987725,117.422542,,,,21837,21836,1,0,0,21837,AxisTarget,1,False,True,True,False,0.0051,-89.863602,90.060799,0.1525,-0.0188,-0.1752,526.200745,-0.046768,888.303894,172.743301,89.820168,172.748383,6874,False,True,
1351,/kuka/axis_move/feedback_json,std_msgs/msg/String,2026-08-22T20:24:53.203422-04:00,1787444693,203415483,1787444693203415483,110.427758,,,,21838,21837,1,0,0,21838,AxisTarget,1,False,True,True,False,0.0051,-89.863602,90.060799,0.1525,-0.0188,-0.1752,526.200745,-0.046768,888.303894,172.743301,89.820168,172.748383,6874,False,True,
1352,/kuka/axis_move/feedback_json,std_msgs/msg/String,2026-08-22T20:24:53.391407-04:00,1787444693,391396263,1787444693391396263,187.98078,,,,21839,21838,1,0,0,21839,AxisTarget,1,False,True,True,False,0.0051,-89.863602,90.060799,0.1525,-0.0188,-0.1752,526.200745,-0.046768,888.303894,172.743301,89.820168,172.748383,6875,False,True,
1353,/kuka/axis_move/feedback_json,std_msgs/msg/String,2026-08-22T20:24:53.503558-04:00,1787444693,503543091,1787444693503543091,112.146828,,,,21840,21839,1,0,0,21840,AxisTarget,1,False,True,True,False,0.0051,-89.863602,90.060799,0.1525,-0.0188,-0.1752,526.200745,-0.046768,888.303894,172.743301,89.820168,172.748383,6875,False,True,
1354,/kuka/axis_move/feedback_json,std_msgs/msg/String,2026-08-22T20:24:53.618447-04:00,1787444693,618436194,1787444693618436194,114.893103,,,,21841,21840,1,0,0,21841,AxisTarget,1,False,True,True,False,0.0051,-89.863602,90.060799,0.1525,-0.0188,-0.1752,526.200745,-0.046768,888.303894,172.743301,89.820168,172.748383,6875,False,True,
1355,/kuka/axis_move/feedback_json,std_msgs/msg/String,2026-08-22T20:24:53.735033-04:00,1787444693,734915329,1787444693734915329,116.479135,,,,21842,21841,1,0,0,21842,AxisTarget,1,False,True,True,False,0.0051,-89.863602,90.060799,0.1525,-0.0188,-0.1752,526.200745,-0.046768,888.303894,172.743301,89.820168,172.748383,6875,False,True,
1356,/kuka/axis_move/feedback_json,std_msgs/msg/String,2026-08-22T20:24:53.918506-04:00,1787444693,918494072,1787444693918494072,183.578743,,,,21843,21842,1,0,0,21843,AxisTarget,1,False,True,True,False,0.0051,-89.863602,90.060799,0.1525,-0.0188,-0.1752,526.200745,-0.046768,888.303894,172.743301,89.820168,172.748383,6876,False,True,
1357,/kuka/axis_move/feedback_json,std_msgs/msg/String,2026-08-22T20:24:54.031503-04:00,1787444694,31497415,1787444694031497415,113.003343,,,,21844,21843,1,0,0,21844,AxisTarget,1,False,True,True,False,0.0051,-89.863602,90.060799,0.1525,-0.0188,-0.1752,526.200745,-0.046768,888.303894,172.743301,89.820168,172.748383,6876,False,True,
1358,/kuka/axis_move/feedback_json,std_msgs/msg/String,2026-08-22T20:24:54.147505-04:00,1787444694,147469089,1787444694147469089,115.971674,,,,21845,21844,1,0,0,21845,AxisTarget,1,False,True,True,False,0.0051,-89.863602,90.060799,0.1525,-0.0188,-0.1752,526.200745,-0.046768,888.303894,172.743301,89.820168,172.748383,6876,False,True,
1359,/kuka/axis_move/feedback_json,std_msgs/msg/String,2026-08-22T20:24:54.255240-04:00,1787444694,255233125,1787444694255233125,107.764036,,,,21846,21845,1,0,0,21846,AxisTarget,1,False,True,True,False,0.0051,-89.863602,90.060799,0.1525,-0.0188,-0.1752,526.200745,-0.046768,888.303894,172.743301,89.820168,172.748383,6876,False,True,
1360,/kuka/axis_move/feedback_json,std_msgs/msg/String,2026-08-22T20:24:54.437496-04:00,1787444694,437466708,1787444694437466708,182.233583,,,,21847,21846,1,0,0,21847,AxisTarget,1,False,True,True,False,0.0051,-89.863602,90.060799,0.1525,-0.0188,-0.1752,526.200745,-0.046768,888.303894,172.743301,89.820168,172.748383,6877,False,True,
1361,/kuka/axis_move/feedback_json,std_msgs/msg/String,2026-08-22T20:24:54.543345-04:00,1787444694,543336686,1787444694543336686,105.869978,,,,21848,21847,1,0,0,21848,AxisTarget,1,False,True,True,False,0.0051,-89.863602,90.060799,0.1525,-0.0188,-0.1752,526.200745,-0.046768,888.303894,172.743301,89.820168,172.748383,6877,False,True,
1362,/kuka/axis_move/feedback_json,std_msgs/msg/String,2026-08-22T20:24:54.653958-04:00,1787444694,653926417,1787444694653926417,110.589731,,,,21849,21848,1,0,0,21849,AxisTarget,1,False,True,True,False,0.0051,-89.863602,90.060799,0.1525,-0.0188,-0.1752,526.200745,-0.046768,888.303894,172.743301,89.820168,172.748383,6877,False,True,
1363,/kuka/axis_move/feedback_json,std_msgs/msg/String,2026-08-22T20:24:54.768210-04:00,1787444694,768191113,1787444694768191113,114.264696,,,,21850,21849,1,0,0,21850,AxisTarget,1,False,True,True,False,0.0051,-89.863602,90.060799,0.1525,-0.0188,-0.1752,526.200745,-0.046768,888.303894,172.743301,89.820168,172.748383,6877,False,True,
1364,/kuka/axis_move/feedback_json,std_msgs/msg/String,2026-08-22T20:24:54.953121-04:00,1787444694,953099066,1787444694953099066,184.907953,,,,21851,21850,1,0,0,21851,AxisTarget,1,False,True,True,False,0.0051,-89.863602,90.060799,0.1525,-0.0188,-0.1752,526.200745,-0.046768,888.303894,172.743301,89.820168,172.748383,6878,False,True,
1365,/kuka/axis_move/feedback_json,std_msgs/msg/String,2026-08-22T20:24:55.064860-04:00,1787444695,64846185,1787444695064846185,111.747119,,,,21852,21851,1,0,0,21852,AxisTarget,1,False,True,True,False,0.0051,-89.863602,90.060799,0.1525,-0.0188,-0.1752,526.200745,-0.046768,888.303894,172.743301,89.820168,172.748383,6878,False,True,
1366,/kuka/axis_move/feedback_json,std_msgs/msg/String,2026-08-22T20:24:55.178382-04:00,1787444695,178372929,1787444695178372929,113.526744,,,,21853,21852,1,0,0,21853,AxisTarget,1,False,True,True,False,0.0051,-89.863602,90.060799,0.1525,-0.0188,-0.1752,526.200745,-0.046768,888.303894,172.743301,89.820168,172.748383,6878,False,True,
1367,/kuka/axis_move/feedback_json,std_msgs/msg/String,2026-08-22T20:24:55.287433-04:00,1787444695,287416633,1787444695287416633,109.043704,,,,21854,21853,1,0,0,21854,AxisTarget,1,False,True,True,False,0.0051,-89.863602,90.060799,0.1525,-0.0188,-0.1752,526.200745,-0.046768,888.303894,172.743301,89.820168,172.748383,6878,False,True,
1368,/kuka/axis_move/feedback_json,std_msgs/msg/String,2026-08-22T20:24:55.475512-04:00,1787444695,475500517,1787444695475500517,188.083884,,,,21855,21854,1,0,0,21855,AxisTarget,1,False,True,True,False,0.0051,-89.863602,90.060799,0.1525,-0.0188,-0.1752,526.200745,-0.046768,888.303894,172.743301,89.820168,172.748383,6879,False,True,
1369,/kuka/axis_move/feedback_json,std_msgs/msg/String,2026-08-22T20:24:55.587022-04:00,1787444695,587011695,1787444695587011695,111.511178,,,,21856,21855,1,0,0,21856,AxisTarget,1,False,True,True,False,0.0051,-89.863602,90.060799,0.1525,-0.0188,-0.1752,526.200745,-0.046768,888.303894,172.743301,89.820168,172.748383,6879,False,True,
1370,/kuka/axis_move/feedback_json,std_msgs/msg/String,2026-08-22T20:24:55.695524-04:00,1787444695,695506110,1787444695695506110,108.494415,,,,21857,21856,1,0,0,21857,AxisTarget,1,False,True,True,False,0.0051,-89.863602,90.060799,0.1525,-0.0188,-0.1752,526.200745,-0.046768,888.303894,172.743301,89.820168,172.748383,6879,False,True,
1371,/kuka/axis_move/feedback_json,std_msgs/msg/String,2026-08-22T20:24:55.812657-04:00,1787444695,812616458,1787444695812616458,117.110348,,,,21858,21857,1,0,0,21858,AxisTarget,1,False,True,True,False,0.0051,-89.863602,90.060799,0.1525,-0.0188,-0.1752,526.200745,-0.046768,888.303894,172.743301,89.820168,172.748383,6879,False,True,
1372,/kuka/axis_move/feedback_json,std_msgs/msg/String,2026-08-22T20:24:55.995514-04:00,1787444695,995506230,1787444695995506230,182.889772,,,,21859,21858,1,0,0,21859,AxisTarget,1,False,True,True,False,0.0051,-89.863602,90.060799,0.1525,-0.0188,-0.1752,526.200745,-0.046768,888.303894,172.743301,89.820168,172.748383,6880,False,True,
1373,/kuka/axis_move/feedback_json,std_msgs/msg/String,2026-08-22T20:24:56.105215-04:00,1787444696,105204691,1787444696105204691,109.698461,,,,21860,21859,1,0,0,21860,AxisTarget,1,False,True,True,False,0.0051,-89.863602,90.060799,0.1525,-0.0188,-0.1752,526.200745,-0.046768,888.303894,172.743301,89.820168,172.748383,6880,False,True,
1374,/kuka/axis_move/feedback_json,std_msgs/msg/String,2026-08-22T20:24:56.215400-04:00,1787444696,215388903,1787444696215388903,110.184212,,,,21861,21860,1,0,0,21861,AxisTarget,1,False,True,True,False,0.0051,-89.863602,90.060799,0.1525,-0.0188,-0.1752,526.200745,-0.046768,888.303894,172.743301,89.820168,172.748383,6880,False,True,
1375,/kuka/axis_move/feedback_json,std_msgs/msg/String,2026-08-22T20:24:56.331640-04:00,1787444696,331632066,1787444696331632066,116.243163,,,,21862,21861,1,0,0,21862,AxisTarget,1,False,True,True,False,0.0051,-89.863602,90.060799,0.1525,-0.0188,-0.1752,526.200745,-0.046768,888.303894,172.743301,89.820168,172.748383,6880,False,True,
1376,/kuka/axis_move/feedback_json,std_msgs/msg/String,2026-08-22T20:24:56.518610-04:00,1787444696,518569893,1787444696518569893,186.937827,,,,21863,21862,1,0,0,21863,AxisTarget,1,False,True,True,False,0.0051,-89.863602,90.060799,0.1525,-0.0188,-0.1752,526.200745,-0.046768,888.303894,172.743301,89.820168,172.748383,6881,False,True,
1377,/kuka/axis_move/feedback_json,std_msgs/msg/String,2026-08-22T20:24:56.627865-04:00,1787444696,627853858,1787444696627853858,109.283965,,,,21864,21863,1,0,0,21864,AxisTarget,1,False,True,True,False,0.0051,-89.863602,90.060799,0.1525,-0.0188,-0.1752,526.200745,-0.046768,888.303894,172.743301,89.820168,172.748383,6881,False,True,
1378,/kuka/axis_move/feedback_json,std_msgs/msg/String,2026-08-22T20:24:56.742662-04:00,1787444696,742632838,1787444696742632838,114.77898,,,,21865,21864,1,0,0,21865,AxisTarget,1,False,True,True,False,0.0051,-89.863602,90.060799,0.1525,-0.0188,-0.1752,526.200745,-0.046768,888.303894,172.743301,89.820168,172.748383,6881,False,True,
1379,/kuka/axis_move/feedback_json,std_msgs/msg/String,2026-08-22T20:24:56.851540-04:00,1787444696,851534737,1787444696851534737,108.901899,,,,21866,21865,1,0,0,21866,AxisTarget,1,False,True,True,False,0.0051,-89.863602,90.060799,0.1525,-0.0188,-0.1752,526.200745,-0.046768,888.303894,172.743301,89.820168,172.748383,6881,False,True,
1380,/kuka/axis_move/feedback_json,std_msgs/msg/String,2026-08-22T20:24:57.033052-04:00,1787444697,33015870,1787444697033015870,181.481133,,,,21867,21866,1,0,0,21867,AxisTarget,1,False,True,True,False,0.0051,-89.863602,90.060799,0.1525,-0.0188,-0.1752,526.200745,-0.046768,888.303894,172.743301,89.820168,172.748383,6882,False,True,
1381,/kuka/axis_move/feedback_json,std_msgs/msg/String,2026-08-22T20:24:57.143515-04:00,1787444697,143503550,1787444697143503550,110.48768,,,,21868,21867,1,0,0,21868,AxisTarget,1,False,True,True,False,0.0051,-89.863602,90.060799,0.1525,-0.0188,-0.1752,526.200745,-0.046768,888.303894,172.743301,89.820168,172.748383,6882,False,True,
