receive_index,topic_name,message_type,receive_wall_time_iso8601,receive_ros_time_sec,receive_ros_time_nanosec,receive_ros_time_ns,delta_receive_ms,source_stamp_sec,source_stamp_nanosec,source_stamp_ns,sequence,prev_sequence,delta_seq,sequence_gap,estimated_missing,seq,mode,status,move_ready,limits_ok,delta_ok,move_executed,axis_actual.A1,axis_actual.A2,axis_actual.A3,axis_actual.A4,axis_actual.A5,axis_actual.A6,position_actual.X,position_actual.Y,position_actual.Z,position_actual.A,position_actual.B,position_actual.C,rx_counter,bridge_safe_mode,bridge_allow_motion,unmapped_json
1,/kuka/axis_move/feedback_json,std_msgs/msg/String,2026-08-22T20:14:51.247363-04:00,1787444091,247335619,1787444091247335619,,,,,17522,,,0,0,17522,AxisTarget,1,False,True,True,False,0.0051,-89.863602,90.060799,0.1525,-0.0188,-0.1752,526.200745,-0.046768,888.303894,172.743301,89.820168,172.748383,5320,False,True,
2,/kuka/axis_move/feedback_json,std_msgs/msg/String,2026-08-22T20:14:51.384238-04:00,1787444091,384211444,1787444091384211444,136.875825,,,,17523,17522,1,0,0,17523,AxisTarget,1,False,True,True,False,0.0051,-89.863602,90.060799,0.1525,-0.0188,-0.1752,526.200745,-0.046768,888.303894,172.743301,89.820168,172.748383,5320,False,True,
3,/kuka/axis_move/feedback_json,std_msgs/msg/String,2026-08-22T20:14:51.469083-04:00,1787444091,469076950,1787444091469076950,84.865506,,,,17524,17523,1,0,0,17524,AxisTarget,1,False,True,True,False,0.0051,-89.863602,90.060799,0.1525,-0.0188,-0.1752,526.200745,-0.046768,888.303894,172.743301,89.820168,172.748383,5320,False,True,
4,/kuka/axis_move/feedback_json,std_msgs/msg/String,2026-08-22T20:14:51.584081-04:00,1787444091,584072881,1787444091584072881,114.995931,,,,17525,17524,1,0,0,17525,AxisTarget,1,False,True,True,False,0.0051,-89.863602,90.060799,0.1525,-0.0188,-0.1752,526.200745,-0.046768,888.303894,172.743301,89.820168,172.748383,5320,False,True,
5,/kuka/axis_move/feedback_json,std_msgs/msg/String,2026-08-22T20:14:51.770468-04:00,1787444091,770441213,1787444091770441213,186.368332,,,,17526,17525,1,0,0,17526,AxisTarget,1,False,True,True,False,0.0051,-89.863602,90.060799,0.1525,-0.0188,-0.1752,526.200745,-0.046768,888.303894,172.743301,89.820168,172.748383,5321,False,True,
6,/kuka/axis_move/feedback_json,std_msgs/msg/String,2026-08-22T20:14:51.881506-04:00,1787444091,881500105,1787444091881500105,111.058892,,,,17527,17526,1,0,0,17527,AxisTarget,1,False,True,True,False,0.0051,-89.863602,90.060799,0.1525,-0.0188,-0.1752,526.200745,-0.046768,888.303894,172.743301,89.820168,172.748383,5321,False,True,
7,/kuka/axis_move/feedback_json,std_msgs/msg/String,2026-08-22T20:14:51.993253-04:00,1787444091,993247577,1787444091993247577,111.747472,,,,17528,17527,1,0,0,17528,AxisTarget,1,False,True,True,False,0.0051,-89.863602,90.060799,0.1525,-0.0188,-0.1752,526.200745,-0.046768,888.303894,172.743301,89.820168,172.748383,5321,False,True,
8,/kuka/axis_move/feedback_json,std_msgs/msg/String,2026-08-22T20:14:52.105311-04:00,1787444092,105301402,1787444092105301402,112.053825,,,,17529,17528,1,0,0,17529,AxisTarget,1,False,True,True,False,0.0051,-89.863602,90.060799,0.1525,-0.0188,-0.1752,526.200745,-0.046768,888.303894,172.743301,89.820168,172.748383,5321,False,True,
9,/kuka/axis_move/feedback_json,std_msgs/msg/String,2026-08-22T20:14:52.292284-04:00,1787444092,292277072,1787444092292277072,186.97567,,,,17530,17529,1,0,0,17530,AxisTarget,1,False,True,True,False,0.0051,-89.863602,90.060799,0.1525,-0.0188,-0.1752,526.200745,-0.046768,888.303894,172.743301,89.820168,172.748383,5322,False,True,
10,/kuka/axis_move/feedback_json,std_msgs/msg/String,2026-08-22T20:14:52.404925-04:00,1787444092,404916744,1787444092404916744,112.639672,,,,17531,17530,1,0,0,17531,AxisTarget,1,False,True,True,False,0.0051,-89.863602,90.060799,0.1525,-0.0188,-0.1752,526.200745,-0.046768,888.303894,172.743301,89.820168,172.748383,5322,False,True,
11,/kuka/axis_move/feedback_json,std_msgs/msg/String,2026-08-22T20:14:52.518094-04:00,1787444092,518081749,1787444092518081749,113.165005,,,,17532,17531,1,0,0,17532,AxisTarget,1,False,True,True,False,0.0051,-89.863602,90.060799,0.1525,-0.0188,-0.1752,526.200745,-0.046768,888.303894,172.743301,89.820168,172.748383,5322,False,True,
12,/kuka/axis_move/feedback_json,std_msgs/msg/String,2026-08-22T20:14:52.625158-04:00,1787444092,625150894,1787444092625150894,107.069145,,,,17533,17532,1,0,0,17533,AxisTarget,1,False,True,True,False,0.0051,-89.863602,90.060799,0.1525,-0.0188,-0.1752,526.200745,-0.046768,888.303894,172.743301,89.820168,172.748383,5322,False,True,
13,/kuka/axis_move/feedback_json,std_msgs/msg/String,2026-08-22T20:14:52.805102-04:00,1787444092,805090945,1787444092805090945,179.940051,,,,17534,17533,1,0,0,17534,AxisTarget,1,False,True,True,False,0.0051,-89.863602,90.060799,0.1525,-0.0188,-0.1752,526.200745,-0.046768,888.303894,172.743301,89.820168,172.748383,5323,False,True,
14,/kuka/axis_move/feedback_json,std_msgs/msg/String,2026-08-22T20:14:52.912954-04:00,1787444092,912948406,1787444092912948406,107.857461,,,,17535,17534,1,0,0,17535,AxisTarget,1,False,True,True,False,0.0051,-89.863602,90.060799,0.1525,-0.0188,-0.1752,526.200745,-0.046768,888.303894,172.743301,89.820168,172.748383,5323,False,True,
15,/kuka/axis_move/feedback_json,std_msgs/msg/String,2026-08-22T20:14:53.025903-04:00,1787444093,25897166,1787444093025897166,112.94876,,,,17536,17535,1,0,0,17536,AxisTarget,1,False,True,True,False,0.0051,-89.863602,90.060799,0.1525,-0.0188,-0.1752,526.200745,-0.046768,888.303894,172.743301,89.820168,172.748383,5323,False,True,
16,/kuka/axis_move/feedback_json,std_msgs/msg/String,2026-08-22T20:14:53.134761-04:00,1787444093,134755511,1787444093134755511,108.858345,,,,17537,17536,1,0,0,17537,AxisTarget,1,False,True,True,False,0.0051,-89.863602,90.060799,0.1525,-0.0188,-0.1752,526.200745,-0.046768,888.303894,172.743301,89.820168,172.748383,5323,False,True,
17,/kuka/axis_move/feedback_json,std_msgs/msg/String,2026-08-22T20:14:53.320707-04:00,1787444093,320680976,1787444093320680976,185.925465,,,,17538,17537,1,0,0,17538,AxisTarget,1,False,True,True,False,0.0051,-89.863602,90.060799,0.1525,-0.0188,-0.1752,526.200745,-0.046768,888.303894,172.743301,89.820168,172.748383,5324,False,True,
18,/kuka/axis_move/feedback_json,std_msgs/msg/String,2026-08-22T20:14:53.433186-04:00,1787444093,433178012,1787444093433178012,112.497036,,,,17539,17538,1,0,0,17539,AxisTarget,1,False,True,True,False,0.0051,-89.863602,90.060799,0.1525,-0.0188,-0.1752,526.200745,-0.046768,888.303894,172.743301,89.820168,172.748383,5324,False,True,
19,/kuka/axis_move/feedback_json,std_msgs/msg/String,2026-08-22T20:14:53.542669-04:00,1787444093,542655355,1787444093542655355,109.477343,,,,17540,17539,1,0,0,17540,AxisTarget,1,False,True,True,False,0.0051,-89.863602,90.060799,0.1525,-0.0188,-0.1752,526.200745,-0.046768,888.303894,172.743301,89.820168,172.748383,5324,False,True,
20,/kuka/axis_move/feedback_json,std_msgs/msg/String,2026-08-22T20:14:53.656446-04:00,1787444093,656437576,1787444093656437576,113.782221,,,,17541,17540,1,0,0,17541,AxisTarget,1,False,True,True,False,0.0051,-89.863602,90.060799,0.1525,-0.0188,-0.1752,526.200745,-0.046768,888.303894,172.743301,89.820168,172.748383,5324,False,True,
21,/kuka/axis_move/feedback_json,std_msgs/msg/String,2026-08-22T20:14:53.833050-04:00,1787444093,833043457,1787444093833043457,176.605881,,,,17542,17541,1,0,0,17542,AxisTarget,1,False,True,True,False,0.0051,-89.863602,90.060799,0.1525,-0.0188,-0.1752,526.200745,-0.046768,888.303894,172.743301,89.820168,172.748383,5325,False,True,
22,/kuka/axis_move/feedback_json,std_msgs/msg/String,2026-08-22T20:14:53.947220-04:00,1787444093,947212572,1787444093947212572,114.169115,,,,17543,17542,1,0,0,17543,AxisTarget,1,False,True,True,False,0.0051,-89.863602,90.060799,0.1525,-0.0188,-0.1752,526.200745,-0.046768,888.303894,172.743301,89.820168,172.748383,5325,False,True,
23,/kuka/axis_move/feedback_json,std_msgs/msg/String,2026-08-22T20:14:54.056960-04:00,1787444094,56952598,1787444094056952598,109.740026,,,,17544,17543,1,0,0,17544,AxisTarget,1,False,True,True,False,0.0051,-89.863602,90.060799,0.1525,-0.0188,-0.1752,526.200745,-0.046768,888.303894,172.743301,89.820168,172.748383,5325,False,True,
24,/kuka/axis_move/feedback_json,std_msgs/msg/String,2026-08-22T20:14:54.172459-04:00,1787444094,172452515,1787444094172452515,115.499917,,,,17545,17544,1,0,0,17545,AxisTarget,1,False,True,True,False,0.0051,-89.863602,90.060799,0.1525,-0.0188,-0.1752,526.200745,-0.046768,888.303894,172.743301,89.820168,172.748383,5325,False,True,
25,/kuka/axis_move/feedback_json,std_msgs/msg/String,2026-08-22T20:14:54.352842-04:00,1787444094,352831338,1787444094352831338,180.378823,,,,17546,17545,1,0,0,17546,AxisTarget,1,False,True,True,False,0.0051,-89.863602,90.060799,0.1525,-0.0188,-0.1752,526.200745,-0.046768,888.303894,172.743301,89.820168,172.748383,5326,False,True,
26,/kuka/axis_move/feedback_json,std_msgs/msg/String,2026-08-22T20:14:54.465910-04:00,1787444094,465903842,1787444094465903842,113.072504,,,,17547,17546,1,0,0,17547,AxisTarget,1,False,True,True,False,0.0051,-89.863602,90.060799,0.1525,-0.0188,-0.1752,526.200745,-0.046768,888.303894,172.743301,89.820168,172.748383,5326,False,True,
27,/kuka/axis_move/feedback_json,std_msgs/msg/String,2026-08-22T20:14:54.580463-04:00,1787444094,580453139,1787444094580453139,114.549297,,,,17548,17547,1,0,0,17548,AxisTarget,1,False,True,True,False,0.0051,-89.863602,90.060799,0.1525,-0.0188,-0.1752,526.200745,-0.046768,888.303894,172.743301,89.820168,172.748383,5326,False,True,
28,/kuka/axis_move/feedback_json,std_msgs/msg/String,2026-08-22T20:14:54.690380-04:00,1787444094,690359456,1787444094690359456,109.906317,,,,17549,17548,1,0,0,17549,AxisTarget,1,False,True,True,False,0.0051,-89.863602,90.060799,0.1525,-0.0188,-0.1752,526.200745,-0.046768,888.303894,172.743301,89.820168,172.748383,5326,False,True,
29,/kuka/axis_move/feedback_json,std_msgs/msg/String,2026-08-22T20:14:54.874436-04:00,1787444094,874426914,1787444094874426914,184.067458,,,,17550,17549,1,0,0,17550,AxisTarget,1,False,True,True,False,0.0051,-89.863602,90.060799,0.1525,-0.0188,-0.1752,526.200745,-0.046768,888.303894,172.743301,89.820168,172.748383,5327,False,True,
30,/kuka/axis_move/feedback_json,std_msgs/msg/String,2026-08-22T20:14:54.984668-04:00,1787444094,984663289,1787444094984663289,110.236375,,,,17551,17550,1,0,0,17551,AxisTarget,1,False,True,True,False,0.0051,-89.863602,90.060799,0.1525,-0.0188,-0.1752,526.200745,-0.046768,888.303894,172.743301,89.820168,172.748383,5327,False,True,
31,/kuka/axis_move/feedback_json,std_msgs/msg/String,2026-08-22T20:14:55.097724-04:00,1787444095,97703492,1787444095097703492,113.040203,,,,17552,17551,1,0,0,17552,AxisTarget,1,False,True,True,False,0.0051,-89.863602,90.060799,0.1525,-0.0188,-0.1752,526.200745,-0.046768,888.303894,172.743301,89.820168,172.748383,5327,False,True,
32,/kuka/axis_move/feedback_json,std_msgs/msg/String,2026-08-22T20:14:55.209071-04:00,1787444095,209059483,1787444095209059483,111.355991,,,,17553,17552,1,0,0,17553,AxisTarget,1,False,True,True,False,0.0051,-89.863602,90.060799,0.1525,-0.0188,-0.1752,526.200745,-0.046768,888.303894,172.743301,89.820168,172.748383,5327,False,True,
33,/kuka/axis_move/feedback_json,std_msgs/msg/String,2026-08-22T20:14:55.393111-04:00,1787444095,393101935,1787444095393101935,184.042452,,,,17554,17553,1,0,0,17554,AxisTarget,1,False,True,True,False,0.0051,-89.863602,90.060799,0.1525,-0.0188,-0.1752,526.200745,-0.046768,888.303894,172.743301,89.820168,172.748383,5328,False,True,
34,/kuka/axis_move/feedback_json,std_msgs/msg/String,2026-08-22T20:14:55.500931-04:00,1787444095,500922880,1787444095500922880,107.820945,,,,17555,17554,1,0,0,17555,AxisTarget,1,False,True,True,False,0.0051,-89.863602,90.060799,0.1525,-0.0188,-0.1752,526.200745,-0.046768,888.303894,172.743301,89.820168,172.748383,5328,False,True,
35,/kuka/axis_move/feedback_json,std_msgs/msg/String,2026-08-22T20:14:55.614113-04:00,1787444095,614104898,1787444095614104898,113.182018,,,,17556,17555,1,0,0,17556,AxisTarget,1,False,True,True,False,0.0051,-89.863602,90.060799,0.1525,-0.0188,-0.1752,526.200745,-0.046768,888.303894,172.743301,89.820168,172.748383,5328,False,True,
36,/kuka/axis_move/feedback_json,std_msgs/msg/String,2026-08-22T20:14:55.728281-04:00,1787444095,728274736,1787444095728274736,114.169838,,,,17557,17556,1,0,0,17557,AxisTarget,1,False,True,True,False,0.0051,-89.863602,90.060799,0.1525,-0.0188,-0.1752,526.200745,-0.046768,888.303894,172.743301,89.820168,172.748383,5328,False,True,
37,/kuka/axis_move/feedback_json,std_msgs/msg/String,2026-08-22T20:14:55.912999-04:00,1787444095,912991811,1787444095912991811,184.717075,,,,17558,17557,1,0,0,17558,AxisTarget,1,True,True,True,True,0.0051,-89.863602,90.060799,0.1525,-0.0188,-0.1752,526.200745,-0.046768,888.303894,172.743301,89.820168,172.748383,5329,False,True,
38,/kuka/axis_move/feedback_json,std_msgs/msg/String,2026-08-22T20:14:56.025271-04:00,1787444096,25247747,1787444096025247747,112.255936,,,,17559,17558,1,0,0,17559,AxisTarget,1,True,True,True,False,0.005072,-89.864708,90.060097,0.150001,-0.018484,-0.170355,526.199402,-0.046715,888.305847,172.741348,89.820374,172.746429,5329,False,True,
39,/kuka/axis_move/feedback_json,std_msgs/msg/String,2026-08-22T20:14:56.212978-04:00,1787444096,212968896,1787444096212968896,187.721149,,,,17560,17559,1,0,0,17560,AxisTarget,1,True,True,True,False,5.2e-05,-89.9991,90.000244,-0.004557,-0.003915,-5.9e-05,525.025208,-0.000978,889.969849,89.076996,89.994728,89.077103,5330,False,True,
40,/kuka/axis_move/feedback_json,std_msgs/msg/String,2026-08-22T20:14:56.323917-04:00,1787444096,323907947,1787444096323907947,110.939051,,,,17561,17560,1,0,0,17561,AxisTarget,1,True,True,True,False,0.0,-90.0,90.0,-0.0049,-0.0039,0.0,525.0,0.0,890.005432,51.483097,89.993736,51.483097,5330,False,True,
41,/kuka/axis_move/feedback_json,std_msgs/msg/String,2026-08-22T20:14:56.513053-04:00,1787444096,513044465,1787444096513044465,189.136518,,,,17562,17561,1,0,0,17562,AxisTarget,1,True,True,True,True,-0.000529,-90.000092,89.999527,-0.004708,0.27453,-0.000589,524.998413,0.00453,889.682068,178.700073,89.769653,178.69957,5331,False,True,
42,/kuka/axis_move/feedback_json,std_msgs/msg/String,2026-08-22T20:14:56.624894-04:00,1787444096,624886877,1787444096624886877,111.842412,,,,17563,17562,1,0,0,17563,AxisTarget,1,True,True,True,False,-0.0006,-90.000099,89.999496,-0.0047,0.2826,-0.0006,524.997864,0.00553,889.610657,178.923889,89.717957,178.923279,5331,False,True,
43,/kuka/axis_move/feedback_json,std_msgs/msg/String,2026-08-22T20:14:56.736968-04:00,1787444096,736952737,1787444096736952737,112.06586,,,,17564,17563,1,0,0,17564,AxisTarget,1,True,True,True,True,-0.000624,-90.000099,89.999466,-0.004681,0.318951,-0.000686,524.997864,0.005586,889.606873,178.93364,89.715202,178.933029,5331,False,True,
44,/kuka/axis_move/feedback_json,std_msgs/msg/String,2026-08-22T20:14:56.848968-04:00,1787444096,848962853,1787444096848962853,112.010116,,,,17565,17564,1,0,0,17565,AxisTarget,1,True,True,True,False,-0.001993,-90.000175,89.998398,-0.004213,0.999098,-0.001968,524.989319,0.01676,888.848877,179.592972,89.167328,179.591141,5331,False,True,
45,/kuka/axis_move/feedback_json,std_msgs/msg/String,2026-08-22T20:14:57.036645-04:00,1787444097,36619120,1787444097036619120,187.656267,,,,17566,17565,1,0,0,17566,AxisTarget,1,False,True,True,False,-0.0025,-90.000198,89.9981,-0.0041,1.142,-0.0022,524.981323,0.023021,888.423889,179.685867,88.860077,179.68335,5332,False,True,
46,/kuka/axis_move/feedback_json,std_msgs/msg/String,2026-08-22T20:14:57.220945-04:00,1787444097,220935227,1787444097220935227,184.316107,,,,17567,17566,1,0,0,17567,AxisTarget,1,False,True,True,False,-0.0025,-90.000198,89.9981,-0.0041,1.142,-0.0022,524.981323,0.023021,888.423889,179.685867,88.860077,179.68335,5333,False,True,
47,/kuka/axis_move/feedback_json,std_msgs/msg/String,2026-08-22T20:14:57.334520-04:00,1787444097,334483162,1787444097334483162,113.547935,,,,17568,17567,1,0,0,17568,AxisTarget,1,True,True,True,True,-0.002516,-90.000198,89.998077,-0.004085,1.169882,-0.002274,524.981262,0.023052,888.421814,179.686188,88.858574,179.683655,5333,False,True,
48,/kuka/axis_move/feedback_json,std_msgs/msg/String,2026-08-22T20:14:57.448424-04:00,1787444097,448413893,1787444097448413893,113.930731,,,,17569,17568,1,0,0,17569,AxisTarget,1,True,True,True,False,-0.004002,-90.000351,89.996765,-0.003518,2.013426,-0.00404,524.959045,0.035136,887.610229,179.769104,88.271294,179.765274,5333,False,True,
49,/kuka/axis_move/feedback_json,std_msgs/msg/String,2026-08-22T20:14:57.563643-04:00,1787444097,563614061,1787444097563614061,115.200168,,,,17570,17569,1,0,0,17570,AxisTarget,1,True,True,True,False,-0.005642,-90.000504,89.995712,-0.003105,2.569161,-0.005093,524.915283,0.05157,886.505371,179.821045,87.471512,179.815475,5333,False,True,
50,/kuka/axis_move/feedback_json,std_msgs/msg/String,2026-08-22T20:14:57.755237-04:00,1787444097,755212197,1787444097755212197,191.598136,,,,17571,17570,1,0,0,17571,AxisTarget,1,True,True,True,True,-0.0057,-90.000504,89.995697,-0.0031,2.5744,-0.0051,524.912598,0.052415,886.448608,179.822876,87.430397,179.817215,5334,False,True,
51,/kuka/axis_move/feedback_json,std_msgs/msg/String,2026-08-22T20:14:57.865196-04:00,1787444097,865183648,1787444097865183648,109.971451,,,,17572,17571,1,0,0,17572,AxisTarget,1,True,True,True,False,-0.0057,-90.000504,89.995697,-0.0031,2.5744,-0.0051,524.912598,0.052415,886.448608,179.822876,87.430397,179.817215,5334,False,True,
52,/kuka/axis_move/feedback_json,std_msgs/msg/String,2026-08-22T20:14:58.051182-04:00,1787444098,51172185,1787444098051172185,185.988537,,,,17573,17572,1,0,0,17573,AxisTarget,1,True,True,True,False,-0.0057,-90.000504,89.995697,-0.0031,2.5744,-0.0051,524.912598,0.052415,886.448608,179.822876,87.430397,179.817215,5335,False,True,
53,/kuka/axis_move/feedback_json,std_msgs/msg/String,2026-08-22T20:14:58.163898-04:00,1787444098,163872754,1787444098163872754,112.700569,,,,17574,17573,1,0,0,17574,AxisTarget,1,True,True,True,True,-0.006171,-90.000542,89.995247,-0.002878,2.903594,-0.005806,524.901917,0.055713,886.2276,179.82991,87.270378,179.823914,5335,False,True,
54,/kuka/axis_move/feedback_json,std_msgs/msg/String,2026-08-22T20:14:58.277198-04:00,1787444098,277184087,1787444098277184087,113.311333,,,,17575,17574,1,0,0,17575,AxisTarget,1,True,True,True,False,-0.008782,-90.00071,89.99324,-0.001987,4.097645,-0.00813,524.812561,0.078133,884.724243,179.862961,86.181358,179.854645,5335,False,True,
55,/kuka/axis_move/feedback_json,std_msgs/msg/String,2026-08-22T20:14:58.389753-04:00,1787444098,389725468,1787444098389725468,112.541381,,,,17576,17575,1,0,0,17576,AxisTarget,1,True,True,True,False,-0.010158,-90.000801,89.992317,-0.001605,4.574949,-0.008994,524.737488,0.09295,883.729675,179.876755,85.460129,179.866913,5335,False,True,
56,/kuka/axis_move/feedback_json,std_msgs/msg/String,2026-08-22T20:14:58.573155-04:00,1787444098,573143354,1787444098573143354,183.417886,,,,17577,17576,1,0,0,17577,AxisTarget,1,True,True,True,True,-0.0102,-90.000801,89.992302,-0.0016,4.580007,-0.009001,524.733948,0.093593,883.686462,179.877258,85.428787,179.867355,5336,False,True,
57,/kuka/axis_move/feedback_json,std_msgs/msg/String,2026-08-22T20:14:58.685084-04:00,1787444098,685076117,1787444098685076117,111.932763,,,,17578,17577,1,0,0,17578,AxisTarget,1,True,True,True,False,-0.010964,-90.000877,89.991615,-0.001287,5.064818,-0.010014,524.704163,0.09874,883.335754,179.881058,85.174248,179.870636,5336,False,True,
58,/kuka/axis_move/feedback_json,std_msgs/msg/String,2026-08-22T20:14:58.801151-04:00,1787444098,801141013,1787444098801141013,116.064896,,,,17579,17578,1,0,0,17579,AxisTarget,1,True,True,True,False,-0.013632,-90.001106,89.989563,-0.000421,6.312321,-0.012445,524.542114,0.123018,881.680115,179.895279,83.971313,179.882446,5336,False,True,
59,/kuka/axis_move/feedback_json,std_msgs/msg/String,2026-08-22T20:14:58.917087-04:00,1787444098,917073863,1787444098917073863,115.93285,,,,17580,17579,1,0,0,17580,AxisTarget,1,True,True,True,False,-0.015672,-90.001282,89.988106,0.000164,7.116112,-0.013935,524.384216,0.142731,880.3349,179.903885,82.991943,179.88913,5336,False,True,
60,/kuka/axis_move/feedback_json,std_msgs/msg/String,2026-08-22T20:14:59.100999-04:00,1787444099,100992417,1787444099100992417,183.918554,,,,17581,17580,1,0,0,17581,AxisTarget,1,False,True,True,False,-0.0159,-90.001297,89.987999,0.0002,7.1581,-0.014,524.360352,0.145479,880.147278,179.904938,82.855186,179.889923,5337,False,True,
61,/kuka/axis_move/feedback_json,std_msgs/msg/String,2026-08-22T20:14:59.293198-04:00,1787444099,293190839,1787444099293190839,192.198422,,,,17582,17581,1,0,0,17582,AxisTarget,1,True,True,True,False,-0.0159,-90.001297,89.987999,0.0002,7.1581,-0.014,524.360352,0.145479,880.147278,179.904938,82.855186,179.889923,5338,False,True,
62,/kuka/axis_move/feedback_json,std_msgs/msg/String,2026-08-22T20:14:59.404932-04:00,1787444099,404925831,1787444099404925831,111.734992,,,,17583,17582,1,0,0,17583,AxisTarget,1,True,True,True,True,-0.016113,-90.001312,89.987778,0.000328,7.356741,-0.014441,524.348633,0.146812,880.056702,179.905441,82.789131,179.890289,5338,False,True,
63,/kuka/axis_move/feedback_json,std_msgs/msg/String,2026-08-22T20:14:59.522149-04:00,1787444099,522134800,1787444099522134800,117.208969,,,,17584,17583,1,0,0,17584,AxisTarget,1,True,True,True,False,-0.018351,-90.00148,89.985985,0.001106,8.446445,-0.016718,524.179138,0.164939,878.824402,179.911682,81.889832,179.894821,5338,False,True,
64,/kuka/axis_move/feedback_json,std_msgs/msg/String,2026-08-22T20:14:59.633213-04:00,1787444099,633201762,1787444099633201762,111.066962,,,,17585,17584,1,0,0,17585,AxisTarget,1,True,True,True,False,-0.021274,-90.001686,89.983795,0.00205,9.72906,-0.019128,523.883789,0.192424,876.955261,179.919556,80.521797,179.900177,5338,False,True,
65,/kuka/axis_move/feedback_json,std_msgs/msg/String,2026-08-22T20:14:59.818844-04:00,1787444099,818826270,1787444099818826270,185.624508,,,,17586,17585,1,0,0,17586,AxisTarget,1,True,True,True,False,-0.0229,-90.001801,89.982697,0.0025,10.3093,-0.0202,523.687195,0.208683,875.849304,179.923584,79.709763,179.90274,5339,False,True,
66,/kuka/axis_move/feedback_json,std_msgs/msg/String,2026-08-22T20:14:59.929322-04:00,1787444099,929302496,1787444099929302496,110.476226,,,,17587,17586,1,0,0,17587,AxisTarget,1,True,True,True,False,-0.0229,-90.001801,89.982697,0.0025,10.3093,-0.0202,523.687195,0.208683,875.849304,179.923584,79.709785,179.90274,5339,False,True,
67,/kuka/axis_move/feedback_json,std_msgs/msg/String,2026-08-22T20:15:00.113318-04:00,1787444100,113302373,1787444100113302373,183.999877,,,,17588,17587,1,0,0,17588,AxisTarget,1,True,True,True,True,-0.0229,-90.001801,89.982697,0.0025,10.3093,-0.0202,523.687195,0.208683,875.849304,179.923584,79.709785,179.90274,5340,False,True,
68,/kuka/axis_move/feedback_json,std_msgs/msg/String,2026-08-22T20:15:00.222616-04:00,1787444100,222599734,1787444100222599734,109.297361,,,,17589,17588,1,0,0,17589,AxisTarget,1,True,True,True,True,-0.023047,-90.001816,89.982536,0.002579,10.440458,-0.020498,523.676392,0.209547,875.791016,179.923782,79.666908,179.902847,5340,False,True,
69,/kuka/axis_move/feedback_json,std_msgs/msg/String,2026-08-22T20:15:00.334953-04:00,1787444100,334947664,1787444100334947664,112.34793,,,,17590,17589,1,0,0,17590,AxisTarget,1,True,True,True,False,-0.025037,-90.001991,89.980949,0.003264,11.444188,-0.022524,523.460022,0.226105,874.673645,179.927368,78.844162,179.904984,5340,False,True,
70,/kuka/axis_move/feedback_json,std_msgs/msg/String,2026-08-22T20:15:00.445421-04:00,1787444100,445394266,1787444100445394266,110.446602,,,,17591,17590,1,0,0,17591,AxisTarget,1,True,True,True,False,-0.027935,-90.002235,89.978783,0.004174,12.743775,-0.025081,523.103088,0.250997,872.994202,179.932281,77.603088,179.907745,5340,False,True,
71,/kuka/axis_move/feedback_json,std_msgs/msg/String,2026-08-22T20:15:00.633825-04:00,1787444100,633799639,1787444100633799639,188.405373,,,,17592,17591,1,0,0,17592,AxisTarget,1,True,True,True,False,-0.031131,-90.002495,89.976532,0.00509,14.008404,-0.027486,522.609924,0.281697,870.924377,179.937744,76.065193,179.910629,5341,False,True,
72,/kuka/axis_move/feedback_json,std_msgs/msg/String,2026-08-22T20:15:00.813078-04:00,1787444100,813066948,1787444100813066948,179.267309,,,,17593,17592,1,0,0,17593,AxisTarget,1,True,True,True,True,-0.0312,-90.002502,89.976501,0.0051,14.0186,-0.0275,522.590271,0.282848,870.846863,179.937927,76.007385,179.910736,5342,False,True,
73,/kuka/axis_move/feedback_json,std_msgs/msg/String,2026-08-22T20:15:01.001423-04:00,1787444101,1412951,1787444101001412951,188.346003,,,,17594,17593,1,0,0,17594,AxisTarget,1,True,True,True,False,-0.0312,-90.002502,89.976501,0.0051,14.0186,-0.0275,522.590271,0.282848,870.846863,179.937927,76.007385,179.910736,5343,False,True,
74,/kuka/axis_move/feedback_json,std_msgs/msg/String,2026-08-22T20:15:01.113265-04:00,1787444101,113237753,1787444101113237753,111.824802,,,,17595,17594,1,0,0,17595,AxisTarget,1,True,True,True,True,-0.03149,-90.002533,89.976212,0.005242,14.239929,-0.027985,522.563293,0.284407,870.740723,179.938202,75.92823,179.910873,5343,False,True,
75,/kuka/axis_move/feedback_json,std_msgs/msg/String,2026-08-22T20:15:01.228649-04:00,1787444101,228643387,1787444101228643387,115.405634,,,,17596,17595,1,0,0,17596,AxisTarget,1,True,True,True,False,-0.033606,-90.002708,89.974457,0.006015,15.333185,-0.030166,522.24054,0.302392,869.516968,179.941254,75.013596,179.912491,5343,False,True,
76,/kuka/axis_move/feedback_json,std_msgs/msg/String,2026-08-22T20:15:01.350087-04:00,1787444101,350082325,1787444101350082325,121.438938,,,,17597,17596,1,0,0,17597,AxisTarget,1,True,True,True,False,-0.036794,-90.00296,89.972122,0.00702,16.72366,-0.032886,521.713562,0.329548,867.671204,179.945572,73.62648,179.914703,5343,False,True,
77,/kuka/axis_move/feedback_json,std_msgs/msg/String,2026-08-22T20:15:01.465548-04:00,1787444101,465519248,1787444101465519248,115.436923,,,,17598,17597,1,0,0,17598,AxisTarget,1,True,True,True,False,-0.039137,-90.003151,89.970421,0.007753,17.716131,-0.034782,521.259033,0.351187,866.202393,179.948822,72.515541,179.916321,5343,False,True,
78,/kuka/axis_move/feedback_json,std_msgs/msg/String,2026-08-22T20:15:01.648912-04:00,1787444101,648905908,1787444101648905908,183.38666,,,,17599,17598,1,0,0,17599,AxisTarget,1,True,True,True,False,-0.0398,-90.003197,89.970001,0.0079,17.8986,-0.0351,521.096558,0.358585,865.700745,179.94989,72.134575,179.916855,5344,False,True,
79,/kuka/axis_move/feedback_json,std_msgs/msg/String,2026-08-22T20:15:01.760963-04:00,1787444101,760956653,1787444101760956653,112.050745,,,,17600,17599,1,0,0,17600,AxisTarget,1,True,True,True,True,-0.0398,-90.003197,89.970001,0.0079,17.8986,-0.0351,521.096558,0.358585,865.700745,179.94989,72.134575,179.916855,5344,False,True,
80,/kuka/axis_move/feedback_json,std_msgs/msg/String,2026-08-22T20:15:01.945197-04:00,1787444101,945188756,1787444101945188756,184.232103,,,,17601,17600,1,0,0,17601,AxisTarget,1,True,True,True,True,-0.0398,-90.003197,89.970001,0.007902,17.902967,-0.035113,521.096497,0.358585,865.700745,179.94989,72.134575,179.916855,5345,False,True,
81,/kuka/axis_move/feedback_json,std_msgs/msg/String,2026-08-22T20:15:02.060524-04:00,1787444102,60505444,1787444102060505444,115.316688,,,,17602,17601,1,0,0,17602,AxisTarget,1,True,True,True,False,-0.040755,-90.003281,89.969162,0.008288,18.474346,-0.036303,520.93811,0.365642,865.222473,179.950897,71.770576,179.917358,5345,False,True,
82,/kuka/axis_move/feedback_json,std_msgs/msg/String,2026-08-22T20:15:02.172936-04:00,1787444102,172930440,1787444102172930440,112.424996,,,,17603,17602,1,0,0,17603,AxisTarget,1,True,True,True,False,-0.043428,-90.003502,89.967102,0.009182,19.721857,-0.038763,520.40509,0.388382,863.683289,179.954071,70.593773,179.918915,5345,False,True,
83,/kuka/axis_move/feedback_json,std_msgs/msg/String,2026-08-22T20:15:02.288939-04:00,1787444102,288929276,1787444102288929276,115.998836,,,,17604,17603,1,0,0,17604,AxisTarget,1,True,True,True,False,-0.046364,-90.003738,89.964905,0.010125,21.020634,-0.04129,519.785095,0.413138,862.011292,179.957367,69.305656,179.920532,5345,False,True,
84,/kuka/axis_move/feedback_json,std_msgs/msg/String,2026-08-22T20:15:02.472823-04:00,1787444102,472816965,1787444102472816965,183.887689,,,,17605,17604,1,0,0,17605,AxisTarget,1,True,True,True,False,-0.0484,-90.003899,89.963501,0.0107,21.778599,-0.0427,519.255066,0.433087,860.667175,179.95993,68.262054,179.921799,5346,False,True,
85,/kuka/axis_move/feedback_json,std_msgs/msg/String,2026-08-22T20:15:02.588137-04:00,1787444102,588114147,1787444102588114147,115.297182,,,,17606,17605,1,0,0,17606,AxisTarget,1,True,True,True,False,-0.0484,-90.003899,89.963501,0.0107,21.778601,-0.0427,519.254944,0.433092,860.666809,179.95993,68.26178,179.921799,5346,False,True,
86,/kuka/axis_move/feedback_json,std_msgs/msg/String,2026-08-22T20:15:02.777014-04:00,1787444102,777009139,1787444102777009139,188.894992,,,,17607,17606,1,0,0,17607,AxisTarget,1,True,True,True,True,-0.0484,-90.003899,89.963501,0.0107,21.778601,-0.0427,519.254944,0.433092,860.666809,179.95993,68.26178,179.921799,5347,False,True,
87,/kuka/axis_move/feedback_json,std_msgs/msg/String,2026-08-22T20:15:02.890691-04:00,1787444102,890680167,1787444102890680167,113.671028,,,,17608,17607,1,0,0,17608,AxisTarget,1,True,True,True,True,-0.048474,-90.003906,89.963394,0.010757,21.872477,-0.042917,519.244873,0.433461,860.642029,179.959976,68.242447,179.921814,5347,False,True,
88,/kuka/axis_move/feedback_json,std_msgs/msg/String,2026-08-22T20:15:03.006412-04:00,1787444103,6403217,1787444103006403217,115.72305,,,,17609,17608,1,0,0,17609,AxisTarget,1,True,True,True,False,-0.050398,-90.004066,89.961845,0.011446,22.857767,-0.044903,518.846985,0.447787,859.678772,179.961777,67.489731,179.922714,5347,False,True,
89,/kuka/axis_move/feedback_json,std_msgs/msg/String,2026-08-22T20:15:03.117110-04:00,1787444103,117096782,1787444103117096782,110.693565,,,,17610,17609,1,0,0,17610,AxisTarget,1,True,True,True,False,-0.05326,-90.004303,89.959671,0.012383,24.157246,-0.04745,518.142761,0.47197,858.056885,179.964737,66.212837,179.92421,5347,False,True,
90,/kuka/axis_move/feedback_json,std_msgs/msg/String,2026-08-22T20:15:03.304511-04:00,1787444103,304494743,1787444103304494743,187.397961,,,,17611,17610,1,0,0,17611,AxisTarget,1,True,True,True,False,-0.056823,-90.004585,89.957092,0.013467,25.62158,-0.050242,517.149597,0.503903,855.924011,179.968521,64.51403,179.926163,5348,False,True,
91,/kuka/axis_move/feedback_json,std_msgs/msg/String,2026-08-22T20:15:03.419344-04:00,1787444103,419317888,1787444103419317888,114.823145,,,,17612,17611,1,0,0,17612,AxisTarget,1,True,True,True,False,-0.057,-90.004601,89.957001,0.0135,25.6586,-0.0503,517.073975,0.506243,855.768188,179.968781,64.388977,179.9263,5348,False,True,
92,/kuka/axis_move/feedback_json,std_msgs/msg/String,2026-08-22T20:15:03.609117-04:00,1787444103,609080776,1787444103609080776,189.762888,,,,17613,17612,1,0,0,17613,AxisTarget,1,True,True,True,True,-0.057,-90.004601,89.957001,0.0135,25.6586,-0.0503,517.073975,0.506243,855.768188,179.968781,64.388977,179.9263,5349,False,True,
93,/kuka/axis_move/feedback_json,std_msgs/msg/String,2026-08-22T20:15:03.720663-04:00,1787444103,720656382,1787444103720656382,111.575606,,,,17614,17613,1,0,0,17614,AxisTarget,1,True,True,True,False,-0.057,-90.004601,89.957001,0.0135,25.658606,-0.0503,517.073975,0.506243,855.768188,179.968781,64.388977,179.9263,5349,False,True,
94,/kuka/axis_move/feedback_json,std_msgs/msg/String,2026-08-22T20:15:03.832825-04:00,1787444103,832801635,1787444103832801635,112.145253,,,,17615,17614,1,0,0,17615,AxisTarget,1,True,True,True,True,-0.05749,-90.004646,89.956543,0.013717,26.020039,-0.051071,516.970459,0.509465,855.556335,179.969162,64.218735,179.926498,5349,False,True,
95,/kuka/axis_move/feedback_json,std_msgs/msg/String,2026-08-22T20:15:03.949163-04:00,1787444103,949144185,1787444103949144185,116.34255,,,,17616,17615,1,0,0,17616,AxisTarget,1,True,True,True,False,-0.060028,-90.004852,89.954582,0.014575,27.194948,-0.053401,516.295532,0.529944,854.212646,179.971497,63.133217,179.927734,5349,False,True,
96,/kuka/axis_move/feedback_json,std_msgs/msg/String,2026-08-22T20:15:04.134277-04:00,1787444104,134270504,1787444104134270504,185.126319,,,,17617,17616,1,0,0,17617,AxisTarget,1,True,True,True,False,-0.064632,-90.005219,89.951195,0.016023,29.183994,-0.05726,514.95752,0.568118,851.722107,179.975723,61.092499,179.930054,5350,False,True,
97,/kuka/axis_move/feedback_json,std_msgs/msg/String,2026-08-22T20:15:04.320882-04:00,1787444104,320876653,1787444104320876653,186.606149,,,,17618,17617,1,0,0,17618,AxisTarget,1,True,True,True,False,-0.0657,-90.005302,89.9505,0.0163,29.538601,-0.0579,514.563477,0.57882,851.027527,179.976868,60.516178,179.93071,5351,False,True,
98,/kuka/axis_move/feedback_json,std_msgs/msg/String,2026-08-22T20:15:04.503982-04:00,1787444104,503964758,1787444104503964758,183.088105,,,,17619,17618,1,0,0,17619,AxisTarget,1,True,True,True,True,-0.0657,-90.005302,89.9505,0.0163,29.538601,-0.0579,514.563477,0.57882,851.027527,179.976868,60.516178,179.93071,5352,False,True,
99,/kuka/axis_move/feedback_json,std_msgs/msg/String,2026-08-22T20:15:04.618538-04:00,1787444104,618528177,1787444104618528177,114.563419,,,,17620,17619,1,0,0,17620,AxisTarget,1,True,True,True,False,-0.0657,-90.005302,89.9505,0.0163,29.538607,-0.0579,514.563477,0.57882,851.027527,179.976868,60.516178,179.93071,5352,False,True,
100,/kuka/axis_move/feedback_json,std_msgs/msg/String,2026-08-22T20:15:04.733307-04:00,1787444104,733301140,1787444104733301140,114.772963,,,,17621,17620,1,0,0,17621,AxisTarget,1,True,True,True,True,-0.066181,-90.005348,89.95005,0.016516,29.898247,-0.058667,514.446411,0.581919,850.824158,179.977203,60.346848,179.930908,5352,False,True,
101,/kuka/axis_move/feedback_json,std_msgs/msg/String,2026-08-22T20:15:04.844722-04:00,1787444104,844716357,1787444104844716357,111.415217,,,,17622,17621,1,0,0,17622,AxisTarget,1,True,True,True,False,-0.068684,-90.005554,89.94809,0.017372,31.070866,-0.060993,513.716248,0.600822,849.586975,179.979218,59.310234,179.932098,5352,False,True,
102,/kuka/axis_move/feedback_json,std_msgs/msg/String,2026-08-22T20:15:05.026622-04:00,1787444105,26612660,1787444105026612660,181.896303,,,,17623,17622,1,0,0,17623,AxisTarget,1,True,True,True,False,-0.073093,-90.005905,89.944801,0.018778,33.004093,-0.064747,512.203918,0.637921,847.176392,179.983063,57.257042,179.934509,5353,False,True,
103,/kuka/axis_move/feedback_json,std_msgs/msg/String,2026-08-22T20:15:05.145098-04:00,1787444105,145085328,1787444105145085328,118.472668,,,,17624,17623,1,0,0,17624,AxisTarget,1,True,True,True,False,-0.07428,-90.005997,89.944008,0.019098,33.418007,-0.0655,511.747925,0.64862,846.485901,179.984146,56.660152,179.935211,5353,False,True,
104,/kuka/axis_move/feedback_json,std_msgs/msg/String,2026-08-22T20:15:05.329078-04:00,1787444105,329070142,1787444105329070142,183.984814,,,,17625,17624,1,0,0,17625,AxisTarget,1,True,True,True,True,-0.0743,-90.005997,89.944,0.019101,33.421154,-0.065508,511.735016,0.64892,846.466553,179.984177,56.643372,179.935242,5354,False,True,
105,/kuka/axis_move/feedback_json,std_msgs/msg/String,2026-08-22T20:15:05.443774-04:00,1787444105,443765930,1787444105443765930,114.695788,,,,17626,17625,1,0,0,17626,AxisTarget,1,True,True,True,False,-0.075236,-90.006081,89.943176,0.019481,33.983326,-0.066696,511.483063,0.65474,846.091919,179.984741,56.317726,179.935608,5354,False,True,
106,/kuka/axis_move/feedback_json,std_msgs/msg/String,2026-08-22T20:15:05.555418-04:00,1787444105,555402402,1787444105555402402,111.636472,,,,17627,17626,1,0,0,17627,AxisTarget,1,True,True,True,False,-0.07789,-90.006302,89.941132,0.02037,35.224522,-0.069176,510.537903,0.676045,844.726318,179.986801,55.119858,179.937012,5354,False,True,
107,/kuka/axis_move/feedback_json,std_msgs/msg/String,2026-08-22T20:15:05.666717-04:00,1787444105,666708525,1787444105666708525,111.306123,,,,17628,17627,1,0,0,17628,AxisTarget,1,True,True,True,False,-0.08074,-90.006531,89.938995,0.021287,36.489491,-0.071673,509.523956,0.698041,843.326538,179.988892,53.87344,179.938507,5354,False,True,
108,/kuka/axis_move/feedback_json,std_msgs/msg/String,2026-08-22T20:15:05.849375-04:00,1787444105,849368038,1787444105849368038,182.659513,,,,17629,17628,1,0,0,17629,AxisTarget,1,True,True,True,False,-0.0829,-90.006699,89.9375,0.0219,37.298622,-0.0732,508.602325,0.717334,842.107971,179.990707,52.771809,179.939865,5355,False,True,
109,/kuka/axis_move/feedback_json,std_msgs/msg/String,2026-08-22T20:15:05.962603-04:00,1787444105,962585269,1787444105962585269,113.217231,,,,17630,17629,1,0,0,17630,AxisTarget,1,True,True,True,False,-0.0829,-90.006699,89.9375,0.0219,37.298599,-0.0732,508.601288,0.717355,842.106628,179.990707,52.77058,179.939865,5355,False,True,
110,/kuka/axis_move/feedback_json,std_msgs/msg/String,2026-08-22T20:15:06.153026-04:00,1787444106,153015077,1787444106153015077,190.429808,,,,17631,17630,1,0,0,17631,AxisTarget,1,True,True,True,True,-0.0829,-90.006699,89.9375,0.0219,37.298599,-0.0732,508.601288,0.717355,842.106628,179.990707,52.77058,179.939865,5356,False,True,
111,/kuka/axis_move/feedback_json,std_msgs/msg/String,2026-08-22T20:15:06.265542-04:00,1787444106,265532198,1787444106265532198,112.517121,,,,17632,17631,1,0,0,17632,AxisTarget,1,True,True,True,True,-0.082955,-90.006706,89.937431,0.021936,37.36161,-0.073349,508.593079,0.717524,842.096008,179.990723,52.760902,179.93988,5356,False,True,
112,/kuka/axis_move/feedback_json,std_msgs/msg/String,2026-08-22T20:15:06.381140-04:00,1787444106,381127400,1787444106381127400,115.595202,,,,17633,17632,1,0,0,17633,AxisTarget,1,True,True,True,False,-0.084577,-90.006844,89.936073,0.022515,38.225163,-0.075101,508.059204,0.728428,841.412292,179.99173,52.135475,179.940643,5356,False,True,
113,/kuka/axis_move/feedback_json,std_msgs/msg/String,2026-08-22T20:15:06.493756-04:00,1787444106,493746131,1787444106493746131,112.618731,,,,17634,17633,1,0,0,17634,AxisTarget,1,True,True,True,False,-0.087402,-90.007072,89.933884,0.023443,39.562885,-0.077726,506.926056,0.750936,840.010742,179.99379,50.836109,179.942291,5356,False,True,
114,/kuka/axis_move/feedback_json,std_msgs/msg/String,2026-08-22T20:15:06.680759-04:00,1787444106,680729238,1787444106680729238,186.983107,,,,17635,17634,1,0,0,17635,AxisTarget,1,True,True,True,False,-0.091259,-90.007385,89.931038,0.024554,41.123711,-0.080712,505.325897,0.781376,838.137329,179.996506,49.06028,179.944595,5357,False,True,
115,/kuka/axis_move/feedback_json,std_msgs/msg/String,2026-08-22T20:15:06.794309-04:00,1787444106,794299019,1787444106794299019,113.569781,,,,17636,17635,1,0,0,17636,AxisTarget,1,True,True,True,False,-0.0915,-90.007401,89.930901,0.0246,41.1786,-0.0808,505.176666,0.784141,837.968506,179.99675,48.897881,179.944809,5357,False,True,
116,/kuka/axis_move/feedback_json,std_msgs/msg/String,2026-08-22T20:15:06.978759-04:00,1787444106,978748604,1787444106978748604,184.449585,,,,17637,17636,1,0,0,17637,AxisTarget,1,True,True,True,True,-0.0915,-90.007401,89.930901,0.0246,41.1786,-0.0808,505.176666,0.784141,837.968506,179.99675,48.897881,179.944809,5358,False,True,
117,/kuka/axis_move/feedback_json,std_msgs/msg/String,2026-08-22T20:15:07.088889-04:00,1787444107,88878527,1787444107088878527,110.129923,,,,17638,17637,1,0,0,17638,AxisTarget,1,True,True,True,False,-0.0915,-90.007401,89.930901,0.0246,41.178604,-0.0808,505.176666,0.784141,837.968506,179.99675,48.897881,179.944809,5358,False,True,
118,/kuka/axis_move/feedback_json,std_msgs/msg/String,2026-08-22T20:15:07.201267-04:00,1787444107,201251258,1787444107201251258,112.372731,,,,17639,17638,1,0,0,17639,AxisTarget,1,True,True,True,True,-0.091915,-90.007439,89.930458,0.02481,41.498604,-0.081486,505.04425,0.78658,837.819519,179.996979,48.75425,179.945007,5358,False,True,
119,/kuka/axis_move/feedback_json,std_msgs/msg/String,2026-08-22T20:15:07.320484-04:00,1787444107,320452651,1787444107320452651,119.201393,,,,17640,17639,1,0,0,17640,AxisTarget,1,True,True,True,False,-0.094335,-90.007637,89.928604,0.025623,42.642765,-0.083759,504.115631,0.803429,836.795349,179.998474,47.758148,179.946381,5358,False,True,
120,/kuka/axis_move/feedback_json,std_msgs/msg/String,2026-08-22T20:15:07.504891-04:00,1787444107,504881358,1787444107504881358,184.428707,,,,17641,17640,1,0,0,17641,AxisTarget,1,True,True,True,False,-0.098944,-90.008011,89.92511,0.027117,44.695816,-0.087746,502.058014,0.839261,834.64801,-179.998413,45.615635,179.949432,5359,False,True,
121,/kuka/axis_move/feedback_json,std_msgs/msg/String,2026-08-22T20:15:07.693025-04:00,1787444107,693014559,1787444107693014559,188.133201,,,,17642,17641,1,0,0,17642,AxisTarget,1,True,True,True,False,-0.1001,-90.008102,89.9244,0.0274,45.058601,-0.0884,501.476685,0.849038,834.069763,-179.997589,45.025085,179.950287,5360,False,True,
122,/kuka/axis_move/feedback_json,std_msgs/msg/String,2026-08-22T20:15:07.880870-04:00,1787444107,880859530,1787444107880859530,187.844971,,,,17643,17642,1,0,0,17643,AxisTarget,1,True,True,True,True,-0.1001,-90.008102,89.9244,0.0274,45.058601,-0.0884,501.476685,0.849038,834.069763,-179.997589,45.025085,179.950287,5361,False,True,
123,/kuka/axis_move/feedback_json,std_msgs/msg/String,2026-08-22T20:15:07.992224-04:00,1787444107,992203635,1787444107992203635,111.344105,,,,17644,17643,1,0,0,17644,AxisTarget,1,True,True,True,True,-0.1001,-90.008102,89.9244,0.0274,45.058884,-0.088401,501.476685,0.849038,834.069763,-179.997589,45.025085,179.950287,5361,False,True,
124,/kuka/axis_move/feedback_json,std_msgs/msg/String,2026-08-22T20:15:08.099813-04:00,1787444108,99802962,1787444108099802962,107.599327,,,,17645,17644,1,0,0,17645,AxisTarget,1,True,True,True,False,-0.100684,-90.008156,89.923866,0.02765,45.436501,-0.089203,501.269958,0.852528,833.867004,-179.997299,44.816551,179.950592,5361,False,True,
125,/kuka/axis_move/feedback_json,std_msgs/msg/String,2026-08-22T20:15:08.216277-04:00,1787444108,216271520,1787444108216271520,116.468558,,,,17646,17645,1,0,0,17646,AxisTarget,1,True,True,True,False,-0.103156,-90.008362,89.921883,0.028518,46.653927,-0.091616,500.207886,0.870178,832.848206,-179.995819,43.756718,179.952179,5361,False,True,
126,/kuka/axis_move/feedback_json,std_msgs/msg/String,2026-08-22T20:15:08.400654-04:00,1787444108,400617874,1787444108400617874,184.346354,,,,17647,17646,1,0,0,17647,AxisTarget,1,True,True,True,False,-0.10777,-90.00872,89.918564,0.029936,48.601574,-0.095395,498.069641,0.904395,830.907227,-179.993027,41.677536,179.955383,5362,False,True,
127,/kuka/axis_move/feedback_json,std_msgs/msg/String,2026-08-22T20:15:08.516966-04:00,1787444108,516955667,1787444108516955667,116.337793,,,,17648,17647,1,0,0,17648,AxisTarget,1,True,True,True,False,-0.108797,-90.008797,89.9179,0.0302,48.938618,-0.096,497.524445,0.912858,830.434509,-179.992355,41.158134,179.956192,5362,False,True,
128,/kuka/axis_move/feedback_json,std_msgs/msg/String,2026-08-22T20:15:08.708520-04:00,1787444108,708514571,1787444108708514571,191.558904,,,,17649,17648,1,0,0,17649,AxisTarget,1,True,True,True,True,-0.1088,-90.008797,89.9179,0.0302,48.938599,-0.096,497.51828,0.912953,830.429199,-179.992355,41.152287,179.956207,5363,False,True,
129,/kuka/axis_move/feedback_json,std_msgs/msg/String,2026-08-22T20:15:08.824402-04:00,1787444108,824382675,1787444108824382675,115.868104,,,,17650,17649,1,0,0,17650,AxisTarget,1,True,True,True,False,-0.1088,-90.008797,89.9179,0.0302,48.938599,-0.096,497.51828,0.912953,830.429199,-179.992355,41.152287,179.956207,5363,False,True,
130,/kuka/axis_move/feedback_json,std_msgs/msg/String,2026-08-22T20:15:08.932916-04:00,1787444108,932905761,1787444108932905761,108.523086,,,,17651,17650,1,0,0,17651,AxisTarget,1,True,True,True,True,-0.108869,-90.008804,89.917816,0.030244,49.012268,-0.096173,497.504364,0.913165,830.417297,-179.99234,41.13908,179.956223,5363,False,True,
131,/kuka/axis_move/feedback_json,std_msgs/msg/String,2026-08-22T20:15:09.048303-04:00,1787444109,48283858,1787444109048283858,115.378097,,,,17652,17651,1,0,0,17652,AxisTarget,1,True,True,True,False,-0.110525,-90.008942,89.916458,0.030853,49.886463,-0.097942,496.822937,0.923453,829.838989,-179.991531,40.495827,179.95726,5363,False,True,
132,/kuka/axis_move/feedback_json,std_msgs/msg/String,2026-08-22T20:15:09.237501-04:00,1787444109,237471956,1787444109237471956,189.188098,,,,17653,17652,1,0,0,17653,AxisTarget,1,True,True,True,False,-0.115271,-90.009331,89.912865,0.032398,52.02438,-0.102122,494.475098,0.957793,827.94397,-179.988937,38.324593,179.960831,5364,False,True,
133,/kuka/axis_move/feedback_json,std_msgs/msg/String,2026-08-22T20:15:09.421066-04:00,1787444109,421057496,1787444109421057496,183.58554,,,,17654,17653,1,0,0,17654,AxisTarget,1,True,True,True,False,-0.1174,-90.009499,89.9114,0.033,52.818596,-0.1036,493.319977,0.974102,827.06427,-179.987732,37.280041,179.962616,5365,False,True,
134,/kuka/axis_move/feedback_json,std_msgs/msg/String,2026-08-22T20:15:09.532897-04:00,1787444109,532889045,1787444109532889045,111.831549,,,,17655,17654,1,0,0,17655,AxisTarget,1,True,True,True,False,-0.1174,-90.009499,89.9114,0.033,52.8186,-0.1036,493.319366,0.97411,827.063843,-179.987732,37.279495,179.962616,5365,False,True,
135,/kuka/axis_move/feedback_json,std_msgs/msg/String,2026-08-22T20:15:09.724974-04:00,1787444109,724964146,1787444109724964146,192.075101,,,,17656,17655,1,0,0,17656,AxisTarget,1,True,True,True,True,-0.1174,-90.009499,89.9114,0.033,52.8186,-0.1036,493.319366,0.97411,827.063843,-179.987732,37.279495,179.962616,5366,False,True,
136,/kuka/axis_move/feedback_json,std_msgs/msg/String,2026-08-22T20:15:09.835087-04:00,1787444109,835070146,1787444109835070146,110.106,,,,17657,17656,1,0,0,17657,AxisTarget,1,True,True,True,True,-0.117533,-90.009514,89.911255,0.033074,52.938679,-0.103872,493.275818,0.974718,827.031311,-179.987686,37.240398,179.962677,5366,False,True,
137,/kuka/axis_move/feedback_json,std_msgs/msg/String,2026-08-22T20:15:09.949624-04:00,1787444109,949616787,1787444109949616787,114.546641,,,,17658,17657,1,0,0,17658,AxisTarget,1,True,True,True,False,-0.119388,-90.009666,89.909752,0.033741,53.890507,-0.105876,492.411682,0.986673,826.39563,-179.986832,36.468746,179.96402,5366,False,True,
138,/kuka/axis_move/feedback_json,std_msgs/msg/String,2026-08-22T20:15:10.063767-04:00,1787444110,63752008,1787444110063752008,114.135221,,,,17659,17658,1,0,0,17659,AxisTarget,1,True,True,True,False,-0.122342,-90.009911,89.907509,0.03471,55.234268,-0.108422,490.964783,1.006264,825.370667,-179.985474,35.193531,179.966278,5366,False,True,
139,/kuka/axis_move/feedback_json,std_msgs/msg/String,2026-08-22T20:15:10.249183-04:00,1787444110,249169799,1787444110249169799,185.417791,,,,17660,17659,1,0,0,17660,AxisTarget,1,True,True,True,False,-0.125875,-90.010193,89.904961,0.035784,56.681698,-0.111176,488.994141,1.032143,824.050659,-179.983749,33.488075,179.969391,5367,False,True,
140,/kuka/axis_move/feedback_json,std_msgs/msg/String,2026-08-22T20:15:10.361208-04:00,1787444110,361198919,1787444110361198919,112.02912,,,,17661,17660,1,0,0,17661,AxisTarget,1,True,True,True,False,-0.126,-90.010201,89.9049,0.0358,56.698601,-0.1112,488.899139,1.033369,823.989136,-179.983658,33.406704,179.969543,5367,False,True,
141,/kuka/axis_move/feedback_json,std_msgs/msg/String,2026-08-22T20:15:10.546691-04:00,1787444110,546671242,1787444110546671242,185.472323,,,,17662,17661,1,0,0,17662,AxisTarget,1,True,True,True,True,-0.126,-90.010201,89.9049,0.0358,56.698601,-0.1112,488.899139,1.033369,823.989136,-179.983658,33.406704,179.969543,5368,False,True,
142,/kuka/axis_move/feedback_json,std_msgs/msg/String,2026-08-22T20:15:10.662224-04:00,1787444110,662214109,1787444110662214109,115.542867,,,,17663,17662,1,0,0,17663,AxisTarget,1,True,True,True,True,-0.126,-90.010201,89.9049,0.0358,56.699902,-0.111205,488.899139,1.033369,823.989136,-179.983658,33.406704,179.969543,5368,False,True,
143,/kuka/axis_move/feedback_json,std_msgs/msg/String,2026-08-22T20:15:10.777154-04:00,1787444110,777143828,1787444110777143828,114.929719,,,,17664,17663,1,0,0,17664,AxisTarget,1,True,True,True,False,-0.126743,-90.010269,89.904236,0.03611,57.161591,-0.112174,488.574341,1.037543,823.780334,-179.983398,33.129116,179.970062,5368,False,True,
144,/kuka/axis_move/feedback_json,std_msgs/msg/String,2026-08-22T20:15:10.889144-04:00,1787444110,889132672,1787444110889132672,111.988844,,,,17665,17664,1,0,0,17665,AxisTarget,1,True,True,True,False,-0.129269,-90.010483,89.902199,0.036999,58.406075,-0.114636,487.275146,1.054016,822.967041,-179.982346,32.027351,179.972153,5368,False,True,
145,/kuka/axis_move/feedback_json,std_msgs/msg/String,2026-08-22T20:15:11.068943-04:00,1787444111,68935493,1787444111068935493,179.802821,,,,17666,17665,1,0,0,17666,AxisTarget,1,True,True,True,False,-0.133695,-90.010834,89.898979,0.03837,60.287533,-0.118282,484.892426,1.083339,821.56366,-179.980576,30.040075,179.976044,5369,False,True,
146,/kuka/axis_move/feedback_json,std_msgs/msg/String,2026-08-22T20:15:11.184973-04:00,1787444111,184962907,1787444111184962907,116.027414,,,,17667,17666,1,0,0,17667,AxisTarget,1,True,True,True,False,-0.134599,-90.010902,89.898399,0.0386,60.578621,-0.1188,484.282318,1.090674,821.222046,-179.980148,29.537685,179.977051,5369,False,True,
147,/kuka/axis_move/feedback_json,std_msgs/msg/String,2026-08-22T20:15:11.372168-04:00,1787444111,372153397,1787444111372153397,187.19049,,,,17668,17667,1,0,0,17668,AxisTarget,1,True,True,True,True,-0.1346,-90.010902,89.898399,0.0386,60.578602,-0.1188,484.27774,1.090729,821.219482,-179.980148,29.533916,179.977051,5370,False,True,
148,/kuka/axis_move/feedback_json,std_msgs/msg/String,2026-08-22T20:15:11.486456-04:00,1787444111,486444822,1787444111486444822,114.291425,,,,17669,17668,1,0,0,17669,AxisTarget,1,True,True,True,False,-0.1346,-90.010902,89.898399,0.0386,60.578602,-0.1188,484.27774,1.090729,821.219482,-179.980148,29.533916,179.977051,5370,False,True,
149,/kuka/axis_move/feedback_json,std_msgs/msg/String,2026-08-22T20:15:11.599811-04:00,1787444111,599800775,1787444111599800775,113.355953,,,,17670,17669,1,0,0,17670,AxisTarget,1,True,True,True,True,-0.134667,-90.01091,89.898323,0.038642,60.649445,-0.118966,484.262299,1.090916,821.210938,-179.980133,29.52124,179.977081,5370,False,True,
150,/kuka/axis_move/feedback_json,std_msgs/msg/String,2026-08-22T20:15:11.716264-04:00,1787444111,716257854,1787444111716257854,116.457079,,,,17671,17670,1,0,0,17671,AxisTarget,1,True,True,True,False,-0.136295,-90.011055,89.896927,0.039266,61.544777,-0.120778,483.452911,1.100684,820.768738,-179.979584,28.85865,179.978424,5370,False,True,
151,/kuka/axis_move/feedback_json,std_msgs/msg/String,2026-08-22T20:15:11.903692-04:00,1787444111,903685548,1787444111903685548,187.427694,,,,17672,17671,1,0,0,17672,AxisTarget,1,True,True,True,False,-0.141187,-90.011436,89.893333,0.040811,63.682655,-0.124958,480.766083,1.132291,819.386292,-179.977875,26.688292,179.982971,5371,False,True,
152,/kuka/axis_move/feedback_json,std_msgs/msg/String,2026-08-22T20:15:12.091888-04:00,1787444112,91860992,1787444112091860992,188.175444,,,,17673,17672,1,0,0,17673,AxisTarget,1,True,True,True,False,-0.1433,-90.011597,89.891899,0.0414,64.458603,-0.1264,479.476318,1.147043,818.7677,-179.977127,25.661156,179.985199,5372,False,True,
153,/kuka/axis_move/feedback_json,std_msgs/msg/String,2026-08-22T20:15:12.200832-04:00,1787444112,200821118,1787444112200821118,108.960126,,,,17674,17673,1,0,0,17674,AxisTarget,1,True,True,True,False,-0.1433,-90.011597,89.891899,0.0414,64.458603,-0.1264,479.476288,1.147043,818.767639,-179.977127,25.661121,179.985199,5372,False,True,
154,/kuka/axis_move/feedback_json,std_msgs/msg/String,2026-08-22T20:15:12.388492-04:00,1787444112,388481488,1787444112388481488,187.66037,,,,17675,17674,1,0,0,17675,AxisTarget,1,True,True,True,True,-0.1433,-90.011597,89.891899,0.0414,64.458603,-0.1264,479.476288,1.147043,818.767639,-179.977127,25.661121,179.985199,5373,False,True,
155,/kuka/axis_move/feedback_json,std_msgs/msg/String,2026-08-22T20:15:12.497196-04:00,1787444112,497184483,1787444112497184483,108.702995,,,,17676,17675,1,0,0,17676,AxisTarget,1,True,True,True,True,-0.143428,-90.011604,89.891762,0.041471,64.574051,-0.126662,479.428955,1.147572,818.745483,-179.977097,25.623602,179.985291,5373,False,True,
156,/kuka/axis_move/feedback_json,std_msgs/msg/String,2026-08-22T20:15:12.611871-04:00,1787444112,611855760,1787444112611855760,114.671277,,,,17677,17676,1,0,0,17677,AxisTarget,1,True,True,True,False,-0.14514,-90.011742,89.890297,0.042122,65.503387,-0.128533,478.531494,1.157528,818.332214,-179.976639,24.914194,179.986847,5373,False,True,
157,/kuka/axis_move/feedback_json,std_msgs/msg/String,2026-08-22T20:15:12.728654-04:00,1787444112,728632387,1787444112728632387,116.776627,,,,17678,17677,1,0,0,17678,AxisTarget,1,True,True,True,False,-0.148177,-90.011948,89.888054,0.043089,66.844925,-0.131165,476.861237,1.175745,817.598511,-179.97583,23.604555,179.989807,5373,False,True,
158,/kuka/axis_move/feedback_json,std_msgs/msg/String,2026-08-22T20:15:12.920452-04:00,1787444112,920422537,1787444112920422537,191.79015,,,,17679,17678,1,0,0,17679,AxisTarget,1,True,True,True,False,-0.151794,-90.012192,89.885452,0.044183,68.321121,-0.133975,474.62677,1.199517,816.687073,-179.974884,21.872589,179.993835,5374,False,True,
159,/kuka/axis_move/feedback_json,std_msgs/msg/String,2026-08-22T20:15:13.096711-04:00,1787444113,96704209,1787444113096704209,176.281672,,,,17680,17679,1,0,0,17680,AxisTarget,1,True,True,True,False,-0.1519,-90.012199,89.885399,0.0442,68.3386,-0.134,474.517242,1.200665,816.644409,-179.974838,21.788242,179.994034,5375,False,True,
160,/kuka/axis_move/feedback_json,std_msgs/msg/String,2026-08-22T20:15:13.282785-04:00,1787444113,282775055,1787444113282775055,186.070846,,,,17681,17680,1,0,0,17681,AxisTarget,1,True,True,True,True,-0.1519,-90.012199,89.885399,0.0442,68.3386,-0.134,474.517242,1.200665,816.644409,-179.974838,21.788242,179.994034,5376,False,True,
161,/kuka/axis_move/feedback_json,std_msgs/msg/String,2026-08-22T20:15:13.402064-04:00,1787444113,402056722,1787444113402056722,119.281667,,,,17682,17681,1,0,0,17682,AxisTarget,1,True,True,True,True,-0.152083,-90.012215,89.885208,0.044292,68.51046,-0.13438,474.457245,1.201295,816.621155,-179.974823,21.742064,179.994141,5376,False,True,
162,/kuka/axis_move/feedback_json,std_msgs/msg/String,2026-08-22T20:15:13.508758-04:00,1787444113,508747171,1787444113508747171,106.690449,,,,17683,17682,1,0,0,17683,AxisTarget,1,True,True,True,False,-0.154098,-90.01239,89.883591,0.044982,69.507858,-0.136379,473.339447,1.212947,816.197632,-179.974411,20.884459,179.996185,5376,False,True,
163,/kuka/axis_move/feedback_json,std_msgs/msg/String,2026-08-22T20:15:13.625194-04:00,1787444113,625162833,1787444113625162833,116.415662,,,,17684,17683,1,0,0,17684,AxisTarget,1,True,True,True,False,-0.15696,-90.012619,89.881416,0.045886,70.807388,-0.138926,471.718018,1.229579,815.616943,-179.973877,19.64904,179.999176,5376,False,True,
164,/kuka/axis_move/feedback_json,std_msgs/msg/String,2026-08-22T20:15:13.809052-04:00,1787444113,809029844,1787444113809029844,183.867011,,,,17685,17684,1,0,0,17685,AxisTarget,1,True,True,True,False,-0.160432,-90.012894,89.878929,0.046891,72.209442,-0.141588,469.486176,1.251979,814.881409,-179.973282,17.96377,-179.996613,5377,False,True,
165,/kuka/axis_move/feedback_json,std_msgs/msg/String,2026-08-22T20:15:13.926775-04:00,1787444113,926764535,1787444113926764535,117.734691,,,,17686,17685,1,0,0,17686,AxisTarget,1,True,True,True,False,-0.1605,-90.012901,89.878899,0.0469,72.218597,-0.1416,469.421875,1.252616,814.861267,-179.973267,17.915464,-179.99649,5377,False,True,
166,/kuka/axis_move/feedback_json,std_msgs/msg/String,2026-08-22T20:15:14.112560-04:00,1787444114,112533035,1787444114112533035,185.7685,,,,17687,17686,1,0,0,17687,AxisTarget,1,True,True,True,True,-0.1605,-90.012901,89.878899,0.0469,72.218597,-0.1416,469.421875,1.252616,814.861267,-179.973267,17.915464,-179.99649,5378,False,True,
167,/kuka/axis_move/feedback_json,std_msgs/msg/String,2026-08-22T20:15:14.220892-04:00,1787444114,220880766,1787444114220880766,108.347731,,,,17688,17687,1,0,0,17688,AxisTarget,1,True,True,True,True,-0.160501,-90.012901,89.878899,0.046902,72.222313,-0.141611,469.421875,1.252617,814.861267,-179.973267,17.915461,-179.99649,5378,False,True,
168,/kuka/axis_move/feedback_json,std_msgs/msg/String,2026-08-22T20:15:14.338636-04:00,1787444114,338624164,1787444114338624164,117.743398,,,,17689,17688,1,0,0,17689,AxisTarget,1,True,True,True,False,-0.161338,-90.012978,89.878159,0.047243,72.727737,-0.142666,469.034729,1.256434,814.741394,-179.973175,17.624887,-179.995743,5378,False,True,
169,/kuka/axis_move/feedback_json,std_msgs/msg/String,2026-08-22T20:15:14.446911-04:00,1787444114,446895262,1787444114446895262,108.271098,,,,17690,17689,1,0,0,17690,AxisTarget,1,True,True,True,False,-0.163884,-90.013184,89.876183,0.048103,73.931839,-0.145047,467.508881,1.271326,814.289795,-179.972855,16.484058,-179.992737,5378,False,True,
170,/kuka/axis_move/feedback_json,std_msgs/msg/String,2026-08-22T20:15:14.634719-04:00,1787444114,634709032,1787444114634709032,187.81377,,,,17691,17690,1,0,0,17691,AxisTarget,1,True,True,True,False,-0.168291,-90.01355,89.872864,0.049518,75.872147,-0.148803,464.793671,1.297256,813.566895,-179.972443,14.470144,-179.987274,5379,False,True,
171,/kuka/axis_move/feedback_json,std_msgs/msg/String,2026-08-22T20:15:14.816741-04:00,1787444114,816729618,1787444114816729618,182.020586,,,,17692,17691,1,0,0,17692,AxisTarget,1,True,True,True,False,-0.1691,-90.013603,89.872398,0.0497,76.098602,-0.1492,464.214081,1.302701,813.42572,-179.972382,14.042682,-179.986084,5380,False,True,
172,/kuka/axis_move/feedback_json,std_msgs/msg/String,2026-08-22T20:15:15.007188-04:00,1787444115,7179712,1787444115007179712,190.450094,,,,17693,17692,1,0,0,17693,AxisTarget,1,True,True,True,True,-0.1691,-90.013603,89.872398,0.0497,76.098602,-0.1492,464.214081,1.302701,813.42572,-179.972382,14.042682,-179.986084,5381,False,True,
173,/kuka/axis_move/feedback_json,std_msgs/msg/String,2026-08-22T20:15:15.117173-04:00,1787444115,117161072,1787444115117161072,109.98136,,,,17694,17693,1,0,0,17694,AxisTarget,1,True,True,True,True,-0.169103,-90.013603,89.872391,0.049704,76.107048,-0.149224,464.213745,1.302704,813.425659,-179.972382,14.04243,-179.986084,5381,False,True,
174,/kuka/axis_move/feedback_json,std_msgs/msg/String,2026-08-22T20:15:15.232722-04:00,1787444115,232714952,1787444115232714952,115.55388,,,,17695,17694,1,0,0,17695,AxisTarget,1,True,True,True,False,-0.170076,-90.013695,89.871559,0.050092,76.673904,-0.150401,463.747101,1.307105,813.315369,-179.972351,13.698874,-179.985123,5381,False,True,
175,/kuka/axis_move/feedback_json,std_msgs/msg/String,2026-08-22T20:15:15.353337-04:00,1787444115,353308456,1787444115353308456,120.593504,,,,17696,17695,1,0,0,17696,AxisTarget,1,True,True,True,False,-0.172705,-90.013924,89.869476,0.051008,77.947472,-0.153011,462.144684,1.322071,812.958862,-179.972244,12.522828,-179.981766,5381,False,True,
176,/kuka/axis_move/feedback_json,std_msgs/msg/String,2026-08-22T20:15:15.537284-04:00,1787444115,537271769,1787444115537271769,183.963313,,,,17697,17696,1,0,0,17697,AxisTarget,1,True,True,True,False,-0.177025,-90.014267,89.866417,0.05232,79.724831,-0.156345,459.430695,1.346929,812.433105,-179.972244,10.542834,-179.975906,5382,False,True,
177,/kuka/axis_move/feedback_json,std_msgs/msg/String,2026-08-22T20:15:15.648847-04:00,1787444115,648836301,1787444115648836301,111.564532,,,,17698,17697,1,0,0,17698,AxisTarget,1,True,True,True,False,-0.1774,-90.014297,89.866203,0.0524,79.818497,-0.1565,459.137451,1.34958,812.38208,-179.97226,10.329704,-179.975266,5382,False,True,
178,/kuka/axis_move/feedback_json,std_msgs/msg/String,2026-08-22T20:15:15.836912-04:00,1787444115,836884050,1787444115836884050,188.047749,,,,17699,17698,1,0,0,17699,AxisTarget,1,True,True,True,True,-0.1774,-90.014297,89.866203,0.0524,79.818497,-0.1565,459.137451,1.34958,812.38208,-179.97226,10.3297,-179.975266,5383,False,True,
179,/kuka/axis_move/feedback_json,std_msgs/msg/String,2026-08-22T20:15:15.952631-04:00,1787444115,952620572,1787444115952620572,115.736522,,,,17700,17699,1,0,0,17700,AxisTarget,1,True,True,True,False,-0.1774,-90.014297,89.866203,0.0524,79.818497,-0.1565,459.137451,1.34958,812.38208,-179.97226,10.3297,-179.975266,5383,False,True,
180,/kuka/axis_move/feedback_json,std_msgs/msg/String,2026-08-22T20:15:16.064944-04:00,1787444116,64936672,1787444116064936672,112.3161,,,,17701,17700,1,0,0,17701,AxisTarget,1,True,True,True,True,-0.177724,-90.014328,89.865883,0.052554,80.054222,-0.157012,458.985962,1.350929,812.356201,-179.972275,10.219655,-179.97493,5383,False,True,
181,/kuka/axis_move/feedback_json,std_msgs/msg/String,2026-08-22T20:15:16.174851-04:00,1787444116,174839545,1787444116174839545,109.902873,,,,17702,17701,1,0,0,17702,AxisTarget,1,True,True,True,False,-0.179895,-90.014519,89.86412,0.05332,81.131287,-0.159163,457.710022,1.362227,812.150146,-179.972382,9.294265,-179.972076,5383,False,True,
182,/kuka/axis_move/feedback_json,std_msgs/msg/String,2026-08-22T20:15:16.360728-04:00,1787444116,360718054,1787444116360718054,185.878509,,,,17703,17702,1,0,0,17703,AxisTarget,1,True,True,True,False,-0.184073,-90.014877,89.860992,0.054632,82.904716,-0.162572,455.034973,1.38554,811.786255,-179.972794,7.36176,-179.965958,5384,False,True,
183,/kuka/axis_move/feedback_json,std_msgs/msg/String,2026-08-22T20:15:16.473321-04:00,1787444116,473314999,1787444116473314999,112.596945,,,,17704,17703,1,0,0,17704,AxisTarget,1,True,True,True,False,-0.1844,-90.0149,89.860802,0.0547,82.983597,-0.1627,454.769714,1.387826,811.755188,-179.972855,7.170631,-179.965332,5384,False,True,
184,/kuka/axis_move/feedback_json,std_msgs/msg/String,2026-08-22T20:15:16.665543-04:00,1787444116,665496497,1787444116665496497,192.181498,,,,17705,17704,1,0,0,17705,AxisTarget,1,True,True,True,True,-0.1844,-90.0149,89.860802,0.0547,82.983597,-0.1627,454.769714,1.387826,811.755188,-179.972855,7.170626,-179.965332,5385,False,True,
185,/kuka/axis_move/feedback_json,std_msgs/msg/String,2026-08-22T20:15:16.776901-04:00,1787444116,776890721,1787444116776890721,111.394224,,,,17706,17705,1,0,0,17706,AxisTarget,1,True,True,True,False,-0.1844,-90.0149,89.860802,0.0547,82.983597,-0.1627,454.769714,1.387826,811.755188,-179.972855,7.170626,-179.965332,5385,False,True,
186,/kuka/axis_move/feedback_json,std_msgs/msg/String,2026-08-22T20:15:16.893259-04:00,1787444116,893251422,1787444116893251422,116.360701,,,,17707,17706,1,0,0,17707,AxisTarget,1,True,True,True,True,-0.184732,-90.014923,89.860481,0.054849,83.223145,-0.163223,454.615753,1.389179,811.737488,-179.972885,7.0597,-179.964981,5385,False,True,
187,/kuka/axis_move/feedback_json,std_msgs/msg/String,2026-08-22T20:15:17.004964-04:00,1787444117,4949967,1787444117004949967,111.698545,,,,17708,17707,1,0,0,17708,AxisTarget,1,True,True,True,False,-0.187126,-90.015091,89.858627,0.055643,84.388412,-0.165555,453.273193,1.400908,811.595825,-179.973175,6.093471,-179.961838,5385,False,True,
188,/kuka/axis_move/feedback_json,std_msgs/msg/String,2026-08-22T20:15:17.191967-04:00,1787444117,191962639,1787444117191962639,187.012672,,,,17709,17708,1,0,0,17709,AxisTarget,1,True,True,True,False,-0.190191,-90.015297,89.856499,0.0565,85.575607,-0.1678,451.189148,1.418898,811.421082,-179.973755,4.596932,-179.956818,5386,False,True,
189,/kuka/axis_move/feedback_json,std_msgs/msg/String,2026-08-22T20:15:17.375697-04:00,1787444117,375684973,1787444117375684973,183.722334,,,,17710,17709,1,0,0,17710,AxisTarget,1,False,True,True,False,-0.1902,-90.015297,89.856499,0.0565,85.575798,-0.1678,451.169922,1.419062,811.419739,-179.97377,4.583144,-179.956772,5387,False,True,
190,/kuka/axis_move/feedback_json,std_msgs/msg/String,2026-08-22T20:15:17.566377-04:00,1787444117,566362716,1787444117566362716,190.677743,,,,17711,17710,1,0,0,17711,AxisTarget,1,True,True,True,True,-0.1902,-90.015297,89.856499,0.0565,85.575798,-0.1678,451.169922,1.419062,811.419739,-179.97377,4.583144,-179.956772,5388,False,True,
191,/kuka/axis_move/feedback_json,std_msgs/msg/String,2026-08-22T20:15:17.681025-04:00,1787444117,681014940,1787444117681014940,114.652224,,,,17712,17711,1,0,0,17712,AxisTarget,1,True,True,True,True,-0.1902,-90.015297,89.856499,0.0565,85.576981,-0.167804,451.169922,1.419062,811.419739,-179.97377,4.583144,-179.956772,5388,False,True,
192,/kuka/axis_move/feedback_json,std_msgs/msg/String,2026-08-22T20:15:17.792447-04:00,1787444117,792440844,1787444117792440844,111.425904,,,,17713,17712,1,0,0,17713,AxisTarget,1,True,True,True,False,-0.19089,-90.015366,89.855865,0.056804,86.021088,-0.168756,450.820038,1.422022,811.395996,-179.973877,4.332297,-179.955902,5388,False,True,
193,/kuka/axis_move/feedback_json,std_msgs/msg/String,2026-08-22T20:15:17.903025-04:00,1787444117,903017359,1787444117903017359,110.576515,,,,17714,17713,1,0,0,17714,AxisTarget,1,True,True,True,False,-0.193526,-90.015602,89.853859,0.057694,87.218437,-0.171121,449.205841,1.435588,811.306274,-179.974487,3.176065,-179.951828,5388,False,True,
194,/kuka/axis_move/feedback_json,std_msgs/msg/String,2026-08-22T20:15:18.088149-04:00,1787444118,88135135,1787444118088135135,185.117776,,,,17715,17714,1,0,0,17715,AxisTarget,1,True,True,True,False,-0.1947,-90.015701,89.853104,0.058,87.595001,-0.1718,448.355835,1.442677,811.272095,-179.974838,2.567757,-179.949646,5389,False,True,
195,/kuka/axis_move/feedback_json,std_msgs/msg/String,2026-08-22T20:15:18.201839-04:00,1787444118,201832071,1787444118201832071,113.696936,,,,17716,17715,1,0,0,17716,AxisTarget,1,True,True,True,True,-0.1947,-90.015701,89.853104,0.058,87.595001,-0.1718,448.355835,1.442677,811.272095,-179.974838,2.567758,-179.949646,5389,False,True,
196,/kuka/axis_move/feedback_json,std_msgs/msg/String,2026-08-22T20:15:18.392425-04:00,1787444118,392398807,1787444118392398807,190.566736,,,,17717,17716,1,0,0,17717,AxisTarget,1,True,True,True,True,-0.1947,-90.015701,89.853104,0.058,87.595581,-0.171802,448.355835,1.442677,811.272095,-179.974838,2.567758,-179.949646,5390,False,True,
197,/kuka/axis_move/feedback_json,std_msgs/msg/String,2026-08-22T20:15:18.500811-04:00,1787444118,500799990,1787444118500799990,108.401183,,,,17718,17717,1,0,0,17718,AxisTarget,1,True,True,True,False,-0.195379,-90.015778,89.852432,0.058304,88.070442,-0.172793,448.008209,1.445552,811.260681,-179.974976,2.319087,-179.948761,5390,False,True,
198,/kuka/axis_move/feedback_json,std_msgs/msg/String,2026-08-22T20:15:18.608705-04:00,1787444118,608700075,1787444118608700075,107.900085,,,,17719,17718,1,0,0,17719,AxisTarget,1,True,True,True,False,-0.197577,-90.015976,89.850876,0.058938,88.967545,-0.174484,446.607361,1.457078,811.230042,-179.975616,1.317353,-179.945129,5390,False,True,
199,/kuka/axis_move/feedback_json,std_msgs/msg/String,2026-08-22T20:15:18.720599-04:00,1787444118,720592964,1787444118720592964,111.892889,,,,17720,17719,1,0,0,17720,AxisTarget,1,True,True,True,False,-0.1979,-90.015999,89.8507,0.059,89.041199,-0.1746,446.33728,1.45929,811.22699,-179.975739,1.124279,-179.944412,5390,False,True,
200,/kuka/axis_move/feedback_json,std_msgs/msg/String,2026-08-22T20:15:18.905158-04:00,1787444118,905151144,1787444118905151144,184.55818,,,,17721,17720,1,0,0,17721,AxisTarget,1,True,True,True,False,-0.1979,-90.015999,89.8507,0.059,89.041199,-0.1746,446.33728,1.45929,811.22699,-179.975739,1.124274,-179.944412,5391,False,True,
201,/kuka/axis_move/feedback_json,std_msgs/msg/String,2026-08-22T20:15:19.016908-04:00,1787444119,16895725,1787444119016895725,111.744581,,,,17722,17721,1,0,0,17722,AxisTarget,1,True,True,True,True,-0.19811,-90.016014,89.850471,0.059121,89.214401,-0.174982,446.243042,1.460031,811.226074,-179.9758,1.056874,-179.944153,5391,False,True,
202,/kuka/axis_move/feedback_json,std_msgs/msg/String,2026-08-22T20:15:19.132737-04:00,1787444119,132728590,1787444119132728590,115.832865,,,,17723,17722,1,0,0,17723,AxisTarget,1,True,True,True,False,-0.199686,-90.01609,89.849251,0.05968,89.895813,-0.176274,445.251251,1.467813,811.223511,-179.976334,0.347579,-179.941437,5391,False,True,
203,/kuka/axis_move/feedback_json,std_msgs/msg/String,2026-08-22T20:15:19.244466-04:00,1787444119,244460408,1787444119244460408,111.731818,,,,17724,17723,1,0,0,17724,AxisTarget,1,True,True,True,False,-0.1998,-90.016098,89.849197,0.0597,89.914497,-0.1763,445.118439,1.468852,811.224121,-179.97641,0.252586,-179.941071,5391,False,True,
204,/kuka/axis_move/feedback_json,std_msgs/msg/String,2026-08-22T20:15:19.430109-04:00,1787444119,430103158,1787444119430103158,185.64275,,,,17725,17724,1,0,0,17725,AxisTarget,1,True,True,True,True,-0.1998,-90.016098,89.849197,0.0597,89.91507,-0.176302,445.118439,1.468852,811.224121,-179.97641,0.252586,-179.941071,5392,False,True,
205,/kuka/axis_move/feedback_json,std_msgs/msg/String,2026-08-22T20:15:19.549707-04:00,1787444119,549700810,1787444119549700810,119.597652,,,,17726,17725,1,0,0,17726,AxisTarget,1,True,True,True,False,-0.200337,-90.016182,89.848778,0.059875,90.193306,-0.176869,444.835175,1.471344,811.226318,-179.976547,0.050292,-179.940323,5392,False,True,
206,/kuka/axis_move/feedback_json,std_msgs/msg/String,2026-08-22T20:15:19.736823-04:00,1787444119,736813663,1787444119736813663,187.112853,,,,17727,17726,1,0,0,17727,AxisTarget,1,True,True,True,True,-0.2005,-90.016197,89.848701,0.0599,90.214798,-0.1769,444.698792,1.472543,811.227722,-179.976624,-0.047117,-179.939957,5393,False,True,
207,/kuka/axis_move/feedback_json,std_msgs/msg/String,2026-08-22T20:15:19.842826-04:00,1787444119,842818571,1787444119842818571,106.004908,,,,17728,17727,1,0,0,17728,AxisTarget,1,True,True,True,False,-0.2005,-90.016197,89.848701,0.0599,90.214996,-0.1769,444.698517,1.472542,811.227722,-179.976624,-0.047316,-179.939957,5393,False,True,
208,/kuka/axis_move/feedback_json,std_msgs/msg/String,2026-08-22T20:15:20.032700-04:00,1787444120,32688955,1787444120032688955,189.870384,,,,17729,17728,1,0,0,17729,AxisTarget,1,True,True,True,False,-0.2005,-90.016197,89.848701,0.0599,90.214996,-0.1769,444.698517,1.472542,811.227722,-179.976624,-0.047315,-179.939957,5394,False,True,
209,/kuka/axis_move/feedback_json,std_msgs/msg/String,2026-08-22T20:15:20.145025-04:00,1787444120,145015467,1787444120145015467,112.326512,,,,17730,17729,1,0,0,17730,AxisTarget,1,True,True,True,True,-0.2005,-90.016197,89.848701,0.0599,90.214996,-0.1769,444.698517,1.472542,811.227722,-179.976624,-0.047315,-179.939957,5394,False,True,
210,/kuka/axis_move/feedback_json,std_msgs/msg/String,2026-08-22T20:15:20.328602-04:00,1787444120,328589816,1787444120328589816,183.574349,,,,17731,17730,1,0,0,17731,AxisTarget,1,True,True,True,False,-0.2005,-90.016197,89.848701,0.0599,90.214996,-0.1769,444.698517,1.472542,811.227722,-179.976624,-0.047315,-179.939957,5395,False,True,
211,/kuka/axis_move/feedback_json,std_msgs/msg/String,2026-08-22T20:15:20.444991-04:00,1787444120,444967551,1787444120444967551,116.377735,,,,17732,17731,1,0,0,17732,AxisTarget,1,True,True,True,True,-0.203361,-90.009125,89.851036,0.059925,90.193604,-0.187761,444.724274,1.484718,811.200439,-179.976624,-0.047323,-179.939941,5395,False,True,
212,/kuka/axis_move/feedback_json,std_msgs/msg/String,2026-08-22T20:15:20.631537-04:00,1787444120,631508073,1787444120631508073,186.540522,,,,17733,17732,1,0,0,17733,AxisTarget,1,True,True,True,False,-0.319907,-89.789146,89.907509,0.060399,89.928787,-0.297843,446.644073,2.398531,809.159851,-179.97702,-0.047869,-179.939362,5396,False,True,
213,/kuka/axis_move/feedback_json,std_msgs/msg/String,2026-08-22T20:15:20.743095-04:00,1787444120,743085092,1787444120743085092,111.577019,,,,17734,17733,1,0,0,17734,AxisTarget,1,True,True,True,False,-0.3208,-89.788002,89.9077,0.0604,89.928497,-0.2979,446.681915,2.41667,809.119446,-179.97702,-0.04788,-179.939346,5396,False,True,
214,/kuka/axis_move/feedback_json,std_msgs/msg/String,2026-08-22T20:15:20.858874-04:00,1787444120,858846443,1787444120858846443,115.761351,,,,17735,17734,1,0,0,17735,AxisTarget,1,True,True,True,True,-0.326789,-89.773979,89.912109,0.060454,89.897881,-0.313086,446.729004,2.439267,809.069153,-179.977036,-0.047891,-179.939331,5396,False,True,
215,/kuka/axis_move/feedback_json,std_msgs/msg/String,2026-08-22T20:15:20.970657-04:00,1787444120,970646800,1787444120970646800,111.800357,,,,17736,17735,1,0,0,17736,AxisTarget,1,True,True,True,False,-0.447287,-89.534508,89.976753,0.06114,89.557823,-0.461769,448.415527,3.253598,807.259399,-179.97731,-0.048265,-179.938736,5396,False,True,
216,/kuka/axis_move/feedback_json,std_msgs/msg/String,2026-08-22T20:15:21.154456-04:00,1787444121,154450911,1787444121154450911,183.804111,,,,17737,17736,1,0,0,17737,AxisTarget,1,True,True,True,False,-0.67376,-89.116043,90.081886,0.062179,89.077255,-0.657917,452.377441,5.208391,802.944763,-179.977966,-0.049145,-179.937302,5397,False,True,
217,/kuka/axis_move/feedback_json,std_msgs/msg/String,2026-08-22T20:15:21.268989-04:00,1787444121,268975998,1787444121268975998,114.525087,,,,17738,17737,1,0,0,17738,AxisTarget,1,True,True,True,False,-0.6816,-89.103699,90.084503,0.0622,89.069099,-0.6606,452.554352,5.297073,802.749939,-179.977997,-0.049184,-179.937241,5397,False,True,
218,/kuka/axis_move/feedback_json,std_msgs/msg/String,2026-08-22T20:15:21.463886-04:00,1787444121,463858256,1787444121463858256,194.882258,,,,17739,17738,1,0,0,17739,AxisTarget,1,True,True,True,True,-0.6816,-89.103699,90.084503,0.0622,89.069099,-0.6606,452.554352,5.297072,802.749939,-179.977997,-0.049184,-179.937241,5398,False,True,
219,/kuka/axis_move/feedback_json,std_msgs/msg/String,2026-08-22T20:15:21.571887-04:00,1787444121,571877075,1787444121571877075,108.018819,,,,17740,17739,1,0,0,17740,AxisTarget,1,True,True,True,False,-0.6816,-89.103699,90.084503,0.0622,89.069069,-0.660633,452.554352,5.297072,802.749939,-179.977997,-0.049184,-179.937241,5398,False,True,
220,/kuka/axis_move/feedback_json,std_msgs/msg/String,2026-08-22T20:15:21.681018-04:00,1787444121,681005751,1787444121681005751,109.128676,,,,17741,17740,1,0,0,17741,AxisTarget,1,True,True,True,True,-0.714999,-89.033142,90.104706,0.062419,88.950211,-0.715489,452.980377,5.511123,802.280151,-179.978058,-0.049286,-179.937088,5398,False,True,
221,/kuka/axis_move/feedback_json,std_msgs/msg/String,2026-08-22T20:15:21.789076-04:00,1787444121,789064776,1787444121789064776,108.059025,,,,17742,17741,1,0,0,17742,AxisTarget,1,True,True,True,False,-0.89354,-88.683876,90.197678,0.06336,88.473267,-0.921891,455.65683,6.872004,799.303955,-179.978531,-0.049924,-179.936142,5398,False,True,
222,/kuka/axis_move/feedback_json,std_msgs/msg/String,2026-08-22T20:15:21.976177-04:00,1787444121,976153545,1787444121976153545,187.088769,,,,17743,17742,1,0,0,17743,AxisTarget,1,True,True,True,False,-1.228283,-88.05925,90.356346,0.064892,87.73098,-1.228908,461.099609,9.727427,793.116943,-179.979446,-0.051226,-179.934174,5399,False,True,
223,/kuka/axis_move/feedback_json,std_msgs/msg/String,2026-08-22T20:15:22.084654-04:00,1787444122,84643636,1787444122084643636,108.490091,,,,17744,17743,1,0,0,17744,AxisTarget,1,True,True,True,False,-1.28282,-87.963264,90.379288,0.0651,87.636688,-1.265308,462.074615,10.251741,791.988892,-179.979614,-0.051459,-179.933807,5399,False,True,
224,/kuka/axis_move/feedback_json,std_msgs/msg/String,2026-08-22T20:15:22.271872-04:00,1787444122,271862249,1787444122271862249,187.218613,,,,17745,17744,1,0,0,17745,AxisTarget,1,True,True,True,True,-1.283,-87.963097,90.379303,0.0651,87.636703,-1.2653,462.086578,10.258195,791.974976,-179.979614,-0.051462,-179.933807,5400,False,True,
225,/kuka/axis_move/feedback_json,std_msgs/msg/String,2026-08-22T20:15:22.392118-04:00,1787444122,392102415,1787444122392102415,120.240166,,,,17746,17745,1,0,0,17746,AxisTarget,1,True,True,True,False,-1.283,-87.963097,90.379303,0.0651,87.636703,-1.2653,462.086578,10.258195,791.974976,-179.979614,-0.051462,-179.933807,5400,False,True,
226,/kuka/axis_move/feedback_json,std_msgs/msg/String,2026-08-22T20:15:22.504049-04:00,1787444122,504032566,1787444122504032566,111.930151,,,,17747,17746,1,0,0,17747,AxisTarget,1,True,True,True,True,-1.284113,-87.960091,90.380371,0.065114,87.62767,-1.270168,462.091034,10.260605,791.969849,-179.979614,-0.051463,-179.933807,5400,False,True,
227,/kuka/axis_move/feedback_json,std_msgs/msg/String,2026-08-22T20:15:22.613707-04:00,1787444122,613697237,1787444122613697237,109.664671,,,,17748,17747,1,0,0,17748,AxisTarget,1,True,True,True,False,-1.370981,-87.78437,90.428665,0.06561,87.364449,-1.387386,463.270264,10.900135,790.597107,-179.979813,-0.051735,-179.93338,5400,False,True,
228,/kuka/axis_move/feedback_json,std_msgs/msg/String,2026-08-22T20:15:22.800540-04:00,1787444122,800531951,1787444122800531951,186.834714,,,,17749,17748,1,0,0,17749,AxisTarget,1,True,True,True,False,-1.821676,-86.923302,90.657181,0.067837,86.243454,-1.862247,470.053375,14.695305,782.519836,-179.980896,-0.053304,-179.930878,5401,False,True,
229,/kuka/axis_move/feedback_json,std_msgs/msg/String,2026-08-22T20:15:22.986833-04:00,1787444122,986822397,1787444122986822397,186.290446,,,,17750,17749,1,0,0,17750,AxisTarget,1,True,True,True,False,-2.105156,-86.399368,90.784508,0.069037,85.658577,-2.101974,474.473083,17.279541,777.082214,-179.981567,-0.05433,-179.929214,5402,False,True,
230,/kuka/axis_move/feedback_json,std_msgs/msg/String,2026-08-22T20:15:23.097827-04:00,1787444123,97817247,1787444123097817247,110.99485,,,,17751,17750,1,0,0,17751,AxisTarget,1,True,True,True,False,-2.1249,-86.366302,90.792,0.0691,85.631302,-2.1118,474.882477,17.52355,776.571167,-179.981628,-0.054425,-179.929047,5402,False,True,
231,/kuka/axis_move/feedback_json,std_msgs/msg/String,2026-08-22T20:15:23.280981-04:00,1787444123,280974569,1787444123280974569,183.157322,,,,17752,17751,1,0,0,17752,AxisTarget,1,True,True,True,True,-2.1249,-86.366302,90.792,0.0691,85.631302,-2.1118,474.882446,17.52354,776.571228,-179.981628,-0.054425,-179.929047,5403,False,True,
232,/kuka/axis_move/feedback_json,std_msgs/msg/String,2026-08-22T20:15:23.392658-04:00,1787444123,392646788,1787444123392646788,111.672219,,,,17753,17752,1,0,0,17753,AxisTarget,1,True,True,True,False,-2.1249,-86.366302,90.792,0.0691,85.631302,-2.1118,474.882446,17.52354,776.571228,-179.981628,-0.054425,-179.929047,5403,False,True,
233,/kuka/axis_move/feedback_json,std_msgs/msg/String,2026-08-22T20:15:23.512703-04:00,1787444123,512666071,1787444123512666071,120.019283,,,,17754,17753,1,0,0,17754,AxisTarget,1,True,True,True,True,-2.134142,-86.345238,90.79847,0.069174,85.588318,-2.132722,474.955017,17.566879,776.48053,-179.981644,-0.054442,-179.929031,5403,False,True,
234,/kuka/axis_move/feedback_json,std_msgs/msg/String,2026-08-22T20:15:23.620639-04:00,1787444123,620629097,1787444123620629097,107.963026,,,,17755,17754,1,0,0,17755,AxisTarget,1,True,True,True,False,-2.278861,-86.058525,90.87571,0.069963,85.182236,-2.310611,476.805145,18.680271,774.154358,-179.981918,-0.054878,-179.928314,5403,False,True,
235,/kuka/axis_move/feedback_json,std_msgs/msg/String,2026-08-22T20:15:23.812240-04:00,1787444123,812230745,1787444123812230745,191.601648,,,,17756,17755,1,0,0,17756,AxisTarget,1,True,True,True,False,-2.820894,-85.025955,91.143509,0.072595,83.873703,-2.863919,484.497772,23.492779,764.190186,-179.983017,-0.056696,-179.925278,5404,False,True,
236,/kuka/axis_move/feedback_json,std_msgs/msg/String,2026-08-22T20:15:23.998270-04:00,1787444123,998258580,1787444123998258580,186.027835,,,,17757,17756,1,0,0,17757,AxisTarget,1,True,True,True,False,-3.16199,-84.392487,91.303711,0.074132,83.12899,-3.171128,489.57782,26.842388,757.333679,-179.983704,-0.057905,-179.923218,5405,False,True,
237,/kuka/axis_move/feedback_json,std_msgs/msg/String,2026-08-22T20:15:24.110075-04:00,1787444124,110067726,1787444124110067726,111.809146,,,,17758,17757,1,0,0,17758,AxisTarget,1,True,True,True,False,-3.207318,-84.313263,91.322502,0.0743,83.052994,-3.200203,490.361206,27.371765,756.255493,-179.98381,-0.058092,-179.922897,5405,False,True,
238,/kuka/axis_move/feedback_json,std_msgs/msg/String,2026-08-22T20:15:24.293033-04:00,1787444124,293017239,1787444124293017239,182.949513,,,,17759,17758,1,0,0,17759,AxisTarget,1,True,True,True,True,-3.2074,-84.313202,91.322502,0.0743,83.053001,-3.2002,490.367737,27.376204,756.24646,-179.98381,-0.058093,-179.922897,5406,False,True,
239,/kuka/axis_move/feedback_json,std_msgs/msg/String,2026-08-22T20:15:24.409158-04:00,1787444124,409149918,1787444124409149918,116.132679,,,,17760,17759,1,0,0,17760,AxisTarget,1,True,True,True,False,-3.2074,-84.313202,91.322502,0.0743,83.053001,-3.2002,490.367737,27.376204,756.24646,-179.98381,-0.058093,-179.922897,5406,False,True,
240,/kuka/axis_move/feedback_json,std_msgs/msg/String,2026-08-22T20:15:24.520986-04:00,1787444124,520974803,1787444124520974803,111.824885,,,,17761,17760,1,0,0,17761,AxisTarget,1,True,True,True,True,-3.209027,-84.30896,91.323967,0.074319,83.041153,-3.206474,490.374542,27.380806,756.237061,-179.98381,-0.058095,-179.922882,5406,False,True,
241,/kuka/axis_move/feedback_json,std_msgs/msg/String,2026-08-22T20:15:24.635508-04:00,1787444124,635488712,1787444124635488712,114.513909,,,,17762,17761,1,0,0,17762,AxisTarget,1,True,True,True,False,-3.304213,-84.116974,91.376587,0.074868,82.755852,-3.333228,491.443695,28.109062,754.756042,-179.983963,-0.058352,-179.92244,5406,False,True,
242,/kuka/axis_move/feedback_json,std_msgs/msg/String,2026-08-22T20:15:24.824368-04:00,1787444124,824356243,1787444124824356243,188.867531,,,,17763,17762,1,0,0,17763,AxisTarget,1,True,True,True,False,-3.842448,-83.081985,91.647537,0.077575,81.408035,-3.908222,498.365814,32.989975,744.894836,-179.984848,-0.060022,-179.919525,5407,False,True,
243,/kuka/axis_move/feedback_json,std_msgs/msg/String,2026-08-22T20:15:25.009095-04:00,1787444125,9082743,1787444125009082743,184.7265,,,,17764,17763,1,0,0,17764,AxisTarget,1,True,True,True,False,-4.342139,-82.146889,91.88942,0.079929,80.265251,-4.383748,505.203522,38.114449,734.651123,-179.985657,-0.061691,-179.916534,5408,False,True,
244,/kuka/axis_move/feedback_json,std_msgs/msg/String,2026-08-22T20:15:25.120142-04:00,1787444125,120126476,1787444125120126476,111.043733,,,,17765,17764,1,0,0,17765,AxisTarget,1,True,True,True,False,-4.493418,-81.86795,91.955948,0.080566,79.961349,-4.507939,507.220184,39.688137,731.525452,-179.985886,-0.062187,-179.915634,5408,False,True,
245,/kuka/axis_move/feedback_json,std_msgs/msg/String,2026-08-22T20:15:25.309450-04:00,1787444125,309427019,1787444125309427019,189.300543,,,,17766,17765,1,0,0,17766,AxisTarget,1,True,True,True,False,-4.5304,-81.803902,91.971001,0.0807,79.901703,-4.5305,507.769745,40.122158,730.664917,-179.985947,-0.062322,-179.915375,5409,False,True,
246,/kuka/axis_move/feedback_json,std_msgs/msg/String,2026-08-22T20:15:25.420885-04:00,1787444125,420874558,1787444125420874558,111.447539,,,,17767,17766,1,0,0,17767,AxisTarget,1,True,True,True,True,-4.532055,-81.799583,91.972488,0.080719,79.889648,-4.536883,507.776001,40.127117,730.65509,-179.985947,-0.062324,-179.915375,5409,False,True,
247,/kuka/axis_move/feedback_json,std_msgs/msg/String,2026-08-22T20:15:25.534648-04:00,1787444125,534640668,1787444125534640668,113.76611,,,,17768,17767,1,0,0,17768,AxisTarget,1,True,True,True,False,-4.628925,-81.604218,92.026039,0.081274,79.599319,-4.665864,508.837585,40.972038,728.981934,-179.986053,-0.062588,-179.914902,5409,False,True,
248,/kuka/axis_move/feedback_json,std_msgs/msg/String,2026-08-22T20:15:25.644519-04:00,1787444125,644511145,1787444125644511145,109.870477,,,,17769,17768,1,0,0,17769,AxisTarget,1,True,True,True,False,-4.904278,-81.069984,92.167213,0.082686,78.883156,-4.974534,511.91449,43.470005,724.049255,-179.986343,-0.063356,-179.913498,5409,False,True,
249,/kuka/axis_move/feedback_json,std_msgs/msg/String,2026-08-22T20:15:25.829113-04:00,1787444125,829095750,1787444125829095750,184.584605,,,,17770,17769,1,0,0,17770,AxisTarget,1,True,True,True,False,-5.551395,-79.821548,92.489174,0.08583,77.327988,-5.628494,519.733643,50.170719,710.910461,-179.987,-0.065337,-179.909836,5410,False,True,
250,/kuka/axis_move/feedback_json,std_msgs/msg/String,2026-08-22T20:15:26.015538-04:00,1787444126,15532112,1787444126015532112,186.436362,,,,17771,17770,1,0,0,17771,AxisTarget,1,True,True,True,False,-5.969986,-79.063469,92.681831,0.087684,76.423584,-6.00355,524.614014,54.637524,702.217529,-179.98735,-0.066598,-179.907471,5411,False,True,
251,/kuka/axis_move/feedback_json,std_msgs/msg/String,2026-08-22T20:15:26.136471-04:00,1787444126,136448346,1787444126136448346,120.916234,,,,17772,17771,1,0,0,17772,AxisTarget,1,True,True,True,False,-6.066447,-78.888733,92.724876,0.088085,76.234856,-6.078953,525.755737,55.717251,700.123169,-179.987411,-0.066896,-179.906906,5411,False,True,
252,/kuka/axis_move/feedback_json,std_msgs/msg/String,2026-08-22T20:15:26.320974-04:00,1787444126,320963352,1787444126320963352,184.515006,,,,17773,17772,1,0,0,17773,AxisTarget,1,True,True,True,False,-6.0724,-78.879501,92.726799,0.0881,76.229073,-6.080835,525.866272,55.822552,699.919006,-179.987427,-0.066925,-179.906845,5412,False,True,
253,/kuka/axis_move/feedback_json,std_msgs/msg/String,2026-08-22T20:15:26.432980-04:00,1787444126,432970690,1787444126432970690,112.007338,,,,17774,17773,1,0,0,17774,AxisTarget,1,True,True,True,True,-6.108304,-78.80365,92.74852,0.088335,76.101288,-6.13981,526.140564,56.084255,699.411804,-179.987442,-0.066997,-179.906708,5412,False,True,
254,/kuka/axis_move/feedback_json,std_msgs/msg/String,2026-08-22T20:15:26.550249-04:00,1787444126,550215331,1787444126550215331,117.244641,,,,17775,17774,1,0,0,17775,AxisTarget,1,True,True,True,False,-6.311022,-78.386246,92.859695,0.089457,75.528946,-6.388182,528.232361,58.107437,695.4953,-179.987595,-0.067548,-179.905655,5412,False,True,
255,/kuka/axis_move/feedback_json,std_msgs/msg/String,2026-08-22T20:15:26.660512-04:00,1787444126,660501096,1787444126660501096,110.285765,,,,17776,17775,1,0,0,17776,AxisTarget,1,True,True,True,False,-6.691345,-77.645248,93.053543,0.091379,74.566238,-6.798465,532.12561,62.006718,687.969482,-179.987839,-0.068586,-179.903656,5412,False,True,
256,/kuka/axis_move/feedback_json,std_msgs/msg/String,2026-08-22T20:15:26.848633-04:00,1787444126,848627192,1787444126848627192,188.126096,,,,17777,17776,1,0,0,17777,AxisTarget,1,True,True,True,False,-7.310103,-76.494827,93.347771,0.094233,73.166924,-7.382658,538.4505,68.754532,675.005981,-179.988144,-0.070316,-179.900284,5413,False,True,
257,/kuka/axis_move/feedback_json,std_msgs/msg/String,2026-08-22T20:15:26.960935-04:00,1787444126,960910636,1787444126960910636,112.283444,,,,17778,17777,1,0,0,17778,AxisTarget,1,True,True,True,False,-7.532381,-76.088417,93.450836,0.095224,72.685211,-7.581968,540.658386,71.245369,670.237,-179.98822,-0.070935,-179.899063,5413,False,True,
258,/kuka/axis_move/feedback_json,std_msgs/msg/String,2026-08-22T20:15:27.072650-04:00,1787444127,72642559,1787444127072642559,111.731923,,,,17779,17778,1,0,0,17779,AxisTarget,1,True,True,True,False,-7.643018,-75.897469,93.498169,0.095668,72.474785,-7.666667,541.759766,72.516785,667.805664,-179.988251,-0.071247,-179.898453,5413,False,True,
259,/kuka/axis_move/feedback_json,std_msgs/msg/String,2026-08-22T20:15:27.256849-04:00,1787444127,256841614,1787444127256841614,184.199055,,,,17780,17779,1,0,0,17780,AxisTarget,1,True,True,True,False,-7.6541,-75.879501,93.502098,0.0957,72.461601,-7.6712,541.916626,72.699417,667.456543,-179.988251,-0.071292,-179.898361,5414,False,True,
260,/kuka/axis_move/feedback_json,std_msgs/msg/String,2026-08-22T20:15:27.367722-04:00,1787444127,367711704,1787444127367711704,110.87009,,,,17781,17780,1,0,0,17781,AxisTarget,1,True,True,True,True,-7.668253,-75.847954,93.511581,0.095807,72.40081,-7.700323,541.992493,72.787987,667.287292,-179.988266,-0.071314,-179.898315,5414,False,True,
261,/kuka/axis_move/feedback_json,std_msgs/msg/String,2026-08-22T20:15:27.481091-04:00,1787444127,481070341,1787444127481070341,113.358637,,,,17782,17781,1,0,0,17782,AxisTarget,1,True,True,True,False,-7.828148,-75.532043,93.596489,0.096673,71.956482,-7.894571,543.285828,74.311905,664.376038,-179.988281,-0.071685,-179.897583,5414,False,True,
262,/kuka/axis_move/feedback_json,std_msgs/msg/String,2026-08-22T20:15:27.592538-04:00,1787444127,592528311,1787444127592528311,111.45797,,,,17783,17782,1,0,0,17783,AxisTarget,1,True,True,True,False,-8.172472,-74.867157,93.771324,0.098419,71.078621,-8.270831,546.34491,78.035301,657.272827,-179.988281,-0.072578,-179.895813,5414,False,True,
263,/kuka/axis_move/feedback_json,std_msgs/msg/String,2026-08-22T20:15:27.773997-04:00,1787444127,773984452,1787444127773984452,181.456141,,,,17784,17783,1,0,0,17784,AxisTarget,1,True,True,True,False,-8.809813,-73.667053,94.079094,0.101417,69.607727,-8.886206,551.819519,85.17112,643.690247,-179.988205,-0.074235,-179.892502,5415,False,True,
264,/kuka/axis_move/feedback_json,std_msgs/msg/String,2026-08-22T20:15:27.956530-04:00,1787444127,956497701,1787444127956497701,182.513249,,,,17785,17784,1,0,0,17785,AxisTarget,1,True,True,True,False,-9.159112,-73.016579,94.244087,0.103007,68.836128,-9.205528,554.696594,89.20549,636.023621,-179.988098,-0.075145,-179.890686,5416,False,True,
265,/kuka/axis_move/feedback_json,std_msgs/msg/String,2026-08-22T20:15:28.066150-04:00,1787444128,66134302,1787444128066134302,109.636601,,,,17786,17785,1,0,0,17786,AxisTarget,1,True,True,True,False,-9.230805,-72.888107,94.275368,0.103296,68.702309,-9.258285,555.304626,90.086685,634.349915,-179.988068,-0.075341,-179.890289,5416,False,True,
266,/kuka/axis_move/feedback_json,std_msgs/msg/String,2026-08-22T20:15:28.256458-04:00,1787444128,256452282,1787444128256452282,190.31798,,,,17787,17786,1,0,0,17787,AxisTarget,1,True,True,True,True,-9.233104,-72.884781,94.276016,0.1033,68.700386,-9.259019,555.34021,90.138611,634.251282,-179.988068,-0.075353,-179.890259,5417,False,True,
267,/kuka/axis_move/feedback_json,std_msgs/msg/String,2026-08-22T20:15:28.376294-04:00,1787444128,376276314,1787444128376276314,119.824032,,,,17788,17787,1,0,0,17788,AxisTarget,1,True,True,True,False,-9.283753,-72.77932,94.305817,0.103621,68.529373,-9.343244,555.657227,90.602623,633.370056,-179.988052,-0.075454,-179.89006,5417,False,True,
268,/kuka/axis_move/feedback_json,std_msgs/msg/String,2026-08-22T20:15:28.488581-04:00,1787444128,488570399,1787444128488570399,112.294085,,,,17789,17788,1,0,0,17789,AxisTarget,1,True,True,True,False,-9.537686,-72.28405,94.43734,0.104956,67.855942,-9.628533,557.368591,93.159981,628.514099,-179.987961,-0.076012,-179.888916,5417,False,True,
269,/kuka/axis_move/feedback_json,std_msgs/msg/String,2026-08-22T20:15:28.601233-04:00,1787444128,601190645,1787444128601190645,112.620246,,,,17790,17789,1,0,0,17790,AxisTarget,1,True,True,True,False,-9.948959,-71.500885,94.640381,0.106966,66.865768,-10.046701,560.265503,97.709579,619.877319,-179.987762,-0.076986,-179.886932,5417,False,True,
270,/kuka/axis_move/feedback_json,std_msgs/msg/String,2026-08-22T20:15:28.792638-04:00,1787444128,792631848,1787444128792631848,191.441203,,,,17791,17790,1,0,0,17791,AxisTarget,1,True,True,True,False,-10.454319,-70.554535,94.881821,0.109321,65.722931,-10.522693,563.766968,103.645294,608.607544,-179.987427,-0.07823,-179.884399,5418,False,True,
271,/kuka/axis_move/feedback_json,std_msgs/msg/String,2026-08-22T20:15:28.904750-04:00,1787444128,904739525,1787444128904739525,112.107677,,,,17792,17791,1,0,0,17792,AxisTarget,1,True,True,True,False,-10.614259,-70.258934,94.956215,0.110036,65.380867,-10.662975,564.852478,105.599983,604.894653,-179.987305,-0.078633,-179.883575,5418,False,True,
272,/kuka/axis_move/feedback_json,std_msgs/msg/String,2026-08-22T20:15:29.092767-04:00,1787444129,92756358,1787444129092756358,188.016833,,,,17793,17792,1,0,0,17793,AxisTarget,1,True,True,True,False,-10.6578,-70.1828,94.974297,0.1102,65.307503,-10.6911,565.190125,106.220444,603.71582,-179.987259,-0.07876,-179.883316,5419,False,True,
273,/kuka/axis_move/feedback_json,std_msgs/msg/String,2026-08-22T20:15:29.203085-04:00,1787444129,203066500,1787444129203066500,110.310142,,,,17794,17793,1,0,0,17794,AxisTarget,1,True,True,True,True,-10.658337,-70.181206,94.974907,0.110209,65.301689,-10.694377,565.191162,106.222443,603.712036,-179.987259,-0.078761,-179.883316,5419,False,True,
274,/kuka/axis_move/feedback_json,std_msgs/msg/String,2026-08-22T20:15:29.312447-04:00,1787444129,312442274,1787444129312442274,109.375774,,,,17795,17794,1,0,0,17795,AxisTarget,1,True,True,True,False,-10.743113,-70.008629,95.022621,0.110708,65.038734,-10.812091,565.636841,107.050819,602.137817,-179.987213,-0.078936,-179.88298,5419,False,True,
275,/kuka/axis_move/feedback_json,std_msgs/msg/String,2026-08-22T20:15:29.425852-04:00,1787444129,425846328,1787444129425846328,113.404054,,,,17796,17795,1,0,0,17796,AxisTarget,1,True,True,True,False,-11.017402,-69.475807,95.163521,0.112123,64.32383,-11.120014,567.113037,109.877312,596.764221,-179.98703,-0.079529,-179.881821,5419,False,True,
276,/kuka/axis_move/feedback_json,std_msgs/msg/String,2026-08-22T20:15:29.611119-04:00,1787444129,611113163,1787444129611113163,185.266835,,,,17797,17796,1,0,0,17797,AxisTarget,1,True,True,True,False,-11.55778,-68.459145,95.423973,0.114657,63.082172,-11.638773,570.2052,116.276733,584.581238,-179.986542,-0.080854,-179.879257,5420,False,True,
277,/kuka/axis_move/feedback_json,std_msgs/msg/String,2026-08-22T20:15:29.800849-04:00,1787444129,800839056,1787444129800839056,189.725893,,,,17798,17797,1,0,0,17798,AxisTarget,1,True,True,True,False,-11.821369,-67.971558,95.546783,0.115832,62.516541,-11.870968,571.593689,119.408798,578.607605,-179.986282,-0.081494,-179.878021,5421,False,True,
278,/kuka/axis_move/feedback_json,std_msgs/msg/String,2026-08-22T20:15:29.914798-04:00,1787444129,914790495,1787444129914790495,113.951439,,,,17799,17798,1,0,0,17799,AxisTarget,1,True,True,True,False,-11.8419,-67.936897,95.554703,0.1159,62.487099,-11.8817,571.731812,119.730797,577.992981,-179.986252,-0.08156,-179.877899,5421,False,True,
279,/kuka/axis_move/feedback_json,std_msgs/msg/String,2026-08-22T20:15:30.101709-04:00,1787444130,101683705,1787444130101683705,186.89321,,,,17800,17799,1,0,0,17800,AxisTarget,1,True,True,True,True,-11.8419,-67.936897,95.554703,0.1159,62.487099,-11.8817,571.731812,119.730766,577.993042,-179.986252,-0.08156,-179.877899,5422,False,True,
280,/kuka/axis_move/feedback_json,std_msgs/msg/String,2026-08-22T20:15:30.212583-04:00,1787444130,212572962,1787444130212572962,110.889257,,,,17801,17800,1,0,0,17801,AxisTarget,1,True,True,True,False,-11.8419,-67.936897,95.554703,0.1159,62.487099,-11.8817,571.731812,119.730766,577.993042,-179.986252,-0.08156,-179.877899,5422,False,True,
281,/kuka/axis_move/feedback_json,std_msgs/msg/String,2026-08-22T20:15:30.330047-04:00,1787444130,330026417,1787444130330026417,117.453455,,,,17802,17801,1,0,0,17802,AxisTarget,1,True,True,True,True,-11.854342,-67.908867,95.563217,0.115996,62.431583,-11.9085,571.765442,119.80954,577.842651,-179.986252,-0.081575,-179.877869,5422,False,True,
282,/kuka/axis_move/feedback_json,std_msgs/msg/String,2026-08-22T20:15:30.436313-04:00,1787444130,436307598,1787444130436307598,106.281181,,,,17803,17802,1,0,0,17803,AxisTarget,1,True,True,True,False,-12.014256,-67.592346,95.64843,0.116859,61.984386,-12.104254,572.434265,121.400352,574.804749,-179.986115,-0.081883,-179.877258,5422,False,True,
283,/kuka/axis_move/feedback_json,std_msgs/msg/String,2026-08-22T20:15:30.628784-04:00,1787444130,628770605,1787444130628770605,192.463007,,,,17804,17803,1,0,0,17804,AxisTarget,1,True,True,True,False,-12.517515,-66.639389,95.894135,0.119242,60.798882,-12.602341,574.720642,127.265213,563.582397,-179.985565,-0.083009,-179.875061,5423,False,True,
284,/kuka/axis_move/feedback_json,std_msgs/msg/String,2026-08-22T20:15:30.815471-04:00,1787444130,815463932,1787444130815463932,186.693327,,,,17805,17804,1,0,0,17805,AxisTarget,1,True,True,True,False,-12.76638,-66.17939,96.009918,0.120346,60.262714,-12.822143,575.779663,130.259155,557.838013,-179.98526,-0.083579,-179.873978,5424,False,True,
285,/kuka/axis_move/feedback_json,std_msgs/msg/String,2026-08-22T20:15:30.920712-04:00,1787444130,920702852,1787444130920702852,105.23892,,,,17806,17805,1,0,0,17806,AxisTarget,1,True,True,True,False,-12.7854,-66.1474,96.017197,0.1204,60.2397,-12.8304,575.872253,130.531021,557.315857,-179.985229,-0.083631,-179.873871,5424,False,True,
286,/kuka/axis_move/feedback_json,std_msgs/msg/String,2026-08-22T20:15:31.104593-04:00,1787444131,104582072,1787444131104582072,183.87922,,,,17807,17806,1,0,0,17807,AxisTarget,1,True,True,True,True,-12.7854,-66.1474,96.017197,0.1204,60.2397,-12.8304,575.872253,130.531006,557.315857,-179.985229,-0.083631,-179.873871,5425,False,True,
287,/kuka/axis_move/feedback_json,std_msgs/msg/String,2026-08-22T20:15:31.217087-04:00,1787444131,217075593,1787444131217075593,112.493521,,,,17808,17807,1,0,0,17808,AxisTarget,1,True,True,True,False,-12.7854,-66.1474,96.017197,0.1204,60.2397,-12.8304,575.872253,130.531006,557.315857,-179.985229,-0.083631,-179.873871,5425,False,True,
288,/kuka/axis_move/feedback_json,std_msgs/msg/String,2026-08-22T20:15:31.330311-04:00,1787444131,330299250,1787444131330299250,113.223657,,,,17809,17808,1,0,0,17809,AxisTarget,1,True,True,True,True,-12.795819,-66.12365,96.02449,0.120485,60.19125,-12.853986,575.893677,130.594238,557.194397,-179.985214,-0.083644,-179.873856,5425,False,True,
289,/kuka/axis_move/feedback_json,std_msgs/msg/String,2026-08-22T20:15:31.448703-04:00,1787444131,448693056,1787444131448693056,118.393806,,,,17810,17809,1,0,0,17810,AxisTarget,1,True,True,True,False,-12.949796,-65.800652,96.111496,0.121377,59.734661,-13.053725,576.431274,132.212387,554.084412,-179.985031,-0.083965,-179.87326,5425,False,True,
290,/kuka/axis_move/feedback_json,std_msgs/msg/String,2026-08-22T20:15:31.639681-04:00,1787444131,639639686,1787444131639639686,190.94663,,,,17811,17810,1,0,0,17811,AxisTarget,1,True,True,True,False,-13.365294,-65.036789,96.306961,0.123285,58.805996,-13.440858,577.886353,136.958939,544.93988,-179.984436,-0.084903,-179.871536,5426,False,True,
291,/kuka/axis_move/feedback_json,std_msgs/msg/String,2026-08-22T20:15:31.818566-04:00,1787444131,818560213,1787444131818560213,178.920527,,,,17812,17811,1,0,0,17812,AxisTarget,1,True,True,True,False,-13.48842,-64.814072,96.361794,0.1238,58.565197,-13.537302,578.338806,138.569504,541.829041,-179.984222,-0.085221,-179.870972,5427,False,True,
292,/kuka/axis_move/feedback_json,std_msgs/msg/String,2026-08-22T20:15:31.998894-04:00,1787444131,998881613,1787444131998881613,180.3214,,,,17813,17812,1,0,0,17813,AxisTarget,1,True,True,True,True,-13.4885,-64.814003,96.361801,0.1238,58.565201,-13.5373,578.339661,138.572632,541.822998,-179.984222,-0.085221,-179.870956,5428,False,True,
293,/kuka/axis_move/feedback_json,std_msgs/msg/String,2026-08-22T20:15:32.110584-04:00,1787444132,110574806,1787444132110574806,111.693193,,,,17814,17813,1,0,0,17814,AxisTarget,1,True,True,True,False,-13.4885,-64.814003,96.361801,0.1238,58.565201,-13.5373,578.339661,138.572632,541.822998,-179.984222,-0.085221,-179.870956,5428,False,True,
294,/kuka/axis_move/feedback_json,std_msgs/msg/String,2026-08-22T20:15:32.226383-04:00,1787444132,226373665,1787444132226373665,115.798859,,,,17815,17814,1,0,0,17815,AxisTarget,1,True,True,True,True,-13.489775,-64.809273,96.363434,0.123821,58.551987,-13.544298,578.34137,138.578903,541.810852,-179.984222,-0.085223,-179.870956,5428,False,True,
295,/kuka/axis_move/feedback_json,std_msgs/msg/String,2026-08-22T20:15:32.345351-04:00,1787444132,345344191,1787444132345344191,118.970526,,,,17816,17815,1,0,0,17816,AxisTarget,1,True,True,True,False,-13.596456,-64.595253,96.422028,0.124422,58.235096,-13.684754,578.609314,139.569183,539.895813,-179.984116,-0.0854,-179.870621,5428,False,True,
296,/kuka/axis_move/feedback_json,std_msgs/msg/String,2026-08-22T20:15:32.536325-04:00,1787444132,536306531,1787444132536306531,190.96234,,,,17817,17816,1,0,0,17817,AxisTarget,1,True,True,True,False,-13.906156,-64.015327,96.56974,0.125834,57.539886,-13.972999,579.537659,143.257065,532.748779,-179.983688,-0.086062,-179.86937,5429,False,True,
297,/kuka/axis_move/feedback_json,std_msgs/msg/String,2026-08-22T20:15:32.644014-04:00,1787444132,644005216,1787444132644005216,107.698685,,,,17818,17817,1,0,0,17818,AxisTarget,1,True,True,True,False,-13.95073,-63.937069,96.588379,0.126,57.463703,-14.002302,579.674683,143.841278,531.61438,-179.983627,-0.086167,-179.869171,5429,False,True,
298,/kuka/axis_move/feedback_json,std_msgs/msg/String,2026-08-22T20:15:32.830522-04:00,1787444132,830516324,1787444132830516324,186.511108,,,,17819,17818,1,0,0,17819,AxisTarget,1,True,True,True,True,-13.9509,-63.936901,96.588402,0.126,57.463699,-14.0023,579.676514,143.849243,531.598877,-179.983627,-0.086169,-179.869171,5430,False,True,
299,/kuka/axis_move/feedback_json,std_msgs/msg/String,2026-08-22T20:15:32.944117-04:00,1787444132,944110946,1787444132944110946,113.594622,,,,17820,17819,1,0,0,17820,AxisTarget,1,True,True,True,False,-13.9509,-63.936901,96.588402,0.126,57.463699,-14.0023,579.676514,143.849243,531.598877,-179.983627,-0.086169,-179.869171,5430,False,True,
300,/kuka/axis_move/feedback_json,std_msgs/msg/String,2026-08-22T20:15:33.058171-04:00,1787444133,58160280,1787444133058160280,114.049334,,,,17821,17820,1,0,0,17821,AxisTarget,1,True,True,True,True,-13.95272,-63.932156,96.590042,0.126022,57.450447,-14.009317,579.678833,143.859055,531.579773,-179.983627,-0.086171,-179.869171,5430,False,True,
301,/kuka/axis_move/feedback_json,std_msgs/msg/String,2026-08-22T20:15:33.174217-04:00,1787444133,174185112,1787444133174185112,116.024832,,,,17822,17821,1,0,0,17822,AxisTarget,1,True,True,True,False,-14.057636,-63.713955,96.648598,0.126634,57.147148,-14.140777,579.924622,144.938965,529.480835,-179.983459,-0.086378,-179.86879,5430,False,True,
302,/kuka/axis_move/feedback_json,std_msgs/msg/String,2026-08-22T20:15:33.358648-04:00,1787444133,358633620,1787444133358633620,184.448508,,,,17823,17822,1,0,0,17823,AxisTarget,1,True,True,True,False,-14.172797,-63.515991,96.697197,0.1271,56.935097,-14.2254,580.236938,146.374664,526.686829,-179.983246,-0.086654,-179.868286,5431,False,True,
303,/kuka/axis_move/feedback_json,std_msgs/msg/String,2026-08-22T20:15:33.474545-04:00,1787444133,474535151,1787444133474535151,115.901531,,,,17824,17823,1,0,0,17824,AxisTarget,1,True,True,True,False,-14.1728,-63.515999,96.697197,0.1271,56.935101,-14.2254,580.237244,146.376144,526.68396,-179.983246,-0.086654,-179.868286,5431,False,True,
304,/kuka/axis_move/feedback_json,std_msgs/msg/String,2026-08-22T20:15:33.657280-04:00,1787444133,657273136,1787444133657273136,182.737985,,,,17825,17824,1,0,0,17825,AxisTarget,1,True,True,True,True,-14.1728,-63.515999,96.697197,0.1271,56.935101,-14.2254,580.237244,146.376144,526.68396,-179.983246,-0.086654,-179.868286,5432,False,True,
305,/kuka/axis_move/feedback_json,std_msgs/msg/String,2026-08-22T20:15:33.768767-04:00,1787444133,768751648,1787444133768751648,111.478512,,,,17826,17825,1,0,0,17826,AxisTarget,1,True,True,True,True,-14.17522,-63.510006,96.699158,0.127128,56.91814,-14.233757,580.240295,146.390564,526.655884,-179.983246,-0.086657,-179.868286,5432,False,True,
306,/kuka/axis_move/feedback_json,std_msgs/msg/String,2026-08-22T20:15:33.964942-04:00,1787444133,964932778,1787444133964932778,196.18113,,,,17827,17826,1,0,0,17827,AxisTarget,1,True,True,True,False,-14.1943,-63.4753,96.707703,0.1272,56.883999,-14.247,580.288635,146.620728,526.208496,-179.9832,-0.0867,-179.86821,5433,False,True,
307,/kuka/axis_move/feedback_json,std_msgs/msg/String,2026-08-22T20:15:34.076375-04:00,1787444134,76343944,1787444134076343944,111.411166,,,,17828,17827,1,0,0,17828,AxisTarget,1,True,True,True,True,-14.1943,-63.4753,96.707703,0.1272,56.883999,-14.247,580.288635,146.620728,526.208496,-179.9832,-0.0867,-179.86821,5433,False,True,
308,/kuka/axis_move/feedback_json,std_msgs/msg/String,2026-08-22T20:15:34.265266-04:00,1787444134,265259164,1787444134265259164,188.91522,,,,17829,17828,1,0,0,17829,AxisTarget,1,True,True,True,False,-14.1943,-63.4753,96.707703,0.1272,56.883999,-14.247,580.288635,146.620728,526.208496,-179.9832,-0.0867,-179.86821,5434,False,True,
309,/kuka/axis_move/feedback_json,std_msgs/msg/String,2026-08-22T20:15:34.376575-04:00,1787444134,376564352,1787444134376564352,111.305188,,,,17830,17829,1,0,0,17830,AxisTarget,1,True,True,True,True,-14.194297,-63.473991,96.709061,0.127082,56.875324,-14.247062,580.28894,146.620819,526.204407,-179.9832,-0.086679,-179.868225,5434,False,True,
310,/kuka/axis_move/feedback_json,std_msgs/msg/String,2026-08-22T20:15:34.560432-04:00,1787444134,560417145,1787444134560417145,183.852793,,,,17831,17830,1,0,0,17831,AxisTarget,1,True,True,True,False,-14.193744,-63.325165,96.814827,0.120493,56.607155,-14.248557,580.454834,146.664948,524.147156,-179.988083,-0.07638,-179.876465,5435,False,True,
311,/kuka/axis_move/feedback_json,std_msgs/msg/String,2026-08-22T20:15:34.672928-04:00,1787444134,672921037,1787444134672921037,112.503892,,,,17832,17831,1,0,0,17832,AxisTarget,1,True,True,True,False,-14.1937,-63.3153,96.820602,0.1202,56.5975,-14.2486,580.476074,146.670593,523.877075,-179.988724,-0.075027,-179.877533,5435,False,True,
312,/kuka/axis_move/feedback_json,std_msgs/msg/String,2026-08-22T20:15:34.788628-04:00,1787444134,788616874,1787444134788616874,115.695837,,,,17833,17832,1,0,0,17833,AxisTarget,1,True,True,True,True,-14.1937,-63.315296,96.82061,0.120198,56.597366,-14.248601,580.476074,146.670593,523.877075,-179.988724,-0.075027,-179.877533,5435,False,True,
313,/kuka/axis_move/feedback_json,std_msgs/msg/String,2026-08-22T20:15:34.903277-04:00,1787444134,903258036,1787444134903258036,114.641162,,,,17834,17833,1,0,0,17834,AxisTarget,1,True,True,True,False,-14.193648,-63.299404,96.832787,0.119382,56.561356,-14.248817,580.488586,146.67395,523.716736,-179.989105,-0.074223,-179.878174,5435,False,True,
314,/kuka/axis_move/feedback_json,std_msgs/msg/String,2026-08-22T20:15:35.084876-04:00,1787444135,84859365,1787444135084859365,181.601329,,,,17835,17834,1,0,0,17835,AxisTarget,1,True,True,True,False,-14.193219,-63.175575,96.922073,0.113729,56.325283,-14.250162,580.618835,146.708908,522.014587,-179.993149,-0.065689,-179.884979,5436,False,True,
315,/kuka/axis_move/feedback_json,std_msgs/msg/String,2026-08-22T20:15:35.275439-04:00,1787444135,275434203,1787444135275434203,190.574838,,,,17836,17835,1,0,0,17836,AxisTarget,1,True,True,True,False,-14.192521,-62.978481,97.063988,0.104937,55.965916,-14.252166,580.826233,146.764679,519.153809,179.999969,-0.051328,-179.896347,5437,False,True,
316,/kuka/axis_move/feedback_json,std_msgs/msg/String,2026-08-22T20:15:35.389289-04:00,1787444135,389278735,1787444135389278735,113.844532,,,,17837,17836,1,0,0,17837,AxisTarget,1,True,True,True,False,-14.192183,-62.884533,97.126289,0.101146,55.813725,-14.252999,580.925049,146.791336,517.715027,179.996475,-0.044096,-179.902069,5437,False,True,
317,/kuka/axis_move/feedback_json,std_msgs/msg/String,2026-08-22T20:15:35.577554-04:00,1787444135,577546083,1787444135577546083,188.267348,,,,17838,17837,1,0,0,17838,AxisTarget,1,True,True,True,False,-14.192,-62.8354,97.159302,0.0992,55.738098,-14.2534,580.979919,146.806122,516.893433,179.994461,-0.039964,-179.905319,5438,False,True,
318,/kuka/axis_move/feedback_json,std_msgs/msg/String,2026-08-22T20:15:35.692912-04:00,1787444135,692906031,1787444135692906031,115.359948,,,,17839,17838,1,0,0,17839,AxisTarget,1,True,True,True,False,-14.192,-62.8354,97.159302,0.0992,55.738098,-14.2534,580.979919,146.806137,516.892517,179.994461,-0.039959,-179.905319,5438,False,True,
319,/kuka/axis_move/feedback_json,std_msgs/msg/String,2026-08-22T20:15:35.805902-04:00,1787444135,805892848,1787444135805892848,112.986817,,,,17840,17839,1,0,0,17840,AxisTarget,1,True,True,True,True,-14.191992,-62.832573,97.161606,0.099037,55.730515,-14.253448,580.981323,146.806519,516.871521,179.9944,-0.039853,-179.905411,5438,False,True,
320,/kuka/axis_move/feedback_json,std_msgs/msg/String,2026-08-22T20:15:35.916904-04:00,1787444135,916884940,1787444135916884940,110.992092,,,,17841,17840,1,0,0,17841,AxisTarget,1,True,True,True,False,-14.191908,-62.808483,97.180283,0.097836,55.679585,-14.253742,581.001892,146.812042,516.558594,179.993637,-0.038276,-179.906647,5438,False,True,
321,/kuka/axis_move/feedback_json,std_msgs/msg/String,2026-08-22T20:15:36.107020-04:00,1787444136,107011158,1787444136107011158,190.126218,,,,17842,17841,1,0,0,17842,AxisTarget,1,True,True,True,False,-14.191539,-62.702168,97.255508,0.093099,55.482754,-14.254858,581.093628,146.836746,515.129761,179.990112,-0.031072,-179.912292,5439,False,True,
322,/kuka/axis_move/feedback_json,std_msgs/msg/String,2026-08-22T20:15:36.294217-04:00,1787444136,294198405,1787444136294198405,187.187247,,,,17843,17842,1,0,0,17843,AxisTarget,1,True,True,True,False,-14.190879,-62.521767,97.383728,0.085096,55.153099,-14.256711,581.251587,146.879379,512.524292,179.983627,-0.01792,-179.922577,5440,False,True,
323,/kuka/axis_move/feedback_json,std_msgs/msg/String,2026-08-22T20:15:36.408675-04:00,1787444136,408668819,1787444136408668819,114.470414,,,,17844,17843,1,0,0,17844,AxisTarget,1,True,True,True,False,-14.190438,-62.400337,97.469429,0.079592,54.92786,-14.257969,581.351685,146.906479,510.761475,179.979187,-0.009009,-179.92952,5440,False,True,
324,/kuka/axis_move/feedback_json,std_msgs/msg/String,2026-08-22T20:15:36.520726-04:00,1787444136,520714464,1787444136520714464,112.045645,,,,17845,17844,1,0,0,17845,AxisTarget,1,True,True,True,False,-14.189985,-62.275661,97.557251,0.074349,54.713829,-14.259161,581.445923,146.932068,509.005554,179.974731,-0.000124,-179.936401,5440,False,True,
325,/kuka/axis_move/feedback_json,std_msgs/msg/String,2026-08-22T20:15:36.637684-04:00,1787444136,637676783,1787444136637676783,116.962319,,,,17846,17845,1,0,0,17846,AxisTarget,1,True,True,True,False,-14.189615,-62.174351,97.628059,0.070002,54.537693,-14.260135,581.523438,146.953156,507.480042,179.970825,0.007603,-179.942383,5440,False,True,
326,/kuka/axis_move/feedback_json,std_msgs/msg/String,2026-08-22T20:15:36.827377-04:00,1787444136,827353039,1787444136827353039,189.676256,,,,17847,17846,1,0,0,17847,AxisTarget,1,True,True,True,False,-14.189218,-62.066463,97.703041,0.065425,54.353378,-14.261147,581.604187,146.975189,505.797119,179.966492,0.016136,-179.948959,5441,False,True,
327,/kuka/axis_move/feedback_json,std_msgs/msg/String,2026-08-22T20:15:36.936589-04:00,1787444136,936583283,1787444136936583283,109.230244,,,,17848,17847,1,0,0,17848,AxisTarget,1,True,True,True,False,-14.189116,-62.039223,97.721565,0.06432,54.309902,-14.26138,581.624329,146.980698,505.359528,179.965363,0.018357,-179.950668,5441,False,True,
328,/kuka/axis_move/feedback_json,std_msgs/msg/String,2026-08-22T20:15:37.049317-04:00,1787444137,49309302,1787444137049309302,112.726019,,,,17849,17848,1,0,0,17849,AxisTarget,1,True,True,True,False,-14.1891,-62.035599,97.723801,0.0642,54.305698,-14.2614,581.627808,146.981644,505.283875,179.965164,0.018741,-179.950958,5441,False,True,
329,/kuka/axis_move/feedback_json,std_msgs/msg/String,2026-08-22T20:15:37.160325-04:00,1787444137,160316744,1787444137160316744,111.007442,,,,17850,17849,1,0,0,17850,AxisTarget,1,True,True,True,True,-14.1891,-62.035599,97.723801,0.0642,54.305691,-14.2614,581.627808,146.981644,505.283875,179.965164,0.018741,-179.950958,5441,False,True,
330,/kuka/axis_move/feedback_json,std_msgs/msg/String,2026-08-22T20:15:37.344480-04:00,1787444137,344473960,1787444137344473960,184.157216,,,,17851,17850,1,0,0,17851,AxisTarget,1,True,True,True,False,-14.189045,-62.019192,97.736694,0.063359,54.269493,-14.261613,581.636902,146.984131,505.08374,179.964645,0.019756,-179.951736,5442,False,True,
331,/kuka/axis_move/feedback_json,std_msgs/msg/String,2026-08-22T20:15:37.456737-04:00,1787444137,456730350,1787444137456730350,112.25639,,,,17852,17851,1,0,0,17852,AxisTarget,1,True,True,True,False,-14.188922,-61.984066,97.761322,0.061802,54.20153,-14.261999,581.658325,146.990021,504.60556,179.963409,0.022182,-179.953613,5442,False,True,
332,/kuka/axis_move/feedback_json,std_msgs/msg/String,2026-08-22T20:15:37.568587-04:00,1787444137,568581010,1787444137568581010,111.85066,,,,17853,17852,1,0,0,17853,AxisTarget,1,True,True,True,False,-14.188728,-61.929192,97.80056,0.059339,54.102489,-14.262559,581.69165,146.999207,503.841431,179.961426,0.026061,-179.956589,5442,False,True,
333,/kuka/axis_move/feedback_json,std_msgs/msg/String,2026-08-22T20:15:37.682789-04:00,1787444137,682773986,1787444137682773986,114.192976,,,,17854,17853,1,0,0,17854,AxisTarget,1,True,True,True,False,-14.188454,-61.851532,97.855888,0.055876,53.959476,-14.263365,581.73584,147.011383,502.791534,179.958679,0.031393,-179.960663,5442,False,True,
334,/kuka/axis_move/feedback_json,std_msgs/msg/String,2026-08-22T20:15:37.864848-04:00,1787444137,864836140,1787444137864836140,182.062154,,,,17855,17854,1,0,0,17855,AxisTarget,1,True,True,True,False,-14.187862,-61.684898,97.974327,0.048484,53.654881,-14.265078,581.827454,147.036774,500.447266,179.952515,0.043313,-179.969757,5443,False,True,
335,/kuka/axis_move/feedback_json,std_msgs/msg/String,2026-08-22T20:15:37.976464-04:00,1787444137,976431352,1787444137976431352,111.595212,,,,17856,17855,1,0,0,17856,AxisTarget,1,True,True,True,False,-14.187447,-61.568428,98.056641,0.043376,53.445686,-14.266247,581.889099,147.053955,498.711212,179.947906,0.052152,-179.976471,5443,False,True,
336,/kuka/axis_move/feedback_json,std_msgs/msg/String,2026-08-22T20:15:38.084570-04:00,1787444138,84560226,1787444138084560226,108.128874,,,,17857,17856,1,0,0,17857,AxisTarget,1,True,True,True,False,-14.187028,-61.45134,98.13929,0.038252,53.235981,-14.267418,581.94397,147.069366,497.019165,179.943375,0.060777,-179.983002,5443,False,True,
337,/kuka/axis_move/feedback_json,std_msgs/msg/String,2026-08-22T20:15:38.197451-04:00,1787444138,197424254,1787444138197424254,112.864028,,,,17858,17857,1,0,0,17858,AxisTarget,1,True,True,True,False,-14.186594,-61.329914,98.225006,0.032938,53.018505,-14.268633,581.995605,147.083969,495.265533,179.938644,0.069726,-179.989761,5443,False,True,
338,/kuka/axis_move/feedback_json,std_msgs/msg/String,2026-08-22T20:15:38.380859-04:00,1787444138,380850061,1787444138380850061,183.425807,,,,17859,17858,1,0,0,17859,AxisTarget,1,True,True,True,False,-14.1859,-61.136158,98.361351,0.024513,52.674896,-14.270544,582.067078,147.104477,492.44632,179.930984,0.084137,179.99942,5444,False,True,
339,/kuka/axis_move/feedback_json,std_msgs/msg/String,2026-08-22T20:15:38.568704-04:00,1787444138,568692877,1787444138568692877,187.842816,,,,17860,17859,1,0,0,17860,AxisTarget,1,True,True,True,False,-14.185399,-60.995228,98.459778,0.018478,52.430561,-14.271894,582.110535,147.117172,490.383636,179.925308,0.094699,179.991531,5445,False,True,
340,/kuka/axis_move/feedback_json,std_msgs/msg/String,2026-08-22T20:15:38.759329-04:00,1787444138,759323432,1787444138759323432,190.630555,,,,17861,17860,1,0,0,17861,AxisTarget,1,True,True,True,False,-14.185132,-60.924187,98.508842,0.015503,52.311569,-14.272543,582.130981,147.123276,489.259796,179.922195,0.10046,179.987259,5446,False,True,
341,/kuka/axis_move/feedback_json,std_msgs/msg/String,2026-08-22T20:15:38.876466-04:00,1787444138,876430142,1787444138876430142,117.10671,,,,17862,17861,1,0,0,17862,AxisTarget,1,True,True,True,False,-14.1851,-60.915905,98.514198,0.0152,52.300301,-14.2726,582.133606,147.124054,489.108276,179.921768,0.101237,179.986679,5446,False,True,
342,/kuka/axis_move/feedback_json,std_msgs/msg/String,2026-08-22T20:15:38.986997-04:00,1787444138,986991840,1787444138986991840,110.561698,,,,17863,17862,1,0,0,17863,AxisTarget,1,True,True,True,False,-14.1851,-60.915901,98.514198,0.0152,52.300301,-14.2726,582.133606,147.124054,489.107574,179.921768,0.10124,179.986679,5446,False,True,
343,/kuka/axis_move/feedback_json,std_msgs/msg/String,2026-08-22T20:15:39.097534-04:00,1787444139,97524244,1787444139097524244,110.532404,,,,17864,17863,1,0,0,17864,AxisTarget,1,True,True,True,True,-14.185096,-60.914536,98.515327,0.015118,52.296444,-14.272625,582.133789,147.124115,489.096283,179.921738,0.101298,179.986633,5446,False,True,
344,/kuka/axis_move/feedback_json,std_msgs/msg/String,2026-08-22T20:15:39.280819-04:00,1787444139,280801564,1787444139280801564,183.27732,,,,17865,17864,1,0,0,17865,AxisTarget,1,True,True,True,False,-14.184972,-60.879391,98.540894,0.013489,52.227741,-14.273023,582.141418,147.126389,488.636414,179.920456,0.103659,179.984879,5447,False,True,
345,/kuka/axis_move/feedback_json,std_msgs/msg/String,2026-08-22T20:15:39.396655-04:00,1787444139,396648346,1787444139396648346,115.846782,,,,17866,17865,1,0,0,17866,AxisTarget,1,True,True,True,False,-14.184809,-60.833858,98.573486,0.011443,52.142693,-14.273507,582.150818,147.129211,488.03595,179.918777,0.106743,179.98259,5447,False,True,
346,/kuka/axis_move/feedback_json,std_msgs/msg/String,2026-08-22T20:15:39.512414-04:00,1787444139,512383409,1787444139512383409,115.735063,,,,17867,17866,1,0,0,17867,AxisTarget,1,True,True,True,False,-14.184569,-60.767445,98.620834,0.008483,52.020123,-14.274203,582.16394,147.133209,487.118896,179.916214,0.111455,179.979111,5447,False,True,
347,/kuka/axis_move/feedback_json,std_msgs/msg/String,2026-08-22T20:15:39.624563-04:00,1787444139,624552728,1787444139624552728,112.169319,,,,17868,17867,1,0,0,17868,AxisTarget,1,True,True,True,False,-14.184272,-60.684727,98.679672,0.004812,51.868481,-14.275064,582.178833,147.137848,485.920319,179.912842,0.117618,179.974564,5447,False,True,
348,/kuka/axis_move/feedback_json,std_msgs/msg/String,2026-08-22T20:15:39.815404-04:00,1787444139,815395861,1787444139815395861,190.843133,,,,17869,17868,1,0,0,17869,AxisTarget,1,True,True,True,False,-14.183607,-60.500725,98.810265,-0.003315,51.533516,-14.276958,582.202393,147.145645,483.320587,179.905472,0.131005,179.964737,5448,False,True,
349,/kuka/axis_move/feedback_json,std_msgs/msg/String,2026-08-22T20:15:40.001738-04:00,1787444140,1732238,1787444140001732238,186.336377,,,,17870,17869,1,0,0,17870,AxisTarget,1,True,True,True,False,-14.182867,-60.296928,98.954102,-0.01222,51.16848,-14.279011,582.214417,147.15062,480.457733,179.897263,0.145777,179.953964,5449,False,True,
350,/kuka/axis_move/feedback_json,std_msgs/msg/String,2026-08-22T20:15:40.119418-04:00,1787444140,119392335,1787444140119392335,117.660097,,,,17871,17870,1,0,0,17871,AxisTarget,1,True,True,True,False,-14.182425,-60.175495,99.039803,-0.017525,50.951008,-14.280234,582.214539,147.15181,478.653473,179.892044,0.155104,179.947205,5449,False,True,
351,/kuka/axis_move/feedback_json,std_msgs/msg/String,2026-08-22T20:15:40.228570-04:00,1787444140,228559995,1787444140228559995,109.16766,,,,17872,17871,1,0,0,17872,AxisTarget,1,True,True,True,False,-14.181969,-60.049728,99.128563,-0.023019,50.725769,-14.281502,582.209106,147.151535,476.91272,179.886963,0.164115,179.940689,5449,False,True,
352,/kuka/axis_move/feedback_json,std_msgs/msg/String,2026-08-22T20:15:40.342287-04:00,1787444140,342255881,1787444140342255881,113.695886,,,,17873,17872,1,0,0,17873,AxisTarget,1,True,True,True,False,-14.181557,-59.932983,99.210579,-0.02807,50.519775,-14.282654,582.198669,147.149918,475.213928,179.881989,0.172921,179.934357,5449,False,True,
353,/kuka/axis_move/feedback_json,std_msgs/msg/String,2026-08-22T20:15:40.524751-04:00,1787444140,524743764,1787444140524743764,182.487883,,,,17874,17873,1,0,0,17874,AxisTarget,1,True,True,True,False,-14.181023,-59.791451,99.309425,-0.034125,50.274185,-14.28402,582.178467,147.146057,473.10437,179.875748,0.183873,179.926514,5450,False,True,
354,/kuka/axis_move/feedback_json,std_msgs/msg/String,2026-08-22T20:15:40.638063-04:00,1787444140,638052666,1787444140638052666,113.308902,,,,17875,17874,1,0,0,17875,AxisTarget,1,True,True,True,False,-14.180832,-59.738335,99.346283,-0.036368,50.183857,-14.284519,582.168579,147.144012,472.29361,179.873337,0.188087,179.923508,5450,False,True,
355,/kuka/axis_move/feedback_json,std_msgs/msg/String,2026-08-22T20:15:40.824134-04:00,1787444140,824102157,1787444140824102157,186.049491,,,,17876,17875,1,0,0,17876,AxisTarget,1,True,True,True,False,-14.180701,-59.7052,99.368698,-0.037698,50.131752,-14.2848,582.161133,147.142456,471.739563,179.871689,0.190968,179.921448,5451,False,True,
356,/kuka/axis_move/feedback_json,std_msgs/msg/String,2026-08-22T20:15:40.935833-04:00,1787444140,935826072,1787444140935826072,111.723915,,,,17877,17876,1,0,0,17877,AxisTarget,1,True,True,True,False,-14.1807,-59.705002,99.368797,-0.0377,50.131699,-14.2848,582.161011,147.142426,471.730408,179.871658,0.191016,179.921417,5451,False,True,
357,/kuka/axis_move/feedback_json,std_msgs/msg/String,2026-08-22T20:15:41.047343-04:00,1787444141,47306571,1787444141047306571,111.480499,,,,17878,17877,1,0,0,17878,AxisTarget,1,True,True,True,True,-14.180698,-59.704319,99.3694,-0.037746,50.129391,-14.284815,582.161011,147.14241,471.727203,179.871643,0.191033,179.921402,5451,False,True,
358,/kuka/axis_move/feedback_json,std_msgs/msg/String,2026-08-22T20:15:41.164561-04:00,1787444141,164542575,1787444141164542575,117.236004,,,,17879,17878,1,0,0,17879,AxisTarget,1,True,True,True,False,-14.180642,-59.687786,99.381683,-0.038546,50.095081,-14.285016,582.158325,147.141861,471.539581,179.871094,0.192008,179.920715,5451,False,True,
359,/kuka/axis_move/feedback_json,std_msgs/msg/String,2026-08-22T20:15:41.350697-04:00,1787444141,350676966,1787444141350676966,186.134391,,,,17880,17879,1,0,0,17880,AxisTarget,1,True,True,True,False,-14.180343,-59.602196,99.443161,-0.042421,49.933689,-14.285933,582.140381,147.138031,470.367798,179.867584,0.198106,179.916367,5452,False,True,
360,/kuka/axis_move/feedback_json,std_msgs/msg/String,2026-08-22T20:15:41.465519-04:00,1787444141,465499161,1787444141465499161,114.822195,,,,17881,17880,1,0,0,17881,AxisTarget,1,True,True,True,False,-14.180049,-59.51886,99.502609,-0.046143,49.773403,-14.286839,582.121155,147.13382,469.26236,179.864273,0.203864,179.912292,5452,False,True,
361,/kuka/axis_move/feedback_json,std_msgs/msg/String,2026-08-22T20:15:41.578053-04:00,1787444141,578026220,1787444141578026220,112.527059,,,,17882,17881,1,0,0,17882,AxisTarget,1,True,True,True,False,-14.179668,-59.40675,99.582336,-0.05112,49.574478,-14.287959,582.090515,147.126968,467.712158,179.859589,0.211947,179.906586,5452,False,True,
362,/kuka/axis_move/feedback_json,std_msgs/msg/String,2026-08-22T20:15:41.695012-04:00,1787444141,695005152,1787444141695005152,116.978932,,,,17883,17882,1,0,0,17883,AxisTarget,1,True,True,True,False,-14.179221,-59.285507,99.667953,-0.056428,49.357094,-14.289176,582.049927,147.117706,465.926941,179.854172,0.221268,179.900024,5452,False,True,
363,/kuka/axis_move/feedback_json,std_msgs/msg/String,2026-08-22T20:15:41.881274-04:00,1787444141,881251683,1787444141881251683,186.246531,,,,17884,17883,1,0,0,17884,AxisTarget,1,True,True,True,False,-14.178482,-59.078197,99.81414,-0.065477,48.987045,-14.291243,581.971802,147.099472,463.027313,179.845291,0.236439,179.889404,5453,False,True,
364,/kuka/axis_move/feedback_json,std_msgs/msg/String,2026-08-22T20:15:41.992643-04:00,1787444141,992637585,1787444141992637585,111.385902,,,,17885,17884,1,0,0,17885,AxisTarget,1,True,True,True,False,-14.178121,-58.977604,99.884537,-0.069802,48.811493,-14.292216,581.924561,147.088287,461.49939,179.840576,0.244449,179.883835,5453,False,True,
365,/kuka/axis_move/feedback_json,std_msgs/msg/String,2026-08-22T20:15:42.178176-04:00,1787444142,178170150,1787444142178170150,185.532565,,,,17886,17885,1,0,0,17886,AxisTarget,1,True,True,True,False,-14.177695,-58.859634,99.966774,-0.074833,48.60807,-14.293339,581.865601,147.074219,459.759399,179.835175,0.253583,179.877518,5454,False,True,
366,/kuka/axis_move/feedback_json,std_msgs/msg/String,2026-08-22T20:15:42.296178-04:00,1787444142,296148725,1787444142296148725,117.978575,,,,17887,17886,1,0,0,17887,AxisTarget,1,True,True,True,False,-14.17755,-58.819859,99.994202,-0.076493,48.54179,-14.2937,581.843811,147.069,459.154785,179.833282,0.25676,179.87532,5454,False,True,
367,/kuka/axis_move/feedback_json,std_msgs/msg/String,2026-08-22T20:15:42.404578-04:00,1787444142,404568014,1787444142404568014,108.419289,,,,17888,17887,1,0,0,17888,AxisTarget,1,True,True,True,False,-14.177501,-58.806705,100.002899,-0.076997,48.522556,-14.2938,581.835632,147.067032,458.931427,179.832581,0.257935,179.874512,5454,False,True,
368,/kuka/axis_move/feedback_json,std_msgs/msg/String,2026-08-22T20:15:42.519811-04:00,1787444142,519802853,1787444142519802853,115.234839,,,,17889,17888,1,0,0,17889,AxisTarget,1,True,True,True,False,-14.1775,-58.806499,100.002998,-0.077,48.522499,-14.2938,581.835388,147.066971,458.924133,179.832565,0.257973,179.874481,5454,False,True,
369,/kuka/axis_move/feedback_json,std_msgs/msg/String,2026-08-22T20:15:42.709173-04:00,1787444142,709156771,1787444142709156771,189.353918,,,,17890,17889,1,0,0,17890,AxisTarget,1,True,True,True,True,-14.177452,-58.792179,100.013939,-0.077732,48.490231,-14.293994,581.829529,147.065552,458.767029,179.832062,0.258798,179.873917,5455,False,True,
370,/kuka/axis_move/feedback_json,std_msgs/msg/String,2026-08-22T20:15:42.896709-04:00,1787444142,896703937,1787444142896703937,187.547166,,,,17891,17890,1,0,0,17891,AxisTarget,1,True,True,True,False,-14.177067,-58.683792,100.092049,-0.082671,48.283825,-14.295173,581.775879,147.052551,457.372101,179.827682,0.266126,179.868866,5456,False,True,
371,/kuka/axis_move/feedback_json,std_msgs/msg/String,2026-08-22T20:15:43.008708-04:00,1787444143,8700754,1787444143008700754,111.996817,,,,17892,17891,1,0,0,17892,AxisTarget,1,True,True,True,False,-14.176645,-58.566566,100.175385,-0.087869,48.069542,-14.296379,581.709717,147.036423,455.764435,179.822601,0.274584,179.863068,5456,False,True,
372,/kuka/axis_move/feedback_json,std_msgs/msg/String,2026-08-22T20:15:43.127217-04:00,1787444143,127185717,1787444143127185717,118.484963,,,,17893,17892,1,0,0,17893,AxisTarget,1,True,True,True,False,-14.176204,-58.445137,100.26107,-0.093176,47.852222,-14.297594,581.633667,147.017807,454.042725,179.817139,0.283655,179.856888,5456,False,True,
373,/kuka/axis_move/feedback_json,std_msgs/msg/String,2026-08-22T20:15:43.240083-04:00,1787444143,240070968,1787444143240070968,112.885251,,,,17894,17893,1,0,0,17894,AxisTarget,1,True,True,True,False,-14.175794,-58.333172,100.339272,-0.097969,47.658112,-14.298668,581.555969,146.998718,452.397949,179.811874,0.292335,179.850998,5456,False,True,
374,/kuka/axis_move/feedback_json,std_msgs/msg/String,2026-08-22T20:15:43.430056-04:00,1787444143,430024099,1787444143430024099,189.953131,,,,17895,17894,1,0,0,17895,AxisTarget,1,True,True,True,False,-14.175432,-58.235851,100.406303,-0.102019,47.496407,-14.299549,581.480347,146.980072,450.888092,179.807022,0.300314,179.845596,5457,False,True,
375,/kuka/axis_move/feedback_json,std_msgs/msg/String,2026-08-22T20:15:43.545156-04:00,1787444143,545132190,1787444143545132190,115.108091,,,,17896,17895,1,0,0,17896,AxisTarget,1,True,True,True,False,-14.1754,-58.227798,100.4114,-0.1023,47.486198,-14.2996,581.47168,146.977936,450.720184,179.806473,0.301202,179.845001,5457,False,True,
376,/kuka/axis_move/feedback_json,std_msgs/msg/String,2026-08-22T20:15:43.728860-04:00,1787444143,728849508,1787444143728849508,183.717318,,,,17897,17896,1,0,0,17897,AxisTarget,1,True,True,True,True,-14.175395,-58.225945,100.413071,-0.10243,47.479622,-14.299644,581.47113,146.977798,450.709198,179.806442,0.30126,179.844955,5458,False,True,
377,/kuka/axis_move/feedback_json,std_msgs/msg/String,2026-08-22T20:15:43.844213-04:00,1787444143,844207467,1787444143844207467,115.357959,,,,17898,17897,1,0,0,17898,AxisTarget,1,True,True,True,False,-14.175216,-58.171551,100.453583,-0.105068,47.359207,-14.300351,581.437378,146.969528,450.064636,179.804367,0.304689,179.842651,5458,False,True,
378,/kuka/axis_move/feedback_json,std_msgs/msg/String,2026-08-22T20:15:44.034088-04:00,1787444144,34073134,1787444144034073134,189.865667,,,,17899,17898,1,0,0,17899,AxisTarget,1,True,True,True,False,-14.174574,-57.987843,100.583992,-0.113069,47.041245,-14.302114,581.292175,146.933838,447.441742,179.795868,0.318662,179.833328,5459,False,True,
379,/kuka/axis_move/feedback_json,std_msgs/msg/String,2026-08-22T20:15:44.152771-04:00,1787444144,152744858,1787444144152744858,118.671724,,,,17900,17899,1,0,0,17900,AxisTarget,1,True,True,True,False,-14.1745,-57.969101,100.594002,-0.1136,47.0228,-14.3022,581.270203,146.928436,447.06427,179.794647,0.320675,179.831985,5459,False,True,
380,/kuka/axis_move/feedback_json,std_msgs/msg/String,2026-08-22T20:15:44.260413-04:00,1787444144,260403104,1787444144260403104,107.658246,,,,17901,17900,1,0,0,17901,AxisTarget,1,False,True,True,False,-14.1745,-57.969101,100.594002,-0.1136,47.0228,-14.3022,581.270203,146.928436,447.06424,179.794647,0.320675,179.831985,5459,False,True,
381,/kuka/axis_move/feedback_json,std_msgs/msg/String,2026-08-22T20:15:44.378546-04:00,1787444144,378518816,1787444144378518816,118.115712,,,,17902,17901,1,0,0,17902,AxisTarget,1,False,True,True,False,-14.1745,-57.969101,100.594002,-0.1136,47.0228,-14.3022,581.270203,146.928436,447.06424,179.794647,0.320675,179.831985,5459,False,True,
382,/kuka/axis_move/feedback_json,std_msgs/msg/String,2026-08-22T20:15:44.564503-04:00,1787444144,564476358,1787444144564476358,185.957542,,,,17903,17902,1,0,0,17903,AxisTarget,1,False,True,True,False,-14.1745,-57.969101,100.594002,-0.1136,47.0228,-14.3022,581.270203,146.928436,447.06424,179.794647,0.320675,179.831985,5460,False,True,
383,/kuka/axis_move/feedback_json,std_msgs/msg/String,2026-08-22T20:15:44.676383-04:00,1787444144,676373309,1787444144676373309,111.896951,,,,17904,17903,1,0,0,17904,AxisTarget,1,False,True,True,False,-14.1745,-57.969101,100.594002,-0.1136,47.0228,-14.3022,581.270203,146.928436,447.06424,179.794647,0.320675,179.831985,5460,False,True,
384,/kuka/axis_move/feedback_json,std_msgs/msg/String,2026-08-22T20:15:44.794196-04:00,1787444144,794171798,1787444144794171798,117.798489,,,,17905,17904,1,0,0,17905,AxisTarget,1,False,True,True,False,-14.1745,-57.969101,100.594002,-0.1136,47.0228,-14.3022,581.270203,146.928436,447.06424,179.794647,0.320675,179.831985,5460,False,True,
385,/kuka/axis_move/feedback_json,std_msgs/msg/String,2026-08-22T20:15:44.904476-04:00,1787444144,904466058,1787444144904466058,110.29426,,,,17906,17905,1,0,0,17906,AxisTarget,1,False,True,True,False,-14.1745,-57.969101,100.594002,-0.1136,47.0228,-14.3022,581.270203,146.928436,447.06424,179.794647,0.320675,179.831985,5460,False,True,
386,/kuka/axis_move/feedback_json,std_msgs/msg/String,2026-08-22T20:15:45.092965-04:00,1787444145,92955060,1787444145092955060,188.489002,,,,17907,17906,1,0,0,17907,AxisTarget,1,False,True,True,False,-14.1745,-57.969101,100.594002,-0.1136,47.0228,-14.3022,581.270203,146.928436,447.06424,179.794647,0.320675,179.831985,5461,False,True,
387,/kuka/axis_move/feedback_json,std_msgs/msg/String,2026-08-22T20:15:45.286031-04:00,1787444145,286024286,1787444145286024286,193.069226,,,,17908,17907,1,0,0,17908,AxisTarget,1,False,True,True,False,-14.1745,-57.969101,100.594002,-0.1136,47.0228,-14.3022,581.270203,146.928436,447.06424,179.794647,0.320675,179.831985,5462,False,True,
388,/kuka/axis_move/feedback_json,std_msgs/msg/String,2026-08-22T20:15:45.405919-04:00,1787444145,405911004,1787444145405911004,119.886718,,,,17909,17908,1,0,0,17909,AxisTarget,1,False,True,True,False,-14.1745,-57.969101,100.594002,-0.1136,47.0228,-14.3022,581.270203,146.928436,447.06424,179.794647,0.320675,179.831985,5462,False,True,
389,/kuka/axis_move/feedback_json,std_msgs/msg/String,2026-08-22T20:15:45.524851-04:00,1787444145,524811276,1787444145524811276,118.900272,,,,17910,17909,1,0,0,17910,AxisTarget,1,False,True,True,False,-14.1745,-57.969101,100.594002,-0.1136,47.0228,-14.3022,581.270203,146.928436,447.06424,179.794647,0.320675,179.831985,5462,False,True,
390,/kuka/axis_move/feedback_json,std_msgs/msg/String,2026-08-22T20:15:45.636593-04:00,1787444145,636582061,1787444145636582061,111.770785,,,,17911,17910,1,0,0,17911,AxisTarget,1,False,True,True,False,-14.1745,-57.969101,100.594002,-0.1136,47.0228,-14.3022,581.270203,146.928436,447.06424,179.794647,0.320675,179.831985,5462,False,True,
391,/kuka/axis_move/feedback_json,std_msgs/msg/String,2026-08-22T20:15:45.825954-04:00,1787444145,825949137,1787444145825949137,189.367076,,,,17912,17911,1,0,0,17912,AxisTarget,1,False,True,True,False,-14.1745,-57.969101,100.594002,-0.1136,47.0228,-14.3022,581.270203,146.928436,447.06424,179.794647,0.320675,179.831985,5463,False,True,
392,/kuka/axis_move/feedback_json,std_msgs/msg/String,2026-08-22T20:15:45.945480-04:00,1787444145,945458769,1787444145945458769,119.509632,,,,17913,17912,1,0,0,17913,AxisTarget,1,False,True,True,False,-14.1745,-57.969101,100.594002,-0.1136,47.0228,-14.3022,581.270203,146.928436,447.06424,179.794647,0.320675,179.831985,5463,False,True,
393,/kuka/axis_move/feedback_json,std_msgs/msg/String,2026-08-22T20:15:46.136468-04:00,1787444146,136435729,1787444146136435729,190.97696,,,,17914,17913,1,0,0,17914,AxisTarget,1,True,True,True,False,-14.1745,-57.969101,100.594002,-0.1136,47.0228,-14.3022,581.270203,146.928436,447.06424,179.794647,0.320675,179.831985,5464,False,True,
394,/kuka/axis_move/feedback_json,std_msgs/msg/String,2026-08-22T20:15:46.246794-04:00,1787444146,246784523,1787444146246784523,110.348794,,,,17915,17914,1,0,0,17915,AxisTarget,1,True,True,True,True,-14.174466,-57.962944,100.599045,-0.114018,47.004742,-14.302344,581.267395,146.927643,447.01593,179.794464,0.32091,179.831818,5464,False,True,
395,/kuka/axis_move/feedback_json,std_msgs/msg/String,2026-08-22T20:15:46.448655-04:00,1787444146,448645007,1787444146448645007,201.860484,,,,17916,17915,1,0,0,17916,AxisTarget,1,True,True,True,False,-14.1744,-57.9538,100.604797,-0.1143,46.995502,-14.3024,581.257568,146.92485,446.848267,179.793823,0.321724,179.831223,5465,False,True,
396,/kuka/axis_move/feedback_json,std_msgs/msg/String,2026-08-22T20:15:46.566634-04:00,1787444146,566622622,1787444146566622622,117.977615,,,,17917,17916,1,0,0,17917,AxisTarget,1,True,True,True,True,-14.175197,-57.996979,100.572762,-0.113394,47.09214,-14.302508,581.277405,146.935745,447.254089,179.794785,0.319733,179.832047,5465,False,True,
397,/kuka/axis_move/feedback_json,std_msgs/msg/String,2026-08-22T20:15:46.750130-04:00,1787444146,750121002,1787444146750121002,183.49838,,,,17918,17917,1,0,0,17918,AxisTarget,1,True,True,True,False,-14.1777,-58.1171,100.493599,-0.1114,47.282001,-14.3027,581.365295,146.985168,449.131287,179.799225,0.31053,179.835907,5466,False,True,
398,/kuka/axis_move/feedback_json,std_msgs/msg/String,2026-08-22T20:15:46.860578-04:00,1787444146,860566808,1787444146860566808,110.445806,,,,17919,17918,1,0,0,17919,AxisTarget,1,True,True,True,False,-14.1777,-58.1171,100.493599,-0.1114,47.282001,-14.3027,581.365295,146.985153,449.131226,179.799225,0.310531,179.835907,5466,False,True,
399,/kuka/axis_move/feedback_json,std_msgs/msg/String,2026-08-22T20:15:46.975395-04:00,1787444146,975388685,1787444146975388685,114.821877,,,,17920,17919,1,0,0,17920,AxisTarget,1,True,True,True,True,-14.177846,-58.125217,100.487396,-0.111218,47.301712,-14.302726,581.368774,146.987167,449.208801,179.799408,0.31015,179.83606,5466,False,True,
400,/kuka/axis_move/feedback_json,std_msgs/msg/String,2026-08-22T20:15:47.086497-04:00,1787444147,86480691,1787444147086480691,111.092006,,,,17921,17920,1,0,0,17921,AxisTarget,1,True,True,True,False,-14.178876,-58.177917,100.450294,-0.110208,47.403374,-14.302847,581.398376,147.004272,449.873291,179.80098,0.306889,179.837433,5466,False,True,
401,/kuka/axis_move/feedback_json,std_msgs/msg/String,2026-08-22T20:15:47.276647-04:00,1787444147,276634842,1787444147276634842,190.154151,,,,17922,17921,1,0,0,17922,AxisTarget,1,True,True,True,False,-14.182613,-58.364498,100.32196,-0.106794,47.739559,-14.303242,581.504028,147.067627,452.409943,179.806931,0.294454,179.842697,5467,False,True,
402,/kuka/axis_move/feedback_json,std_msgs/msg/String,2026-08-22T20:15:47.391811-04:00,1787444147,391804260,1787444147391804260,115.169418,,,,17923,17922,1,0,0,17923,AxisTarget,1,True,True,True,False,-14.185055,-58.484669,100.240494,-0.104658,47.946819,-14.303481,581.566528,147.107239,454.060455,179.810776,0.286375,179.84613,5467,False,True,
403,/kuka/axis_move/feedback_json,std_msgs/msg/String,2026-08-22T20:15:47.576365-04:00,1787444147,576345464,1787444147576345464,184.541204,,,,17924,17923,1,0,0,17924,AxisTarget,1,True,True,True,False,-14.187377,-58.596752,100.165977,-0.102743,48.129028,-14.303688,581.627258,147.147751,455.806091,179.814835,0.277841,179.849762,5468,False,True,
404,/kuka/axis_move/feedback_json,std_msgs/msg/String,2026-08-22T20:15:47.686109-04:00,1787444147,686103091,1787444147686103091,109.757627,,,,17925,17924,1,0,0,17925,AxisTarget,1,True,True,True,False,-14.1876,-58.606701,100.159897,-0.1026,48.141399,-14.3037,581.633484,147.152023,455.99411,179.815277,0.276923,179.850159,5468,False,True,
405,/kuka/axis_move/feedback_json,std_msgs/msg/String,2026-08-22T20:15:47.801179-04:00,1787444147,801169407,1787444147801169407,115.066316,,,,17926,17925,1,0,0,17926,AxisTarget,1,True,True,True,False,-14.1876,-58.606701,100.159897,-0.1026,48.141399,-14.3037,581.633484,147.152023,455.99411,179.815277,0.276923,179.850159,5468,False,True,
406,/kuka/axis_move/feedback_json,std_msgs/msg/String,2026-08-22T20:15:47.912426-04:00,1787444147,912415441,1787444147912415441,111.246034,,,,17927,17926,1,0,0,17927,AxisTarget,1,True,True,True,True,-14.187677,-58.611019,100.156578,-0.102502,48.152069,-14.303714,581.634644,147.152817,456.0289,179.815353,0.276753,179.850235,5468,False,True,
407,/kuka/axis_move/feedback_json,std_msgs/msg/String,2026-08-22T20:15:48.100500-04:00,1787444148,100488737,1787444148100488737,188.073296,,,,17928,17927,1,0,0,17928,AxisTarget,1,True,True,True,False,-14.188909,-58.673595,100.112816,-0.101315,48.270615,-14.303849,581.660767,147.171143,456.843628,179.817261,0.272772,179.851929,5469,False,True,
408,/kuka/axis_move/feedback_json,std_msgs/msg/String,2026-08-22T20:15:48.284654-04:00,1787444148,284648226,1787444148284648226,184.159489,,,,17929,17928,1,0,0,17929,AxisTarget,1,True,True,True,False,-14.191757,-58.816185,100.014496,-0.098686,48.529797,-14.304142,581.717896,147.213364,458.776245,179.821732,0.263336,179.855988,5470,False,True,
409,/kuka/axis_move/feedback_json,std_msgs/msg/String,2026-08-22T20:15:48.396599-04:00,1787444148,396593019,1787444148396593019,111.944793,,,,17930,17929,1,0,0,17930,AxisTarget,1,True,True,True,False,-14.19407,-58.931149,99.935799,-0.096596,48.734165,-14.304371,581.759949,147.246826,460.368011,179.825409,0.255575,179.859329,5470,False,True,
410,/kuka/axis_move/feedback_json,std_msgs/msg/String,2026-08-22T20:15:48.510451-04:00,1787444148,510442708,1787444148510442708,113.849689,,,,17931,17930,1,0,0,17931,AxisTarget,1,True,True,True,False,-14.196665,-59.059479,99.848351,-0.094285,48.959404,-14.304623,581.800781,147.28215,462.112244,179.829422,0.247079,179.862991,5470,False,True,
411,/kuka/axis_move/feedback_json,std_msgs/msg/String,2026-08-22T20:15:48.629497-04:00,1787444148,629472363,1787444148629472363,119.029655,,,,17932,17931,1,0,0,17932,AxisTarget,1,True,True,True,False,-14.199232,-59.186161,99.762245,-0.092015,49.179893,-14.304868,581.837219,147.317093,463.910339,179.833557,0.238332,179.866791,5470,False,True,
412,/kuka/axis_move/feedback_json,std_msgs/msg/String,2026-08-22T20:15:48.825249-04:00,1787444148,825237940,1787444148825237940,195.765577,,,,17933,17932,1,0,0,17933,AxisTarget,1,True,True,True,False,-14.202431,-59.342648,99.656792,-0.089259,49.44545,-14.305161,581.875854,147.360291,466.25,179.838898,0.226965,179.871735,5471,False,True,
413,/kuka/axis_move/feedback_json,std_msgs/msg/String,2026-08-22T20:15:48.932344-04:00,1787444148,932334266,1787444148932334266,107.096326,,,,17934,17933,1,0,0,17934,AxisTarget,1,True,True,True,False,-14.20355,-59.397003,99.620468,-0.088317,49.535362,-14.30526,581.887024,147.374695,467.06134,179.840744,0.223028,179.873444,5471,False,True,
414,/kuka/axis_move/feedback_json,std_msgs/msg/String,2026-08-22T20:15:49.120160-04:00,1787444149,120154790,1787444149120154790,187.820524,,,,17935,17934,1,0,0,17935,AxisTarget,1,True,True,True,False,-14.2041,-59.422798,99.603798,-0.0879,49.573799,-14.3053,581.892334,147.38208,467.484955,179.841705,0.220972,179.874344,5472,False,True,
415,/kuka/axis_move/feedback_json,std_msgs/msg/String,2026-08-22T20:15:49.240403-04:00,1787444149,240375055,1787444149240375055,120.220265,,,,17936,17935,1,0,0,17936,AxisTarget,1,True,True,True,False,-14.2041,-59.422798,99.603798,-0.0879,49.573799,-14.3053,581.892395,147.38208,467.485046,179.841705,0.220972,179.874344,5472,False,True,
416,/kuka/axis_move/feedback_json,std_msgs/msg/String,2026-08-22T20:15:49.352595-04:00,1787444149,352582279,1787444149352582279,112.207224,,,,17937,17936,1,0,0,17937,AxisTarget,1,True,True,True,True,-14.204162,-59.426281,99.601105,-0.08782,49.582565,-14.305311,581.8927,147.382553,467.512299,179.841766,0.22084,179.874405,5472,False,True,
417,/kuka/axis_move/feedback_json,std_msgs/msg/String,2026-08-22T20:15:49.465388-04:00,1787444149,465364149,1787444149465364149,112.78187,,,,17938,17937,1,0,0,17938,AxisTarget,1,True,True,True,False,-14.20466,-59.451912,99.582039,-0.087301,49.635033,-14.305373,581.896606,147.388214,467.839935,179.842499,0.219248,179.875092,5472,False,True,
418,/kuka/axis_move/feedback_json,std_msgs/msg/String,2026-08-22T20:15:49.648703-04:00,1787444149,648684919,1787444149648684919,183.32077,,,,17939,17938,1,0,0,17939,AxisTarget,1,True,True,True,False,-14.206674,-59.552979,99.513069,-0.085458,49.817982,-14.305586,581.9104,147.410553,469.162323,179.84549,0.212826,179.877899,5473,False,True,
419,/kuka/axis_move/feedback_json,std_msgs/msg/String,2026-08-22T20:15:49.759341-04:00,1787444149,759315472,1787444149759315472,110.630553,,,,17940,17939,1,0,0,17940,AxisTarget,1,True,True,True,False,-14.208494,-59.64394,99.45047,-0.083794,49.982338,-14.305777,581.920898,147.431534,470.450012,179.848389,0.206579,179.880646,5473,False,True,
420,/kuka/axis_move/feedback_json,std_msgs/msg/String,2026-08-22T20:15:49.883830-04:00,1787444149,883808546,1787444149883808546,124.493074,,,,17941,17940,1,0,0,17941,AxisTarget,1,True,True,True,False,-14.210865,-59.761806,99.369736,-0.081578,50.199974,-14.306026,581.929688,147.456177,472.02655,179.851929,0.198937,179.884003,5473,False,True,
421,/kuka/axis_move/feedback_json,std_msgs/msg/String,2026-08-22T20:15:49.985876-04:00,1787444149,985866010,1787444149985866010,102.057464,,,,17942,17941,1,0,0,17942,AxisTarget,1,True,True,True,False,-14.21346,-59.890121,99.28228,-0.079355,50.417446,-14.306276,581.934326,147.484024,473.905212,179.856125,0.18984,179.888,5473,False,True,
422,/kuka/axis_move/feedback_json,std_msgs/msg/String,2026-08-22T20:15:50.175956-04:00,1787444150,175949310,1787444150175949310,190.0833,,,,17943,17942,1,0,0,17943,AxisTarget,1,True,True,True,False,-14.217575,-60.093647,99.14357,-0.075624,50.78249,-14.306695,581.929321,147.523621,476.78891,179.862534,0.175897,179.89418,5474,False,True,
423,/kuka/axis_move/feedback_json,std_msgs/msg/String,2026-08-22T20:15:50.364414-04:00,1787444150,364408571,1787444150364408571,188.459261,,,,17944,17943,1,0,0,17944,AxisTarget,1,True,True,True,False,-14.221682,-60.29604,99.006119,-0.072097,51.126083,-14.307088,581.909363,147.559555,479.688446,179.868942,0.161902,179.900406,5475,False,True,
424,/kuka/axis_move/feedback_json,std_msgs/msg/String,2026-08-22T20:15:50.476714-04:00,1787444150,476705704,1787444150476705704,112.297133,,,,17945,17944,1,0,0,17945,AxisTarget,1,True,True,True,False,-14.223659,-60.393051,98.940514,-0.070383,51.292458,-14.307277,581.894775,147.57515,481.054108,179.871948,0.155318,179.903336,5475,False,True,
425,/kuka/axis_move/feedback_json,std_msgs/msg/String,2026-08-22T20:15:50.667882-04:00,1787444150,667870991,1787444150667870991,191.165287,,,,17946,17945,1,0,0,17946,AxisTarget,1,True,True,True,False,-14.225934,-60.504368,98.865471,-0.068429,51.481506,-14.307491,581.872742,147.592819,482.704254,179.875565,0.147371,179.906891,5476,False,True,
426,/kuka/axis_move/feedback_json,std_msgs/msg/String,2026-08-22T20:15:50.779728-04:00,1787444150,779718282,1787444150779718282,111.847291,,,,17947,17946,1,0,0,17947,AxisTarget,1,True,True,True,False,-14.226744,-60.543697,98.839157,-0.067732,51.548428,-14.307567,581.863281,147.599106,483.320282,179.876907,0.144405,179.908218,5476,False,True,
427,/kuka/axis_move/feedback_json,std_msgs/msg/String,2026-08-22T20:15:50.888426-04:00,1787444150,888414534,1787444150888414534,108.696252,,,,17948,17947,1,0,0,17948,AxisTarget,1,True,True,True,False,-14.227145,-60.562874,98.826576,-0.067431,51.576626,-14.307597,581.858521,147.602081,483.617676,179.877563,0.142974,179.908875,5476,False,True,
428,/kuka/axis_move/feedback_json,std_msgs/msg/String,2026-08-22T20:15:51.005368-04:00,1787444151,5345402,1787444151005345402,116.930868,,,,17949,17948,1,0,0,17949,AxisTarget,1,True,True,True,False,-14.2272,-60.565201,98.825203,-0.0674,51.579201,-14.3076,581.857605,147.602615,483.67218,179.87767,0.142712,179.908981,5476,False,True,
429,/kuka/axis_move/feedback_json,std_msgs/msg/String,2026-08-22T20:15:51.189573-04:00,1787444151,189560478,1787444151189560478,184.215076,,,,17950,17949,1,0,0,17950,AxisTarget,1,True,True,True,True,-14.227222,-60.566555,98.824097,-0.067365,51.583191,-14.307605,581.857422,147.602722,483.682373,179.877701,0.142663,179.909012,5477,False,True,
430,/kuka/axis_move/feedback_json,std_msgs/msg/String,2026-08-22T20:15:51.372549-04:00,1787444151,372543729,1787444151372543729,182.983251,,,,17951,17950,1,0,0,17951,AxisTarget,1,True,True,True,False,-14.228135,-60.613323,98.791191,-0.066475,51.673275,-14.307714,581.847168,147.608551,484.282745,179.878998,0.139781,179.910294,5478,False,True,
431,/kuka/axis_move/feedback_json,std_msgs/msg/String,2026-08-22T20:15:51.486446-04:00,1787444151,486439695,1787444151486439695,113.895966,,,,17952,17951,1,0,0,17952,AxisTarget,1,True,True,True,False,-14.229435,-60.678711,98.745979,-0.065272,51.793083,-14.307847,581.831543,147.616547,485.134644,179.880859,0.135694,179.91214,5478,False,True,
432,/kuka/axis_move/feedback_json,std_msgs/msg/String,2026-08-22T20:15:51.600219-04:00,1787444151,600213774,1787444151600213774,113.774079,,,,17953,17952,1,0,0,17953,AxisTarget,1,True,True,True,False,-14.231222,-60.768196,98.684372,-0.06364,51.955006,-14.308031,581.806885,147.627426,486.355164,179.883499,0.129841,179.91478,5478,False,True,
433,/kuka/axis_move/feedback_json,std_msgs/msg/String,2026-08-22T20:15:51.716465-04:00,1787444151,716453148,1787444151716453148,116.239374,,,,17954,17953,1,0,0,17954,AxisTarget,1,True,True,True,False,-14.233609,-60.887268,98.602722,-0.061486,52.167767,-14.308271,581.769409,147.641022,488.003937,179.88707,0.121941,179.918335,5478,False,True,
434,/kuka/axis_move/feedback_json,std_msgs/msg/String,2026-08-22T20:15:51.901192-04:00,1787444151,901165525,1787444151901165525,184.712377,,,,17955,17954,1,0,0,17955,AxisTarget,1,True,True,True,False,-14.237806,-61.095245,98.460991,-0.057769,52.53281,-14.308682,581.690002,147.662323,490.966156,179.893433,0.107765,179.924759,5479,False,True,
435,/kuka/axis_move/feedback_json,std_msgs/msg/String,2026-08-22T20:15:52.012615-04:00,1787444152,12600304,1787444152012600304,111.434779,,,,17956,17955,1,0,0,17956,AxisTarget,1,True,True,True,False,-14.240217,-61.219151,98.376564,-0.055554,52.750282,-14.308928,581.635315,147.673096,492.733124,179.897202,0.099321,179.928604,5479,False,True,
436,/kuka/axis_move/feedback_json,std_msgs/msg/String,2026-08-22T20:15:52.127363-04:00,1787444152,127356893,1787444152127356893,114.756589,,,,17957,17956,1,0,0,17957,AxisTarget,1,True,True,True,False,-14.242806,-61.343056,98.29213,-0.05334,52.967724,-14.309173,581.575012,147.682449,494.501221,179.90097,0.090878,179.932449,5479,False,True,
437,/kuka/axis_move/feedback_json,std_msgs/msg/String,2026-08-22T20:15:52.240696-04:00,1787444152,240685728,1787444152240685728,113.328835,,,,17958,17957,1,0,0,17958,AxisTarget,1,True,True,True,False,-14.245205,-61.465355,98.20916,-0.051174,53.179428,-14.30941,581.508972,147.690399,496.274872,179.904724,0.082417,179.936325,5479,False,True,
438,/kuka/axis_move/feedback_json,std_msgs/msg/String,2026-08-22T20:15:52.426505-04:00,1787444152,426495421,1787444152426495421,185.809693,,,,17959,17958,1,0,0,17959,AxisTarget,1,True,True,True,False,-14.24835,-61.616199,98.107109,-0.048468,53.443233,-14.309705,581.41687,147.698425,498.533783,179.9095,0.071652,179.941269,5480,False,True,
439,/kuka/axis_move/feedback_json,std_msgs/msg/String,2026-08-22T20:15:52.608150-04:00,1787444152,608143613,1787444152608143613,181.648192,,,,17960,17959,1,0,0,17960,AxisTarget,1,True,True,True,False,-14.250497,-61.721447,98.036163,-0.046677,53.617191,-14.309898,581.349487,147.702515,500.062256,179.912704,0.064375,179.944626,5481,False,True,
440,/kuka/axis_move/feedback_json,std_msgs/msg/String,2026-08-22T20:15:52.800116-04:00,1787444152,800109931,1787444152800109931,191.966318,,,,17961,17960,1,0,0,17961,AxisTarget,1,True,True,True,False,-14.251565,-61.773254,98.001633,-0.045792,53.702133,-14.309992,581.312256,147.704254,500.868347,179.914398,0.06054,179.946381,5482,False,True,
441,/kuka/axis_move/feedback_json,std_msgs/msg/String,2026-08-22T20:15:52.912619-04:00,1787444152,912609273,1787444152912609273,112.499342,,,,17962,17961,1,0,0,17962,AxisTarget,1,True,True,True,False,-14.2517,-61.7794,97.997803,-0.0457,53.7103,-14.31,581.30658,147.704483,500.989105,179.914642,0.059965,179.946655,5482,False,True,
442,/kuka/axis_move/feedback_json,std_msgs/msg/String,2026-08-22T20:15:53.025955-04:00,1787444153,25945343,1787444153025945343,113.33607,,,,17963,17962,1,0,0,17963,AxisTarget,1,True,True,True,False,-14.2517,-61.7794,97.997803,-0.0457,53.7103,-14.31,581.30658,147.704483,500.989563,179.914642,0.059963,179.946655,5482,False,True,
443,/kuka/axis_move/feedback_json,std_msgs/msg/String,2026-08-22T20:15:53.145172-04:00,1787444153,145074828,1787444153145074828,119.129485,,,,17964,17963,1,0,0,17964,AxisTarget,1,True,True,True,True,-14.25174,-61.781677,97.995995,-0.045645,53.716438,-14.310008,581.305664,147.704529,501.008972,179.914688,0.059871,179.946701,5482,False,True,
444,/kuka/axis_move/feedback_json,std_msgs/msg/String,2026-08-22T20:15:53.324590-04:00,1787444153,324576873,1787444153324576873,179.502045,,,,17965,17964,1,0,0,17965,AxisTarget,1,True,True,True,False,-14.252747,-61.833103,97.959915,-0.044668,53.814713,-14.310124,581.273682,147.705688,501.679382,179.916092,0.056681,179.948166,5483,False,True,
445,/kuka/axis_move/feedback_json,std_msgs/msg/String,2026-08-22T20:15:53.438534-04:00,1787444153,438526822,1787444153438526822,113.949949,,,,17966,17965,1,0,0,17966,AxisTarget,1,True,True,True,False,-14.253995,-61.895885,97.916519,-0.04351,53.929615,-14.310265,581.231445,147.706879,502.539551,179.917877,0.052591,179.950073,5483,False,True,
446,/kuka/axis_move/feedback_json,std_msgs/msg/String,2026-08-22T20:15:53.548536-04:00,1787444153,548510736,1787444153548510736,109.983914,,,,17967,17966,1,0,0,17967,AxisTarget,1,True,True,True,False,-14.255877,-61.990181,97.851608,-0.041785,54.100174,-14.310456,581.16748,147.708023,503.796539,179.920502,0.046616,179.952835,5483,False,True,
447,/kuka/axis_move/feedback_json,std_msgs/msg/String,2026-08-22T20:15:53.659723-04:00,1787444153,659685540,1787444153659685540,111.174804,,,,17968,17967,1,0,0,17968,AxisTarget,1,True,True,True,False,-14.258121,-62.102032,97.774925,-0.039756,54.299881,-14.310687,581.08075,147.708405,505.418976,179.923859,0.038909,179.956421,5483,False,True,
448,/kuka/axis_move/feedback_json,std_msgs/msg/String,2026-08-22T20:15:53.849898-04:00,1787444153,849889299,1787444153849889299,190.203759,,,,17969,17968,1,0,0,17969,AxisTarget,1,True,True,True,False,-14.262316,-62.31443,97.63018,-0.035946,54.672695,-14.311115,580.909424,147.705978,508.399292,179.930008,0.024768,179.963028,5484,False,True,
449,/kuka/axis_move/feedback_json,std_msgs/msg/String,2026-08-22T20:15:54.038471-04:00,1787444154,38442048,1787444154038442048,188.552749,,,,17970,17969,1,0,0,17970,AxisTarget,1,True,True,True,False,-14.266175,-62.500256,97.504288,-0.032654,54.992962,-14.311487,580.735962,147.700073,511.172424,179.935684,0.011628,179.969177,5485,False,True,
450,/kuka/axis_move/feedback_json,std_msgs/msg/String,2026-08-22T20:15:54.151445-04:00,1787444154,151433953,1787444154151433953,112.991905,,,,17971,17970,1,0,0,17971,AxisTarget,1,True,True,True,False,-14.267879,-62.583717,97.448067,-0.031191,55.13443,-14.311642,580.656555,147.696411,512.375427,179.938126,0.005933,179.971863,5485,False,True,
451,/kuka/axis_move/feedback_json,std_msgs/msg/String,2026-08-22T20:15:54.332561-04:00,1787444154,332552996,1787444154332552996,181.119043,,,,17972,17971,1,0,0,17972,AxisTarget,1,True,True,True,False,-14.269434,-62.659321,97.397575,-0.02989,55.259151,-14.311782,580.575684,147.692139,513.562317,179.940552,0.000317,179.974503,5486,False,True,
452,/kuka/axis_move/feedback_json,std_msgs/msg/String,2026-08-22T20:15:54.440399-04:00,1787444154,440390904,1787444154440390904,107.837908,,,,17973,17972,1,0,0,17973,AxisTarget,1,True,True,True,False,-14.269695,-62.671432,97.389877,-0.029701,55.276226,-14.3118,580.561096,147.691315,513.772705,179.940964,-0.000678,179.974976,5486,False,True,
453,/kuka/axis_move/feedback_json,std_msgs/msg/String,2026-08-22T20:15:54.553172-04:00,1787444154,553163820,1787444154553163820,112.772916,,,,17974,17973,1,0,0,17974,AxisTarget,1,True,True,True,False,-14.2697,-62.6716,97.389801,-0.0297,55.276299,-14.3118,580.560669,147.691299,513.778992,179.940979,-0.000708,179.974991,5486,False,True,
454,/kuka/axis_move/feedback_json,std_msgs/msg/String,2026-08-22T20:15:54.665935-04:00,1787444154,665917840,1787444154665917840,112.75402,,,,17975,17974,1,0,0,17975,AxisTarget,1,True,True,True,True,-14.269713,-62.672485,97.38903,-0.029674,55.279369,-14.311806,580.560303,147.691269,513.784302,179.940994,-0.000733,179.974991,5486,False,True,
455,/kuka/axis_move/feedback_json,std_msgs/msg/String,2026-08-22T20:15:54.845344-04:00,1787444154,845311013,1787444154845311013,179.393173,,,,17976,17975,1,0,0,17976,AxisTarget,1,True,True,True,False,-14.270956,-62.736507,97.343788,-0.028435,55.404243,-14.31196,580.505188,147.688004,514.568726,179.942581,-0.00444,179.976746,5487,False,True,
456,/kuka/axis_move/feedback_json,std_msgs/msg/String,2026-08-22T20:15:54.954900-04:00,1787444154,954892093,1787444154954892093,109.58108,,,,17977,17976,1,0,0,17977,AxisTarget,1,True,True,True,False,-14.272716,-62.825218,97.282379,-0.026785,55.567307,-14.31216,580.415283,147.68222,515.817505,179.945099,-0.010338,179.979553,5487,False,True,
457,/kuka/axis_move/feedback_json,std_msgs/msg/String,2026-08-22T20:15:55.069630-04:00,1787444155,69617865,1787444155069617865,114.725772,,,,17978,17977,1,0,0,17978,AxisTarget,1,True,True,True,False,-14.275154,-62.946716,97.199287,-0.024581,55.78249,-14.312421,580.286621,147.673065,517.541626,179.948563,-0.018477,179.983414,5487,False,True,
458,/kuka/axis_move/feedback_json,std_msgs/msg/String,2026-08-22T20:15:55.183930-04:00,1787444155,183920776,1787444155183920776,114.302911,,,,17979,17978,1,0,0,17979,AxisTarget,1,True,True,True,False,-14.277632,-63.069454,97.115845,-0.02238,56.003128,-14.312686,580.148743,147.662216,519.315796,179.952103,-0.026845,179.987396,5487,False,True,
459,/kuka/axis_move/feedback_json,std_msgs/msg/String,2026-08-22T20:15:55.375440-04:00,1787444155,375430171,1787444155375430171,191.509395,,,,17980,17979,1,0,0,17980,AxisTarget,1,True,True,True,False,-14.280509,-63.211403,97.020828,-0.019912,56.231918,-14.312958,579.97644,147.647324,521.440491,179.956329,-0.036859,179.992172,5488,False,True,
460,/kuka/axis_move/feedback_json,std_msgs/msg/String,2026-08-22T20:15:55.487381-04:00,1787444155,487359288,1787444155487359288,111.929117,,,,17981,17980,1,0,0,17981,AxisTarget,1,True,True,True,False,-14.28108,-63.236629,97.004601,-0.019508,56.268871,-14.313,579.938782,147.64389,521.891541,179.95723,-0.038984,179.993195,5488,False,True,
461,/kuka/axis_move/feedback_json,std_msgs/msg/String,2026-08-22T20:15:55.673460-04:00,1787444155,673452554,1787444155673452554,186.093266,,,,17982,17981,1,0,0,17982,AxisTarget,1,True,True,True,False,-14.2811,-63.2374,97.004204,-0.0195,56.269421,-14.313,579.93689,147.643723,521.914246,179.957275,-0.03909,179.99324,5489,False,True,
462,/kuka/axis_move/feedback_json,std_msgs/msg/String,2026-08-22T20:15:55.788785-04:00,1787444155,788776997,1787444155788776997,115.324443,,,,17983,17982,1,0,0,17983,AxisTarget,1,True,True,True,True,-14.281705,-63.270531,96.979416,-0.018795,56.345314,-14.313094,579.910889,147.641312,522.223267,179.957886,-0.040547,179.993942,5489,False,True,
463,/kuka/axis_move/feedback_json,std_msgs/msg/String,2026-08-22T20:15:55.984102-04:00,1787444155,984084332,1787444155984084332,195.307335,,,,17984,17983,1,0,0,17984,AxisTarget,1,True,True,True,False,-14.285545,-63.460503,96.850616,-0.015465,56.672527,-14.313467,579.671936,147.617981,524.975952,179.963303,-0.053517,-179.999893,5490,False,True,
464,/kuka/axis_move/feedback_json,std_msgs/msg/String,2026-08-22T20:15:56.095122-04:00,1787444156,95116440,1787444156095116440,111.032108,,,,17985,17984,1,0,0,17985,AxisTarget,1,True,True,True,False,-14.2861,-63.4856,96.835098,-0.0151,56.705002,-14.3135,579.626038,147.613266,525.487427,179.96431,-0.055925,-179.998749,5490,False,True,
465,/kuka/axis_move/feedback_json,std_msgs/msg/String,2026-08-22T20:15:56.281228-04:00,1787444156,281193937,1787444156281193937,186.077497,,,,17986,17985,1,0,0,17986,AxisTarget,1,True,True,True,True,-14.2861,-63.4856,96.835098,-0.0151,56.705002,-14.3135,579.625977,147.613266,525.488037,179.96431,-0.055928,-179.998749,5491,False,True,
466,/kuka/axis_move/feedback_json,std_msgs/msg/String,2026-08-22T20:15:56.396274-04:00,1787444156,396259056,1787444156396259056,115.065119,,,,17987,17986,1,0,0,17987,AxisTarget,1,True,True,True,False,-14.2861,-63.4856,96.835098,-0.0151,56.705002,-14.3135,579.625977,147.613266,525.488037,179.96431,-0.055928,-179.998749,5491,False,True,
467,/kuka/axis_move/feedback_json,std_msgs/msg/String,2026-08-22T20:15:56.584226-04:00,1787444156,584220680,1787444156584220680,187.961624,,,,17988,17987,1,0,0,17988,AxisTarget,1,True,True,True,True,-14.098545,-63.536732,96.916344,-0.014263,56.67276,-14.385346,579.679626,145.969757,525.497498,179.763763,-0.054293,-179.998611,5492,False,True,
468,/kuka/axis_move/feedback_json,std_msgs/msg/String,2026-08-22T20:15:56.696327-04:00,1787444156,696298135,1787444156696298135,112.077455,,,,17989,17988,1,0,0,17989,AxisTarget,1,True,True,True,False,-13.999701,-63.559502,96.9468,-0.014,56.664299,-14.401,579.721985,144.554382,525.505554,179.590988,-0.052884,-179.998489,5492,False,True,
469,/kuka/axis_move/feedback_json,std_msgs/msg/String,2026-08-22T20:15:56.804420-04:00,1787444156,804414625,1787444156804414625,108.11649,,,,17990,17989,1,0,0,17990,AxisTarget,1,True,True,True,False,-13.9997,-63.559502,96.9468,-0.014,56.664299,-14.401003,579.721985,144.554535,525.505554,179.591003,-0.052884,-179.998489,5492,False,True,
470,/kuka/axis_move/feedback_json,std_msgs/msg/String,2026-08-22T20:15:56.918436-04:00,1787444156,918430168,1787444156918430168,114.015543,,,,17991,17990,1,0,0,17991,AxisTarget,1,True,True,True,True,-13.922543,-63.582085,96.985275,-0.01357,56.644924,-14.44696,579.739624,143.929825,525.509094,179.514694,-0.052267,-179.998459,5492,False,True,
471,/kuka/axis_move/feedback_json,std_msgs/msg/String,2026-08-22T20:15:57.100654-04:00,1787444157,100643191,1787444157100643191,182.213023,,,,17992,17991,1,0,0,17992,AxisTarget,1,True,True,True,False,-13.171955,-63.774452,97.273613,-0.011059,56.544094,-14.660563,579.90509,135.871658,525.552185,178.529205,-0.044297,-179.998032,5493,False,True,
472,/kuka/axis_move/feedback_json,std_msgs/msg/String,2026-08-22T20:15:57.287501-04:00,1787444157,287486453,1787444157287486453,186.843262,,,,17993,17992,1,0,0,17993,AxisTarget,1,True,True,True,False,-13.1402,-63.7812,97.281898,-0.011,56.542198,-14.6637,579.911316,135.391739,525.554626,178.470428,-0.043822,-179.998016,5494,False,True,
473,/kuka/axis_move/feedback_json,std_msgs/msg/String,2026-08-22T20:15:57.476549-04:00,1787444157,476534442,1787444157476534442,189.047989,,,,17994,17993,1,0,0,17994,AxisTarget,1,True,True,True,True,-13.1402,-63.7812,97.281898,-0.011,56.542198,-14.6637,579.911316,135.391739,525.554626,178.470428,-0.043822,-179.998016,5495,False,True,
474,/kuka/axis_move/feedback_json,std_msgs/msg/String,2026-08-22T20:15:57.592482-04:00,1787444157,592473677,1787444157592473677,115.939235,,,,17995,17994,1,0,0,17995,AxisTarget,1,True,True,True,True,-13.103881,-63.792332,97.301666,-0.01079,56.532532,-14.687468,579.914001,135.177689,525.555725,178.444214,-0.043608,-179.998001,5495,False,True,
475,/kuka/axis_move/feedback_json,std_msgs/msg/String,2026-08-22T20:15:57.708984-04:00,1787444157,708972880,1787444157708972880,116.499203,,,,17996,17995,1,0,0,17996,AxisTarget,1,True,True,True,False,-12.611831,-63.924625,97.509575,-0.00882,56.451092,-14.868469,579.950989,130.608307,525.578247,177.884232,-0.039043,-179.997787,5495,False,True,
476,/kuka/axis_move/feedback_json,std_msgs/msg/String,2026-08-22T20:15:57.823018-04:00,1787444157,823005075,1787444157823005075,114.032195,,,,17997,17996,1,0,0,17997,AxisTarget,1,True,True,True,False,-11.892711,-64.107147,97.780365,-0.006398,56.356567,-15.066785,579.92749,122.684807,525.614319,176.911163,-0.031111,-179.997452,5495,False,True,
477,/kuka/axis_move/feedback_json,std_msgs/msg/String,2026-08-22T20:15:58.009423-04:00,1787444158,9399316,1787444158009399316,186.394241,,,,17998,17997,1,0,0,17998,AxisTarget,1,True,True,True,False,-11.7078,-64.150803,97.8405,-0.0059,56.3386,-15.1015,579.896851,120.180199,525.624939,176.603027,-0.028599,-179.99736,5496,False,True,
478,/kuka/axis_move/feedback_json,std_msgs/msg/String,2026-08-22T20:15:58.115345-04:00,1787444158,115320498,1787444158115320498,105.921182,,,,17999,17998,1,0,0,17999,AxisTarget,1,True,True,True,True,-11.7078,-64.150803,97.8405,-0.0059,56.3386,-15.1015,579.896851,120.180199,525.624939,176.603027,-0.028599,-179.99736,5496,False,True,
479,/kuka/axis_move/feedback_json,std_msgs/msg/String,2026-08-22T20:15:58.302376-04:00,1787444158,302368123,1787444158302368123,187.047625,,,,18000,17999,1,0,0,18000,AxisTarget,1,True,True,True,True,-11.707789,-64.15081,97.840546,-0.005899,56.338524,-15.101793,579.896851,120.180199,525.624939,176.603027,-0.028599,-179.99736,5497,False,True,
480,/kuka/axis_move/feedback_json,std_msgs/msg/String,2026-08-22T20:15:58.423968-04:00,1787444158,423951124,1787444158423951124,121.583001,,,,18001,18000,1,0,0,18001,AxisTarget,1,True,True,True,False,-11.554273,-64.19429,97.912369,-0.005199,56.307598,-15.179345,579.878357,118.985382,525.629883,176.455933,-0.027393,-179.99733,5497,False,True,
481,/kuka/axis_move/feedback_json,std_msgs/msg/String,2026-08-22T20:15:58.535564-04:00,1787444158,535557248,1787444158535557248,111.606124,,,,18002,18001,1,0,0,18002,AxisTarget,1,True,True,True,False,-10.791286,-64.396286,98.225151,-0.002334,56.188377,-15.435108,579.70697,111.578323,525.658447,175.542526,-0.019905,-179.997177,5497,False,True,
482,/kuka/axis_move/feedback_json,std_msgs/msg/String,2026-08-22T20:15:58.649445-04:00,1787444158,649410528,1787444158649410528,113.85328,,,,18003,18002,1,0,0,18003,AxisTarget,1,True,True,True,False,-9.956113,-64.607582,98.537796,0.000403,56.079556,-15.663203,579.355225,102.328018,525.68927,174.398071,-0.010523,-179.997055,5497,False,True,
483,/kuka/axis_move/feedback_json,std_msgs/msg/String,2026-08-22T20:15:58.838578-04:00,1787444158,838538528,1787444158838538528,189.128,,,,18004,18003,1,0,0,18004,AxisTarget,1,True,True,True,False,-9.7025,-64.668198,98.622398,0.0011,56.053501,-15.7144,579.192627,99.027924,525.698914,173.988708,-0.007167,-179.99704,5498,False,True,
484,/kuka/axis_move/feedback_json,std_msgs/msg/String,2026-08-22T20:15:59.020508-04:00,1787444159,20492237,1787444159020492237,181.953709,,,,18005,18004,1,0,0,18005,AxisTarget,1,True,True,True,True,-9.7025,-64.668198,98.622398,0.0011,56.053497,-15.714435,579.192627,99.027931,525.698914,173.988708,-0.007167,-179.99704,5499,False,True,
485,/kuka/axis_move/feedback_json,std_msgs/msg/String,2026-08-22T20:15:59.135260-04:00,1787444159,135254359,1787444159135254359,114.762122,,,,18006,18005,1,0,0,18006,AxisTarget,1,True,True,True,False,-9.599947,-64.69783,98.672287,0.001652,56.029106,-15.771754,579.14801,98.18605,525.701233,173.884186,-0.006315,-179.997025,5499,False,True,
486,/kuka/axis_move/feedback_json,std_msgs/msg/String,2026-08-22T20:15:59.255161-04:00,1787444159,255133151,1787444159255133151,119.878792,,,,18007,18006,1,0,0,18007,AxisTarget,1,True,True,True,False,-8.908628,-64.881783,98.958687,0.004268,55.920864,-16.010609,578.76355,91.734566,525.717529,173.081909,0.000225,-179.996994,5499,False,True,
487,/kuka/axis_move/feedback_json,std_msgs/msg/String,2026-08-22T20:15:59.364662-04:00,1787444159,364642900,1787444159364642900,109.509749,,,,18008,18007,1,0,0,18008,AxisTarget,1,True,True,True,False,-7.844205,-65.155899,99.371727,0.00799,55.771751,-16.329088,577.926208,80.641937,525.739197,171.696793,0.011513,-179.997055,5499,False,True,
488,/kuka/axis_move/feedback_json,std_msgs/msg/String,2026-08-22T20:15:59.549065-04:00,1787444159,549023604,1787444159549023604,184.380704,,,,18009,18008,1,0,0,18009,AxisTarget,1,True,True,True,False,-7.126219,-65.333229,99.627678,0.0102,55.687,-16.502407,577.135437,72.168671,525.750244,170.63353,0.020175,-179.997208,5500,False,True,
489,/kuka/axis_move/feedback_json,std_msgs/msg/String,2026-08-22T20:15:59.663475-04:00,1787444159,663464365,1787444159663464365,114.440761,,,,18010,18009,1,0,0,18010,AxisTarget,1,True,True,True,False,-7.1242,-65.333397,99.6278,0.0102,55.687,-16.502399,577.130615,72.121124,525.750305,170.627548,0.020224,-179.997208,5500,False,True,
490,/kuka/axis_move/feedback_json,std_msgs/msg/String,2026-08-22T20:15:59.845591-04:00,1787444159,845579747,1787444159845579747,182.115382,,,,18011,18010,1,0,0,18011,AxisTarget,1,True,True,True,True,-7.1242,-65.333397,99.6278,0.0102,55.687,-16.502399,577.130615,72.121124,525.750305,170.627548,0.020224,-179.997208,5501,False,True,
491,/kuka/axis_move/feedback_json,std_msgs/msg/String,2026-08-22T20:15:59.959563-04:00,1787444159,959527605,1787444159959527605,113.947858,,,,18012,18011,1,0,0,18012,AxisTarget,1,True,True,True,True,-7.122526,-65.334076,99.629318,0.01022,55.685921,-16.505503,577.130066,72.115433,525.750305,170.626831,0.02023,-179.997208,5501,False,True,
492,/kuka/axis_move/feedback_json,std_msgs/msg/String,2026-08-22T20:16:00.068295-04:00,1787444160,68284536,1787444160068284536,108.756931,,,,18013,18012,1,0,0,18013,AxisTarget,1,True,True,True,False,-6.858788,-65.407089,99.747375,0.011367,55.637123,-16.616772,576.88739,69.767471,525.752502,170.331345,0.022635,-179.997253,5501,False,True,
493,/kuka/axis_move/feedback_json,std_msgs/msg/String,2026-08-22T20:16:00.185396-04:00,1787444160,185368045,1787444160185368045,117.083509,,,,18014,18013,1,0,0,18014,AxisTarget,1,True,True,True,False,-6.012928,-65.630249,100.091949,0.014573,55.506409,-16.903122,575.991699,61.830441,525.757202,169.329636,0.030788,-179.997467,5501,False,True,
494,/kuka/axis_move/feedback_json,std_msgs/msg/String,2026-08-22T20:16:00.370342-04:00,1787444160,370325889,1787444160370325889,184.957844,,,,18015,18014,1,0,0,18015,AxisTarget,1,True,True,True,False,-4.346996,-66.055908,100.728638,0.020311,55.279644,-17.384626,573.601746,44.330498,525.752197,167.104355,0.048888,-179.998184,5502,False,True,
495,/kuka/axis_move/feedback_json,std_msgs/msg/String,2026-08-22T20:16:00.480522-04:00,1787444160,480509361,1787444160480509361,110.183472,,,,18016,18015,1,0,0,18016,AxisTarget,1,True,True,True,False,-3.979915,-66.145103,100.855255,0.021392,55.239296,-17.465366,572.909241,39.926586,525.747559,166.540482,0.053471,-179.998428,5502,False,True,
496,/kuka/axis_move/feedback_json,std_msgs/msg/String,2026-08-22T20:16:00.665058-04:00,1787444160,665049824,1787444160665049824,184.540463,,,,18017,18016,1,0,0,18017,AxisTarget,1,True,True,True,True,-3.972898,-66.1464,100.856613,0.0214,55.239063,-17.465771,572.882813,39.762981,525.747375,166.519501,0.053642,-179.998428,5503,False,True,
497,/kuka/axis_move/feedback_json,std_msgs/msg/String,2026-08-22T20:16:00.784068-04:00,1787444160,784056794,1787444160784056794,119.00697,,,,18018,18017,1,0,0,18018,AxisTarget,1,True,True,True,False,-3.808509,-66.192963,100.933556,0.022157,55.205914,-17.542818,572.6828,38.535248,525.745789,166.361984,0.054923,-179.998505,5503,False,True,
498,/kuka/axis_move/feedback_json,std_msgs/msg/String,2026-08-22T20:16:00.893458-04:00,1787444160,893420541,1787444160893420541,109.363747,,,,18019,18018,1,0,0,18019,AxisTarget,1,True,True,True,False,-3.027465,-66.400215,101.255417,0.025142,55.082382,-17.814947,571.380432,30.936298,525.733765,165.384155,0.062871,-179.999008,5503,False,True,
499,/kuka/axis_move/feedback_json,std_msgs/msg/String,2026-08-22T20:16:01.003159-04:00,1787444161,3148760,1787444161003148760,109.728219,,,,18020,18019,1,0,0,18020,AxisTarget,1,True,True,True,False,-1.898018,-66.692581,101.698486,0.029152,54.920315,-18.163639,569.243835,19.66987,525.708069,163.924637,0.074727,-179.999893,5503,False,True,
500,/kuka/axis_move/feedback_json,std_msgs/msg/String,2026-08-22T20:16:01.186444-04:00,1787444161,186432752,1787444161186432752,183.283992,,,,18021,18020,1,0,0,18021,AxisTarget,1,True,True,True,False,-0.510355,-67.043045,102.216454,0.033722,54.740337,-18.540752,566.151611,5.279447,525.661316,162.04213,0.089999,179.998734,5504,False,True,
501,/kuka/axis_move/feedback_json,std_msgs/msg/String,2026-08-22T20:16:01.374721-04:00,1787444161,374715121,1787444161374715121,188.282369,,,,18022,18021,1,0,0,18022,AxisTarget,1,True,True,True,False,-0.3959,-67.069298,102.251503,0.034,54.730598,-18.5588,565.826782,3.871029,525.655884,161.856705,0.091502,179.998596,5505,False,True,
502,/kuka/axis_move/feedback_json,std_msgs/msg/String,2026-08-22T20:16:01.561052-04:00,1787444161,561013696,1787444161561013696,186.298575,,,,18023,18022,1,0,0,18023,AxisTarget,1,True,True,True,True,-0.3959,-67.069298,102.251503,0.034,54.730598,-18.5588,565.826782,3.871029,525.655884,161.856705,0.091502,179.998596,5506,False,True,
503,/kuka/axis_move/feedback_json,std_msgs/msg/String,2026-08-22T20:16:01.673916-04:00,1787444161,673910738,1787444161673910738,112.897042,,,,18024,18023,1,0,0,18024,AxisTarget,1,True,True,True,True,-0.391768,-67.071381,102.255707,0.03405,54.728046,-18.565685,565.822693,3.853418,525.655823,161.854385,0.091521,179.998596,5506,False,True,
504,/kuka/axis_move/feedback_json,std_msgs/msg/String,2026-08-22T20:16:01.784841-04:00,1787444161,784814699,1787444161784814699,110.903961,,,,18025,18024,1,0,0,18025,AxisTarget,1,True,True,True,False,-0.048024,-67.165192,102.406029,0.035488,54.666943,-18.703924,565.173828,1.090998,525.644714,161.490082,0.094472,179.998291,5506,False,True,
505,/kuka/axis_move/feedback_json,std_msgs/msg/String,2026-08-22T20:16:01.896714-04:00,1787444161,896701480,1787444161896701480,111.886781,,,,18026,18025,1,0,0,18026,AxisTarget,1,True,True,True,False,0.90418,-67.415665,102.791618,0.039037,54.521564,-19.021368,563.007446,-7.692906,525.605408,160.325943,0.103896,179.997284,5506,False,True,
506,/kuka/axis_move/feedback_json,std_msgs/msg/String,2026-08-22T20:16:02.084592-04:00,1787444162,84576717,1787444162084576717,187.875237,,,,18027,18026,1,0,0,18027,AxisTarget,1,True,True,True,False,2.713638,-67.878693,103.485291,0.045343,54.270107,-19.556213,557.997131,-25.935625,525.503601,157.878525,0.123675,179.994843,5507,False,True,
507,/kuka/axis_move/feedback_json,std_msgs/msg/String,2026-08-22T20:16:02.201233-04:00,1787444162,201226555,1787444162201226555,116.649838,,,,18028,18027,1,0,0,18028,AxisTarget,1,True,True,True,False,3.180287,-67.993202,103.649498,0.04667,54.21978,-19.657774,556.524048,-30.859091,525.471252,157.210648,0.129064,179.99411,5507,False,True,
508,/kuka/axis_move/feedback_json,std_msgs/msg/String,2026-08-22T20:16:02.384282-04:00,1787444162,384276369,1787444162384276369,183.049814,,,,18029,18028,1,0,0,18029,AxisTarget,1,True,True,True,True,3.2041,-67.9981,103.655296,0.0467,54.218891,-19.659138,556.419678,-31.201611,525.468933,157.164063,0.12944,179.994049,5508,False,True,
509,/kuka/axis_move/feedback_json,std_msgs/msg/String,2026-08-22T20:16:02.496256-04:00,1787444162,496249622,1787444162496249622,111.973253,,,,18030,18029,1,0,0,18030,AxisTarget,1,True,True,True,False,3.347553,-68.039101,103.72361,0.047378,54.189011,-19.729107,556.120178,-32.17931,525.46228,157.030991,0.130515,179.993896,5508,False,True,
510,/kuka/axis_move/feedback_json,std_msgs/msg/String,2026-08-22T20:16:02.608516-04:00,1787444162,608510504,1787444162608510504,112.260882,,,,18031,18030,1,0,0,18031,AxisTarget,1,True,True,True,False,4.08996,-68.23645,104.030571,0.050232,54.070889,-19.989658,554.098267,-38.611256,525.416199,156.152237,0.137611,179.992859,5508,False,True,
511,/kuka/axis_move/feedback_json,std_msgs/msg/String,2026-08-22T20:16:02.722422-04:00,1787444162,722412518,1787444162722412518,113.902014,,,,18032,18031,1,0,0,18032,AxisTarget,1,True,True,True,False,5.257977,-68.538963,104.489159,0.054389,53.903069,-20.350826,550.474304,-49.478565,525.329895,154.653824,0.149694,179.990967,5508,False,True,
512,/kuka/axis_move/feedback_json,std_msgs/msg/String,2026-08-22T20:16:02.911515-04:00,1787444162,911506467,1787444162911506467,189.093949,,,,18033,18032,1,0,0,18033,AxisTarget,1,True,True,True,False,6.510995,-68.853065,104.949753,0.058426,53.745659,-20.677885,545.920044,-62.125069,525.215515,152.886917,0.163911,179.98851,5509,False,True,
513,/kuka/axis_move/feedback_json,std_msgs/msg/String,2026-08-22T20:16:03.102778-04:00,1787444163,102771702,1787444163102771702,191.265235,,,,18034,18033,1,0,0,18034,AxisTarget,1,True,True,True,False,6.5501,-68.861397,104.959999,0.0585,53.743301,-20.681801,545.695251,-62.72382,525.209717,152.802612,0.164589,179.988388,5510,False,True,
514,/kuka/axis_move/feedback_json,std_msgs/msg/String,2026-08-22T20:16:03.289147-04:00,1787444163,289140110,1787444163289140110,186.368408,,,,18035,18034,1,0,0,18035,AxisTarget,1,True,True,True,True,6.5501,-68.861397,104.959999,0.0585,53.743301,-20.681801,545.695251,-62.72382,525.209717,152.802612,0.164589,179.988388,5511,False,True,
515,/kuka/axis_move/feedback_json,std_msgs/msg/String,2026-08-22T20:16:03.402016-04:00,1787444163,402010884,1787444163402010884,112.870774,,,,18036,18035,1,0,0,18036,AxisTarget,1,True,True,True,True,6.579847,-68.870743,104.976967,0.058683,53.734669,-20.703402,545.642883,-62.862999,525.208313,152.783005,0.164746,179.988358,5511,False,True,
516,/kuka/axis_move/feedback_json,std_msgs/msg/String,2026-08-22T20:16:03.513911-04:00,1787444163,513895842,1787444163513895842,111.884958,,,,18037,18036,1,0,0,18037,AxisTarget,1,True,True,True,False,7.088706,-69.008263,105.194252,0.060737,53.648602,-20.8958,544.10614,-66.894035,525.168274,152.21376,0.169314,179.987534,5511,False,True,
517,/kuka/axis_move/feedback_json,std_msgs/msg/String,2026-08-22T20:16:03.622339-04:00,1787444163,622328768,1787444163622328768,108.432926,,,,18038,18037,1,0,0,18038,AxisTarget,1,True,True,True,False,8.113651,-69.275246,105.601181,0.06445,53.498238,-21.22076,540.359131,-76.325668,525.068054,150.870667,0.180075,179.985458,5511,False,True,
518,/kuka/axis_move/feedback_json,std_msgs/msg/String,2026-08-22T20:16:03.805365-04:00,1787444163,805345120,1787444163805345120,183.016352,,,,18039,18038,1,0,0,18039,AxisTarget,1,True,True,True,False,9.285645,-69.568939,106.031685,0.068228,53.351288,-21.526766,535.639038,-87.498383,524.937317,149.258179,0.192967,179.982819,5512,False,True,
519,/kuka/axis_move/feedback_json,std_msgs/msg/String,2026-08-22T20:16:03.916400-04:00,1787444163,916387211,1787444163916387211,111.042091,,,,18040,18039,1,0,0,18040,AxisTarget,1,True,True,True,False,9.3241,-69.577103,106.041702,0.0683,53.348999,-21.5296,535.425049,-87.988022,524.931274,149.186951,0.193535,179.982697,5512,False,True,
520,/kuka/axis_move/feedback_json,std_msgs/msg/String,2026-08-22T20:16:04.100178-04:00,1787444164,100171040,1787444164100171040,183.783829,,,,18041,18040,1,0,0,18041,AxisTarget,1,True,True,True,True,9.3241,-69.577103,106.041702,0.0683,53.348999,-21.5296,535.425049,-87.988014,524.931274,149.186951,0.193535,179.982697,5513,False,True,
521,/kuka/axis_move/feedback_json,std_msgs/msg/String,2026-08-22T20:16:04.212253-04:00,1787444164,212220397,1787444164212220397,112.049357,,,,18042,18041,1,0,0,18042,AxisTarget,1,True,True,True,False,9.3241,-69.577103,106.041702,0.0683,53.348999,-21.529604,535.425049,-87.988014,524.931274,149.186951,0.193535,179.982697,5513,False,True,
522,/kuka/axis_move/feedback_json,std_msgs/msg/String,2026-08-22T20:16:04.328242-04:00,1787444164,328232833,1787444164328232833,116.012436,,,,18043,18042,1,0,0,18043,AxisTarget,1,True,True,True,True,9.432696,-69.608681,106.095154,0.068841,53.322498,-21.592173,535.096436,-88.73732,524.921997,149.077866,0.194408,179.982513,5513,False,True,
523,/kuka/axis_move/feedback_json,std_msgs/msg/String,2026-08-22T20:16:04.440975-04:00,1787444164,440968945,1787444164440968945,112.736112,,,,18044,18043,1,0,0,18044,AxisTarget,1,True,True,True,False,10.183917,-69.808502,106.405975,0.071744,53.205482,-21.849873,532.291626,-95.004333,524.842041,148.160965,0.201733,179.980911,5513,False,True,
524,/kuka/axis_move/feedback_json,std_msgs/msg/String,2026-08-22T20:16:04.631857-04:00,1787444164,631835875,1787444164631835875,190.86693,,,,18045,18044,1,0,0,18045,AxisTarget,1,True,True,True,False,11.473288,-70.133766,106.885826,0.075995,53.039589,-22.196518,526.775818,-106.71476,524.680481,146.425171,0.215571,179.977722,5514,False,True,
525,/kuka/axis_move/feedback_json,std_msgs/msg/String,2026-08-22T20:16:04.812289-04:00,1787444164,812278501,1787444164812278501,180.442626,,,,18046,18045,1,0,0,18046,AxisTarget,1,True,True,True,False,11.5251,-70.144997,106.899902,0.0761,53.036201,-22.202299,526.427246,-107.429665,524.670105,146.318207,0.216422,179.977524,5515,False,True,
526,/kuka/axis_move/feedback_json,std_msgs/msg/String,2026-08-22T20:16:04.996671-04:00,1787444164,996663506,1787444164996663506,184.385005,,,,18047,18046,1,0,0,18047,AxisTarget,1,True,True,True,True,11.5251,-70.144997,106.899902,0.0761,53.036201,-22.202299,526.427246,-107.429665,524.670105,146.318207,0.216422,179.977524,5516,False,True,
527,/kuka/axis_move/feedback_json,std_msgs/msg/String,2026-08-22T20:16:05.105590-04:00,1787444165,105582302,1787444165105582302,108.918796,,,,18048,18047,1,0,0,18048,AxisTarget,1,True,True,True,True,11.54089,-70.1502,106.909767,0.076211,53.030796,-22.216261,526.388672,-107.508621,524.668945,146.306381,0.216516,179.977509,5516,False,True,
528,/kuka/axis_move/feedback_json,std_msgs/msg/String,2026-08-22T20:16:05.218203-04:00,1787444165,218195154,1787444165218195154,112.612852,,,,18049,18048,1,0,0,18049,AxisTarget,1,True,True,True,False,11.998597,-70.274734,107.107811,0.07811,52.951443,-22.394428,524.754211,-110.821922,524.61969,145.809052,0.220469,179.976547,5516,False,True,
529,/kuka/axis_move/feedback_json,std_msgs/msg/String,2026-08-22T20:16:05.329532-04:00,1787444165,329524213,1787444165329524213,111.329059,,,,18050,18049,1,0,0,18050,AxisTarget,1,True,True,True,False,12.860916,-70.495331,107.437752,0.081086,52.834431,-22.641665,520.82196,-118.554016,524.499451,144.63826,0.229761,179.974243,5516,False,True,
530,/kuka/axis_move/feedback_json,std_msgs/msg/String,2026-08-22T20:16:05.514765-04:00,1787444165,514750875,1787444165514750875,185.226662,,,,18051,18050,1,0,0,18051,AxisTarget,1,True,True,True,False,13.1531,-70.565002,107.534798,0.0819,52.804699,-22.6999,519.307129,-121.447556,524.452454,144.196335,0.233263,179.973358,5517,False,True,
531,/kuka/axis_move/feedback_json,std_msgs/msg/String,2026-08-22T20:16:05.626687-04:00,1787444165,626676561,1787444165626676561,111.925686,,,,18052,18051,1,0,0,18052,AxisTarget,1,True,True,True,True,13.1531,-70.565002,107.534798,0.0819,52.804699,-22.6999,519.307129,-121.447556,524.452454,144.196335,0.233263,179.973358,5517,False,True,
532,/kuka/axis_move/feedback_json,std_msgs/msg/String,2026-08-22T20:16:05.818431-04:00,1787444165,818402791,1787444165818402791,191.72623,,,,18053,18052,1,0,0,18053,AxisTarget,1,True,True,True,False,13.1531,-70.565002,107.534798,0.0819,52.804691,-22.699942,519.307129,-121.447556,524.452454,144.196335,0.233263,179.973358,5518,False,True,
533,/kuka/axis_move/feedback_json,std_msgs/msg/String,2026-08-22T20:16:05.932663-04:00,1787444165,932657366,1787444165932657366,114.254575,,,,18054,18053,1,0,0,18054,AxisTarget,1,True,True,True,True,13.311496,-70.610291,107.610237,0.082645,52.771706,-22.777222,518.799988,-122.406227,524.436829,144.049438,0.234428,179.973053,5518,False,True,
534,/kuka/axis_move/feedback_json,std_msgs/msg/String,2026-08-22T20:16:06.040420-04:00,1787444166,40397045,1787444166040397045,107.739679,,,,18055,18054,1,0,0,18055,AxisTarget,1,True,True,True,False,13.979841,-70.783409,107.87204,0.084995,52.67691,-22.979689,515.737366,-128.092148,524.341431,143.173279,0.241368,179.971191,5518,False,True,
535,/kuka/axis_move/feedback_json,std_msgs/msg/String,2026-08-22T20:16:06.152240-04:00,1787444166,152229026,1787444166152229026,111.831981,,,,18056,18055,1,0,0,18056,AxisTarget,1,True,True,True,False,14.208147,-70.837303,107.946205,0.0856,52.6548,-23.0224,514.493164,-130.35318,524.302246,142.822479,0.244143,179.970428,5518,False,True,
536,/kuka/axis_move/feedback_json,std_msgs/msg/String,2026-08-22T20:16:06.340177-04:00,1787444166,340170501,1787444166340170501,187.941475,,,,18057,18056,1,0,0,18057,AxisTarget,1,True,True,True,False,14.2082,-70.837303,107.946198,0.0856,52.6548,-23.0224,514.488281,-130.361923,524.302124,142.821121,0.244154,179.970428,5519,False,True,
537,/kuka/axis_move/feedback_json,std_msgs/msg/String,2026-08-22T20:16:06.459347-04:00,1787444166,459320482,1787444166459320482,119.149981,,,,18058,18057,1,0,0,18058,AxisTarget,1,True,True,True,True,14.217513,-70.841484,107.954269,0.085692,52.650242,-23.034317,514.473389,-130.38884,524.301636,142.81694,0.244187,179.970413,5519,False,True,
538,/kuka/axis_move/feedback_json,std_msgs/msg/String,2026-08-22T20:16:06.641778-04:00,1787444166,641766008,1787444166641766008,182.445526,,,,18059,18058,1,0,0,18059,AxisTarget,1,True,True,True,False,14.689493,-70.961586,108.13414,0.0873,52.586193,-23.169714,512.253174,-134.356384,524.230896,142.198059,0.249134,179.96904,5520,False,True,
539,/kuka/axis_move/feedback_json,std_msgs/msg/String,2026-08-22T20:16:06.752524-04:00,1787444166,752516064,1787444166752516064,110.750056,,,,18060,18059,1,0,0,18060,AxisTarget,1,True,True,True,False,14.6904,-70.9617,108.134201,0.0873,52.586201,-23.169701,512.233948,-134.390427,524.230286,142.192734,0.249177,179.969025,5520,False,True,
540,/kuka/axis_move/feedback_json,std_msgs/msg/String,2026-08-22T20:16:06.937559-04:00,1787444166,937551047,1787444166937551047,185.034983,,,,18061,18060,1,0,0,18061,AxisTarget,1,True,True,True,True,14.723797,-70.970299,108.147202,0.0874,52.581501,-23.179899,512.076599,-134.668503,524.22522,142.14917,0.249474,179.968933,5521,False,True,
541,/kuka/axis_move/feedback_json,std_msgs/msg/String,2026-08-22T20:16:07.050324-04:00,1787444167,50314282,1787444167050314282,112.763235,,,,18062,18061,1,0,0,18062,AxisTarget,1,True,True,True,False,14.7238,-70.970299,108.147202,0.0874,52.581501,-23.179899,512.07666,-134.668381,524.22522,142.1492,0.249474,179.968933,5521,False,True,
542,/kuka/axis_move/feedback_json,std_msgs/msg/String,2026-08-22T20:16:07.236440-04:00,1787444167,236431783,1787444167236431783,186.117501,,,,18063,18062,1,0,0,18063,AxisTarget,1,True,True,True,True,14.7238,-70.970299,108.147202,0.0874,52.581501,-23.179899,512.07666,-134.668381,524.22522,142.1492,0.249474,179.968933,5522,False,True,
543,/kuka/axis_move/feedback_json,std_msgs/msg/String,2026-08-22T20:16:07.353972-04:00,1787444167,353939059,1787444167353939059,117.507276,,,,18064,18063,1,0,0,18064,AxisTarget,1,True,True,True,True,14.723088,-70.944496,108.165672,0.087529,52.522346,-23.179647,512.091003,-134.668091,524.05481,142.149765,0.248858,179.969223,5522,False,True,
544,/kuka/axis_move/feedback_json,std_msgs/msg/String,2026-08-22T20:16:07.534236-04:00,1787444167,534224983,1787444167534224983,180.285924,,,,18065,18064,1,0,0,18065,AxisTarget,1,True,True,True,False,14.718018,-70.788704,108.260902,0.0881,52.295029,-23.178801,512.263733,-134.663086,521.942261,142.156799,0.241216,179.972778,5523,False,True,
545,/kuka/axis_move/feedback_json,std_msgs/msg/String,2026-08-22T20:16:07.648351-04:00,1787444167,648345088,1787444167648345088,114.120105,,,,18066,18065,1,0,0,18066,AxisTarget,1,True,True,True,False,14.718,-70.788399,108.261002,0.0881,52.294998,-23.178801,512.265564,-134.66301,521.918762,142.156876,0.241131,179.972809,5523,False,True,
546,/kuka/axis_move/feedback_json,std_msgs/msg/String,2026-08-22T20:16:07.762683-04:00,1787444167,762670978,1787444167762670978,114.32589,,,,18067,18066,1,0,0,18067,AxisTarget,1,True,True,True,True,14.717914,-70.785103,108.263451,0.088118,52.28656,-23.178761,512.267029,-134.662964,521.90033,142.156937,0.241065,179.972855,5523,False,True,
547,/kuka/axis_move/feedback_json,std_msgs/msg/String,2026-08-22T20:16:07.873549-04:00,1787444167,873543453,1787444167873543453,110.872475,,,,18068,18067,1,0,0,18068,AxisTarget,1,True,True,True,False,14.71662,-70.742447,108.291298,0.088296,52.210514,-23.17844,512.302429,-134.661652,521.454346,142.158432,0.239466,179.973587,5523,False,True,
548,/kuka/axis_move/feedback_json,std_msgs/msg/String,2026-08-22T20:16:08.062028-04:00,1787444168,62003160,1787444168062003160,188.459707,,,,18069,18068,1,0,0,18069,AxisTarget,1,True,True,True,False,14.710979,-70.562057,108.405655,0.089028,51.907341,-23.177191,512.472168,-134.653595,519.238647,142.165878,0.231522,179.97728,5524,False,True,
549,/kuka/axis_move/feedback_json,std_msgs/msg/String,2026-08-22T20:16:08.173452-04:00,1787444168,173445402,1787444168173445402,111.442242,,,,18070,18069,1,0,0,18070,AxisTarget,1,True,True,True,False,14.706609,-70.424393,108.494629,0.089556,51.691826,-23.176315,512.594727,-134.645721,517.554382,142.171524,0.225477,179.980087,5524,False,True,
550,/kuka/axis_move/feedback_json,std_msgs/msg/String,2026-08-22T20:16:08.359169-04:00,1787444168,359158898,1787444168359158898,185.713496,,,,18071,18070,1,0,0,18071,AxisTarget,1,True,True,True,False,14.701591,-70.269096,108.586952,0.090113,51.466087,-23.175415,512.742188,-134.63356,515.418213,142.178711,0.217803,179.983643,5525,False,True,
551,/kuka/axis_move/feedback_json,std_msgs/msg/String,2026-08-22T20:16:08.471564-04:00,1787444168,471528807,1787444168471528807,112.369909,,,,18072,18071,1,0,0,18072,AxisTarget,1,True,True,True,False,14.700709,-70.243095,108.602127,0.0902,51.435654,-23.175301,512.768677,-134.631027,515.020752,142.180054,0.216374,179.984314,5525,False,True,
552,/kuka/axis_move/feedback_json,std_msgs/msg/String,2026-08-22T20:16:08.583669-04:00,1787444168,583659097,1787444168583659097,112.13029,,,,18073,18072,1,0,0,18073,AxisTarget,1,True,True,True,False,14.7007,-70.242897,108.602203,0.0902,51.4356,-23.175301,512.769165,-134.630966,515.013062,142.180069,0.216347,179.984314,5525,False,True,
553,/kuka/axis_move/feedback_json,std_msgs/msg/String,2026-08-22T20:16:08.693401-04:00,1787444168,693371791,1787444168693371791,109.712694,,,,18074,18073,1,0,0,18074,AxisTarget,1,True,True,True,True,14.700678,-70.242027,108.60289,0.090205,51.43301,-23.175287,512.76947,-134.630936,515.008118,142.180084,0.216329,179.984329,5525,False,True,
554,/kuka/axis_move/feedback_json,std_msgs/msg/String,2026-08-22T20:16:08.876440-04:00,1787444168,876432601,1787444168876432601,183.06081,,,,18075,18074,1,0,0,18075,AxisTarget,1,True,True,True,False,14.699112,-70.190742,108.636101,0.090411,51.343529,-23.174908,512.805908,-134.627274,514.452698,142.181961,0.214336,179.985245,5526,False,True,
555,/kuka/axis_move/feedback_json,std_msgs/msg/String,2026-08-22T20:16:08.992447-04:00,1787444168,992432886,1787444168992432886,116.000285,,,,18076,18075,1,0,0,18076,AxisTarget,1,True,True,True,False,14.696843,-70.117996,108.682304,0.090691,51.223614,-23.174406,512.861328,-134.621262,513.590027,142.18486,0.211239,179.986679,5526,False,True,
556,/kuka/axis_move/feedback_json,std_msgs/msg/String,2026-08-22T20:16:09.100556-04:00,1787444169,100546106,1787444169100546106,108.11322,,,,18077,18076,1,0,0,18077,AxisTarget,1,True,True,True,False,14.693579,-70.013817,108.748154,0.091089,51.054173,-23.1737,512.942749,-134.611343,512.278198,142.18927,0.206527,179.988846,5526,False,True,
557,/kuka/axis_move/feedback_json,std_msgs/msg/String,2026-08-22T20:16:09.213922-04:00,1787444169,213896441,1787444169213896441,113.350335,,,,18078,18077,1,0,0,18078,AxisTarget,1,True,True,True,False,14.689406,-69.881439,108.831337,0.091589,50.842834,-23.172827,513.036499,-134.598175,510.695679,142.194611,0.200838,179.991455,5526,False,True,
558,/kuka/axis_move/feedback_json,std_msgs/msg/String,2026-08-22T20:16:09.403838-04:00,1787444169,403814048,1787444169403814048,189.917607,,,,18079,18078,1,0,0,18079,AxisTarget,1,True,True,True,False,14.682068,-69.649803,108.976173,0.092454,50.47818,-23.171326,513.196655,-134.570328,507.77243,142.204468,0.190318,179.996277,5527,False,True,
559,/kuka/axis_move/feedback_json,std_msgs/msg/String,2026-08-22T20:16:09.593124-04:00,1787444169,593105253,1787444169593105253,189.291205,,,,18080,18079,1,0,0,18080,AxisTarget,1,True,True,True,False,14.675935,-69.457916,109.09507,0.093159,50.184292,-23.170126,513.322327,-134.542389,505.227875,142.213058,0.181147,-179.999527,5528,False,True,
560,/kuka/axis_move/feedback_json,std_msgs/msg/String,2026-08-22T20:16:09.772308-04:00,1787444169,772297281,1787444169772297281,179.192028,,,,18081,18080,1,0,0,18081,AxisTarget,1,True,True,True,False,14.672629,-69.355408,109.158028,0.093528,50.031506,-23.169508,513.384277,-134.526047,503.867249,142.217667,0.176238,-179.997284,5529,False,True,
561,/kuka/axis_move/feedback_json,std_msgs/msg/String,2026-08-22T20:16:09.884563-04:00,1787444169,884555531,1787444169884555531,112.25825,,,,18082,18081,1,0,0,18082,AxisTarget,1,True,True,True,False,14.671941,-69.33474,109.170288,0.093598,50.003765,-23.169401,513.397522,-134.522293,503.566315,142.218689,0.175152,-179.99678,5529,False,True,
562,/kuka/axis_move/feedback_json,std_msgs/msg/String,2026-08-22T20:16:09.993972-04:00,1787444169,993962293,1787444169993962293,109.406762,,,,18083,18082,1,0,0,18083,AxisTarget,1,True,True,True,False,14.6719,-69.333702,109.170799,0.0936,50.003201,-23.169399,513.39856,-134.521988,503.542419,142.218765,0.175065,-179.99675,5529,False,True,
563,/kuka/axis_move/feedback_json,std_msgs/msg/String,2026-08-22T20:16:10.110290-04:00,1787444170,110282208,1787444170110282208,116.319915,,,,18084,18083,1,0,0,18084,AxisTarget,1,True,True,True,True,14.671898,-69.333603,109.170891,0.093601,50.002758,-23.169397,513.39856,-134.521988,503.542297,142.218765,0.175065,-179.99675,5529,False,True,
564,/kuka/axis_move/feedback_json,std_msgs/msg/String,2026-08-22T20:16:10.301897-04:00,1787444170,301888197,1787444170301888197,191.605989,,,,18085,18084,1,0,0,18085,AxisTarget,1,True,True,True,False,14.670937,-69.30204,109.191444,0.093732,49.946785,-23.169159,513.412964,-134.517761,503.208496,142.219894,0.17386,-179.996185,5530,False,True,
565,/kuka/axis_move/feedback_json,std_msgs/msg/String,2026-08-22T20:16:10.412236-04:00,1787444170,412225812,1787444170412225812,110.337615,,,,18086,18085,1,0,0,18086,AxisTarget,1,True,True,True,False,14.669415,-69.253288,109.222443,0.093926,49.866184,-23.168825,513.437256,-134.510345,502.635315,142.221848,0.171789,-179.995239,5530,False,True,
566,/kuka/axis_move/feedback_json,std_msgs/msg/String,2026-08-22T20:16:10.527943-04:00,1787444170,527933821,1787444170527933821,115.708009,,,,18087,18086,1,0,0,18087,AxisTarget,1,True,True,True,False,14.667273,-69.185013,109.267479,0.094207,49.750214,-23.168344,513.472229,-134.498978,501.779816,142.224747,0.168698,-179.993835,5530,False,True,
567,/kuka/axis_move/feedback_json,std_msgs/msg/String,2026-08-22T20:16:10.637614-04:00,1787444170,637605509,1787444170637605509,109.671688,,,,18088,18087,1,0,0,18088,AxisTarget,1,True,True,True,False,14.664233,-69.088425,109.326553,0.094573,49.598866,-23.167721,513.51825,-134.48259,500.596436,142.22876,0.16442,-179.991867,5530,False,True,
568,/kuka/axis_move/feedback_json,std_msgs/msg/String,2026-08-22T20:16:10.818577-04:00,1787444170,818566931,1787444170818566931,180.961422,,,,18089,18088,1,0,0,18089,AxisTarget,1,True,True,True,False,14.658015,-68.891327,109.450546,0.095341,49.282993,-23.166422,513.604126,-134.446579,498.164856,142.23703,0.15562,-179.987854,5531,False,True,
569,/kuka/axis_move/feedback_json,std_msgs/msg/String,2026-08-22T20:16:11.004353-04:00,1787444171,4328719,1787444171004328719,185.761788,,,,18090,18089,1,0,0,18090,AxisTarget,1,True,True,True,False,14.650976,-68.664574,109.592369,0.096214,48.925716,-23.164963,513.688049,-134.401505,495.381744,142.246506,0.145533,-179.983261,5532,False,True,
570,/kuka/axis_move/feedback_json,std_msgs/msg/String,2026-08-22T20:16:11.113666-04:00,1787444171,113654530,1787444171113654530,109.325811,,,,18091,18090,1,0,0,18091,AxisTarget,1,True,True,True,False,14.646439,-68.526535,109.678703,0.096745,48.708244,-23.164072,513.732544,-134.371384,493.650909,142.252411,0.139251,-179.980392,5532,False,True,
571,/kuka/axis_move/feedback_json,std_msgs/msg/String,2026-08-22T20:16:11.228744-04:00,1787444171,228733863,1787444171228733863,115.079333,,,,18092,18091,1,0,0,18092,AxisTarget,1,True,True,True,False,14.642104,-68.385658,109.766594,0.097285,48.488121,-23.163176,513.772034,-134.338776,491.872223,142.258484,0.132788,-179.977463,5532,False,True,
572,/kuka/axis_move/feedback_json,std_msgs/msg/String,2026-08-22T20:16:11.340488-04:00,1787444171,340472962,1787444171340472962,111.739099,,,,18093,18092,1,0,0,18093,AxisTarget,1,True,True,True,False,14.63825,-68.269791,109.838486,0.097724,48.309887,-23.162453,513.800354,-134.310043,490.37616,142.263596,0.127347,-179.974991,5532,False,True,
573,/kuka/axis_move/feedback_json,std_msgs/msg/String,2026-08-22T20:16:11.523968-04:00,1787444171,523958249,1787444171523958249,183.485287,,,,18094,18093,1,0,0,18094,AxisTarget,1,True,True,True,False,14.633989,-68.136971,109.920639,0.098224,48.107544,-23.161634,513.828125,-134.274628,488.612244,142.269623,0.120925,-179.972092,5533,False,True,
574,/kuka/axis_move/feedback_json,std_msgs/msg/String,2026-08-22T20:16:11.641142-04:00,1787444171,641134197,1787444171641134197,117.175948,,,,18095,18094,1,0,0,18095,AxisTarget,1,True,True,True,False,14.632349,-68.08625,109.951775,0.098412,48.032093,-23.161333,513.836792,-134.261124,487.960175,142.271866,0.11855,-179.971008,5533,False,True,
575,/kuka/axis_move/feedback_json,std_msgs/msg/String,2026-08-22T20:16:11.754233-04:00,1787444171,754218024,1787444171754218024,113.083827,,,,18096,18095,1,0,0,18096,AxisTarget,1,True,True,True,False,14.631577,-68.062866,109.965805,0.098494,47.999706,-23.161205,513.840942,-134.253998,487.620789,142.273026,0.117313,-179.970459,5533,False,True,
576,/kuka/axis_move/feedback_json,std_msgs/msg/String,2026-08-22T20:16:11.868018-04:00,1787444171,867988316,1787444171867988316,113.770292,,,,18097,18096,1,0,0,18097,AxisTarget,1,True,True,True,False,14.6315,-68.060799,109.966904,0.0985,47.997799,-23.1612,513.841492,-134.253021,487.57489,142.273178,0.117145,-179.970383,5533,False,True,
577,/kuka/axis_move/feedback_json,std_msgs/msg/String,2026-08-22T20:16:12.056316-04:00,1787444172,56293556,1787444172056293556,188.30524,,,,18098,18097,1,0,0,18098,AxisTarget,1,True,True,True,True,14.631448,-68.058861,109.968315,0.09851,47.993103,-23.161179,513.841675,-134.252731,487.560455,142.273224,0.117093,-179.970352,5534,False,True,
578,/kuka/axis_move/feedback_json,std_msgs/msg/String,2026-08-22T20:16:12.168320-04:00,1787444172,168308092,1787444172168308092,112.014536,,,,18099,18098,1,0,0,18099,AxisTarget,1,True,True,True,False,14.630886,-68.039284,109.981049,0.09859,47.958542,-23.161032,513.844055,-134.248444,487.35791,142.273926,0.116353,-179.970016,5534,False,True,
579,/kuka/axis_move/feedback_json,std_msgs/msg/String,2026-08-22T20:16:12.281688-04:00,1787444172,281668417,1787444172281668417,113.360325,,,,18100,18099,1,0,0,18100,AxisTarget,1,True,True,True,False,14.629557,-67.99762,110.008812,0.098761,47.88604,-23.160732,513.849548,-134.237701,486.85437,142.27565,0.114515,-179.969193,5534,False,True,
580,/kuka/axis_move/feedback_json,std_msgs/msg/String,2026-08-22T20:16:12.399568-04:00,1787444172,399563231,1787444172399563231,117.894814,,,,18101,18100,1,0,0,18101,AxisTarget,1,True,True,True,False,14.627476,-67.93116,110.049683,0.099012,47.780598,-23.160278,513.857239,-134.220367,486.054871,142.278381,0.111594,-179.96788,5534,False,True,
581,/kuka/axis_move/feedback_json,std_msgs/msg/String,2026-08-22T20:16:12.584627-04:00,1787444172,584615112,1787444172584615112,185.051881,,,,18102,18101,1,0,0,18102,AxisTarget,1,True,True,True,False,14.622507,-67.773102,110.149368,0.099621,47.52533,-23.159248,513.870605,-134.177261,484.131531,142.284958,0.104561,-179.964722,5535,False,True,
582,/kuka/axis_move/feedback_json,std_msgs/msg/String,2026-08-22T20:16:12.768173-04:00,1787444172,768161825,1787444172768161825,183.546713,,,,18103,18102,1,0,0,18103,AxisTarget,1,True,True,True,False,14.615816,-67.561142,110.285583,0.100449,47.179554,-23.157835,513.876892,-134.115677,481.524078,142.2939,0.095014,-179.960434,5536,False,True,
583,/kuka/axis_move/feedback_json,std_msgs/msg/String,2026-08-22T20:16:12.887258-04:00,1787444172,887222842,1787444172887222842,119.061017,,,,18104,18103,1,0,0,18104,AxisTarget,1,True,True,True,False,14.61144,-67.418167,110.371925,0.100972,46.962082,-23.15695,513.873596,-134.073074,479.80484,142.299805,0.088709,-179.957611,5536,False,True,
584,/kuka/axis_move/feedback_json,std_msgs/msg/String,2026-08-22T20:16:12.998258-04:00,1787444172,998239579,1787444172998239579,111.016737,,,,18105,18104,1,0,0,18105,AxisTarget,1,True,True,True,False,14.606908,-67.280128,110.45826,0.101495,46.744606,-23.156063,513.864014,-134.027328,478.025848,142.305908,0.082178,-179.954681,5536,False,True,
585,/kuka/axis_move/feedback_json,std_msgs/msg/String,2026-08-22T20:16:13.113424-04:00,1787444173,113395637,1787444173113395637,115.156058,,,,18106,18105,1,0,0,18106,AxisTarget,1,True,True,True,False,14.602381,-67.137413,110.54747,0.102035,46.520302,-23.155151,513.848083,-133.979965,476.249573,142.312027,0.075648,-179.951767,5536,False,True,
586,/kuka/axis_move/feedback_json,std_msgs/msg/String,2026-08-22T20:16:13.303651-04:00,1787444173,303609943,1787444173303609943,190.214306,,,,18107,18106,1,0,0,18107,AxisTarget,1,True,True,True,False,14.596179,-66.943245,110.667976,0.102759,46.216335,-23.153923,513.815491,-133.911438,473.784576,142.320526,0.066574,-179.947723,5537,False,True,
587,/kuka/axis_move/feedback_json,std_msgs/msg/String,2026-08-22T20:16:13.412477-04:00,1787444173,412470234,1787444173412470234,108.860291,,,,18108,18107,1,0,0,18108,AxisTarget,1,True,True,True,False,14.59356,-66.861542,110.720024,0.103071,46.09333,-23.153427,513.797913,-133.881332,472.737244,142.324142,0.062713,-179.946014,5537,False,True,
588,/kuka/axis_move/feedback_json,std_msgs/msg/String,2026-08-22T20:16:13.596341-04:00,1787444173,596330825,1787444173596330825,183.860591,,,,18109,18108,1,0,0,18109,AxisTarget,1,True,True,True,False,14.590975,-66.781509,110.767616,0.103354,45.978153,-23.152967,513.778442,-133.850983,471.701508,142.327713,0.058893,-179.944321,5538,False,True,
589,/kuka/axis_move/feedback_json,std_msgs/msg/String,2026-08-22T20:16:13.712570-04:00,1787444173,712560502,1787444173712560502,116.229677,,,,18110,18109,1,0,0,18110,AxisTarget,1,True,True,True,False,14.59051,-66.767746,110.775696,0.1034,45.960415,-23.152901,513.774109,-133.844635,471.487213,142.328461,0.058102,-179.94397,5538,False,True,
590,/kuka/axis_move/feedback_json,std_msgs/msg/String,2026-08-22T20:16:13.824225-04:00,1787444173,824215205,1787444173824215205,111.654703,,,,18111,18110,1,0,0,18111,AxisTarget,1,True,True,True,False,14.5905,-66.767502,110.775803,0.1034,45.9603,-23.152901,513.773926,-133.84436,471.477997,142.328491,0.058068,-179.943954,5538,False,True,
591,/kuka/axis_move/feedback_json,std_msgs/msg/String,2026-08-22T20:16:13.944805-04:00,1787444173,944760632,1787444173944760632,120.545427,,,,18112,18111,1,0,0,18112,AxisTarget,1,True,True,True,True,14.590479,-66.766647,110.776474,0.103405,45.957767,-23.152889,513.773804,-133.844223,471.473267,142.328506,0.05805,-179.943939,5538,False,True,
592,/kuka/axis_move/feedback_json,std_msgs/msg/String,2026-08-22T20:16:14.124100-04:00,1787444174,124094990,1787444174124094990,179.334358,,,,18113,18112,1,0,0,18113,AxisTarget,1,True,True,True,False,14.588882,-66.714508,110.810234,0.103615,45.866928,-23.152512,513.762207,-133.827637,470.918091,142.330414,0.056002,-179.943039,5539,False,True,
593,/kuka/axis_move/feedback_json,std_msgs/msg/String,2026-08-22T20:16:14.308200-04:00,1787444174,308189700,1787444174308189700,184.09471,,,,18114,18113,1,0,0,18114,AxisTarget,1,True,True,True,False,14.584661,-66.579636,110.895729,0.104136,45.645912,-23.151609,513.724609,-133.778076,469.291534,142.336029,0.049995,-179.940369,5540,False,True,
594,/kuka/axis_move/feedback_json,std_msgs/msg/String,2026-08-22T20:16:14.421455-04:00,1787444174,421425724,1787444174421425724,113.236024,,,,18115,18114,1,0,0,18115,AxisTarget,1,True,True,True,False,14.580961,-66.46199,110.972984,0.104605,45.448257,-23.150806,513.687439,-133.733734,467.873871,142.340942,0.044754,-179.938049,5540,False,True,
595,/kuka/axis_move/feedback_json,std_msgs/msg/String,2026-08-22T20:16:14.532170-04:00,1787444174,532160224,1787444174532160224,110.7345,,,,18116,18115,1,0,0,18116,AxisTarget,1,True,True,True,False,14.576594,-66.324242,111.05616,0.105105,45.238628,-23.149963,513.637634,-133.679214,466.176208,142.346817,0.03847,-179.935272,5540,False,True,
596,/kuka/axis_move/feedback_json,std_msgs/msg/String,2026-08-22T20:16:14.648442-04:00,1787444174,648402715,1787444174648402715,116.242491,,,,18117,18116,1,0,0,18117,AxisTarget,1,True,True,True,False,14.57206,-66.18129,111.145584,0.105643,45.013447,-23.149055,513.581787,-133.622894,464.471771,142.352722,0.032153,-179.932495,5540,False,True,
597,/kuka/axis_move/feedback_json,std_msgs/msg/String,2026-08-22T20:16:14.840570-04:00,1787444174,840537047,1787444174840537047,192.134332,,,,18118,18117,1,0,0,18118,AxisTarget,1,True,True,True,False,14.565676,-65.981621,111.269493,0.106383,44.706528,-23.147831,513.487793,-133.536209,461.935577,142.361526,0.022738,-179.928345,5541,False,True,
598,/kuka/axis_move/feedback_json,std_msgs/msg/String,2026-08-22T20:16:14.946107-04:00,1787444174,946096970,1787444174946096970,105.559923,,,,18119,18118,1,0,0,18119,AxisTarget,1,True,True,True,False,14.563148,-65.903038,111.317963,0.10667,44.587902,-23.14736,513.444946,-133.499252,460.883942,142.365173,0.018829,-179.926636,5541,False,True,
599,/kuka/axis_move/feedback_json,std_msgs/msg/String,2026-08-22T20:16:15.128514-04:00,1787444175,128508409,1787444175128508409,182.411439,,,,18120,18119,1,0,0,18120,AxisTarget,1,True,True,True,False,14.561111,-65.840652,111.355865,0.106892,44.498135,-23.147009,513.409363,-133.469482,460.049286,142.368073,0.015724,-179.925262,5542,False,True,
600,/kuka/axis_move/feedback_json,std_msgs/msg/String,2026-08-22T20:16:15.244098-04:00,1787444175,244090575,1787444175244090575,115.582166,,,,18121,18120,1,0,0,18121,AxisTarget,1,True,True,True,False,14.561,-65.837601,111.357498,0.1069,44.495201,-23.146999,513.406921,-133.467453,459.992798,142.368271,0.015514,-179.925171,5542,False,True,
601,/kuka/axis_move/feedback_json,std_msgs/msg/String,2026-08-22T20:16:15.357092-04:00,1787444175,357063136,1787444175357063136,112.972561,,,,18122,18121,1,0,0,18122,AxisTarget,1,True,True,True,True,14.561,-65.837601,111.357506,0.1069,44.495129,-23.146999,513.406921,-133.467453,459.992798,142.368271,0.015514,-179.925171,5542,False,True,
602,/kuka/axis_move/feedback_json,std_msgs/msg/String,2026-08-22T20:16:15.468196-04:00,1787444175,468185212,1787444175468185212,111.122076,,,,18123,18122,1,0,0,18123,AxisTarget,1,True,True,True,False,14.560535,-65.821625,111.368385,0.106973,44.462944,-23.146854,513.401062,-133.462646,459.858917,142.368744,0.015016,-179.924957,5542,False,True,
603,/kuka/axis_move/feedback_json,std_msgs/msg/String,2026-08-22T20:16:15.658175-04:00,1787444175,658163769,1787444175658163769,189.978557,,,,18124,18123,1,0,0,18124,AxisTarget,1,True,True,True,False,14.556547,-65.68895,111.453217,0.107512,44.239944,-23.14591,513.33374,-133.408524,458.37265,142.373962,0.009487,-179.922516,5543,False,True,
604,/kuka/axis_move/feedback_json,std_msgs/msg/String,2026-08-22T20:16:15.774012-04:00,1787444175,774003287,1787444175774003287,115.839518,,,,18125,18124,1,0,0,18125,AxisTarget,1,True,True,True,False,14.551986,-65.549133,111.544075,0.108078,44.009678,-23.144953,513.248962,-133.34346,456.628174,142.380096,0.002989,-179.919662,5543,False,True,
605,/kuka/axis_move/feedback_json,std_msgs/msg/String,2026-08-22T20:16:15.888447-04:00,1787444175,888440700,1787444175888440700,114.437413,,,,18126,18125,1,0,0,18126,AxisTarget,1,True,True,True,False,14.547565,-65.410706,111.627106,0.108591,43.803146,-23.144102,513.15918,-133.277649,454.906708,142.386139,-0.003432,-179.91684,5543,False,True,
606,/kuka/axis_move/feedback_json,std_msgs/msg/String,2026-08-22T20:16:16.072198-04:00,1787444176,72188161,1787444176072188161,183.747461,,,,18127,18126,1,0,0,18127,AxisTarget,1,True,True,True,False,14.543457,-65.28447,111.704193,0.109059,43.618279,-23.143354,513.067139,-133.212799,453.250061,142.391983,-0.00962,-179.914139,5544,False,True,
607,/kuka/axis_move/feedback_json,std_msgs/msg/String,2026-08-22T20:16:16.190022-04:00,1787444176,190013026,1787444176190013026,117.824865,,,,18128,18127,1,0,0,18128,AxisTarget,1,True,True,True,False,14.543,-65.2714,111.711601,0.1091,43.603199,-23.143299,513.055054,-133.204468,453.0401,142.392731,-0.010405,-179.913788,5544,False,True,
608,/kuka/axis_move/feedback_json,std_msgs/msg/String,2026-08-22T20:16:16.378512-04:00,1787444176,378501424,1787444176378501424,188.488398,,,,18129,18128,1,0,0,18129,AxisTarget,1,True,True,True,True,14.542904,-65.267487,111.714668,0.109121,43.591572,-23.143242,513.053772,-133.203613,453.018402,142.392792,-0.010486,-179.913757,5545,False,True,
609,/kuka/axis_move/feedback_json,std_msgs/msg/String,2026-08-22T20:16:16.488186-04:00,1787444176,488174728,1787444176488174728,109.673304,,,,18130,18129,1,0,0,18130,AxisTarget,1,True,True,True,False,14.540179,-65.177238,111.773552,0.109459,43.431667,-23.14257,512.997742,-133.165573,452.064148,142.396118,-0.014055,-179.912216,5545,False,True,
610,/kuka/axis_move/feedback_json,std_msgs/msg/String,2026-08-22T20:16:16.676476-04:00,1787444176,676460156,1787444176676460156,188.285428,,,,18131,18130,1,0,0,18131,AxisTarget,1,True,True,True,False,14.5366,-65.068802,111.838303,0.1098,43.284,-23.142,512.905579,-133.104599,450.559753,142.401352,-0.019688,-179.909805,5546,False,True,
611,/kuka/axis_move/feedback_json,std_msgs/msg/String,2026-08-22T20:16:16.793631-04:00,1787444176,793598486,1787444176793598486,117.13833,,,,18132,18131,1,0,0,18132,AxisTarget,1,False,True,True,False,14.5366,-65.068802,111.838303,0.1098,43.284,-23.142,512.905579,-133.104599,450.559753,142.401352,-0.019688,-179.909805,5546,False,True,
612,/kuka/axis_move/feedback_json,std_msgs/msg/String,2026-08-22T20:16:16.921321-04:00,1787444176,921294712,1787444176921294712,127.696226,,,,18133,18132,1,0,0,18133,AxisTarget,1,False,True,True,False,14.5366,-65.068802,111.838303,0.1098,43.284,-23.142,512.905579,-133.104599,450.559753,142.401352,-0.019688,-179.909805,5546,False,True,
613,/kuka/axis_move/feedback_json,std_msgs/msg/String,2026-08-22T20:16:17.025983-04:00,1787444177,25973957,1787444177025973957,104.679245,,,,18134,18133,1,0,0,18134,AxisTarget,1,False,True,True,False,14.5366,-65.068802,111.838303,0.1098,43.284,-23.142,512.905579,-133.104599,450.559753,142.401352,-0.019688,-179.909805,5546,False,True,
614,/kuka/axis_move/feedback_json,std_msgs/msg/String,2026-08-22T20:16:17.216152-04:00,1787444177,216144364,1787444177216144364,190.170407,,,,18135,18134,1,0,0,18135,AxisTarget,1,False,True,True,False,14.5366,-65.068802,111.838303,0.1098,43.284,-23.142,512.905579,-133.104599,450.559753,142.401352,-0.019688,-179.909805,5547,False,True,
615,/kuka/axis_move/feedback_json,std_msgs/msg/String,2026-08-22T20:16:17.408136-04:00,1787444177,408127866,1787444177408127866,191.983502,,,,18136,18135,1,0,0,18136,AxisTarget,1,False,True,True,False,14.5366,-65.068802,111.838303,0.1098,43.284,-23.142,512.905579,-133.104599,450.559753,142.401352,-0.019688,-179.909805,5548,False,True,
616,/kuka/axis_move/feedback_json,std_msgs/msg/String,2026-08-22T20:16:17.528930-04:00,1787444177,528906943,1787444177528906943,120.779077,,,,18137,18136,1,0,0,18137,AxisTarget,1,False,True,True,False,14.5366,-65.068802,111.838303,0.1098,43.284,-23.142,512.905579,-133.104599,450.559753,142.401352,-0.019688,-179.909805,5548,False,True,
617,/kuka/axis_move/feedback_json,std_msgs/msg/String,2026-08-22T20:16:17.639090-04:00,1787444177,639074313,1787444177639074313,110.16737,,,,18138,18137,1,0,0,18138,AxisTarget,1,False,True,True,False,14.5366,-65.068802,111.838303,0.1098,43.284,-23.142,512.905579,-133.104599,450.559753,142.401352,-0.019688,-179.909805,5548,False,True,
618,/kuka/axis_move/feedback_json,std_msgs/msg/String,2026-08-22T20:16:17.754258-04:00,1787444177,754234470,1787444177754234470,115.160157,,,,18139,18138,1,0,0,18139,AxisTarget,1,False,True,True,False,14.5366,-65.068802,111.838303,0.1098,43.284,-23.142,512.905579,-133.104599,450.559753,142.401352,-0.019688,-179.909805,5548,False,True,
619,/kuka/axis_move/feedback_json,std_msgs/msg/String,2026-08-22T20:16:17.948384-04:00,1787444177,948376513,1787444177948376513,194.142043,,,,18140,18139,1,0,0,18140,AxisTarget,1,False,True,True,False,14.5366,-65.068802,111.838303,0.1098,43.284,-23.142,512.905579,-133.104599,450.559753,142.401352,-0.019688,-179.909805,5549,False,True,
620,/kuka/axis_move/feedback_json,std_msgs/msg/String,2026-08-22T20:16:18.060339-04:00,1787444178,60328794,1787444178060328794,111.952281,,,,18141,18140,1,0,0,18141,AxisTarget,1,False,True,True,False,14.5366,-65.068802,111.838303,0.1098,43.284,-23.142,512.905579,-133.104599,450.559753,142.401352,-0.019688,-179.909805,5549,False,True,
621,/kuka/axis_move/feedback_json,std_msgs/msg/String,2026-08-22T20:16:18.174470-04:00,1787444178,174461478,1787444178174461478,114.132684,,,,18142,18141,1,0,0,18142,AxisTarget,1,False,True,True,False,14.5366,-65.068802,111.838303,0.1098,43.284,-23.142,512.905579,-133.104599,450.559753,142.401352,-0.019688,-179.909805,5549,False,True,
622,/kuka/axis_move/feedback_json,std_msgs/msg/String,2026-08-22T20:16:18.288348-04:00,1787444178,288341139,1787444178288341139,113.879661,,,,18143,18142,1,0,0,18143,AxisTarget,1,False,True,True,False,14.5366,-65.068802,111.838303,0.1098,43.284,-23.142,512.905579,-133.104599,450.559753,142.401352,-0.019688,-179.909805,5549,False,True,
623,/kuka/axis_move/feedback_json,std_msgs/msg/String,2026-08-22T20:16:18.476170-04:00,1787444178,476159333,1787444178476159333,187.818194,,,,18144,18143,1,0,0,18144,AxisTarget,1,False,True,True,False,14.5366,-65.068802,111.838303,0.1098,43.284,-23.142,512.905579,-133.104599,450.559753,142.401352,-0.019688,-179.909805,5550,False,True,
624,/kuka/axis_move/feedback_json,std_msgs/msg/String,2026-08-22T20:16:18.592484-04:00,1787444178,592473521,1787444178592473521,116.314188,,,,18145,18144,1,0,0,18145,AxisTarget,1,False,True,True,False,14.5366,-65.068802,111.838303,0.1098,43.284,-23.142,512.905579,-133.104599,450.559753,142.401352,-0.019688,-179.909805,5550,False,True,
625,/kuka/axis_move/feedback_json,std_msgs/msg/String,2026-08-22T20:16:18.784315-04:00,1787444178,784303587,1787444178784303587,191.830066,,,,18146,18145,1,0,0,18146,AxisTarget,1,True,True,True,False,14.5366,-65.068802,111.838303,0.1098,43.284,-23.142,512.905579,-133.104599,450.559753,142.401352,-0.019688,-179.909805,5551,False,True,
626,/kuka/axis_move/feedback_json,std_msgs/msg/String,2026-08-22T20:16:18.893743-04:00,1787444178,893733456,1787444178893733456,109.429869,,,,18147,18146,1,0,0,18147,AxisTarget,1,True,True,True,True,14.5366,-65.06826,111.838676,0.109897,43.283108,-23.142,512.905029,-133.104538,450.554352,142.401398,-0.019734,-179.909729,5551,False,True,
627,/kuka/axis_move/feedback_json,std_msgs/msg/String,2026-08-22T20:16:19.087448-04:00,1787444179,87442951,1787444179087442951,193.709495,,,,18148,18147,1,0,0,18148,AxisTarget,1,True,True,True,False,14.5366,-65.068199,111.838699,0.1099,43.2831,-23.142,512.904846,-133.104507,450.552277,142.401428,-0.019753,-179.909698,5552,False,True,
628,/kuka/axis_move/feedback_json,std_msgs/msg/String,2026-08-22T20:16:19.204347-04:00,1787444179,204335572,1787444179204335572,116.892621,,,,18149,18148,1,0,0,18149,AxisTarget,1,True,True,True,True,14.5366,-65.072945,111.834076,0.109456,43.301197,-23.142054,512.906311,-133.104797,450.576843,142.401337,-0.019792,-179.909744,5552,False,True,
629,/kuka/axis_move/feedback_json,std_msgs/msg/String,2026-08-22T20:16:19.395574-04:00,1787444179,395564443,1787444179395564443,191.228871,,,,18150,18149,1,0,0,18150,AxisTarget,1,True,True,True,False,14.5366,-65.236427,111.733353,0.101609,43.564087,-23.142691,513.019775,-133.127045,452.535706,142.394745,-0.022912,-179.913818,5553,False,True,
630,/kuka/axis_move/feedback_json,std_msgs/msg/String,2026-08-22T20:16:19.513222-04:00,1787444179,513193363,1787444179513193363,117.62892,,,,18151,18150,1,0,0,18151,AxisTarget,1,True,True,True,False,14.5366,-65.244598,111.730003,0.1014,43.569599,-23.1427,513.029114,-133.128845,452.702576,142.39418,-0.023179,-179.914169,5553,False,True,
631,/kuka/axis_move/feedback_json,std_msgs/msg/String,2026-08-22T20:16:19.621815-04:00,1787444179,621797307,1787444179621797307,108.603944,,,,18152,18151,1,0,0,18152,AxisTarget,1,True,True,True,True,14.5366,-65.244682,111.729919,0.101385,43.570347,-23.142702,513.029114,-133.128845,452.702698,142.39418,-0.023179,-179.914169,5553,False,True,
632,/kuka/axis_move/feedback_json,std_msgs/msg/String,2026-08-22T20:16:19.737427-04:00,1787444179,737408098,1787444179737408098,115.610791,,,,18153,18152,1,0,0,18153,AxisTarget,1,True,True,True,False,14.536611,-65.265213,111.71524,0.10017,43.614365,-23.142805,513.039978,-133.131042,452.898773,142.393524,-0.023491,-179.914566,5553,False,True,
633,/kuka/axis_move/feedback_json,std_msgs/msg/String,2026-08-22T20:16:19.919279-04:00,1787444179,919272297,1787444179919272297,181.864199,,,,18154,18153,1,0,0,18154,AxisTarget,1,True,True,True,False,14.536693,-65.412193,111.623871,0.092944,43.864414,-23.14337,513.129883,-133.148926,454.583069,142.387924,-0.026174,-179.918076,5554,False,True,
634,/kuka/axis_move/feedback_json,std_msgs/msg/String,2026-08-22T20:16:20.111055-04:00,1787444180,111047241,1787444180111047241,191.774944,,,,18155,18154,1,0,0,18155,AxisTarget,1,True,True,True,False,14.53682,-65.637657,111.485184,0.08221,44.227982,-23.144169,513.262573,-133.174484,457.294006,142.378983,-0.030519,-179.923782,5555,False,True,
635,/kuka/axis_move/feedback_json,std_msgs/msg/String,2026-08-22T20:16:20.228335-04:00,1787444180,228328801,1787444180228328801,117.28156,,,,18156,18155,1,0,0,18156,AxisTarget,1,True,True,True,False,14.536873,-65.729546,111.429672,0.077991,44.368374,-23.144474,513.317139,-133.184631,458.507294,142.375015,-0.032474,-179.926376,5555,False,True,
636,/kuka/axis_move/feedback_json,std_msgs/msg/String,2026-08-22T20:16:20.413100-04:00,1787444180,413077972,1787444180413077972,184.749171,,,,18157,18156,1,0,0,18157,AxisTarget,1,True,True,True,False,14.5369,-65.773697,111.4039,0.0761,44.429001,-23.1446,513.345703,-133.18985,459.170715,142.372849,-0.033546,-179.92778,5556,False,True,
637,/kuka/axis_move/feedback_json,std_msgs/msg/String,2026-08-22T20:16:20.524131-04:00,1787444180,524123176,1787444180524123176,111.045204,,,,18158,18157,1,0,0,18158,AxisTarget,1,True,True,True,False,14.5369,-65.773697,111.4039,0.0761,44.429001,-23.1446,513.345703,-133.18985,459.170715,142.372849,-0.033546,-179.92778,5556,False,True,
638,/kuka/axis_move/feedback_json,std_msgs/msg/String,2026-08-22T20:16:20.637130-04:00,1787444180,637106580,1787444180637106580,112.983404,,,,18159,18158,1,0,0,18159,AxisTarget,1,True,True,True,True,14.536901,-65.777809,111.401024,0.075848,44.43858,-23.144625,513.347107,-133.190094,459.203522,142.372742,-0.033599,-179.927856,5556,False,True,
639,/kuka/axis_move/feedback_json,std_msgs/msg/String,2026-08-22T20:16:20.752109-04:00,1787444180,752098533,1787444180752098533,114.991953,,,,18160,18159,1,0,0,18160,AxisTarget,1,True,True,True,False,14.536911,-65.809723,111.380661,0.074213,44.495911,-23.14476,513.361023,-133.192535,459.534302,142.371674,-0.034134,-179.928574,5556,False,True,
640,/kuka/axis_move/feedback_json,std_msgs/msg/String,2026-08-22T20:16:20.932147-04:00,1787444180,932136884,1787444180932136884,180.038351,,,,18161,18160,1,0,0,18161,AxisTarget,1,True,True,True,False,14.536951,-65.927437,111.307014,0.068409,44.69582,-23.145227,513.415649,-133.201935,460.889435,142.367294,-0.036331,-179.931488,5557,False,True,
641,/kuka/axis_move/feedback_json,std_msgs/msg/String,2026-08-22T20:16:21.044814-04:00,1787444181,44789188,1787444181044789188,112.652304,,,,18162,18161,1,0,0,18162,AxisTarget,1,True,True,True,False,14.536988,-66.039375,111.237358,0.06295,44.882862,-23.145662,513.465271,-133.210144,462.20929,142.363052,-0.038478,-179.934341,5557,False,True,
642,/kuka/axis_move/feedback_json,std_msgs/msg/String,2026-08-22T20:16:21.156027-04:00,1787444181,156017616,1787444181156017616,111.228428,,,,18163,18162,1,0,0,18163,AxisTarget,1,True,True,True,False,14.537034,-66.172127,111.155411,0.056577,45.099438,-23.146162,513.521179,-133.218887,463.823578,142.357895,-0.041115,-179.937866,5557,False,True,
643,/kuka/axis_move/feedback_json,std_msgs/msg/String,2026-08-22T20:16:21.270030-04:00,1787444181,269998087,1787444181269998087,113.980471,,,,18164,18163,1,0,0,18164,AxisTarget,1,True,True,True,False,14.537079,-66.306023,111.072891,0.05017,45.316906,-23.146664,513.572815,-133.226364,465.469177,142.352676,-0.043814,-179.941498,5557,False,True,
644,/kuka/axis_move/feedback_json,std_msgs/msg/String,2026-08-22T20:16:21.452268-04:00,1787444181,452258499,1787444181452258499,182.260412,,,,18165,18164,1,0,0,18165,AxisTarget,1,True,True,True,False,14.537147,-66.502609,110.952576,0.040895,45.629406,-23.147377,513.641357,-133.235001,467.994232,142.344757,-0.047978,-179.947113,5558,False,True,
645,/kuka/axis_move/feedback_json,std_msgs/msg/String,2026-08-22T20:16:21.567978-04:00,1787444181,567965151,1787444181567965151,115.706652,,,,18166,18165,1,0,0,18166,AxisTarget,1,True,True,True,False,14.537175,-66.583824,110.903191,0.037113,45.756016,-23.147665,513.665222,-133.237503,469.004211,142.341614,-0.049651,-179.949371,5558,False,True,
646,/kuka/axis_move/feedback_json,std_msgs/msg/String,2026-08-22T20:16:21.752383-04:00,1787444181,752356823,1787444181752356823,184.391672,,,,18167,18166,1,0,0,18167,AxisTarget,1,True,True,True,False,14.537198,-66.651054,110.862862,0.034067,45.856495,-23.14789,513.685242,-133.239304,469.929688,142.338745,-0.051187,-179.951447,5559,False,True,
647,/kuka/axis_move/feedback_json,std_msgs/msg/String,2026-08-22T20:16:21.856250-04:00,1787444181,856237546,1787444181856237546,103.880723,,,,18168,18167,1,0,0,18168,AxisTarget,1,True,True,True,False,14.5372,-66.655602,110.860397,0.0339,45.861401,-23.1479,513.68689,-133.239441,470.008881,142.338501,-0.051319,-179.95163,5559,False,True,
648,/kuka/axis_move/feedback_json,std_msgs/msg/String,2026-08-22T20:16:21.976168-04:00,1787444181,976163236,1787444181976163236,119.92569,,,,18169,18168,1,0,0,18169,AxisTarget,1,True,True,True,False,14.5372,-66.655602,110.860397,0.0339,45.861401,-23.1479,513.68689,-133.239441,470.00885,142.338501,-0.051319,-179.95163,5559,False,True,
649,/kuka/axis_move/feedback_json,std_msgs/msg/String,2026-08-22T20:16:22.083896-04:00,1787444182,83889839,1787444182083889839,107.726603,,,,18170,18169,1,0,0,18170,AxisTarget,1,True,True,True,True,14.537202,-66.660217,110.857231,0.033628,45.871609,-23.147924,513.687683,-133.239502,470.048523,142.338379,-0.051385,-179.951721,5559,False,True,
650,/kuka/axis_move/feedback_json,std_msgs/msg/String,2026-08-22T20:16:22.270423-04:00,1787444182,270393746,1787444182270393746,186.503907,,,,18171,18170,1,0,0,18171,AxisTarget,1,True,True,True,False,14.537223,-66.714027,110.823227,0.030926,45.965675,-23.148146,513.699829,-133.240433,470.661346,142.336487,-0.052408,-179.953094,5560,False,True,
651,/kuka/axis_move/feedback_json,std_msgs/msg/String,2026-08-22T20:16:22.380122-04:00,1787444182,380109303,1787444182380109303,109.715557,,,,18172,18171,1,0,0,18172,AxisTarget,1,True,True,True,False,14.537249,-66.778603,110.782913,0.027758,46.074722,-23.148399,513.713928,-133.241318,471.426453,142.334137,-0.053688,-179.954834,5560,False,True,
652,/kuka/axis_move/feedback_json,std_msgs/msg/String,2026-08-22T20:16:22.494176-04:00,1787444182,494168061,1787444182494168061,114.058758,,,,18173,18172,1,0,0,18173,AxisTarget,1,True,True,True,False,14.537284,-66.867043,110.72789,0.023451,46.222519,-23.148743,513.731567,-133.242004,472.486359,142.330887,-0.055464,-179.95723,5560,False,True,
653,/kuka/axis_move/feedback_json,std_msgs/msg/String,2026-08-22T20:16:22.608377-04:00,1787444182,608364696,1787444182608364696,114.196635,,,,18174,18173,1,0,0,18174,AxisTarget,1,True,True,True,False,14.537331,-66.983795,110.655411,0.017787,46.416439,-23.149191,513.751465,-133.242004,473.895477,142.326599,-0.057833,-179.960449,5560,False,True,
654,/kuka/axis_move/feedback_json,std_msgs/msg/String,2026-08-22T20:16:22.796199-04:00,1787444182,796187853,1787444182796187853,187.823157,,,,18175,18174,1,0,0,18175,AxisTarget,1,True,True,True,False,14.537421,-67.206596,110.517937,0.007114,46.779629,-23.150024,513.778442,-133.239059,476.577545,142.318512,-0.062365,-179.966629,5561,False,True,
655,/kuka/axis_move/feedback_json,std_msgs/msg/String,2026-08-22T20:16:22.983533-04:00,1787444182,983527956,1787444182983527956,187.340103,,,,18176,18175,1,0,0,18176,AxisTarget,1,True,True,True,False,14.53751,-67.426567,110.379448,-0.003626,47.144669,-23.150862,513.791199,-133.231949,479.360291,142.310226,-0.067096,-179.973099,5562,False,True,
656,/kuka/axis_move/feedback_json,std_msgs/msg/String,2026-08-22T20:16:23.095328-04:00,1787444183,95291327,1787444183095291327,111.763371,,,,18177,18176,1,0,0,18177,AxisTarget,1,True,True,True,False,14.537564,-67.560402,110.300247,-0.009742,47.351631,-23.151335,513.791443,-133.225677,481.036438,142.305283,-0.069961,-179.977051,5562,False,True,
657,/kuka/axis_move/feedback_json,std_msgs/msg/String,2026-08-22T20:16:23.203835-04:00,1787444183,203825582,1787444183203825582,108.534255,,,,18178,18177,1,0,0,18178,AxisTarget,1,True,True,True,False,14.537609,-67.669334,110.233604,-0.014873,47.524769,-23.151728,513.787659,-133.219604,482.37207,142.301392,-0.072252,-179.980209,5562,False,True,
658,/kuka/axis_move/feedback_json,std_msgs/msg/String,2026-08-22T20:16:23.320612-04:00,1787444183,320568496,1787444183320568496,116.742914,,,,18179,18178,1,0,0,18179,AxisTarget,1,True,True,True,False,14.537643,-67.753746,110.182053,-0.018964,47.662533,-23.15204,513.781677,-133.213776,483.492493,142.298126,-0.07418,-179.982864,5562,False,True,
659,/kuka/axis_move/feedback_json,std_msgs/msg/String,2026-08-22T20:16:23.504306-04:00,1787444183,504293752,1787444183504293752,183.725256,,,,18180,18179,1,0,0,18180,AxisTarget,1,True,True,True,False,14.537684,-67.853813,110.121216,-0.02349,47.814251,-23.152384,513.771729,-133.206238,484.785034,142.294403,-0.076409,-179.985947,5563,False,True,
660,/kuka/axis_move/feedback_json,std_msgs/msg/String,2026-08-22T20:16:23.619543-04:00,1787444183,619533230,1787444183619533230,115.239478,,,,18181,18180,1,0,0,18181,AxisTarget,1,True,True,True,False,14.537696,-67.882629,110.103943,-0.024792,47.857258,-23.152481,513.768188,-133.203873,485.162903,142.29332,-0.077062,-179.986862,5563,False,True,
661,/kuka/axis_move/feedback_json,std_msgs/msg/String,2026-08-22T20:16:23.728412-04:00,1787444183,728403725,1787444183728403725,108.870495,,,,18182,18181,1,0,0,18182,AxisTarget,1,True,True,True,False,14.5377,-67.890289,110.099602,-0.0251,47.866798,-23.1525,513.766968,-133.203033,485.291992,142.292938,-0.077285,-179.987167,5563,False,True,
662,/kuka/axis_move/feedback_json,std_msgs/msg/String,2026-08-22T20:16:23.842096-04:00,1787444183,842083213,1787444183842083213,113.679488,,,,18183,18182,1,0,0,18183,AxisTarget,1,True,True,True,False,14.5377,-67.890297,110.099602,-0.0251,47.866798,-23.1525,513.766907,-133.203033,485.292786,142.292938,-0.077286,-179.987167,5563,False,True,
663,/kuka/axis_move/feedback_json,std_msgs/msg/String,2026-08-22T20:16:24.029748-04:00,1787444184,29725833,1787444184029725833,187.64262,,,,18184,18183,1,0,0,18184,AxisTarget,1,True,True,True,True,14.537704,-67.902405,110.091606,-0.025763,47.89082,-23.152559,513.765808,-133.202316,485.404144,142.292618,-0.077478,-179.987442,5564,False,True,
664,/kuka/axis_move/feedback_json,std_msgs/msg/String,2026-08-22T20:16:24.217202-04:00,1787444184,217174912,1787444184217174912,187.449079,,,,18185,18184,1,0,0,18185,AxisTarget,1,True,True,True,False,14.537733,-67.978264,110.043953,-0.029533,48.021164,-23.152864,513.756226,-133.196442,486.274323,142.290131,-0.07898,-179.989532,5565,False,True,
665,/kuka/axis_move/feedback_json,std_msgs/msg/String,2026-08-22T20:16:24.329535-04:00,1787444184,329524411,1787444184329524411,112.349499,,,,18186,18185,1,0,0,18186,AxisTarget,1,True,True,True,False,14.537763,-68.054977,109.996147,-0.033286,48.149929,-23.153162,513.744568,-133.189865,487.185913,142.287537,-0.080555,-179.991745,5565,False,True,
666,/kuka/axis_move/feedback_json,std_msgs/msg/String,2026-08-22T20:16:24.444249-04:00,1787444184,444228187,1787444184444228187,114.703776,,,,18187,18186,1,0,0,18187,AxisTarget,1,True,True,True,False,14.537802,-68.155617,109.933601,-0.038183,48.317547,-23.153551,513.726563,-133.180466,488.395599,142.284103,-0.082652,-179.994675,5565,False,True,
667,/kuka/axis_move/feedback_json,std_msgs/msg/String,2026-08-22T20:16:24.555517-04:00,1787444184,555506279,1787444184555506279,111.278092,,,,18188,18187,1,0,0,18188,AxisTarget,1,True,True,True,False,14.537849,-68.279739,109.856659,-0.044191,48.522579,-23.154024,513.700012,-133.167664,489.902496,142.279861,-0.085271,-179.998367,5565,False,True,
668,/kuka/axis_move/feedback_json,std_msgs/msg/String,2026-08-22T20:16:24.743846-04:00,1787444184,743839443,1787444184743839443,188.333164,,,,18189,18188,1,0,0,18189,AxisTarget,1,True,True,True,False,14.537937,-68.504456,109.71521,-0.055173,48.89539,-23.154879,513.63739,-133.140091,492.760559,142.271896,-0.090262,179.994598,5566,False,True,
669,/kuka/axis_move/feedback_json,std_msgs/msg/String,2026-08-22T20:16:24.856232-04:00,1787444184,856224037,1787444184856224037,112.384594,,,,18190,18189,1,0,0,18190,AxisTarget,1,True,True,True,False,14.537989,-68.643135,109.63269,-0.06158,49.112862,-23.155378,513.593262,-133.121979,494.431122,142.267303,-0.093193,179.990448,5566,False,True,
670,/kuka/axis_move/feedback_json,std_msgs/msg/String,2026-08-22T20:16:24.971995-04:00,1787444184,971990373,1787444184971990373,115.766336,,,,18191,18190,1,0,0,18191,AxisTarget,1,True,True,True,False,14.538041,-68.776276,109.550751,-0.067932,49.32814,-23.155872,513.543762,-133.102432,496.099487,142.262756,-0.096131,179.986282,5566,False,True,
671,/kuka/axis_move/feedback_json,std_msgs/msg/String,2026-08-22T20:16:25.084203-04:00,1787444185,84194991,1787444185084194991,112.204618,,,,18192,18191,1,0,0,18192,AxisTarget,1,True,True,True,False,14.538089,-68.895287,109.477867,-0.073555,49.517803,-23.156319,513.492004,-133.082642,497.672607,142.258499,-0.098911,179.98233,5566,False,True,
672,/kuka/axis_move/feedback_json,std_msgs/msg/String,2026-08-22T20:16:25.271591-04:00,1787444185,271552629,1787444185271552629,187.357638,,,,18193,18192,1,0,0,18193,AxisTarget,1,True,True,True,False,14.538148,-69.045456,109.38607,-0.080624,49.755737,-23.156847,513.422058,-133.056686,499.596313,142.253342,-0.102323,179.977463,5567,False,True,
673,/kuka/axis_move/feedback_json,std_msgs/msg/String,2026-08-22T20:16:25.378922-04:00,1787444185,378916834,1787444185378916834,107.364205,,,,18194,18193,1,0,0,18194,AxisTarget,1,True,True,True,False,14.538173,-69.109261,109.347206,-0.083605,49.855736,-23.157074,513.389771,-133.044937,500.422607,142.25116,-0.103793,179.975372,5567,False,True,
674,/kuka/axis_move/feedback_json,std_msgs/msg/String,2026-08-22T20:16:25.567126-04:00,1787444185,567118713,1787444185567118713,188.201879,,,,18195,18194,1,0,0,18195,AxisTarget,1,True,True,True,False,14.538197,-69.169403,109.310913,-0.086363,49.947315,-23.157278,513.357605,-133.033356,501.212982,142.249069,-0.105201,179.973358,5568,False,True,
675,/kuka/axis_move/feedback_json,std_msgs/msg/String,2026-08-22T20:16:25.676440-04:00,1787444185,676414876,1787444185676414876,109.296163,,,,18196,18195,1,0,0,18196,AxisTarget,1,True,True,True,False,14.5382,-69.177673,109.306206,-0.0867,49.957798,-23.157301,513.351929,-133.031311,501.350128,142.248703,-0.105445,179.973007,5568,False,True,
676,/kuka/axis_move/feedback_json,std_msgs/msg/String,2026-08-22T20:16:25.791991-04:00,1787444185,791983622,1787444185791983622,115.568746,,,,18197,18196,1,0,0,18197,AxisTarget,1,True,True,True,False,14.5382,-69.177696,109.306198,-0.0867,49.957802,-23.157301,513.351807,-133.031281,501.352234,142.248688,-0.105449,179.973007,5568,False,True,
677,/kuka/axis_move/feedback_json,std_msgs/msg/String,2026-08-22T20:16:25.911811-04:00,1787444185,911787567,1787444185911787567,119.803945,,,,18198,18197,1,0,0,18198,AxisTarget,1,True,True,True,True,14.538201,-69.179504,109.304878,-0.086821,49.96257,-23.157312,513.35144,-133.031128,501.362183,142.248672,-0.105467,179.972977,5568,False,True,
678,/kuka/axis_move/feedback_json,std_msgs/msg/String,2026-08-22T20:16:26.096343-04:00,1787444186,96322070,1787444186096322070,184.534503,,,,18199,18198,1,0,0,18199,AxisTarget,1,True,True,True,False,14.538218,-69.235085,109.269562,-0.089644,50.06123,-23.157539,513.324585,-133.021545,501.996002,142.247009,-0.106596,179.971359,5569,False,True,
679,/kuka/axis_move/feedback_json,std_msgs/msg/String,2026-08-22T20:16:26.283555-04:00,1787444186,283542032,1787444186283542032,187.219962,,,,18200,18199,1,0,0,18200,AxisTarget,1,True,True,True,False,14.53826,-69.367805,109.186722,-0.096153,50.285011,-23.158047,513.253357,-132.996384,503.595215,142.242844,-0.109452,179.967255,5570,False,True,
680,/kuka/axis_move/feedback_json,std_msgs/msg/String,2026-08-22T20:16:26.399639-04:00,1787444186,399629089,1787444186399629089,116.087057,,,,18201,18200,1,0,0,18201,AxisTarget,1,True,True,True,False,14.538299,-69.491096,109.110138,-0.102141,50.497635,-23.158524,513.18158,-132.971451,505.102417,142.238968,-0.112151,179.963364,5570,False,True,
681,/kuka/axis_move/feedback_json,std_msgs/msg/String,2026-08-22T20:16:26.512426-04:00,1787444186,512391862,1787444186512391862,112.762773,,,,18202,18201,1,0,0,18202,AxisTarget,1,True,True,True,False,14.538343,-69.629593,109.024742,-0.10877,50.715076,-23.15901,513.09668,-132.942368,506.775757,142.23468,-0.115158,179.95903,5570,False,True,
682,/kuka/axis_move/feedback_json,std_msgs/msg/String,2026-08-22T20:16:26.625904-04:00,1787444186,625895132,1787444186625895132,113.50327,,,,18203,18202,1,0,0,18203,AxisTarget,1,True,True,True,False,14.538387,-69.768272,108.939278,-0.115402,50.940266,-23.159513,513.002563,-132.910568,508.516144,142.230286,-0.118296,179.954498,5570,False,True,
683,/kuka/axis_move/feedback_json,std_msgs/msg/String,2026-08-22T20:16:26.816023-04:00,1787444186,816012407,1787444186816012407,190.117275,,,,18204,18203,1,0,0,18204,AxisTarget,1,True,True,True,False,14.53845,-69.96347,108.819885,-0.124595,51.249966,-23.1602,512.852905,-132.860809,511.080902,142.223877,-0.12294,179.947769,5571,False,True,
684,/kuka/axis_move/feedback_json,std_msgs/msg/String,2026-08-22T20:16:26.928515-04:00,1787444186,928500175,1787444186928500175,112.487768,,,,18205,18204,1,0,0,18205,AxisTarget,1,True,True,True,False,14.538477,-70.044365,108.770683,-0.128363,51.376183,-23.160477,512.789429,-132.839935,512.107666,142.221329,-0.124805,179.945053,5571,False,True,
685,/kuka/axis_move/feedback_json,std_msgs/msg/String,2026-08-22T20:16:27.116252-04:00,1787444187,116240962,1787444187116240962,187.740787,,,,18206,18205,1,0,0,18206,AxisTarget,1,True,True,True,False,14.538498,-70.109512,108.731567,-0.131318,51.473789,-23.16069,512.731201,-132.820908,513.020325,142.219086,-0.126466,179.942642,5572,False,True,
686,/kuka/axis_move/feedback_json,std_msgs/msg/String,2026-08-22T20:16:27.225474-04:00,1787444187,225464330,1787444187225464330,109.223368,,,,18207,18206,1,0,0,18207,AxisTarget,1,True,True,True,False,14.5385,-70.114403,108.728897,-0.1315,51.479198,-23.1607,512.725708,-132.819107,513.105469,142.218887,-0.126622,179.942413,5572,False,True,
687,/kuka/axis_move/feedback_json,std_msgs/msg/String,2026-08-22T20:16:27.336098-04:00,1787444187,336089301,1787444187336089301,110.624971,,,,18208,18207,1,0,0,18208,AxisTarget,1,True,True,True,False,14.5385,-70.114403,108.728897,-0.1315,51.479198,-23.1607,512.725708,-132.819107,513.105469,142.218887,-0.126622,179.942413,5572,False,True,
688,/kuka/axis_move/feedback_json,std_msgs/msg/String,2026-08-22T20:16:27.448829-04:00,1787444187,448794076,1787444187448794076,112.704775,,,,18209,18208,1,0,0,18209,AxisTarget,1,True,True,True,True,14.538503,-70.123306,108.722786,-0.132025,51.498898,-23.160749,512.720581,-132.817459,513.183594,142.218689,-0.126765,179.9422,5572,False,True,
689,/kuka/axis_move/feedback_json,std_msgs/msg/String,2026-08-22T20:16:27.641341-04:00,1787444187,641310104,1787444187641310104,192.516028,,,,18210,18209,1,0,0,18210,AxisTarget,1,True,True,True,False,14.53854,-70.23455,108.65255,-0.137604,51.69302,-23.161211,512.637695,-132.790573,514.43396,142.215622,-0.12906,179.938889,5573,False,True,
690,/kuka/axis_move/feedback_json,std_msgs/msg/String,2026-08-22T20:16:27.823290-04:00,1787444187,823279826,1787444187823279826,181.969722,,,,18211,18210,1,0,0,18211,AxisTarget,1,True,True,True,False,14.538611,-70.444786,108.522408,-0.147741,52.039093,-23.162018,512.451904,-132.730927,517.082092,142.209213,-0.13394,179.931824,5574,False,True,
691,/kuka/axis_move/feedback_json,std_msgs/msg/String,2026-08-22T20:16:27.935991-04:00,1787444187,935984120,1787444187935984120,112.704294,,,,18212,18211,1,0,0,18212,AxisTarget,1,True,True,True,False,14.538655,-70.570847,108.445328,-0.15367,52.238922,-23.162477,512.331482,-132.692657,518.701233,142.205338,-0.136936,179.92749,5574,False,True,
692,/kuka/axis_move/feedback_json,std_msgs/msg/String,2026-08-22T20:16:28.124828-04:00,1787444188,124801003,1787444188124801003,188.816883,,,,18213,18212,1,0,0,18213,AxisTarget,1,True,True,True,False,14.538696,-70.687462,108.375183,-0.159023,52.416325,-23.162878,512.209534,-132.654129,520.275085,142.201614,-0.139856,179.923248,5575,False,True,
693,/kuka/axis_move/feedback_json,std_msgs/msg/String,2026-08-22T20:16:28.236205-04:00,1787444188,236195325,1787444188236195325,111.394322,,,,18214,18213,1,0,0,18214,AxisTarget,1,True,True,True,False,14.5387,-70.698402,108.369102,-0.1594,52.4277,-23.162901,512.195068,-132.649582,520.457886,142.201187,-0.140195,179.922745,5575,False,True,
694,/kuka/axis_move/feedback_json,std_msgs/msg/String,2026-08-22T20:16:28.425735-04:00,1787444188,425724732,1787444188425724732,189.529407,,,,18215,18214,1,0,0,18215,AxisTarget,1,True,True,True,True,14.538703,-70.705696,108.363594,-0.159918,52.448593,-23.16296,512.192383,-132.648727,520.491882,142.201111,-0.140259,179.922653,5576,False,True,
695,/kuka/axis_move/feedback_json,std_msgs/msg/String,2026-08-22T20:16:28.540445-04:00,1787444188,540417038,1787444188540417038,114.692306,,,,18216,18215,1,0,0,18216,AxisTarget,1,True,True,True,False,14.538749,-70.815201,108.294167,-0.165465,52.64064,-23.163429,512.095825,-132.618484,521.690186,142.198273,-0.142508,179.919403,5576,False,True,
696,/kuka/axis_move/feedback_json,std_msgs/msg/String,2026-08-22T20:16:28.720272-04:00,1787444188,720262515,1787444188720262515,179.845477,,,,18217,18216,1,0,0,18217,AxisTarget,1,True,True,True,False,14.5388,-70.929558,108.226608,-0.1705,52.803303,-23.163799,511.95575,-132.574814,523.369812,142.194321,-0.145668,179.91481,5577,False,True,
697,/kuka/axis_move/feedback_json,std_msgs/msg/String,2026-08-22T20:16:28.832300-04:00,1787444188,832290213,1787444188832290213,112.027698,,,,18218,18217,1,0,0,18218,AxisTarget,1,True,True,True,False,14.5388,-70.929604,108.226601,-0.1705,52.803299,-23.163799,511.955383,-132.574707,523.374023,142.194321,-0.145676,179.914795,5577,False,True,
698,/kuka/axis_move/feedback_json,std_msgs/msg/String,2026-08-22T20:16:29.016321-04:00,1787444189,16292692,1787444189016292692,184.002479,,,,18219,18218,1,0,0,18219,AxisTarget,1,True,True,True,True,14.5388,-70.933899,108.2239,-0.1707,52.8102,-23.163799,511.951141,-132.573364,523.428589,142.194214,-0.145656,179.914612,5578,False,True,
699,/kuka/axis_move/feedback_json,std_msgs/msg/String,2026-08-22T20:16:29.123983-04:00,1787444189,123973783,1787444189123973783,107.681091,,,,18220,18219,1,0,0,18220,AxisTarget,1,True,True,True,True,14.538662,-70.933922,108.223885,-0.170699,52.810371,-23.163065,511.951172,-132.573334,523.428589,142.194214,-0.145656,179.914612,5578,False,True,
700,/kuka/axis_move/feedback_json,std_msgs/msg/String,2026-08-22T20:16:29.309568-04:00,1787444189,309556081,1787444189309556081,185.582298,,,,18221,18220,1,0,0,18221,AxisTarget,1,True,True,True,False,14.252707,-70.952789,108.218498,-0.1704,52.8344,-23.097599,512.560425,-130.01326,523.62738,142.545456,-0.14539,179.914581,5579,False,True,
701,/kuka/axis_move/feedback_json,std_msgs/msg/String,2026-08-22T20:16:29.422007-04:00,1787444189,421997153,1787444189421997153,112.441072,,,,18222,18221,1,0,0,18222,AxisTarget,1,True,True,True,False,14.2524,-70.952797,108.218498,-0.1704,52.8344,-23.097601,512.56311,-130.001694,523.628296,142.547043,-0.145389,179.914581,5579,False,True,
702,/kuka/axis_move/feedback_json,std_msgs/msg/String,2026-08-22T20:16:29.536083-04:00,1787444189,536077224,1787444189536077224,114.080071,,,,18223,18222,1,0,0,18223,AxisTarget,1,True,True,True,True,14.206039,-70.956436,108.217278,-0.17033,52.841709,-23.074684,512.617371,-129.771057,523.64624,142.578659,-0.145358,179.914566,5579,False,True,
703,/kuka/axis_move/feedback_json,std_msgs/msg/String,2026-08-22T20:16:29.648082-04:00,1787444189,648071440,1787444189648071440,111.994216,,,,18224,18223,1,0,0,18224,AxisTarget,1,True,True,True,False,13.648522,-70.994087,108.206345,-0.169782,52.891853,-22.9361,513.72168,-124.967613,524.019043,143.236465,-0.144708,179.914398,5579,False,True,
704,/kuka/axis_move/feedback_json,std_msgs/msg/String,2026-08-22T20:16:29.832100-04:00,1787444189,832088828,1787444189832088828,184.017388,,,,18225,18224,1,0,0,18225,AxisTarget,1,True,True,True,False,13.3929,-71.009598,108.202301,-0.1696,52.906799,-22.899099,514.321777,-122.267212,524.228333,143.605698,-0.144342,179.914307,5580,False,True,
705,/kuka/axis_move/feedback_json,std_msgs/msg/String,2026-08-22T20:16:30.020438-04:00,1787444190,20427737,1787444190020427737,188.338909,,,,18226,18225,1,0,0,18226,AxisTarget,1,True,True,True,True,13.3929,-71.009598,108.202301,-0.1696,52.906803,-22.899067,514.321777,-122.267212,524.228333,143.605698,-0.144342,179.914307,5581,False,True,
706,/kuka/axis_move/feedback_json,std_msgs/msg/String,2026-08-22T20:16:30.137069-04:00,1787444190,137061068,1787444190137061068,116.633331,,,,18227,18226,1,0,0,18227,AxisTarget,1,True,True,True,False,13.234712,-71.021187,108.198647,-0.169407,52.928089,-22.835728,514.543396,-121.252632,524.306946,143.744339,-0.144199,179.914261,5581,False,True,
707,/kuka/axis_move/feedback_json,std_msgs/msg/String,2026-08-22T20:16:30.243603-04:00,1787444190,243582829,1787444190243582829,106.521761,,,,18228,18227,1,0,0,18228,AxisTarget,1,True,True,True,False,12.470535,-71.072548,108.183739,-0.168684,52.994129,-22.653616,515.965576,-114.497749,524.829773,144.665939,-0.143242,179.914001,5581,False,True,
708,/kuka/axis_move/feedback_json,std_msgs/msg/String,2026-08-22T20:16:30.361410-04:00,1787444190,361380451,1787444190361380451,117.797622,,,,18229,18228,1,0,0,18229,AxisTarget,1,True,True,True,False,11.980322,-71.103279,108.175423,-0.168308,53.026974,-22.569197,516.92572,-109.668343,525.202759,145.323456,-0.142559,179.913818,5581,False,True,
709,/kuka/axis_move/feedback_json,std_msgs/msg/String,2026-08-22T20:16:30.543884-04:00,1787444190,543878044,1787444190543878044,182.497593,,,,18230,18229,1,0,0,18230,AxisTarget,1,True,True,True,False,11.9605,-71.104301,108.175201,-0.1683,53.0275,-22.568199,516.992065,-109.325676,525.229187,145.370071,-0.142511,179.913803,5582,False,True,
710,/kuka/axis_move/feedback_json,std_msgs/msg/String,2026-08-22T20:16:30.656088-04:00,1787444190,656077595,1787444190656077595,112.199551,,,,18231,18230,1,0,0,18231,AxisTarget,1,True,True,True,True,11.9605,-71.104301,108.175201,-0.1683,53.0275,-22.568199,516.992065,-109.325676,525.229187,145.370071,-0.142511,179.913803,5582,False,True,
711,/kuka/axis_move/feedback_json,std_msgs/msg/String,2026-08-22T20:16:30.846099-04:00,1787444190,846090268,1787444190846090268,190.012673,,,,18232,18231,1,0,0,18232,AxisTarget,1,True,True,True,False,11.9605,-71.104301,108.175201,-0.1683,53.0275,-22.568199,516.992065,-109.325676,525.229187,145.370071,-0.142511,179.913803,5583,False,True,
712,/kuka/axis_move/feedback_json,std_msgs/msg/String,2026-08-22T20:16:30.961552-04:00,1787444190,961541086,1787444190961541086,115.450818,,,,18233,18232,1,0,0,18233,AxisTarget,1,True,True,True,True,11.895845,-71.109276,108.173561,-0.168211,53.036976,-22.53891,517.059387,-108.976555,525.256165,145.417557,-0.142461,179.913788,5583,False,True,
713,/kuka/axis_move/feedback_json,std_msgs/msg/String,2026-08-22T20:16:31.073299-04:00,1787444191,73288881,1787444191073288881,111.747795,,,,18234,18233,1,0,0,18234,AxisTarget,1,True,True,True,False,11.218131,-71.155785,108.15979,-0.167534,53.10252,-22.353649,518.075867,-103.543564,525.674866,146.155762,-0.141679,179.913574,5583,False,True,
714,/kuka/axis_move/feedback_json,std_msgs/msg/String,2026-08-22T20:16:31.193771-04:00,1787444191,193750390,1787444191193750390,120.461509,,,,18235,18234,1,0,0,18235,AxisTarget,1,True,True,True,False,10.270172,-71.217621,108.142387,-0.166722,53.177277,-22.14856,519.648376,-94.430695,526.375488,147.391144,-0.14037,179.913239,5583,False,True,
715,/kuka/axis_move/feedback_json,std_msgs/msg/String,2026-08-22T20:16:31.371996-04:00,1787444191,371986215,1787444191371986215,178.235825,,,,18236,18235,1,0,0,18236,AxisTarget,1,True,True,True,False,9.9552,-71.2369,108.137299,-0.1665,53.1964,-22.105,520.179871,-91.113434,526.630066,147.840042,-0.139894,179.913116,5584,False,True,
716,/kuka/axis_move/feedback_json,std_msgs/msg/String,2026-08-22T20:16:31.487256-04:00,1787444191,487249432,1787444191487249432,115.263217,,,,18237,18236,1,0,0,18237,AxisTarget,1,True,True,True,True,9.9552,-71.2369,108.137299,-0.1665,53.1964,-22.105,520.179871,-91.113441,526.630066,147.840042,-0.139894,179.913116,5584,False,True,
717,/kuka/axis_move/feedback_json,std_msgs/msg/String,2026-08-22T20:16:31.679488-04:00,1787444191,679478917,1787444191679478917,192.229485,,,,18238,18237,1,0,0,18238,AxisTarget,1,True,True,True,False,9.9552,-71.2369,108.137299,-0.1665,53.196411,-22.104925,520.179871,-91.113441,526.630066,147.840042,-0.139894,179.913116,5585,False,True,
718,/kuka/axis_move/feedback_json,std_msgs/msg/String,2026-08-22T20:16:31.792286-04:00,1787444191,792278091,1787444191792278091,112.799174,,,,18239,18238,1,0,0,18239,AxisTarget,1,True,True,True,True,9.797118,-71.249664,108.133286,-0.166284,53.21767,-22.041672,520.359741,-89.959045,526.718567,147.99617,-0.13973,179.913071,5585,False,True,
719,/kuka/axis_move/feedback_json,std_msgs/msg/String,2026-08-22T20:16:31.903653-04:00,1787444191,903631377,1787444191903631377,111.353286,,,,18240,18239,1,0,0,18240,AxisTarget,1,True,True,True,False,8.945755,-71.306252,108.116676,-0.165448,53.294994,-21.825245,521.391052,-82.981651,527.253052,148.938843,-0.138739,179.912842,5585,False,True,
720,/kuka/axis_move/feedback_json,std_msgs/msg/String,2026-08-22T20:16:32.016656-04:00,1787444192,16642989,1787444192016642989,113.011612,,,,18241,18240,1,0,0,18241,AxisTarget,1,True,True,True,False,7.910665,-71.374054,108.096916,-0.164488,53.380787,-21.593349,522.69574,-73.038406,528.013062,150.279556,-0.137329,179.912521,5585,False,True,
721,/kuka/axis_move/feedback_json,std_msgs/msg/String,2026-08-22T20:16:32.202778-04:00,1787444192,202754350,1787444192202754350,186.111361,,,,18242,18241,1,0,0,18242,AxisTarget,1,True,True,True,False,7.376902,-71.407303,108.088501,-0.1641,53.413601,-21.509399,523.331177,-67.568771,528.43042,151.015884,-0.136554,179.912354,5586,False,True,
722,/kuka/axis_move/feedback_json,std_msgs/msg/String,2026-08-22T20:16:32.391438-04:00,1787444192,391431825,1787444192391431825,188.677475,,,,18243,18242,1,0,0,18243,AxisTarget,1,True,True,True,False,7.3769,-71.407303,108.088501,-0.1641,53.413601,-21.509399,523.331177,-67.568802,528.43042,151.015884,-0.136554,179.912354,5587,False,True,
723,/kuka/axis_move/feedback_json,std_msgs/msg/String,2026-08-22T20:16:32.574918-04:00,1787444192,574912470,1787444192574912470,183.480645,,,,18244,18243,1,0,0,18244,AxisTarget,1,True,True,True,True,7.3769,-71.407303,108.088501,-0.1641,53.413601,-21.509399,523.331177,-67.568802,528.43042,151.015884,-0.136554,179.912354,5588,False,True,
724,/kuka/axis_move/feedback_json,std_msgs/msg/String,2026-08-22T20:16:32.688136-04:00,1787444192,688125770,1787444192688125770,113.2133,,,,18245,18244,1,0,0,18245,AxisTarget,1,True,True,True,True,7.367746,-71.408112,108.088203,-0.164082,53.415749,-21.502132,523.334351,-67.539894,528.432617,151.019775,-0.13655,179.912354,5588,False,True,
725,/kuka/axis_move/feedback_json,std_msgs/msg/String,2026-08-22T20:16:32.803897-04:00,1787444192,803887541,1787444192803887541,115.761771,,,,18246,18245,1,0,0,18246,AxisTarget,1,True,True,True,False,6.933459,-71.438477,108.079033,-0.163629,53.460888,-21.372437,523.689941,-64.234909,528.68457,151.46434,-0.136092,179.912247,5588,False,True,
726,/kuka/axis_move/feedback_json,std_msgs/msg/String,2026-08-22T20:16:32.918661-04:00,1787444192,918633270,1787444192918633270,114.745729,,,,18247,18246,1,0,0,18247,AxisTarget,1,True,True,True,False,5.836965,-71.511917,108.057755,-0.162618,53.557781,-21.104145,524.603027,-54.63216,529.415894,152.754715,-0.13476,179.911942,5588,False,True,
727,/kuka/axis_move/feedback_json,std_msgs/msg/String,2026-08-22T20:16:33.107777-04:00,1787444193,107757551,1787444193107757551,189.124281,,,,18248,18247,1,0,0,18248,AxisTarget,1,True,True,True,False,4.337681,-71.609077,108.030533,-0.161366,53.673702,-20.793978,525.654663,-39.96286,530.531189,154.722946,-0.132726,179.911499,5589,False,True,
728,/kuka/axis_move/feedback_json,std_msgs/msg/String,2026-08-22T20:16:33.223899-04:00,1787444193,223892682,1787444193223892682,116.135131,,,,18249,18248,1,0,0,18249,AxisTarget,1,True,True,True,False,4.225601,-71.615601,108.0289,-0.1613,53.6791,-20.781401,525.728027,-38.661278,530.630066,154.897461,-0.132545,179.911453,5589,False,True,
729,/kuka/axis_move/feedback_json,std_msgs/msg/String,2026-08-22T20:16:33.411433-04:00,1787444193,411422299,1787444193411422299,187.529617,,,,18250,18249,1,0,0,18250,AxisTarget,1,True,True,True,True,4.2256,-71.615601,108.0289,-0.1613,53.6791,-20.781401,525.728027,-38.661266,530.630066,154.897461,-0.132545,179.911453,5590,False,True,
730,/kuka/axis_move/feedback_json,std_msgs/msg/String,2026-08-22T20:16:33.520414-04:00,1787444193,520405679,1787444193520405679,108.98338,,,,18251,18250,1,0,0,18251,AxisTarget,1,True,True,True,False,4.2256,-71.615601,108.0289,-0.1613,53.6791,-20.781401,525.728027,-38.661266,530.630066,154.897461,-0.132545,179.911453,5590,False,True,
731,/kuka/axis_move/feedback_json,std_msgs/msg/String,2026-08-22T20:16:33.631096-04:00,1787444193,631088101,1787444193631088101,110.682422,,,,18252,18251,1,0,0,18252,AxisTarget,1,True,True,True,True,4.171475,-71.619797,108.027504,-0.161222,53.687286,-20.755955,525.747131,-38.312302,530.656555,154.944244,-0.132498,179.911453,5590,False,True,
732,/kuka/axis_move/feedback_json,std_msgs/msg/String,2026-08-22T20:16:33.743978-04:00,1787444193,743972345,1787444193743972345,112.884244,,,,18253,18252,1,0,0,18253,AxisTarget,1,True,True,True,False,3.550512,-71.662437,108.014854,-0.160582,53.747696,-20.5849,525.993958,-33.341751,531.033936,155.610504,-0.131822,179.911331,5590,False,True,
733,/kuka/axis_move/feedback_json,std_msgs/msg/String,2026-08-22T20:16:33.930052-04:00,1787444193,930028664,1787444193930028664,186.056319,,,,18254,18253,1,0,0,18254,AxisTarget,1,True,True,True,False,1.651992,-71.788284,107.97879,-0.158819,53.908878,-20.143068,526.483521,-16.120184,532.340698,157.918015,-0.129481,179.910919,5591,False,True,
734,/kuka/axis_move/feedback_json,std_msgs/msg/String,2026-08-22T20:16:34.047586-04:00,1787444194,47576880,1787444194047576880,117.548216,,,,18255,18254,1,0,0,18255,AxisTarget,1,True,True,True,False,0.817308,-71.841942,107.963882,-0.158112,53.971401,-19.977146,526.51709,-7.835426,532.969299,159.028091,-0.128354,179.910751,5591,False,True,
735,/kuka/axis_move/feedback_json,std_msgs/msg/String,2026-08-22T20:16:34.161790-04:00,1787444194,161785083,1787444194161785083,114.208203,,,,18256,18255,1,0,0,18256,AxisTarget,1,True,True,True,False,0.648568,-71.851997,107.961304,-0.158,53.980499,-19.9552,526.505127,-5.781547,533.125122,159.303345,-0.128075,179.910706,5591,False,True,
736,/kuka/axis_move/feedback_json,std_msgs/msg/String,2026-08-22T20:16:34.348096-04:00,1787444194,348084358,1787444194348084358,186.299275,,,,18257,18256,1,0,0,18257,AxisTarget,1,True,True,True,True,0.6486,-71.851997,107.961304,-0.158,53.980499,-19.9552,526.505127,-5.781957,533.125061,159.303284,-0.128075,179.910706,5592,False,True,
737,/kuka/axis_move/feedback_json,std_msgs/msg/String,2026-08-22T20:16:34.463864-04:00,1787444194,463852872,1787444194463852872,115.768514,,,,18258,18257,1,0,0,18258,AxisTarget,1,True,True,True,False,0.6486,-71.851997,107.961304,-0.158,53.980499,-19.9552,526.505127,-5.781957,533.125061,159.303284,-0.128075,179.910706,5592,False,True,
738,/kuka/axis_move/feedback_json,std_msgs/msg/String,2026-08-22T20:16:34.582391-04:00,1787444194,582353773,1787444194582353773,118.500901,,,,18259,18258,1,0,0,18259,AxisTarget,1,True,True,True,True,0.617384,-71.854507,107.960442,-0.15795,53.985851,-19.938145,526.503967,-5.63653,533.136108,159.322769,-0.128055,179.91069,5592,False,True,
739,/kuka/axis_move/feedback_json,std_msgs/msg/String,2026-08-22T20:16:34.689744-04:00,1787444194,689734033,1787444194689734033,107.38026,,,,18260,18259,1,0,0,18260,AxisTarget,1,True,True,True,False,0.100296,-71.890259,107.94976,-0.157411,54.037365,-19.791517,526.450745,-1.282107,533.466736,159.906448,-0.127439,179.910599,5592,False,True,
740,/kuka/axis_move/feedback_json,std_msgs/msg/String,2026-08-22T20:16:34.877816-04:00,1787444194,877792460,1787444194877792460,188.058427,,,,18261,18260,1,0,0,18261,AxisTarget,1,True,True,True,False,-1.80444,-72.016891,107.913353,-0.15564,54.200775,-19.342232,525.882813,15.977331,534.778015,162.221985,-0.124999,179.910217,5593,False,True,
741,/kuka/axis_move/feedback_json,std_msgs/msg/String,2026-08-22T20:16:34.988112-04:00,1787444194,988105080,1787444194988105080,110.31262,,,,18262,18261,1,0,0,18262,AxisTarget,1,True,True,True,False,-2.675081,-72.073135,107.897644,-0.154897,54.267265,-19.164806,525.404114,24.309898,535.411987,163.341614,-0.123819,179.910049,5593,False,True,
742,/kuka/axis_move/feedback_json,std_msgs/msg/String,2026-08-22T20:16:35.100845-04:00,1787444195,100809599,1787444195100809599,112.704519,,,,18263,18262,1,0,0,18263,AxisTarget,1,True,True,True,False,-2.951145,-72.089989,107.893204,-0.1547,54.283802,-19.123596,525.204407,27.234638,535.634644,163.73494,-0.123404,179.909988,5593,False,True,
743,/kuka/axis_move/feedback_json,std_msgs/msg/String,2026-08-22T20:16:35.288912-04:00,1787444195,288889047,1787444195288889047,188.079448,,,,18264,18263,1,0,0,18264,AxisTarget,1,True,True,True,True,-2.9514,-72.089996,107.893204,-0.1547,54.283798,-19.1236,525.203064,27.253637,535.636108,163.737488,-0.123401,179.909988,5594,False,True,
744,/kuka/axis_move/feedback_json,std_msgs/msg/String,2026-08-22T20:16:35.399933-04:00,1787444195,399921645,1787444195399921645,111.032598,,,,18265,18264,1,0,0,18265,AxisTarget,1,True,True,True,False,-2.9514,-72.089996,107.893204,-0.1547,54.283798,-19.1236,525.203064,27.253637,535.636108,163.737488,-0.123401,179.909988,5594,False,True,
745,/kuka/axis_move/feedback_json,std_msgs/msg/String,2026-08-22T20:16:35.513046-04:00,1787444195,513027064,1787444195513027064,113.105419,,,,18266,18265,1,0,0,18266,AxisTarget,1,True,True,True,True,-2.956061,-72.090599,107.892975,-0.154686,54.2855,-19.117756,525.201721,27.272043,535.637512,163.739975,-0.123399,179.909988,5594,False,True,
746,/kuka/axis_move/feedback_json,std_msgs/msg/String,2026-08-22T20:16:35.628221-04:00,1787444195,628208530,1787444195628208530,115.181466,,,,18267,18266,1,0,0,18267,AxisTarget,1,True,True,True,False,-3.333499,-72.116951,107.884468,-0.154256,54.327492,-18.99692,524.977173,30.303444,535.868347,164.147858,-0.122973,179.909927,5594,False,True,
747,/kuka/axis_move/feedback_json,std_msgs/msg/String,2026-08-22T20:16:35.811932-04:00,1787444195,811922144,1787444195811922144,183.713614,,,,18268,18267,1,0,0,18268,AxisTarget,1,True,True,True,False,-5.107949,-72.238182,107.849991,-0.152592,54.48333,-18.566877,523.510742,46.176914,537.079346,166.287735,-0.12074,179.909637,5595,False,True,
748,/kuka/axis_move/feedback_json,std_msgs/msg/String,2026-08-22T20:16:36.003866-04:00,1787444196,3856479,1787444196003856479,191.934335,,,,18269,18268,1,0,0,18269,AxisTarget,1,True,True,True,False,-6.441262,-72.321136,107.826927,-0.15152,54.579819,-18.31093,521.987488,58.851933,538.049438,168.002304,-0.118951,179.909424,5596,False,True,
749,/kuka/axis_move/feedback_json,std_msgs/msg/String,2026-08-22T20:16:36.124128-04:00,1787444196,124089664,1787444196124089664,120.233185,,,,18270,18269,1,0,0,18270,AxisTarget,1,True,True,True,False,-6.4829,-72.323402,107.826401,-0.1515,54.581299,-18.3078,521.903931,59.479164,538.097534,168.087296,-0.118862,179.909424,5596,False,True,
750,/kuka/axis_move/feedback_json,std_msgs/msg/String,2026-08-22T20:16:36.304161-04:00,1787444196,304151151,1787444196304151151,180.061487,,,,18271,18270,1,0,0,18271,AxisTarget,1,True,True,True,True,-6.4829,-72.323402,107.826401,-0.1515,54.581299,-18.3078,521.903931,59.47916,538.097534,168.087296,-0.118862,179.909424,5597,False,True,
751,/kuka/axis_move/feedback_json,std_msgs/msg/String,2026-08-22T20:16:36.414022-04:00,1787444196,414015302,1787444196414015302,109.864151,,,,18272,18271,1,0,0,18272,AxisTarget,1,True,True,True,False,-6.4829,-72.323402,107.826401,-0.1515,54.581303,-18.307768,521.903931,59.47916,538.097534,168.087296,-0.118862,179.909424,5597,False,True,
752,/kuka/axis_move/feedback_json,std_msgs/msg/String,2026-08-22T20:16:36.524300-04:00,1787444196,524289681,1787444196524289681,110.274379,,,,18273,18272,1,0,0,18273,AxisTarget,1,True,True,True,True,-6.623559,-72.333755,107.823128,-0.15133,54.598976,-18.254831,521.767273,60.492424,538.175232,168.224655,-0.118723,179.909409,5597,False,True,
753,/kuka/axis_move/feedback_json,std_msgs/msg/String,2026-08-22T20:16:36.639492-04:00,1787444196,639485004,1787444196639485004,115.195323,,,,18274,18273,1,0,0,18274,AxisTarget,1,True,True,True,False,-7.401123,-72.386703,107.807556,-0.150576,54.672211,-18.049055,520.874939,66.774513,538.657471,169.077164,-0.117863,179.909302,5597,False,True,
754,/kuka/axis_move/feedback_json,std_msgs/msg/String,2026-08-22T20:16:36.824500-04:00,1787444196,824473255,1787444196824473255,184.988251,,,,18275,18274,1,0,0,18275,AxisTarget,1,True,True,True,False,-9.172668,-72.504402,107.774239,-0.149023,54.817558,-17.6555,518.143066,83.356232,539.934998,171.336136,-0.115584,179.909073,5598,False,True,
755,/kuka/axis_move/feedback_json,std_msgs/msg/String,2026-08-22T20:16:37.017547-04:00,1787444197,17520264,1787444197017520264,193.047009,,,,18276,18275,1,0,0,18276,AxisTarget,1,True,True,True,False,-9.5161,-72.523903,107.769096,-0.1488,54.836899,-17.6071,517.484253,86.918877,540.210449,171.823303,-0.115093,179.909027,5599,False,True,
756,/kuka/axis_move/feedback_json,std_msgs/msg/String,2026-08-22T20:16:37.196238-04:00,1787444197,196230552,1787444197196230552,178.710288,,,,18277,18276,1,0,0,18277,AxisTarget,1,True,True,True,True,-9.5161,-72.523903,107.769096,-0.1488,54.836899,-17.6071,517.484253,86.918869,540.210449,171.823303,-0.115093,179.909027,5600,False,True,
757,/kuka/axis_move/feedback_json,std_msgs/msg/String,2026-08-22T20:16:37.309377-04:00,1787444197,309364886,1787444197309364886,113.134334,,,,18278,18277,1,0,0,18278,AxisTarget,1,True,True,True,False,-9.5161,-72.523903,107.769096,-0.1488,54.836899,-17.607088,517.484253,86.918869,540.210449,171.823303,-0.115093,179.909027,5600,False,True,
758,/kuka/axis_move/feedback_json,std_msgs/msg/String,2026-08-22T20:16:37.420397-04:00,1787444197,420386144,1787444197420386144,111.021258,,,,18279,18278,1,0,0,18279,AxisTarget,1,True,True,True,True,-9.643085,-72.533302,107.766106,-0.148636,54.853207,-17.557991,517.336365,87.699982,540.270874,171.930222,-0.11498,179.909027,5600,False,True,
759,/kuka/axis_move/feedback_json,std_msgs/msg/String,2026-08-22T20:16:37.532386-04:00,1787444197,532372980,1787444197532372980,111.986836,,,,18280,18279,1,0,0,18280,AxisTarget,1,True,True,True,False,-10.413166,-72.585754,107.750671,-0.147852,54.92569,-17.354328,516.038086,94.297546,540.782166,172.834595,-0.114032,179.908951,5600,False,True,
760,/kuka/axis_move/feedback_json,std_msgs/msg/String,2026-08-22T20:16:37.720882-04:00,1787444197,720873648,1787444197720873648,188.500668,,,,18281,18280,1,0,0,18281,AxisTarget,1,True,True,True,False,-11.884246,-72.681213,107.723907,-0.146555,55.039932,-17.048325,513.112488,107.761169,541.830017,174.688461,-0.112089,179.908844,5601,False,True,
761,/kuka/axis_move/feedback_json,std_msgs/msg/String,2026-08-22T20:16:37.831975-04:00,1787444197,831965248,1787444197831965248,111.0916,,,,18282,18281,1,0,0,18282,AxisTarget,1,True,True,True,False,-11.976299,-72.686501,107.722603,-0.1465,55.044102,-17.038799,512.834717,108.956055,541.92334,174.853561,-0.111916,179.908844,5601,False,True,
762,/kuka/axis_move/feedback_json,std_msgs/msg/String,2026-08-22T20:16:38.019896-04:00,1787444198,19886090,1787444198019886090,187.920842,,,,18283,18282,1,0,0,18283,AxisTarget,1,True,True,True,True,-11.9763,-72.686501,107.722603,-0.1465,55.044102,-17.038799,512.834717,108.956078,541.92334,174.853577,-0.111916,179.908844,5602,False,True,
763,/kuka/axis_move/feedback_json,std_msgs/msg/String,2026-08-22T20:16:38.135396-04:00,1787444198,135369593,1787444198135369593,115.483503,,,,18284,18283,1,0,0,18284,AxisTarget,1,True,True,True,False,-11.9763,-72.686501,107.722603,-0.1465,55.044102,-17.038799,512.834717,108.956078,541.92334,174.853577,-0.111916,179.908844,5602,False,True,
764,/kuka/axis_move/feedback_json,std_msgs/msg/String,2026-08-22T20:16:38.247643-04:00,1787444198,247630162,1787444198247630162,112.260569,,,,18285,18284,1,0,0,18285,AxisTarget,1,True,True,True,True,-12.051659,-72.692245,107.720726,-0.146398,55.054813,-17.005898,512.737976,109.369339,541.955688,174.91069,-0.111855,179.908829,5602,False,True,
765,/kuka/axis_move/feedback_json,std_msgs/msg/String,2026-08-22T20:16:38.365580-04:00,1787444198,365574603,1787444198365574603,117.944441,,,,18286,18285,1,0,0,18286,AxisTarget,1,True,True,True,False,-12.761381,-72.740852,107.706345,-0.145692,55.122833,-16.814224,511.387817,114.986092,542.395386,175.688263,-0.111026,179.908768,5602,False,True,
766,/kuka/axis_move/feedback_json,std_msgs/msg/String,2026-08-22T20:16:38.552546-04:00,1787444198,552508448,1787444198552508448,186.933845,,,,18287,18286,1,0,0,18287,AxisTarget,1,True,True,True,False,-13.854289,-72.81086,107.686989,-0.144803,55.202934,-16.603157,508.667023,125.556435,543.226379,177.157928,-0.10946,179.908676,5603,False,True,
767,/kuka/axis_move/feedback_json,std_msgs/msg/String,2026-08-22T20:16:38.667784-04:00,1787444198,667774103,1787444198667774103,115.265655,,,,18288,18287,1,0,0,18288,AxisTarget,1,True,True,True,False,-13.8636,-72.811302,107.686897,-0.1448,55.203098,-16.6029,508.628204,125.70089,543.237732,177.17807,-0.109438,179.908676,5603,False,True,
768,/kuka/axis_move/feedback_json,std_msgs/msg/String,2026-08-22T20:16:38.860173-04:00,1787444198,860162611,1787444198860162611,192.388508,,,,18289,18288,1,0,0,18289,AxisTarget,1,True,True,True,True,-13.8636,-72.811302,107.686897,-0.1448,55.203098,-16.6029,508.628204,125.70089,543.237732,177.17807,-0.109438,179.908676,5604,False,True,
769,/kuka/axis_move/feedback_json,std_msgs/msg/String,2026-08-22T20:16:38.979883-04:00,1787444198,979873559,1787444198979873559,119.710948,,,,18290,18289,1,0,0,18290,AxisTarget,1,True,True,True,True,-13.868304,-72.811745,107.686722,-0.144789,55.204449,-16.598169,508.625336,125.711578,543.238586,177.179565,-0.109437,179.908676,5604,False,True,
770,/kuka/axis_move/feedback_json,std_msgs/msg/String,2026-08-22T20:16:39.098979-04:00,1787444199,98944899,1787444199098944899,119.07134,,,,18291,18290,1,0,0,18291,AxisTarget,1,True,True,True,False,-14.263672,-72.839569,107.678261,-0.144357,55.24649,-16.476986,507.792755,128.770233,543.47998,177.606506,-0.108996,179.908646,5604,False,True,
771,/kuka/axis_move/feedback_json,std_msgs/msg/String,2026-08-22T20:16:39.295842-04:00,1787444199,295836769,1787444199295836769,196.89187,,,,18292,18291,1,0,0,18292,AxisTarget,1,True,True,True,False,-15.177018,-72.89817,107.662003,-0.1436,55.3139,-16.299297,505.384796,137.231598,544.149963,178.791672,-0.107773,179.9086,5605,False,True,
772,/kuka/axis_move/feedback_json,std_msgs/msg/String,2026-08-22T20:16:39.414158-04:00,1787444199,414134532,1787444199414134532,118.297763,,,,18293,18292,1,0,0,18293,AxisTarget,1,True,True,True,False,-15.178,-72.898201,107.662003,-0.1436,55.3139,-16.299299,505.373688,137.26947,544.152954,178.796982,-0.107768,179.9086,5605,False,True,
773,/kuka/axis_move/feedback_json,std_msgs/msg/String,2026-08-22T20:16:39.605482-04:00,1787444199,605454199,1787444199605454199,191.319667,,,,18294,18293,1,0,0,18294,AxisTarget,1,True,True,True,True,-15.178,-72.898201,107.662003,-0.1436,55.3139,-16.299299,505.373688,137.26947,544.152954,178.796982,-0.107768,179.9086,5606,False,True,
774,/kuka/axis_move/feedback_json,std_msgs/msg/String,2026-08-22T20:16:39.719957-04:00,1787444199,719947649,1787444199719947649,114.49345,,,,18295,18294,1,0,0,18295,AxisTarget,1,True,True,True,True,-15.198494,-72.899902,107.6614,-0.143563,55.317814,-16.286535,505.349945,137.350235,544.159363,178.808334,-0.107756,179.9086,5606,False,True,
775,/kuka/axis_move/feedback_json,std_msgs/msg/String,2026-08-22T20:16:39.847867-04:00,1787444199,847856626,1787444199847856626,127.908977,,,,18296,18295,1,0,0,18296,AxisTarget,1,True,True,True,False,-15.696572,-72.933777,107.651482,-0.143041,55.365055,-16.155416,504.18457,141.257339,544.469666,179.357788,-0.107165,179.908585,5606,False,True,
776,/kuka/axis_move/feedback_json,std_msgs/msg/String,2026-08-22T20:16:39.967753-04:00,1787444199,967747581,1787444199967747581,119.890955,,,,18297,18296,1,0,0,18297,AxisTarget,1,True,True,True,False,-15.91931,-72.947197,107.648003,-0.1429,55.376301,-16.128,503.421265,143.757645,544.66864,179.710144,-0.106787,179.908585,5606,False,True,
777,/kuka/axis_move/feedback_json,std_msgs/msg/String,2026-08-22T20:16:40.170633-04:00,1787444200,170616152,1787444200170616152,202.868571,,,,18298,18297,1,0,0,18298,AxisTarget,1,True,True,True,False,-15.9193,-72.947197,107.648003,-0.1429,55.376301,-16.128,503.421326,143.757431,544.66864,179.710114,-0.106787,179.908585,5607,False,True,
778,/kuka/axis_move/feedback_json,std_msgs/msg/String,2026-08-22T20:16:40.294134-04:00,1787444200,294123619,1787444200294123619,123.507467,,,,18299,18298,1,0,0,18299,AxisTarget,1,True,True,True,True,-15.990597,-72.952507,107.646309,-0.142845,55.385498,-16.100849,503.298157,144.156677,544.700317,179.766403,-0.106765,179.908585,5607,False,True,
779,/kuka/axis_move/feedback_json,std_msgs/msg/String,2026-08-22T20:16:40.494224-04:00,1787444200,494212886,1787444200494212886,200.089267,,,,18300,18299,1,0,0,18300,AxisTarget,1,True,True,True,False,-16.099899,-72.959099,107.6446,-0.1428,55.391602,-16.0863,502.932861,145.333969,544.793884,179.932495,-0.1067,179.908569,5608,False,True,
780,/kuka/axis_move/feedback_json,std_msgs/msg/String,2026-08-22T20:16:40.615893-04:00,1787444200,615882592,1787444200615882592,121.669706,,,,18301,18300,1,0,0,18301,AxisTarget,1,True,True,True,True,-16.099899,-72.959099,107.6446,-0.1428,55.391602,-16.0863,502.932861,145.333969,544.793884,179.932495,-0.1067,179.908569,5608,False,True,
781,/kuka/axis_move/feedback_json,std_msgs/msg/String,2026-08-22T20:16:40.803981-04:00,1787444200,803971942,1787444200803971942,188.08935,,,,18302,18301,1,0,0,18302,AxisTarget,1,True,True,True,False,-16.099899,-72.959099,107.6446,-0.1428,55.391602,-16.0863,502.932861,145.333969,544.793884,179.932495,-0.1067,179.908569,5609,False,True,
782,/kuka/axis_move/feedback_json,std_msgs/msg/String,2026-08-22T20:16:40.911597-04:00,1787444200,911571055,1787444200911571055,107.599113,,,,18303,18302,1,0,0,18303,AxisTarget,1,True,True,True,True,-16.100157,-72.943604,107.657478,-0.142401,55.349075,-16.086199,502.943817,145.338516,544.68042,179.93277,-0.106503,179.908661,5609,False,True,
783,/kuka/axis_move/feedback_json,std_msgs/msg/String,2026-08-22T20:16:41.095826-04:00,1787444201,95815948,1787444201095815948,184.244893,,,,18304,18303,1,0,0,18304,AxisTarget,1,True,True,True,False,-16.103174,-72.793564,107.761215,-0.139706,55.105366,-16.085699,503.136627,145.419479,542.634521,179.937515,-0.102951,179.910492,5610,False,True,
784,/kuka/axis_move/feedback_json,std_msgs/msg/String,2026-08-22T20:16:41.213560-04:00,1787444201,213551749,1787444201213551749,117.735801,,,,18305,18304,1,0,0,18305,AxisTarget,1,True,True,True,False,-16.103201,-72.792702,107.761597,-0.1397,55.105099,-16.085699,503.139771,145.420807,542.600647,179.937592,-0.102893,179.910522,5610,False,True,
785,/kuka/axis_move/feedback_json,std_msgs/msg/String,2026-08-22T20:16:41.324126-04:00,1787444201,324115783,1787444201324115783,110.564034,,,,18306,18305,1,0,0,18306,AxisTarget,1,True,True,True,True,-16.103228,-72.791031,107.763046,-0.139654,55.099907,-16.085686,503.140472,145.421112,542.592773,179.937607,-0.102879,179.910538,5610,False,True,
786,/kuka/axis_move/feedback_json,std_msgs/msg/String,2026-08-22T20:16:41.439911-04:00,1787444201,439904549,1787444201439904549,115.788766,,,,18307,18306,1,0,0,18307,AxisTarget,1,True,True,True,False,-16.103867,-72.757133,107.789589,-0.138934,55.028793,-16.085522,503.175629,145.436005,542.210144,179.938492,-0.10222,179.910873,5610,False,True,
787,/kuka/axis_move/feedback_json,std_msgs/msg/String,2026-08-22T20:16:41.624475-04:00,1787444201,624436770,1787444201624436770,184.532221,,,,18308,18307,1,0,0,18308,AxisTarget,1,True,True,True,False,-16.106951,-72.599106,107.900826,-0.136007,54.748547,-16.084894,503.352997,145.511826,540.228394,179.943115,-0.098805,179.912582,5611,False,True,
788,/kuka/axis_move/feedback_json,std_msgs/msg/String,2026-08-22T20:16:41.814444-04:00,1787444201,814420558,1787444201814420558,189.983788,,,,18309,18308,1,0,0,18309,AxisTarget,1,True,True,True,False,-16.110931,-72.399208,108.040642,-0.1324,54.409691,-16.084148,503.579041,145.610245,537.566223,179.949371,-0.09422,179.914871,5612,False,True,
789,/kuka/axis_move/feedback_json,std_msgs/msg/String,2026-08-22T20:16:41.927758-04:00,1787444201,927752144,1787444201927752144,113.331586,,,,18310,18309,1,0,0,18310,AxisTarget,1,True,True,True,False,-16.112518,-72.319138,108.095627,-0.131007,54.281326,-16.083872,503.668274,145.649719,536.466736,179.951965,-0.092327,179.915817,5612,False,True,
790,/kuka/axis_move/feedback_json,std_msgs/msg/String,2026-08-22T20:16:42.113716-04:00,1787444202,113711087,1787444202113711087,185.958943,,,,18311,18310,1,0,0,18311,AxisTarget,1,True,True,True,False,-16.1131,-72.293404,108.112503,-0.1306,54.245602,-16.083799,503.703094,145.665222,536.029907,179.953003,-0.091575,179.916183,5613,False,True,
791,/kuka/axis_move/feedback_json,std_msgs/msg/String,2026-08-22T20:16:42.224075-04:00,1787444202,224054879,1787444202224054879,110.343792,,,,18312,18311,1,0,0,18312,AxisTarget,1,True,True,True,True,-16.1131,-72.293396,108.112511,-0.1306,54.245522,-16.083799,503.703094,145.665222,536.029846,179.953003,-0.091575,179.916183,5613,False,True,
792,/kuka/axis_move/feedback_json,std_msgs/msg/String,2026-08-22T20:16:42.332832-04:00,1787444202,332803514,1787444202332803514,108.748635,,,,18313,18312,1,0,0,18313,AxisTarget,1,True,True,True,False,-16.113251,-72.28508,108.118904,-0.13042,54.227051,-16.083755,503.709534,145.668106,535.948364,179.953186,-0.091435,179.91626,5613,False,True,
793,/kuka/axis_move/feedback_json,std_msgs/msg/String,2026-08-22T20:16:42.443649-04:00,1787444202,443637243,1787444202443637243,110.833729,,,,18314,18313,1,0,0,18314,AxisTarget,1,True,True,True,False,-16.113939,-72.249336,108.144753,-0.129734,54.160198,-16.083607,503.741547,145.682449,535.540833,179.954147,-0.090733,179.916611,5613,False,True,
794,/kuka/axis_move/feedback_json,std_msgs/msg/String,2026-08-22T20:16:42.628060-04:00,1787444202,628031187,1787444202628031187,184.393944,,,,18315,18314,1,0,0,18315,AxisTarget,1,True,True,True,False,-16.116308,-72.128151,108.231133,-0.127473,53.942856,-16.083132,503.856873,145.734573,534.037109,179.957703,-0.088146,179.917877,5614,False,True,
795,/kuka/axis_move/feedback_json,std_msgs/msg/String,2026-08-22T20:16:42.812077-04:00,1787444202,812071107,1787444202812071107,184.03992,,,,18316,18315,1,0,0,18316,AxisTarget,1,True,True,True,False,-16.120108,-71.935562,108.367233,-0.123942,53.606236,-16.082399,504.040802,145.819412,531.507019,179.963715,-0.083793,179.919998,5615,False,True,
796,/kuka/axis_move/feedback_json,std_msgs/msg/String,2026-08-22T20:16:42.923943-04:00,1787444202,923935857,1787444202923935857,111.86475,,,,18317,18316,1,0,0,18317,AxisTarget,1,True,True,True,False,-16.122522,-71.813759,108.456039,-0.121649,53.38876,-16.081928,504.150452,145.871155,529.908691,179.967545,-0.081044,179.921326,5615,False,True,
797,/kuka/axis_move/feedback_json,std_msgs/msg/String,2026-08-22T20:16:43.033263-04:00,1787444203,33254570,1787444203033254570,109.318713,,,,18318,18317,1,0,0,18318,AxisTarget,1,True,True,True,False,-16.124981,-71.690201,108.539421,-0.119505,53.186249,-16.081491,504.257324,145.922592,528.274231,179.971466,-0.078234,179.922684,5615,False,True,
798,/kuka/axis_move/feedback_json,std_msgs/msg/String,2026-08-22T20:16:43.147982-04:00,1787444203,147970769,1787444203147970769,114.716199,,,,18319,18318,1,0,0,18319,AxisTarget,1,True,True,True,False,-16.126989,-71.589951,108.609177,-0.117723,53.018955,-16.081135,504.339325,145.962814,526.961731,179.974625,-0.075978,179.923767,5615,False,True,
799,/kuka/axis_move/feedback_json,std_msgs/msg/String,2026-08-22T20:16:43.329762-04:00,1787444203,329743535,1787444203329743535,181.772766,,,,18320,18319,1,0,0,18320,AxisTarget,1,True,True,True,False,-16.129051,-71.487701,108.679871,-0.115929,52.851639,-16.080778,504.425781,146.006058,525.51416,179.978134,-0.07349,179.924957,5616,False,True,
800,/kuka/axis_move/feedback_json,std_msgs/msg/String,2026-08-22T20:16:43.440173-04:00,1787444203,440161797,1787444203440161797,110.418262,,,,18321,18320,1,0,0,18321,AxisTarget,1,True,True,True,False,-16.129553,-71.463478,108.696182,-0.115526,52.815231,-16.080704,504.446136,146.016373,525.162903,179.978973,-0.072886,179.925247,5616,False,True,
801,/kuka/axis_move/feedback_json,std_msgs/msg/String,2026-08-22T20:16:43.551988-04:00,1787444203,551978848,1787444203551978848,111.817051,,,,18322,18321,1,0,0,18322,AxisTarget,1,True,True,True,False,-16.129601,-71.461403,108.697403,-0.1155,52.813202,-16.0807,504.448975,146.017822,525.113525,179.979095,-0.072801,179.925293,5616,False,True,
802,/kuka/axis_move/feedback_json,std_msgs/msg/String,2026-08-22T20:16:43.670368-04:00,1787444203,670339981,1787444203670339981,118.361133,,,,18323,18322,1,0,0,18323,AxisTarget,1,True,True,True,True,-16.129601,-71.461395,108.697411,-0.1155,52.813145,-16.0807,504.448975,146.017822,525.113525,179.979095,-0.072801,179.925293,5616,False,True,
803,/kuka/axis_move/feedback_json,std_msgs/msg/String,2026-08-22T20:16:43.866273-04:00,1787444203,866253623,1787444203866253623,195.913642,,,,18324,18323,1,0,0,18324,AxisTarget,1,True,True,True,False,-16.130039,-71.438232,108.71447,-0.115014,52.765408,-16.080593,504.463959,146.025452,524.851624,179.979736,-0.072352,179.925507,5617,False,True,
804,/kuka/axis_move/feedback_json,std_msgs/msg/String,2026-08-22T20:16:43.971885-04:00,1787444203,971879191,1787444203971879191,105.625568,,,,18325,18324,1,0,0,18325,AxisTarget,1,True,True,True,False,-16.130873,-71.395439,108.745079,-0.114225,52.689861,-16.080429,504.493896,146.040802,524.32135,179.981018,-0.071443,179.925934,5617,False,True,
805,/kuka/axis_move/feedback_json,std_msgs/msg/String,2026-08-22T20:16:44.086408-04:00,1787444204,86384867,1787444204086384867,114.505676,,,,18326,18325,1,0,0,18326,AxisTarget,1,True,True,True,False,-16.132042,-71.333199,108.789345,-0.11306,52.578934,-16.080187,504.535461,146.062317,523.568359,179.982864,-0.070152,179.926559,5617,False,True,
806,/kuka/axis_move/feedback_json,std_msgs/msg/String,2026-08-22T20:16:44.199922-04:00,1787444204,199911829,1787444204199911829,113.526962,,,,18327,18326,1,0,0,18327,AxisTarget,1,True,True,True,False,-16.133718,-71.250412,108.848045,-0.11152,52.432632,-16.079872,504.591278,146.09166,522.523804,179.985413,-0.068362,179.927414,5617,False,True,
807,/kuka/axis_move/feedback_json,std_msgs/msg/String,2026-08-22T20:16:44.383846-04:00,1787444204,383835564,1787444204383835564,183.923735,,,,18328,18327,1,0,0,18328,AxisTarget,1,True,True,True,False,-16.137274,-71.069977,108.975677,-0.108179,52.116222,-16.079189,504.70636,146.154007,520.226135,179.991043,-0.064424,179.929291,5618,False,True,
808,/kuka/axis_move/feedback_json,std_msgs/msg/String,2026-08-22T20:16:44.572463-04:00,1787444204,572433319,1787444204572433319,188.597755,,,,18329,18328,1,0,0,18329,AxisTarget,1,True,True,True,False,-16.141476,-70.858017,109.124687,-0.104302,51.751217,-16.078407,504.830902,146.225082,517.462036,179.997879,-0.059689,179.931534,5619,False,True,
809,/kuka/axis_move/feedback_json,std_msgs/msg/String,2026-08-22T20:16:44.686056-04:00,1787444204,686031866,1787444204686031866,113.598547,,,,18330,18329,1,0,0,18330,AxisTarget,1,True,True,True,False,-16.144072,-70.727173,109.216652,-0.10191,51.525978,-16.077923,504.900238,146.26683,515.755066,-179.997879,-0.056765,179.932907,5619,False,True,
810,/kuka/axis_move/feedback_json,std_msgs/msg/String,2026-08-22T20:16:44.799973-04:00,1787444204,799967484,1787444204799967484,113.935618,,,,18331,18330,1,0,0,18331,AxisTarget,1,True,True,True,False,-16.146601,-70.600006,109.305725,-0.099601,51.309502,-16.077461,504.962677,146.306259,514.077637,-179.993698,-0.053893,179.934235,5619,False,True,
811,/kuka/axis_move/feedback_json,std_msgs/msg/String,2026-08-22T20:16:44.912182-04:00,1787444204,912167262,1787444204912167262,112.199778,,,,18332,18331,1,0,0,18332,AxisTarget,1,True,True,True,False,-16.148668,-70.496506,109.377937,-0.097737,51.135303,-16.077091,505.010132,146.337677,512.689331,-179.990219,-0.051517,179.935349,5619,False,True,
812,/kuka/axis_move/feedback_json,std_msgs/msg/String,2026-08-22T20:16:45.099874-04:00,1787444205,99860865,1787444205099860865,187.693603,,,,18333,18332,1,0,0,18333,AxisTarget,1,True,True,True,False,-16.151178,-70.371178,109.465118,-0.095493,50.926224,-16.076647,505.062958,146.374664,510.990601,-179.985947,-0.048609,179.936676,5620,False,True,
813,/kuka/axis_move/feedback_json,std_msgs/msg/String,2026-08-22T20:16:45.214289-04:00,1787444205,214268387,1787444205214268387,114.407522,,,,18334,18333,1,0,0,18334,AxisTarget,1,True,True,True,False,-16.152077,-70.326614,109.495926,-0.094683,50.851299,-16.07649,505.081268,146.388092,510.354309,-179.984344,-0.04752,179.93718,5620,False,True,
814,/kuka/axis_move/feedback_json,std_msgs/msg/String,2026-08-22T20:16:45.401796-04:00,1787444205,401767185,1787444205401767185,187.498798,,,,18335,18334,1,0,0,18335,AxisTarget,1,True,True,True,False,-16.152699,-70.296585,109.516159,-0.0942,50.807922,-16.076401,505.093414,146.397217,509.915436,-179.983231,-0.04677,179.937531,5621,False,True,
815,/kuka/axis_move/feedback_json,std_msgs/msg/String,2026-08-22T20:16:45.511878-04:00,1787444205,511867413,1787444205511867413,110.100228,,,,18336,18335,1,0,0,18336,AxisTarget,1,True,True,True,False,-16.1527,-70.296501,109.516197,-0.0942,50.807899,-16.076401,505.093536,146.397308,509.911072,-179.983215,-0.046762,179.937531,5621,False,True,
816,/kuka/axis_move/feedback_json,std_msgs/msg/String,2026-08-22T20:16:45.624541-04:00,1787444205,624513386,1787444205624513386,112.645973,,,,18337,18336,1,0,0,18337,AxisTarget,1,True,True,True,True,-16.152706,-70.29615,109.51651,-0.09419,50.806705,-16.076397,505.093597,146.397339,509.909729,-179.983215,-0.04676,179.937531,5621,False,True,
817,/kuka/axis_move/feedback_json,std_msgs/msg/String,2026-08-22T20:16:45.740315-04:00,1787444205,740294951,1787444205740294951,115.781565,,,,18338,18337,1,0,0,18338,AxisTarget,1,True,True,True,False,-16.152899,-70.285896,109.524124,-0.093982,50.786102,-16.076351,505.096619,146.399658,509.797394,-179.982925,-0.046567,179.937622,5621,False,True,
818,/kuka/axis_move/feedback_json,std_msgs/msg/String,2026-08-22T20:16:45.927399-04:00,1787444205,927390294,1787444205927390294,187.095343,,,,18339,18338,1,0,0,18339,AxisTarget,1,True,True,True,False,-16.15394,-70.232468,109.562355,-0.092972,50.68914,-16.076139,505.113953,146.413101,509.140381,-179.981262,-0.045442,179.938126,5622,False,True,
819,/kuka/axis_move/feedback_json,std_msgs/msg/String,2026-08-22T20:16:46.116380-04:00,1787444206,116373062,1787444206116373062,188.982768,,,,18340,18339,1,0,0,18340,AxisTarget,1,True,True,True,False,-16.155884,-70.133629,109.6325,-0.091133,50.514008,-16.075758,505.14444,146.437927,507.893433,-179.978104,-0.043307,179.939087,5623,False,True,
820,/kuka/axis_move/feedback_json,std_msgs/msg/String,2026-08-22T20:16:46.231957-04:00,1787444206,231938121,1787444206231938121,115.565059,,,,18341,18340,1,0,0,18341,AxisTarget,1,True,True,True,False,-16.157471,-70.053162,109.689468,-0.089644,50.366943,-16.075439,505.167145,146.457642,506.870575,-179.975494,-0.041556,179.93988,5623,False,True,
821,/kuka/axis_move/feedback_json,std_msgs/msg/String,2026-08-22T20:16:46.343691-04:00,1787444206,343684030,1787444206343684030,111.745909,,,,18342,18341,1,0,0,18342,AxisTarget,1,True,True,True,False,-16.159452,-69.952827,109.763069,-0.087722,50.190121,-16.075058,505.192566,146.481461,505.591217,-179.972229,-0.039366,179.940857,5623,False,True,
822,/kuka/axis_move/feedback_json,std_msgs/msg/String,2026-08-22T20:16:46.457407-04:00,1787444206,457385421,1787444206457385421,113.701391,,,,18343,18342,1,0,0,18343,AxisTarget,1,True,True,True,False,-16.161776,-69.835213,109.843498,-0.085624,49.991173,-16.074627,505.217407,146.507278,504.143951,-179.968521,-0.036889,179.941971,5623,False,True,
823,/kuka/axis_move/feedback_json,std_msgs/msg/String,2026-08-22T20:16:46.648628-04:00,1787444206,648586161,1787444206648586161,191.20074,,,,18344,18343,1,0,0,18344,AxisTarget,1,True,True,True,False,-16.165878,-69.628494,109.992081,-0.081765,49.626873,-16.073843,505.252777,146.552719,501.416626,-179.961502,-0.032222,179.944031,5624,False,True,
824,/kuka/axis_move/feedback_json,std_msgs/msg/String,2026-08-22T20:16:46.757830-04:00,1787444206,757820838,1787444206757820838,109.234677,,,,18345,18344,1,0,0,18345,AxisTarget,1,True,True,True,False,-16.168386,-69.49765,110.080872,-0.07946,49.409401,-16.073376,505.266815,146.577942,499.781158,-179.95726,-0.029424,179.945251,5624,False,True,
825,/kuka/axis_move/feedback_json,std_msgs/msg/String,2026-08-22T20:16:46.873093-04:00,1787444206,873059407,1787444206873059407,115.238569,,,,18346,18345,1,0,0,18346,AxisTarget,1,True,True,True,False,-16.170986,-69.371323,110.16967,-0.077155,49.191929,-16.072908,505.275726,146.602432,498.088776,-179.95285,-0.02653,179.946518,5624,False,True,
826,/kuka/axis_move/feedback_json,std_msgs/msg/String,2026-08-22T20:16:46.987564-04:00,1787444206,987536720,1787444206987536720,114.477313,,,,18347,18346,1,0,0,18347,AxisTarget,1,True,True,True,False,-16.173584,-69.240479,110.261642,-0.074768,48.966686,-16.072422,505.278839,146.624512,496.456207,-179.948593,-0.023738,179.947723,5624,False,True,
827,/kuka/axis_move/feedback_json,std_msgs/msg/String,2026-08-22T20:16:47.175289-04:00,1787444207,175277813,1787444207175277813,187.741093,,,,18348,18347,1,0,0,18348,AxisTarget,1,True,True,True,False,-16.177486,-69.044876,110.398453,-0.071234,48.635033,-16.071712,505.272858,146.656204,493.88559,-179.941833,-0.019343,179.9496,5625,False,True,
828,/kuka/axis_move/feedback_json,std_msgs/msg/String,2026-08-22T20:16:47.289819-04:00,1787444207,289787618,1787444207289787618,114.509805,,,,18349,18348,1,0,0,18349,AxisTarget,1,True,True,True,False,-16.179276,-68.955582,110.460686,-0.069633,48.48526,-16.071394,505.265564,146.669601,492.694641,-179.93869,-0.017308,179.950455,5625,False,True,
829,/kuka/axis_move/feedback_json,std_msgs/msg/String,2026-08-22T20:16:47.472248-04:00,1787444207,472239359,1787444207472239359,182.451741,,,,18350,18349,1,0,0,18350,AxisTarget,1,True,True,True,False,-16.181292,-68.8554,110.531281,-0.067824,48.316792,-16.071035,505.253601,146.684082,491.317719,-179.935043,-0.014955,179.951447,5626,False,True,
830,/kuka/axis_move/feedback_json,std_msgs/msg/String,2026-08-22T20:16:47.584057-04:00,1787444207,584047655,1787444207584047655,111.808296,,,,18351,18350,1,0,0,18351,AxisTarget,1,True,True,True,False,-16.181971,-68.821968,110.553162,-0.06727,48.265831,-16.070929,505.24884,146.688583,490.867462,-179.933853,-0.014185,179.951767,5626,False,True,
831,/kuka/axis_move/feedback_json,std_msgs/msg/String,2026-08-22T20:16:47.700547-04:00,1787444207,700514604,1787444207700514604,116.466949,,,,18352,18351,1,0,0,18352,AxisTarget,1,True,True,True,False,-16.182194,-68.811386,110.560112,-0.067102,48.251049,-16.0709,505.246887,146.690292,490.692871,-179.933395,-0.013887,179.951889,5626,False,True,
832,/kuka/axis_move/feedback_json,std_msgs/msg/String,2026-08-22T20:16:47.811892-04:00,1787444207,811875342,1787444207811875342,111.360738,,,,18353,18352,1,0,0,18353,AxisTarget,1,True,True,True,False,-16.182199,-68.811203,110.560204,-0.0671,48.250999,-16.0709,505.246826,146.690353,490.687103,-179.93338,-0.013877,179.951904,5626,False,True,
833,/kuka/axis_move/feedback_json,std_msgs/msg/String,2026-08-22T20:16:47.999876-04:00,1787444207,999869159,1787444207999869159,187.993817,,,,18354,18353,1,0,0,18354,AxisTarget,1,True,True,True,True,-16.18232,-68.804649,110.565186,-0.066961,48.236809,-16.070864,505.246063,146.690979,490.621979,-179.933197,-0.013766,179.95195,5627,False,True,
834,/kuka/axis_move/feedback_json,std_msgs/msg/String,2026-08-22T20:16:48.188845-04:00,1787444208,188822764,1787444208188822764,188.953605,,,,18355,18354,1,0,0,18355,AxisTarget,1,True,True,True,False,-16.183279,-68.755074,110.600777,-0.066021,48.146053,-16.070667,505.239075,146.696487,490.043549,-179.931671,-0.012783,179.952362,5628,False,True,
835,/kuka/axis_move/feedback_json,std_msgs/msg/String,2026-08-22T20:16:48.299835-04:00,1787444208,299825162,1787444208299825162,111.002398,,,,18356,18355,1,0,0,18356,AxisTarget,1,True,True,True,False,-16.184359,-68.699905,110.640007,-0.064994,48.047745,-16.070452,505.230042,146.702667,489.366852,-179.929871,-0.011632,179.952835,5628,False,True,
836,/kuka/axis_move/feedback_json,std_msgs/msg/String,2026-08-22T20:16:48.413248-04:00,1787444208,413238774,1787444208413238774,113.413612,,,,18357,18356,1,0,0,18357,AxisTarget,1,True,True,True,False,-16.185753,-68.628845,110.690407,-0.063679,47.922188,-16.070177,505.216858,146.710342,488.484863,-179.927521,-0.010133,179.953461,5628,False,True,
837,/kuka/axis_move/feedback_json,std_msgs/msg/String,2026-08-22T20:16:48.528121-04:00,1787444208,528113693,1787444208528113693,114.874919,,,,18358,18357,1,0,0,18358,AxisTarget,1,True,True,True,False,-16.187492,-68.540291,110.75309,-0.062046,47.766529,-16.069838,505.197296,146.719681,487.33493,-179.924454,-0.008178,179.954269,5628,False,True,
838,/kuka/axis_move/feedback_json,std_msgs/msg/String,2026-08-22T20:16:48.714891-04:00,1787444208,714879952,1787444208714879952,186.766259,,,,18359,18358,1,0,0,18359,AxisTarget,1,True,True,True,False,-16.191191,-68.352486,110.885803,-0.058594,47.438183,-16.069124,505.14978,146.73616,485.019012,-179.918243,-0.004241,179.955887,5629,False,True,
839,/kuka/axis_move/feedback_json,std_msgs/msg/String,2026-08-22T20:16:48.827916-04:00,1787444208,827905428,1787444208827905428,113.025476,,,,18360,18359,1,0,0,18360,AxisTarget,1,True,True,True,False,-16.193689,-68.22625,110.974564,-0.056297,47.220745,-16.068653,505.108673,146.746155,483.345093,-179.913742,-0.001397,179.957047,5629,False,True,
840,/kuka/axis_move/feedback_json,std_msgs/msg/String,2026-08-22T20:16:48.945691-04:00,1787444208,945682570,1787444208945682570,117.777142,,,,18361,18360,1,0,0,18361,AxisTarget,1,True,True,True,False,-16.196278,-68.095406,111.066536,-0.053918,46.995506,-16.068167,505.063477,146.754272,481.726227,-179.909363,0.001354,179.95816,5629,False,True,
841,/kuka/axis_move/feedback_json,std_msgs/msg/String,2026-08-22T20:16:49.059852-04:00,1787444209,59841288,1787444209059841288,114.158718,,,,18362,18361,1,0,0,18362,AxisTarget,1,True,True,True,False,-16.198957,-67.960045,111.16169,-0.051456,46.762501,-16.067661,505.009216,146.761292,479.99353,-179.904648,0.004298,179.959335,5629,False,True,
842,/kuka/axis_move/feedback_json,std_msgs/msg/String,2026-08-22T20:16:49.245667-04:00,1787444209,245655676,1787444209245655676,185.814388,,,,18363,18362,1,0,0,18363,AxisTarget,1,True,True,True,False,-16.20293,-67.759644,111.302299,-0.047825,46.419579,-16.066921,504.91507,146.768616,477.361908,-179.897461,0.008768,179.961105,5630,False,True,
843,/kuka/axis_move/feedback_json,std_msgs/msg/String,2026-08-22T20:16:49.355962-04:00,1787444209,355955038,1787444209355955038,110.299362,,,,18364,18363,1,0,0,18364,AxisTarget,1,True,True,True,False,-16.205105,-67.650597,111.378395,-0.04587,46.235935,-16.066526,504.860138,146.770859,475.983673,-179.893677,0.011108,179.962006,5630,False,True,
844,/kuka/axis_move/feedback_json,std_msgs/msg/String,2026-08-22T20:16:49.472840-04:00,1787444209,472809684,1787444209472809684,116.854646,,,,18365,18364,1,0,0,18365,AxisTarget,1,True,True,True,False,-16.206774,-67.567017,111.436607,-0.044378,46.096001,-16.066227,504.811768,146.771866,474.844208,-179.890549,0.013043,179.962769,5630,False,True,
845,/kuka/axis_move/feedback_json,std_msgs/msg/String,2026-08-22T20:16:49.656519-04:00,1787444209,656481961,1787444209656481961,183.672277,,,,18366,18365,1,0,0,18366,AxisTarget,1,True,True,True,False,-16.208628,-67.474678,111.500618,-0.042745,45.943642,-16.065903,504.757599,146.77211,473.636383,-179.887207,0.015094,179.963547,5631,False,True,
846,/kuka/axis_move/feedback_json,std_msgs/msg/String,2026-08-22T20:16:49.769910-04:00,1787444209,769903809,1787444209769903809,113.421848,,,,18367,18366,1,0,0,18367,AxisTarget,1,True,True,True,False,-16.209166,-67.448227,111.518677,-0.042292,45.90205,-16.065815,504.740143,146.772018,473.26062,-179.886169,0.015732,179.963791,5631,False,True,
847,/kuka/axis_move/feedback_json,std_msgs/msg/String,2026-08-22T20:16:49.884716-04:00,1787444209,884710711,1787444209884710711,114.806902,,,,18368,18367,1,0,0,18368,AxisTarget,1,True,True,True,False,-16.209299,-67.442101,111.522598,-0.0422,45.894199,-16.0658,504.735016,146.771973,473.151245,-179.885864,0.015917,179.963867,5631,False,True,
848,/kuka/axis_move/feedback_json,std_msgs/msg/String,2026-08-22T20:16:49.997782-04:00,1787444209,997776914,1787444209997776914,113.066203,,,,18369,18368,1,0,0,18369,AxisTarget,1,True,True,True,False,-16.209299,-67.442101,111.522598,-0.0422,45.894199,-16.0658,504.734985,146.771973,473.151062,-179.885864,0.015918,179.963867,5631,False,True,
849,/kuka/axis_move/feedback_json,std_msgs/msg/String,2026-08-22T20:16:50.187589-04:00,1787444210,187579119,1787444210187579119,189.802205,,,,18370,18369,1,0,0,18370,AxisTarget,1,True,True,True,True,-16.209566,-67.427818,111.533287,-0.041905,45.864697,-16.065731,504.728455,146.771912,473.01236,-179.885483,0.016156,179.963959,5632,False,True,
850,/kuka/axis_move/feedback_json,std_msgs/msg/String,2026-08-22T20:16:50.303667-04:00,1787444210,303661359,1787444210303661359,116.08224,,,,18371,18370,1,0,0,18371,AxisTarget,1,True,True,True,False,-16.210318,-67.389114,111.561089,-0.041168,45.793655,-16.065573,504.705963,146.771637,472.541931,-179.884171,0.016963,179.964264,5632,False,True,
851,/kuka/axis_move/feedback_json,std_msgs/msg/String,2026-08-22T20:16:50.424658-04:00,1787444210,424632071,1787444210424632071,120.970712,,,,18372,18371,1,0,0,18372,AxisTarget,1,True,True,True,False,-16.211563,-67.325638,111.606308,-0.03993,45.675274,-16.065311,504.667877,146.770905,471.766541,-179.882019,0.018294,179.964767,5632,False,True,
852,/kuka/axis_move/feedback_json,std_msgs/msg/String,2026-08-22T20:16:50.529465-04:00,1787444210,529459929,1787444210529459929,104.827858,,,,18373,18372,1,0,0,18373,AxisTarget,1,True,True,True,False,-16.213232,-67.240829,111.666489,-0.038402,45.529697,-16.064989,504.614502,146.769363,470.719269,-179.879089,0.020092,179.965439,5632,False,True,
853,/kuka/axis_move/feedback_json,std_msgs/msg/String,2026-08-22T20:16:50.716987-04:00,1787444210,716981004,1787444210716981004,187.521075,,,,18374,18373,1,0,0,18374,AxisTarget,1,True,True,True,False,-16.216944,-67.053055,111.79921,-0.034939,45.193359,-16.064251,504.486908,146.76358,468.375824,-179.872513,0.024114,179.966919,5633,False,True,
854,/kuka/axis_move/feedback_json,std_msgs/msg/String,2026-08-22T20:16:50.907725-04:00,1787444210,907718209,1787444210907718209,190.737205,,,,18375,18374,1,0,0,18375,AxisTarget,1,True,True,True,False,-16.221251,-66.836502,111.951416,-0.03099,44.828316,-16.063452,504.326477,146.752975,465.68631,-179.864914,0.028729,179.968597,5634,False,True,
855,/kuka/axis_move/feedback_json,std_msgs/msg/String,2026-08-22T20:16:51.022950-04:00,1787444211,22935941,1787444211022935941,115.217732,,,,18376,18375,1,0,0,18376,AxisTarget,1,True,True,True,False,-16.22382,-66.707489,112.041878,-0.028648,44.607975,-16.062971,504.220917,146.744385,464.040253,-179.860245,0.031553,179.969604,5634,False,True,
856,/kuka/axis_move/feedback_json,std_msgs/msg/String,2026-08-22T20:16:51.135949-04:00,1787444211,135939467,1787444211135939467,113.003526,,,,18377,18376,1,0,0,18377,AxisTarget,1,True,True,True,False,-16.225952,-66.601059,112.116096,-0.026737,44.429012,-16.062584,504.127533,146.735886,462.65213,-179.856293,0.033935,179.970444,5634,False,True,
857,/kuka/axis_move/feedback_json,std_msgs/msg/String,2026-08-22T20:16:51.321306-04:00,1787444211,321297131,1787444211321297131,185.357664,,,,18378,18377,1,0,0,18378,AxisTarget,1,True,True,True,False,-16.2285,-66.474342,112.204193,-0.024476,44.21801,-16.062128,504.007874,146.723953,460.954193,-179.85144,0.036847,179.971481,5635,False,True,
858,/kuka/axis_move/feedback_json,std_msgs/msg/String,2026-08-22T20:16:51.435614-04:00,1787444211,435603637,1787444211435603637,114.306506,,,,18379,18378,1,0,0,18379,AxisTarget,1,True,True,True,False,-16.229403,-66.429787,112.234924,-0.023694,44.145569,-16.061972,503.96582,146.719513,460.376587,-179.849777,0.037838,179.971817,5635,False,True,
859,/kuka/axis_move/feedback_json,std_msgs/msg/String,2026-08-22T20:16:51.547803-04:00,1787444211,547782830,1787444211547782830,112.179193,,,,18380,18379,1,0,0,18380,AxisTarget,1,True,True,True,False,-16.229845,-66.408333,112.249428,-0.023333,44.112892,-16.061903,503.942322,146.71698,460.05835,-179.848862,0.038384,179.972015,5635,False,True,
860,/kuka/axis_move/feedback_json,std_msgs/msg/String,2026-08-22T20:16:51.655681-04:00,1787444211,655674936,1787444211655674936,107.892106,,,,18381,18380,1,0,0,18381,AxisTarget,1,True,True,True,False,-16.2299,-66.405899,112.2509,-0.0233,44.110298,-16.061899,503.938934,146.716599,460.012543,-179.848724,0.038463,179.972031,5635,False,True,
861,/kuka/axis_move/feedback_json,std_msgs/msg/String,2026-08-22T20:16:51.835860-04:00,1787444211,835822876,1787444211835822876,180.14794,,,,18382,18381,1,0,0,18382,AxisTarget,1,True,True,True,True,-16.229937,-66.403755,112.252686,-0.023246,44.104309,-16.061884,503.937836,146.716476,459.997589,-179.848694,0.038488,179.972046,5636,False,True,
862,/kuka/axis_move/feedback_json,std_msgs/msg/String,2026-08-22T20:16:52.024505-04:00,1787444212,24483585,1787444212024483585,188.660709,,,,18383,18382,1,0,0,18383,AxisTarget,1,True,True,True,False,-16.231159,-66.340271,112.298721,-0.021972,43.98035,-16.061611,503.883362,146.710449,459.272095,-179.846603,0.039719,179.972473,5637,False,True,
863,/kuka/axis_move/feedback_json,std_msgs/msg/String,2026-08-22T20:16:52.136004-04:00,1787444212,135992032,1787444212135992032,111.508447,,,,18384,18383,1,0,0,18384,AxisTarget,1,True,True,True,False,-16.23287,-66.253044,112.360931,-0.020384,43.828037,-16.061279,503.805847,146.701538,458.263733,-179.843704,0.041429,179.973068,5637,False,True,
864,/kuka/axis_move/feedback_json,std_msgs/msg/String,2026-08-22T20:16:52.246842-04:00,1787444212,246825365,1787444212246825365,110.833333,,,,18385,18384,1,0,0,18385,AxisTarget,1,True,True,True,False,-16.235092,-66.140495,112.440651,-0.018306,43.630104,-16.060852,503.692535,146.687912,456.837006,-179.8396,0.043849,179.973907,5637,False,True,
865,/kuka/axis_move/feedback_json,std_msgs/msg/String,2026-08-22T20:16:52.355788-04:00,1787444212,355778148,1787444212355778148,108.952783,,,,18386,18385,1,0,0,18386,AxisTarget,1,True,True,True,False,-16.237608,-66.014168,112.529465,-0.016007,43.412632,-16.060385,503.566101,146.671906,455.304504,-179.835159,0.046449,179.974808,5637,False,True,
866,/kuka/axis_move/feedback_json,std_msgs/msg/String,2026-08-22T20:16:52.543080-04:00,1787444212,543048274,1787444212543048274,187.270126,,,,18387,18386,1,0,0,18387,AxisTarget,1,True,True,True,False,-16.241392,-65.825203,112.661415,-0.012616,43.094139,-16.059706,503.355255,146.643631,452.871582,-179.828079,0.050575,179.976196,5638,False,True,
867,/kuka/axis_move/feedback_json,std_msgs/msg/String,2026-08-22T20:16:52.649633-04:00,1787444212,649627783,1787444212649627783,106.579509,,,,18388,18387,1,0,0,18388,AxisTarget,1,True,True,True,False,-16.242851,-65.753067,112.711304,-0.011346,42.976013,-16.059456,503.265717,146.631088,451.879517,-179.825195,0.052257,179.976761,5638,False,True,
868,/kuka/axis_move/feedback_json,std_msgs/msg/String,2026-08-22T20:16:52.831932-04:00,1787444212,831914047,1787444212831914047,182.286264,,,,18389,18388,1,0,0,18389,AxisTarget,1,True,True,True,False,-16.243889,-65.70295,112.745171,-0.010504,42.899666,-16.059299,503.201355,146.621887,451.180145,-179.823151,0.053443,179.977158,5639,False,True,
869,/kuka/axis_move/feedback_json,std_msgs/msg/String,2026-08-22T20:16:52.945113-04:00,1787444212,945107780,1787444212945107780,113.193733,,,,18390,18389,1,0,0,18390,AxisTarget,1,True,True,True,False,-16.2439,-65.702499,112.745399,-0.0105,42.899399,-16.059299,503.19989,146.621674,451.16452,-179.823105,0.05347,179.977158,5639,False,True,
870,/kuka/axis_move/feedback_json,std_msgs/msg/String,2026-08-22T20:16:53.058807-04:00,1787444213,58796409,1787444213058796409,113.688629,,,,18391,18390,1,0,0,18391,AxisTarget,1,True,True,True,True,-16.243912,-65.701691,112.746155,-0.010474,42.896317,-16.059292,503.199707,146.621643,451.162323,-179.82309,0.053473,179.977158,5639,False,True,
871,/kuka/axis_move/feedback_json,std_msgs/msg/String,2026-08-22T20:16:53.175138-04:00,1787444213,175105045,1787444213175105045,116.308636,,,,18392,18391,1,0,0,18392,AxisTarget,1,True,True,True,False,-16.244591,-65.665047,112.773483,-0.009671,42.816895,-16.059107,503.164337,146.61647,450.782806,-179.821976,0.054114,179.977386,5639,False,True,
872,/kuka/axis_move/feedback_json,std_msgs/msg/String,2026-08-22T20:16:53.357937-04:00,1787444213,357927414,1787444213357927414,182.822369,,,,18393,18392,1,0,0,18393,AxisTarget,1,True,True,True,False,-16.248203,-65.479546,112.905273,-0.006245,42.492569,-16.05839,502.954956,146.584976,448.598175,-179.815567,0.057802,179.978607,5640,False,True,
873,/kuka/axis_move/feedback_json,std_msgs/msg/String,2026-08-22T20:16:53.470499-04:00,1787444213,470492089,1787444213470492089,112.564675,,,,18394,18393,1,0,0,18394,AxisTarget,1,True,True,True,False,-16.250294,-65.375206,112.977287,-0.004401,42.323021,-16.058025,502.812866,146.562881,447.172211,-179.811356,0.060209,179.979401,5640,False,True,
874,/kuka/axis_move/feedback_json,std_msgs/msg/String,2026-08-22T20:16:53.655998-04:00,1787444213,655972335,1787444213655972335,185.480246,,,,18395,18394,1,0,0,18395,AxisTarget,1,True,True,True,False,-16.2512,-65.331902,113.005898,-0.0037,42.261501,-16.057899,502.747192,146.552475,446.527496,-179.809448,0.061297,179.979767,5641,False,True,
875,/kuka/axis_move/feedback_json,std_msgs/msg/String,2026-08-22T20:16:53.770983-04:00,1787444213,770975115,1787444213770975115,115.00278,,,,18396,18395,1,0,0,18396,AxisTarget,1,True,True,True,True,-16.2512,-65.331902,113.005905,-0.0037,42.261375,-16.057899,502.747192,146.552475,446.527527,-179.809448,0.061297,179.979767,5641,False,True,
876,/kuka/axis_move/feedback_json,std_msgs/msg/String,2026-08-22T20:16:53.955737-04:00,1787444213,955726416,1787444213955726416,184.751301,,,,18397,18396,1,0,0,18397,AxisTarget,1,True,True,True,False,-16.252399,-65.269302,113.049896,-0.0026,42.153702,-16.057699,502.666565,146.539322,445.745941,-179.807236,0.062658,179.980148,5642,False,True,
877,/kuka/axis_move/feedback_json,std_msgs/msg/String,2026-08-22T20:16:54.072191-04:00,1787444214,72183158,1787444214072183158,116.456742,,,,18398,18397,1,0,0,18398,AxisTarget,1,False,True,True,False,-16.252399,-65.269302,113.049896,-0.0026,42.153702,-16.057699,502.666565,146.539322,445.746002,-179.807236,0.062658,179.980148,5642,False,True,
878,/kuka/axis_move/feedback_json,std_msgs/msg/String,2026-08-22T20:16:54.188112-04:00,1787444214,188100241,1787444214188100241,115.917083,,,,18399,18398,1,0,0,18399,AxisTarget,1,False,True,True,False,-16.252399,-65.269302,113.049896,-0.0026,42.153702,-16.057699,502.666565,146.539322,445.746002,-179.807236,0.062658,179.980148,5642,False,True,
879,/kuka/axis_move/feedback_json,std_msgs/msg/String,2026-08-22T20:16:54.302322-04:00,1787444214,302312451,1787444214302312451,114.21221,,,,18400,18399,1,0,0,18400,AxisTarget,1,False,True,True,False,-16.252399,-65.269302,113.049896,-0.0026,42.153702,-16.057699,502.666565,146.539322,445.746002,-179.807236,0.062658,179.980148,5642,False,True,
880,/kuka/axis_move/feedback_json,std_msgs/msg/String,2026-08-22T20:16:54.495285-04:00,1787444214,495250210,1787444214495250210,192.937759,,,,18401,18400,1,0,0,18401,AxisTarget,1,False,True,True,False,-16.252399,-65.269302,113.049896,-0.0026,42.153702,-16.057699,502.666565,146.539322,445.746002,-179.807236,0.062658,179.980148,5643,False,True,
881,/kuka/axis_move/feedback_json,std_msgs/msg/String,2026-08-22T20:16:54.617390-04:00,1787444214,617368263,1787444214617368263,122.118053,,,,18402,18401,1,0,0,18402,AxisTarget,1,False,True,True,False,-16.252399,-65.269302,113.049896,-0.0026,42.153702,-16.057699,502.666565,146.539322,445.746002,-179.807236,0.062658,179.980148,5643,False,True,
882,/kuka/axis_move/feedback_json,std_msgs/msg/String,2026-08-22T20:16:54.730021-04:00,1787444214,730015103,1787444214730015103,112.64684,,,,18403,18402,1,0,0,18403,AxisTarget,1,False,True,True,False,-16.252399,-65.269302,113.049896,-0.0026,42.153702,-16.057699,502.666565,146.539322,445.746002,-179.807236,0.062658,179.980148,5643,False,True,
883,/kuka/axis_move/feedback_json,std_msgs/msg/String,2026-08-22T20:16:54.844582-04:00,1787444214,844567500,1787444214844567500,114.552397,,,,18404,18403,1,0,0,18404,AxisTarget,1,False,True,True,False,-16.252399,-65.269302,113.049896,-0.0026,42.153702,-16.057699,502.666565,146.539322,445.746002,-179.807236,0.062658,179.980148,5643,False,True,
884,/kuka/axis_move/feedback_json,std_msgs/msg/String,2026-08-22T20:16:55.029193-04:00,1787444215,29166757,1787444215029166757,184.599257,,,,18405,18404,1,0,0,18405,AxisTarget,1,False,True,True,False,-16.252399,-65.269302,113.049896,-0.0026,42.153702,-16.057699,502.666565,146.539322,445.746002,-179.807236,0.062658,179.980148,5644,False,True,
885,/kuka/axis_move/feedback_json,std_msgs/msg/String,2026-08-22T20:16:55.220106-04:00,1787444215,220082411,1787444215220082411,190.915654,,,,18406,18405,1,0,0,18406,AxisTarget,1,False,True,True,False,-16.252399,-65.269302,113.049896,-0.0026,42.153702,-16.057699,502.666565,146.539322,445.746002,-179.807236,0.062658,179.980148,5645,False,True,
886,/kuka/axis_move/feedback_json,std_msgs/msg/String,2026-08-22T20:16:55.331731-04:00,1787444215,331720883,1787444215331720883,111.638472,,,,18407,18406,1,0,0,18407,AxisTarget,1,False,True,True,False,-16.252399,-65.269302,113.049896,-0.0026,42.153702,-16.057699,502.666565,146.539322,445.746002,-179.807236,0.062658,179.980148,5645,False,True,
887,/kuka/axis_move/feedback_json,std_msgs/msg/String,2026-08-22T20:16:55.452287-04:00,1787444215,452262244,1787444215452262244,120.541361,,,,18408,18407,1,0,0,18408,AxisTarget,1,False,True,True,False,-16.252399,-65.269302,113.049896,-0.0026,42.153702,-16.057699,502.666565,146.539322,445.746002,-179.807236,0.062658,179.980148,5645,False,True,
888,/kuka/axis_move/feedback_json,std_msgs/msg/String,2026-08-22T20:16:55.565558-04:00,1787444215,565550014,1787444215565550014,113.28777,,,,18409,18408,1,0,0,18409,AxisTarget,1,False,True,True,False,-16.252399,-65.269302,113.049896,-0.0026,42.153702,-16.057699,502.666565,146.539322,445.746002,-179.807236,0.062658,179.980148,5645,False,True,
889,/kuka/axis_move/feedback_json,std_msgs/msg/String,2026-08-22T20:16:55.755307-04:00,1787444215,755296519,1787444215755296519,189.746505,,,,18410,18409,1,0,0,18410,AxisTarget,1,False,True,True,False,-16.252399,-65.269302,113.049896,-0.0026,42.153702,-16.057699,502.666565,146.539322,445.746002,-179.807236,0.062658,179.980148,5646,False,True,
890,/kuka/axis_move/feedback_json,std_msgs/msg/String,2026-08-22T20:16:55.865669-04:00,1787444215,865639987,1787444215865639987,110.343468,,,,18411,18410,1,0,0,18411,AxisTarget,1,False,True,True,False,-16.252399,-65.269302,113.049896,-0.0026,42.153702,-16.057699,502.666565,146.539322,445.746002,-179.807236,0.062658,179.980148,5646,False,True,
891,/kuka/axis_move/feedback_json,std_msgs/msg/String,2026-08-22T20:16:56.055175-04:00,1787444216,55141944,1787444216055141944,189.501957,,,,18412,18411,1,0,0,18412,AxisTarget,1,True,True,True,False,-16.252399,-65.269302,113.049896,-0.0026,42.153702,-16.057699,502.666565,146.539322,445.746002,-179.807236,0.062658,179.980148,5647,False,True,
892,/kuka/axis_move/feedback_json,std_msgs/msg/String,2026-08-22T20:16:56.165739-04:00,1787444216,165729559,1787444216165729559,110.587615,,,,18413,18412,1,0,0,18413,AxisTarget,1,True,True,True,True,-16.252399,-65.269302,113.049896,-0.0026,42.153702,-16.057699,502.666565,146.539322,445.746002,-179.807236,0.062658,179.980148,5647,False,True,
893,/kuka/axis_move/feedback_json,std_msgs/msg/String,2026-08-22T20:16:56.358208-04:00,1787444216,358201417,1787444216358201417,192.471858,,,,18414,18413,1,0,0,18414,AxisTarget,1,True,True,True,False,-16.252399,-65.269302,113.049896,-0.0026,42.153702,-16.057699,502.666565,146.539322,445.746002,-179.807236,0.062658,179.980148,5648,False,True,
894,/kuka/axis_move/feedback_json,std_msgs/msg/String,2026-08-22T20:16:56.481975-04:00,1787444216,481961155,1787444216481961155,123.759738,,,,18415,18414,1,0,0,18415,AxisTarget,1,True,True,True,True,-16.252399,-65.272064,113.047371,-0.002537,42.163616,-16.057777,502.667053,146.539459,445.750641,-179.807236,0.062675,179.980148,5648,False,True,
895,/kuka/axis_move/feedback_json,std_msgs/msg/String,2026-08-22T20:16:56.669333-04:00,1787444216,669305122,1787444216669305122,187.343967,,,,18416,18415,1,0,0,18416,AxisTarget,1,True,True,True,False,-16.252495,-65.434174,112.935349,-0.000386,42.431564,-16.059456,502.861603,146.595032,447.688782,-179.807236,0.069852,179.979523,5649,False,True,
896,/kuka/axis_move/feedback_json,std_msgs/msg/String,2026-08-22T20:16:56.781443-04:00,1787444216,781427070,1787444216781427070,112.121948,,,,18417,18416,1,0,0,18417,AxisTarget,1,True,True,True,False,-16.252501,-65.443703,112.929901,-0.0003,42.440201,-16.0595,502.883392,146.601242,447.910583,-179.807236,0.070672,179.979446,5649,False,True,
897,/kuka/axis_move/feedback_json,std_msgs/msg/String,2026-08-22T20:16:56.893468-04:00,1787444216,893456144,1787444216893456144,112.029074,,,,18418,18417,1,0,0,18418,AxisTarget,1,True,True,True,True,-16.252501,-65.44371,112.929886,-0.000299,42.440334,-16.059502,502.883392,146.601242,447.910614,-179.807236,0.070672,179.979446,5649,False,True,
898,/kuka/axis_move/feedback_json,std_msgs/msg/String,2026-08-22T20:16:57.009964-04:00,1787444217,9950839,1787444217009950839,116.494695,,,,18419,18418,1,0,0,18419,AxisTarget,1,True,True,True,False,-16.252504,-65.461037,112.916946,-6e-06,42.479115,-16.059763,502.89798,146.605362,448.059692,-179.807236,0.071229,179.979401,5649,False,True,
899,/kuka/axis_move/feedback_json,std_msgs/msg/String,2026-08-22T20:16:57.201826-04:00,1787444217,201815481,1787444217201815481,191.864642,,,,18420,18419,1,0,0,18420,AxisTarget,1,True,True,True,False,-16.252531,-65.604919,112.815834,0.001978,42.727432,-16.061352,503.060272,146.651123,449.750275,-179.807281,0.07754,179.978867,5650,False,True,
900,/kuka/axis_move/feedback_json,std_msgs/msg/String,2026-08-22T20:16:57.383911-04:00,1787444217,383901114,1787444217383901114,182.085633,,,,18421,18420,1,0,0,18421,AxisTarget,1,True,True,True,False,-16.252571,-65.819679,112.66526,0.0049,43.085396,-16.063595,503.304779,146.719925,452.425262,-179.807358,0.087514,179.978043,5651,False,True,
901,/kuka/axis_move/feedback_json,std_msgs/msg/String,2026-08-22T20:16:57.499425-04:00,1787444217,499417327,1787444217499417327,115.516213,,,,18422,18421,1,0,0,18422,AxisTarget,1,True,True,True,False,-16.25259,-65.918419,112.601486,0.006116,43.231686,-16.064495,503.418213,146.751785,453.725616,-179.807419,0.092358,179.977646,5651,False,True,
902,/kuka/axis_move/feedback_json,std_msgs/msg/String,2026-08-22T20:16:57.689053-04:00,1787444217,689047576,1787444217689047576,189.630249,,,,18423,18422,1,0,0,18423,AxisTarget,1,True,True,True,False,-16.2526,-65.966904,112.569801,0.0067,43.299599,-16.064899,503.477936,146.768539,454.426758,-179.807449,0.094968,179.977448,5652,False,True,
903,/kuka/axis_move/feedback_json,std_msgs/msg/String,2026-08-22T20:16:57.799686-04:00,1787444217,799675758,1787444217799675758,110.628182,,,,18424,18423,1,0,0,18424,AxisTarget,1,True,True,True,False,-16.2526,-65.966904,112.569801,0.0067,43.299599,-16.064899,503.477966,146.768539,454.427155,-179.807449,0.09497,179.977448,5652,False,True,
904,/kuka/axis_move/feedback_json,std_msgs/msg/String,2026-08-22T20:16:57.913076-04:00,1787444217,913070268,1787444217913070268,113.39451,,,,18425,18424,1,0,0,18425,AxisTarget,1,True,True,True,True,-16.2526,-65.970459,112.567001,0.006761,43.308147,-16.06496,503.47995,146.769104,454.450836,-179.807449,0.095057,179.977432,5652,False,True,
905,/kuka/axis_move/feedback_json,std_msgs/msg/String,2026-08-22T20:16:58.027015-04:00,1787444218,27003639,1787444218027003639,113.933371,,,,18426,18425,1,0,0,18426,AxisTarget,1,True,True,True,False,-16.252607,-65.997757,112.54641,0.00717,43.360847,-16.065302,503.505676,146.776337,454.757263,-179.807465,0.096188,179.977341,5652,False,True,
906,/kuka/axis_move/feedback_json,std_msgs/msg/String,2026-08-22T20:16:58.209084-04:00,1787444218,209079223,1787444218209079223,182.075584,,,,18427,18426,1,0,0,18427,AxisTarget,1,True,True,True,False,-16.252632,-66.112144,112.467545,0.008705,43.554943,-16.06654,503.617615,146.807739,456.118835,-179.807541,0.101209,179.976944,5653,False,True,
907,/kuka/axis_move/feedback_json,std_msgs/msg/String,2026-08-22T20:16:58.398582-04:00,1787444218,398574249,1787444218398574249,189.495026,,,,18428,18427,1,0,0,18428,AxisTarget,1,True,True,True,False,-16.252678,-66.308807,112.331268,0.011334,43.884598,-16.068624,503.80603,146.860474,458.525208,-179.807693,0.110076,179.976257,5654,False,True,
908,/kuka/axis_move/feedback_json,std_msgs/msg/String,2026-08-22T20:16:58.517967-04:00,1787444218,517951262,1787444218517951262,119.377013,,,,18429,18428,1,0,0,18429,AxisTarget,1,True,True,True,False,-16.252708,-66.441185,112.240173,0.013143,44.109837,-16.07004,503.928894,146.894775,460.184052,-179.8078,0.116182,179.975784,5654,False,True,
909,/kuka/axis_move/feedback_json,std_msgs/msg/String,2026-08-22T20:16:58.627979-04:00,1787444218,627967518,1787444218627967518,110.016256,,,,18430,18429,1,0,0,18430,AxisTarget,1,True,True,True,False,-16.252739,-66.577095,112.14682,0.014865,44.323868,-16.071381,504.045807,146.927338,461.839294,-179.807922,0.122271,179.975342,5654,False,True,
910,/kuka/axis_move/feedback_json,std_msgs/msg/String,2026-08-22T20:16:58.745239-04:00,1787444218,745231054,1787444218745231054,117.263536,,,,18431,18430,1,0,0,18431,AxisTarget,1,True,True,True,False,-16.252766,-66.690926,112.06926,0.016337,44.505379,-16.07251,504.145844,146.955124,463.324158,-179.808044,0.127729,179.974945,5654,False,True,
911,/kuka/axis_move/feedback_json,std_msgs/msg/String,2026-08-22T20:16:58.927612-04:00,1787444218,927606620,1787444218927606620,182.375566,,,,18432,18431,1,0,0,18432,AxisTarget,1,True,True,True,False,-16.252792,-66.805153,111.991867,0.017797,44.684319,-16.073616,504.243866,146.982269,464.849365,-179.808167,0.133331,179.974533,5655,False,True,
912,/kuka/axis_move/feedback_json,std_msgs/msg/String,2026-08-22T20:16:59.038291-04:00,1787444219,38266952,1787444219038266952,110.660332,,,,18433,18432,1,0,0,18433,AxisTarget,1,True,True,True,False,-16.252798,-66.834846,111.972176,0.018161,44.727795,-16.073877,504.271027,146.989777,465.285431,-179.808212,0.134932,179.974426,5655,False,True,
913,/kuka/axis_move/feedback_json,std_msgs/msg/String,2026-08-22T20:16:59.148147-04:00,1787444219,148131265,1787444219148131265,109.864313,,,,18434,18433,1,0,0,18434,AxisTarget,1,True,True,True,False,-16.2528,-66.838799,111.969803,0.0182,44.731998,-16.0739,504.275452,146.990997,465.357056,-179.808212,0.135195,179.974411,5655,False,True,
914,/kuka/axis_move/feedback_json,std_msgs/msg/String,2026-08-22T20:16:59.261787-04:00,1787444219,261779542,1787444219261779542,113.648277,,,,18435,18434,1,0,0,18435,AxisTarget,1,True,True,True,False,-16.2528,-66.838799,111.969803,0.0182,44.732002,-16.0739,504.275452,146.990997,465.357056,-179.808212,0.135195,179.974411,5655,False,True,
915,/kuka/axis_move/feedback_json,std_msgs/msg/String,2026-08-22T20:16:59.448919-04:00,1787444219,448912065,1787444219448912065,187.132523,,,,18436,18435,1,0,0,18436,AxisTarget,1,True,True,True,True,-16.252804,-66.859192,111.955009,0.0185,44.771091,-16.07416,504.288025,146.994461,465.561737,-179.808243,0.135948,179.97435,5656,False,True,
916,/kuka/axis_move/feedback_json,std_msgs/msg/String,2026-08-22T20:16:59.559586-04:00,1787444219,559579772,1787444219559579772,110.667707,,,,18437,18436,1,0,0,18437,AxisTarget,1,True,True,True,False,-16.25281,-66.901367,111.925407,0.019082,44.844482,-16.074633,504.317749,147.00264,466.050934,-179.808289,0.137748,179.974228,5656,False,True,
917,/kuka/axis_move/feedback_json,std_msgs/msg/String,2026-08-22T20:16:59.674483-04:00,1787444219,674467319,1787444219674467319,114.887547,,,,18438,18437,1,0,0,18438,AxisTarget,1,True,True,True,False,-16.252821,-66.966805,111.879807,0.019973,44.956066,-16.075348,504.364258,147.015411,466.833191,-179.808365,0.140624,179.97403,5656,False,True,
918,/kuka/axis_move/feedback_json,std_msgs/msg/String,2026-08-22T20:16:59.789844-04:00,1787444219,789827201,1787444219789827201,115.359882,,,,18439,18438,1,0,0,18439,AxisTarget,1,True,True,True,False,-16.252836,-67.059082,111.815704,0.02122,45.111908,-16.076345,504.42865,147.033051,467.95282,-179.808472,0.14474,179.973755,5656,False,True,
919,/kuka/axis_move/feedback_json,std_msgs/msg/String,2026-08-22T20:16:59.970540-04:00,1787444219,970530387,1787444219970530387,180.703186,,,,18440,18439,1,0,0,18440,AxisTarget,1,True,True,True,False,-16.252867,-67.250534,111.683189,0.02379,45.431709,-16.078381,504.558807,147.068558,470.369049,-179.808746,0.153616,179.97316,5657,False,True,
920,/kuka/axis_move/feedback_json,std_msgs/msg/String,2026-08-22T20:17:00.159119-04:00,1787444220,159113517,1787444220159113517,188.58313,,,,18441,18440,1,0,0,18441,AxisTarget,1,True,True,True,False,-16.252903,-67.47274,111.530266,0.026739,45.796753,-16.080692,504.692322,147.10466,473.117645,-179.809067,0.163701,179.972519,5658,False,True,
921,/kuka/axis_move/feedback_json,std_msgs/msg/String,2026-08-22T20:17:00.267838-04:00,1787444220,267826043,1787444220267826043,108.712526,,,,18442,18441,1,0,0,18442,AxisTarget,1,True,True,True,False,-16.252926,-67.605118,111.439156,0.028495,46.014225,-16.082069,504.768646,147.125122,474.853088,-179.80928,0.170063,179.972122,5658,False,True,
922,/kuka/axis_move/feedback_json,std_msgs/msg/String,2026-08-22T20:17:00.382734-04:00,1787444220,382728028,1787444220382728028,114.901985,,,,18443,18442,1,0,0,18443,AxisTarget,1,True,True,True,False,-16.252945,-67.728531,111.354553,0.030176,46.221313,-16.083374,504.832794,147.142181,476.433014,-179.809494,0.175851,179.971771,5658,False,True,
923,/kuka/axis_move/feedback_json,std_msgs/msg/String,2026-08-22T20:17:00.497942-04:00,1787444220,497930786,1787444220497930786,115.202758,,,,18444,18443,1,0,0,18444,AxisTarget,1,True,True,True,False,-16.252964,-67.840576,111.277992,0.031586,46.400158,-16.084499,504.88562,147.156113,477.839294,-179.809692,0.181,179.971466,5658,False,True,
924,/kuka/axis_move/feedback_json,std_msgs/msg/String,2026-08-22T20:17:00.679669-04:00,1787444220,679655305,1787444220679655305,181.724519,,,,18445,18444,1,0,0,18445,AxisTarget,1,True,True,True,False,-16.252985,-67.973122,111.18766,0.033311,46.606007,-16.085789,504.946594,147.172012,479.616425,-179.809937,0.187503,179.971085,5659,False,True,
925,/kuka/axis_move/feedback_json,std_msgs/msg/String,2026-08-22T20:17:00.794292-04:00,1787444220,794261786,1787444220794261786,114.606481,,,,18446,18445,1,0,0,18446,AxisTarget,1,True,True,True,False,-16.252995,-68.021828,111.154655,0.033937,46.682362,-16.086266,504.967224,147.177338,480.263489,-179.810028,0.18987,179.970947,5659,False,True,
926,/kuka/axis_move/feedback_json,std_msgs/msg/String,2026-08-22T20:17:00.984300-04:00,1787444220,984276116,1787444220984276116,190.01433,,,,18447,18446,1,0,0,18447,AxisTarget,1,True,True,True,False,-16.253,-68.05899,111.129967,0.034396,46.737045,-16.086597,504.983154,147.181442,480.783203,-179.810104,0.19177,179.97084,5660,False,True,
927,/kuka/axis_move/feedback_json,std_msgs/msg/String,2026-08-22T20:17:01.093470-04:00,1787444221,93455447,1787444221093455447,109.179331,,,,18448,18447,1,0,0,18448,AxisTarget,1,True,True,True,False,-16.253,-68.059502,111.1297,0.0344,46.7374,-16.086599,504.983612,147.181564,480.798584,-179.81012,0.191826,179.97084,5660,False,True,
928,/kuka/axis_move/feedback_json,std_msgs/msg/String,2026-08-22T20:17:01.205495-04:00,1787444221,205468233,1787444221205468233,112.012786,,,,18449,18448,1,0,0,18449,AxisTarget,1,True,True,True,True,-16.253,-68.059601,111.129601,0.034403,46.737877,-16.086603,504.983612,147.181564,480.798828,-179.81012,0.191827,179.97084,5660,False,True,
929,/kuka/axis_move/feedback_json,std_msgs/msg/String,2026-08-22T20:17:01.319688-04:00,1787444221,319682170,1787444221319682170,114.213937,,,,18450,18449,1,0,0,18450,AxisTarget,1,True,True,True,False,-16.253002,-68.070511,111.121567,0.034568,46.759636,-16.08675,504.986694,147.182358,480.90094,-179.810135,0.192201,179.97081,5660,False,True,
930,/kuka/axis_move/feedback_json,std_msgs/msg/String,2026-08-22T20:17:01.503129-04:00,1787444221,503122753,1787444221503122753,183.440583,,,,18451,18450,1,0,0,18451,AxisTarget,1,True,True,True,False,-16.253019,-68.138741,111.073677,0.03551,46.878468,-16.087513,505.009857,147.188309,481.698792,-179.810242,0.195119,179.970642,5661,False,True,
931,/kuka/axis_move/feedback_json,std_msgs/msg/String,2026-08-22T20:17:01.689023-04:00,1787444221,689002151,1787444221689002151,185.879398,,,,18452,18451,1,0,0,18452,AxisTarget,1,True,True,True,False,-16.253054,-68.269989,110.982414,0.037288,47.100834,-16.088932,505.052429,147.199142,483.299225,-179.810471,0.20097,179.970322,5662,False,True,
932,/kuka/axis_move/feedback_json,std_msgs/msg/String,2026-08-22T20:17:01.803298-04:00,1787444221,803286320,1787444221803286320,114.284169,,,,18453,18452,1,0,0,18453,AxisTarget,1,True,True,True,False,-16.253082,-68.380745,110.905624,0.038838,47.294231,-16.09016,505.085938,147.207474,484.721619,-179.810684,0.206167,179.970047,5662,False,True,
933,/kuka/axis_move/feedback_json,std_msgs/msg/String,2026-08-22T20:17:01.916489-04:00,1787444221,916467764,1787444221916467764,113.181444,,,,18454,18453,1,0,0,18454,AxisTarget,1,True,True,True,False,-16.253117,-68.515419,110.812721,0.040575,47.51741,-16.091572,505.120636,147.215881,486.423126,-179.810959,0.21238,179.969711,5662,False,True,
934,/kuka/axis_move/feedback_json,std_msgs/msg/String,2026-08-22T20:17:02.028020-04:00,1787444222,28009798,1787444222028009798,111.542034,,,,18455,18454,1,0,0,18455,AxisTarget,1,True,True,True,False,-16.253153,-68.652534,110.718369,0.042394,47.734886,-16.092945,505.149292,147.222519,488.112396,-179.811234,0.218545,179.969391,5662,False,True,
935,/kuka/axis_move/feedback_json,std_msgs/msg/String,2026-08-22T20:17:02.211677-04:00,1787444222,211665364,1787444222211665364,183.655566,,,,18456,18455,1,0,0,18456,AxisTarget,1,True,True,True,False,-16.253206,-68.870026,110.56871,0.04528,48.092159,-16.095201,505.183868,147.229767,490.891144,-179.811707,0.228678,179.968887,5663,False,True,
936,/kuka/axis_move/feedback_json,std_msgs/msg/String,2026-08-22T20:17:02.328328-04:00,1787444222,328321274,1787444222328321274,116.65591,,,,18457,18456,1,0,0,18457,AxisTarget,1,True,True,True,False,-16.253242,-69.002419,110.477615,0.047037,48.309635,-16.096573,505.197327,147.231949,492.584686,-179.812012,0.23485,179.968597,5663,False,True,
937,/kuka/axis_move/feedback_json,std_msgs/msg/String,2026-08-22T20:17:02.440999-04:00,1787444222,440994497,1787444222440994497,112.673223,,,,18458,18457,1,0,0,18458,AxisTarget,1,True,True,True,False,-16.253277,-69.138321,110.384239,0.048834,48.531715,-16.097973,505.20517,147.232422,494.333252,-179.812332,0.241218,179.968307,5663,False,True,
938,/kuka/axis_move/feedback_json,std_msgs/msg/String,2026-08-22T20:17:02.559572-04:00,1787444222,559550384,1787444222559550384,118.555887,,,,18459,18458,1,0,0,18459,AxisTarget,1,True,True,True,False,-16.253309,-69.260391,110.300674,0.050437,48.729149,-16.099213,505.20697,147.231277,495.929688,-179.812637,0.247029,179.968033,5663,False,True,
939,/kuka/axis_move/feedback_json,std_msgs/msg/String,2026-08-22T20:17:02.748078-04:00,1787444222,748053216,1787444222748053216,188.502832,,,,18460,18459,1,0,0,18460,AxisTarget,1,True,True,True,False,-16.253351,-69.419647,110.191788,0.052524,48.98576,-16.100822,505.201385,147.227402,498.062744,-179.813065,0.254789,179.967697,5664,False,True,
940,/kuka/axis_move/feedback_json,std_msgs/msg/String,2026-08-22T20:17:02.927947-04:00,1787444222,927936569,1787444222927936569,179.883353,,,,18461,18460,1,0,0,18461,AxisTarget,1,True,True,True,False,-16.25338,-69.529312,110.117004,0.053952,49.161015,-16.101919,505.192413,147.223267,499.509186,-179.813354,0.260049,179.967468,5665,False,True,
941,/kuka/axis_move/feedback_json,std_msgs/msg/String,2026-08-22T20:17:03.113733-04:00,1787444223,113721442,1787444223113721442,185.784873,,,,18462,18461,1,0,0,18462,AxisTarget,1,True,True,True,False,-16.253395,-69.593277,110.073677,0.054775,49.261192,-16.102541,505.185089,147.220215,500.369324,-179.813538,0.263175,179.967346,5666,False,True,
942,/kuka/axis_move/feedback_json,std_msgs/msg/String,2026-08-22T20:17:03.223882-04:00,1787444223,223870419,1787444223223870419,110.148977,,,,18463,18462,1,0,0,18463,AxisTarget,1,True,True,True,False,-16.253401,-69.60984,110.062698,0.054978,49.285412,-16.102688,505.1828,147.219299,500.605438,-179.813583,0.264033,179.9673,5666,False,True,
943,/kuka/axis_move/feedback_json,std_msgs/msg/String,2026-08-22T20:17:03.335812-04:00,1787444223,335802164,1787444223335802164,111.931745,,,,18464,18463,1,0,0,18464,AxisTarget,1,True,True,True,False,-16.253401,-69.612,110.061401,0.055,49.287701,-16.102699,505.182404,147.219147,500.645599,-179.813599,0.264179,179.9673,5666,False,True,
944,/kuka/axis_move/feedback_json,std_msgs/msg/String,2026-08-22T20:17:03.450924-04:00,1787444223,450912981,1787444223450912981,115.110817,,,,18465,18464,1,0,0,18465,AxisTarget,1,True,True,True,False,-16.253401,-69.612,110.061401,0.055,49.287704,-16.102699,505.182404,147.219147,500.645599,-179.813599,0.264179,179.9673,5666,False,True,
945,/kuka/axis_move/feedback_json,std_msgs/msg/String,2026-08-22T20:17:03.640827-04:00,1787444223,640795407,1787444223640795407,189.882426,,,,18466,18465,1,0,0,18466,AxisTarget,1,True,True,True,True,-16.253405,-69.632576,110.046471,0.055302,49.327152,-16.102959,505.180267,147.218292,500.856567,-179.813644,0.264946,179.96727,5667,False,True,
946,/kuka/axis_move/feedback_json,std_msgs/msg/String,2026-08-22T20:17:03.747679-04:00,1787444223,747669161,1787444223747669161,106.873754,,,,18467,18466,1,0,0,18467,AxisTarget,1,True,True,True,False,-16.253414,-69.67514,110.016602,0.055886,49.401211,-16.103434,505.174835,147.216156,501.360718,-179.813751,0.266778,179.967194,5667,False,True,
947,/kuka/axis_move/feedback_json,std_msgs/msg/String,2026-08-22T20:17:03.863432-04:00,1787444223,863412202,1787444223863412202,115.743041,,,,18468,18467,1,0,0,18468,AxisTarget,1,True,True,True,False,-16.253428,-69.741173,109.970581,0.056781,49.513821,-16.104149,505.165039,147.212418,502.166809,-179.813919,0.269706,179.967072,5667,False,True,
948,/kuka/axis_move/feedback_json,std_msgs/msg/String,2026-08-22T20:17:03.979824-04:00,1787444223,979816712,1787444223979816712,116.40451,,,,18469,18468,1,0,0,18469,AxisTarget,1,True,True,True,False,-16.253447,-69.834305,109.905891,0.058083,49.677246,-16.105185,505.148804,147.206421,503.320404,-179.814178,0.273896,179.966904,5667,False,True,
949,/kuka/axis_move/feedback_json,std_msgs/msg/String,2026-08-22T20:17:04.163633-04:00,1787444224,163623923,1787444224163623923,183.807211,,,,18470,18469,1,0,0,18470,AxisTarget,1,True,True,True,False,-16.253489,-70.031891,109.769173,0.060672,50.00079,-16.107225,505.103516,147.190399,505.867004,-179.814758,0.283141,179.966537,5668,False,True,
950,/kuka/axis_move/feedback_json,std_msgs/msg/String,2026-08-22T20:17:04.285136-04:00,1787444224,285128001,1787444224285128001,121.504078,,,,18471,18470,1,0,0,18471,AxisTarget,1,True,True,True,False,-16.253517,-70.168999,109.674812,0.062546,50.233799,-16.108688,505.065918,147.177536,507.573608,-179.815155,0.289333,179.966293,5668,False,True,
951,/kuka/axis_move/feedback_json,std_msgs/msg/String,2026-08-22T20:17:04.397629-04:00,1787444224,397601080,1787444224397601080,112.473079,,,,18472,18471,1,0,0,18472,AxisTarget,1,True,True,True,False,-16.253548,-70.310837,109.577202,0.064358,50.459038,-16.110104,505.019165,147.16185,509.403625,-179.815598,0.295969,179.966049,5668,False,True,
952,/kuka/axis_move/feedback_json,std_msgs/msg/String,2026-08-22T20:17:04.511907-04:00,1787444224,511899366,1787444224511899366,114.298286,,,,18473,18472,1,0,0,18473,AxisTarget,1,True,True,True,False,-16.253576,-70.443214,109.486092,0.066169,50.684277,-16.111517,504.96756,147.144821,511.174103,-179.81604,0.302387,179.96582,5668,False,True,
953,/kuka/axis_move/feedback_json,std_msgs/msg/String,2026-08-22T20:17:04.699763-04:00,1787444224,699755679,1787444224699755679,187.856313,,,,18474,18473,1,0,0,18474,AxisTarget,1,True,True,True,False,-16.253622,-70.658783,109.338127,0.06894,51.027756,-16.113668,504.875,147.114716,513.925476,-179.816742,0.312354,179.965485,5669,False,True,
954,/kuka/axis_move/feedback_json,std_msgs/msg/String,2026-08-22T20:17:04.888443-04:00,1787444224,888437457,1787444224888437457,188.681778,,,,18475,18474,1,0,0,18475,AxisTarget,1,True,True,True,False,-16.253658,-70.832016,109.219681,0.071198,51.30674,-16.115408,504.786072,147.086166,516.226135,-179.817352,0.320684,179.965225,5670,False,True,
955,/kuka/axis_move/feedback_json,std_msgs/msg/String,2026-08-22T20:17:05.007081-04:00,1787444225,7070680,1787444225007070680,118.633223,,,,18476,18475,1,0,0,18476,AxisTarget,1,True,True,True,False,-16.253675,-70.910233,109.166328,0.072214,51.431843,-16.116186,504.742035,147.072128,517.274597,-179.817642,0.324478,179.965103,5670,False,True,
956,/kuka/axis_move/feedback_json,std_msgs/msg/String,2026-08-22T20:17:05.191759-04:00,1787444225,191753873,1787444225191753873,184.683193,,,,18477,18476,1,0,0,18477,AxisTarget,1,True,True,True,False,-16.253693,-70.993431,109.109818,0.073284,51.563152,-16.117001,504.691925,147.056213,518.408997,-179.817963,0.328583,179.964981,5671,False,True,
957,/kuka/axis_move/feedback_json,std_msgs/msg/String,2026-08-22T20:17:05.304410-04:00,1787444225,304387913,1787444225304387913,112.63404,,,,18478,18477,1,0,0,18478,AxisTarget,1,True,True,True,False,-16.253698,-71.020119,109.091919,0.073619,51.603615,-16.117247,504.67453,147.050705,518.790527,-179.818069,0.329963,179.964935,5671,False,True,
958,/kuka/axis_move/feedback_json,std_msgs/msg/String,2026-08-22T20:17:05.417571-04:00,1787444225,417562737,1787444225417562737,113.174824,,,,18479,18478,1,0,0,18479,AxisTarget,1,True,True,True,False,-16.2537,-71.027374,109.087311,0.0737,51.6129,-16.1173,504.668732,147.048859,518.915955,-179.8181,0.330416,179.96492,5671,False,True,
959,/kuka/axis_move/feedback_json,std_msgs/msg/String,2026-08-22T20:17:05.533479-04:00,1787444225,533471208,1787444225533471208,115.908471,,,,18480,18479,1,0,0,18480,AxisTarget,1,True,True,True,False,-16.2537,-71.027397,109.087303,0.0737,51.6129,-16.1173,504.668671,147.048843,518.917175,-179.8181,0.330421,179.96492,5671,False,True,
960,/kuka/axis_move/feedback_json,std_msgs/msg/String,2026-08-22T20:17:05.722686-04:00,1787444225,722664515,1787444225722664515,189.193307,,,,18481,18480,1,0,0,18481,AxisTarget,1,True,True,True,True,-16.253702,-71.038185,109.079308,0.073866,51.634853,-16.117449,504.663971,147.047363,519.01825,-179.81813,0.330786,179.96492,5672,False,True,
961,/kuka/axis_move/feedback_json,std_msgs/msg/String,2026-08-22T20:17:05.910426-04:00,1787444225,910392869,1787444225910392869,187.728354,,,,18482,18481,1,0,0,18482,AxisTarget,1,True,True,True,False,-16.253716,-71.111008,109.028175,0.074875,51.761776,-16.118269,504.622864,147.034348,519.885742,-179.818375,0.333916,179.964828,5673,False,True,
962,/kuka/axis_move/feedback_json,std_msgs/msg/String,2026-08-22T20:17:06.019279-04:00,1787444226,19273883,1787444226019273883,108.881014,,,,18483,18482,1,0,0,18483,AxisTarget,1,True,True,True,False,-16.253731,-71.190582,108.972794,0.075959,51.896992,-16.119135,504.574402,147.019058,520.870483,-179.818665,0.337469,179.964737,5673,False,True,
963,/kuka/axis_move/feedback_json,std_msgs/msg/String,2026-08-22T20:17:06.136372-04:00,1787444226,136349540,1787444226136349540,117.075657,,,,18484,18483,1,0,0,18484,AxisTarget,1,True,True,True,False,-16.253748,-71.288429,108.904877,0.077284,52.061924,-16.120232,504.508728,146.998383,522.147095,-179.819031,0.342073,179.964615,5673,False,True,
964,/kuka/axis_move/feedback_json,std_msgs/msg/String,2026-08-22T20:17:06.246503-04:00,1787444226,246496194,1787444226246496194,110.146654,,,,18485,18484,1,0,0,18485,AxisTarget,1,True,True,True,False,-16.253773,-71.417854,108.815353,0.079024,52.277672,-16.121561,504.422333,146.971298,523.738159,-179.819519,0.34781,179.964478,5673,False,True,
965,/kuka/axis_move/feedback_json,std_msgs/msg/String,2026-08-22T20:17:06.431845-04:00,1787444226,431838642,1787444226431838642,185.342448,,,,18486,18485,1,0,0,18486,AxisTarget,1,True,True,True,False,-16.253815,-71.640053,108.662445,0.081919,52.634949,-16.123873,504.252747,146.918396,526.625,-179.820404,0.358215,179.964233,5674,False,True,
966,/kuka/axis_move/feedback_json,std_msgs/msg/String,2026-08-22T20:17:06.543601-04:00,1787444226,543593467,1787444226543593467,111.754825,,,,18487,18486,1,0,0,18487,AxisTarget,1,True,True,True,False,-16.253838,-71.766762,108.575386,0.083663,52.849693,-16.125181,504.144165,146.884674,528.340637,-179.820938,0.364396,179.964096,5674,False,True,
967,/kuka/axis_move/feedback_json,std_msgs/msg/String,2026-08-22T20:17:06.652670-04:00,1787444226,652644179,1787444226652644179,109.050712,,,,18488,18487,1,0,0,18488,AxisTarget,1,True,True,True,False,-16.25386,-71.881371,108.497124,0.085166,53.033649,-16.126337,504.042725,146.853241,529.865967,-179.821442,0.369889,179.963989,5674,False,True,
968,/kuka/axis_move/feedback_json,std_msgs/msg/String,2026-08-22T20:17:06.764023-04:00,1787444226,764007070,1787444226764007070,111.362891,,,,18489,18488,1,0,0,18489,AxisTarget,1,True,True,True,False,-16.253876,-71.968552,108.437714,0.086304,53.172691,-16.127209,503.961914,146.828278,531.03418,-179.821823,0.374095,179.963913,5674,False,True,
969,/kuka/axis_move/feedback_json,std_msgs/msg/String,2026-08-22T20:17:06.947669-04:00,1787444226,947657990,1787444226947657990,183.65092,,,,18490,18489,1,0,0,18490,AxisTarget,1,True,True,True,False,-16.253895,-72.065651,108.37191,0.087557,53.324928,-16.128159,503.868561,146.799454,532.337891,-179.82225,0.378788,179.963821,5675,False,True,
970,/kuka/axis_move/feedback_json,std_msgs/msg/String,2026-08-22T20:17:07.064566-04:00,1787444227,64540386,1787444227064540386,116.882396,,,,18491,18490,1,0,0,18491,AxisTarget,1,True,True,True,False,-16.253901,-72.090492,108.355423,0.087864,53.361401,-16.12838,503.840942,146.790955,532.714661,-179.822372,0.380145,179.963791,5675,False,True,
971,/kuka/axis_move/feedback_json,std_msgs/msg/String,2026-08-22T20:17:07.173701-04:00,1787444227,173690415,1787444227173690415,109.150029,,,,18492,18491,1,0,0,18492,AxisTarget,1,True,True,True,False,-16.253901,-72.094002,108.353302,0.0879,53.3652,-16.128401,503.836151,146.789474,532.779785,-179.822403,0.380379,179.963791,5675,False,True,
972,/kuka/axis_move/feedback_json,std_msgs/msg/String,2026-08-22T20:17:07.289839-04:00,1787444227,289831813,1787444227289831813,116.141398,,,,18493,18492,1,0,0,18493,AxisTarget,1,True,True,True,False,-16.253901,-72.094002,108.353302,0.0879,53.3652,-16.128401,503.836151,146.789474,532.779785,-179.822403,0.380379,179.963791,5675,False,True,
973,/kuka/axis_move/feedback_json,std_msgs/msg/String,2026-08-22T20:17:07.471681-04:00,1787444227,471674929,1787444227471674929,181.843116,,,,18494,18493,1,0,0,18494,AxisTarget,1,True,True,True,True,-16.253904,-72.12442,108.331207,0.088348,53.423752,-16.128788,503.811401,146.781845,533.113525,-179.82251,0.381583,179.96376,5676,False,True,
974,/kuka/axis_move/feedback_json,std_msgs/msg/String,2026-08-22T20:17:07.587756-04:00,1787444227,587745866,1787444227587745866,116.070937,,,,18495,18494,1,0,0,18495,AxisTarget,1,True,True,True,False,-16.253914,-72.189545,108.285492,0.089244,53.537178,-16.129513,503.754211,146.764206,533.874451,-179.822769,0.384327,179.963715,5676,False,True,
975,/kuka/axis_move/feedback_json,std_msgs/msg/String,2026-08-22T20:17:07.704213-04:00,1787444227,704186986,1787444227704186986,116.44112,,,,18496,18495,1,0,0,18496,AxisTarget,1,True,True,True,False,-16.253927,-72.295593,108.211578,0.090684,53.718044,-16.130661,503.652863,146.733017,535.186523,-179.823227,0.389058,179.963623,5676,False,True,
976,/kuka/axis_move/feedback_json,std_msgs/msg/String,2026-08-22T20:17:07.811482-04:00,1787444227,811475649,1787444227811475649,107.288663,,,,18497,18496,1,0,0,18497,AxisTarget,1,True,True,True,False,-16.253944,-72.421097,108.124962,0.092416,53.933598,-16.132015,503.518677,146.691788,536.859924,-179.823807,0.395091,179.963501,5676,False,True,
977,/kuka/axis_move/feedback_json,std_msgs/msg/String,2026-08-22T20:17:07.998264-04:00,1787444227,998247905,1787444227998247905,186.772256,,,,18498,18497,1,0,0,18498,AxisTarget,1,True,True,True,False,-16.253975,-72.637596,107.976479,0.095199,54.277691,-16.134165,503.282104,146.619263,539.656067,-179.824799,0.405167,179.963333,5677,False,True,
978,/kuka/axis_move/feedback_json,std_msgs/msg/String,2026-08-22T20:17:08.184143-04:00,1787444228,184137368,1787444228184137368,185.889463,,,,18499,18498,1,0,0,18499,AxisTarget,1,True,True,True,False,-16.253994,-72.773537,107.884422,0.096941,54.490402,-16.135477,503.113617,146.567734,541.544189,-179.825485,0.411969,179.963226,5678,False,True,
979,/kuka/axis_move/feedback_json,std_msgs/msg/String,2026-08-22T20:17:08.373417-04:00,1787444228,373384327,1787444228373384327,189.246959,,,,18500,18499,1,0,0,18500,AxisTarget,1,True,True,True,False,-16.254,-72.811897,107.859299,0.0974,54.544498,-16.135799,503.058228,146.550812,542.148254,-179.825714,0.414145,179.963196,5679,False,True,
980,/kuka/axis_move/feedback_json,std_msgs/msg/String,2026-08-22T20:17:08.487345-04:00,1787444228,487340204,1787444228487340204,113.955877,,,,18501,18500,1,0,0,18501,AxisTarget,1,True,True,True,False,-16.254,-72.811897,107.859299,0.0974,54.544498,-16.135799,503.058197,146.550797,542.148743,-179.825714,0.414147,179.963196,5679,False,True,
981,/kuka/axis_move/feedback_json,std_msgs/msg/String,2026-08-22T20:17:08.607045-04:00,1787444228,607031200,1787444228607031200,119.690996,,,,18502,18501,1,0,0,18502,AxisTarget,1,True,True,True,True,-16.254002,-72.819176,107.853523,0.097527,54.562408,-16.135925,503.05368,146.549438,542.197449,-179.825729,0.414321,179.963196,5679,False,True,
982,/kuka/axis_move/feedback_json,std_msgs/msg/String,2026-08-22T20:17:08.715676-04:00,1787444228,715661105,1787444228715661105,108.629905,,,,18503,18502,1,0,0,18503,AxisTarget,1,True,True,True,False,-16.254019,-72.888435,107.804047,0.098517,54.689171,-16.136747,502.982147,146.527664,542.965027,-179.826004,0.417076,179.96315,5679,False,True,
983,/kuka/axis_move/feedback_json,std_msgs/msg/String,2026-08-22T20:17:08.904015-04:00,1787444228,904003410,1787444228904003410,188.342305,,,,18504,18503,1,0,0,18504,AxisTarget,1,True,True,True,False,-16.254076,-73.094765,107.661964,0.101257,55.027958,-16.138866,502.718994,146.447693,545.688354,-179.827011,0.426849,179.963043,5680,False,True,
984,/kuka/axis_move/feedback_json,std_msgs/msg/String,2026-08-22T20:17:09.017515-04:00,1787444229,17491702,1787444229017491702,113.488292,,,,18505,18504,1,0,0,18505,AxisTarget,1,True,True,True,False,-16.254097,-73.170708,107.611519,0.102196,55.13974,-16.139542,502.610992,146.414917,546.76416,-179.827408,0.430709,179.962997,5680,False,True,
985,/kuka/axis_move/feedback_json,std_msgs/msg/String,2026-08-22T20:17:09.209491-04:00,1787444229,209463153,1787444229209463153,191.971451,,,,18506,18505,1,0,0,18506,AxisTarget,1,True,True,True,False,-16.254101,-73.181,107.605301,0.1023,55.150902,-16.139601,502.589386,146.408371,546.976501,-179.827499,0.431471,179.962982,5681,False,True,
986,/kuka/axis_move/feedback_json,std_msgs/msg/String,2026-08-22T20:17:09.315503-04:00,1787444229,315491919,1787444229315491919,106.028766,,,,18507,18506,1,0,0,18507,AxisTarget,1,True,True,True,True,-16.254101,-73.193039,107.595375,0.102519,55.183311,-16.139851,502.582733,146.406342,547.042297,-179.82753,0.431718,179.962982,5681,False,True,
987,/kuka/axis_move/feedback_json,std_msgs/msg/String,2026-08-22T20:17:09.509942-04:00,1787444229,509935108,1787444229509935108,194.443189,,,,18508,18507,1,0,0,18508,AxisTarget,1,True,True,True,False,-16.254101,-73.235397,107.567802,0.103,55.2402,-16.1402,502.516785,146.386246,547.688965,-179.827835,0.434152,179.962906,5682,False,True,
988,/kuka/axis_move/feedback_json,std_msgs/msg/String,2026-08-22T20:17:09.621478-04:00,1787444229,621447200,1787444229621447200,111.512092,,,,18509,18508,1,0,0,18509,AxisTarget,1,True,True,True,True,-16.254101,-73.235397,107.567802,0.103,55.2402,-16.1402,502.516785,146.386246,547.688965,-179.827835,0.434152,179.962906,5682,False,True,
989,/kuka/axis_move/feedback_json,std_msgs/msg/String,2026-08-22T20:17:09.807996-04:00,1787444229,807979387,1787444229807979387,186.532187,,,,18510,18509,1,0,0,18510,AxisTarget,1,True,True,True,False,-16.254101,-73.235397,107.567802,0.103,55.2402,-16.1402,502.516785,146.386246,547.688965,-179.827835,0.434152,179.962906,5683,False,True,
990,/kuka/axis_move/feedback_json,std_msgs/msg/String,2026-08-22T20:17:09.929867-04:00,1787444229,929857368,1787444229929857368,121.877981,,,,18511,18510,1,0,0,18511,AxisTarget,1,True,True,True,True,-16.251389,-73.233315,107.562958,0.102927,55.241684,-16.122749,502.523682,146.378403,547.688416,-179.827835,0.43414,179.962906,5683,False,True,
991,/kuka/axis_move/feedback_json,std_msgs/msg/String,2026-08-22T20:17:10.119228-04:00,1787444230,119217801,1787444230119217801,189.360433,,,,18512,18511,1,0,0,18512,AxisTarget,1,True,True,True,False,-15.967686,-73.087189,107.391602,0.101,55.271198,-15.854901,504.418091,144.211517,547.527222,-179.830109,0.431005,179.964325,5684,False,True,
992,/kuka/axis_move/feedback_json,std_msgs/msg/String,2026-08-22T20:17:10.234807-04:00,1787444230,234800535,1787444230234800535,115.582734,,,,18513,18512,1,0,0,18513,AxisTarget,1,True,True,True,False,-15.9677,-73.087196,107.391602,0.101,55.271198,-15.854889,504.418243,144.211365,547.527222,-179.830109,0.431005,179.964325,5684,False,True,
993,/kuka/axis_move/feedback_json,std_msgs/msg/String,2026-08-22T20:17:10.351717-04:00,1787444230,351711496,1787444230351711496,116.910961,,,,18514,18513,1,0,0,18514,AxisTarget,1,True,True,True,True,-15.859271,-73.024368,107.308357,0.099936,55.28907,-15.674083,504.908539,143.646103,547.484985,-179.830719,0.430213,179.964676,5684,False,True,
994,/kuka/axis_move/feedback_json,std_msgs/msg/String,2026-08-22T20:17:10.466793-04:00,1787444230,466787993,1787444230466787993,115.076497,,,,18515,18514,1,0,0,18515,AxisTarget,1,True,True,True,False,-15.309438,-72.737953,106.966286,0.095985,55.349155,-15.122972,508.513275,139.433426,547.166992,-179.835281,0.424351,179.967178,5684,False,True,
995,/kuka/axis_move/feedback_json,std_msgs/msg/String,2026-08-22T20:17:10.650659-04:00,1787444230,650640453,1787444230650640453,183.85246,,,,18516,18515,1,0,0,18516,AxisTarget,1,True,True,True,False,-15.1082,-72.642601,106.862801,0.0949,55.364101,-14.999,510.062958,137.590942,547.026001,-179.837265,0.421809,179.968216,5685,False,True,
996,/kuka/axis_move/feedback_json,std_msgs/msg/String,2026-08-22T20:17:10.763559-04:00,1787444230,763549872,1787444230763549872,112.909419,,,,18517,18516,1,0,0,18517,AxisTarget,1,True,True,True,True,-15.1082,-72.642601,106.862801,0.0949,55.364101,-14.999,510.062958,137.590942,547.026001,-179.837265,0.421809,179.968216,5685,False,True,
997,/kuka/axis_move/feedback_json,std_msgs/msg/String,2026-08-22T20:17:10.949769-04:00,1787444230,949761319,1787444230949761319,186.211447,,,,18518,18517,1,0,0,18518,AxisTarget,1,True,True,True,True,-15.108189,-72.642578,106.862732,0.094898,55.364162,-14.997984,510.062958,137.590942,547.026001,-179.837265,0.421809,179.968216,5686,False,True,
998,/kuka/axis_move/feedback_json,std_msgs/msg/String,2026-08-22T20:17:11.061536-04:00,1787444231,61494015,1787444231061494015,111.732696,,,,18519,18518,1,0,0,18519,AxisTarget,1,True,True,True,False,-14.944777,-72.549767,106.742035,0.093392,55.389214,-14.748668,510.932861,136.548325,546.94574,-179.838379,0.420378,179.968811,5686,False,True,
999,/kuka/axis_move/feedback_json,std_msgs/msg/String,2026-08-22T20:17:11.170427-04:00,1787444231,170416228,1787444231170416228,108.922213,,,,18520,18519,1,0,0,18520,AxisTarget,1,True,True,True,False,-14.268494,-72.193169,106.310638,0.088376,55.46711,-14.024042,515.106323,131.459671,546.548828,-179.843735,0.413449,179.971542,5686,False,True,
1000,/kuka/axis_move/feedback_json,std_msgs/msg/String,2026-08-22T20:17:11.285698-04:00,1787444231,285665910,1787444231285665910,115.249682,,,,18521,18520,1,0,0,18521,AxisTarget,1,True,True,True,False,-13.731223,-71.926079,106.005989,0.085035,55.516029,-13.594854,518.791138,126.843727,546.181702,-179.848511,0.407247,179.973846,5686,False,True,
1001,/kuka/axis_move/feedback_json,std_msgs/msg/String,2026-08-22T20:17:11.467670-04:00,1787444231,467660051,1787444231467660051,181.994141,,,,18522,18521,1,0,0,18522,AxisTarget,1,True,True,True,False,-13.6758,-71.901604,105.9814,0.0848,55.519001,-13.5726,519.259094,126.248955,546.133911,-179.849121,0.406453,179.974121,5687,False,True,
1002,/kuka/axis_move/feedback_json,std_msgs/msg/String,2026-08-22T20:17:11.583779-04:00,1787444231,583768029,1787444231583768029,116.107978,,,,18523,18522,1,0,0,18523,AxisTarget,1,True,True,True,True,-13.6758,-71.901604,105.9814,0.0848,55.519001,-13.5726,519.259094,126.248955,546.133911,-179.849121,0.406453,179.974121,5687,False,True,
1003,/kuka/axis_move/feedback_json,std_msgs/msg/String,2026-08-22T20:17:11.773690-04:00,1787444231,773682381,1787444231773682381,189.914352,,,,18524,18523,1,0,0,18524,AxisTarget,1,True,True,True,False,-13.6758,-71.901604,105.9814,0.0848,55.519001,-13.5726,519.259094,126.248955,546.133911,-179.849121,0.406453,179.974121,5688,False,True,
1004,/kuka/axis_move/feedback_json,std_msgs/msg/String,2026-08-22T20:17:11.889610-04:00,1787444231,889603930,1787444231889603930,115.921549,,,,18525,18524,1,0,0,18525,AxisTarget,1,True,True,True,True,-13.649554,-71.885071,105.957764,0.084477,55.524799,-13.510466,519.343018,126.142113,546.125366,-179.849243,0.406311,179.974182,5688,False,True,
1005,/kuka/axis_move/feedback_json,std_msgs/msg/String,2026-08-22T20:17:12.007960-04:00,1787444232,7951171,1787444232007951171,118.347241,,,,18526,18525,1,0,0,18526,AxisTarget,1,True,True,True,False,-13.171656,-71.611496,105.618179,0.080406,55.589436,-12.892262,522.094604,122.602974,545.838806,-179.852844,0.401635,179.9758,5688,False,True,
1006,/kuka/axis_move/feedback_json,std_msgs/msg/String,2026-08-22T20:17:12.121331-04:00,1787444232,121306505,1787444232121306505,113.355334,,,,18527,18526,1,0,0,18527,AxisTarget,1,True,True,True,False,-12.221712,-71.134834,105.035934,0.073735,55.690662,-11.967015,527.951477,114.833878,545.196838,-179.860611,0.391522,179.97905,5688,False,True,
1007,/kuka/axis_move/feedback_json,std_msgs/msg/String,2026-08-22T20:17:12.303794-04:00,1787444232,303783361,1787444232303783361,182.476856,,,,18528,18527,1,0,0,18528,AxisTarget,1,True,True,True,False,-11.670473,-70.864296,104.747498,0.0706,55.735802,-11.575602,531.663818,109.734222,544.766235,-179.865616,0.384997,179.980972,5689,False,True,
1008,/kuka/axis_move/feedback_json,std_msgs/msg/String,2026-08-22T20:17:12.416933-04:00,1787444232,416928002,1787444232416928002,113.144641,,,,18529,18528,1,0,0,18529,AxisTarget,1,True,True,True,False,-11.6705,-70.864304,104.747498,0.0706,55.735802,-11.5756,531.664185,109.733719,544.766174,-179.865616,0.384996,179.980972,5689,False,True,
1009,/kuka/axis_move/feedback_json,std_msgs/msg/String,2026-08-22T20:17:12.607779-04:00,1787444232,607769790,1787444232607769790,190.841788,,,,18530,18529,1,0,0,18530,AxisTarget,1,True,True,True,True,-11.6705,-70.864304,104.747498,0.0706,55.735802,-11.5756,531.664185,109.733719,544.766174,-179.865616,0.384996,179.980972,5690,False,True,
1010,/kuka/axis_move/feedback_json,std_msgs/msg/String,2026-08-22T20:17:12.721068-04:00,1787444232,721056146,1787444232721056146,113.286356,,,,18531,18530,1,0,0,18531,AxisTarget,1,True,True,True,True,-11.649749,-70.851051,104.728302,0.070335,55.74062,-11.523474,531.724182,109.650078,544.759094,-179.865692,0.384889,179.981003,5690,False,True,
1011,/kuka/axis_move/feedback_json,std_msgs/msg/String,2026-08-22T20:17:12.831599-04:00,1787444232,831593864,1787444232831593864,110.537718,,,,18532,18531,1,0,0,18532,AxisTarget,1,True,True,True,False,-11.230896,-70.623543,104.444809,0.066935,55.794979,-11.001976,534.011658,106.434952,544.483704,-179.868805,0.380788,179.982132,5690,False,True,
1012,/kuka/axis_move/feedback_json,std_msgs/msg/String,2026-08-22T20:17:12.943407-04:00,1787444232,943401571,1787444232943401571,111.807707,,,,18533,18532,1,0,0,18533,AxisTarget,1,True,True,True,False,-10.281024,-70.125816,103.845848,0.05999,55.902367,-10.004795,539.473511,98.525993,543.7948,-179.876358,0.370847,179.98465,5690,False,True,
1013,/kuka/axis_move/feedback_json,std_msgs/msg/String,2026-08-22T20:17:13.123543-04:00,1787444233,123532916,1787444233123532916,180.131345,,,,18534,18533,1,0,0,18534,AxisTarget,1,True,True,True,False,-9.153798,-69.557968,103.188988,0.05267,56.011147,-9.034219,546.294983,88.154251,542.867798,-179.886017,0.358113,179.987381,5691,False,True,
1014,/kuka/axis_move/feedback_json,std_msgs/msg/String,2026-08-22T20:17:13.311676-04:00,1787444233,311667116,1787444233311667116,188.1342,,,,18535,18534,1,0,0,18535,AxisTarget,1,True,True,True,False,-9.0922,-69.530502,103.161102,0.0524,56.014599,-9.008,546.75238,87.437767,542.802795,-179.886688,0.357245,179.987549,5692,False,True,
1015,/kuka/axis_move/feedback_json,std_msgs/msg/String,2026-08-22T20:17:13.498365-04:00,1787444233,498335411,1787444233498335411,186.668295,,,,18536,18535,1,0,0,18536,AxisTarget,1,True,True,True,True,-9.0922,-69.530502,103.161102,0.0524,56.014599,-9.008,546.75238,87.437767,542.802795,-179.886688,0.357245,179.987549,5693,False,True,
1016,/kuka/axis_move/feedback_json,std_msgs/msg/String,2026-08-22T20:17:13.607857-04:00,1787444233,607840557,1787444233607840557,109.505146,,,,18537,18536,1,0,0,18537,AxisTarget,1,True,True,True,True,-9.084978,-69.525513,103.153366,0.052286,56.016777,-8.983223,546.773254,87.404999,542.799866,-179.886719,0.357206,179.987549,5693,False,True,
1017,/kuka/axis_move/feedback_json,std_msgs/msg/String,2026-08-22T20:17:13.720461-04:00,1787444233,720451759,1787444233720451759,112.611202,,,,18538,18537,1,0,0,18538,AxisTarget,1,True,True,True,False,-8.736221,-69.334526,102.913467,0.04938,56.063461,-8.532391,548.39502,84.842224,542.566528,-179.889069,0.354128,179.988113,5693,False,True,
1018,/kuka/axis_move/feedback_json,std_msgs/msg/String,2026-08-22T20:17:13.831853-04:00,1787444233,831836143,1787444233831836143,111.384384,,,,18539,18538,1,0,0,18539,AxisTarget,1,True,True,True,False,-7.837475,-68.860916,102.34008,0.042674,56.167587,-7.559082,553.080444,77.235069,541.865051,-179.89595,0.345109,179.989594,5693,False,True,
1019,/kuka/axis_move/feedback_json,std_msgs/msg/String,2026-08-22T20:17:14.019716-04:00,1787444234,19701380,1787444234019701380,187.865237,,,,18540,18539,1,0,0,18540,AxisTarget,1,True,True,True,False,-6.232256,-68.040863,101.377434,0.031757,56.331993,-6.06848,561.932983,61.960369,540.418274,-179.909439,0.327519,179.991684,5694,False,True,
1020,/kuka/axis_move/feedback_json,std_msgs/msg/String,2026-08-22T20:17:14.137600-04:00,1787444234,137559506,1787444234137559506,117.858126,,,,18541,18540,1,0,0,18541,AxisTarget,1,True,True,True,False,-5.944933,-67.901817,101.223183,0.030107,56.355339,-5.870066,563.715027,58.728256,540.105835,-179.912231,0.323883,179.991989,5694,False,True,
1021,/kuka/axis_move/feedback_json,std_msgs/msg/String,2026-08-22T20:17:14.329503-04:00,1787444234,329470889,1787444234329470889,191.911383,,,,18542,18541,1,0,0,18542,AxisTarget,1,True,True,True,True,-5.9409,-67.900398,101.222099,0.0301,56.3554,-5.8698,563.767944,58.631344,540.096436,-179.912323,0.323774,179.992004,5695,False,True,
1022,/kuka/axis_move/feedback_json,std_msgs/msg/String,2026-08-22T20:17:14.435530-04:00,1787444234,435521998,1787444234435521998,106.051109,,,,18543,18542,1,0,0,18543,AxisTarget,1,True,True,True,False,-5.9409,-67.900398,101.222099,0.0301,56.3554,-5.8698,563.767944,58.631344,540.096436,-179.912323,0.323774,179.992004,5695,False,True,
1023,/kuka/axis_move/feedback_json,std_msgs/msg/String,2026-08-22T20:17:14.552483-04:00,1787444234,552447658,1787444234552447658,116.92566,,,,18544,18543,1,0,0,18544,AxisTarget,1,True,True,True,True,-5.939981,-67.899605,101.220619,0.030075,56.355949,-5.862847,563.769226,58.629021,540.096252,-179.912323,0.323772,179.992004,5695,False,True,
1024,/kuka/axis_move/feedback_json,std_msgs/msg/String,2026-08-22T20:17:14.659621-04:00,1787444234,659609387,1787444234659609387,107.161729,,,,18545,18544,1,0,0,18545,AxisTarget,1,True,True,True,False,-5.714777,-67.774155,101.060471,0.027964,56.390301,-5.52704,564.753052,56.819332,539.920288,-179.913864,0.32175,179.992142,5695,False,True,
1025,/kuka/axis_move/feedback_json,std_msgs/msg/String,2026-08-22T20:17:14.846018-04:00,1787444234,846011925,1787444234846011925,186.402538,,,,18546,18545,1,0,0,18546,AxisTarget,1,True,True,True,False,-4.226815,-66.992126,100.116066,0.017091,56.5588,-3.955044,571.914307,43.081879,538.563782,-179.925476,0.306704,179.992813,5696,False,True,
1026,/kuka/axis_move/feedback_json,std_msgs/msg/String,2026-08-22T20:17:14.962778-04:00,1787444234,962756577,1787444234962756577,116.744652,,,,18547,18546,1,0,0,18547,AxisTarget,1,True,True,True,False,-3.094139,-66.411446,99.432068,0.009311,56.676411,-2.8849,577.377747,31.857212,537.428528,-179.934723,0.294792,179.992783,5696,False,True,
1027,/kuka/axis_move/feedback_json,std_msgs/msg/String,2026-08-22T20:17:15.073017-04:00,1787444235,73006408,1787444235073006408,110.249831,,,,18548,18547,1,0,0,18548,AxisTarget,1,True,True,True,False,-2.466353,-66.097244,99.070869,0.005303,56.735485,-2.361093,580.381165,25.373228,536.762146,-179.939972,0.288063,179.992554,5696,False,True,
1028,/kuka/axis_move/feedback_json,std_msgs/msg/String,2026-08-22T20:17:15.188845-04:00,1787444235,188821830,1787444235188821830,115.815422,,,,18549,18548,1,0,0,18549,AxisTarget,1,True,True,True,False,-2.3639,-66.050003,99.021103,0.0048,56.742199,-2.3076,581.012634,23.979109,536.61792,-179.941101,0.286631,179.992477,5696,False,True,
1029,/kuka/axis_move/feedback_json,std_msgs/msg/String,2026-08-22T20:17:15.375840-04:00,1787444235,375828270,1787444235375828270,187.00644,,,,18550,18549,1,0,0,18550,AxisTarget,1,True,True,True,True,-2.3639,-66.050003,99.021103,0.0048,56.742199,-2.3076,581.012573,23.979324,536.61792,-179.941101,0.286631,179.992477,5697,False,True,
1030,/kuka/axis_move/feedback_json,std_msgs/msg/String,2026-08-22T20:17:15.484753-04:00,1787444235,484725117,1787444235484725117,108.896847,,,,18551,18550,1,0,0,18551,AxisTarget,1,True,True,True,False,-2.3639,-66.050003,99.021103,0.0048,56.742199,-2.3076,581.012573,23.979324,536.61792,-179.941101,0.286631,179.992477,5697,False,True,
1031,/kuka/axis_move/feedback_json,std_msgs/msg/String,2026-08-22T20:17:15.595570-04:00,1787444235,595554904,1787444235595554904,110.829787,,,,18552,18551,1,0,0,18552,AxisTarget,1,True,True,True,True,-2.340694,-66.035393,99.000206,0.004515,56.747322,-2.252671,581.079895,23.830032,536.602478,-179.941223,0.286478,179.992477,5697,False,True,
1032,/kuka/axis_move/feedback_json,std_msgs/msg/String,2026-08-22T20:17:15.710180-04:00,1787444235,710159539,1787444235710159539,114.604635,,,,18553,18552,1,0,0,18553,AxisTarget,1,True,True,True,False,-1.942529,-65.819618,98.716248,0.001118,56.801468,-1.734422,582.686707,20.228937,536.22821,-179.944107,0.282819,179.992264,5697,False,True,
1033,/kuka/axis_move/feedback_json,std_msgs/msg/String,2026-08-22T20:17:15.895849-04:00,1787444235,895830739,1787444235895830739,185.6712,,,,18554,18553,1,0,0,18554,AxisTarget,1,True,True,True,False,-0.252902,-64.937111,97.672493,-0.010956,56.987789,-0.00627,589.745605,3.452918,534.454956,-179.957336,0.266208,179.990662,5698,False,True,
1034,/kuka/axis_move/feedback_json,std_msgs/msg/String,2026-08-22T20:17:16.078531-04:00,1787444236,78523021,1787444236078523021,182.692282,,,,18555,18554,1,0,0,18555,AxisTarget,1,True,True,True,False,1.014638,-64.289536,96.919937,-0.019384,57.113647,1.123111,595.001465,-10.229179,532.97345,-179.967865,0.253179,179.988663,5699,False,True,
1035,/kuka/axis_move/feedback_json,std_msgs/msg/String,2026-08-22T20:17:16.191958-04:00,1787444236,191945734,1787444236191945734,113.422713,,,,18556,18555,1,0,0,18556,AxisTarget,1,True,True,True,False,1.149007,-64.232903,96.859596,-0.02,57.122002,1.1907,595.621704,-11.922701,532.787964,-179.969147,0.251599,179.988388,5699,False,True,
1036,/kuka/axis_move/feedback_json,std_msgs/msg/String,2026-08-22T20:17:16.379442-04:00,1787444236,379415071,1787444236379415071,187.469337,,,,18557,18556,1,0,0,18557,AxisTarget,1,True,True,True,True,1.149,-64.232903,96.859596,-0.02,57.122002,1.1907,595.621704,-11.922643,532.787964,-179.969147,0.251599,179.988388,5700,False,True,
1037,/kuka/axis_move/feedback_json,std_msgs/msg/String,2026-08-22T20:17:16.491181-04:00,1787444236,491175611,1787444236491175611,111.76054,,,,18558,18557,1,0,0,18558,AxisTarget,1,True,True,True,False,1.149,-64.232903,96.859596,-0.02,57.122002,1.1907,595.621704,-11.922643,532.787964,-179.969147,0.251599,179.988388,5700,False,True,
1038,/kuka/axis_move/feedback_json,std_msgs/msg/String,2026-08-22T20:17:16.604281-04:00,1787444236,604274718,1787444236604274718,113.099107,,,,18559,18558,1,0,0,18559,AxisTarget,1,True,True,True,True,1.176328,-64.215912,96.835594,-0.020324,57.127769,1.251954,595.676941,-12.074368,532.771301,-179.969269,0.251456,179.988358,5700,False,True,
1039,/kuka/axis_move/feedback_json,std_msgs/msg/String,2026-08-22T20:17:16.715694-04:00,1787444236,715687226,1787444236715687226,111.412508,,,,18560,18559,1,0,0,18560,AxisTarget,1,True,True,True,False,1.579324,-63.997955,96.565086,-0.023563,57.179276,1.744346,596.991516,-15.728102,532.369141,-179.972031,0.248036,179.987701,5700,False,True,
1040,/kuka/axis_move/feedback_json,std_msgs/msg/String,2026-08-22T20:17:16.899490-04:00,1787444236,899479228,1787444236899479228,183.792002,,,,18561,18560,1,0,0,18561,AxisTarget,1,True,True,True,False,3.118003,-63.195858,95.583145,-0.034913,57.353699,3.356963,602.487366,-32.013798,530.550659,-179.984222,0.233184,179.984299,5701,False,True,
1041,/kuka/axis_move/feedback_json,std_msgs/msg/String,2026-08-22T20:17:17.084380-04:00,1787444237,84357394,1787444237084357394,184.878166,,,,18562,18561,1,0,0,18562,AxisTarget,1,True,True,True,False,4.114534,-62.695976,95.028618,-0.041075,57.444687,4.164933,605.964905,-43.327435,529.262756,-179.992523,0.223236,179.981506,5702,False,True,
1042,/kuka/axis_move/feedback_json,std_msgs/msg/String,2026-08-22T20:17:17.199070-04:00,1787444237,199059352,1787444237199059352,114.701958,,,,18563,18562,1,0,0,18563,AxisTarget,1,True,True,True,False,4.1466,-62.682201,95.015198,-0.0412,57.446201,4.1758,606.132141,-43.89502,529.197571,-179.992935,0.222744,179.981354,5702,False,True,
1043,/kuka/axis_move/feedback_json,std_msgs/msg/String,2026-08-22T20:17:17.383774-04:00,1787444237,383765386,1787444237383765386,184.706034,,,,18564,18563,1,0,0,18564,AxisTarget,1,True,True,True,True,4.1466,-62.682201,95.015198,-0.0412,57.446201,4.1758,606.132141,-43.89502,529.197571,-179.992935,0.222744,179.981354,5703,False,True,
1044,/kuka/axis_move/feedback_json,std_msgs/msg/String,2026-08-22T20:17:17.496867-04:00,1787444237,496843834,1787444237496843834,113.078448,,,,18565,18564,1,0,0,18565,AxisTarget,1,True,True,True,False,4.1466,-62.682201,95.015198,-0.0412,57.446201,4.175833,606.132141,-43.89502,529.197571,-179.992935,0.222744,179.981354,5703,False,True,
1045,/kuka/axis_move/feedback_json,std_msgs/msg/String,2026-08-22T20:17:17.611455-04:00,1787444237,611449202,1787444237611449202,114.605368,,,,18566,18565,1,0,0,18566,AxisTarget,1,True,True,True,True,4.234198,-62.631451,94.947968,-0.042054,57.460632,4.33541,606.323059,-44.545555,529.122925,-179.993408,0.222189,179.981186,5703,False,True,
1046,/kuka/axis_move/feedback_json,std_msgs/msg/String,2026-08-22T20:17:17.727731-04:00,1787444237,727723564,1787444237727723564,116.274362,,,,18567,18566,1,0,0,18567,AxisTarget,1,True,True,True,False,4.796305,-62.331249,94.579651,-0.046404,57.52927,4.972154,607.908813,-50.072021,528.48584,-179.997406,0.217509,179.979691,5703,False,True,
1047,/kuka/axis_move/feedback_json,std_msgs/msg/String,2026-08-22T20:17:17.917347-04:00,1787444237,917314515,1787444237917314515,189.590951,,,,18568,18567,1,0,0,18568,AxisTarget,1,True,True,True,False,6.246024,-61.585941,93.699303,-0.056414,57.681343,6.35935,612.248047,-66.490959,526.565613,179.990875,0.204018,179.974792,5704,False,True,
1048,/kuka/axis_move/feedback_json,std_msgs/msg/String,2026-08-22T20:17:18.105926-04:00,1787444238,105920521,1787444238105920521,188.606006,,,,18569,18568,1,0,0,18569,AxisTarget,1,True,True,True,False,6.5713,-61.428001,93.5233,-0.0583,57.708302,6.5904,613.242249,-70.573997,526.081726,179.987991,0.200757,179.97348,5705,False,True,
1049,/kuka/axis_move/feedback_json,std_msgs/msg/String,2026-08-22T20:17:18.292585-04:00,1787444238,292558052,1787444238292558052,186.637531,,,,18570,18569,1,0,0,18570,AxisTarget,1,True,True,True,True,6.5713,-61.428001,93.5233,-0.0583,57.708302,6.5904,613.242249,-70.574005,526.081726,179.987991,0.200757,179.97348,5706,False,True,
1050,/kuka/axis_move/feedback_json,std_msgs/msg/String,2026-08-22T20:17:18.405608-04:00,1787444238,405595354,1787444238405595354,113.037302,,,,18571,18570,1,0,0,18571,AxisTarget,1,True,True,True,False,6.5713,-61.428001,93.5233,-0.0583,57.708302,6.5904,613.242249,-70.574005,526.081726,179.987991,0.200757,179.97348,5706,False,True,
1051,/kuka/axis_move/feedback_json,std_msgs/msg/String,2026-08-22T20:17:18.520868-04:00,1787444238,520845619,1787444238520845619,115.250265,,,,18572,18571,1,0,0,18572,AxisTarget,1,True,True,True,True,6.622204,-61.39764,93.48201,-0.058839,57.717587,6.686131,613.325745,-70.923378,526.040222,179.987747,0.200477,179.973358,5706,False,True,
1052,/kuka/axis_move/feedback_json,std_msgs/msg/String,2026-08-22T20:17:18.627899-04:00,1787444238,627887966,1787444238627887966,107.042347,,,,18573,18572,1,0,0,18573,AxisTarget,1,True,True,True,False,7.07562,-61.154121,93.181702,-0.062414,57.774113,7.22368,614.435608,-75.666252,525.47467,179.984421,0.196703,179.971756,5706,False,True,
1053,/kuka/axis_move/feedback_json,std_msgs/msg/String,2026-08-22T20:17:18.813407-04:00,1787444238,813400671,1787444238813400671,185.512705,,,,18574,18573,1,0,0,18574,AxisTarget,1,True,True,True,False,8.25147,-60.551521,92.472435,-0.070473,57.895752,8.327697,617.34137,-89.110878,523.85321,179.975082,0.186279,179.966949,5707,False,True,
1054,/kuka/axis_move/feedback_json,std_msgs/msg/String,2026-08-22T20:17:18.928029-04:00,1787444238,928015436,1787444238928015436,114.614765,,,,18575,18574,1,0,0,18575,AxisTarget,1,True,True,True,False,8.422979,-60.470089,92.383881,-0.0714,57.9086,8.434403,617.798889,-91.388977,523.575806,179.973511,0.184552,179.966095,5707,False,True,
1055,/kuka/axis_move/feedback_json,std_msgs/msg/String,2026-08-22T20:17:19.111458-04:00,1787444239,111448017,1787444239111448017,183.432581,,,,18576,18575,1,0,0,18576,AxisTarget,1,True,True,True,True,8.423,-60.4701,92.383904,-0.0714,57.9086,8.4344,617.800476,-91.396881,523.574829,179.973511,0.184546,179.966095,5708,False,True,
1056,/kuka/axis_move/feedback_json,std_msgs/msg/String,2026-08-22T20:17:19.225473-04:00,1787444239,225456738,1787444239225456738,114.008721,,,,18577,18576,1,0,0,18577,AxisTarget,1,True,True,True,False,8.423,-60.4701,92.383904,-0.0714,57.9086,8.4344,617.800476,-91.396881,523.574829,179.973511,0.184546,179.966095,5708,False,True,
1057,/kuka/axis_move/feedback_json,std_msgs/msg/String,2026-08-22T20:17:19.339426-04:00,1787444239,339420645,1787444239339420645,113.963907,,,,18578,18577,1,0,0,18578,AxisTarget,1,True,True,True,True,8.427462,-60.466927,92.37886,-0.071476,57.910072,8.45143,617.803528,-91.412209,523.572998,179.973495,0.184535,179.966095,5708,False,True,
1058,/kuka/axis_move/feedback_json,std_msgs/msg/String,2026-08-22T20:17:19.455713-04:00,1787444239,455704066,1787444239455704066,116.283421,,,,18579,18578,1,0,0,18579,AxisTarget,1,True,True,True,False,8.705436,-60.314316,92.186729,-0.073822,57.947601,8.814806,618.312683,-94.00827,523.255859,179.97171,0.182598,179.965088,5708,False,True,
1059,/kuka/axis_move/feedback_json,std_msgs/msg/String,2026-08-22T20:17:19.640356-04:00,1787444239,640348646,1787444239640348646,184.64458,,,,18580,18579,1,0,0,18580,AxisTarget,1,True,True,True,False,9.62399,-59.84409,91.634087,-0.080128,58.041935,9.669559,620.302551,-104.863983,521.919067,179.964294,0.174663,179.960785,5709,False,True,
1060,/kuka/axis_move/feedback_json,std_msgs/msg/String,2026-08-22T20:17:19.823637-04:00,1787444239,823631406,1787444239823631406,183.28276,,,,18581,18580,1,0,0,18581,AxisTarget,1,True,True,True,False,9.7017,-59.808601,91.597099,-0.0805,58.046799,9.7078,620.495422,-105.98542,521.779968,179.963531,0.173858,179.960327,5710,False,True,
1061,/kuka/axis_move/feedback_json,std_msgs/msg/String,2026-08-22T20:17:20.007604-04:00,1787444240,7592627,1787444240007592627,183.961221,,,,18582,18581,1,0,0,18582,AxisTarget,1,True,True,True,True,9.7017,-59.808601,91.597099,-0.0805,58.046799,9.7078,620.495422,-105.98542,521.779968,179.963531,0.173858,179.960327,5711,False,True,
1062,/kuka/axis_move/feedback_json,std_msgs/msg/String,2026-08-22T20:17:20.123585-04:00,1787444240,123557421,1787444240123557421,115.964794,,,,18583,18582,1,0,0,18583,AxisTarget,1,True,True,True,True,9.703793,-59.806995,91.594383,-0.080542,58.047676,9.718328,620.496948,-105.994591,521.778809,179.963531,0.173851,179.960327,5711,False,True,
1063,/kuka/axis_move/feedback_json,std_msgs/msg/String,2026-08-22T20:17:20.235767-04:00,1787444240,235758248,1787444240235758248,112.200827,,,,18584,18583,1,0,0,18584,AxisTarget,1,True,True,True,False,9.94586,-59.673481,91.425621,-0.082558,58.080849,10.039167,620.875305,-108.236717,521.500244,179.962006,0.172221,179.959412,5711,False,True,
1064,/kuka/axis_move/feedback_json,std_msgs/msg/String,2026-08-22T20:17:20.349639-04:00,1787444240,349614864,1787444240349614864,113.856616,,,,18585,18584,1,0,0,18585,AxisTarget,1,True,True,True,False,10.356786,-59.466072,91.185677,-0.085183,58.120377,10.389256,621.684814,-113.234055,520.876709,179.958618,0.168626,179.957367,5711,False,True,
1065,/kuka/axis_move/feedback_json,std_msgs/msg/String,2026-08-22T20:17:20.529608-04:00,1787444240,529593689,1787444240529593689,179.978825,,,,18586,18585,1,0,0,18586,AxisTarget,1,True,True,True,False,10.4075,-59.443501,91.162804,-0.0854,58.123199,10.4106,621.82135,-114.106773,520.767456,179.958038,0.168003,179.957001,5712,False,True,
1066,/kuka/axis_move/feedback_json,std_msgs/msg/String,2026-08-22T20:17:20.639600-04:00,1787444240,639594867,1787444240639594867,110.001178,,,,18587,18586,1,0,0,18587,AxisTarget,1,True,True,True,True,10.43783,-59.424946,91.136993,-0.085747,58.129135,10.472594,621.851624,-114.3013,520.743164,179.957916,0.167884,179.956924,5712,False,True,
1067,/kuka/axis_move/feedback_json,std_msgs/msg/String,2026-08-22T20:17:20.821588-04:00,1787444240,821563928,1787444240821563928,181.969061,,,,18588,18587,1,0,0,18588,AxisTarget,1,True,True,True,False,10.5609,-59.364201,91.068398,-0.0865,58.139702,10.5634,622.09436,-115.878098,520.545959,179.956879,0.166918,179.956268,5713,False,True,
1068,/kuka/axis_move/feedback_json,std_msgs/msg/String,2026-08-22T20:17:20.934462-04:00,1787444240,934452462,1787444240934452462,112.888534,,,,18589,18588,1,0,0,18589,AxisTarget,1,True,True,True,True,10.5609,-59.364201,91.068398,-0.0865,58.139702,10.5634,622.09436,-115.878098,520.545959,179.956879,0.166918,179.956268,5713,False,True,
1069,/kuka/axis_move/feedback_json,std_msgs/msg/String,2026-08-22T20:17:21.118526-04:00,1787444241,118518200,1787444241118518200,184.065738,,,,18590,18589,1,0,0,18590,AxisTarget,1,True,True,True,True,10.5609,-59.364201,91.068405,-0.0865,58.139603,10.563401,622.09436,-115.878098,520.545959,179.956879,0.166918,179.956268,5714,False,True,
1070,/kuka/axis_move/feedback_json,std_msgs/msg/String,2026-08-22T20:17:21.231638-04:00,1787444241,231628319,1787444241231628319,113.110119,,,,18591,18590,1,0,0,18591,AxisTarget,1,True,True,True,False,10.561989,-59.308731,91.114464,-0.087815,58.017891,10.564078,622.128967,-115.893837,519.930481,179.955826,0.167564,179.95575,5714,False,True,
1071,/kuka/axis_move/feedback_json,std_msgs/msg/String,2026-08-22T20:17:21.425798-04:00,1787444241,425789871,1787444241425789871,194.161552,,,,18592,18591,1,0,0,18592,AxisTarget,1,True,True,True,False,10.5646,-59.2038,91.1922,-0.0898,57.853298,10.5649,622.231445,-115.941597,518.033936,179.95256,0.169552,179.954147,5715,False,True,
1072,/kuka/axis_move/feedback_json,std_msgs/msg/String,2026-08-22T20:17:21.537534-04:00,1787444241,537523333,1787444241537523333,111.733462,,,,18593,18592,1,0,0,18593,AxisTarget,1,True,True,True,False,10.5646,-59.2038,91.1922,-0.0898,57.853298,10.5649,622.231445,-115.941597,518.034058,179.95256,0.169552,179.954147,5715,False,True,
1073,/kuka/axis_move/feedback_json,std_msgs/msg/String,2026-08-22T20:17:21.647694-04:00,1787444241,647683709,1787444241647683709,110.160376,,,,18594,18593,1,0,0,18594,AxisTarget,1,True,True,True,True,10.56476,-59.195824,91.199097,-0.090003,57.833588,10.565012,622.235901,-115.943695,517.948792,179.952408,0.169648,179.954071,5715,False,True,
1074,/kuka/axis_move/feedback_json,std_msgs/msg/String,2026-08-22T20:17:21.761374-04:00,1787444241,761364477,1787444241761364477,113.680768,,,,18595,18594,1,0,0,18595,AxisTarget,1,True,True,True,False,10.565837,-59.146664,91.238297,-0.091071,57.736916,10.565521,622.269958,-115.959755,517.293945,179.951294,0.170384,179.953537,5715,False,True,
1075,/kuka/axis_move/feedback_json,std_msgs/msg/String,2026-08-22T20:17:21.954637-04:00,1787444241,954623809,1787444241954623809,193.259332,,,,18596,18595,1,0,0,18596,AxisTarget,1,True,True,True,False,10.569811,-58.965092,91.37973,-0.09484,57.403542,10.567243,622.403503,-116.025116,514.571289,179.946625,0.173442,179.95134,5716,False,True,
1076,/kuka/axis_move/feedback_json,std_msgs/msg/String,2026-08-22T20:17:22.069394-04:00,1787444242,69358891,1787444242069358891,114.735082,,,,18597,18596,1,0,0,18597,AxisTarget,1,True,True,True,False,10.572609,-58.846447,91.47084,-0.097232,57.194931,10.568336,622.491089,-116.070389,512.627197,179.943268,0.175625,179.949768,5716,False,True,
1077,/kuka/axis_move/feedback_json,std_msgs/msg/String,2026-08-22T20:17:22.247469-04:00,1787444242,247458859,1787444242247458859,178.099968,,,,18598,18597,1,0,0,18598,AxisTarget,1,True,True,True,False,10.575228,-58.733562,91.55584,-0.099421,57.007797,10.569236,622.569275,-116.112846,510.756683,179.940018,0.177724,179.948288,5717,False,True,
1078,/kuka/axis_move/feedback_json,std_msgs/msg/String,2026-08-22T20:17:22.363285-04:00,1787444242,363258866,1787444242363258866,115.800007,,,,18599,18598,1,0,0,18599,AxisTarget,1,True,True,True,False,10.5755,-58.722698,91.5634,-0.0996,56.993801,10.5693,622.579102,-116.11834,510.511169,179.93959,0.177999,179.94809,5717,False,True,
1079,/kuka/axis_move/feedback_json,std_msgs/msg/String,2026-08-22T20:17:22.473721-04:00,1787444242,473708865,1787444242473708865,110.449999,,,,18600,18599,1,0,0,18600,AxisTarget,1,True,True,True,False,10.5755,-58.722698,91.5634,-0.0996,56.993801,10.5693,622.579102,-116.118347,510.510986,179.93959,0.177999,179.94809,5717,False,True,
1080,/kuka/axis_move/feedback_json,std_msgs/msg/String,2026-08-22T20:17:22.590195-04:00,1787444242,590179217,1787444242590179217,116.470352,,,,18601,18600,1,0,0,18601,AxisTarget,1,True,True,True,True,10.575574,-58.71896,91.566673,-0.099698,56.984222,10.569353,622.580383,-116.119072,510.478607,179.939529,0.178036,179.948059,5717,False,True,
1081,/kuka/axis_move/feedback_json,std_msgs/msg/String,2026-08-22T20:17:22.780222-04:00,1787444242,780195717,1787444242780195717,190.0165,,,,18602,18601,1,0,0,18602,AxisTarget,1,True,True,True,False,10.576951,-58.656971,91.615776,-0.101034,56.864586,10.569969,622.614075,-116.138351,509.614349,179.938004,0.179,179.947372,5718,False,True,
1082,/kuka/axis_move/feedback_json,std_msgs/msg/String,2026-08-22T20:17:22.889665-04:00,1787444242,889651335,1787444242889651335,109.455618,,,,18603,18602,1,0,0,18603,AxisTarget,1,True,True,True,False,10.578618,-58.582905,91.673676,-0.102589,56.726982,10.57067,622.656616,-116.16346,508.472748,179.935974,0.180273,179.946457,5718,False,True,
1083,/kuka/axis_move/feedback_json,std_msgs/msg/String,2026-08-22T20:17:23.004920-04:00,1787444243,4914235,1787444243004914235,115.2629,,,,18604,18603,1,0,0,18604,AxisTarget,1,True,True,True,False,10.580918,-58.481121,91.752953,-0.104711,56.53994,10.571619,622.710571,-116.196747,506.930511,179.933228,0.181993,179.945236,5718,False,True,
1084,/kuka/axis_move/feedback_json,std_msgs/msg/String,2026-08-22T20:17:23.118722-04:00,1787444243,118711713,1787444243118711713,113.797478,,,,18605,18604,1,0,0,18605,AxisTarget,1,True,True,True,False,10.583668,-58.356064,91.849579,-0.107276,56.315598,10.572748,622.770447,-116.236122,505.060425,179.929886,0.184077,179.943771,5718,False,True,
1085,/kuka/axis_move/feedback_json,std_msgs/msg/String,2026-08-22T20:17:23.307830-04:00,1787444243,307818331,1787444243307818331,189.106618,,,,18606,18605,1,0,0,18606,AxisTarget,1,True,True,True,False,10.588408,-58.152924,92.006088,-0.111419,55.954346,10.57456,622.858521,-116.300552,501.882538,179.924179,0.187617,179.941284,5719,False,True,
1086,/kuka/axis_move/feedback_json,std_msgs/msg/String,2026-08-22T20:17:23.491561-04:00,1787444243,491550235,1787444243491550235,183.731904,,,,18607,18606,1,0,0,18607,AxisTarget,1,True,True,True,False,10.591932,-58.000225,92.122566,-0.114472,55.690727,10.575871,622.916138,-116.349472,499.359985,179.919601,0.190425,179.939346,5720,False,True,
1087,/kuka/axis_move/feedback_json,std_msgs/msg/String,2026-08-22T20:17:23.673635-04:00,1787444243,673627431,1787444243673627431,182.077196,,,,18608,18607,1,0,0,18608,AxisTarget,1,True,True,True,False,10.593591,-57.92918,92.176109,-0.115858,55.572578,10.576449,622.939331,-116.371712,498.17807,179.91745,0.191741,179.938431,5721,False,True,
1088,/kuka/axis_move/feedback_json,std_msgs/msg/String,2026-08-22T20:17:23.787686-04:00,1787444243,787677411,1787444243787677411,114.04998,,,,18609,18608,1,0,0,18609,AxisTarget,1,True,True,True,False,10.5938,-57.920799,92.181999,-0.116,55.561401,10.5765,622.942444,-116.37484,498.009949,179.917145,0.191928,179.938309,5721,False,True,
1089,/kuka/axis_move/feedback_json,std_msgs/msg/String,2026-08-22T20:17:23.900169-04:00,1787444243,900150970,1787444243900150970,112.473559,,,,18610,18609,1,0,0,18610,AxisTarget,1,True,True,True,False,10.5938,-57.920799,92.181999,-0.116,55.561401,10.5765,622.942444,-116.374847,498.009583,179.917145,0.191928,179.938309,5721,False,True,
1090,/kuka/axis_move/feedback_json,std_msgs/msg/String,2026-08-22T20:17:24.011503-04:00,1787444244,11492859,1787444244011492859,111.341889,,,,18611,18610,1,0,0,18611,AxisTarget,1,True,True,True,True,10.593847,-57.918373,92.184135,-0.116064,55.555061,10.576536,622.94281,-116.375221,497.989441,179.917114,0.19195,179.938293,5721,False,True,
1091,/kuka/axis_move/feedback_json,std_msgs/msg/String,2026-08-22T20:17:24.199356-04:00,1787444244,199350479,1787444244199350479,187.85762,,,,18612,18611,1,0,0,18612,AxisTarget,1,True,True,True,False,10.594807,-57.875183,92.218391,-0.116997,55.471447,10.576976,622.953857,-116.386673,497.370056,179.915985,0.192634,179.93782,5722,False,True,
1092,/kuka/axis_move/feedback_json,std_msgs/msg/String,2026-08-22T20:17:24.317188-04:00,1787444244,317176580,1787444244317176580,117.826101,,,,18613,18612,1,0,0,18613,AxisTarget,1,True,True,True,False,10.596011,-57.821712,92.260208,-0.118119,55.372009,10.577515,622.967041,-116.401245,496.572723,179.914536,0.193514,179.93721,5722,False,True,
1093,/kuka/axis_move/feedback_json,std_msgs/msg/String,2026-08-22T20:17:24.425651-04:00,1787444244,425640271,1787444244425640271,108.463691,,,,18614,18613,1,0,0,18614,AxisTarget,1,True,True,True,False,10.597754,-57.744656,92.320236,-0.119726,55.230293,10.578226,622.983643,-116.421318,495.455872,179.912491,0.194747,179.936371,5722,False,True,
1094,/kuka/axis_move/feedback_json,std_msgs/msg/String,2026-08-22T20:17:24.540766-04:00,1787444244,540756828,1787444244540756828,115.116557,,,,18615,18614,1,0,0,18615,AxisTarget,1,True,True,True,False,10.599916,-57.649323,92.394356,-0.121704,55.056072,10.579125,623.001892,-116.446564,494.019897,179.909866,0.196331,179.935287,5722,False,True,
1095,/kuka/axis_move/feedback_json,std_msgs/msg/String,2026-08-22T20:17:24.729193-04:00,1787444244,729164308,1787444244729164308,188.40748,,,,18616,18615,1,0,0,18616,AxisTarget,1,True,True,True,False,10.604321,-57.455906,92.543999,-0.12568,54.707722,10.580916,623.028259,-116.496651,491.055267,179.904419,0.199601,179.93306,5723,False,True,
1096,/kuka/axis_move/feedback_json,std_msgs/msg/String,2026-08-22T20:17:24.912882-04:00,1787444244,912874272,1787444244912874272,183.709964,,,,18617,18616,1,0,0,18617,AxisTarget,1,True,True,True,False,10.60899,-57.251534,92.705017,-0.129947,54.334911,10.582828,623.039795,-116.548218,487.817535,179.898407,0.203169,179.930679,5724,False,True,
1097,/kuka/axis_move/feedback_json,std_msgs/msg/String,2026-08-22T20:17:25.027500-04:00,1787444245,27492056,1787444245027492056,114.617784,,,,18618,18617,1,0,0,18618,AxisTarget,1,True,True,True,False,10.611871,-57.121101,92.802277,-0.132523,54.109848,10.583981,623.038025,-116.577766,485.863281,179.89476,0.205322,179.929245,5724,False,True,
1098,/kuka/axis_move/feedback_json,std_msgs/msg/String,2026-08-22T20:17:25.144334-04:00,1787444245,144305351,1787444245144305351,116.813295,,,,18619,18618,1,0,0,18619,AxisTarget,1,True,True,True,False,10.614456,-57.013058,92.885002,-0.134698,53.921345,10.584939,623.030701,-116.603569,484.088013,179.891434,0.207276,179.927963,5724,False,True,
1099,/kuka/axis_move/feedback_json,std_msgs/msg/String,2026-08-22T20:17:25.329976-04:00,1787444245,329952874,1787444245329952874,185.647523,,,,18620,18619,1,0,0,18620,AxisTarget,1,True,True,True,False,10.617383,-56.886642,92.981209,-0.137212,53.704662,10.586034,623.015625,-116.631935,482.052643,179.887604,0.209516,179.926498,5725,False,True,
1100,/kuka/axis_move/feedback_json,std_msgs/msg/String,2026-08-22T20:17:25.439777-04:00,1787444245,439760381,1787444245439760381,109.807507,,,,18621,18620,1,0,0,18621,AxisTarget,1,True,True,True,False,10.618277,-56.848557,93.009781,-0.137948,53.642265,10.586344,623.009521,-116.640373,481.428955,179.886429,0.210203,179.926056,5725,False,True,
1101,/kuka/axis_move/feedback_json,std_msgs/msg/String,2026-08-22T20:17:25.551606-04:00,1787444245,551598620,1787444245551598620,111.838239,,,,18622,18621,1,0,0,18622,AxisTarget,1,True,True,True,False,10.6185,-56.839603,93.016098,-0.1381,53.630199,10.5864,623.007568,-116.642921,481.238312,179.886063,0.210412,179.925919,5725,False,True,
1102,/kuka/axis_move/feedback_json,std_msgs/msg/String,2026-08-22T20:17:25.665292-04:00,1787444245,665286243,1787444245665286243,113.687623,,,,18623,18622,1,0,0,18623,AxisTarget,1,True,True,True,False,10.6185,-56.8396,93.016098,-0.1381,53.630199,10.5864,623.007568,-116.642937,481.237213,179.886063,0.210414,179.925919,5725,False,True,
1103,/kuka/axis_move/feedback_json,std_msgs/msg/String,2026-08-22T20:17:25.854893-04:00,1787444245,854880205,1787444245854880205,189.593962,,,,18624,18623,1,0,0,18624,AxisTarget,1,True,True,True,True,10.618787,-56.826084,93.027245,-0.138414,53.600891,10.586558,623.005737,-116.64518,481.068451,179.885742,0.2106,179.925797,5726,False,True,
1104,/kuka/axis_move/feedback_json,std_msgs/msg/String,2026-08-22T20:17:25.967522-04:00,1787444245,967512351,1787444245967512351,112.632146,,,,18625,18624,1,0,0,18625,AxisTarget,1,True,True,True,False,10.619634,-56.787991,93.057327,-0.139228,53.528072,10.586937,622.999512,-116.65239,480.520721,179.884705,0.211206,179.925415,5726,False,True,
1105,/kuka/axis_move/feedback_json,std_msgs/msg/String,2026-08-22T20:17:26.083601-04:00,1787444246,83595069,1787444246083595069,116.082718,,,,18626,18625,1,0,0,18626,AxisTarget,1,True,True,True,False,10.621109,-56.72226,93.108757,-0.140607,53.405712,10.587567,622.987671,-116.664452,479.58786,179.882935,0.212237,179.924759,5726,False,True,
1106,/kuka/axis_move/feedback_json,std_msgs/msg/String,2026-08-22T20:17:26.198770-04:00,1787444246,198739560,1787444246198739560,115.144491,,,,18627,18626,1,0,0,18627,AxisTarget,1,True,True,True,False,10.623192,-56.629795,93.180817,-0.142531,53.235588,10.58844,622.96759,-116.681686,478.216156,179.880325,0.213752,179.923798,5726,False,True,
1107,/kuka/axis_move/feedback_json,std_msgs/msg/String,2026-08-22T20:17:26.382491-04:00,1787444246,382474031,1787444246382474031,183.734471,,,,18628,18627,1,0,0,18628,AxisTarget,1,True,True,True,False,10.627447,-56.437805,93.329483,-0.146476,52.889126,10.590207,622.914001,-116.716377,475.299377,179.874756,0.216974,179.921768,5727,False,True,
1108,/kuka/axis_move/feedback_json,std_msgs/msg/String,2026-08-22T20:17:26.495586-04:00,1787444246,495571529,1787444246495571529,113.097498,,,,18629,18628,1,0,0,18629,AxisTarget,1,True,True,True,False,10.630317,-56.316067,93.423416,-0.148961,52.671654,10.591312,622.870056,-116.738014,473.354889,179.871017,0.219121,179.920441,5727,False,True,
1109,/kuka/axis_move/feedback_json,std_msgs/msg/String,2026-08-22T20:17:26.609514-04:00,1787444246,609498730,1787444246609498730,113.927201,,,,18630,18629,1,0,0,18630,AxisTarget,1,True,True,True,False,10.633174,-56.190704,93.520004,-0.15151,52.448887,10.592443,622.821594,-116.757721,471.482483,179.867386,0.221187,179.919159,5727,False,True,
1110,/kuka/axis_move/feedback_json,std_msgs/msg/String,2026-08-22T20:17:26.723404-04:00,1787444246,723391597,1787444246723391597,113.892867,,,,18631,18630,1,0,0,18631,AxisTarget,1,True,True,True,False,10.635542,-56.087639,93.601166,-0.153635,52.264713,10.593369,622.772339,-116.774635,469.784515,179.864105,0.22306,179.918015,5727,False,True,
1111,/kuka/axis_move/feedback_json,std_msgs/msg/String,2026-08-22T20:17:26.909000-04:00,1787444246,908993646,1787444246908993646,185.602049,,,,18632,18631,1,0,0,18632,AxisTarget,1,True,True,True,False,10.638069,-55.978291,93.681824,-0.155735,52.08392,10.594273,622.715942,-116.791214,468.023682,179.860672,0.225002,179.91684,5728,False,True,
1112,/kuka/axis_move/feedback_json,std_msgs/msg/String,2026-08-22T20:17:27.019636-04:00,1787444247,19621029,1787444247019621029,110.627383,,,,18633,18632,1,0,0,18633,AxisTarget,1,True,True,True,False,10.638712,-55.951088,93.702034,-0.156248,52.040741,10.594483,622.700439,-116.795349,467.567719,179.859772,0.225505,179.916534,5728,False,True,
1113,/kuka/axis_move/feedback_json,std_msgs/msg/String,2026-08-22T20:17:27.133207-04:00,1787444247,133172818,1787444247133172818,113.551789,,,,18634,18633,1,0,0,18634,AxisTarget,1,True,True,True,False,10.6388,-55.947701,93.7043,-0.1563,52.0369,10.5945,622.69751,-116.796112,467.482544,179.859604,0.225599,179.916473,5728,False,True,
1114,/kuka/axis_move/feedback_json,std_msgs/msg/String,2026-08-22T20:17:27.244825-04:00,1787444247,244815823,1787444247244815823,111.643005,,,,18635,18634,1,0,0,18635,AxisTarget,1,True,True,True,False,10.6388,-55.947701,93.7043,-0.1563,52.036896,10.5945,622.69751,-116.796112,467.482544,179.859604,0.225599,179.916473,5728,False,True,
1115,/kuka/axis_move/feedback_json,std_msgs/msg/String,2026-08-22T20:17:27.425630-04:00,1787444247,425622342,1787444247425622342,180.806519,,,,18636,18635,1,0,0,18636,AxisTarget,1,True,True,True,True,10.639457,-55.917118,93.729248,-0.156999,51.972618,10.594838,622.684631,-116.799408,467.112518,179.858887,0.226005,179.916229,5729,False,True,
1116,/kuka/axis_move/feedback_json,std_msgs/msg/String,2026-08-22T20:17:27.612489-04:00,1787444247,612465485,1787444247612465485,186.843143,,,,18637,18636,1,0,0,18637,AxisTarget,1,True,True,True,False,10.642409,-55.78513,93.83284,-0.15988,51.717274,10.596135,622.612976,-116.816025,465.165558,179.855042,0.228141,179.914948,5730,False,True,
1117,/kuka/axis_move/feedback_json,std_msgs/msg/String,2026-08-22T20:17:27.727685-04:00,1787444247,727673084,1787444247727673084,115.207599,,,,18638,18637,1,0,0,18638,AxisTarget,1,True,True,True,False,10.645233,-55.660694,93.929085,-0.162357,51.500938,10.597218,622.539734,-116.830505,463.340759,179.85141,0.230142,179.913742,5730,False,True,
1118,/kuka/axis_move/feedback_json,std_msgs/msg/String,2026-08-22T20:17:27.839443-04:00,1787444247,839436976,1787444247839436976,111.763892,,,,18639,18638,1,0,0,18639,AxisTarget,1,True,True,True,False,10.647976,-55.540493,94.021561,-0.164884,51.281464,10.59831,622.456299,-116.84462,461.418121,179.84758,0.23225,179.912491,5730,False,True,
1119,/kuka/axis_move/feedback_json,std_msgs/msg/String,2026-08-22T20:17:28.025792-04:00,1787444248,25769332,1787444248025769332,186.332356,,,,18640,18639,1,0,0,18640,AxisTarget,1,True,True,True,False,10.651091,-55.405972,94.123543,-0.167464,51.060562,10.599394,622.355835,-116.85894,459.278503,179.843307,0.234595,179.911118,5731,False,True,
1120,/kuka/axis_move/feedback_json,std_msgs/msg/String,2026-08-22T20:17:28.135307-04:00,1787444248,135299411,1787444248135299411,109.530079,,,,18641,18640,1,0,0,18641,AxisTarget,1,True,True,True,False,10.651759,-55.377956,94.144096,-0.167981,51.01786,10.599595,622.330505,-116.86216,458.764313,179.84227,0.235158,179.910782,5731,False,True,
1121,/kuka/axis_move/feedback_json,std_msgs/msg/String,2026-08-22T20:17:28.320865-04:00,1787444248,320859462,1787444248320859462,185.560051,,,,18642,18641,1,0,0,18642,AxisTarget,1,True,True,True,False,10.6518,-55.376499,94.144997,-0.168,51.016598,10.5996,622.328186,-116.862457,458.717102,179.842178,0.23521,179.910751,5732,False,True,
1122,/kuka/axis_move/feedback_json,std_msgs/msg/String,2026-08-22T20:17:28.433530-04:00,1787444248,433519802,1787444248433519802,112.66034,,,,18643,18642,1,0,0,18643,AxisTarget,1,True,True,True,True,10.652133,-55.360157,94.159035,-0.168414,50.976845,10.599823,622.319458,-116.863533,458.542603,179.841827,0.235406,179.910645,5732,False,True,
1123,/kuka/axis_move/feedback_json,std_msgs/msg/String,2026-08-22T20:17:28.619188-04:00,1787444248,619182806,1787444248619182806,185.663004,,,,18644,18643,1,0,0,18644,AxisTarget,1,True,True,True,False,10.655915,-55.191891,94.290535,-0.172038,50.658119,10.601466,622.191284,-116.877739,456.084564,179.836884,0.238177,179.909103,5733,False,True,
1124,/kuka/axis_move/feedback_json,std_msgs/msg/String,2026-08-22T20:17:28.733066-04:00,1787444248,733060376,1787444248733060376,113.87757,,,,18645,18644,1,0,0,18645,AxisTarget,1,True,True,True,False,10.657717,-55.116222,94.346252,-0.173368,50.547958,10.601995,622.118896,-116.884491,454.779572,179.834259,0.239648,179.908295,5733,False,True,
1125,/kuka/axis_move/feedback_json,std_msgs/msg/String,2026-08-22T20:17:28.845589-04:00,1787444248,845581465,1787444248845581465,112.521089,,,,18646,18645,1,0,0,18646,AxisTarget,1,True,True,True,False,10.6578,-55.1134,94.3479,-0.1734,50.5466,10.602,622.113953,-116.884918,454.692261,179.834076,0.239746,179.908234,5733,False,True,
1126,/kuka/axis_move/feedback_json,std_msgs/msg/String,2026-08-22T20:17:28.963249-04:00,1787444248,963238962,1787444248963238962,117.657497,,,,18647,18646,1,0,0,18647,AxisTarget,1,False,True,True,False,10.6578,-55.1134,94.3479,-0.1734,50.5466,10.602,622.113953,-116.884918,454.692261,179.834076,0.239746,179.908234,5733,False,True,
1127,/kuka/axis_move/feedback_json,std_msgs/msg/String,2026-08-22T20:17:29.157500-04:00,1787444249,157493564,1787444249157493564,194.254602,,,,18648,18647,1,0,0,18648,AxisTarget,1,False,True,True,False,10.6578,-55.1134,94.3479,-0.1734,50.5466,10.602,622.113953,-116.884918,454.692261,179.834076,0.239746,179.908234,5734,False,True,
1128,/kuka/axis_move/feedback_json,std_msgs/msg/String,2026-08-22T20:17:29.274767-04:00,1787444249,274739541,1787444249274739541,117.245977,,,,18649,18648,1,0,0,18649,AxisTarget,1,False,True,True,False,10.6578,-55.1134,94.3479,-0.1734,50.5466,10.602,622.113953,-116.884918,454.692261,179.834076,0.239746,179.908234,5734,False,True,
1129,/kuka/axis_move/feedback_json,std_msgs/msg/String,2026-08-22T20:17:29.387581-04:00,1787444249,387569530,1787444249387569530,112.829989,,,,18650,18649,1,0,0,18650,AxisTarget,1,False,True,True,False,10.6578,-55.1134,94.3479,-0.1734,50.5466,10.602,622.113953,-116.884918,454.692261,179.834076,0.239746,179.908234,5734,False,True,
1130,/kuka/axis_move/feedback_json,std_msgs/msg/String,2026-08-22T20:17:29.501645-04:00,1787444249,501637516,1787444249501637516,114.067986,,,,18651,18650,1,0,0,18651,AxisTarget,1,False,True,True,False,10.6578,-55.1134,94.3479,-0.1734,50.5466,10.602,622.113953,-116.884918,454.692261,179.834076,0.239746,179.908234,5734,False,True,
1131,/kuka/axis_move/feedback_json,std_msgs/msg/String,2026-08-22T20:17:29.695394-04:00,1787444249,695367967,1787444249695367967,193.730451,,,,18652,18651,1,0,0,18652,AxisTarget,1,False,True,True,False,10.6578,-55.1134,94.3479,-0.1734,50.5466,10.602,622.113953,-116.884918,454.692261,179.834076,0.239746,179.908234,5735,False,True,
1132,/kuka/axis_move/feedback_json,std_msgs/msg/String,2026-08-22T20:17:29.891229-04:00,1787444249,891223055,1787444249891223055,195.855088,,,,18653,18652,1,0,0,18653,AxisTarget,1,False,True,True,False,10.6578,-55.1134,94.3479,-0.1734,50.5466,10.602,622.113953,-116.884918,454.692261,179.834076,0.239746,179.908234,5736,False,True,
1133,/kuka/axis_move/feedback_json,std_msgs/msg/String,2026-08-22T20:17:30.009649-04:00,1787444250,9621260,1787444250009621260,118.398205,,,,18654,18653,1,0,0,18654,AxisTarget,1,False,True,True,False,10.6578,-55.1134,94.3479,-0.1734,50.5466,10.602,622.113953,-116.884918,454.692261,179.834076,0.239746,179.908234,5736,False,True,
1134,/kuka/axis_move/feedback_json,std_msgs/msg/String,2026-08-22T20:17:30.124991-04:00,1787444250,124982719,1787444250124982719,115.361459,,,,18655,18654,1,0,0,18655,AxisTarget,1,False,True,True,False,10.6578,-55.1134,94.3479,-0.1734,50.5466,10.602,622.113953,-116.884918,454.692261,179.834076,0.239746,179.908234,5736,False,True,
1135,/kuka/axis_move/feedback_json,std_msgs/msg/String,2026-08-22T20:17:30.236361-04:00,1787444250,236337756,1787444250236337756,111.355037,,,,18656,18655,1,0,0,18656,AxisTarget,1,False,True,True,False,10.6578,-55.1134,94.3479,-0.1734,50.5466,10.602,622.113953,-116.884918,454.692261,179.834076,0.239746,179.908234,5736,False,True,
1136,/kuka/axis_move/feedback_json,std_msgs/msg/String,2026-08-22T20:17:30.424756-04:00,1787444250,424714672,1787444250424714672,188.376916,,,,18657,18656,1,0,0,18657,AxisTarget,1,False,True,True,False,10.6578,-55.1134,94.3479,-0.1734,50.5466,10.602,622.113953,-116.884918,454.692261,179.834076,0.239746,179.908234,5737,False,True,
1137,/kuka/axis_move/feedback_json,std_msgs/msg/String,2026-08-22T20:17:30.532847-04:00,1787444250,532836716,1787444250532836716,108.122044,,,,18658,18657,1,0,0,18658,AxisTarget,1,False,True,True,False,10.6578,-55.1134,94.3479,-0.1734,50.5466,10.602,622.113953,-116.884918,454.692261,179.834076,0.239746,179.908234,5737,False,True,
1138,/kuka/axis_move/feedback_json,std_msgs/msg/String,2026-08-22T20:17:30.719453-04:00,1787444250,719431556,1787444250719431556,186.59484,,,,18659,18658,1,0,0,18659,AxisTarget,1,True,True,True,False,10.6578,-55.1134,94.3479,-0.1734,50.5466,10.602,622.113953,-116.884918,454.692261,179.834076,0.239746,179.908234,5738,False,True,
1139,/kuka/axis_move/feedback_json,std_msgs/msg/String,2026-08-22T20:17:30.834304-04:00,1787444250,834294451,1787444250834294451,114.862895,,,,18660,18659,1,0,0,18660,AxisTarget,1,True,True,True,True,10.6578,-55.1134,94.3479,-0.1734,50.5466,10.602,622.113953,-116.884918,454.692261,179.834076,0.239746,179.908234,5738,False,True,
1140,/kuka/axis_move/feedback_json,std_msgs/msg/String,2026-08-22T20:17:31.031307-04:00,1787444251,31272573,1787444251031272573,196.978122,,,,18661,18660,1,0,0,18661,AxisTarget,1,True,True,True,False,10.6578,-55.1134,94.3479,-0.1734,50.5466,10.602,622.113953,-116.884918,454.692261,179.834076,0.239746,179.908234,5739,False,True,
1141,/kuka/axis_move/feedback_json,std_msgs/msg/String,2026-08-22T20:17:31.143256-04:00,1787444251,143240368,1787444251143240368,111.967795,,,,18662,18661,1,0,0,18662,AxisTarget,1,True,True,True,True,10.657931,-55.12006,94.341049,-0.173047,50.567635,10.60218,622.117737,-116.886681,454.745636,179.834137,0.239786,179.908325,5739,False,True,
1142,/kuka/axis_move/feedback_json,std_msgs/msg/String,2026-08-22T20:17:31.325154-04:00,1787444251,325132403,1787444251325132403,181.892035,,,,18663,18662,1,0,0,18663,AxisTarget,1,True,True,True,False,10.661477,-55.266045,94.21772,-0.167774,50.83054,10.604088,622.273804,-116.960152,456.999969,179.836487,0.241482,179.912262,5740,False,True,
1143,/kuka/axis_move/feedback_json,std_msgs/msg/String,2026-08-22T20:17:31.435337-04:00,1787444251,435331937,1787444251435331937,110.199534,,,,18664,18663,1,0,0,18664,AxisTarget,1,True,True,True,False,10.6616,-55.269901,94.215302,-0.1677,50.833099,10.6041,622.284424,-116.965233,457.157898,179.836655,0.241601,179.912537,5740,False,True,
1144,/kuka/axis_move/feedback_json,std_msgs/msg/String,2026-08-22T20:17:31.550830-04:00,1787444251,550824562,1787444251550824562,115.492625,,,,18665,18664,1,0,0,18665,AxisTarget,1,True,True,True,True,10.661605,-55.270187,94.214828,-0.167672,50.834892,10.604116,622.284485,-116.965271,457.159058,179.836655,0.241602,179.912537,5740,False,True,
1145,/kuka/axis_move/feedback_json,std_msgs/msg/String,2026-08-22T20:17:31.673477-04:00,1787444251,673455122,1787444251673455122,122.63056,,,,18666,18665,1,0,0,18666,AxisTarget,1,True,True,True,False,10.662178,-55.296043,94.191673,-0.166613,50.890835,10.604542,622.306763,-116.975861,457.493103,179.837006,0.24186,179.913132,5740,False,True,
1146,/kuka/axis_move/feedback_json,std_msgs/msg/String,2026-08-22T20:17:31.861907-04:00,1787444251,861868779,1787444251861868779,188.413657,,,,18667,18666,1,0,0,18667,AxisTarget,1,True,True,True,False,10.665705,-55.44775,94.060989,-0.160874,51.181915,10.606672,622.449158,-117.044838,459.698975,179.83934,0.243562,179.917053,5741,False,True,
1147,/kuka/axis_move/feedback_json,std_msgs/msg/String,2026-08-22T20:17:31.971382-04:00,1787444251,971367560,1787444251971367560,109.498781,,,,18668,18667,1,0,0,18668,AxisTarget,1,True,True,True,False,10.668412,-55.562271,93.960373,-0.156527,51.398983,10.608237,622.563293,-117.10215,461.572418,179.841309,0.245001,179.920395,5741,False,True,
1148,/kuka/axis_move/feedback_json,std_msgs/msg/String,2026-08-22T20:17:32.088953-04:00,1787444252,88922007,1787444252088922007,117.554447,,,,18669,18668,1,0,0,18669,AxisTarget,1,True,True,True,False,10.670943,-55.667973,93.875534,-0.152912,51.576958,10.609502,622.660522,-117.152679,463.256622,179.843033,0.24629,179.923416,5741,False,True,
1149,/kuka/axis_move/feedback_json,std_msgs/msg/String,2026-08-22T20:17:32.271781-04:00,1787444252,271755114,1787444252271755114,182.833107,,,,18670,18669,1,0,0,18670,AxisTarget,1,True,True,True,False,10.672671,-55.738472,93.817993,-0.150519,51.691814,10.610298,622.731567,-117.190704,464.545166,179.84436,0.247272,179.925735,5742,False,True,
1150,/kuka/axis_move/feedback_json,std_msgs/msg/String,2026-08-22T20:17:32.385514-04:00,1787444252,385507481,1787444252385507481,113.752367,,,,18671,18670,1,0,0,18671,AxisTarget,1,True,True,True,False,10.6727,-55.739399,93.817398,-0.1505,51.692501,10.6103,622.733154,-117.191566,464.574646,179.844391,0.247295,179.925797,5742,False,True,
1151,/kuka/axis_move/feedback_json,std_msgs/msg/String,2026-08-22T20:17:32.500249-04:00,1787444252,500224464,1787444252500224464,114.716983,,,,18672,18671,1,0,0,18672,AxisTarget,1,True,True,True,True,10.672704,-55.739647,93.817009,-0.150478,51.693897,10.610312,622.733215,-117.191605,464.575836,179.844391,0.247296,179.925797,5742,False,True,
1152,/kuka/axis_move/feedback_json,std_msgs/msg/String,2026-08-22T20:17:32.615459-04:00,1787444252,615449348,1787444252615449348,115.224884,,,,18673,18672,1,0,0,18673,AxisTarget,1,True,True,True,False,10.673057,-55.755356,93.802979,-0.149838,51.729881,10.610582,622.743408,-117.197182,464.765411,179.844574,0.24744,179.926132,5742,False,True,
1153,/kuka/axis_move/feedback_json,std_msgs/msg/String,2026-08-22T20:17:32.803389-04:00,1787444252,803378979,1787444252803378979,187.929631,,,,18674,18673,1,0,0,18674,AxisTarget,1,True,True,True,False,10.675118,-55.843304,93.727058,-0.146503,51.897774,10.611798,622.810852,-117.234749,466.053345,179.845825,0.248417,179.928467,5743,False,True,
1154,/kuka/axis_move/feedback_json,std_msgs/msg/String,2026-08-22T20:17:32.989046-04:00,1787444252,988996520,1787444252988996520,185.617541,,,,18675,18674,1,0,0,18675,AxisTarget,1,True,True,True,False,10.678926,-56.004128,93.589523,-0.140517,52.200211,10.613971,622.934082,-117.306557,468.569702,179.848267,0.250317,179.933044,5744,False,True,
1155,/kuka/axis_move/feedback_json,std_msgs/msg/String,2026-08-22T20:17:33.103534-04:00,1787444253,103522666,1787444253103522666,114.526146,,,,18676,18675,1,0,0,18676,AxisTarget,1,True,True,True,False,10.681863,-56.12711,93.485291,-0.136021,52.42543,10.615574,623.018921,-117.358864,470.45047,179.850037,0.251731,179.936478,5744,False,True,
1156,/kuka/axis_move/feedback_json,std_msgs/msg/String,2026-08-22T20:17:33.213527-04:00,1787444253,213487432,1787444253213487432,109.964766,,,,18677,18676,1,0,0,18677,AxisTarget,1,True,True,True,False,10.684701,-56.245888,93.384674,-0.131683,52.642628,10.61712,623.100464,-117.411964,472.40451,179.851868,0.253194,179.940063,5744,False,True,
1157,/kuka/axis_move/feedback_json,std_msgs/msg/String,2026-08-22T20:17:33.323416-04:00,1787444253,323404668,1787444253323404668,109.917236,,,,18678,18677,1,0,0,18678,AxisTarget,1,True,True,True,False,10.687305,-56.354092,93.293701,-0.12779,52.835964,10.618484,623.165955,-117.457153,474.105377,179.853424,0.254463,179.943207,5744,False,True,
1158,/kuka/axis_move/feedback_json,std_msgs/msg/String,2026-08-22T20:17:33.507184-04:00,1787444253,507177195,1787444253507177195,183.772527,,,,18679,18678,1,0,0,18679,AxisTarget,1,True,True,True,False,10.690209,-56.47401,93.193436,-0.123524,53.046738,10.619966,623.237793,-117.510086,476.144714,179.855286,0.255978,179.947006,5745,False,True,
1159,/kuka/axis_move/feedback_json,std_msgs/msg/String,2026-08-22T20:17:33.621656-04:00,1787444253,621621558,1787444253621621558,114.444363,,,,18680,18679,1,0,0,18680,AxisTarget,1,True,True,True,False,10.691122,-56.511246,93.162704,-0.122234,53.109585,10.6204,623.258301,-117.525993,476.768158,179.855835,0.25644,179.948166,5745,False,True,
1160,/kuka/axis_move/feedback_json,std_msgs/msg/String,2026-08-22T20:17:33.733116-04:00,1787444253,733105698,1787444253733105698,111.48414,,,,18681,18680,1,0,0,18681,AxisTarget,1,True,True,True,False,10.691399,-56.521965,93.154312,-0.1219,53.124901,10.6205,623.265564,-117.531723,476.994171,179.856033,0.256608,179.948578,5745,False,True,
1161,/kuka/axis_move/feedback_json,std_msgs/msg/String,2026-08-22T20:17:33.849450-04:00,1787444253,849419993,1787444253849419993,116.314295,,,,18682,18681,1,0,0,18682,AxisTarget,1,True,True,True,False,10.6914,-56.521999,93.154297,-0.1219,53.124901,10.6205,623.265625,-117.531815,476.99765,179.856049,0.25661,179.948593,5745,False,True,
1162,/kuka/axis_move/feedback_json,std_msgs/msg/String,2026-08-22T20:17:34.038668-04:00,1787444254,38637786,1787444254038637786,189.217793,,,,18683,18682,1,0,0,18683,AxisTarget,1,True,True,True,True,10.691646,-56.533192,93.144058,-0.121425,53.152298,10.62071,623.269714,-117.535027,477.124756,179.856155,0.256703,179.948822,5746,False,True,
1163,/kuka/axis_move/feedback_json,std_msgs/msg/String,2026-08-22T20:17:34.233246-04:00,1787444254,233206951,1787444254233206951,194.569165,,,,18684,18683,1,0,0,18684,AxisTarget,1,True,True,True,False,10.693568,-56.615639,93.072754,-0.11829,53.310684,10.621874,623.306702,-117.565208,478.330231,179.857239,0.257581,179.95108,5747,False,True,
1164,/kuka/axis_move/feedback_json,std_msgs/msg/String,2026-08-22T20:17:34.339218-04:00,1787444254,339211772,1787444254339211772,106.004821,,,,18685,18684,1,0,0,18685,AxisTarget,1,True,True,True,False,10.695665,-56.70475,92.996368,-0.114961,53.479424,10.623104,623.345215,-117.598564,479.685272,179.858459,0.258566,179.953613,5747,False,True,
1165,/kuka/axis_move/feedback_json,std_msgs/msg/String,2026-08-22T20:17:34.455872-04:00,1787444254,455849111,1787444254455849111,116.637339,,,,18686,18685,1,0,0,18686,AxisTarget,1,True,True,True,False,10.698321,-56.816994,92.900696,-0.110816,53.68824,10.624616,623.390076,-117.640594,481.428864,179.859985,0.259829,179.956894,5747,False,True,
1166,/kuka/axis_move/feedback_json,std_msgs/msg/String,2026-08-22T20:17:34.566320-04:00,1787444254,566297001,1787444254566297001,110.44789,,,,18687,18686,1,0,0,18687,AxisTarget,1,True,True,True,False,10.70115,-56.935791,92.800018,-0.106477,53.905712,10.626184,623.4328,-117.68515,483.324707,179.861633,0.261198,179.96048,5747,False,True,
1167,/kuka/axis_move/feedback_json,std_msgs/msg/String,2026-08-22T20:17:34.751417-04:00,1787444254,751406543,1787444254751406543,185.109542,,,,18688,18687,1,0,0,18688,AxisTarget,1,True,True,True,False,10.705796,-57.130951,92.63102,-0.099194,54.270756,10.628815,623.490479,-117.757378,486.510742,179.864334,0.263485,179.966537,5748,False,True,
1168,/kuka/axis_move/feedback_json,std_msgs/msg/String,2026-08-22T20:17:34.869849-04:00,1787444254,869820109,1787444254869820109,118.413566,,,,18689,18688,1,0,0,18689,AxisTarget,1,True,True,True,False,10.708703,-57.25285,92.531502,-0.094914,54.484772,10.630353,623.516296,-117.798691,488.403076,179.865891,0.264837,179.970169,5748,False,True,
1169,/kuka/axis_move/feedback_json,std_msgs/msg/String,2026-08-22T20:17:34.983492-04:00,1787444254,983480013,1787444254983480013,113.659904,,,,18690,18689,1,0,0,18690,AxisTarget,1,True,True,True,False,10.711166,-57.35561,92.445023,-0.091095,54.674812,10.631713,623.534607,-117.835754,490.148376,179.867325,0.266079,179.973526,5748,False,True,
1170,/kuka/axis_move/feedback_json,std_msgs/msg/String,2026-08-22T20:17:35.098403-04:00,1787444255,98375231,1787444255098375231,114.895218,,,,18691,18690,1,0,0,18691,AxisTarget,1,True,True,True,False,10.71321,-57.440701,92.373543,-0.088161,54.820587,10.632754,623.545471,-117.864738,491.547302,179.868439,0.267071,179.976227,5748,False,True,
1171,/kuka/axis_move/feedback_json,std_msgs/msg/String,2026-08-22T20:17:35.279613-04:00,1787444255,279602935,1787444255279602935,181.227704,,,,18692,18691,1,0,0,18692,AxisTarget,1,True,True,True,False,10.715425,-57.532505,92.296768,-0.084896,54.981987,10.633902,623.553345,-117.895233,493.053925,179.869629,0.268137,179.979141,5749,False,True,
1172,/kuka/axis_move/feedback_json,std_msgs/msg/String,2026-08-22T20:17:35.391394-04:00,1787444255,391385425,1787444255391385425,111.78249,,,,18693,18692,1,0,0,18693,AxisTarget,1,True,True,True,False,10.716084,-57.559456,92.274521,-0.083963,55.028515,10.634228,623.555054,-117.904968,493.542542,179.87001,0.268482,179.980087,5749,False,True,
1173,/kuka/axis_move/feedback_json,std_msgs/msg/String,2026-08-22T20:17:35.503875-04:00,1787444255,503858367,1787444255503858367,112.472942,,,,18694,18693,1,0,0,18694,AxisTarget,1,True,True,True,False,10.716299,-57.567883,92.267906,-0.0837,55.0396,10.6343,623.555542,-117.908257,493.708801,179.870148,0.268599,179.980408,5749,False,True,
1174,/kuka/axis_move/feedback_json,std_msgs/msg/String,2026-08-22T20:17:35.618889-04:00,1787444255,618879922,1787444255618879922,115.021555,,,,18695,18694,1,0,0,18695,AxisTarget,1,True,True,True,False,10.7163,-57.567902,92.267899,-0.0837,55.0396,10.6343,623.555542,-117.908302,493.711121,179.870148,0.268601,179.980423,5749,False,True,
1175,/kuka/axis_move/feedback_json,std_msgs/msg/String,2026-08-22T20:17:35.807289-04:00,1787444255,807281569,1787444255807281569,188.401647,,,,18696,18695,1,0,0,18696,AxisTarget,1,True,True,True,True,10.716588,-57.580959,92.25602,-0.083152,55.068993,10.63454,623.555969,-117.911583,493.877502,179.870285,0.26872,179.980743,5750,False,True,
1176,/kuka/axis_move/feedback_json,std_msgs/msg/String,2026-08-22T20:17:35.996018-04:00,1787444255,996010799,1787444255996010799,188.72923,,,,18697,18696,1,0,0,18697,AxisTarget,1,True,True,True,False,10.718532,-57.664486,92.18383,-0.079981,55.230991,10.635743,623.557739,-117.936111,495.137329,179.871246,0.269621,179.9832,5751,False,True,
1177,/kuka/axis_move/feedback_json,std_msgs/msg/String,2026-08-22T20:17:36.110953-04:00,1787444256,110940712,1787444256110940712,114.929913,,,,18698,18697,1,0,0,18698,AxisTarget,1,True,True,True,False,10.720655,-57.754959,92.106293,-0.076604,55.402222,10.636948,623.55658,-117.961754,496.483643,179.872284,0.270582,179.985825,5751,False,True,
1178,/kuka/axis_move/feedback_json,std_msgs/msg/String,2026-08-22T20:17:36.222730-04:00,1787444256,222723473,1787444256222723473,111.782761,,,,18699,18698,1,0,0,18699,AxisTarget,1,True,True,True,False,10.723328,-57.868114,92.009911,-0.072431,55.612404,10.638459,623.549866,-117.99585,498.324982,179.873657,0.271892,179.989441,5751,False,True,
1179,/kuka/axis_move/feedback_json,std_msgs/msg/String,2026-08-22T20:17:36.335674-04:00,1787444256,335660895,1787444256335660895,112.937422,,,,18700,18699,1,0,0,18700,AxisTarget,1,True,True,True,False,10.726149,-57.986927,91.909233,-0.068094,55.829876,10.640018,623.536682,-118.030037,500.234253,179.875076,0.273246,179.99321,5751,False,True,
1180,/kuka/axis_move/feedback_json,std_msgs/msg/String,2026-08-22T20:17:36.527440-04:00,1787444256,527429688,1787444256527429688,191.768793,,,,18701,18700,1,0,0,18701,AxisTarget,1,True,True,True,False,10.730915,-58.187252,91.739868,-0.060816,56.193867,10.642618,623.499878,-118.085327,503.47525,179.877396,0.275532,179.999634,5752,False,True,
1181,/kuka/axis_move/feedback_json,std_msgs/msg/String,2026-08-22T20:17:36.639231-04:00,1787444256,639225513,1787444256639225513,111.795825,,,,18702,18701,1,0,0,18702,AxisTarget,1,True,True,True,False,10.733169,-58.281269,91.660957,-0.05745,56.361046,10.643804,623.475769,-118.110657,505.031921,179.878479,0.276626,-179.997269,5752,False,True,
1182,/kuka/axis_move/feedback_json,std_msgs/msg/String,2026-08-22T20:17:36.820516-04:00,1787444256,820483053,1787444256820483053,181.25754,,,,18703,18702,1,0,0,18703,AxisTarget,1,True,True,True,False,10.735581,-58.381416,91.577339,-0.053901,56.536293,10.64504,623.444946,-118.137169,506.716034,179.879639,0.277805,-179.993896,5753,False,True,
1183,/kuka/axis_move/feedback_json,std_msgs/msg/String,2026-08-22T20:17:36.933520-04:00,1787444256,933510905,1787444256933510905,113.027852,,,,18704,18703,1,0,0,18704,AxisTarget,1,True,True,True,False,10.736266,-58.409321,91.554451,-0.052948,56.582466,10.645359,623.435181,-118.144592,507.198212,179.879974,0.278142,-179.992935,5753,False,True,
1184,/kuka/axis_move/feedback_json,std_msgs/msg/String,2026-08-22T20:17:37.050013-04:00,1787444257,49978959,1787444257049978959,116.468054,,,,18705,18704,1,0,0,18705,AxisTarget,1,True,True,True,False,10.7364,-58.414398,91.550598,-0.0528,56.589001,10.6454,623.432678,-118.146446,507.319611,179.880051,0.278226,-179.992691,5753,False,True,
1185,/kuka/axis_move/feedback_json,std_msgs/msg/String,2026-08-22T20:17:37.163406-04:00,1787444257,163394257,1787444257163394257,113.415298,,,,18706,18705,1,0,0,18706,AxisTarget,1,True,True,True,False,10.7364,-58.414398,91.550598,-0.0528,56.589001,10.6454,623.432678,-118.146446,507.319611,179.880051,0.278226,-179.992691,5753,False,True,
1186,/kuka/axis_move/feedback_json,std_msgs/msg/String,2026-08-22T20:17:37.347414-04:00,1787444257,347403490,1787444257347403490,184.009233,,,,18707,18706,1,0,0,18707,AxisTarget,1,True,True,True,True,10.737101,-58.445576,91.522659,-0.051528,56.656166,10.645907,623.424316,-118.152481,507.715088,179.88031,0.278499,-179.991898,5754,False,True,
1187,/kuka/axis_move/feedback_json,std_msgs/msg/String,2026-08-22T20:17:37.462520-04:00,1787444257,462486290,1787444257462486290,115.0828,,,,18708,18707,1,0,0,18708,AxisTarget,1,True,True,True,False,10.738713,-58.514729,91.462845,-0.048896,56.79055,10.646889,623.40033,-118.168571,508.787018,179.881027,0.279237,-179.989746,5754,False,True,
1188,/kuka/axis_move/feedback_json,std_msgs/msg/String,2026-08-22T20:17:37.571451-04:00,1787444257,571436878,1787444257571436878,108.950588,,,,18709,18708,1,0,0,18709,AxisTarget,1,True,True,True,False,10.741137,-58.617561,91.374809,-0.045063,56.984222,10.648289,623.360718,-118.191963,510.391541,179.88208,0.280338,-179.986511,5754,False,True,
1189,/kuka/axis_move/feedback_json,std_msgs/msg/String,2026-08-22T20:17:37.688507-04:00,1787444257,688471754,1787444257688471754,117.034876,,,,18710,18709,1,0,0,18710,AxisTarget,1,True,True,True,False,10.744065,-58.740589,91.270538,-0.040566,57.209385,10.649902,623.307556,-118.218781,512.307678,179.883316,0.281649,-179.98262,5754,False,True,
1190,/kuka/axis_move/feedback_json,std_msgs/msg/String,2026-08-22T20:17:37.872890-04:00,1787444257,872879092,1787444257872879092,184.407338,,,,18711,18710,1,0,0,18711,AxisTarget,1,True,True,True,False,10.74788,-58.898823,91.138161,-0.034932,57.487583,10.651868,623.222595,-118.254288,514.987915,179.884995,0.283476,-179.977173,5755,False,True,
1191,/kuka/axis_move/feedback_json,std_msgs/msg/String,2026-08-22T20:17:37.983296-04:00,1787444257,983289985,1787444257983289985,110.410893,,,,18712,18711,1,0,0,18712,AxisTarget,1,True,True,True,False,10.748918,-58.940987,91.103622,-0.033494,57.556988,10.652348,623.19519,-118.264282,515.776611,179.885483,0.284011,-179.975555,5755,False,True,
1192,/kuka/axis_move/feedback_json,std_msgs/msg/String,2026-08-22T20:17:38.175055-04:00,1787444258,175045954,1787444258175045954,191.755969,,,,18713,18712,1,0,0,18713,AxisTarget,1,True,True,True,False,10.7491,-58.9478,91.098503,-0.0333,57.565498,10.6524,623.189819,-118.26619,515.929077,179.885574,0.284115,-179.97525,5756,False,True,
1193,/kuka/axis_move/feedback_json,std_msgs/msg/String,2026-08-22T20:17:38.284848-04:00,1787444258,284837307,1787444258284837307,109.791353,,,,18714,18713,1,0,0,18714,AxisTarget,1,True,True,True,True,10.749251,-58.955456,91.090752,-0.032903,57.588623,10.652593,623.187927,-118.266853,515.981506,179.885605,0.284151,-179.975143,5756,False,True,
1194,/kuka/axis_move/feedback_json,std_msgs/msg/String,2026-08-22T20:17:38.465406-04:00,1787444258,465390810,1787444258465390810,180.553503,,,,18715,18714,1,0,0,18715,AxisTarget,1,True,True,True,False,10.753016,-59.114311,90.95446,-0.026929,57.88887,10.654766,623.094666,-118.296959,518.441223,179.887054,0.285869,-179.970062,5757,False,True,
1195,/kuka/axis_move/feedback_json,std_msgs/msg/String,2026-08-22T20:17:38.584980-04:00,1787444258,584946857,1787444258584946857,119.556047,,,,18716,18715,1,0,0,18716,AxisTarget,1,True,True,True,False,10.754367,-59.167286,90.912308,-0.025218,57.968422,10.655297,623.053528,-118.308685,519.446106,179.887634,0.286569,-179.967987,5757,False,True,
1196,/kuka/axis_move/feedback_json,std_msgs/msg/String,2026-08-22T20:17:38.769777-04:00,1787444258,769751481,1787444258769751481,184.804624,,,,18717,18716,1,0,0,18717,AxisTarget,1,True,True,True,True,10.7544,-59.168312,90.911674,-0.025198,57.969265,10.655304,623.051514,-118.309242,519.494568,179.887665,0.286602,-179.96788,5758,False,True,
1197,/kuka/axis_move/feedback_json,std_msgs/msg/String,2026-08-22T20:17:38.883389-04:00,1787444258,883378565,1787444258883378565,113.627084,,,,18718,18717,1,0,0,18718,AxisTarget,1,True,True,True,False,10.7545,-59.174801,90.906197,-0.025,57.980999,10.6554,623.047058,-118.309761,519.599915,179.887772,0.286575,-179.967712,5758,False,True,
1198,/kuka/axis_move/feedback_json,std_msgs/msg/String,2026-08-22T20:17:39.068388-04:00,1787444259,68382563,1787444259068382563,185.003998,,,,18719,18718,1,0,0,18719,AxisTarget,1,True,True,True,False,10.7545,-59.174801,90.906197,-0.025,57.980999,10.6554,623.047058,-118.309761,519.59967,179.887772,0.286575,-179.967712,5759,False,True,
1199,/kuka/axis_move/feedback_json,std_msgs/msg/String,2026-08-22T20:17:39.182608-04:00,1787444259,182601827,1787444259182601827,114.219264,,,,18720,18719,1,0,0,18720,AxisTarget,1,True,True,True,True,10.751832,-59.184208,90.905876,-0.024918,57.9501,10.64862,623.052124,-118.296356,519.639221,179.887787,0.297034,-179.965744,5759,False,True,
1200,/kuka/axis_move/feedback_json,std_msgs/msg/String,2026-08-22T20:17:39.367235-04:00,1787444259,367228247,1787444259367228247,184.62642,,,,18721,18720,1,0,0,18721,AxisTarget,1,True,True,True,False,10.7014,-59.326401,90.902,-0.0241,57.6945,10.6019,623.255676,-117.752167,521.24292,179.888474,0.721247,-179.88588,5760,False,True,
1201,/kuka/axis_move/feedback_json,std_msgs/msg/String,2026-08-22T20:17:39.480588-04:00,1787444259,480552606,1787444259480552606,113.324359,,,,18722,18721,1,0,0,18722,AxisTarget,1,True,True,True,False,10.7014,-59.326401,90.902,-0.0241,57.6945,10.601899,623.255676,-117.752205,521.242798,179.888474,0.721215,-179.88588,5760,False,True,
1202,/kuka/axis_move/feedback_json,std_msgs/msg/String,2026-08-22T20:17:39.591372-04:00,1787444259,591361985,1787444259591361985,110.809379,,,,18723,18722,1,0,0,18723,AxisTarget,1,True,True,True,True,10.689702,-59.368576,90.900711,-0.023802,57.58604,10.579661,623.290588,-117.65744,521.522156,179.888641,0.795047,-179.87207,5760,False,True,
1203,/kuka/axis_move/feedback_json,std_msgs/msg/String,2026-08-22T20:17:39.705774-04:00,1787444259,705764182,1787444259705764182,114.402197,,,,18724,18723,1,0,0,18724,AxisTarget,1,True,True,True,False,10.608268,-59.603779,90.894066,-0.022385,57.1064,10.488197,623.580139,-116.855019,523.887695,179.890778,1.419365,-179.75621,5760,False,True,
1204,/kuka/axis_move/feedback_json,std_msgs/msg/String,2026-08-22T20:17:39.891442-04:00,1787444259,891428015,1787444259891428015,185.663833,,,,18725,18724,1,0,0,18725,AxisTarget,1,True,True,True,False,10.5422,-59.781101,90.889503,-0.0215,56.835098,10.4414,623.851501,-116.073814,526.19104,179.894028,2.025768,-179.645264,5761,False,True,
1205,/kuka/axis_move/feedback_json,std_msgs/msg/String,2026-08-22T20:17:40.079668-04:00,1787444260,79656160,1787444260079656160,188.228145,,,,18726,18725,1,0,0,18726,AxisTarget,1,True,True,True,False,10.5422,-59.781101,90.889503,-0.0215,56.835098,10.441399,623.851501,-116.073814,526.19104,179.894028,2.025768,-179.645264,5762,False,True,
1206,/kuka/axis_move/feedback_json,std_msgs/msg/String,2026-08-22T20:17:40.195249-04:00,1787444260,195243005,1787444260195243005,115.586845,,,,18727,18726,1,0,0,18727,AxisTarget,1,True,True,True,True,10.52905,-59.823143,90.888214,-0.021199,56.726986,10.419232,623.888489,-115.965088,526.511475,179.894577,2.110015,-179.629974,5762,False,True,
1207,/kuka/axis_move/feedback_json,std_msgs/msg/String,2026-08-22T20:17:40.313108-04:00,1787444260,313099460,1787444260313099460,117.856455,,,,18728,18727,1,0,0,18728,AxisTarget,1,True,True,True,False,10.444704,-60.071739,90.881142,-0.019665,56.187637,10.315672,624.165588,-115.129753,528.973633,179.899536,2.756397,-179.513611,5762,False,True,
1208,/kuka/axis_move/feedback_json,std_msgs/msg/String,2026-08-22T20:17:40.424556-04:00,1787444260,424549449,1787444260424549449,111.449989,,,,18729,18728,1,0,0,18729,AxisTarget,1,True,True,True,False,10.308524,-60.457409,90.870605,-0.017476,55.510471,10.19151,624.622131,-113.66758,533.284424,179.911209,3.884158,-179.314713,5762,False,True,
1209,/kuka/axis_move/feedback_json,std_msgs/msg/String,2026-08-22T20:17:40.615620-04:00,1787444260,615603146,1787444260615603146,191.053697,,,,18730,18729,1,0,0,18730,AxisTarget,1,True,True,True,False,10.2767,-60.539001,90.868599,-0.0171,55.402699,10.1739,624.744934,-113.252991,534.506897,179.915192,4.203091,-179.259384,5763,False,True,
1210,/kuka/axis_move/feedback_json,std_msgs/msg/String,2026-08-22T20:17:40.733376-04:00,1787444260,733367238,1787444260733367238,117.764092,,,,18731,18730,1,0,0,18731,AxisTarget,1,True,True,True,True,10.2767,-60.539001,90.868599,-0.0171,55.402699,10.1739,624.744934,-113.252991,534.506897,179.915192,4.203091,-179.259384,5763,False,True,
1211,/kuka/axis_move/feedback_json,std_msgs/msg/String,2026-08-22T20:17:40.919243-04:00,1787444260,919224514,1787444260919224514,185.857276,,,,18732,18731,1,0,0,18732,AxisTarget,1,True,True,True,False,10.2767,-60.539001,90.868599,-0.0171,55.402699,10.1739,624.744934,-113.252991,534.506897,179.915192,4.203091,-179.259384,5764,False,True,
1212,/kuka/axis_move/feedback_json,std_msgs/msg/String,2026-08-22T20:17:41.031336-04:00,1787444261,31325192,1787444261031325192,112.100678,,,,18733,18732,1,0,0,18733,AxisTarget,1,True,True,True,True,10.276216,-60.54097,90.868523,-0.017079,55.393791,10.171235,624.7453,-113.251656,534.510864,179.915207,4.204115,-179.259201,5764,False,True,
1213,/kuka/axis_move/feedback_json,std_msgs/msg/String,2026-08-22T20:17:41.145496-04:00,1787444261,145489804,1787444261145489804,114.164612,,,,18734,18733,1,0,0,18734,AxisTarget,1,True,True,True,False,10.235784,-60.663811,90.864937,-0.016286,55.118408,10.117607,624.854919,-112.872787,535.628052,179.919098,4.495245,-179.209061,5764,False,True,
1214,/kuka/axis_move/feedback_json,std_msgs/msg/String,2026-08-22T20:17:41.259392-04:00,1787444261,259380254,1787444261259380254,113.89045,,,,18735,18734,1,0,0,18735,AxisTarget,1,True,True,True,False,10.116716,-61.011368,90.855164,-0.0142,54.418262,9.984171,625.175781,-111.711052,539.054443,179.93248,5.386069,-179.057678,5764,False,True,
1215,/kuka/axis_move/feedback_json,std_msgs/msg/String,2026-08-22T20:17:41.443323-04:00,1787444261,443309250,1787444261443309250,183.928996,,,,18736,18735,1,0,0,18736,AxisTarget,1,True,True,True,False,9.910565,-61.590065,90.839615,-0.011034,53.405407,9.800473,625.757202,-109.3489,546.024109,179.966263,7.188925,-178.760529,5765,False,True,
1216,/kuka/axis_move/feedback_json,std_msgs/msg/String,2026-08-22T20:17:41.558466-04:00,1787444261,558454238,1787444261558454238,115.144988,,,,18737,18736,1,0,0,18737,AxisTarget,1,True,True,True,False,9.905,-61.600101,90.839401,-0.011,53.397301,9.7994,625.777344,-109.259384,546.288269,179.967712,7.25703,-178.749542,5765,False,True,
1217,/kuka/axis_move/feedback_json,std_msgs/msg/String,2026-08-22T20:17:41.745399-04:00,1787444261,745393180,1787444261745393180,186.938942,,,,18738,18737,1,0,0,18738,AxisTarget,1,True,True,True,True,9.905,-61.600101,90.839401,-0.011,53.397301,9.7994,625.777344,-109.259384,546.288269,179.967712,7.257029,-178.749542,5766,False,True,
1218,/kuka/axis_move/feedback_json,std_msgs/msg/String,2026-08-22T20:17:41.855728-04:00,1787444261,855712913,1787444261855712913,110.319733,,,,18739,18738,1,0,0,18739,AxisTarget,1,True,True,True,True,9.905,-61.600105,90.839401,-0.011,53.397121,9.799332,625.777344,-109.259384,546.288269,179.967712,7.257029,-178.749542,5766,False,True,
1219,/kuka/axis_move/feedback_json,std_msgs/msg/String,2026-08-22T20:17:41.967493-04:00,1787444261,967486188,1787444261967486188,111.773275,,,,18740,18739,1,0,0,18740,AxisTarget,1,True,True,True,False,9.887048,-61.65662,90.837692,-0.010607,53.257584,9.771076,625.808716,-109.118912,546.703003,179.970001,7.363892,-178.73233,5766,False,True,
1220,/kuka/axis_move/feedback_json,std_msgs/msg/String,2026-08-22T20:17:42.081237-04:00,1787444262,81230645,1787444262081230645,113.744457,,,,18741,18740,1,0,0,18741,AxisTarget,1,True,True,True,False,9.800094,-61.912323,90.830437,-0.00904,52.732281,9.670385,625.992737,-108.261963,549.233154,179.984619,8.014982,-178.628372,5766,False,True,
1221,/kuka/axis_move/feedback_json,std_msgs/msg/String,2026-08-22T20:17:42.267352-04:00,1787444262,267305980,1787444262267305980,186.075335,,,,18742,18741,1,0,0,18742,AxisTarget,1,True,True,True,False,9.520068,-62.715225,90.808243,-0.004365,51.204388,9.385006,626.547241,-105.201004,558.275635,-179.954788,10.329431,-178.270935,5767,False,True,
1222,/kuka/axis_move/feedback_json,std_msgs/msg/String,2026-08-22T20:17:42.375326-04:00,1787444262,375315789,1787444262375315789,108.009809,,,,18743,18742,1,0,0,18743,AxisTarget,1,True,True,True,False,9.430197,-62.957771,90.801941,-0.00312,50.823578,9.318564,626.706421,-104.107178,561.508972,-179.93013,11.152413,-178.148254,5767,False,True,
1223,/kuka/axis_move/feedback_json,std_msgs/msg/String,2026-08-22T20:17:42.559252-04:00,1787444262,559244545,1787444262559244545,183.928756,,,,18744,18743,1,0,0,18744,AxisTarget,1,True,True,True,True,9.4272,-62.964298,90.801804,-0.0031,50.818924,9.317966,626.713623,-104.054062,561.666016,-179.928894,11.192322,-178.142365,5768,False,True,
1224,/kuka/axis_move/feedback_json,std_msgs/msg/String,2026-08-22T20:17:42.679829-04:00,1787444262,679792100,1787444262679792100,120.547555,,,,18745,18744,1,0,0,18745,AxisTarget,1,True,True,True,False,9.412778,-63.015095,90.800262,-0.002742,50.69191,9.292142,626.730408,-103.92865,562.036743,-179.925949,11.286514,-178.128479,5768,False,True,
1225,/kuka/axis_move/feedback_json,std_msgs/msg/String,2026-08-22T20:17:42.787235-04:00,1787444262,787217284,1787444262787217284,107.425184,,,,18746,18745,1,0,0,18746,AxisTarget,1,True,True,True,False,9.323218,-63.273708,90.792931,-0.001149,50.16,9.190125,626.840515,-103.050621,564.632629,-179.904877,11.94523,-178.032181,5768,False,True,
1226,/kuka/axis_move/feedback_json,std_msgs/msg/String,2026-08-22T20:17:42.902439-04:00,1787444262,902408359,1787444262902408359,115.191075,,,,18747,18746,1,0,0,18747,AxisTarget,1,True,True,True,False,9.172793,-63.70998,90.780731,0.001586,49.258072,9.01919,627.011536,-101.39917,569.517212,-179.862701,13.180706,-177.855377,5768,False,True,
1227,/kuka/axis_move/feedback_json,std_msgs/msg/String,2026-08-22T20:17:43.087578-04:00,1787444263,87568170,1787444263087568170,185.159811,,,,18748,18747,1,0,0,18748,AxisTarget,1,True,True,True,False,8.87359,-64.55349,90.75782,0.006239,47.771244,8.746413,627.213745,-98.045044,579.447083,-179.767471,15.676759,-177.512756,5769,False,True,
1228,/kuka/axis_move/feedback_json,std_msgs/msg/String,2026-08-22T20:17:43.279714-04:00,1787444263,279696191,1787444263279696191,192.128021,,,,18749,18748,1,0,0,18749,AxisTarget,1,True,True,True,False,8.8431,-64.631699,90.755898,0.0066,47.667801,8.7295,627.226135,-97.589813,580.795837,-179.753601,16.014229,-177.46788,5770,False,True,
1229,/kuka/axis_move/feedback_json,std_msgs/msg/String,2026-08-22T20:17:43.467310-04:00,1787444263,467299498,1787444263467299498,187.603307,,,,18750,18749,1,0,0,18750,AxisTarget,1,True,True,True,True,8.8431,-64.631699,90.755898,0.0066,47.667801,8.7295,627.226135,-97.589813,580.795837,-179.753601,16.014229,-177.46788,5771,False,True,
1230,/kuka/axis_move/feedback_json,std_msgs/msg/String,2026-08-22T20:17:43.583298-04:00,1787444263,583289169,1787444263583289169,115.989671,,,,18751,18750,1,0,0,18751,AxisTarget,1,True,True,True,True,8.842782,-64.633049,90.755844,0.006615,47.661148,8.72788,627.226196,-97.588463,580.799805,-179.753571,16.015234,-177.467743,5771,False,True,
1231,/kuka/axis_move/feedback_json,std_msgs/msg/String,2026-08-22T20:17:43.695464-04:00,1787444263,695453667,1787444263695453667,112.164498,,,,18752,18751,1,0,0,18752,AxisTarget,1,True,True,True,False,8.805917,-64.745392,90.752548,0.007346,47.407288,8.677834,627.233398,-97.230637,581.860413,-179.742508,16.280352,-177.432739,5771,False,True,
1232,/kuka/axis_move/feedback_json,std_msgs/msg/String,2026-08-22T20:17:43.807294-04:00,1787444263,807288879,1787444263807288879,111.835212,,,,18753,18752,1,0,0,18753,AxisTarget,1,True,True,True,False,8.702909,-65.046455,90.744057,0.009159,46.798977,8.561811,627.241638,-96.133728,585.112488,-179.707825,17.09194,-177.326843,5771,False,True,
1233,/kuka/axis_move/feedback_json,std_msgs/msg/String,2026-08-22T20:17:43.997294-04:00,1787444263,997286801,1787444263997286801,189.997922,,,,18754,18753,1,0,0,18754,AxisTarget,1,True,True,True,False,8.367857,-66.011826,90.717224,0.014808,44.931091,8.210775,627.120789,-92.536339,595.789368,-179.585739,19.74234,-176.994156,5772,False,True,
1234,/kuka/axis_move/feedback_json,std_msgs/msg/String,2026-08-22T20:17:44.111428-04:00,1787444264,111416660,1787444264111416660,114.129859,,,,18755,18754,1,0,0,18755,AxisTarget,1,True,True,True,False,8.197587,-66.485161,90.704536,0.017382,44.111668,8.059763,626.948181,-90.467522,601.937927,-179.510071,21.259319,-176.812469,5772,False,True,
1235,/kuka/axis_move/feedback_json,std_msgs/msg/String,2026-08-22T20:17:44.223707-04:00,1787444264,223694320,1787444264223694320,112.27766,,,,18756,18755,1,0,0,18756,AxisTarget,1,True,True,True,False,8.155699,-66.594406,90.701797,0.0179,43.958401,8.0369,626.882996,-89.858978,603.747803,-179.487091,21.704609,-176.760315,5772,False,True,
1236,/kuka/axis_move/feedback_json,std_msgs/msg/String,2026-08-22T20:17:44.411752-04:00,1787444264,411724618,1787444264411724618,188.030298,,,,18757,18756,1,0,0,18757,AxisTarget,1,True,True,True,True,8.1557,-66.594398,90.701797,0.0179,43.958401,8.0369,626.882935,-89.858025,603.750671,-179.487061,21.705307,-176.760239,5773,False,True,
1237,/kuka/axis_move/feedback_json,std_msgs/msg/String,2026-08-22T20:17:44.523284-04:00,1787444264,523274035,1787444264523274035,111.549417,,,,18758,18757,1,0,0,18758,AxisTarget,1,True,True,True,False,8.1557,-66.594398,90.701797,0.0179,43.958401,8.0369,626.882935,-89.858025,603.750671,-179.487061,21.705307,-176.760239,5773,False,True,
1238,/kuka/axis_move/feedback_json,std_msgs/msg/String,2026-08-22T20:17:44.639026-04:00,1787444264,639019890,1787444264639019890,115.745855,,,,18759,18758,1,0,0,18759,AxisTarget,1,True,True,True,True,8.154113,-66.600182,90.701599,0.017952,43.933624,8.031404,626.881775,-89.847694,603.781372,-179.486664,21.71286,-176.759354,5773,False,True,
1239,/kuka/axis_move/feedback_json,std_msgs/msg/String,2026-08-22T20:17:44.757137-04:00,1787444264,757109674,1787444264757109674,118.089784,,,,18760,18759,1,0,0,18760,AxisTarget,1,True,True,True,False,8.102004,-66.756676,90.697067,0.018949,43.5979,7.966045,626.823486,-89.350014,605.261902,-179.467636,22.076689,-176.717133,5773,False,True,
1240,/kuka/axis_move/feedback_json,std_msgs/msg/String,2026-08-22T20:17:44.939530-04:00,1787444264,939519888,1787444264939519888,182.410214,,,,18761,18760,1,0,0,18761,AxisTarget,1,True,True,True,False,7.858997,-67.462036,90.677307,0.023171,42.199654,7.700895,626.429871,-86.646828,613.310364,-179.360641,24.048332,-176.494278,5774,False,True,
1241,/kuka/axis_move/feedback_json,std_msgs/msg/String,2026-08-22T20:17:45.053675-04:00,1787444265,53664074,1787444265053664074,114.144186,,,,18762,18761,1,0,0,18762,AxisTarget,1,True,True,True,False,7.644104,-68.077911,90.660278,0.026759,41.028515,7.474738,625.964417,-84.217796,620.55365,-179.259491,25.814068,-176.303055,5774,False,True,
1242,/kuka/axis_move/feedback_json,std_msgs/msg/String,2026-08-22T20:17:45.163341-04:00,1787444265,163329844,1787444265163329844,109.66577,,,,18763,18762,1,0,0,18763,AxisTarget,1,True,True,True,False,7.474123,-68.549919,90.647636,0.029338,40.213371,7.334777,625.488464,-82.166809,626.678284,-179.170563,27.301098,-176.147919,5774,False,True,
1243,/kuka/axis_move/feedback_json,std_msgs/msg/String,2026-08-22T20:17:45.277563-04:00,1787444265,277538020,1787444265277538020,114.208176,,,,18764,18763,1,0,0,18764,AxisTarget,1,True,True,True,False,7.436596,-68.647415,90.645203,0.0298,40.0784,7.312301,625.357483,-81.653954,628.211121,-179.147842,27.672428,-176.110001,5774,False,True,
1244,/kuka/axis_move/feedback_json,std_msgs/msg/String,2026-08-22T20:17:45.461857-04:00,1787444265,461822474,1787444265461822474,184.284454,,,,18765,18764,1,0,0,18765,AxisTarget,1,True,True,True,True,7.4366,-68.6474,90.645203,0.0298,40.0784,7.3123,625.357239,-81.652985,628.213989,-179.147797,27.67313,-176.109924,5775,False,True,
1245,/kuka/axis_move/feedback_json,std_msgs/msg/String,2026-08-22T20:17:45.575219-04:00,1787444265,575203912,1787444265575203912,113.381438,,,,18766,18765,1,0,0,18766,AxisTarget,1,True,True,True,False,7.4366,-68.6474,90.645203,0.0298,40.0784,7.3123,625.357239,-81.652985,628.213989,-179.147797,27.67313,-176.109924,5775,False,True,
1246,/kuka/axis_move/feedback_json,std_msgs/msg/String,2026-08-22T20:17:45.689258-04:00,1787444265,689237712,1787444265689237712,114.0338,,,,18767,18766,1,0,0,18767,AxisTarget,1,True,True,True,True,7.435034,-68.653114,90.645004,0.029851,40.058052,7.307734,625.355286,-81.64547,628.23645,-179.147461,27.678568,-176.109375,5775,False,True,
1247,/kuka/axis_move/feedback_json,std_msgs/msg/String,2026-08-22T20:17:45.803362-04:00,1787444265,803354637,1787444265803354637,114.116925,,,,18768,18767,1,0,0,18768,AxisTarget,1,True,True,True,False,7.389534,-68.790131,90.641037,0.030729,39.758392,7.249239,625.231262,-81.176735,629.637878,-179.126511,28.01778,-176.075027,5775,False,True,
1248,/kuka/axis_move/feedback_json,std_msgs/msg/String,2026-08-22T20:17:45.989269-04:00,1787444265,989258313,1787444265989258313,185.903676,,,,18769,18768,1,0,0,18769,AxisTarget,1,True,True,True,False,7.157561,-69.463943,90.622177,0.034767,38.419899,6.995284,624.502625,-78.679298,637.112244,-179.012283,29.822598,-175.89679,5776,False,True,
1249,/kuka/axis_move/feedback_json,std_msgs/msg/String,2026-08-22T20:17:46.175441-04:00,1787444266,175433929,1787444266175433929,186.175616,,,,18770,18769,1,0,0,18770,AxisTarget,1,True,True,True,False,6.813222,-70.442665,90.595375,0.040378,36.602619,6.658446,623.064087,-74.600784,649.348999,-178.816559,32.762455,-175.622284,5777,False,True,
1250,/kuka/axis_move/feedback_json,std_msgs/msg/String,2026-08-22T20:17:46.289616-04:00,1787444266,289605327,1787444266289605327,114.171398,,,,18771,18770,1,0,0,18771,AxisTarget,1,True,True,True,False,6.721164,-70.692207,90.588875,0.041673,36.204849,6.588644,622.592468,-73.427635,652.876282,-178.758224,33.606716,-175.546951,5777,False,True,
1251,/kuka/axis_move/feedback_json,std_msgs/msg/String,2026-08-22T20:17:46.479383-04:00,1787444266,479373100,1787444266479373100,189.767773,,,,18772,18771,1,0,0,18772,AxisTarget,1,True,True,True,True,6.717499,-70.700417,90.588699,0.041701,36.198051,6.587682,622.565308,-73.362022,653.073669,-178.754944,33.653919,-175.542786,5778,False,True,
1252,/kuka/axis_move/feedback_json,std_msgs/msg/String,2026-08-22T20:17:46.594455-04:00,1787444266,594443040,1787444266594443040,115.06994,,,,18773,18772,1,0,0,18773,AxisTarget,1,True,True,True,False,6.698821,-70.758949,90.586937,0.042101,36.055264,6.558872,622.491699,-73.185089,653.606018,-178.746063,33.781208,-175.531586,5778,False,True,
1253,/kuka/axis_move/feedback_json,std_msgs/msg/String,2026-08-22T20:17:46.712729-04:00,1787444266,712691211,1787444266712691211,118.248171,,,,18774,18773,1,0,0,18774,AxisTarget,1,True,True,True,False,6.60998,-71.019852,90.579544,0.043684,35.521114,6.456582,622.098572,-72.263161,656.381104,-178.699478,34.444283,-175.473755,5778,False,True,
1254,/kuka/axis_move/feedback_json,std_msgs/msg/String,2026-08-22T20:17:46.823288-04:00,1787444266,823277586,1787444266823277586,110.586375,,,,18775,18774,1,0,0,18775,AxisTarget,1,True,True,True,False,6.455351,-71.487503,90.56646,0.046452,34.598007,6.281786,621.291443,-70.478851,661.758484,-178.607819,35.72694,-175.364548,5778,False,True,
1255,/kuka/axis_move/feedback_json,std_msgs/msg/String,2026-08-22T20:17:47.010154-04:00,1787444267,10148113,1787444267010148113,186.870527,,,,18776,18775,1,0,0,18776,AxisTarget,1,True,True,True,False,6.104425,-72.466866,90.539566,0.052031,32.773422,5.943196,619.209717,-66.391045,674.112061,-178.390533,38.66354,-175.127319,5779,False,True,
1256,/kuka/axis_move/feedback_json,std_msgs/msg/String,2026-08-22T20:17:47.197597-04:00,1787444267,197583399,1787444267197583399,187.435286,,,,18777,18776,1,0,0,18777,AxisTarget,1,True,True,True,False,5.998399,-72.753403,90.532097,0.0535,32.318401,5.8633,618.439758,-65.02327,678.256897,-178.315613,39.645973,-175.051849,5780,False,True,
1257,/kuka/axis_move/feedback_json,std_msgs/msg/String,2026-08-22T20:17:47.383276-04:00,1787444267,383234714,1787444267383234714,185.651315,,,,18778,18777,1,0,0,18778,AxisTarget,1,True,True,True,True,5.9984,-72.753403,90.532097,0.0535,32.318401,5.8633,618.439819,-65.023338,678.256714,-178.315613,39.645924,-175.051849,5781,False,True,
1258,/kuka/axis_move/feedback_json,std_msgs/msg/String,2026-08-22T20:17:47.495457-04:00,1787444267,495447144,1787444267495447144,112.21243,,,,18779,18778,1,0,0,18779,AxisTarget,1,True,True,True,False,5.9984,-72.753403,90.532097,0.0535,32.318401,5.8633,618.439819,-65.023338,678.256714,-178.315613,39.645924,-175.051849,5781,False,True,
1259,/kuka/axis_move/feedback_json,std_msgs/msg/String,2026-08-22T20:17:47.611436-04:00,1787444267,611409626,1787444267611409626,115.962482,,,,18780,18779,1,0,0,18780,AxisTarget,1,True,True,True,True,5.995378,-72.763908,90.531746,0.053602,32.279652,5.854956,618.426697,-65.000679,678.325378,-178.314377,39.662197,-175.050613,5781,False,True,
1260,/kuka/axis_move/feedback_json,std_msgs/msg/String,2026-08-22T20:17:47.723487-04:00,1787444267,723476533,1787444267723476533,112.066907,,,,18781,18780,1,0,0,18781,AxisTarget,1,True,True,True,False,5.940514,-72.927803,90.527039,0.054621,31.934103,5.787954,618.109985,-64.456848,679.974976,-178.284271,40.052837,-175.021149,5781,False,True,
1261,/kuka/axis_move/feedback_json,std_msgs/msg/String,2026-08-22T20:17:47.907673-04:00,1787444267,907661402,1787444267907661402,184.184869,,,,18782,18781,1,0,0,18782,AxisTarget,1,True,True,True,False,5.705139,-73.610748,90.507942,0.058707,30.581385,5.531497,616.463867,-61.779678,688.109741,-178.133667,41.976486,-174.880402,5782,False,True,
1262,/kuka/axis_move/feedback_json,std_msgs/msg/String,2026-08-22T20:17:48.020644-04:00,1787444268,20611273,1787444268020611273,112.949871,,,,18783,18782,1,0,0,18783,AxisTarget,1,True,True,True,False,5.485735,-74.239166,90.490608,0.062364,29.38862,5.308871,614.843323,-59.350174,695.51355,-177.9935,43.723667,-174.758728,5782,False,True,
1263,/kuka/axis_move/feedback_json,std_msgs/msg/String,2026-08-22T20:17:48.128625-04:00,1787444268,128619160,1787444268128619160,108.007887,,,,18784,18783,1,0,0,18784,AxisTarget,1,True,True,True,False,5.327734,-74.678635,90.478836,0.064775,28.624485,5.170325,613.403687,-57.33194,701.680603,-177.874542,45.176739,-174.661942,5782,False,True,
1264,/kuka/axis_move/feedback_json,std_msgs/msg/String,2026-08-22T20:17:48.239278-04:00,1787444268,239270577,1787444268239270577,110.651417,,,,18785,18784,1,0,0,18785,AxisTarget,1,True,True,True,False,5.279463,-74.806061,90.475601,0.0654,28.4384,5.138698,612.925781,-56.687321,703.653687,-177.836075,45.641247,-174.631836,5782,False,True,
1265,/kuka/axis_move/feedback_json,std_msgs/msg/String,2026-08-22T20:17:48.430144-04:00,1787444268,430138131,1787444268430138131,190.867554,,,,18786,18785,1,0,0,18786,AxisTarget,1,True,True,True,True,5.2793,-74.806297,90.475601,0.0654,28.4384,5.1387,612.919678,-56.679176,703.678589,-177.835587,45.647118,-174.63147,5783,False,True,
1266,/kuka/axis_move/feedback_json,std_msgs/msg/String,2026-08-22T20:17:48.539110-04:00,1787444268,539099413,1787444268539099413,108.961282,,,,18787,18786,1,0,0,18787,AxisTarget,1,True,True,True,False,5.2793,-74.806297,90.475601,0.0654,28.4384,5.1387,612.919678,-56.679176,703.678589,-177.835587,45.647118,-174.63147,5783,False,True,
1267,/kuka/axis_move/feedback_json,std_msgs/msg/String,2026-08-22T20:17:48.651520-04:00,1787444268,651514262,1787444268651514262,112.414849,,,,18788,18787,1,0,0,18788,AxisTarget,1,True,True,True,True,5.278857,-74.808098,90.475533,0.065419,28.43025,5.136756,612.91803,-56.676964,703.685425,-177.835464,45.648712,-174.631363,5783,False,True,
1268,/kuka/axis_move/feedback_json,std_msgs/msg/String,2026-08-22T20:17:48.765255-04:00,1787444268,765228585,1787444268765228585,113.714323,,,,18789,18788,1,0,0,18789,AxisTarget,1,True,True,True,False,5.241843,-74.920563,90.472244,0.066152,28.178097,5.087161,612.63562,-56.301708,704.834839,-177.812958,45.919228,-174.614014,5783,False,True,
1269,/kuka/axis_move/feedback_json,std_msgs/msg/String,2026-08-22T20:17:48.957667-04:00,1787444268,957654396,1787444268957654396,192.425811,,,,18790,18789,1,0,0,18790,AxisTarget,1,True,True,True,False,5.029471,-75.538147,90.454903,0.069862,26.910391,4.846419,610.785034,-53.935078,712.097168,-177.669235,47.627201,-174.507553,5784,False,True,
1270,/kuka/axis_move/feedback_json,std_msgs/msg/String,2026-08-22T20:17:49.067518-04:00,1787444269,67509643,1787444269067509643,109.855247,,,,18791,18790,1,0,0,18791,AxisTarget,1,True,True,True,False,4.811433,-76.165283,90.4375,0.073544,25.740225,4.626967,608.79834,-51.552391,719.4328,-177.521469,49.350658,-174.405518,5784,False,True,
1271,/kuka/axis_move/feedback_json,std_msgs/msg/String,2026-08-22T20:17:49.182458-04:00,1787444269,182446064,1787444269182446064,114.936421,,,,18792,18791,1,0,0,18792,AxisTarget,1,True,True,True,False,4.629195,-76.674911,90.423744,0.07637,24.840322,4.463,606.832336,-49.331276,726.293945,-177.380951,50.961498,-174.314957,5784,False,True,
1272,/kuka/axis_move/feedback_json,std_msgs/msg/String,2026-08-22T20:17:49.295262-04:00,1787444269,295251535,1787444269295251535,112.805471,,,,18793,18792,1,0,0,18793,AxisTarget,1,True,True,True,False,4.561738,-76.856102,90.419037,0.077295,24.559443,4.414301,605.980103,-48.405815,729.159607,-177.321609,51.63406,-174.278519,5784,False,True,
1273,/kuka/axis_move/feedback_json,std_msgs/msg/String,2026-08-22T20:17:49.483572-04:00,1787444269,483559667,1787444269483559667,188.308132,,,,18794,18793,1,0,0,18794,AxisTarget,1,True,True,True,True,4.560196,-76.859337,90.418999,0.077301,24.557789,4.41401,605.951477,-48.375076,729.254883,-177.319626,51.65641,-174.277328,5785,False,True,
1274,/kuka/axis_move/feedback_json,std_msgs/msg/String,2026-08-22T20:17:49.599516-04:00,1787444269,599509886,1787444269599509886,115.950219,,,,18795,18794,1,0,0,18795,AxisTarget,1,True,True,True,False,4.540376,-76.921188,90.417145,0.077721,24.408627,4.384018,605.775574,-48.18684,729.838257,-177.30751,51.79332,-174.270004,5785,False,True,
1275,/kuka/axis_move/feedback_json,std_msgs/msg/String,2026-08-22T20:17:49.707235-04:00,1787444269,707219545,1787444269707219545,107.709659,,,,18796,18795,1,0,0,18796,AxisTarget,1,True,True,True,False,4.456195,-77.168312,90.410156,0.079219,23.903196,4.287256,604.911438,-47.274479,732.668274,-177.248474,52.457428,-174.235016,5785,False,True,
1276,/kuka/axis_move/feedback_json,std_msgs/msg/String,2026-08-22T20:17:49.820940-04:00,1787444269,820915444,1787444269820915444,113.695899,,,,18797,18796,1,0,0,18797,AxisTarget,1,True,True,True,False,4.306427,-77.602455,90.398026,0.08179,23.045607,4.124824,603.356567,-45.682056,737.617859,-177.144348,53.618809,-174.175674,5785,False,True,
1277,/kuka/axis_move/feedback_json,std_msgs/msg/String,2026-08-22T20:17:50.008523-04:00,1787444270,8500241,1787444270008500241,187.584797,,,,18798,18797,1,0,0,18798,AxisTarget,1,True,True,True,False,3.961002,-78.586472,90.371025,0.08741,21.205355,3.782857,599.233276,-41.728168,749.965637,-176.879929,56.516483,-174.037888,5786,False,True,
1278,/kuka/axis_move/feedback_json,std_msgs/msg/String,2026-08-22T20:17:50.188805-04:00,1787444270,188794968,1787444270188794968,180.294727,,,,18799,18798,1,0,0,18799,AxisTarget,1,True,True,True,False,3.841163,-78.912231,90.362503,0.0891,20.678387,3.689698,597.494141,-40.162533,754.879456,-176.772903,57.67017,-173.987091,5787,False,True,
1279,/kuka/axis_move/feedback_json,std_msgs/msg/String,2026-08-22T20:17:50.303217-04:00,1787444270,303210194,1787444270303210194,114.415226,,,,18800,18799,1,0,0,18800,AxisTarget,1,True,True,True,False,3.8411,-78.9123,90.362503,0.0891,20.6784,3.6897,597.491089,-40.159855,754.887878,-176.772705,57.67215,-173.987,5787,False,True,
1280,/kuka/axis_move/feedback_json,std_msgs/msg/String,2026-08-22T20:17:50.491978-04:00,1787444270,491971104,1787444270491971104,188.76091,,,,18801,18800,1,0,0,18801,AxisTarget,1,True,True,True,True,3.8411,-78.9123,90.362503,0.0891,20.6784,3.6897,597.491089,-40.159855,754.887878,-176.772705,57.67215,-173.987,5788,False,True,
1281,/kuka/axis_move/feedback_json,std_msgs/msg/String,2026-08-22T20:17:50.604841-04:00,1787444270,604831558,1787444270604831558,112.860454,,,,18802,18801,1,0,0,18802,AxisTarget,1,True,True,True,True,3.839965,-78.916527,90.362358,0.089139,20.662605,3.686109,597.485535,-40.154926,754.903381,-176.772369,57.675785,-173.986847,5788,False,True,
1282,/kuka/axis_move/feedback_json,std_msgs/msg/String,2026-08-22T20:17:50.720681-04:00,1787444270,720675549,1787444270720675549,115.843991,,,,18803,18802,1,0,0,18803,AxisTarget,1,True,True,True,False,3.799273,-79.039383,90.35878,0.08993,20.392015,3.63317,597.018494,-39.743801,756.196228,-176.744049,57.979404,-173.973862,5788,False,True,
1283,/kuka/axis_move/feedback_json,std_msgs/msg/String,2026-08-22T20:17:50.840478-04:00,1787444270,840446223,1787444270840446223,119.770674,,,,18804,18803,1,0,0,18804,AxisTarget,1,True,True,True,False,3.687418,-79.365616,90.349594,0.0919,19.707209,3.502778,595.618042,-38.533012,760.009705,-176.660095,58.875233,-173.936493,5788,False,True,
1284,/kuka/axis_move/feedback_json,std_msgs/msg/String,2026-08-22T20:17:51.023426-04:00,1787444271,23414397,1787444271023414397,182.968174,,,,18805,18804,1,0,0,18805,AxisTarget,1,True,True,True,False,3.365415,-80.292961,90.323822,0.097361,17.943581,3.171355,591.284851,-34.978569,771.258789,-176.409058,61.520634,-173.834259,5789,False,True,
1285,/kuka/axis_move/feedback_json,std_msgs/msg/String,2026-08-22T20:17:51.210434-04:00,1787444271,210422786,1787444271210422786,187.008389,,,,18806,18805,1,0,0,18806,AxisTarget,1,True,True,True,False,3.13326,-80.937691,90.306549,0.100886,16.829378,2.969842,587.756409,-32.272636,779.880432,-176.213409,63.55196,-173.764084,5790,False,True,
1286,/kuka/axis_move/feedback_json,std_msgs/msg/String,2026-08-22T20:17:51.324200-04:00,1787444271,324174670,1787444271324174670,113.751884,,,,18807,18806,1,0,0,18807,AxisTarget,1,True,True,True,False,3.122,-80.965302,90.305901,0.101,16.798401,2.9651,587.504395,-32.085175,780.479675,-176.199722,63.693298,-173.759476,5790,False,True,
1287,/kuka/axis_move/feedback_json,std_msgs/msg/String,2026-08-22T20:17:51.509030-04:00,1787444271,509002105,1787444271509002105,184.827435,,,,18808,18807,1,0,0,18808,AxisTarget,1,True,True,True,True,3.122,-80.965302,90.305901,0.101,16.798401,2.9651,587.504395,-32.085171,780.479675,-176.199722,63.693302,-173.759476,5791,False,True,
1288,/kuka/axis_move/feedback_json,std_msgs/msg/String,2026-08-22T20:17:51.623445-04:00,1787444271,623429104,1787444271623429104,114.426999,,,,18809,18808,1,0,0,18809,AxisTarget,1,True,True,True,False,3.122,-80.965302,90.305901,0.101,16.798401,2.9651,587.504395,-32.085171,780.479675,-176.199722,63.693302,-173.759476,5791,False,True,
1289,/kuka/axis_move/feedback_json,std_msgs/msg/String,2026-08-22T20:17:51.737845-04:00,1787444271,737829873,1787444271737829873,114.400769,,,,18810,18809,1,0,0,18810,AxisTarget,1,True,True,True,True,3.114049,-80.991257,90.305092,0.101192,16.728119,2.950483,587.428894,-32.02916,780.658752,-176.195618,63.735542,-173.758102,5791,False,True,
1290,/kuka/axis_move/feedback_json,std_msgs/msg/String,2026-08-22T20:17:51.847300-04:00,1787444271,847286985,1787444271847286985,109.457112,,,,18811,18810,1,0,0,18811,AxisTarget,1,True,True,True,False,3.050139,-81.180435,90.299698,0.102367,16.332539,2.874248,586.573059,-31.398758,782.675903,-176.149384,64.211502,-173.742859,5791,False,True,
1291,/kuka/axis_move/feedback_json,std_msgs/msg/String,2026-08-22T20:17:52.031470-04:00,1787444272,31462750,1787444272031462750,184.175765,,,,18812,18811,1,0,0,18812,AxisTarget,1,True,True,True,False,2.804857,-81.891228,90.279839,0.10661,14.929595,2.60857,582.944214,-28.814663,790.976685,-175.957733,66.172882,-173.684433,5792,False,True,
1292,/kuka/axis_move/feedback_json,std_msgs/msg/String,2026-08-22T20:17:52.216175-04:00,1787444272,216159902,1787444272216159902,184.697152,,,,18813,18812,1,0,0,18813,AxisTarget,1,True,True,True,False,2.48395,-82.799904,90.255051,0.111781,13.261316,2.300512,577.591736,-25.239506,802.551392,-175.687073,68.916718,-173.614761,5793,False,True,
1293,/kuka/axis_move/feedback_json,std_msgs/msg/String,2026-08-22T20:17:52.327007-04:00,1787444272,327001457,1787444272327001457,110.841555,,,,18814,18813,1,0,0,18814,AxisTarget,1,True,True,True,False,2.406965,-83.00885,90.249596,0.112868,12.926953,2.241756,576.090881,-24.282534,805.668701,-175.613632,69.657722,-173.59848,5793,False,True,
1294,/kuka/axis_move/feedback_json,std_msgs/msg/String,2026-08-22T20:17:52.517106-04:00,1787444272,517098290,1787444272517098290,190.096833,,,,18815,18814,1,0,0,18815,AxisTarget,1,True,True,True,False,2.403,-83.017899,90.249397,0.1129,12.919176,2.240687,575.969177,-24.205748,805.919189,-175.607712,69.717308,-173.597214,5794,False,True,
1295,/kuka/axis_move/feedback_json,std_msgs/msg/String,2026-08-22T20:17:52.632524-04:00,1787444272,632496116,1787444272632496116,115.397826,,,,18816,18815,1,0,0,18816,AxisTarget,1,True,True,True,True,2.390075,-83.058998,90.248138,0.11319,12.814996,2.217515,575.814514,-24.108353,806.237,-175.60022,69.792915,-173.595627,5794,False,True,
1296,/kuka/axis_move/feedback_json,std_msgs/msg/String,2026-08-22T20:17:52.744965-04:00,1787444272,744958646,1787444272744958646,112.46253,,,,18817,18816,1,0,0,18817,AxisTarget,1,True,True,True,False,2.313499,-83.284508,90.241737,0.114573,12.349822,2.130136,574.617798,-23.361223,808.67804,-175.542557,70.373985,-173.583817,5794,False,True,
1297,/kuka/axis_move/feedback_json,std_msgs/msg/String,2026-08-22T20:17:52.856420-04:00,1787444272,856395205,1787444272856395205,111.436559,,,,18818,18817,1,0,0,18818,AxisTarget,1,True,True,True,False,2.174068,-83.689041,90.2304,0.116986,11.548703,1.978269,572.182861,-21.875401,813.548523,-175.427246,71.535202,-173.562363,5794,False,True,
1298,/kuka/axis_move/feedback_json,std_msgs/msg/String,2026-08-22T20:17:53.046543-04:00,1787444273,46498130,1787444273046498130,190.102925,,,,18819,18818,1,0,0,18819,AxisTarget,1,True,True,True,False,1.85658,-84.593315,90.205544,0.122178,9.85863,1.664282,566.475281,-18.559944,824.49707,-175.167664,74.155556,-173.525421,5795,False,True,
1299,/kuka/axis_move/feedback_json,std_msgs/msg/String,2026-08-22T20:17:53.154988-04:00,1787444273,154982061,1787444273154982061,108.483931,,,,18820,18819,1,0,0,18820,AxisTarget,1,True,True,True,False,1.755453,-84.871437,90.198166,0.123663,9.393077,1.581089,564.313416,-17.360613,828.486755,-175.07341,75.114212,-173.516342,5795,False,True,
1300,/kuka/axis_move/feedback_json,std_msgs/msg/String,2026-08-22T20:17:53.270668-04:00,1787444273,270637600,1787444273270637600,115.655539,,,,18821,18820,1,0,0,18821,AxisTarget,1,True,True,True,False,1.7425,-84.903603,90.197403,0.1238,9.3553,1.5752,563.993835,-17.185789,829.069702,-175.059662,75.254456,-173.515228,5795,False,True,
1301,/kuka/axis_move/feedback_json,std_msgs/msg/String,2026-08-22T20:17:53.455266-04:00,1787444273,455255895,1787444273455255895,184.618295,,,,18822,18821,1,0,0,18822,AxisTarget,1,True,True,True,True,1.7425,-84.903603,90.197403,0.1238,9.3553,1.5752,563.993835,-17.185785,829.069702,-175.059662,75.254463,-173.515228,5796,False,True,
1302,/kuka/axis_move/feedback_json,std_msgs/msg/String,2026-08-22T20:17:53.570565-04:00,1787444273,570555057,1787444273570555057,115.299162,,,,18823,18822,1,0,0,18823,AxisTarget,1,True,True,True,False,1.7425,-84.903603,90.197403,0.1238,9.3553,1.5752,563.993835,-17.185785,829.069702,-175.059662,75.254463,-173.515228,5796,False,True,
1303,/kuka/axis_move/feedback_json,std_msgs/msg/String,2026-08-22T20:17:53.688878-04:00,1787444273,688863855,1787444273688863855,118.308798,,,,18824,18823,1,0,0,18824,AxisTarget,1,True,True,True,True,1.734778,-84.932213,90.196518,0.124008,9.279249,1.559464,563.883667,-17.125675,829.270142,-175.054947,75.302704,-173.514862,5796,False,True,
1304,/kuka/axis_move/feedback_json,std_msgs/msg/String,2026-08-22T20:17:53.793167-04:00,1787444273,793159082,1787444273793159082,104.295227,,,,18825,18824,1,0,0,18825,AxisTarget,1,True,True,True,False,1.672518,-85.113121,90.191368,0.125121,8.90145,1.486687,562.774902,-16.524622,831.277039,-175.007782,75.785988,-173.511597,5796,False,True,
1305,/kuka/axis_move/feedback_json,std_msgs/msg/String,2026-08-22T20:17:53.982201-04:00,1787444273,982191533,1787444273982191533,189.032451,,,,18826,18825,1,0,0,18826,AxisTarget,1,True,True,True,False,1.432294,-85.809044,90.171967,0.129236,7.530651,1.227447,558.327942,-14.185998,839.126648,-174.82547,77.681969,-173.506348,5797,False,True,
1306,/kuka/axis_move/feedback_json,std_msgs/msg/String,2026-08-22T20:17:54.091468-04:00,1787444274,91456536,1787444274091456536,109.265003,,,,18827,18826,1,0,0,18827,AxisTarget,1,True,True,True,False,1.259137,-86.295364,90.158829,0.131934,6.661402,1.068481,554.667542,-12.342317,845.363586,-174.684937,79.195381,-173.512634,5797,False,True,
1307,/kuka/axis_move/feedback_json,std_msgs/msg/String,2026-08-22T20:17:54.205467-04:00,1787444274,205438042,1787444274205438042,113.981506,,,,18828,18827,1,0,0,18828,AxisTarget,1,True,True,True,False,1.190862,-86.480049,90.15403,0.13288,6.369041,1.017314,553.032104,-11.540889,848.088867,-174.625519,79.858734,-173.519104,5797,False,True,
1308,/kuka/axis_move/feedback_json,std_msgs/msg/String,2026-08-22T20:17:54.390533-04:00,1787444274,390521649,1787444274390521649,185.083607,,,,18829,18828,1,0,0,18829,AxisTarget,1,True,True,True,False,1.1881,-86.486198,90.1539,0.1329,6.364277,1.016688,552.922729,-11.487765,848.269836,-174.621628,79.902832,-173.519623,5798,False,True,
1309,/kuka/axis_move/feedback_json,std_msgs/msg/String,2026-08-22T20:17:54.507347-04:00,1787444274,507340778,1787444274507340778,116.819129,,,,18830,18829,1,0,0,18830,AxisTarget,1,True,True,True,True,1.17426,-86.529991,90.152565,0.133207,6.254653,0.99439,552.717834,-11.388427,848.608398,-174.614349,79.985352,-173.520615,5798,False,True,
1310,/kuka/axis_move/feedback_json,std_msgs/msg/String,2026-08-22T20:17:54.619097-04:00,1787444274,619091916,1787444274619091916,111.751138,,,,18831,18830,1,0,0,18831,AxisTarget,1,True,True,True,False,1.097818,-86.75499,90.146172,0.134586,5.791356,0.905515,551.264526,-10.689756,850.993774,-174.56398,80.567245,-173.528946,5798,False,True,
1311,/kuka/axis_move/feedback_json,std_msgs/msg/String,2026-08-22T20:17:54.731751-04:00,1787444274,731731639,1787444274731731639,112.639723,,,,18832,18831,1,0,0,18832,AxisTarget,1,True,True,True,False,0.959616,-87.155945,90.134941,0.136977,4.998573,0.755408,548.470154,-9.374543,855.503174,-174.473724,81.670174,-173.551941,5798,False,True,
1312,/kuka/axis_move/feedback_json,std_msgs/msg/String,2026-08-22T20:17:54.917388-04:00,1787444274,917377780,1787444274917377780,185.646141,,,,18833,18832,1,0,0,18833,AxisTarget,1,True,True,True,False,0.753173,-87.732864,90.119385,0.140159,3.985278,0.571323,543.667236,-7.196288,863.029236,-174.347229,83.519798,-173.621078,5799,False,True,
1313,/kuka/axis_move/feedback_json,std_msgs/msg/String,2026-08-22T20:17:55.097190-04:00,1787444275,97158497,1787444275097158497,179.780717,,,,18834,18833,1,0,0,18834,AxisTarget,1,True,True,True,False,0.74,-87.765701,90.118599,0.1403,3.9462,0.5652,543.292969,-7.030738,863.604309,-174.339493,83.661606,-173.628632,5800,False,True,
1314,/kuka/axis_move/feedback_json,std_msgs/msg/String,2026-08-22T20:17:55.285348-04:00,1787444275,285303968,1787444275285303968,188.145471,,,,18835,18834,1,0,0,18835,AxisTarget,1,True,True,True,True,0.74,-87.765701,90.118599,0.1403,3.9462,0.5652,543.292969,-7.030738,863.604309,-174.339493,83.661606,-173.628632,5801,False,True,
1315,/kuka/axis_move/feedback_json,std_msgs/msg/String,2026-08-22T20:17:55.397400-04:00,1787444275,397388933,1787444275397388933,112.084965,,,,18836,18835,1,0,0,18836,AxisTarget,1,True,True,True,True,0.739425,-87.76796,90.118515,0.140323,3.936708,0.562976,543.286926,-7.028074,863.613586,-174.339371,83.663887,-173.628769,5801,False,True,
1316,/kuka/axis_move/feedback_json,std_msgs/msg/String,2026-08-22T20:17:55.512676-04:00,1787444275,512612755,1787444275512612755,115.223822,,,,18837,18836,1,0,0,18837,AxisTarget,1,True,True,True,False,0.705598,-87.870659,90.115517,0.140996,3.706839,0.517782,542.629028,-6.738401,864.620544,-174.326797,83.912384,-173.643097,5801,False,True,
1317,/kuka/axis_move/feedback_json,std_msgs/msg/String,2026-08-22T20:17:55.620966-04:00,1787444275,620960070,1787444275620960070,108.347315,,,,18838,18837,1,0,0,18838,AxisTarget,1,True,True,True,False,0.613233,-88.140533,90.107536,0.142724,3.135202,0.408745,540.659668,-5.88196,867.605835,-174.298004,84.650391,-173.695023,5801,False,True,
1318,/kuka/axis_move/feedback_json,std_msgs/msg/String,2026-08-22T20:17:55.806572-04:00,1787444275,806561437,1787444275806561437,185.601367,,,,18839,18838,1,0,0,18839,AxisTarget,1,True,True,True,False,0.413757,-88.702187,90.092659,0.145823,2.150401,0.228457,536.050232,-3.937787,874.429749,-174.317184,86.344849,-173.903824,5802,False,True,
1319,/kuka/axis_move/feedback_json,std_msgs/msg/String,2026-08-22T20:17:55.918346-04:00,1787444275,918334397,1787444275918334397,111.77296,,,,18840,18839,1,0,0,18840,AxisTarget,1,True,True,True,False,0.398,-88.741898,90.091698,0.146,2.1011,0.2206,535.539917,-3.72759,875.171631,-174.33197,86.529709,-173.939667,5802,False,True,
1320,/kuka/axis_move/feedback_json,std_msgs/msg/String,2026-08-22T20:17:56.107112-04:00,1787444276,107104419,1787444276107104419,188.770022,,,,18841,18840,1,0,0,18841,AxisTarget,1,True,True,True,True,0.398,-88.741898,90.091698,0.146,2.1011,0.2206,535.539978,-3.727614,875.171509,-174.33197,86.529686,-173.939651,5803,False,True,
1321,/kuka/axis_move/feedback_json,std_msgs/msg/String,2026-08-22T20:17:56.222057-04:00,1787444276,222045862,1787444276222045862,114.941443,,,,18842,18841,1,0,0,18842,AxisTarget,1,True,True,True,False,0.398,-88.741898,90.091698,0.146,2.1011,0.2206,535.539978,-3.727614,875.171509,-174.33197,86.529686,-173.939651,5803,False,True,
1322,/kuka/axis_move/feedback_json,std_msgs/msg/String,2026-08-22T20:17:56.331462-04:00,1787444276,331454516,1787444276331454516,109.408654,,,,18843,18842,1,0,0,18843,AxisTarget,1,True,True,True,True,0.394053,-88.755295,90.091194,0.146122,2.055419,0.210918,535.477417,-3.701927,875.262268,-174.33403,86.552315,-173.944305,5803,False,True,
1323,/kuka/axis_move/feedback_json,std_msgs/msg/String,2026-08-22T20:17:56.444681-04:00,1787444276,444661291,1787444276444661291,113.206775,,,,18844,18843,1,0,0,18844,AxisTarget,1,True,True,True,False,0.33999,-88.916313,90.086655,0.147116,1.719265,0.145901,534.327148,-3.232138,876.924194,-174.384354,86.966949,-174.042099,5803,False,True,
1324,/kuka/axis_move/feedback_json,std_msgs/msg/String,2026-08-22T20:17:56.635785-04:00,1787444276,635778257,1787444276635778257,191.116966,,,,18845,18844,1,0,0,18845,AxisTarget,1,True,True,True,False,0.175144,-89.382988,90.073959,0.149762,0.867097,-0.010932,530.432068,-1.677105,882.455444,-174.912888,88.351799,-174.731842,5804,False,True,
1325,/kuka/axis_move/feedback_json,std_msgs/msg/String,2026-08-22T20:17:56.821385-04:00,1787444276,821361611,1787444276821361611,185.583354,,,,18846,18845,1,0,0,18846,AxisTarget,1,True,True,True,False,0.1623,-89.415001,90.073196,0.1499,0.829,-0.0169,529.990784,-1.504321,883.072998,-175.051956,88.506866,-174.889206,5805,False,True,
1326,/kuka/axis_move/feedback_json,std_msgs/msg/String,2026-08-22T20:17:57.002897-04:00,1787444277,2873791,1787444277002873791,181.51218,,,,18847,18846,1,0,0,18847,AxisTarget,1,True,True,True,True,0.1623,-89.415001,90.073196,0.1499,0.829,-0.0169,529.990784,-1.504321,883.072998,-175.051956,88.506866,-174.889206,5806,False,True,
1327,/kuka/axis_move/feedback_json,std_msgs/msg/String,2026-08-22T20:17:57.118908-04:00,1787444277,118875441,1787444277118875441,116.00165,,,,18848,18847,1,0,0,18848,AxisTarget,1,True,True,True,True,0.161735,-89.417221,90.073112,0.149922,0.817297,-0.0196,529.984436,-1.501823,883.081909,-175.054214,88.509109,-174.891739,5806,False,True,
1328,/kuka/axis_move/feedback_json,std_msgs/msg/String,2026-08-22T20:17:57.231446-04:00,1787444277,231439212,1787444277231439212,112.563771,,,,18849,18848,1,0,0,18849,AxisTarget,1,True,True,True,False,0.123755,-89.53215,90.069771,0.150649,0.564786,-0.069077,529.235474,-1.210071,884.125793,-175.382065,88.771423,-175.250687,5806,False,True,
1329,/kuka/axis_move/feedback_json,std_msgs/msg/String,2026-08-22T20:17:57.343258-04:00,1787444277,343249814,1787444277343249814,111.810602,,,,18850,18849,1,0,0,18850,AxisTarget,1,True,True,True,False,0.048657,-89.749619,90.06385,0.151849,0.172839,-0.140695,527.355347,-0.486091,886.723816,-177.626144,89.424973,-177.572922,5806,False,True,
1330,/kuka/axis_move/feedback_json,std_msgs/msg/String,2026-08-22T20:17:57.525390-04:00,1787444277,525363221,1787444277525363221,182.113407,,,,18851,18850,1,0,0,18851,AxisTarget,1,True,True,True,False,0.0327,-89.785004,90.063004,0.152,0.1298,-0.1475,526.870117,-0.301178,887.38916,-179.400528,89.592178,-179.367493,5807,False,True,
1331,/kuka/axis_move/feedback_json,std_msgs/msg/String,2026-08-22T20:17:57.638838-04:00,1787444277,638826968,1787444277638826968,113.463747,,,,18852,18851,1,0,0,18852,AxisTarget,1,True,True,True,True,0.030534,-89.792618,90.062744,0.152071,0.104753,-0.152988,526.845032,-0.291614,887.423523,-179.53241,89.6008,-179.500427,5807,False,True,
1332,/kuka/axis_move/feedback_json,std_msgs/msg/String,2026-08-22T20:17:57.754595-04:00,1787444277,754566076,1787444277754566076,115.739108,,,,18853,18852,1,0,0,18853,AxisTarget,1,True,True,True,False,0.005735,-89.862396,90.060822,0.152497,-0.018374,-0.175167,526.231201,-0.058307,888.26239,173.507965,89.809967,173.514328,5807,False,True,
1333,/kuka/axis_move/feedback_json,std_msgs/msg/String,2026-08-22T20:17:57.863364-04:00,1787444277,863353086,1787444277863353086,108.78701,,,,18854,18853,1,0,0,18854,AxisTarget,1,True,True,True,False,0.0051,-89.863602,90.060799,0.1525,-0.0188,-0.1752,526.200745,-0.046768,888.303894,172.743301,89.820168,172.748383,5807,False,True,
1334,/kuka/axis_move/feedback_json,std_msgs/msg/String,2026-08-22T20:17:58.051330-04:00,1787444278,51317960,1787444278051317960,187.964874,,,,18855,18854,1,0,0,18855,AxisTarget,1,True,True,True,False,0.0051,-89.863602,90.060799,0.1525,-0.0188,-0.1752,526.200745,-0.046768,888.303894,172.743301,89.820168,172.748383,5808,False,True,
1335,/kuka/axis_move/feedback_json,std_msgs/msg/String,2026-08-22T20:17:58.168918-04:00,1787444278,168909898,1787444278168909898,117.591938,,,,18856,18855,1,0,0,18856,AxisTarget,1,False,True,True,False,0.0051,-89.863602,90.060799,0.1525,-0.0188,-0.1752,526.200745,-0.046768,888.303894,172.743301,89.820168,172.748383,5808,False,True,
1336,/kuka/axis_move/feedback_json,std_msgs/msg/String,2026-08-22T20:17:58.275050-04:00,1787444278,275033390,1787444278275033390,106.123492,,,,18857,18856,1,0,0,18857,AxisTarget,1,False,True,True,False,0.0051,-89.863602,90.060799,0.1525,-0.0188,-0.1752,526.200745,-0.046768,888.303894,172.743301,89.820168,172.748383,5808,False,True,
1337,/kuka/axis_move/feedback_json,std_msgs/msg/String,2026-08-22T20:17:58.385097-04:00,1787444278,385089877,1787444278385089877,110.056487,,,,18858,18857,1,0,0,18858,AxisTarget,1,False,True,True,False,0.0051,-89.863602,90.060799,0.1525,-0.0188,-0.1752,526.200745,-0.046768,888.303894,172.743301,89.820168,172.748383,5808,False,True,
1338,/kuka/axis_move/feedback_json,std_msgs/msg/String,2026-08-22T20:17:58.574732-04:00,1787444278,574720051,1787444278574720051,189.630174,,,,18859,18858,1,0,0,18859,AxisTarget,1,False,True,True,False,0.0051,-89.863602,90.060799,0.1525,-0.0188,-0.1752,526.200745,-0.046768,888.303894,172.743301,89.820168,172.748383,5809,False,True,
1339,/kuka/axis_move/feedback_json,std_msgs/msg/String,2026-08-22T20:17:58.688720-04:00,1787444278,688712318,1787444278688712318,113.992267,,,,18860,18859,1,0,0,18860,AxisTarget,1,False,True,True,False,0.0051,-89.863602,90.060799,0.1525,-0.0188,-0.1752,526.200745,-0.046768,888.303894,172.743301,89.820168,172.748383,5809,False,True,
1340,/kuka/axis_move/feedback_json,std_msgs/msg/String,2026-08-22T20:17:58.805439-04:00,1787444278,805410492,1787444278805410492,116.698174,,,,18861,18860,1,0,0,18861,AxisTarget,1,False,True,True,False,0.0051,-89.863602,90.060799,0.1525,-0.0188,-0.1752,526.200745,-0.046768,888.303894,172.743301,89.820168,172.748383,5809,False,True,
1341,/kuka/axis_move/feedback_json,std_msgs/msg/String,2026-08-22T20:17:58.914909-04:00,1787444278,914902612,1787444278914902612,109.49212,,,,18862,18861,1,0,0,18862,AxisTarget,1,False,True,True,False,0.0051,-89.863602,90.060799,0.1525,-0.0188,-0.1752,526.200745,-0.046768,888.303894,172.743301,89.820168,172.748383,5809,False,True,
1342,/kuka/axis_move/feedback_json,std_msgs/msg/String,2026-08-22T20:17:59.099129-04:00,1787444279,99118868,1787444279099118868,184.216256,,,,18863,18862,1,0,0,18863,AxisTarget,1,False,True,True,False,0.0051,-89.863602,90.060799,0.1525,-0.0188,-0.1752,526.200745,-0.046768,888.303894,172.743301,89.820168,172.748383,5810,False,True,
1343,/kuka/axis_move/feedback_json,std_msgs/msg/String,2026-08-22T20:17:59.215543-04:00,1787444279,215532480,1787444279215532480,116.413612,,,,18864,18863,1,0,0,18864,AxisTarget,1,False,True,True,False,0.0051,-89.863602,90.060799,0.1525,-0.0188,-0.1752,526.200745,-0.046768,888.303894,172.743301,89.820168,172.748383,5810,False,True,
1344,/kuka/axis_move/feedback_json,std_msgs/msg/String,2026-08-22T20:17:59.327573-04:00,1787444279,327566541,1787444279327566541,112.034061,,,,18865,18864,1,0,0,18865,AxisTarget,1,False,True,True,False,0.0051,-89.863602,90.060799,0.1525,-0.0188,-0.1752,526.200745,-0.046768,888.303894,172.743301,89.820168,172.748383,5810,False,True,
1345,/kuka/axis_move/feedback_json,std_msgs/msg/String,2026-08-22T20:17:59.442394-04:00,1787444279,442375147,1787444279442375147,114.808606,,,,18866,18865,1,0,0,18866,AxisTarget,1,False,True,True,False,0.0051,-89.863602,90.060799,0.1525,-0.0188,-0.1752,526.200745,-0.046768,888.303894,172.743301,89.820168,172.748383,5810,False,True,
1346,/kuka/axis_move/feedback_json,std_msgs/msg/String,2026-08-22T20:17:59.623235-04:00,1787444279,623223807,1787444279623223807,180.84866,,,,18867,18866,1,0,0,18867,AxisTarget,1,False,True,True,False,0.0051,-89.863602,90.060799,0.1525,-0.0188,-0.1752,526.200745,-0.046768,888.303894,172.743301,89.820168,172.748383,5811,False,True,
1347,/kuka/axis_move/feedback_json,std_msgs/msg/String,2026-08-22T20:17:59.736490-04:00,1787444279,736459358,1787444279736459358,113.235551,,,,18868,18867,1,0,0,18868,AxisTarget,1,False,True,True,False,0.0051,-89.863602,90.060799,0.1525,-0.0188,-0.1752,526.200745,-0.046768,888.303894,172.743301,89.820168,172.748383,5811,False,True,
1348,/kuka/axis_move/feedback_json,std_msgs/msg/String,2026-08-22T20:17:59.847166-04:00,1787444279,847154722,1787444279847154722,110.695364,,,,18869,18868,1,0,0,18869,AxisTarget,1,False,True,True,False,0.0051,-89.863602,90.060799,0.1525,-0.0188,-0.1752,526.200745,-0.046768,888.303894,172.743301,89.820168,172.748383,5811,False,True,
1349,/kuka/axis_move/feedback_json,std_msgs/msg/String,2026-08-22T20:17:59.962049-04:00,1787444279,962042456,1787444279962042456,114.887734,,,,18870,18869,1,0,0,18870,AxisTarget,1,False,True,True,False,0.0051,-89.863602,90.060799,0.1525,-0.0188,-0.1752,526.200745,-0.046768,888.303894,172.743301,89.820168,172.748383,5811,False,True,
1350,/kuka/axis_move/feedback_json,std_msgs/msg/String,2026-08-22T20:18:00.152415-04:00,1787444280,152389533,1787444280152389533,190.347077,,,,18871,18870,1,0,0,18871,AxisTarget,1,False,True,True,False,0.0051,-89.863602,90.060799,0.1525,-0.0188,-0.1752,526.200745,-0.046768,888.303894,172.743301,89.820168,172.748383,5812,False,True,
1351,/kuka/axis_move/feedback_json,std_msgs/msg/String,2026-08-22T20:18:00.259108-04:00,1787444280,259098182,1787444280259098182,106.708649,,,,18872,18871,1,0,0,18872,AxisTarget,1,False,True,True,False,0.0051,-89.863602,90.060799,0.1525,-0.0188,-0.1752,526.200745,-0.046768,888.303894,172.743301,89.820168,172.748383,5812,False,True,
1352,/kuka/axis_move/feedback_json,std_msgs/msg/String,2026-08-22T20:18:00.376453-04:00,1787444280,376418171,1787444280376418171,117.319989,,,,18873,18872,1,0,0,18873,AxisTarget,1,False,True,True,False,0.0051,-89.863602,90.060799,0.1525,-0.0188,-0.1752,526.200745,-0.046768,888.303894,172.743301,89.820168,172.748383,5812,False,True,
1353,/kuka/axis_move/feedback_json,std_msgs/msg/String,2026-08-22T20:18:00.484482-04:00,1787444280,484471338,1787444280484471338,108.053167,,,,18874,18873,1,0,0,18874,AxisTarget,1,False,True,True,False,0.0051,-89.863602,90.060799,0.1525,-0.0188,-0.1752,526.200745,-0.046768,888.303894,172.743301,89.820168,172.748383,5812,False,True,
1354,/kuka/axis_move/feedback_json,std_msgs/msg/String,2026-08-22T20:18:00.668907-04:00,1787444280,668898029,1787444280668898029,184.426691,,,,18875,18874,1,0,0,18875,AxisTarget,1,False,True,True,False,0.0051,-89.863602,90.060799,0.1525,-0.0188,-0.1752,526.200745,-0.046768,888.303894,172.743301,89.820168,172.748383,5813,False,True,
1355,/kuka/axis_move/feedback_json,std_msgs/msg/String,2026-08-22T20:18:00.779266-04:00,1787444280,779252956,1787444280779252956,110.354927,,,,18876,18875,1,0,0,18876,AxisTarget,1,False,True,True,False,0.0051,-89.863602,90.060799,0.1525,-0.0188,-0.1752,526.200745,-0.046768,888.303894,172.743301,89.820168,172.748383,5813,False,True,
1356,/kuka/axis_move/feedback_json,std_msgs/msg/String,2026-08-22T20:18:00.893224-04:00,1787444280,893214356,1787444280893214356,113.9614,,,,18877,18876,1,0,0,18877,AxisTarget,1,False,True,True,False,0.0051,-89.863602,90.060799,0.1525,-0.0188,-0.1752,526.200745,-0.046768,888.303894,172.743301,89.820168,172.748383,5813,False,True,
1357,/kuka/axis_move/feedback_json,std_msgs/msg/String,2026-08-22T20:18:01.007258-04:00,1787444281,7247661,1787444281007247661,114.033305,,,,18878,18877,1,0,0,18878,AxisTarget,1,False,True,True,False,0.0051,-89.863602,90.060799,0.1525,-0.0188,-0.1752,526.200745,-0.046768,888.303894,172.743301,89.820168,172.748383,5813,False,True,
1358,/kuka/axis_move/feedback_json,std_msgs/msg/String,2026-08-22T20:18:01.194109-04:00,1787444281,194103231,1787444281194103231,186.85557,,,,18879,18878,1,0,0,18879,AxisTarget,1,False,True,True,False,0.0051,-89.863602,90.060799,0.1525,-0.0188,-0.1752,526.200745,-0.046768,888.303894,172.743301,89.820168,172.748383,5814,False,True,
1359,/kuka/axis_move/feedback_json,std_msgs/msg/String,2026-08-22T20:18:01.308462-04:00,1787444281,308442499,1787444281308442499,114.339268,,,,18880,18879,1,0,0,18880,AxisTarget,1,False,True,True,False,0.0051,-89.863602,90.060799,0.1525,-0.0188,-0.1752,526.200745,-0.046768,888.303894,172.743301,89.820168,172.748383,5814,False,True,
1360,/kuka/axis_move/feedback_json,std_msgs/msg/String,2026-08-22T20:18:01.419492-04:00,1787444281,419484352,1787444281419484352,111.041853,,,,18881,18880,1,0,0,18881,AxisTarget,1,False,True,True,False,0.0051,-89.863602,90.060799,0.1525,-0.0188,-0.1752,526.200745,-0.046768,888.303894,172.743301,89.820168,172.748383,5814,False,True,
1361,/kuka/axis_move/feedback_json,std_msgs/msg/String,2026-08-22T20:18:01.532732-04:00,1787444281,532722849,1787444281532722849,113.238497,,,,18882,18881,1,0,0,18882,AxisTarget,1,False,True,True,False,0.0051,-89.863602,90.060799,0.1525,-0.0188,-0.1752,526.200745,-0.046768,888.303894,172.743301,89.820168,172.748383,5814,False,True,
1362,/kuka/axis_move/feedback_json,std_msgs/msg/String,2026-08-22T20:18:01.722183-04:00,1787444281,722171465,1787444281722171465,189.448616,,,,18883,18882,1,0,0,18883,AxisTarget,1,False,True,True,False,0.0051,-89.863602,90.060799,0.1525,-0.0188,-0.1752,526.200745,-0.046768,888.303894,172.743301,89.820168,172.748383,5815,False,True,
1363,/kuka/axis_move/feedback_json,std_msgs/msg/String,2026-08-22T20:18:01.831282-04:00,1787444281,831270611,1787444281831270611,109.099146,,,,18884,18883,1,0,0,18884,AxisTarget,1,False,True,True,False,0.0051,-89.863602,90.060799,0.1525,-0.0188,-0.1752,526.200745,-0.046768,888.303894,172.743301,89.820168,172.748383,5815,False,True,
1364,/kuka/axis_move/feedback_json,std_msgs/msg/String,2026-08-22T20:18:01.948858-04:00,1787444281,948834517,1787444281948834517,117.563906,,,,18885,18884,1,0,0,18885,AxisTarget,1,False,True,True,False,0.0051,-89.863602,90.060799,0.1525,-0.0188,-0.1752,526.200745,-0.046768,888.303894,172.743301,89.820168,172.748383,5815,False,True,
1365,/kuka/axis_move/feedback_json,std_msgs/msg/String,2026-08-22T20:18:02.055391-04:00,1787444282,55379761,1787444282055379761,106.545244,,,,18886,18885,1,0,0,18886,AxisTarget,1,False,True,True,False,0.0051,-89.863602,90.060799,0.1525,-0.0188,-0.1752,526.200745,-0.046768,888.303894,172.743301,89.820168,172.748383,5815,False,True,
1366,/kuka/axis_move/feedback_json,std_msgs/msg/String,2026-08-22T20:18:02.241243-04:00,1787444282,241235329,1787444282241235329,185.855568,,,,18887,18886,1,0,0,18887,AxisTarget,1,False,True,True,False,0.0051,-89.863602,90.060799,0.1525,-0.0188,-0.1752,526.200745,-0.046768,888.303894,172.743301,89.820168,172.748383,5816,False,True,
1367,/kuka/axis_move/feedback_json,std_msgs/msg/String,2026-08-22T20:18:02.354968-04:00,1787444282,354946982,1787444282354946982,113.711653,,,,18888,18887,1,0,0,18888,AxisTarget,1,False,True,True,False,0.0051,-89.863602,90.060799,0.1525,-0.0188,-0.1752,526.200745,-0.046768,888.303894,172.743301,89.820168,172.748383,5816,False,True,
1368,/kuka/axis_move/feedback_json,std_msgs/msg/String,2026-08-22T20:18:02.463092-04:00,1787444282,463086711,1787444282463086711,108.139729,,,,18889,18888,1,0,0,18889,AxisTarget,1,False,True,True,False,0.0051,-89.863602,90.060799,0.1525,-0.0188,-0.1752,526.200745,-0.046768,888.303894,172.743301,89.820168,172.748383,5816,False,True,
1369,/kuka/axis_move/feedback_json,std_msgs/msg/String,2026-08-22T20:18:02.580194-04:00,1787444282,580163025,1787444282580163025,117.076314,,,,18890,18889,1,0,0,18890,AxisTarget,1,False,True,True,False,0.0051,-89.863602,90.060799,0.1525,-0.0188,-0.1752,526.200745,-0.046768,888.303894,172.743301,89.820168,172.748383,5816,False,True,
1370,/kuka/axis_move/feedback_json,std_msgs/msg/String,2026-08-22T20:18:02.767118-04:00,1787444282,767107582,1787444282767107582,186.944557,,,,18891,18890,1,0,0,18891,AxisTarget,1,False,True,True,False,0.0051,-89.863602,90.060799,0.1525,-0.0188,-0.1752,526.200745,-0.046768,888.303894,172.743301,89.820168,172.748383,5817,False,True,
1371,/kuka/axis_move/feedback_json,std_msgs/msg/String,2026-08-22T20:18:02.879069-04:00,1787444282,879063388,1787444282879063388,111.955806,,,,18892,18891,1,0,0,18892,AxisTarget,1,False,True,True,False,0.0051,-89.863602,90.060799,0.1525,-0.0188,-0.1752,526.200745,-0.046768,888.303894,172.743301,89.820168,172.748383,5817,False,True,
1372,/kuka/axis_move/feedback_json,std_msgs/msg/String,2026-08-22T20:18:02.991608-04:00,1787444282,991602034,1787444282991602034,112.538646,,,,18893,18892,1,0,0,18893,AxisTarget,1,False,True,True,False,0.0051,-89.863602,90.060799,0.1525,-0.0188,-0.1752,526.200745,-0.046768,888.303894,172.743301,89.820168,172.748383,5817,False,True,
1373,/kuka/axis_move/feedback_json,std_msgs/msg/String,2026-08-22T20:18:03.104828-04:00,1787444283,104818000,1787444283104818000,113.215966,,,,18894,18893,1,0,0,18894,AxisTarget,1,False,True,True,False,0.0051,-89.863602,90.060799,0.1525,-0.0188,-0.1752,526.200745,-0.046768,888.303894,172.743301,89.820168,172.748383,5817,False,True,
1374,/kuka/axis_move/feedback_json,std_msgs/msg/String,2026-08-22T20:18:03.289416-04:00,1787444283,289376790,1787444283289376790,184.55879,,,,18895,18894,1,0,0,18895,AxisTarget,1,False,True,True,False,0.0051,-89.863602,90.060799,0.1525,-0.0188,-0.1752,526.200745,-0.046768,888.303894,172.743301,89.820168,172.748383,5818,False,True,
1375,/kuka/axis_move/feedback_json,std_msgs/msg/String,2026-08-22T20:18:03.399105-04:00,1787444283,399089706,1787444283399089706,109.712916,,,,18896,18895,1,0,0,18896,AxisTarget,1,False,True,True,False,0.0051,-89.863602,90.060799,0.1525,-0.0188,-0.1752,526.200745,-0.046768,888.303894,172.743301,89.820168,172.748383,5818,False,True,
1376,/kuka/axis_move/feedback_json,std_msgs/msg/String,2026-08-22T20:18:03.508480-04:00,1787444283,508447587,1787444283508447587,109.357881,,,,18897,18896,1,0,0,18897,AxisTarget,1,False,True,True,False,0.0051,-89.863602,90.060799,0.1525,-0.0188,-0.1752,526.200745,-0.046768,888.303894,172.743301,89.820168,172.748383,5818,False,True,
1377,/kuka/axis_move/feedback_json,std_msgs/msg/String,2026-08-22T20:18:03.618852-04:00,1787444283,618845656,1787444283618845656,110.398069,,,,18898,18897,1,0,0,18898,AxisTarget,1,False,True,True,False,0.0051,-89.863602,90.060799,0.1525,-0.0188,-0.1752,526.200745,-0.046768,888.303894,172.743301,89.820168,172.748383,5818,False,True,
1378,/kuka/axis_move/feedback_json,std_msgs/msg/String,2026-08-22T20:18:03.805302-04:00,1787444283,805294906,1787444283805294906,186.44925,,,,18899,18898,1,0,0,18899,AxisTarget,1,False,True,True,False,0.0051,-89.863602,90.060799,0.1525,-0.0188,-0.1752,526.200745,-0.046768,888.303894,172.743301,89.820168,172.748383,5819,False,True,
1379,/kuka/axis_move/feedback_json,std_msgs/msg/String,2026-08-22T20:18:03.918184-04:00,1787444283,918173159,1787444283918173159,112.878253,,,,18900,18899,1,0,0,18900,AxisTarget,1,False,True,True,False,0.0051,-89.863602,90.060799,0.1525,-0.0188,-0.1752,526.200745,-0.046768,888.303894,172.743301,89.820168,172.748383,5819,False,True,
1380,/kuka/axis_move/feedback_json,std_msgs/msg/String,2026-08-22T20:18:04.031245-04:00,1787444284,31234846,1787444284031234846,113.061687,,,,18901,18900,1,0,0,18901,AxisTarget,1,False,True,True,False,0.0051,-89.863602,90.060799,0.1525,-0.0188,-0.1752,526.200745,-0.046768,888.303894,172.743301,89.820168,172.748383,5819,False,True,
1381,/kuka/axis_move/feedback_json,std_msgs/msg/String,2026-08-22T20:18:04.143067-04:00,1787444284,143054788,1787444284143054788,111.819942,,,,18902,18901,1,0,0,18902,AxisTarget,1,False,True,True,False,0.0051,-89.863602,90.060799,0.1525,-0.0188,-0.1752,526.200745,-0.046768,888.303894,172.743301,89.820168,172.748383,5819,False,True,
1382,/kuka/axis_move/feedback_json,std_msgs/msg/String,2026-08-22T20:18:04.323421-04:00,1787444284,323408314,1787444284323408314,180.353526,,,,18903,18902,1,0,0,18903,AxisTarget,1,False,True,True,False,0.0051,-89.863602,90.060799,0.1525,-0.0188,-0.1752,526.200745,-0.046768,888.303894,172.743301,89.820168,172.748383,5820,False,True,
1383,/kuka/axis_move/feedback_json,std_msgs/msg/String,2026-08-22T20:18:04.431414-04:00,1787444284,431402211,1787444284431402211,107.993897,,,,18904,18903,1,0,0,18904,AxisTarget,1,False,True,True,False,0.0051,-89.863602,90.060799,0.1525,-0.0188,-0.1752,526.200745,-0.046768,888.303894,172.743301,89.820168,172.748383,5820,False,True,
1384,/kuka/axis_move/feedback_json,std_msgs/msg/String,2026-08-22T20:18:04.543270-04:00,1787444284,543262339,1787444284543262339,111.860128,,,,18905,18904,1,0,0,18905,AxisTarget,1,False,True,True,False,0.0051,-89.863602,90.060799,0.1525,-0.0188,-0.1752,526.200745,-0.046768,888.303894,172.743301,89.820168,172.748383,5820,False,True,
1385,/kuka/axis_move/feedback_json,std_msgs/msg/String,2026-08-22T20:18:04.655084-04:00,1787444284,655076690,1787444284655076690,111.814351,,,,18906,18905,1,0,0,18906,AxisTarget,1,False,True,True,False,0.0051,-89.863602,90.060799,0.1525,-0.0188,-0.1752,526.200745,-0.046768,888.303894,172.743301,89.820168,172.748383,5820,False,True,
1386,/kuka/axis_move/feedback_json,std_msgs/msg/String,2026-08-22T20:18:04.835351-04:00,1787444284,835339807,1787444284835339807,180.263117,,,,18907,18906,1,0,0,18907,AxisTarget,1,False,True,True,False,0.0051,-89.863602,90.060799,0.1525,-0.0188,-0.1752,526.200745,-0.046768,888.303894,172.743301,89.820168,172.748383,5821,False,True,
1387,/kuka/axis_move/feedback_json,std_msgs/msg/String,2026-08-22T20:18:04.951915-04:00,1787444284,951890096,1787444284951890096,116.550289,,,,18908,18907,1,0,0,18908,AxisTarget,1,False,True,True,False,0.0051,-89.863602,90.060799,0.1525,-0.0188,-0.1752,526.200745,-0.046768,888.303894,172.743301,89.820168,172.748383,5821,False,True,
1388,/kuka/axis_move/feedback_json,std_msgs/msg/String,2026-08-22T20:18:05.063010-04:00,1787444285,63001682,1787444285063001682,111.111586,,,,18909,18908,1,0,0,18909,AxisTarget,1,False,True,True,False,0.0051,-89.863602,90.060799,0.1525,-0.0188,-0.1752,526.200745,-0.046768,888.303894,172.743301,89.820168,172.748383,5821,False,True,
1389,/kuka/axis_move/feedback_json,std_msgs/msg/String,2026-08-22T20:18:05.181192-04:00,1787444285,181177166,1787444285181177166,118.175484,,,,18910,18909,1,0,0,18910,AxisTarget,1,False,True,True,False,0.0051,-89.863602,90.060799,0.1525,-0.0188,-0.1752,526.200745,-0.046768,888.303894,172.743301,89.820168,172.748383,5821,False,True,
1390,/kuka/axis_move/feedback_json,std_msgs/msg/String,2026-08-22T20:18:05.364496-04:00,1787444285,364477831,1787444285364477831,183.300665,,,,18911,18910,1,0,0,18911,AxisTarget,1,False,True,True,False,0.0051,-89.863602,90.060799,0.1525,-0.0188,-0.1752,526.200745,-0.046768,888.303894,172.743301,89.820168,172.748383,5822,False,True,
1391,/kuka/axis_move/feedback_json,std_msgs/msg/String,2026-08-22T20:18:05.475030-04:00,1787444285,475022175,1787444285475022175,110.544344,,,,18912,18911,1,0,0,18912,AxisTarget,1,False,True,True,False,0.0051,-89.863602,90.060799,0.1525,-0.0188,-0.1752,526.200745,-0.046768,888.303894,172.743301,89.820168,172.748383,5822,False,True,
1392,/kuka/axis_move/feedback_json,std_msgs/msg/String,2026-08-22T20:18:05.587216-04:00,1787444285,587205988,1787444285587205988,112.183813,,,,18913,18912,1,0,0,18913,AxisTarget,1,False,True,True,False,0.0051,-89.863602,90.060799,0.1525,-0.0188,-0.1752,526.200745,-0.046768,888.303894,172.743301,89.820168,172.748383,5822,False,True,
1393,/kuka/axis_move/feedback_json,std_msgs/msg/String,2026-08-22T20:18:05.700623-04:00,1787444285,700598365,1787444285700598365,113.392377,,,,18914,18913,1,0,0,18914,AxisTarget,1,False,True,True,False,0.0051,-89.863602,90.060799,0.1525,-0.0188,-0.1752,526.200745,-0.046768,888.303894,172.743301,89.820168,172.748383,5822,False,True,
1394,/kuka/axis_move/feedback_json,std_msgs/msg/String,2026-08-22T20:18:05.885197-04:00,1787444285,885186632,1787444285885186632,184.588267,,,,18915,18914,1,0,0,18915,AxisTarget,1,False,True,True,False,0.0051,-89.863602,90.060799,0.1525,-0.0188,-0.1752,526.200745,-0.046768,888.303894,172.743301,89.820168,172.748383,5823,False,True,
1395,/kuka/axis_move/feedback_json,std_msgs/msg/String,2026-08-22T20:18:05.999185-04:00,1787444285,999176948,1787444285999176948,113.990316,,,,18916,18915,1,0,0,18916,AxisTarget,1,False,True,True,False,0.0051,-89.863602,90.060799,0.1525,-0.0188,-0.1752,526.200745,-0.046768,888.303894,172.743301,89.820168,172.748383,5823,False,True,
1396,/kuka/axis_move/feedback_json,std_msgs/msg/String,2026-08-22T20:18:06.115091-04:00,1787444286,115079987,1787444286115079987,115.903039,,,,18917,18916,1,0,0,18917,AxisTarget,1,False,True,True,False,0.0051,-89.863602,90.060799,0.1525,-0.0188,-0.1752,526.200745,-0.046768,888.303894,172.743301,89.820168,172.748383,5823,False,True,
1397,/kuka/axis_move/feedback_json,std_msgs/msg/String,2026-08-22T20:18:06.231500-04:00,1787444286,231462403,1787444286231462403,116.382416,,,,18918,18917,1,0,0,18918,AxisTarget,1,False,True,True,False,0.0051,-89.863602,90.060799,0.1525,-0.0188,-0.1752,526.200745,-0.046768,888.303894,172.743301,89.820168,172.748383,5823,False,True,
1398,/kuka/axis_move/feedback_json,std_msgs/msg/String,2026-08-22T20:18:06.411201-04:00,1787444286,411189317,1787444286411189317,179.726914,,,,18919,18918,1,0,0,18919,AxisTarget,1,False,True,True,False,0.0051,-89.863602,90.060799,0.1525,-0.0188,-0.1752,526.200745,-0.046768,888.303894,172.743301,89.820168,172.748383,5824,False,True,
