receive_index,topic_name,message_type,receive_wall_time_iso8601,receive_ros_time_sec,receive_ros_time_nanosec,receive_ros_time_ns,delta_receive_ms,source_stamp_sec,source_stamp_nanosec,source_stamp_ns,sequence,prev_sequence,delta_seq,sequence_gap,estimated_missing,seq,mode,status,move_ready,limits_ok,delta_ok,move_executed,axis_actual.A1,axis_actual.A2,axis_actual.A3,axis_actual.A4,axis_actual.A5,axis_actual.A6,position_actual.X,position_actual.Y,position_actual.Z,position_actual.A,position_actual.B,position_actual.C,rx_counter,bridge_safe_mode,bridge_allow_motion,batch_seq,batch_consumed,batch_active,unmapped_json
1,/kuka/axis_move/feedback_json,std_msgs/msg/String,2026-08-31T20:34:50.233188-04:00,1788222890,233170231,1788222890233170231,,,,,23398,,,0,0,23398,AxisTarget,1,False,True,True,False,0.1935,-90.180397,89.82,0.0672,-0.0103,-0.0852,523.33429,-1.767401,893.156494,2.586455,89.628868,2.779885,6397,False,True,11,133,False,
2,/kuka/axis_move/feedback_json,std_msgs/msg/String,2026-08-31T20:34:50.360538-04:00,1788222890,360527545,1788222890360527545,127.357314,,,,23399,23398,1,0,0,23399,AxisTarget,1,False,True,True,False,0.1935,-90.180397,89.82,0.0672,-0.0103,-0.0852,523.33429,-1.767401,893.156494,2.586455,89.628868,2.779885,6397,False,True,11,133,False,
3,/kuka/axis_move/feedback_json,std_msgs/msg/String,2026-08-31T20:34:50.485432-04:00,1788222890,485415454,1788222890485415454,124.887909,,,,23400,23399,1,0,0,23400,AxisTarget,1,False,True,True,False,0.1935,-90.180397,89.82,0.0672,-0.0103,-0.0852,523.33429,-1.767401,893.156494,2.586455,89.628868,2.779885,6397,False,True,11,133,False,
4,/kuka/axis_move/feedback_json,std_msgs/msg/String,2026-08-31T20:34:50.709503-04:00,1788222890,709492686,1788222890709492686,224.077232,,,,23401,23400,1,0,0,23401,AxisTarget,1,False,True,True,False,0.1935,-90.180397,89.82,0.0672,-0.0103,-0.0852,523.33429,-1.767401,893.156494,2.586455,89.628868,2.779885,6398,False,True,11,133,False,
5,/kuka/axis_move/feedback_json,std_msgs/msg/String,2026-08-31T20:34:50.833212-04:00,1788222890,833207073,1788222890833207073,123.714387,,,,23402,23401,1,0,0,23402,AxisTarget,1,False,True,True,False,0.1935,-90.180397,89.82,0.0672,-0.0103,-0.0852,523.33429,-1.767401,893.156494,2.586455,89.628868,2.779885,6398,False,True,11,133,False,
6,/kuka/axis_move/feedback_json,std_msgs/msg/String,2026-08-31T20:34:50.958353-04:00,1788222890,958347661,1788222890958347661,125.140588,,,,23403,23402,1,0,0,23403,AxisTarget,1,False,True,True,False,0.1935,-90.180397,89.82,0.0672,-0.0103,-0.0852,523.33429,-1.767401,893.156494,2.586455,89.628868,2.779885,6398,False,True,11,133,False,
7,/kuka/axis_move/feedback_json,std_msgs/msg/String,2026-08-31T20:34:51.089354-04:00,1788222891,89348425,1788222891089348425,131.000764,,,,23404,23403,1,0,0,23404,AxisTarget,1,False,True,True,False,0.1935,-90.180397,89.82,0.0672,-0.0103,-0.0852,523.33429,-1.767401,893.156494,2.586455,89.628868,2.779885,6398,False,True,11,133,False,
8,/kuka/axis_move/feedback_json,std_msgs/msg/String,2026-08-31T20:34:51.313596-04:00,1788222891,313582285,1788222891313582285,224.23386,,,,23405,23404,1,0,0,23405,AxisTarget,1,False,True,True,False,0.1935,-90.180397,89.82,0.0672,-0.0103,-0.0852,523.33429,-1.767401,893.156494,2.586455,89.628868,2.779885,6399,False,True,11,133,False,
9,/kuka/axis_move/feedback_json,std_msgs/msg/String,2026-08-31T20:34:51.439690-04:00,1788222891,439685109,1788222891439685109,126.102824,,,,23406,23405,1,0,0,23406,AxisTarget,1,False,True,True,False,0.1935,-90.180397,89.82,0.0672,-0.0103,-0.0852,523.33429,-1.767401,893.156494,2.586455,89.628868,2.779885,6399,False,True,11,133,False,
10,/kuka/axis_move/feedback_json,std_msgs/msg/String,2026-08-31T20:34:51.565816-04:00,1788222891,565806426,1788222891565806426,126.121317,,,,23407,23406,1,0,0,23407,AxisTarget,1,False,True,True,False,0.1935,-90.180397,89.82,0.0672,-0.0103,-0.0852,523.33429,-1.767401,893.156494,2.586455,89.628868,2.779885,6399,False,True,11,133,False,
11,/kuka/axis_move/feedback_json,std_msgs/msg/String,2026-08-31T20:34:51.695248-04:00,1788222891,695236654,1788222891695236654,129.430228,,,,23408,23407,1,0,0,23408,AxisTarget,1,False,True,True,False,0.1935,-90.180397,89.82,0.0672,-0.0103,-0.0852,523.33429,-1.767401,893.156494,2.586455,89.628868,2.779885,6399,False,True,11,133,False,
12,/kuka/axis_move/feedback_json,std_msgs/msg/String,2026-08-31T20:34:51.910574-04:00,1788222891,910567332,1788222891910567332,215.330678,,,,23409,23408,1,0,0,23409,AxisTarget,1,False,True,True,False,0.1935,-90.180397,89.82,0.0672,-0.0103,-0.0852,523.33429,-1.767401,893.156494,2.586455,89.628868,2.779885,6400,False,True,11,133,False,
13,/kuka/axis_move/feedback_json,std_msgs/msg/String,2026-08-31T20:34:52.033567-04:00,1788222892,33555924,1788222892033555924,122.988592,,,,23410,23409,1,0,0,23410,AxisTarget,1,False,True,True,False,0.1935,-90.180397,89.82,0.0672,-0.0103,-0.0852,523.33429,-1.767401,893.156494,2.586455,89.628868,2.779885,6400,False,True,11,133,False,
14,/kuka/axis_move/feedback_json,std_msgs/msg/String,2026-08-31T20:34:52.162892-04:00,1788222892,162862927,1788222892162862927,129.307003,,,,23411,23410,1,0,0,23411,AxisTarget,1,False,True,True,False,0.1935,-90.180397,89.82,0.0672,-0.0103,-0.0852,523.33429,-1.767401,893.156494,2.586455,89.628868,2.779885,6400,False,True,11,133,False,
15,/kuka/axis_move/feedback_json,std_msgs/msg/String,2026-08-31T20:34:52.288590-04:00,1788222892,288567106,1788222892288567106,125.704179,,,,23412,23411,1,0,0,23412,AxisTarget,1,False,True,True,False,0.1935,-90.180397,89.82,0.0672,-0.0103,-0.0852,523.33429,-1.767401,893.156494,2.586455,89.628868,2.779885,6400,False,True,11,133,False,
16,/kuka/axis_move/feedback_json,std_msgs/msg/String,2026-08-31T20:34:52.509775-04:00,1788222892,509700375,1788222892509700375,221.133269,,,,23413,23412,1,0,0,23413,AxisTarget,1,False,True,True,False,0.1935,-90.180397,89.82,0.0672,-0.0103,-0.0852,523.33429,-1.767401,893.156494,2.586455,89.628868,2.779885,6401,False,True,11,133,False,
17,/kuka/axis_move/feedback_json,std_msgs/msg/String,2026-08-31T20:34:52.637848-04:00,1788222892,637825922,1788222892637825922,128.125547,,,,23414,23413,1,0,0,23414,AxisTarget,1,False,True,True,False,0.1935,-90.180397,89.82,0.0672,-0.0103,-0.0852,523.33429,-1.767401,893.156494,2.586455,89.628868,2.779885,6401,False,True,11,133,False,
18,/kuka/axis_move/feedback_json,std_msgs/msg/String,2026-08-31T20:34:52.761929-04:00,1788222892,761917982,1788222892761917982,124.09206,,,,23415,23414,1,0,0,23415,AxisTarget,1,False,True,True,False,0.1935,-90.180397,89.82,0.0672,-0.0103,-0.0852,523.33429,-1.767401,893.156494,2.586455,89.628868,2.779885,6401,False,True,11,133,False,
19,/kuka/axis_move/feedback_json,std_msgs/msg/String,2026-08-31T20:34:52.885837-04:00,1788222892,885826338,1788222892885826338,123.908356,,,,23416,23415,1,0,0,23416,AxisTarget,1,False,True,True,False,0.1935,-90.180397,89.82,0.0672,-0.0103,-0.0852,523.33429,-1.767401,893.156494,2.586455,89.628868,2.779885,6401,False,True,11,133,False,
20,/kuka/axis_move/feedback_json,std_msgs/msg/String,2026-08-31T20:34:53.105369-04:00,1788222893,105346012,1788222893105346012,219.519674,,,,23417,23416,1,0,0,23417,AxisTarget,1,False,True,True,False,0.1935,-90.180397,89.82,0.0672,-0.0103,-0.0852,523.33429,-1.767401,893.156494,2.586455,89.628868,2.779885,6402,False,True,11,133,False,
21,/kuka/axis_move/feedback_json,std_msgs/msg/String,2026-08-31T20:34:53.229701-04:00,1788222893,229689847,1788222893229689847,124.343835,,,,23418,23417,1,0,0,23418,AxisTarget,1,False,True,True,False,0.1935,-90.180397,89.82,0.0672,-0.0103,-0.0852,523.33429,-1.767401,893.156494,2.586455,89.628868,2.779885,6402,False,True,11,133,False,
22,/kuka/axis_move/feedback_json,std_msgs/msg/String,2026-08-31T20:34:53.351146-04:00,1788222893,351141308,1788222893351141308,121.451461,,,,23419,23418,1,0,0,23419,AxisTarget,1,False,True,True,False,0.1935,-90.180397,89.82,0.0672,-0.0103,-0.0852,523.33429,-1.767401,893.156494,2.586455,89.628868,2.779885,6402,False,True,11,133,False,
23,/kuka/axis_move/feedback_json,std_msgs/msg/String,2026-08-31T20:34:53.478401-04:00,1788222893,478394669,1788222893478394669,127.253361,,,,23420,23419,1,0,0,23420,AxisTarget,1,False,True,True,False,0.1935,-90.180397,89.82,0.0672,-0.0103,-0.0852,523.33429,-1.767401,893.156494,2.586455,89.628868,2.779885,6402,False,True,11,133,False,
24,/kuka/axis_move/feedback_json,std_msgs/msg/String,2026-08-31T20:34:53.701432-04:00,1788222893,701408067,1788222893701408067,223.013398,,,,23421,23420,1,0,0,23421,AxisTarget,1,False,True,True,False,0.1935,-90.180397,89.82,0.0672,-0.0103,-0.0852,523.33429,-1.767401,893.156494,2.586455,89.628868,2.779885,6403,False,True,11,133,False,
25,/kuka/axis_move/feedback_json,std_msgs/msg/String,2026-08-31T20:34:53.830376-04:00,1788222893,830370062,1788222893830370062,128.961995,,,,23422,23421,1,0,0,23422,AxisTarget,1,False,True,True,False,0.1935,-90.180397,89.82,0.0672,-0.0103,-0.0852,523.33429,-1.767401,893.156494,2.586455,89.628868,2.779885,6403,False,True,11,133,False,
26,/kuka/axis_move/feedback_json,std_msgs/msg/String,2026-08-31T20:34:53.953425-04:00,1788222893,953416240,1788222893953416240,123.046178,,,,23423,23422,1,0,0,23423,AxisTarget,1,False,True,True,False,0.1935,-90.180397,89.82,0.0672,-0.0103,-0.0852,523.33429,-1.767401,893.156494,2.586455,89.628868,2.779885,6403,False,True,11,133,False,
27,/kuka/axis_move/feedback_json,std_msgs/msg/String,2026-08-31T20:34:54.080913-04:00,1788222894,80892808,1788222894080892808,127.476568,,,,23424,23423,1,0,0,23424,AxisTarget,1,False,True,True,False,0.1935,-90.180397,89.82,0.0672,-0.0103,-0.0852,523.33429,-1.767401,893.156494,2.586455,89.628868,2.779885,6403,False,True,11,133,False,
28,/kuka/axis_move/feedback_json,std_msgs/msg/String,2026-08-31T20:34:54.310292-04:00,1788222894,310285659,1788222894310285659,229.392851,,,,23425,23424,1,0,0,23425,AxisTarget,1,False,True,True,False,0.1935,-90.180397,89.82,0.0672,-0.0103,-0.0852,523.33429,-1.767401,893.156494,2.586455,89.628868,2.779885,6404,False,True,11,133,False,
29,/kuka/axis_move/feedback_json,std_msgs/msg/String,2026-08-31T20:34:54.433279-04:00,1788222894,433263921,1788222894433263921,122.978262,,,,23426,23425,1,0,0,23426,AxisTarget,1,False,True,True,False,0.1935,-90.180397,89.82,0.0672,-0.0103,-0.0852,523.33429,-1.767401,893.156494,2.586455,89.628868,2.779885,6404,False,True,11,133,False,
30,/kuka/axis_move/feedback_json,std_msgs/msg/String,2026-08-31T20:34:54.557188-04:00,1788222894,557182021,1788222894557182021,123.9181,,,,23427,23426,1,0,0,23427,AxisTarget,1,False,True,True,False,0.1935,-90.180397,89.82,0.0672,-0.0103,-0.0852,523.33429,-1.767401,893.156494,2.586455,89.628868,2.779885,6404,False,True,11,133,False,
31,/kuka/axis_move/feedback_json,std_msgs/msg/String,2026-08-31T20:34:54.677693-04:00,1788222894,677676381,1788222894677676381,120.49436,,,,23428,23427,1,0,0,23428,AxisTarget,1,False,True,True,False,0.1935,-90.180397,89.82,0.0672,-0.0103,-0.0852,523.33429,-1.767401,893.156494,2.586455,89.628868,2.779885,6404,False,True,11,133,False,
32,/kuka/axis_move/feedback_json,std_msgs/msg/String,2026-08-31T20:34:54.893876-04:00,1788222894,893850636,1788222894893850636,216.174255,,,,23429,23428,1,0,0,23429,AxisTarget,1,False,True,True,False,0.1935,-90.180397,89.82,0.0672,-0.0103,-0.0852,523.33429,-1.767401,893.156494,2.586455,89.628868,2.779885,6405,False,True,11,133,False,
33,/kuka/axis_move/feedback_json,std_msgs/msg/String,2026-08-31T20:34:55.016365-04:00,1788222895,16358736,1788222895016358736,122.5081,,,,23430,23429,1,0,0,23430,AxisTarget,1,False,True,True,False,0.1935,-90.180397,89.82,0.0672,-0.0103,-0.0852,523.33429,-1.767401,893.156494,2.586455,89.628868,2.779885,6405,False,True,11,133,False,
34,/kuka/axis_move/feedback_json,std_msgs/msg/String,2026-08-31T20:34:55.144383-04:00,1788222895,144377725,1788222895144377725,128.018989,,,,23431,23430,1,0,0,23431,AxisTarget,1,False,True,True,False,0.1935,-90.180397,89.82,0.0672,-0.0103,-0.0852,523.33429,-1.767401,893.156494,2.586455,89.628868,2.779885,6405,False,True,11,133,False,
35,/kuka/axis_move/feedback_json,std_msgs/msg/String,2026-08-31T20:34:55.270546-04:00,1788222895,270522850,1788222895270522850,126.145125,,,,23432,23431,1,0,0,23432,AxisTarget,1,False,True,True,False,0.1935,-90.180397,89.82,0.0672,-0.0103,-0.0852,523.33429,-1.767401,893.156494,2.586455,89.628868,2.779885,6405,False,True,11,133,False,
36,/kuka/axis_move/feedback_json,std_msgs/msg/String,2026-08-31T20:34:55.489912-04:00,1788222895,489895348,1788222895489895348,219.372498,,,,23433,23432,1,0,0,23433,AxisTarget,1,False,True,True,False,0.1935,-90.180397,89.82,0.0672,-0.0103,-0.0852,523.33429,-1.767401,893.156494,2.586455,89.628868,2.779885,6406,False,True,11,133,False,
37,/kuka/axis_move/feedback_json,std_msgs/msg/String,2026-08-31T20:34:55.613525-04:00,1788222895,613509193,1788222895613509193,123.613845,,,,23434,23433,1,0,0,23434,AxisTarget,1,False,True,True,False,0.1935,-90.180397,89.82,0.0672,-0.0103,-0.0852,523.33429,-1.767401,893.156494,2.586455,89.628868,2.779885,6406,False,True,11,133,False,
38,/kuka/axis_move/feedback_json,std_msgs/msg/String,2026-08-31T20:34:55.737712-04:00,1788222895,737703453,1788222895737703453,124.19426,,,,23435,23434,1,0,0,23435,AxisTarget,1,False,True,True,False,0.1935,-90.180397,89.82,0.0672,-0.0103,-0.0852,523.33429,-1.767401,893.156494,2.586455,89.628868,2.779885,6406,False,True,11,133,False,
39,/kuka/axis_move/feedback_json,std_msgs/msg/String,2026-08-31T20:34:55.957535-04:00,1788222895,957523774,1788222895957523774,219.820321,,,,23436,23435,1,0,0,23436,AxisTarget,1,True,True,True,False,0.1935,-90.180397,89.82,0.0672,-0.0103,-0.0852,523.33429,-1.767401,893.156494,2.586455,89.628868,2.779885,6407,False,True,11,133,False,
40,/kuka/axis_move/feedback_json,std_msgs/msg/String,2026-08-31T20:34:56.089156-04:00,1788222896,89144400,1788222896089144400,131.620626,,,,23437,23436,1,0,0,23437,AxisTarget,1,True,True,True,True,0.1935,-90.180397,89.82,0.067198,-0.010299,-0.085154,523.33429,-1.767401,893.156494,2.586454,89.628868,2.779884,6407,False,True,11,133,False,
41,/kuka/axis_move/feedback_json,std_msgs/msg/String,2026-08-31T20:34:56.314058-04:00,1788222896,314046878,1788222896314046878,224.902478,,,,23438,23437,1,0,0,23438,AxisTarget,1,True,True,True,False,0.015951,-90.012909,89.988922,-0.001122,-0.004182,-0.00313,524.823303,-0.189363,890.342407,8.297212,89.956451,8.317883,6408,False,True,11,133,False,
42,/kuka/axis_move/feedback_json,std_msgs/msg/String,2026-08-31T20:34:56.441608-04:00,1788222896,441596603,1788222896441596603,127.549725,,,,23439,23438,1,0,0,23439,AxisTarget,1,True,True,True,False,0.0,-90.0,90.0,-0.0049,-0.0039,0.0,525.0,0.0,890.005432,51.483589,89.993736,51.483589,6408,False,True,11,133,False,
43,/kuka/axis_move/feedback_json,std_msgs/msg/String,2026-08-31T20:34:56.663945-04:00,1788222896,663926757,1788222896663926757,222.330154,,,,23440,23439,1,0,0,23440,AxisTarget,1,True,True,True,True,0.0,-90.000557,89.999908,-0.005476,0.274521,-0.000392,524.994873,3.2e-05,889.669556,178.625717,89.760139,178.625717,6409,False,True,11,133,False,
44,/kuka/axis_move/feedback_json,std_msgs/msg/String,2026-08-31T20:34:56.796290-04:00,1788222896,796252150,1788222896796252150,132.325393,,,,23441,23440,1,0,0,23441,AxisTarget,1,True,True,True,False,0.0,-90.000603,89.999901,-0.0055,0.2826,-0.0004,524.993835,3.8e-05,889.611572,178.80101,89.71804,178.800995,6409,False,True,11,133,False,
45,/kuka/axis_move/feedback_json,std_msgs/msg/String,2026-08-31T20:34:56.923729-04:00,1788222896,923724415,1788222896923724415,127.472265,,,,23442,23441,1,0,0,23442,AxisTarget,1,True,True,True,True,-1.5e-05,-90.000923,89.999825,-0.005863,0.504251,-0.00072,524.991882,0.000125,889.512878,179.007416,89.646385,179.007401,6409,False,True,11,133,False,
46,/kuka/axis_move/feedback_json,std_msgs/msg/String,2026-08-31T20:34:57.053776-04:00,1788222897,53759955,1788222897053759955,130.03554,,,,23443,23442,1,0,0,23443,AxisTarget,1,True,True,True,False,-9.7e-05,-90.002457,89.999504,-0.007084,1.135915,-0.001495,524.964539,0.001056,888.492981,179.557297,88.905434,179.557144,6409,False,True,11,133,False,
47,/kuka/axis_move/feedback_json,std_msgs/msg/String,2026-08-31T20:34:57.280740-04:00,1788222897,280734400,1788222897280734400,226.974445,,,,23444,23443,1,0,0,23444,AxisTarget,1,True,True,True,False,-0.0001,-90.002502,89.999496,-0.0071,1.142,-0.0015,524.962463,0.001114,888.431824,179.567535,88.860977,179.567383,6410,False,True,11,133,False,
48,/kuka/axis_move/feedback_json,std_msgs/msg/String,2026-08-31T20:34:57.413365-04:00,1788222897,413358585,1788222897413358585,132.624185,,,,23445,23444,1,0,0,23445,AxisTarget,1,True,True,True,True,-0.0001,-90.002502,89.999496,-0.0071,1.142,-0.0015,524.962463,0.001114,888.431824,179.567535,88.860977,179.567383,6410,False,True,11,133,False,
49,/kuka/axis_move/feedback_json,std_msgs/msg/String,2026-08-31T20:34:57.640374-04:00,1788222897,640368546,1788222897640368546,227.009961,,,,23446,23445,1,0,0,23446,AxisTarget,1,True,True,True,False,-0.0001,-90.002502,89.999496,-0.0071,1.142,-0.0015,524.962463,0.001114,888.431824,179.567535,88.860977,179.567383,6411,False,True,11,133,False,
50,/kuka/axis_move/feedback_json,std_msgs/msg/String,2026-08-31T20:34:57.776800-04:00,1788222897,776789301,1788222897776789301,136.420755,,,,23447,23446,1,0,0,23447,AxisTarget,1,True,True,True,True,-0.0001,-90.003067,89.999359,-0.007702,1.496852,-0.00207,524.955322,0.001148,888.230896,179.595734,88.714966,179.595566,6411,False,True,11,133,False,
51,/kuka/axis_move/feedback_json,std_msgs/msg/String,2026-08-31T20:34:57.898932-04:00,1788222897,898920869,1788222897898920869,122.131568,,,,23448,23447,1,0,0,23448,AxisTarget,1,True,True,True,False,-0.0001,-90.00547,89.998848,-0.009662,2.513076,-0.003333,524.882568,0.001477,886.678955,179.698608,87.586716,179.69838,6411,False,True,11,133,False,
52,/kuka/axis_move/feedback_json,std_msgs/msg/String,2026-08-31T20:34:58.028145-04:00,1788222898,28133759,1788222898028133759,129.21289,,,,23449,23448,1,0,0,23449,AxisTarget,1,True,True,True,False,-0.0001,-90.005699,89.998802,-0.0098,2.5744,-0.0034,524.870239,0.001531,886.466858,179.705658,87.432465,179.705414,6411,False,True,11,133,False,
53,/kuka/axis_move/feedback_json,std_msgs/msg/String,2026-08-31T20:34:58.252649-04:00,1788222898,252643228,1788222898252643228,224.509469,,,,23450,23449,1,0,0,23450,AxisTarget,1,True,True,True,False,-0.0001,-90.005699,89.998802,-0.0098,2.5744,-0.0034,524.870239,0.001531,886.466858,179.705658,87.432465,179.705414,6412,False,True,11,133,False,
54,/kuka/axis_move/feedback_json,std_msgs/msg/String,2026-08-31T20:34:58.380877-04:00,1788222898,380871754,1788222898380871754,128.228526,,,,23451,23450,1,0,0,23451,AxisTarget,1,True,True,True,True,-0.000103,-90.005852,89.998764,-0.009984,2.692531,-0.003586,524.867981,0.001553,886.429871,179.706818,87.405563,179.706558,6412,False,True,11,133,False,
55,/kuka/axis_move/feedback_json,std_msgs/msg/String,2026-08-31T20:34:58.510652-04:00,1788222898,510637744,1788222898510637744,129.76599,,,,23452,23451,1,0,0,23452,AxisTarget,1,True,True,True,False,-0.000156,-90.008263,89.99826,-0.012109,3.867283,-0.005196,524.777588,0.002379,885.107422,179.736694,86.443665,179.736328,6412,False,True,11,133,False,
56,/kuka/axis_move/feedback_json,std_msgs/msg/String,2026-08-31T20:34:58.734557-04:00,1788222898,734547013,1788222898734547013,223.909269,,,,23453,23452,1,0,0,23453,AxisTarget,1,True,True,True,False,-0.0002,-90.010101,89.997902,-0.0135,4.5797,-0.0061,524.658264,0.003336,883.71875,179.754608,85.432457,179.75412,6413,False,True,11,133,False,
57,/kuka/axis_move/feedback_json,std_msgs/msg/String,2026-08-31T20:34:58.865024-04:00,1788222898,865013025,1788222898865013025,130.466012,,,,23454,23453,1,0,0,23454,AxisTarget,1,True,True,True,True,-0.0002,-90.010101,89.997902,-0.0135,4.5797,-0.0061,524.658264,0.003336,883.71875,179.754608,85.432457,179.75412,6413,False,True,11,133,False,
58,/kuka/axis_move/feedback_json,std_msgs/msg/String,2026-08-31T20:34:59.097823-04:00,1788222899,97812063,1788222899097812063,232.799038,,,,23455,23454,1,0,0,23455,AxisTarget,1,True,True,True,False,-0.0002,-90.010101,89.997902,-0.0135,4.5797,-0.0061,524.658264,0.003336,883.71875,179.754608,85.432457,179.75412,6414,False,True,11,133,False,
59,/kuka/axis_move/feedback_json,std_msgs/msg/String,2026-08-31T20:34:59.220969-04:00,1788222899,220959212,1788222899220959212,123.147149,,,,23456,23455,1,0,0,23456,AxisTarget,1,True,True,True,True,-0.000208,-90.010353,89.997841,-0.013788,4.757284,-0.006366,524.649475,0.00342,883.627136,179.755539,85.365707,179.75502,6414,False,True,11,133,False,
60,/kuka/axis_move/feedback_json,std_msgs/msg/String,2026-08-31T20:34:59.346239-04:00,1788222899,346233256,1788222899346233256,125.274044,,,,23457,23456,1,0,0,23457,AxisTarget,1,True,True,True,False,-0.000295,-90.012917,89.997284,-0.016046,5.993583,-0.008026,524.502441,0.004744,882.230957,179.766937,84.347282,179.766251,6414,False,True,11,133,False,
61,/kuka/axis_move/feedback_json,std_msgs/msg/String,2026-08-31T20:34:59.473138-04:00,1788222899,473126894,1788222899473126894,126.893638,,,,23458,23457,1,0,0,23458,AxisTarget,1,True,True,True,False,-0.000386,-90.015457,89.996758,-0.018078,7.055035,-0.009384,524.284485,0.00652,880.498718,179.77652,83.081154,179.775604,6414,False,True,11,133,False,
62,/kuka/axis_move/feedback_json,std_msgs/msg/String,2026-08-31T20:34:59.697612-04:00,1788222899,697600081,1788222899697600081,224.473187,,,,23459,23458,1,0,0,23459,AxisTarget,1,True,True,True,False,-0.0004,-90.0158,89.996696,-0.0183,7.1581,-0.0095,524.242615,0.006844,880.197876,179.777847,82.860947,179.776901,6415,False,True,11,133,False,
63,/kuka/axis_move/feedback_json,std_msgs/msg/String,2026-08-31T20:34:59.829477-04:00,1788222899,829460105,1788222899829460105,131.860024,,,,23460,23459,1,0,0,23460,AxisTarget,1,True,True,True,True,-0.0004,-90.0158,89.996696,-0.0183,7.1581,-0.0095,524.242615,0.006844,880.197876,179.777847,82.860947,179.776901,6415,False,True,11,133,False,
64,/kuka/axis_move/feedback_json,std_msgs/msg/String,2026-08-31T20:35:00.054977-04:00,1788222900,54952752,1788222900054952752,225.492647,,,,23461,23460,1,0,0,23461,AxisTarget,1,True,True,True,False,-0.0004,-90.0158,89.996696,-0.0183,7.1581,-0.0095,524.242615,0.006844,880.197876,179.777847,82.860947,179.776901,6416,False,True,11,133,False,
65,/kuka/axis_move/feedback_json,std_msgs/msg/String,2026-08-31T20:35:00.182249-04:00,1788222900,182237769,1788222900182237769,127.285017,,,,23462,23461,1,0,0,23462,AxisTarget,1,True,True,True,True,-0.000403,-90.015945,89.996658,-0.018479,7.271148,-0.009676,524.23761,0.006879,880.16217,179.778,82.834801,179.777039,6416,False,True,11,133,False,
66,/kuka/axis_move/feedback_json,std_msgs/msg/String,2026-08-31T20:35:00.309259-04:00,1788222900,309241766,1788222900309241766,127.003997,,,,23463,23462,1,0,0,23463,AxisTarget,1,True,True,True,False,-0.000467,-90.018219,89.996155,-0.020539,8.40007,-0.011217,524.055237,0.008125,878.942566,179.782486,81.940933,179.781372,6416,False,True,11,133,False,
67,/kuka/axis_move/feedback_json,std_msgs/msg/String,2026-08-31T20:35:00.528153-04:00,1788222900,528137015,1788222900528137015,218.895249,,,,23464,23463,1,0,0,23464,AxisTarget,1,True,True,True,False,-0.000596,-90.022575,89.995224,-0.024132,10.280255,-0.01367,523.542908,0.011379,876.047241,179.790192,79.810333,179.788651,6417,False,True,11,133,False,
68,/kuka/axis_move/feedback_json,std_msgs/msg/String,2026-08-31T20:35:00.659131-04:00,1788222900,659121718,1788222900659121718,130.984703,,,,23465,23464,1,0,0,23465,AxisTarget,1,True,True,True,False,-0.0006,-90.022697,89.995201,-0.0242,10.3093,-0.0137,523.51825,0.011529,875.922363,179.790451,79.718124,179.788895,6417,False,True,11,133,False,
69,/kuka/axis_move/feedback_json,std_msgs/msg/String,2026-08-31T20:35:00.885086-04:00,1788222900,885055561,1788222900885055561,225.933843,,,,23466,23465,1,0,0,23466,AxisTarget,1,True,True,True,True,-0.0006,-90.022697,89.995201,-0.0242,10.3093,-0.0137,523.51825,0.011529,875.922363,179.790451,79.718124,179.788895,6418,False,True,11,133,False,
70,/kuka/axis_move/feedback_json,std_msgs/msg/String,2026-08-31T20:35:01.013080-04:00,1788222901,13068914,1788222901013068914,128.013353,,,,23467,23466,1,0,0,23467,AxisTarget,1,True,True,True,True,-0.000603,-90.022842,89.995163,-0.02438,10.42161,-0.013873,523.509216,0.011582,875.876648,179.790543,79.684395,179.788986,6418,False,True,11,133,False,
71,/kuka/axis_move/feedback_json,std_msgs/msg/String,2026-08-31T20:35:01.140940-04:00,1788222901,140910121,1788222901140910121,127.841207,,,,23468,23467,1,0,0,23468,AxisTarget,1,True,True,True,False,-0.000659,-90.025177,89.994659,-0.026515,11.581951,-0.015442,523.239014,0.013114,874.574707,179.79306,78.721474,179.791306,6418,False,True,11,133,False,
72,/kuka/axis_move/feedback_json,std_msgs/msg/String,2026-08-31T20:35:01.269328-04:00,1788222901,269288224,1788222901269288224,128.378103,,,,23469,23468,1,0,0,23469,AxisTarget,1,True,True,True,False,-0.000739,-90.028404,89.99398,-0.029298,13.053616,-0.017381,522.796509,0.015541,872.647644,179.796188,77.290123,179.794128,6418,False,True,11,133,False,
73,/kuka/axis_move/feedback_json,std_msgs/msg/String,2026-08-31T20:35:01.493205-04:00,1788222901,493193472,1788222901493193472,223.905248,,,,23470,23469,1,0,0,23470,AxisTarget,1,True,True,True,False,-0.0008,-90.0308,89.9935,-0.0312,14.0186,-0.0186,522.362488,0.017846,870.944946,179.798523,76.0186,179.796158,6419,False,True,11,133,False,
74,/kuka/axis_move/feedback_json,std_msgs/msg/String,2026-08-31T20:35:01.617390-04:00,1788222901,617384513,1788222901617384513,124.191041,,,,23471,23470,1,0,0,23471,AxisTarget,1,True,True,True,True,-0.0008,-90.0308,89.9935,-0.0312,14.0186,-0.0186,522.362488,0.017846,870.944946,179.798523,76.018608,179.796158,6419,False,True,11,133,False,
75,/kuka/axis_move/feedback_json,std_msgs/msg/String,2026-08-31T20:35:01.840675-04:00,1788222901,840652433,1788222901840652433,223.26792,,,,23472,23471,1,0,0,23472,AxisTarget,1,False,True,True,False,-0.0008,-90.0308,89.9935,-0.0312,14.0186,-0.0186,522.362488,0.017846,870.944946,179.798523,76.018608,179.796158,6420,False,True,11,133,False,
76,/kuka/axis_move/feedback_json,std_msgs/msg/String,2026-08-31T20:35:01.966405-04:00,1788222901,966395266,1788222901966395266,125.742833,,,,23473,23472,1,0,0,23473,AxisTarget,1,True,True,True,True,-0.0008,-90.030823,89.993492,-0.031236,14.044572,-0.018645,522.362,0.017849,870.942993,179.798523,76.017166,179.796158,6420,False,True,11,133,False,
77,/kuka/axis_move/feedback_json,std_msgs/msg/String,2026-08-31T20:35:02.099150-04:00,1788222902,99138408,1788222902099138408,132.743142,,,,23474,23473,1,0,0,23474,AxisTarget,1,True,True,True,False,-0.00084,-90.032616,89.99308,-0.032884,14.96979,-0.019934,522.124207,0.019065,870.073059,179.799622,75.364548,179.797104,6420,False,True,11,133,False,
78,/kuka/axis_move/feedback_json,std_msgs/msg/String,2026-08-31T20:35:02.231337-04:00,1788222902,231320255,1788222902231320255,132.181847,,,,23475,23474,1,0,0,23475,AxisTarget,1,True,True,True,False,-0.000918,-90.03598,89.992332,-0.035798,16.542292,-0.022044,521.542542,0.021978,868.093262,179.80188,73.871864,179.799011,6420,False,True,11,133,False,
79,/kuka/axis_move/feedback_json,std_msgs/msg/String,2026-08-31T20:35:02.460949-04:00,1788222902,460943660,1788222902460943660,229.623405,,,,23476,23475,1,0,0,23476,AxisTarget,1,True,True,True,False,-0.001,-90.039398,89.9916,-0.0384,17.89867,-0.0238,520.809448,0.025553,865.83606,179.804138,72.155907,179.800827,6421,False,True,11,133,False,
80,/kuka/axis_move/feedback_json,std_msgs/msg/String,2026-08-31T20:35:02.591140-04:00,1788222902,591123368,1788222902591123368,130.179708,,,,23477,23476,1,0,0,23477,AxisTarget,1,True,True,True,False,-0.001,-90.039398,89.9916,-0.0384,17.8986,-0.0238,520.806396,0.025568,865.827087,179.804153,72.149094,179.800827,6421,False,True,11,133,False,
81,/kuka/axis_move/feedback_json,std_msgs/msg/String,2026-08-31T20:35:02.824766-04:00,1788222902,824759489,1788222902824759489,233.636121,,,,23478,23477,1,0,0,23478,AxisTarget,1,True,True,True,True,-0.001,-90.039398,89.9916,-0.0384,17.898605,-0.0238,520.806396,0.025568,865.827087,179.804153,72.149094,179.800827,6422,False,True,11,133,False,
82,/kuka/axis_move/feedback_json,std_msgs/msg/String,2026-08-31T20:35:02.954185-04:00,1788222902,954173574,1788222902954173574,129.414085,,,,23479,23478,1,0,0,23479,AxisTarget,1,True,True,True,True,-0.001019,-90.040268,89.991402,-0.039276,18.399807,-0.024507,520.683289,0.026163,865.46936,179.804489,71.875671,179.801086,6422,False,True,11,133,False,
83,/kuka/axis_move/feedback_json,std_msgs/msg/String,2026-08-31T20:35:03.084930-04:00,1788222903,84914303,1788222903084914303,130.740729,,,,23480,23479,1,0,0,23480,AxisTarget,1,True,True,True,False,-0.001092,-90.043388,89.99073,-0.042005,19.861395,-0.026441,520.045837,0.029208,863.69989,179.806076,70.516853,179.802277,6422,False,True,11,133,False,
84,/kuka/axis_move/feedback_json,std_msgs/msg/String,2026-08-31T20:35:03.218035-04:00,1788222903,218026901,1788222903218026901,133.112598,,,,23481,23480,1,0,0,23481,AxisTarget,1,True,True,True,False,-0.001165,-90.046486,89.990082,-0.044684,21.271729,-0.028276,519.302673,0.032696,861.788086,179.807663,69.035606,179.803436,6422,False,True,11,133,False,
85,/kuka/axis_move/feedback_json,std_msgs/msg/String,2026-08-31T20:35:03.440900-04:00,1788222903,440884298,1788222903440884298,222.857397,,,,23482,23481,1,0,0,23482,AxisTarget,1,True,True,True,False,-0.0012,-90.047897,89.989799,-0.0457,21.778601,-0.0289,518.903931,0.034542,860.819397,179.808441,68.279373,179.80397,6423,False,True,11,133,False,
86,/kuka/axis_move/feedback_json,std_msgs/msg/String,2026-08-31T20:35:03.568858-04:00,1788222903,568847003,1788222903568847003,127.962705,,,,23483,23482,1,0,0,23483,AxisTarget,1,True,True,True,True,-0.0012,-90.047897,89.989799,-0.0457,21.778601,-0.0289,518.903931,0.034542,860.819397,179.808441,68.279373,179.80397,6423,False,True,11,133,False,
87,/kuka/axis_move/feedback_json,std_msgs/msg/String,2026-08-31T20:35:03.797276-04:00,1788222903,797261303,1788222903797261303,228.4143,,,,23484,23483,1,0,0,23484,AxisTarget,1,True,True,True,False,-0.0012,-90.047897,89.989799,-0.0457,21.778601,-0.0289,518.903931,0.034542,860.819397,179.808441,68.279373,179.80397,6424,False,True,11,133,False,
88,/kuka/axis_move/feedback_json,std_msgs/msg/String,2026-08-31T20:35:03.923719-04:00,1788222903,923708112,1788222903923708112,126.446809,,,,23485,23484,1,0,0,23485,AxisTarget,1,True,True,True,True,-0.001207,-90.048225,89.989723,-0.046061,21.997908,-0.029229,518.853699,0.034773,860.699829,179.808533,68.185791,179.804031,6424,False,True,11,133,False,
89,/kuka/axis_move/feedback_json,std_msgs/msg/String,2026-08-31T20:35:04.048801-04:00,1788222904,48790897,1788222904048790897,125.082785,,,,23486,23485,1,0,0,23486,AxisTarget,1,True,True,True,False,-0.001267,-90.050865,89.989151,-0.048385,23.271818,-0.030964,518.26355,0.037461,859.335205,179.80957,67.112808,179.804749,6424,False,True,11,133,False,
90,/kuka/axis_move/feedback_json,std_msgs/msg/String,2026-08-31T20:35:04.175613-04:00,1788222904,175581920,1788222904175581920,126.791023,,,,23487,23486,1,0,0,23487,AxisTarget,1,True,True,True,False,-0.001339,-90.053909,89.988503,-0.051033,24.695036,-0.032865,517.43396,0.041188,857.527466,179.810913,65.678024,179.805618,6424,False,True,11,133,False,
91,/kuka/axis_move/feedback_json,std_msgs/msg/String,2026-08-31T20:35:04.398510-04:00,1788222904,398492145,1788222904398492145,222.910225,,,,23488,23487,1,0,0,23488,AxisTarget,1,True,True,True,False,-0.0014,-90.056396,89.987999,-0.0529,25.6586,-0.0341,516.662537,0.044608,855.946533,179.812057,64.409599,179.80632,6425,False,True,11,133,False,
92,/kuka/axis_move/feedback_json,std_msgs/msg/String,2026-08-31T20:35:04.531110-04:00,1788222904,531099413,1788222904531099413,132.607268,,,,23489,23488,1,0,0,23489,AxisTarget,1,True,True,True,True,-0.0014,-90.056396,89.987999,-0.0529,25.6586,-0.0341,516.662598,0.044607,855.946655,179.812057,64.409653,179.80632,6425,False,True,11,133,False,
93,/kuka/axis_move/feedback_json,std_msgs/msg/String,2026-08-31T20:35:04.752635-04:00,1788222904,752624540,1788222904752624540,221.525127,,,,23490,23489,1,0,0,23490,AxisTarget,1,True,True,True,False,-0.0014,-90.056396,89.987999,-0.0529,25.6586,-0.0341,516.662598,0.044607,855.946655,179.812057,64.409653,179.80632,6426,False,True,11,133,False,
94,/kuka/axis_move/feedback_json,std_msgs/msg/String,2026-08-31T20:35:04.879862-04:00,1788222904,879851074,1788222904879851074,127.226534,,,,23491,23490,1,0,0,23491,AxisTarget,1,True,True,True,True,-0.0014,-90.056412,89.987991,-0.052926,25.677843,-0.034134,516.661682,0.044611,855.944885,179.812057,64.408234,179.80632,6426,False,True,11,133,False,
95,/kuka/axis_move/feedback_json,std_msgs/msg/String,2026-08-31T20:35:05.004592-04:00,1788222905,4580900,1788222905004580900,124.729826,,,,23492,23491,1,0,0,23492,AxisTarget,1,True,True,True,False,-0.001435,-90.058014,89.98764,-0.054428,26.513321,-0.03528,516.280457,0.046295,855.195618,179.812592,63.802235,179.806641,6426,False,True,11,133,False,
96,/kuka/axis_move/feedback_json,std_msgs/msg/String,2026-08-31T20:35:05.226304-04:00,1788222905,226294060,1788222905226294060,221.71316,,,,23493,23492,1,0,0,23493,AxisTarget,1,True,True,True,False,-0.001565,-90.06356,89.986481,-0.059113,28.995275,-0.03853,514.649597,0.053398,852.193359,179.814728,61.340347,179.807831,6427,False,True,11,133,False,
97,/kuka/axis_move/feedback_json,std_msgs/msg/String,2026-08-31T20:35:05.351055-04:00,1788222905,351033851,1788222905351033851,124.739791,,,,23494,23493,1,0,0,23494,AxisTarget,1,True,True,True,False,-0.001599,-90.06498,89.986198,-0.060192,29.536098,-0.039198,514.1073,0.055728,851.25946,179.815384,60.562691,179.808182,6427,False,True,11,133,False,
98,/kuka/axis_move/feedback_json,std_msgs/msg/String,2026-08-31T20:35:05.480545-04:00,1788222905,480530662,1788222905480530662,129.496811,,,,23495,23494,1,0,0,23495,AxisTarget,1,True,True,True,False,-0.0016,-90.065002,89.986198,-0.0602,29.538601,-0.0392,514.09137,0.055796,851.232361,179.815399,60.540039,179.808197,6427,False,True,11,133,False,
99,/kuka/axis_move/feedback_json,std_msgs/msg/String,2026-08-31T20:35:05.702223-04:00,1788222905,702202046,1788222905702202046,221.671384,,,,23496,23495,1,0,0,23496,AxisTarget,1,True,True,True,True,-0.0016,-90.065002,89.986198,-0.0602,29.538601,-0.0392,514.09137,0.055796,851.232361,179.815399,60.540039,179.808197,6428,False,True,11,133,False,
100,/kuka/axis_move/feedback_json,std_msgs/msg/String,2026-08-31T20:35:05.824805-04:00,1788222905,824793580,1788222905824793580,122.591534,,,,23497,23496,1,0,0,23497,AxisTarget,1,True,True,True,True,-0.001606,-90.065285,89.98613,-0.060515,29.731148,-0.039491,514.046143,0.055988,851.155823,179.81546,60.476059,179.808228,6428,False,True,11,133,False,
101,/kuka/axis_move/feedback_json,std_msgs/msg/String,2026-08-31T20:35:05.958001-04:00,1788222905,957995859,1788222905957995859,133.202279,,,,23498,23497,1,0,0,23498,AxisTarget,1,True,True,True,False,-0.001662,-90.067749,89.985596,-0.062697,30.930799,-0.041128,513.292358,0.059181,849.907898,179.81633,59.426567,179.808685,6428,False,True,11,133,False,
102,/kuka/axis_move/feedback_json,std_msgs/msg/String,2026-08-31T20:35:06.085810-04:00,1788222906,85803361,1788222906085803361,127.807502,,,,23499,23498,1,0,0,23499,AxisTarget,1,True,True,True,False,-0.001739,-90.071091,89.984886,-0.06552,32.448399,-0.043156,512.190063,0.063801,848.171204,179.817551,57.946449,179.809311,6428,False,True,11,133,False,
103,/kuka/axis_move/feedback_json,std_msgs/msg/String,2026-08-31T20:35:06.316796-04:00,1788222906,316779758,1788222906316779758,230.976397,,,,23500,23499,1,0,0,23500,AxisTarget,1,True,True,True,False,-0.0018,-90.073502,89.984398,-0.0674,33.418598,-0.0444,511.203339,0.06789,846.696533,179.818604,56.670319,179.809814,6429,False,True,11,133,False,
104,/kuka/axis_move/feedback_json,std_msgs/msg/String,2026-08-31T20:35:06.448637-04:00,1788222906,448626802,1788222906448626802,131.847044,,,,23501,23500,1,0,0,23501,AxisTarget,1,True,True,True,True,-0.0018,-90.073502,89.984398,-0.0674,33.418598,-0.0444,511.203339,0.06789,846.696533,179.818604,56.670322,179.809814,6429,False,True,11,133,False,
105,/kuka/axis_move/feedback_json,std_msgs/msg/String,2026-08-31T20:35:06.674291-04:00,1788222906,674279738,1788222906674279738,225.652936,,,,23502,23501,1,0,0,23502,AxisTarget,1,True,True,True,False,-0.0018,-90.073502,89.984398,-0.0674,33.418598,-0.0444,511.203339,0.06789,846.696533,179.818604,56.670322,179.809814,6430,False,True,11,133,False,
106,/kuka/axis_move/feedback_json,std_msgs/msg/String,2026-08-31T20:35:06.805005-04:00,1788222906,804994072,1788222906804994072,130.714334,,,,23503,23502,1,0,0,23503,AxisTarget,1,True,True,True,True,-0.001801,-90.073555,89.984383,-0.067478,33.470371,-0.044484,511.198151,0.067912,846.688965,179.818619,56.663719,179.809814,6430,False,True,11,133,False,
107,/kuka/axis_move/feedback_json,std_msgs/msg/String,2026-08-31T20:35:06.932094-04:00,1788222906,932088343,1788222906932088343,127.094271,,,,23504,23503,1,0,0,23504,AxisTarget,1,True,True,True,False,-0.001846,-90.075546,89.983948,-0.06932,34.483833,-0.045859,510.600098,0.070385,845.828918,179.819244,55.91058,179.810104,6430,False,True,11,133,False,
108,/kuka/axis_move/feedback_json,std_msgs/msg/String,2026-08-31T20:35:07.060314-04:00,1788222907,60302418,1788222907060302418,128.214075,,,,23505,23504,1,0,0,23505,AxisTarget,1,True,True,True,False,-0.001922,-90.078781,89.983261,-0.072108,35.96711,-0.04781,509.409485,0.075267,844.185486,179.82045,54.452049,179.810638,6430,False,True,11,133,False,
109,/kuka/axis_move/feedback_json,std_msgs/msg/String,2026-08-31T20:35:07.279447-04:00,1788222907,279441800,1788222907279441800,219.139382,,,,23506,23505,1,0,0,23506,AxisTarget,1,True,True,True,False,-0.002,-90.082001,89.982597,-0.0747,37.298672,-0.0495,508.013885,0.080922,842.365417,179.821838,52.804501,179.811234,6431,False,True,11,133,False,
110,/kuka/axis_move/feedback_json,std_msgs/msg/String,2026-08-31T20:35:07.408308-04:00,1788222907,408298324,1788222907408298324,128.856524,,,,23507,23506,1,0,0,23507,AxisTarget,1,True,True,True,False,-0.002,-90.082001,89.982597,-0.0747,37.298599,-0.0495,508.010529,0.080936,842.361145,179.821838,52.800606,179.811234,6431,False,True,11,133,False,
111,/kuka/axis_move/feedback_json,std_msgs/msg/String,2026-08-31T20:35:07.636594-04:00,1788222907,636583199,1788222907636583199,228.284875,,,,23508,23507,1,0,0,23508,AxisTarget,1,True,True,True,True,-0.002,-90.082001,89.982597,-0.0747,37.298599,-0.0495,508.010529,0.080936,842.361145,179.821838,52.800606,179.811234,6432,False,True,11,133,False,
112,/kuka/axis_move/feedback_json,std_msgs/msg/String,2026-08-31T20:35:07.760346-04:00,1788222907,760329709,1788222907760329709,123.74651,,,,23509,23508,1,0,0,23509,AxisTarget,1,True,True,True,True,-0.002012,-90.082588,89.98246,-0.075299,37.651798,-0.050016,507.847412,0.081588,842.155457,179.821991,52.61211,179.811295,6432,False,True,11,133,False,
113,/kuka/axis_move/feedback_json,std_msgs/msg/String,2026-08-31T20:35:07.884424-04:00,1788222907,884418271,1788222907884418271,124.088562,,,,23510,23509,1,0,0,23510,AxisTarget,1,True,True,True,False,-0.002078,-90.085464,89.98185,-0.077775,39.002369,-0.051846,506.764374,0.085894,840.824158,179.823029,51.379974,179.811737,6432,False,True,11,133,False,
114,/kuka/axis_move/feedback_json,std_msgs/msg/String,2026-08-31T20:35:08.012853-04:00,1788222908,12836519,1788222908012836519,128.418248,,,,23511,23510,1,0,0,23511,AxisTarget,1,True,True,True,False,-0.002152,-90.088608,89.981194,-0.080385,40.402313,-0.053712,505.474701,0.090968,839.312012,179.824234,49.953793,179.812225,6432,False,True,11,133,False,
115,/kuka/axis_move/feedback_json,std_msgs/msg/String,2026-08-31T20:35:08.236719-04:00,1788222908,236707138,1788222908236707138,223.870619,,,,23512,23511,1,0,0,23512,AxisTarget,1,True,True,True,False,-0.0022,-90.090599,89.980797,-0.0819,41.1786,-0.0547,504.526398,0.094664,838.247131,179.825104,48.930988,179.812561,6433,False,True,11,133,False,
116,/kuka/axis_move/feedback_json,std_msgs/msg/String,2026-08-31T20:35:08.365767-04:00,1788222908,365756650,1788222908365756650,129.049512,,,,23513,23512,1,0,0,23513,AxisTarget,1,True,True,True,True,-0.0022,-90.090599,89.980797,-0.0819,41.1786,-0.0547,504.526398,0.094664,838.247131,179.825104,48.930984,179.812561,6433,False,True,11,133,False,
117,/kuka/axis_move/feedback_json,std_msgs/msg/String,2026-08-31T20:35:08.590523-04:00,1788222908,590512840,1788222908590512840,224.75619,,,,23514,23513,1,0,0,23514,AxisTarget,1,True,True,True,False,-0.0022,-90.090599,89.980797,-0.0819,41.1786,-0.0547,504.526398,0.094664,838.247131,179.825104,48.930984,179.812561,6434,False,True,11,133,False,
118,/kuka/axis_move/feedback_json,std_msgs/msg/String,2026-08-31T20:35:08.723692-04:00,1788222908,723682006,1788222908723682006,133.169166,,,,23515,23514,1,0,0,23515,AxisTarget,1,True,True,True,True,-0.002202,-90.090714,89.980766,-0.082042,41.268593,-0.05484,504.509094,0.094732,838.228027,179.825119,48.912514,179.812576,6434,False,True,11,133,False,
119,/kuka/axis_move/feedback_json,std_msgs/msg/String,2026-08-31T20:35:08.850422-04:00,1788222908,850412180,1788222908850412180,126.730174,,,,23516,23515,1,0,0,23516,AxisTarget,1,True,True,True,False,-0.002252,-90.092903,89.980286,-0.084046,42.364548,-0.056319,503.702087,0.097875,837.35144,179.825867,48.058132,179.812851,6434,False,True,11,133,False,
120,/kuka/axis_move/feedback_json,std_msgs/msg/String,2026-08-31T20:35:08.976698-04:00,1788222908,976687066,1788222908976687066,126.274886,,,,23517,23516,1,0,0,23517,AxisTarget,1,True,True,True,False,-0.002328,-90.096146,89.979599,-0.086837,43.848179,-0.058268,502.283966,0.103349,835.872437,179.827164,46.589405,179.813309,6434,False,True,11,133,False,
121,/kuka/axis_move/feedback_json,std_msgs/msg/String,2026-08-31T20:35:09.200527-04:00,1788222909,200515928,1788222909200515928,223.828862,,,,23518,23517,1,0,0,23518,AxisTarget,1,True,True,True,False,-0.0024,-90.099098,89.978996,-0.0892,45.058601,-0.0598,500.769226,0.109129,834.373108,179.828537,45.062523,179.813782,6435,False,True,11,133,False,
122,/kuka/axis_move/feedback_json,std_msgs/msg/String,2026-08-31T20:35:09.325658-04:00,1788222909,325627155,1788222909325627155,125.111227,,,,23519,23518,1,0,0,23519,AxisTarget,1,True,True,True,False,-0.0024,-90.099098,89.978996,-0.0892,45.058601,-0.0598,500.767975,0.109134,834.371887,179.828537,45.061268,179.813782,6435,False,True,11,133,False,
123,/kuka/axis_move/feedback_json,std_msgs/msg/String,2026-08-31T20:35:09.548552-04:00,1788222909,548541215,1788222909548541215,222.91406,,,,23520,23519,1,0,0,23520,AxisTarget,1,True,True,True,True,-0.0024,-90.099098,89.978996,-0.0892,45.058701,-0.0598,500.767975,0.109134,834.371887,179.828537,45.061268,179.813782,6436,False,True,11,133,False,
124,/kuka/axis_move/feedback_json,std_msgs/msg/String,2026-08-31T20:35:09.672182-04:00,1788222909,672177019,1788222909672177019,123.635804,,,,23521,23520,1,0,0,23521,AxisTarget,1,True,True,True,False,-0.002429,-90.099998,89.978783,-0.090085,45.571041,-0.060521,500.479218,0.110285,834.095093,179.828812,44.774754,179.813889,6436,False,True,11,133,False,
125,/kuka/axis_move/feedback_json,std_msgs/msg/String,2026-08-31T20:35:09.800166-04:00,1788222909,800154841,1788222909800154841,127.977822,,,,23522,23521,1,0,0,23522,AxisTarget,1,True,True,True,False,-0.00253,-90.102898,89.978127,-0.09259,46.931969,-0.062324,499.196289,0.115367,832.897827,179.830017,43.518223,179.814316,6436,False,True,11,133,False,
126,/kuka/axis_move/feedback_json,std_msgs/msg/String,2026-08-31T20:35:09.930378-04:00,1788222909,930367317,1788222909930367317,130.212476,,,,23523,23522,1,0,0,23523,AxisTarget,1,True,True,True,False,-0.002642,-90.106041,89.977425,-0.095222,48.34034,-0.064161,497.630707,0.121493,831.505676,179.831482,42.018745,179.814819,6436,False,True,11,133,False,
127,/kuka/axis_move/feedback_json,std_msgs/msg/String,2026-08-31T20:35:10.160536-04:00,1788222910,160525117,1788222910160525117,230.1578,,,,23524,23523,1,0,0,23524,AxisTarget,1,True,True,True,False,-0.0027,-90.107597,89.977097,-0.0964,48.938599,-0.0649,496.751373,0.124898,830.755188,179.832306,41.191654,179.815094,6437,False,True,11,133,False,
128,/kuka/axis_move/feedback_json,std_msgs/msg/String,2026-08-31T20:35:10.284245-04:00,1788222910,284235424,1788222910284235424,123.710307,,,,23525,23524,1,0,0,23525,AxisTarget,1,True,True,True,True,-0.0027,-90.107597,89.977097,-0.0964,48.938599,-0.0649,496.751373,0.124898,830.755188,179.832306,41.191654,179.815094,6437,False,True,11,133,False,
129,/kuka/axis_move/feedback_json,std_msgs/msg/String,2026-08-31T20:35:10.503585-04:00,1788222910,503580254,1788222910503580254,219.34483,,,,23526,23525,1,0,0,23526,AxisTarget,1,True,True,True,False,-0.0027,-90.107597,89.977097,-0.0964,48.938599,-0.0649,496.751373,0.124898,830.755188,179.832306,41.191654,179.815094,6438,False,True,11,133,False,
130,/kuka/axis_move/feedback_json,std_msgs/msg/String,2026-08-31T20:35:10.632072-04:00,1788222910,632065677,1788222910632065677,128.485423,,,,23527,23526,1,0,0,23527,AxisTarget,1,True,True,True,True,-0.002705,-90.10791,89.97702,-0.096744,49.144691,-0.065209,496.672913,0.125186,830.68927,179.832382,41.118355,179.815109,6438,False,True,11,133,False,
131,/kuka/axis_move/feedback_json,std_msgs/msg/String,2026-08-31T20:35:10.760108-04:00,1788222910,760098076,1788222910760098076,128.032399,,,,23528,23527,1,0,0,23528,AxisTarget,1,True,True,True,False,-0.002763,-90.11039,89.976471,-0.099032,50.383778,-0.066899,495.542084,0.12932,829.758179,179.833344,40.070854,179.815399,6438,False,True,11,133,False,
132,/kuka/axis_move/feedback_json,std_msgs/msg/String,2026-08-31T20:35:10.890202-04:00,1788222910,890196343,1788222910890196343,130.098267,,,,23529,23528,1,0,0,23529,AxisTarget,1,True,True,True,False,-0.002841,-90.113777,89.975792,-0.101809,51.898968,-0.068924,493.865295,0.135384,828.439453,179.834778,38.54604,179.815826,6438,False,True,11,133,False,
133,/kuka/axis_move/feedback_json,std_msgs/msg/String,2026-08-31T20:35:11.109720-04:00,1788222911,109712098,1788222911109712098,219.515755,,,,23530,23529,1,0,0,23530,AxisTarget,1,True,True,True,False,-0.0029,-90.116203,89.975304,-0.1037,52.8186,-0.0701,492.493683,0.140287,827.412903,179.835938,37.322025,179.816162,6439,False,True,11,133,False,
134,/kuka/axis_move/feedback_json,std_msgs/msg/String,2026-08-31T20:35:11.240022-04:00,1788222911,240011649,1788222911240011649,130.299551,,,,23531,23530,1,0,0,23531,AxisTarget,1,True,True,True,True,-0.0029,-90.116203,89.975304,-0.1037,52.8186,-0.0701,492.493683,0.140287,827.412903,179.835938,37.322037,179.816162,6439,False,True,11,133,False,
135,/kuka/axis_move/feedback_json,std_msgs/msg/String,2026-08-31T20:35:11.459110-04:00,1788222911,459075449,1788222911459075449,219.0638,,,,23532,23531,1,0,0,23532,AxisTarget,1,True,True,True,False,-0.0029,-90.116203,89.975304,-0.1037,52.8186,-0.0701,492.493683,0.140287,827.412903,179.835938,37.322037,179.816162,6440,False,True,11,133,False,
136,/kuka/axis_move/feedback_json,std_msgs/msg/String,2026-08-31T20:35:11.590262-04:00,1788222911,590253259,1788222911590253259,131.17781,,,,23533,23532,1,0,0,23533,AxisTarget,1,True,True,True,True,-0.002901,-90.116241,89.975296,-0.103757,52.85767,-0.070164,492.489197,0.140303,827.409607,179.835953,37.318054,179.816162,6440,False,True,11,133,False,
137,/kuka/axis_move/feedback_json,std_msgs/msg/String,2026-08-31T20:35:11.720077-04:00,1788222911,720068339,1788222911720068339,129.81508,,,,23534,23533,1,0,0,23534,AxisTarget,1,True,True,True,False,-0.002944,-90.118164,89.974869,-0.105522,53.84436,-0.071507,491.668671,0.143191,826.816772,179.836685,36.595016,179.816391,6440,False,True,11,133,False,
138,/kuka/axis_move/feedback_json,std_msgs/msg/String,2026-08-31T20:35:11.851537-04:00,1788222911,851519896,1788222911851519896,131.451557,,,,23535,23534,1,0,0,23535,AxisTarget,1,True,True,True,False,-0.00302,-90.12149,89.974159,-0.108351,55.370956,-0.073515,489.948273,0.149186,825.623535,179.838242,35.100147,179.816879,6440,False,True,11,133,False,
139,/kuka/axis_move/feedback_json,std_msgs/msg/String,2026-08-31T20:35:12.072052-04:00,1788222912,72044313,1788222912072044313,220.524417,,,,23536,23535,1,0,0,23536,AxisTarget,1,True,True,True,False,-0.0031,-90.124702,89.973503,-0.1109,56.69862,-0.0752,488.018372,0.155814,824.361633,179.839996,33.454632,179.817398,6441,False,True,11,133,False,
140,/kuka/axis_move/feedback_json,std_msgs/msg/String,2026-08-31T20:35:12.200135-04:00,1788222912,200127830,1788222912200127830,128.083517,,,,23537,23536,1,0,0,23537,AxisTarget,1,True,True,True,False,-0.0031,-90.124702,89.973503,-0.1109,56.698601,-0.0752,488.015625,0.155823,824.359924,179.839996,33.45232,179.817398,6441,False,True,11,133,False,
141,/kuka/axis_move/feedback_json,std_msgs/msg/String,2026-08-31T20:35:12.421788-04:00,1788222912,421781502,1788222912421781502,221.653672,,,,23538,23537,1,0,0,23538,AxisTarget,1,True,True,True,True,-0.0031,-90.124702,89.973503,-0.1109,56.698627,-0.0752,488.015625,0.155823,824.359924,179.839996,33.45232,179.817398,6442,False,True,11,133,False,
142,/kuka/axis_move/feedback_json,std_msgs/msg/String,2026-08-31T20:35:12.549766-04:00,1788222912,549760701,1788222912549760701,127.979199,,,,23539,23538,1,0,0,23539,AxisTarget,1,True,True,True,True,-0.003116,-90.125435,89.973335,-0.111645,57.160553,-0.075865,487.719116,0.15684,824.172913,179.840256,33.202259,179.817459,6442,False,True,11,133,False,
143,/kuka/axis_move/feedback_json,std_msgs/msg/String,2026-08-31T20:35:12.673643-04:00,1788222912,673632175,1788222912673632175,123.871474,,,,23540,23539,1,0,0,23540,AxisTarget,1,True,True,True,False,-0.003183,-90.128334,89.97271,-0.114197,58.497334,-0.077673,486.206329,0.161991,823.246643,179.841568,31.937138,179.81781,6442,False,True,11,133,False,
144,/kuka/axis_move/feedback_json,std_msgs/msg/String,2026-08-31T20:35:12.800366-04:00,1788222912,800360408,1788222912800360408,126.728233,,,,23541,23540,1,0,0,23541,AxisTarget,1,True,True,True,False,-0.003256,-90.131424,89.972061,-0.116899,59.925163,-0.079574,484.48233,0.167785,822.245605,179.843079,30.515942,179.818192,6442,False,True,11,133,False,
145,/kuka/axis_move/feedback_json,std_msgs/msg/String,2026-08-31T20:35:13.029830-04:00,1788222913,29821678,1788222913029821678,229.46127,,,,23542,23541,1,0,0,23542,AxisTarget,1,True,True,True,False,-0.0033,-90.133202,89.971703,-0.1182,60.578602,-0.0804,483.336456,0.171591,821.611267,179.844086,29.582605,179.818436,6443,False,True,11,133,False,
146,/kuka/axis_move/feedback_json,std_msgs/msg/String,2026-08-31T20:35:13.158960-04:00,1788222913,158954483,1788222913158954483,129.132805,,,,23543,23542,1,0,0,23543,AxisTarget,1,True,True,True,True,-0.0033,-90.133202,89.971703,-0.1182,60.578602,-0.0804,483.336456,0.171591,821.611267,179.844086,29.582605,179.818436,6443,False,True,11,133,False,
147,/kuka/axis_move/feedback_json,std_msgs/msg/String,2026-08-31T20:35:13.388112-04:00,1788222913,388104387,1788222913388104387,229.149904,,,,23544,23543,1,0,0,23544,AxisTarget,1,True,True,True,False,-0.0033,-90.133202,89.971703,-0.1182,60.578602,-0.0804,483.336456,0.171591,821.611267,179.844086,29.582605,179.818436,6444,False,True,11,133,False,
148,/kuka/axis_move/feedback_json,std_msgs/msg/String,2026-08-31T20:35:13.517459-04:00,1788222913,517448647,1788222913517448647,129.34426,,,,23545,23544,1,0,0,23545,AxisTarget,1,True,True,True,True,-0.003307,-90.133545,89.971619,-0.118568,60.801044,-0.080725,483.213593,0.171994,821.544678,179.844193,29.483044,179.818466,6444,False,True,11,133,False,
149,/kuka/axis_move/feedback_json,std_msgs/msg/String,2026-08-31T20:35:13.641913-04:00,1788222913,641906646,1788222913641906646,124.457999,,,,23546,23545,1,0,0,23546,AxisTarget,1,True,True,True,False,-0.003366,-90.136139,89.971069,-0.120828,62.041409,-0.082384,481.868042,0.176379,820.833557,179.845428,28.398985,179.818817,6444,False,True,11,133,False,
150,/kuka/axis_move/feedback_json,std_msgs/msg/String,2026-08-31T20:35:13.772481-04:00,1788222913,772457482,1788222913772457482,130.550836,,,,23547,23546,1,0,0,23547,AxisTarget,1,True,True,True,False,-0.00344,-90.13932,89.970398,-0.123487,63.514187,-0.084315,480.067108,0.182169,819.931458,179.847107,26.964844,179.81926,6444,False,True,11,133,False,
151,/kuka/axis_move/feedback_json,std_msgs/msg/String,2026-08-31T20:35:13.993187-04:00,1788222913,993181223,1788222913993181223,220.723741,,,,23548,23547,1,0,0,23548,AxisTarget,1,True,True,True,False,-0.0035,-90.1418,89.969902,-0.1254,64.458603,-0.0855,478.476471,0.187209,819.180603,179.848587,25.712994,179.819641,6445,False,True,11,133,False,
152,/kuka/axis_move/feedback_json,std_msgs/msg/String,2026-08-31T20:35:14.120019-04:00,1788222914,120013699,1788222914120013699,126.832476,,,,23549,23548,1,0,0,23549,AxisTarget,1,True,True,True,True,-0.0035,-90.1418,89.969902,-0.1254,64.458603,-0.0855,478.476471,0.187209,819.180603,179.848587,25.712992,179.819641,6445,False,True,11,133,False,
153,/kuka/axis_move/feedback_json,std_msgs/msg/String,2026-08-31T20:35:14.343727-04:00,1788222914,343719247,1788222914343719247,223.705548,,,,23550,23549,1,0,0,23550,AxisTarget,1,True,True,True,False,-0.0035,-90.1418,89.969902,-0.1254,64.458603,-0.0855,478.476471,0.187209,819.180603,179.848587,25.712992,179.819641,6446,False,True,11,133,False,
154,/kuka/axis_move/feedback_json,std_msgs/msg/String,2026-08-31T20:35:14.473174-04:00,1788222914,473168376,1788222914473168376,129.449129,,,,23551,23550,1,0,0,23551,AxisTarget,1,True,True,True,True,-0.003501,-90.141853,89.969887,-0.125488,64.516106,-0.085593,478.465271,0.187244,819.175415,179.848602,25.704206,179.819641,6446,False,True,11,133,False,
155,/kuka/axis_move/feedback_json,std_msgs/msg/String,2026-08-31T20:35:14.607959-04:00,1788222914,607942205,1788222914607942205,134.773829,,,,23552,23551,1,0,0,23552,AxisTarget,1,True,True,True,False,-0.003545,-90.143799,89.96946,-0.127279,65.501427,-0.086957,477.522491,0.190222,818.750061,179.849457,24.968296,179.819839,6446,False,True,11,133,False,
156,/kuka/axis_move/feedback_json,std_msgs/msg/String,2026-08-31T20:35:14.836456-04:00,1788222914,836445233,1788222914836445233,228.503028,,,,23553,23552,1,0,0,23553,AxisTarget,1,True,True,True,False,-0.003677,-90.149376,89.968285,-0.132027,68.010345,-0.090298,474.186646,0.200561,817.358521,179.852539,22.397684,179.820526,6447,False,True,11,133,False,
157,/kuka/axis_move/feedback_json,std_msgs/msg/String,2026-08-31T20:35:14.956113-04:00,1788222914,956102063,1788222914956102063,119.65683,,,,23554,23553,1,0,0,23554,AxisTarget,1,True,True,True,False,-0.0037,-90.150299,89.968102,-0.1327,68.3386,-0.0907,473.459717,0.202772,817.078064,179.85321,21.843878,179.820679,6447,False,True,11,133,False,
158,/kuka/axis_move/feedback_json,std_msgs/msg/String,2026-08-31T20:35:15.175836-04:00,1788222915,175831119,1788222915175831119,219.729056,,,,23555,23554,1,0,0,23555,AxisTarget,1,True,True,True,True,-0.0037,-90.150299,89.968102,-0.1327,68.3386,-0.0907,473.458954,0.202774,817.07782,179.85321,21.843281,179.820679,6448,False,True,11,133,False,
159,/kuka/axis_move/feedback_json,std_msgs/msg/String,2026-08-31T20:35:15.303826-04:00,1788222915,303817384,1788222915303817384,127.986265,,,,23556,23555,1,0,0,23556,AxisTarget,1,True,True,True,False,-0.0037,-90.150299,89.968102,-0.1327,68.338692,-0.0907,473.458954,0.202774,817.07782,179.85321,21.843281,179.820679,6448,False,True,11,133,False,
160,/kuka/axis_move/feedback_json,std_msgs/msg/String,2026-08-31T20:35:15.430479-04:00,1788222915,430449064,1788222915430449064,126.63168,,,,23557,23556,1,0,0,23557,AxisTarget,1,True,True,True,True,-0.003717,-90.15107,89.967926,-0.133478,68.784569,-0.09133,473.142212,0.203733,816.95813,179.853516,21.60264,179.82074,6448,False,True,11,133,False,
161,/kuka/axis_move/feedback_json,std_msgs/msg/String,2026-08-31T20:35:15.561560-04:00,1788222915,561548975,1788222915561548975,131.099911,,,,23558,23557,1,0,0,23558,AxisTarget,1,True,True,True,False,-0.003784,-90.153969,89.9673,-0.136114,70.199982,-0.093208,471.496429,0.208669,816.360352,179.855103,20.358473,179.821091,6448,False,True,11,133,False,
162,/kuka/axis_move/feedback_json,std_msgs/msg/String,2026-08-31T20:35:15.783645-04:00,1788222915,783637301,1788222915783637301,222.088326,,,,23559,23558,1,0,0,23559,AxisTarget,1,True,True,True,False,-0.003895,-90.158607,89.966331,-0.139886,72.169327,-0.095748,468.490784,0.217481,815.370361,179.858047,18.111029,179.821701,6449,False,True,11,133,False,
163,/kuka/axis_move/feedback_json,std_msgs/msg/String,2026-08-31T20:35:15.915827-04:00,1788222915,915809383,1788222915915809383,132.172082,,,,23560,23559,1,0,0,23560,AxisTarget,1,True,True,True,False,-0.0039,-90.158798,89.966301,-0.14,72.218597,-0.0958,468.305664,0.218015,815.313599,179.858231,17.973574,179.821747,6449,False,True,11,133,False,
164,/kuka/axis_move/feedback_json,std_msgs/msg/String,2026-08-31T20:35:16.144287-04:00,1788222916,144280285,1788222916144280285,228.470902,,,,23561,23560,1,0,0,23561,AxisTarget,1,True,True,True,True,-0.0039,-90.158798,89.966301,-0.14,72.218597,-0.0958,468.305664,0.218015,815.313599,179.858231,17.973574,179.821747,6450,False,True,11,133,False,
165,/kuka/axis_move/feedback_json,std_msgs/msg/String,2026-08-31T20:35:16.276253-04:00,1788222916,276244027,1788222916276244027,131.963742,,,,23562,23561,1,0,0,23562,AxisTarget,1,True,True,True,True,-0.003903,-90.158981,89.966248,-0.14024,72.367226,-0.096027,468.244568,0.218189,815.294983,179.858292,17.928242,179.821747,6450,False,True,11,133,False,
166,/kuka/axis_move/feedback_json,std_msgs/msg/String,2026-08-31T20:35:16.409041-04:00,1788222916,409034885,1788222916409034885,132.790858,,,,23563,23562,1,0,0,23563,AxisTarget,1,True,True,True,False,-0.003957,-90.161362,89.965744,-0.1424,73.558022,-0.097657,466.926025,0.221928,814.905823,179.859589,16.952557,179.822037,6450,False,True,11,133,False,
167,/kuka/axis_move/feedback_json,std_msgs/msg/String,2026-08-31T20:35:16.625544-04:00,1788222916,625539209,1788222916625539209,216.504324,,,,23564,23563,1,0,0,23564,AxisTarget,1,True,True,True,False,-0.004083,-90.166718,89.96463,-0.146729,75.8703,-0.100726,463.628113,0.23105,814.036865,179.8629,14.533197,179.822723,6451,False,True,11,133,False,
168,/kuka/axis_move/feedback_json,std_msgs/msg/String,2026-08-31T20:35:16.751048-04:00,1788222916,751036723,1788222916751036723,125.497514,,,,23565,23564,1,0,0,23565,AxisTarget,1,True,True,True,False,-0.0041,-90.167397,89.9645,-0.1472,76.098602,-0.101,463.039063,0.232644,813.897095,179.863495,14.103942,179.822845,6451,False,True,11,133,False,
169,/kuka/axis_move/feedback_json,std_msgs/msg/String,2026-08-31T20:35:16.976422-04:00,1788222916,976411121,1788222916976411121,225.374398,,,,23566,23565,1,0,0,23566,AxisTarget,1,True,True,True,True,-0.0041,-90.167397,89.9645,-0.1472,76.098602,-0.101,463.039093,0.232644,813.897095,179.863495,14.103957,179.822845,6452,False,True,11,133,False,
170,/kuka/axis_move/feedback_json,std_msgs/msg/String,2026-08-31T20:35:17.103608-04:00,1788222917,103598044,1788222917103598044,127.186923,,,,23567,23566,1,0,0,23567,AxisTarget,1,True,True,True,True,-0.0041,-90.167397,89.9645,-0.147204,76.102257,-0.101008,463.039093,0.232644,813.897095,179.863495,14.103952,179.822845,6452,False,True,11,133,False,
171,/kuka/axis_move/feedback_json,std_msgs/msg/String,2026-08-31T20:35:17.228142-04:00,1788222917,228131651,1788222917228131651,124.533607,,,,23568,23567,1,0,0,23568,AxisTarget,1,True,True,True,False,-0.004127,-90.168579,89.964218,-0.148344,76.747238,-0.101914,462.440552,0.234273,813.759766,179.864105,13.668562,179.822968,6452,False,True,11,133,False,
172,/kuka/axis_move/feedback_json,std_msgs/msg/String,2026-08-31T20:35:17.352988-04:00,1788222917,352966946,1788222917352966946,124.835295,,,,23569,23568,1,0,0,23569,AxisTarget,1,True,True,True,False,-0.0042,-90.171562,89.963554,-0.150922,78.133247,-0.103767,460.690765,0.238971,813.385315,179.865936,12.400115,179.823303,6452,False,True,11,133,False,
173,/kuka/axis_move/feedback_json,std_msgs/msg/String,2026-08-31T20:35:17.575593-04:00,1788222917,575587013,1788222917575587013,222.620067,,,,23570,23569,1,0,0,23570,AxisTarget,1,True,True,True,False,-0.004299,-90.175484,89.9627,-0.154094,79.781776,-0.105899,457.994812,0.246019,812.886108,179.86879,10.457423,179.823807,6453,False,True,11,133,False,
174,/kuka/axis_move/feedback_json,std_msgs/msg/String,2026-08-31T20:35:17.707965-04:00,1788222917,707959387,1788222917707959387,132.372374,,,,23571,23570,1,0,0,23571,AxisTarget,1,True,True,True,False,-0.0043,-90.175499,89.9627,-0.1541,79.783699,-0.1059,457.954895,0.246122,812.879456,179.868835,10.428755,179.823822,6453,False,True,11,133,False,
175,/kuka/axis_move/feedback_json,std_msgs/msg/String,2026-08-31T20:35:17.933836-04:00,1788222917,933825030,1788222917933825030,225.865643,,,,23572,23571,1,0,0,23572,AxisTarget,1,True,True,True,True,-0.0043,-90.175499,89.9627,-0.1541,79.783699,-0.1059,457.954895,0.246122,812.879456,179.868835,10.428755,179.823822,6454,False,True,11,133,False,
176,/kuka/axis_move/feedback_json,std_msgs/msg/String,2026-08-31T20:35:18.058804-04:00,1788222918,58794859,1788222918058794859,124.969829,,,,23573,23572,1,0,0,23573,AxisTarget,1,True,True,True,True,-0.004311,-90.175911,89.962608,-0.154538,80.044617,-0.106278,457.777832,0.246584,812.849915,179.869019,10.301584,179.823853,6454,False,True,11,133,False,
177,/kuka/axis_move/feedback_json,std_msgs/msg/String,2026-08-31T20:35:18.187896-04:00,1788222918,187885327,1788222918187885327,129.090468,,,,23574,23573,1,0,0,23574,AxisTarget,1,True,True,True,False,-0.004387,-90.178566,89.962051,-0.156889,81.330879,-0.107994,456.191101,0.250678,812.603333,179.870773,9.164277,179.824173,6454,False,True,11,133,False,
178,/kuka/axis_move/feedback_json,std_msgs/msg/String,2026-08-31T20:35:18.320311-04:00,1788222918,320300999,1788222918320300999,132.415672,,,,23575,23574,1,0,0,23575,AxisTarget,1,True,True,True,False,-0.004475,-90.181526,89.961449,-0.159352,82.664276,-0.109717,454.282867,0.255491,812.348816,179.87291,7.801239,179.824539,6454,False,True,11,133,False,
179,/kuka/axis_move/feedback_json,std_msgs/msg/String,2026-08-31T20:35:18.541155-04:00,1788222918,541145885,1788222918541145885,220.844886,,,,23576,23575,1,0,0,23576,AxisTarget,1,True,True,True,False,-0.0045,-90.182297,89.961304,-0.1599,82.904602,-0.11,453.602081,0.257178,812.269043,179.873688,7.31604,179.824661,6455,False,True,11,133,False,
180,/kuka/axis_move/feedback_json,std_msgs/msg/String,2026-08-31T20:35:18.670978-04:00,1788222918,670963347,1788222918670963347,129.817462,,,,23577,23576,1,0,0,23577,AxisTarget,1,True,True,True,True,-0.0045,-90.182297,89.961304,-0.1599,82.904602,-0.11,453.602081,0.257178,812.269043,179.873688,7.31604,179.824661,6455,False,True,11,133,False,
181,/kuka/axis_move/feedback_json,std_msgs/msg/String,2026-08-31T20:35:18.892180-04:00,1788222918,892161355,1788222918892161355,221.198008,,,,23578,23577,1,0,0,23578,AxisTarget,1,True,True,True,True,-0.0045,-90.182297,89.961304,-0.1599,82.904625,-0.11,453.602081,0.257178,812.269043,179.873688,7.31604,179.824661,6456,False,True,11,133,False,
182,/kuka/axis_move/feedback_json,std_msgs/msg/String,2026-08-31T20:35:19.027972-04:00,1788222919,27966831,1788222919027966831,135.805476,,,,23579,23578,1,0,0,23579,AxisTarget,1,True,True,True,False,-0.004514,-90.183144,89.961105,-0.160752,83.392418,-0.1107,453.22934,0.258052,812.227905,179.8741,7.050667,179.824722,6456,False,True,11,133,False,
183,/kuka/axis_move/feedback_json,std_msgs/msg/String,2026-08-31T20:35:19.155619-04:00,1788222919,155613550,1788222919155613550,127.646719,,,,23580,23579,1,0,0,23580,AxisTarget,1,True,True,True,False,-0.00457,-90.186287,89.960426,-0.163477,84.844009,-0.112641,451.304291,0.262491,812.042847,179.876251,5.682307,179.825043,6456,False,True,11,133,False,
184,/kuka/axis_move/feedback_json,std_msgs/msg/String,2026-08-31T20:35:19.285326-04:00,1788222919,285320599,1788222919285320599,129.707049,,,,23581,23580,1,0,0,23581,AxisTarget,1,True,True,True,False,-0.0046,-90.187889,89.960098,-0.164698,85.452103,-0.1134,450.043976,0.265329,811.946411,179.877686,4.788228,179.825256,6456,False,True,11,133,False,
185,/kuka/axis_move/feedback_json,std_msgs/msg/String,2026-08-31T20:35:19.516775-04:00,1788222919,516755002,1788222919516755002,231.434403,,,,23582,23581,1,0,0,23582,AxisTarget,1,True,True,True,False,-0.0046,-90.187897,89.960098,-0.1647,85.452599,-0.1134,450.025085,0.265371,811.945129,179.877701,4.774845,179.825256,6457,False,True,11,133,False,
186,/kuka/axis_move/feedback_json,std_msgs/msg/String,2026-08-31T20:35:19.640211-04:00,1788222919,640199621,1788222919640199621,123.444619,,,,23583,23582,1,0,0,23583,AxisTarget,1,True,True,True,True,-0.0046,-90.187897,89.960098,-0.1647,85.452599,-0.1134,450.025085,0.265371,811.945129,179.877701,4.774845,179.825256,6457,False,True,11,133,False,
187,/kuka/axis_move/feedback_json,std_msgs/msg/String,2026-08-31T20:35:19.860420-04:00,1788222919,860403961,1788222919860403961,220.20434,,,,23584,23583,1,0,0,23584,AxisTarget,1,True,True,True,False,-0.0046,-90.187897,89.960098,-0.1647,85.452599,-0.1134,450.025085,0.265371,811.945129,179.877701,4.774845,179.825256,6458,False,True,11,133,False,
188,/kuka/axis_move/feedback_json,std_msgs/msg/String,2026-08-31T20:35:19.990696-04:00,1788222919,990674967,1788222919990674967,130.271006,,,,23585,23584,1,0,0,23585,AxisTarget,1,True,True,True,True,-0.004611,-90.188454,89.959969,-0.165279,85.792885,-0.113891,449.778534,0.265932,811.92865,179.877991,4.60011,179.825302,6458,False,True,11,133,False,
189,/kuka/axis_move/feedback_json,std_msgs/msg/String,2026-08-31T20:35:20.122492-04:00,1788222920,122486214,1788222920122486214,131.811247,,,,23586,23585,1,0,0,23586,AxisTarget,1,True,True,True,False,-0.004679,-90.191452,89.959358,-0.167812,87.144958,-0.115667,447.993988,0.269932,811.831421,179.880096,3.336584,179.825592,6458,False,True,11,133,False,
190,/kuka/axis_move/feedback_json,std_msgs/msg/String,2026-08-31T20:35:20.250516-04:00,1788222920,250497634,1788222920250497634,128.01142,,,,23587,23586,1,0,0,23587,AxisTarget,1,True,True,True,False,-0.0047,-90.192299,89.959198,-0.1684,87.427597,-0.116,447.242584,0.271581,811.802063,179.880997,2.805076,179.825714,6458,False,True,11,133,False,
191,/kuka/axis_move/feedback_json,std_msgs/msg/String,2026-08-31T20:35:20.479924-04:00,1788222920,479917743,1788222920479917743,229.420109,,,,23588,23587,1,0,0,23588,AxisTarget,1,True,True,True,False,-0.0047,-90.192299,89.959198,-0.1684,87.427681,-0.116,447.242676,0.271581,811.802063,179.880997,2.805146,179.825714,6459,False,True,11,133,False,
192,/kuka/axis_move/feedback_json,std_msgs/msg/String,2026-08-31T20:35:20.607522-04:00,1788222920,607506904,1788222920607506904,127.589161,,,,23589,23588,1,0,0,23589,AxisTarget,1,True,True,True,True,-0.004726,-90.193192,89.958984,-0.169279,87.938698,-0.116744,446.811218,0.27256,811.788391,179.881516,2.500031,179.82579,6459,False,True,11,133,False,
193,/kuka/axis_move/feedback_json,std_msgs/msg/String,2026-08-31T20:35:20.734321-04:00,1788222920,734310034,1788222920734310034,126.80313,,,,23590,23589,1,0,0,23590,AxisTarget,1,True,True,True,False,-0.004797,-90.195328,89.958519,-0.170968,88.817207,-0.117888,445.351715,0.275822,811.758972,179.88327,1.468383,179.826035,6459,False,True,11,133,False,
194,/kuka/axis_move/feedback_json,std_msgs/msg/String,2026-08-31T20:35:20.859860-04:00,1788222920,859854603,1788222920859854603,125.544569,,,,23591,23590,1,0,0,23591,AxisTarget,1,True,True,True,False,-0.0048,-90.195396,89.958504,-0.171,88.829597,-0.1179,445.26474,0.276013,811.758057,179.883377,1.406935,179.82605,6459,False,True,11,133,False,
195,/kuka/axis_move/feedback_json,std_msgs/msg/String,2026-08-31T20:35:21.085080-04:00,1788222921,85064439,1788222921085064439,225.209836,,,,23592,23591,1,0,0,23592,AxisTarget,1,True,True,True,False,-0.0048,-90.195396,89.958504,-0.171,88.829597,-0.1179,445.26474,0.276013,811.758057,179.883377,1.406935,179.82605,6460,False,True,11,133,False,
196,/kuka/axis_move/feedback_json,std_msgs/msg/String,2026-08-31T20:35:21.212324-04:00,1788222921,212314330,1788222921212314330,127.249891,,,,23593,23592,1,0,0,23593,AxisTarget,1,True,True,True,True,-0.004812,-90.195641,89.958443,-0.171292,89.002327,-0.11816,445.186646,0.276212,811.757263,179.883469,1.351738,179.826065,6460,False,True,11,133,False,
197,/kuka/axis_move/feedback_json,std_msgs/msg/String,2026-08-31T20:35:21.343783-04:00,1788222921,343778374,1788222921343778374,131.464044,,,,23594,23593,1,0,0,23594,AxisTarget,1,True,True,True,False,-0.004898,-90.197166,89.958107,-0.172588,89.654961,-0.118997,444.139709,0.278857,811.753967,179.884811,0.611882,179.826187,6460,False,True,11,133,False,
198,/kuka/axis_move/feedback_json,std_msgs/msg/String,2026-08-31T20:35:21.472863-04:00,1788222921,472841066,1788222921472841066,129.062692,,,,23595,23594,1,0,0,23595,AxisTarget,1,True,True,True,False,-0.0049,-90.197197,89.958099,-0.1726,89.658699,-0.119,444.094666,0.27897,811.75415,179.884872,0.580037,179.826187,6460,False,True,11,133,False,
199,/kuka/axis_move/feedback_json,std_msgs/msg/String,2026-08-31T20:35:21.706868-04:00,1788222921,706856413,1788222921706856413,234.015347,,,,23596,23595,1,0,0,23596,AxisTarget,1,True,True,True,False,-0.0049,-90.197197,89.958099,-0.1726,89.658707,-0.119,444.094666,0.27897,811.75415,179.884872,0.580037,179.826187,6461,False,True,11,133,False,
200,/kuka/axis_move/feedback_json,std_msgs/msg/String,2026-08-31T20:35:21.832768-04:00,1788222921,832761646,1788222921832761646,125.905233,,,,23597,23596,1,0,0,23597,AxisTarget,1,True,True,True,True,-0.0049,-90.197716,89.958008,-0.172966,89.899529,-0.119287,443.84726,0.279333,811.755554,179.885193,0.40541,179.826279,6461,False,True,11,133,False,
201,/kuka/axis_move/feedback_json,std_msgs/msg/String,2026-08-31T20:35:22.052827-04:00,1788222922,52800834,1788222922052800834,220.039188,,,,23598,23597,1,0,0,23598,AxisTarget,1,True,True,True,False,-0.0049,-90.1978,89.958,-0.173,89.915604,-0.1193,443.731689,0.279501,811.75647,179.885345,0.323835,179.826324,6462,False,True,11,133,False,
202,/kuka/axis_move/feedback_json,std_msgs/msg/String,2026-08-31T20:35:22.182536-04:00,1788222922,182527763,1788222922182527763,129.726929,,,,23599,23598,1,0,0,23599,AxisTarget,1,True,True,True,True,-0.0049,-90.1978,89.958,-0.173,89.915604,-0.1193,443.731689,0.279501,811.75647,179.885345,0.323835,179.826324,6462,False,True,11,133,False,
203,/kuka/axis_move/feedback_json,std_msgs/msg/String,2026-08-31T20:35:22.411712-04:00,1788222922,411699232,1788222922411699232,229.171469,,,,23600,23599,1,0,0,23600,AxisTarget,1,True,True,True,False,-0.0049,-90.1978,89.958,-0.173,89.915604,-0.1193,443.731689,0.279501,811.75647,179.885345,0.323835,179.826324,6463,False,True,11,133,False,
204,/kuka/axis_move/feedback_json,std_msgs/msg/String,2026-08-31T20:35:22.540047-04:00,1788222922,540030561,1788222922540030561,128.331329,,,,23601,23600,1,0,0,23601,AxisTarget,1,True,True,True,True,-0.006718,-90.179588,89.987793,-0.173,89.846855,-0.123979,443.812286,0.287303,811.607849,179.885208,0.323967,179.826324,6463,False,True,11,133,False,
205,/kuka/axis_move/feedback_json,std_msgs/msg/String,2026-08-31T20:35:22.763661-04:00,1788222922,763649510,1788222922763649510,223.618949,,,,23602,23601,1,0,0,23602,AxisTarget,1,True,True,True,False,-0.019,-90.078903,90.123703,-0.173,89.629097,-0.1345,444.855865,0.389068,809.672791,179.883377,0.325695,179.826233,6464,False,True,11,133,False,
206,/kuka/axis_move/feedback_json,std_msgs/msg/String,2026-08-31T20:35:22.890866-04:00,1788222922,890855289,1788222922890855289,127.205779,,,,23603,23602,1,0,0,23603,AxisTarget,1,True,True,True,True,-0.019264,-90.075851,90.129379,-0.172997,89.612747,-0.135586,444.862183,0.389691,809.661072,179.883362,0.325705,179.826233,6464,False,True,11,133,False,
207,/kuka/axis_move/feedback_json,std_msgs/msg/String,2026-08-31T20:35:23.016912-04:00,1788222923,16894465,1788222923016894465,126.039176,,,,23604,23603,1,0,0,23604,AxisTarget,1,True,True,True,False,-0.038723,-89.904839,90.378304,-0.172893,89.148262,-0.161005,446.162842,0.518989,807.222046,179.881195,0.327949,179.826202,6464,False,True,11,133,False,
208,/kuka/axis_move/feedback_json,std_msgs/msg/String,2026-08-31T20:35:23.145860-04:00,1788222923,145843125,1788222923145843125,128.94866,,,,23605,23604,1,0,0,23605,AxisTarget,1,True,True,True,False,-0.059912,-89.733597,90.607742,-0.172804,88.784515,-0.179377,447.997406,0.705082,803.729065,179.878067,0.331156,179.826172,6464,False,True,11,133,False,
209,/kuka/axis_move/feedback_json,std_msgs/msg/String,2026-08-31T20:35:23.369761-04:00,1788222923,369749418,1788222923369749418,223.906293,,,,23606,23605,1,0,0,23606,AxisTarget,1,True,True,True,False,-0.0615,-89.722397,90.620697,-0.1728,88.769699,-0.18,448.164642,0.722269,803.407471,179.877792,0.331451,179.826172,6465,False,True,11,133,False,
210,/kuka/axis_move/feedback_json,std_msgs/msg/String,2026-08-31T20:35:23.499054-04:00,1788222923,499042836,1788222923499042836,129.293418,,,,23607,23606,1,0,0,23607,AxisTarget,1,True,True,True,True,-0.061626,-89.720825,90.62381,-0.172799,88.756805,-0.180872,448.168335,0.722648,803.40033,179.877777,0.331457,179.826172,6465,False,True,11,133,False,
211,/kuka/axis_move/feedback_json,std_msgs/msg/String,2026-08-31T20:35:23.628855-04:00,1788222923,628848647,1788222923628848647,129.805811,,,,23608,23607,1,0,0,23608,AxisTarget,1,True,True,True,False,-0.080743,-89.550575,90.874603,-0.172731,88.252357,-0.208803,449.460968,0.856538,800.896729,179.875534,0.333743,179.826126,6465,False,True,11,133,False,
212,/kuka/axis_move/feedback_json,std_msgs/msg/String,2026-08-31T20:35:23.759786-04:00,1788222923,759774407,1788222923759774407,130.92576,,,,23609,23608,1,0,0,23609,AxisTarget,1,True,True,True,False,-0.11875,-89.234154,91.310623,-0.172631,87.530891,-0.246304,452.35318,1.164594,795.17334,179.870407,0.338956,179.82605,6465,False,True,11,133,False,
213,/kuka/axis_move/feedback_json,std_msgs/msg/String,2026-08-31T20:35:23.998453-04:00,1788222923,998440157,1788222923998440157,238.66575,,,,23610,23609,1,0,0,23610,AxisTarget,1,True,True,True,False,-0.1322,-89.128098,91.448997,-0.1726,87.337303,-0.2558,453.472046,1.287045,792.911987,179.868378,0.341011,179.826019,6466,False,True,11,133,False,
214,/kuka/axis_move/feedback_json,std_msgs/msg/String,2026-08-31T20:35:24.128956-04:00,1788222924,128933657,1788222924128933657,130.4935,,,,23611,23610,1,0,0,23611,AxisTarget,1,True,True,True,True,-0.1322,-89.128098,91.448997,-0.1726,87.337303,-0.2558,453.472046,1.287045,792.911987,179.868378,0.341011,179.826019,6466,False,True,11,133,False,
215,/kuka/axis_move/feedback_json,std_msgs/msg/String,2026-08-31T20:35:24.355244-04:00,1788222924,355237428,1788222924355237428,226.303771,,,,23612,23611,1,0,0,23612,AxisTarget,1,True,True,True,False,-0.1322,-89.128098,91.448997,-0.1726,87.337303,-0.2558,453.472046,1.287045,792.911987,179.868378,0.341011,179.826019,6467,False,True,11,133,False,
216,/kuka/axis_move/feedback_json,std_msgs/msg/String,2026-08-31T20:35:24.485751-04:00,1788222924,485739925,1788222924485739925,130.502497,,,,23613,23612,1,0,0,23613,AxisTarget,1,True,True,True,True,-0.138599,-89.068573,91.54052,-0.172574,87.147202,-0.266761,453.804108,1.323797,792.235474,179.867783,0.34163,179.826004,6467,False,True,11,133,False,
217,/kuka/axis_move/feedback_json,std_msgs/msg/String,2026-08-31T20:35:24.613204-04:00,1788222924,613186026,1788222924613186026,127.446101,,,,23614,23613,1,0,0,23614,AxisTarget,1,True,True,True,False,-0.178511,-88.725662,92.028938,-0.172445,86.27002,-0.315582,456.570892,1.636758,786.501343,179.862732,0.346862,179.825958,6467,False,True,11,133,False,
218,/kuka/axis_move/feedback_json,std_msgs/msg/String,2026-08-31T20:35:24.835126-04:00,1788222924,835095644,1788222924835095644,221.909618,,,,23615,23614,1,0,0,23615,AxisTarget,1,True,True,True,False,-0.230518,-88.301437,92.602989,-0.172301,85.33757,-0.361682,460.367035,2.086961,778.330261,179.85556,0.354293,179.825943,6468,False,True,11,133,False,
219,/kuka/axis_move/feedback_json,std_msgs/msg/String,2026-08-31T20:35:24.959540-04:00,1788222924,959528178,1788222924959528178,124.432534,,,,23616,23615,1,0,0,23616,AxisTarget,1,True,True,True,False,-0.2313,-88.296204,92.608704,-0.1723,85.331902,-0.3619,460.46283,2.098654,778.119202,179.855377,0.354485,179.825943,6468,False,True,11,133,False,
220,/kuka/axis_move/feedback_json,std_msgs/msg/String,2026-08-31T20:35:25.181387-04:00,1788222925,181376809,1788222925181376809,221.848631,,,,23617,23616,1,0,0,23617,AxisTarget,1,True,True,True,True,-0.2313,-88.296204,92.608704,-0.1723,85.331902,-0.3619,460.46283,2.098654,778.119202,179.855377,0.354485,179.825943,6469,False,True,11,133,False,
221,/kuka/axis_move/feedback_json,std_msgs/msg/String,2026-08-31T20:35:25.311799-04:00,1788222925,311765157,1788222925311765157,130.388348,,,,23618,23617,1,0,0,23618,AxisTarget,1,True,True,True,True,-0.232352,-88.285294,92.62722,-0.172293,85.286163,-0.364744,460.49704,2.102833,778.043762,179.855301,0.354553,179.825943,6469,False,True,11,133,False,
222,/kuka/axis_move/feedback_json,std_msgs/msg/String,2026-08-31T20:35:25.446379-04:00,1788222925,446373079,1788222925446373079,134.607922,,,,23619,23618,1,0,0,23619,AxisTarget,1,True,True,True,False,-0.259188,-88.049713,92.988091,-0.172167,84.610985,-0.401815,462.149658,2.307295,774.361206,179.852097,0.357865,179.825974,6469,False,True,11,133,False,
223,/kuka/axis_move/feedback_json,std_msgs/msg/String,2026-08-31T20:35:25.574949-04:00,1788222925,574940820,1788222925574940820,128.567741,,,,23620,23619,1,0,0,23620,AxisTarget,1,True,True,True,False,-0.317583,-87.55941,93.652817,-0.171944,83.469421,-0.461897,465.840179,2.783466,765.84729,179.844681,0.365504,179.82608,6469,False,True,11,133,False,
224,/kuka/axis_move/feedback_json,std_msgs/msg/String,2026-08-31T20:35:25.797225-04:00,1788222925,797219631,1788222925797219631,222.278811,,,,23621,23620,1,0,0,23621,AxisTarget,1,True,True,True,False,-0.358627,-87.226967,94.099525,-0.1718,82.75367,-0.4983,468.686157,3.170864,758.980103,179.838745,0.371647,179.826187,6470,False,True,11,133,False,
225,/kuka/axis_move/feedback_json,std_msgs/msg/String,2026-08-31T20:35:25.927613-04:00,1788222925,927601356,1788222925927601356,130.381725,,,,23622,23621,1,0,0,23622,AxisTarget,1,True,True,True,False,-0.3587,-87.226601,94.0998,-0.1718,82.753601,-0.4983,468.696289,3.172276,758.955139,179.838715,0.37167,179.826187,6470,False,True,11,133,False,
226,/kuka/axis_move/feedback_json,std_msgs/msg/String,2026-08-31T20:35:26.157434-04:00,1788222926,157423167,1788222926157423167,229.821811,,,,23623,23622,1,0,0,23623,AxisTarget,1,True,True,True,True,-0.3587,-87.226601,94.0998,-0.1718,82.753601,-0.4983,468.696289,3.172276,758.955139,179.838715,0.37167,179.826187,6471,False,True,11,133,False,
227,/kuka/axis_move/feedback_json,std_msgs/msg/String,2026-08-31T20:35:26.285692-04:00,1788222926,285686642,1788222926285686642,128.263475,,,,23624,23623,1,0,0,23624,AxisTarget,1,True,True,True,True,-0.364031,-87.176422,94.177727,-0.171776,82.588882,-0.507869,468.919342,3.20343,758.404785,179.838242,0.372163,179.826202,6471,False,True,11,133,False,
228,/kuka/axis_move/feedback_json,std_msgs/msg/String,2026-08-31T20:35:26.415409-04:00,1788222926,415398715,1788222926415398715,129.712073,,,,23625,23624,1,0,0,23625,AxisTarget,1,True,True,True,False,-0.403969,-86.830513,94.674248,-0.171636,81.681458,-0.557139,471.098511,3.514336,752.929016,179.833496,0.37707,179.826294,6471,False,True,11,133,False,
229,/kuka/axis_move/feedback_json,std_msgs/msg/String,2026-08-31T20:35:26.644007-04:00,1788222926,644001224,1788222926644001224,228.602509,,,,23626,23625,1,0,0,23626,AxisTarget,1,True,True,True,False,-0.49769,-86.050964,95.749329,-0.171345,79.866028,-0.651936,476.552094,4.350452,738.341614,179.820923,0.390105,179.826645,6472,False,True,11,133,False,
230,/kuka/axis_move/feedback_json,std_msgs/msg/String,2026-08-31T20:35:26.763429-04:00,1788222926,763418276,1788222926763418276,119.417052,,,,23627,23626,1,0,0,23627,AxisTarget,1,True,True,True,False,-0.513905,-85.921783,95.91967,-0.1713,79.604378,-0.66493,477.568634,4.516704,735.462952,179.818451,0.392672,179.826721,6472,False,True,11,133,False,
231,/kuka/axis_move/feedback_json,std_msgs/msg/String,2026-08-31T20:35:26.987454-04:00,1788222926,987443318,1788222926987443318,224.025042,,,,23628,23627,1,0,0,23628,AxisTarget,1,True,True,True,True,-0.5143,-85.919296,95.922203,-0.1713,79.602303,-0.665,477.603424,4.522454,735.363464,179.818375,0.392761,179.826736,6473,False,True,11,133,False,
232,/kuka/axis_move/feedback_json,std_msgs/msg/String,2026-08-31T20:35:27.117344-04:00,1788222927,117314046,1788222927117314046,129.870728,,,,23629,23628,1,0,0,23629,AxisTarget,1,True,True,True,False,-0.5143,-85.919296,95.922203,-0.1713,79.602303,-0.665,477.603424,4.522454,735.363464,179.818375,0.392761,179.826736,6473,False,True,11,133,False,
233,/kuka/axis_move/feedback_json,std_msgs/msg/String,2026-08-31T20:35:27.248937-04:00,1788222927,248926980,1788222927248926980,131.612934,,,,23630,23629,1,0,0,23630,AxisTarget,1,True,True,True,True,-0.516674,-85.895866,95.960213,-0.171286,79.51561,-0.670208,477.675873,4.53446,735.156006,179.818192,0.392946,179.826736,6473,False,True,11,133,False,
234,/kuka/axis_move/feedback_json,std_msgs/msg/String,2026-08-31T20:35:27.375780-04:00,1788222927,375763433,1788222927375763433,126.836453,,,,23631,23630,1,0,0,23631,AxisTarget,1,True,True,True,False,-0.551755,-85.590195,96.401878,-0.171136,78.698029,-0.714897,479.299377,4.808497,730.429626,179.814163,0.397175,179.826904,6473,False,True,11,133,False,
235,/kuka/axis_move/feedback_json,std_msgs/msg/String,2026-08-31T20:35:27.593243-04:00,1788222927,593234968,1788222927593234968,217.471535,,,,23632,23631,1,0,0,23632,AxisTarget,1,True,True,True,False,-0.657504,-84.704735,97.632164,-0.170737,76.588432,-0.825958,484.46167,5.753126,714.25946,179.800446,0.411622,179.827606,6474,False,True,11,133,False,
236,/kuka/axis_move/feedback_json,std_msgs/msg/String,2026-08-31T20:35:27.719048-04:00,1788222927,719042568,1788222927719042568,125.8076,,,,23633,23632,1,0,0,23633,AxisTarget,1,True,True,True,False,-0.690354,-84.43618,97.996437,-0.170619,75.983269,-0.857029,486.083344,6.077202,708.750244,179.795792,0.416539,179.827881,6474,False,True,11,133,False,
237,/kuka/axis_move/feedback_json,std_msgs/msg/String,2026-08-31T20:35:27.848065-04:00,1788222927,848058821,1788222927848058821,129.016253,,,,23634,23633,1,0,0,23634,AxisTarget,1,True,True,True,False,-0.6976,-84.380501,98.0672,-0.1706,75.892998,-0.8613,486.45752,6.154147,707.444763,179.794693,0.417704,179.827942,6474,False,True,11,133,False,
238,/kuka/axis_move/feedback_json,std_msgs/msg/String,2026-08-31T20:35:28.074286-04:00,1788222928,74275055,1788222928074275055,226.216234,,,,23635,23634,1,0,0,23635,AxisTarget,1,True,True,True,True,-0.6976,-84.380501,98.0672,-0.1706,75.892998,-0.8613,486.45755,6.154152,707.444641,179.794693,0.417704,179.827942,6475,False,True,11,133,False,
239,/kuka/axis_move/feedback_json,std_msgs/msg/String,2026-08-31T20:35:28.199171-04:00,1788222928,199164759,1788222928199164759,124.889704,,,,23636,23635,1,0,0,23636,AxisTarget,1,True,True,True,True,-0.697602,-84.380447,98.067368,-0.1706,75.891907,-0.861396,486.45755,6.154153,707.444641,179.794693,0.417704,179.827942,6475,False,True,11,133,False,
240,/kuka/axis_move/feedback_json,std_msgs/msg/String,2026-08-31T20:35:28.335948-04:00,1788222928,335932571,1788222928335932571,136.767812,,,,23637,23636,1,0,0,23637,AxisTarget,1,True,True,True,False,-0.711931,-84.250893,98.261208,-0.170544,75.508888,-0.882978,486.945679,6.255788,705.720703,179.793243,0.419237,179.828018,6475,False,True,11,133,False,
241,/kuka/axis_move/feedback_json,std_msgs/msg/String,2026-08-31T20:35:28.469873-04:00,1788222928,469861702,1788222928469861702,133.929131,,,,23638,23637,1,0,0,23638,AxisTarget,1,True,True,True,False,-0.7716,-83.739815,98.986855,-0.170347,74.165649,-0.955099,489.266083,6.760905,697.175598,179.786026,0.426834,179.828461,6475,False,True,11,133,False,
242,/kuka/axis_move/feedback_json,std_msgs/msg/String,2026-08-31T20:35:28.709795-04:00,1788222928,709770420,1788222928709770420,239.908718,,,,23639,23638,1,0,0,23639,AxisTarget,1,True,True,True,False,-0.874066,-82.890419,100.154663,-0.170039,72.249496,-1.054936,493.225159,7.726357,680.933533,179.772385,0.441281,179.829437,6476,False,True,11,133,False,
243,/kuka/axis_move/feedback_json,std_msgs/msg/String,2026-08-31T20:35:28.845625-04:00,1788222928,845607947,1788222928845607947,135.837527,,,,23640,23639,1,0,0,23640,AxisTarget,1,True,True,True,False,-0.889096,-82.771454,100.310539,-0.17,72.013062,-1.0666,493.827576,7.887754,678.227966,179.770111,0.443689,179.829605,6476,False,True,11,133,False,
244,/kuka/axis_move/feedback_json,std_msgs/msg/String,2026-08-31T20:35:29.076748-04:00,1788222929,76737162,1788222929076737162,231.129215,,,,23641,23640,1,0,0,23641,AxisTarget,1,True,True,True,True,-0.8892,-82.770897,100.310997,-0.17,72.013,-1.0666,493.837708,7.890504,678.181885,179.770081,0.44373,179.829605,6477,False,True,11,133,False,
245,/kuka/axis_move/feedback_json,std_msgs/msg/String,2026-08-31T20:35:29.211948-04:00,1788222929,211931656,1788222929211931656,135.194494,,,,23642,23641,1,0,0,23642,AxisTarget,1,True,True,True,False,-0.8892,-82.770897,100.310997,-0.17,72.013,-1.066602,493.837708,7.890504,678.181885,179.770081,0.44373,179.829605,6477,False,True,11,133,False,
246,/kuka/axis_move/feedback_json,std_msgs/msg/String,2026-08-31T20:35:29.337718-04:00,1788222929,337707010,1788222929337707010,125.775354,,,,23643,23642,1,0,0,23643,AxisTarget,1,True,True,True,True,-0.897283,-82.696037,100.425598,-0.169961,71.776779,-1.080175,494.055939,7.950161,677.182861,179.769241,0.44462,179.829681,6477,False,True,11,133,False,
247,/kuka/axis_move/feedback_json,std_msgs/msg/String,2026-08-31T20:35:29.463415-04:00,1788222929,463398332,1788222929463398332,125.691322,,,,23644,23643,1,0,0,23644,AxisTarget,1,True,True,True,False,-0.947294,-82.264854,101.042114,-0.169764,70.659119,-1.140622,495.500854,8.362066,670.293213,179.763519,0.450758,179.83017,6477,False,True,11,133,False,
248,/kuka/axis_move/feedback_json,std_msgs/msg/String,2026-08-31T20:35:29.691425-04:00,1788222929,691410810,1788222929691410810,228.012478,,,,23645,23644,1,0,0,23645,AxisTarget,1,True,True,True,False,-1.051713,-81.39566,102.242691,-0.169389,68.600456,-1.248379,498.531494,9.349606,653.821289,179.749893,0.465464,179.831482,6478,False,True,11,133,False,
249,/kuka/axis_move/feedback_json,std_msgs/msg/String,2026-08-31T20:35:29.818016-04:00,1788222929,817995629,1788222929817995629,126.584819,,,,23646,23645,1,0,0,23646,AxisTarget,1,True,True,True,False,-1.078298,-81.177475,102.53569,-0.169305,68.155914,-1.270911,499.227905,9.609137,649.500061,179.746323,0.469331,179.831848,6478,False,True,11,133,False,
250,/kuka/axis_move/feedback_json,std_msgs/msg/String,2026-08-31T20:35:30.039251-04:00,1788222930,39242416,1788222930039242416,221.246787,,,,23647,23646,1,0,0,23647,AxisTarget,1,True,True,True,True,-1.0809,-81.161293,102.554832,-0.1693,68.13269,-1.271934,499.308289,9.640118,648.984314,179.745911,0.469793,179.831894,6479,False,True,11,133,False,
251,/kuka/axis_move/feedback_json,std_msgs/msg/String,2026-08-31T20:35:30.167576-04:00,1788222930,167565610,1788222930167565610,128.323194,,,,23648,23647,1,0,0,23648,AxisTarget,1,True,True,True,False,-1.093986,-81.042282,102.733902,-0.16924,67.775009,-1.292191,499.544281,9.732369,647.448181,179.744629,0.471169,179.832031,6479,False,True,11,133,False,
252,/kuka/axis_move/feedback_json,std_msgs/msg/String,2026-08-31T20:35:30.294850-04:00,1788222930,294833391,1788222930294833391,127.267781,,,,23649,23648,1,0,0,23649,AxisTarget,1,True,True,True,False,-1.147397,-80.583885,103.385941,-0.169033,66.605263,-1.355121,500.628906,10.185906,639.898621,179.738403,0.477943,179.832703,6479,False,True,11,133,False,
253,/kuka/axis_move/feedback_json,std_msgs/msg/String,2026-08-31T20:35:30.427180-04:00,1788222930,427171760,1788222930427171760,132.338369,,,,23650,23649,1,0,0,23650,AxisTarget,1,True,True,True,False,-1.211934,-80.045082,104.132042,-0.168795,65.298584,-1.423707,501.897949,10.799748,629.683594,179.72998,0.487136,179.833679,6479,False,True,11,133,False,
254,/kuka/axis_move/feedback_json,std_msgs/msg/String,2026-08-31T20:35:30.650930-04:00,1788222930,650921653,1788222930650921653,223.749893,,,,23651,23650,1,0,0,23651,AxisTarget,1,True,True,True,False,-1.271661,-79.557312,104.792473,-0.168601,64.259071,-1.476967,502.871155,11.369124,620.205383,179.722198,0.495698,179.834641,6480,False,True,11,133,False,
255,/kuka/axis_move/feedback_json,std_msgs/msg/String,2026-08-31T20:35:30.783726-04:00,1788222930,783717386,1788222930783717386,132.795733,,,,23652,23651,1,0,0,23652,AxisTarget,1,True,True,True,False,-1.2725,-79.551697,104.798599,-0.1686,64.252998,-1.4772,502.892151,11.382817,619.977356,179.722,0.495904,179.834656,6480,False,True,11,133,False,
256,/kuka/axis_move/feedback_json,std_msgs/msg/String,2026-08-31T20:35:31.003295-04:00,1788222931,3287504,1788222931003287504,219.570118,,,,23653,23652,1,0,0,23653,AxisTarget,1,True,True,True,True,-1.2725,-79.551697,104.798599,-0.1686,64.252998,-1.4772,502.892151,11.382817,619.977356,179.722,0.495904,179.834656,6481,False,True,11,133,False,
257,/kuka/axis_move/feedback_json,std_msgs/msg/String,2026-08-31T20:35:31.131677-04:00,1788222931,131672157,1788222931131672157,128.384653,,,,23654,23653,1,0,0,23654,AxisTarget,1,True,True,True,True,-1.274773,-79.529022,104.835747,-0.168588,64.166779,-1.482417,502.913544,11.396869,619.743469,179.721817,0.496115,179.834686,6481,False,True,11,133,False,
258,/kuka/axis_move/feedback_json,std_msgs/msg/String,2026-08-31T20:35:31.263988-04:00,1788222931,263982103,1788222931263982103,132.309946,,,,23655,23654,1,0,0,23655,AxisTarget,1,True,True,True,False,-1.313141,-79.194183,105.320168,-0.168454,63.268417,-1.531533,503.346191,11.699934,614.697815,179.717697,0.500668,179.835205,6481,False,True,11,133,False,
259,/kuka/axis_move/feedback_json,std_msgs/msg/String,2026-08-31T20:35:31.392699-04:00,1788222931,392693732,1788222931392693732,128.711629,,,,23656,23655,1,0,0,23656,AxisTarget,1,True,True,True,False,-1.38185,-78.616463,106.125977,-0.168237,61.876633,-1.605037,504.068237,12.330946,604.179321,179.709122,0.510195,179.836334,6481,False,True,11,133,False,
260,/kuka/axis_move/feedback_json,std_msgs/msg/String,2026-08-31T20:35:31.623631-04:00,1788222931,623609922,1788222931623609922,230.91619,,,,23657,23656,1,0,0,23657,AxisTarget,1,True,True,True,False,-1.458729,-77.983818,106.989731,-0.168009,60.438988,-1.679349,504.591339,13.044047,592.262024,179.699432,0.521053,179.837692,6482,False,True,11,133,False,
261,/kuka/axis_move/feedback_json,std_msgs/msg/String,2026-08-31T20:35:31.751020-04:00,1788222931,751011034,1788222931751011034,127.401112,,,,23658,23657,1,0,0,23658,AxisTarget,1,True,True,True,False,-1.4635,-77.947998,107.034103,-0.168,60.387402,-1.6817,504.617279,13.096189,591.389038,179.698715,0.521851,179.837799,6482,False,True,11,133,False,
262,/kuka/axis_move/feedback_json,std_msgs/msg/String,2026-08-31T20:35:31.966931-04:00,1788222931,966892851,1788222931966892851,215.881817,,,,23659,23658,1,0,0,23659,AxisTarget,1,True,True,True,True,-1.4635,-77.947998,107.034103,-0.168,60.387402,-1.6817,504.617279,13.096189,591.389038,179.698715,0.521851,179.837799,6483,False,True,11,133,False,
263,/kuka/axis_move/feedback_json,std_msgs/msg/String,2026-08-31T20:35:32.095493-04:00,1788222932,95486027,1788222932095486027,128.593176,,,,23660,23659,1,0,0,23660,AxisTarget,1,True,True,True,True,-1.463516,-77.947716,107.034821,-0.168,60.384163,-1.681954,504.617279,13.096211,591.388672,179.698715,0.521852,179.837799,6483,False,True,11,133,False,
264,/kuka/axis_move/feedback_json,std_msgs/msg/String,2026-08-31T20:35:32.227325-04:00,1788222932,227308903,1788222932227308903,131.822876,,,,23661,23660,1,0,0,23661,AxisTarget,1,True,True,True,False,-1.480981,-77.790413,107.269379,-0.167925,59.893963,-1.709444,504.675995,13.229643,589.153381,179.696899,0.523902,179.838058,6483,False,True,11,133,False,
265,/kuka/axis_move/feedback_json,std_msgs/msg/String,2026-08-31T20:35:32.354507-04:00,1788222932,354482006,1788222932354482006,127.173103,,,,23662,23661,1,0,0,23662,AxisTarget,1,True,True,True,False,-1.544243,-77.251671,108.030197,-0.167694,58.578129,-1.779731,504.798615,13.750746,580.406311,179.689774,0.531952,179.839157,6483,False,True,11,133,False,
266,/kuka/axis_move/feedback_json,std_msgs/msg/String,2026-08-31T20:35:32.571368-04:00,1788222932,571353235,1788222932571353235,216.871229,,,,23663,23662,1,0,0,23663,AxisTarget,1,True,True,True,False,-1.62667,-76.572266,108.959427,-0.167421,57.033981,-1.859779,504.666229,14.515405,567.512512,179.679276,0.543907,179.840836,6484,False,True,11,133,False,
267,/kuka/axis_move/feedback_json,std_msgs/msg/String,2026-08-31T20:35:32.695805-04:00,1788222932,695788479,1788222932695788479,124.435244,,,,23664,23663,1,0,0,23664,AxisTarget,1,True,True,True,False,-1.6347,-76.51049,109.038002,-0.1674,56.922298,-1.8651,504.629608,14.597338,566.12616,179.678162,0.545199,179.841019,6484,False,True,11,133,False,
268,/kuka/axis_move/feedback_json,std_msgs/msg/String,2026-08-31T20:35:32.920423-04:00,1788222932,920407316,1788222932920407316,224.618837,,,,23665,23664,1,0,0,23665,AxisTarget,1,True,True,True,True,-1.6347,-76.510498,109.038002,-0.1674,56.922298,-1.8651,504.629578,14.597375,566.125488,179.678162,0.5452,179.841019,6485,False,True,11,133,False,
269,/kuka/axis_move/feedback_json,std_msgs/msg/String,2026-08-31T20:35:33.046909-04:00,1788222933,46903372,1788222933046903372,126.496056,,,,23666,23665,1,0,0,23666,AxisTarget,1,True,True,True,True,-1.6347,-76.510498,109.03801,-0.1674,56.922153,-1.865118,504.629578,14.597375,566.125488,179.678162,0.5452,179.841019,6485,False,True,11,133,False,
270,/kuka/axis_move/feedback_json,std_msgs/msg/String,2026-08-31T20:35:33.173492-04:00,1788222933,173474284,1788222933173474284,126.570912,,,,23667,23666,1,0,0,23667,AxisTarget,1,True,True,True,False,-1.646826,-76.399467,109.206093,-0.167346,56.582623,-1.884444,504.585754,14.684608,564.647461,179.676956,0.54658,179.841232,6485,False,True,11,133,False,
271,/kuka/axis_move/feedback_json,std_msgs/msg/String,2026-08-31T20:35:33.299478-04:00,1788222933,299449461,1788222933299449461,125.975177,,,,23668,23667,1,0,0,23668,AxisTarget,1,True,True,True,False,-1.700693,-75.938553,109.859428,-0.167147,55.419628,-1.946734,504.284241,15.128757,557.102661,179.670822,0.553649,179.84227,6485,False,True,11,133,False,
272,/kuka/axis_move/feedback_json,std_msgs/msg/String,2026-08-31T20:35:33.515250-04:00,1788222933,515241354,1788222933515241354,215.791893,,,,23669,23668,1,0,0,23669,AxisTarget,1,True,True,True,False,-1.772933,-75.344872,110.673492,-0.16691,54.078377,-2.015919,503.615814,15.767975,546.182068,179.661942,0.56396,179.843842,6486,False,True,11,133,False,
273,/kuka/axis_move/feedback_json,std_msgs/msg/String,2026-08-31T20:35:33.638949-04:00,1788222933,638942667,1788222933638942667,123.701313,,,,23670,23669,1,0,0,23670,AxisTarget,1,True,True,True,False,-1.7775,-75.310699,110.710503,-0.1669,54.030201,-2.0181,503.554657,15.815598,545.365173,179.66127,0.564735,179.843964,6486,False,True,11,133,False,
274,/kuka/axis_move/feedback_json,std_msgs/msg/String,2026-08-31T20:35:33.862482-04:00,1788222933,862474344,1788222933862474344,223.531677,,,,23671,23670,1,0,0,23671,AxisTarget,1,True,True,True,True,-1.7775,-75.310699,110.710503,-0.1669,54.030201,-2.0181,503.554657,15.815598,545.365173,179.66127,0.564735,179.843964,6487,False,True,11,133,False,
275,/kuka/axis_move/feedback_json,std_msgs/msg/String,2026-08-31T20:35:33.986868-04:00,1788222933,986843964,1788222933986843964,124.36962,,,,23672,23671,1,0,0,23672,AxisTarget,1,True,True,True,True,-1.777517,-75.310402,110.711258,-0.1669,54.026783,-2.018368,503.554626,15.815619,545.364807,179.66127,0.564735,179.843964,6487,False,True,11,133,False,
276,/kuka/axis_move/feedback_json,std_msgs/msg/String,2026-08-31T20:35:34.116774-04:00,1788222934,116766461,1788222934116766461,129.922497,,,,23673,23672,1,0,0,23673,AxisTarget,1,True,True,True,False,-1.794681,-75.155434,110.942909,-0.166826,53.570122,-2.04406,503.388977,15.938984,543.248291,179.659561,0.566751,179.844284,6487,False,True,11,133,False,
277,/kuka/axis_move/feedback_json,std_msgs/msg/String,2026-08-31T20:35:34.246834-04:00,1788222934,246828273,1788222934246828273,130.061812,,,,23674,23673,1,0,0,23674,AxisTarget,1,True,True,True,False,-1.850209,-74.68692,111.598351,-0.16663,52.403828,-2.105686,502.682892,16.394653,535.40094,179.653229,0.574259,179.845459,6487,False,True,11,133,False,
278,/kuka/axis_move/feedback_json,std_msgs/msg/String,2026-08-31T20:35:34.481128-04:00,1788222934,481122012,1788222934481122012,234.293739,,,,23675,23674,1,0,0,23675,AxisTarget,1,True,True,True,False,-1.892101,-74.348595,112.051704,-0.1665,51.710999,-2.1408,501.995087,16.766075,528.967346,179.648026,0.580457,179.846466,6488,False,True,11,133,False,
279,/kuka/axis_move/feedback_json,std_msgs/msg/String,2026-08-31T20:35:34.611150-04:00,1788222934,611138091,1788222934611138091,130.016079,,,,23676,23675,1,0,0,23676,AxisTarget,1,True,True,True,False,-1.8921,-74.348602,112.051697,-0.1665,51.710999,-2.1408,501.994904,16.766165,528.965759,179.648026,0.580458,179.846466,6488,False,True,11,133,False,
280,/kuka/axis_move/feedback_json,std_msgs/msg/String,2026-08-31T20:35:34.839373-04:00,1788222934,839361528,1788222934839361528,228.223437,,,,23677,23676,1,0,0,23677,AxisTarget,1,True,True,True,True,-1.8921,-74.348602,112.051704,-0.1665,51.710846,-2.140819,501.994904,16.766165,528.965759,179.648026,0.580458,179.846466,6489,False,True,11,133,False,
281,/kuka/axis_move/feedback_json,std_msgs/msg/String,2026-08-31T20:35:34.965124-04:00,1788222934,965110099,1788222934965110099,125.748571,,,,23678,23677,1,0,0,23678,AxisTarget,1,True,True,True,False,-1.904743,-74.222862,112.241447,-0.166439,51.329754,-2.162459,501.820801,16.852135,527.469971,179.646805,0.581906,179.84671,6489,False,True,11,133,False,
282,/kuka/axis_move/feedback_json,std_msgs/msg/String,2026-08-31T20:35:35.095780-04:00,1788222935,95761568,1788222935095761568,130.651469,,,,23679,23678,1,0,0,23679,AxisTarget,1,True,True,True,False,-1.953566,-73.821732,112.800163,-0.166274,50.370136,-2.212934,500.979828,17.233614,520.807495,179.641357,0.588383,179.847778,6489,False,True,11,133,False,
283,/kuka/axis_move/feedback_json,std_msgs/msg/String,2026-08-31T20:35:35.223852-04:00,1788222935,223831607,1788222935223831607,128.070039,,,,23680,23679,1,0,0,23680,AxisTarget,1,True,True,True,False,-1.977175,-73.631859,113.052986,-0.166202,49.97364,-2.23285,500.452271,17.449911,517.010803,179.63826,0.592094,179.848404,6489,False,True,11,133,False,
284,/kuka/axis_move/feedback_json,std_msgs/msg/String,2026-08-31T20:35:35.450718-04:00,1788222935,450706998,1788222935450706998,226.875391,,,,23681,23680,1,0,0,23681,AxisTarget,1,True,True,True,False,-1.9783,-73.624199,113.061501,-0.1662,49.964802,-2.2332,500.419037,17.463043,516.779785,179.638077,0.592321,179.848434,6490,False,True,11,133,False,
285,/kuka/axis_move/feedback_json,std_msgs/msg/String,2026-08-31T20:35:35.577985-04:00,1788222935,577971910,1788222935577971910,127.264912,,,,23682,23681,1,0,0,23682,AxisTarget,1,True,True,True,True,-1.978807,-73.618515,113.071831,-0.166196,49.936188,-2.23507,500.413788,17.465113,516.743408,179.638046,0.592357,179.84845,6490,False,True,11,133,False,
286,/kuka/axis_move/feedback_json,std_msgs/msg/String,2026-08-31T20:35:35.710428-04:00,1788222935,710422883,1788222935710422883,132.450973,,,,23683,23682,1,0,0,23683,AxisTarget,1,True,True,True,False,-2.006653,-73.37513,113.424034,-0.166089,49.286465,-2.270417,499.914032,17.656507,513.375977,179.635315,0.595682,179.848999,6490,False,True,11,133,False,
287,/kuka/axis_move/feedback_json,std_msgs/msg/String,2026-08-31T20:35:35.935456-04:00,1788222935,935450236,1788222935935450236,225.027353,,,,23684,23683,1,0,0,23684,AxisTarget,1,True,True,True,False,-2.0363,-73.137497,113.739998,-0.166,48.7915,-2.2953,499.169495,17.922508,508.675751,179.631516,0.600345,179.849792,6491,False,True,11,133,False,
288,/kuka/axis_move/feedback_json,std_msgs/msg/String,2026-08-31T20:35:36.063966-04:00,1788222936,63939578,1788222936063939578,128.489342,,,,23685,23684,1,0,0,23685,AxisTarget,1,True,True,True,True,-2.0363,-73.137497,113.739998,-0.166,48.7915,-2.2953,499.169495,17.922508,508.67572,179.631516,0.600345,179.849792,6491,False,True,11,133,False,
289,/kuka/axis_move/feedback_json,std_msgs/msg/String,2026-08-31T20:35:36.279112-04:00,1788222936,279100036,1788222936279100036,215.160458,,,,23686,23685,1,0,0,23686,AxisTarget,1,True,True,True,False,-2.0363,-73.137497,113.739998,-0.166,48.7915,-2.2953,499.169495,17.922508,508.67572,179.631516,0.600345,179.849792,6492,False,True,11,133,False,
290,/kuka/axis_move/feedback_json,std_msgs/msg/String,2026-08-31T20:35:36.411301-04:00,1788222936,411264536,1788222936411264536,132.1645,,,,23687,23686,1,0,0,23687,AxisTarget,1,True,True,True,True,-2.036476,-73.1353,113.744347,-0.165998,48.773491,-2.296515,499.167969,17.923035,508.666382,179.6315,0.600354,179.849792,6492,False,True,11,133,False,
291,/kuka/axis_move/feedback_json,std_msgs/msg/String,2026-08-31T20:35:36.539765-04:00,1788222936,539759236,1788222936539759236,128.4947,,,,23688,23687,1,0,0,23688,AxisTarget,1,True,True,True,False,-2.057226,-72.955338,114.001961,-0.165922,48.312687,-2.321216,498.716736,18.074278,505.97464,179.629318,0.602941,179.850266,6492,False,True,11,133,False,
292,/kuka/axis_move/feedback_json,std_msgs/msg/String,2026-08-31T20:35:36.665109-04:00,1788222936,665103194,1788222936665103194,125.343958,,,,23689,23688,1,0,0,23689,AxisTarget,1,True,True,True,False,-2.065901,-72.88839,114.087196,-0.1659,48.1912,-2.327,498.471497,18.153826,504.555573,179.628174,0.604308,179.85051,6492,False,True,11,133,False,
293,/kuka/axis_move/feedback_json,std_msgs/msg/String,2026-08-31T20:35:36.887602-04:00,1788222936,887564078,1788222936887564078,222.460884,,,,23690,23689,1,0,0,23690,AxisTarget,1,True,True,True,False,-2.0659,-72.888397,114.087196,-0.1659,48.1912,-2.327,498.471497,18.15383,504.555511,179.628174,0.604309,179.85051,6493,False,True,11,133,False,
294,/kuka/axis_move/feedback_json,std_msgs/msg/String,2026-08-31T20:35:37.015091-04:00,1788222937,15060671,1788222937015060671,127.496593,,,,23691,23690,1,0,0,23691,AxisTarget,1,True,True,True,True,-2.069492,-72.857368,114.132034,-0.1659,48.109787,-2.331434,498.39978,18.177103,504.147064,179.627838,0.604718,179.850571,6493,False,True,11,133,False,
295,/kuka/axis_move/feedback_json,std_msgs/msg/String,2026-08-31T20:35:37.234837-04:00,1788222937,234824129,1788222937234824129,219.763458,,,,23692,23691,1,0,0,23692,AxisTarget,1,True,True,True,False,-2.0702,-72.852798,114.136902,-0.1659,48.105301,-2.3316,498.368134,18.187321,503.967682,179.627686,0.604898,179.850601,6494,False,True,11,133,False,
296,/kuka/axis_move/feedback_json,std_msgs/msg/String,2026-08-31T20:35:37.360168-04:00,1788222937,360158616,1788222937360158616,125.334487,,,,23693,23692,1,0,0,23693,AxisTarget,1,True,True,True,True,-2.0702,-72.852798,114.136902,-0.1659,48.105301,-2.3316,498.368134,18.187321,503.967682,179.627686,0.604898,179.850601,6494,False,True,11,133,False,
297,/kuka/axis_move/feedback_json,std_msgs/msg/String,2026-08-31T20:35:37.583995-04:00,1788222937,583984680,1788222937583984680,223.826064,,,,23694,23693,1,0,0,23694,AxisTarget,1,True,True,True,False,-2.0702,-72.852798,114.136902,-0.1659,48.105301,-2.3316,498.368134,18.187321,503.967682,179.627686,0.604898,179.850601,6495,False,True,11,133,False,
298,/kuka/axis_move/feedback_json,std_msgs/msg/String,2026-08-31T20:35:37.708308-04:00,1788222937,708295741,1788222937708295741,124.311061,,,,23695,23694,1,0,0,23695,AxisTarget,1,True,True,True,True,-2.071051,-72.826172,114.15519,-0.164572,48.044365,-2.331482,498.377075,18.192266,503.770721,179.628723,0.604544,179.851151,6495,False,True,11,133,False,
299,/kuka/axis_move/feedback_json,std_msgs/msg/String,2026-08-31T20:35:37.934425-04:00,1788222937,934413092,1788222937934413092,226.117351,,,,23696,23695,1,0,0,23696,AxisTarget,1,True,True,True,False,-2.0769,-72.671303,114.246002,-0.1589,47.818802,-2.3311,498.460632,18.241007,501.825867,179.638977,0.601051,179.856552,6496,False,True,11,133,False,
300,/kuka/axis_move/feedback_json,std_msgs/msg/String,2026-08-31T20:35:38.063149-04:00,1788222938,63141524,1788222938063141524,128.728432,,,,23697,23696,1,0,0,23697,AxisTarget,1,True,True,True,True,-2.0769,-72.671295,114.246017,-0.158898,47.818668,-2.3311,498.460632,18.241007,501.825897,179.638977,0.601051,179.856552,6496,False,True,11,133,False,
301,/kuka/axis_move/feedback_json,std_msgs/msg/String,2026-08-31T20:35:38.191187-04:00,1788222938,191170980,1788222938191170980,128.029456,,,,23698,23697,1,0,0,23698,AxisTarget,1,True,True,True,False,-2.077683,-72.648407,114.260826,-0.157894,47.774036,-2.331028,498.468536,18.245895,501.630707,179.639999,0.600696,179.857086,6496,False,True,11,133,False,
302,/kuka/axis_move/feedback_json,std_msgs/msg/String,2026-08-31T20:35:38.319120-04:00,1788222938,319108319,1788222938319108319,127.937339,,,,23699,23698,1,0,0,23699,AxisTarget,1,True,True,True,False,-2.080898,-72.559204,114.318138,-0.154187,47.616657,-2.330784,498.507538,18.270767,500.636719,179.645187,0.59889,179.859802,6496,False,True,11,133,False,
303,/kuka/axis_move/feedback_json,std_msgs/msg/String,2026-08-31T20:35:38.535788-04:00,1788222938,535782574,1788222938535782574,216.674255,,,,23700,23699,1,0,0,23700,AxisTarget,1,True,True,True,False,-2.090488,-72.298538,114.473,-0.144372,47.208389,-2.330166,498.613281,18.346407,497.60141,179.661163,0.593366,179.868057,6497,False,True,11,133,False,
304,/kuka/axis_move/feedback_json,std_msgs/msg/String,2026-08-31T20:35:38.666068-04:00,1788222938,666057104,1788222938666057104,130.27453,,,,23701,23700,1,0,0,23701,AxisTarget,1,True,True,True,False,-2.094841,-72.182632,114.54306,-0.140022,47.03112,-2.329903,498.65625,18.381956,496.168335,179.668747,0.590753,179.871918,6497,False,True,11,133,False,
305,/kuka/axis_move/feedback_json,std_msgs/msg/String,2026-08-31T20:35:38.887577-04:00,1788222938,887571042,1788222938887571042,221.513938,,,,23702,23701,1,0,0,23702,AxisTarget,1,True,True,True,False,-2.097,-72.1269,114.573402,-0.1382,46.9594,-2.3298,498.677063,18.400637,495.413635,179.672745,0.589376,179.873947,6498,False,True,11,133,False,
306,/kuka/axis_move/feedback_json,std_msgs/msg/String,2026-08-31T20:35:39.012454-04:00,1788222939,12436763,1788222939012436763,124.865721,,,,23703,23702,1,0,0,23703,AxisTarget,1,True,True,True,True,-2.097,-72.126892,114.573418,-0.138198,46.959263,-2.3298,498.677063,18.400637,495.413635,179.672745,0.589376,179.873947,6498,False,True,11,133,False,
307,/kuka/axis_move/feedback_json,std_msgs/msg/String,2026-08-31T20:35:39.138597-04:00,1788222939,138579197,1788222939138579197,126.142434,,,,23704,23703,1,0,0,23704,AxisTarget,1,True,True,True,False,-2.09747,-72.113167,114.582298,-0.137596,46.932541,-2.329758,498.680176,18.403524,495.296906,179.67337,0.589166,179.874268,6498,False,True,11,133,False,
308,/kuka/axis_move/feedback_json,std_msgs/msg/String,2026-08-31T20:35:39.266473-04:00,1788222939,266455442,1788222939266455442,127.876245,,,,23705,23704,1,0,0,23705,AxisTarget,1,True,True,True,False,-2.099315,-72.061951,114.613846,-0.135464,46.841991,-2.329622,498.694946,18.417585,494.727966,179.676392,0.588142,179.875793,6498,False,True,11,133,False,
309,/kuka/axis_move/feedback_json,std_msgs/msg/String,2026-08-31T20:35:39.490649-04:00,1788222939,490638205,1788222939490638205,224.182763,,,,23706,23705,1,0,0,23706,AxisTarget,1,True,True,True,False,-2.106414,-71.867432,114.732201,-0.127984,46.527885,-2.329156,498.745453,18.47193,492.522888,179.688156,0.584167,179.881683,6499,False,True,11,133,False,
310,/kuka/axis_move/feedback_json,std_msgs/msg/String,2026-08-31T20:35:39.623668-04:00,1788222939,623641597,1788222939623641597,133.003392,,,,23707,23706,1,0,0,23707,AxisTarget,1,True,True,True,False,-2.112135,-71.712128,114.825813,-0.122052,46.281197,-2.328794,498.778961,18.516298,490.714996,179.697845,0.580903,179.886475,6499,False,True,11,133,False,
311,/kuka/axis_move/feedback_json,std_msgs/msg/String,2026-08-31T20:35:39.746515-04:00,1788222939,746505183,1788222939746505183,122.863586,,,,23708,23707,1,0,0,23708,AxisTarget,1,True,True,True,False,-2.118129,-71.549805,114.923424,-0.115881,46.025002,-2.328419,498.805786,18.561422,488.869202,179.707794,0.577566,179.891342,6499,False,True,11,133,False,
312,/kuka/axis_move/feedback_json,std_msgs/msg/String,2026-08-31T20:35:39.874843-04:00,1788222939,874827331,1788222939874827331,128.322148,,,,23709,23708,1,0,0,23709,AxisTarget,1,True,True,True,False,-2.123306,-71.410606,115.006531,-0.110666,45.810211,-2.328106,498.824097,18.603352,487.1474,179.717117,0.574448,179.895859,6499,False,True,11,133,False,
313,/kuka/axis_move/feedback_json,std_msgs/msg/String,2026-08-31T20:35:40.095240-04:00,1788222940,95229645,1788222940095229645,220.402314,,,,23710,23709,1,0,0,23710,AxisTarget,1,True,True,True,False,-2.129145,-71.254715,115.098938,-0.104908,45.57468,-2.327766,498.8367,18.649006,485.265411,179.727356,0.571036,179.900757,6500,False,True,11,133,False,
314,/kuka/axis_move/feedback_json,std_msgs/msg/String,2026-08-31T20:35:40.219308-04:00,1788222940,219285561,1788222940219285561,124.055916,,,,23711,23710,1,0,0,23711,AxisTarget,1,True,True,True,False,-2.130385,-71.222366,115.117645,-0.103772,45.52948,-2.327703,498.838562,18.659723,484.82251,179.729767,0.570232,179.901917,6500,False,True,11,133,False,
315,/kuka/axis_move/feedback_json,std_msgs/msg/String,2026-08-31T20:35:40.346722-04:00,1788222940,346704318,1788222940346704318,127.418757,,,,23712,23711,1,0,0,23712,AxisTarget,1,True,True,True,False,-2.1305,-71.219704,115.119003,-0.1037,45.527,-2.3277,498.838715,18.660885,484.774414,179.730026,0.570144,179.902039,6500,False,True,11,133,False,
316,/kuka/axis_move/feedback_json,std_msgs/msg/String,2026-08-31T20:35:40.476079-04:00,1788222940,476057573,1788222940476057573,129.353255,,,,23713,23712,1,0,0,23713,AxisTarget,1,True,True,True,True,-2.130504,-71.219559,115.119125,-0.103689,45.526405,-2.327699,498.838715,18.660896,484.773987,179.730042,0.570143,179.902039,6500,False,True,11,133,False,
317,/kuka/axis_move/feedback_json,std_msgs/msg/String,2026-08-31T20:35:40.706434-04:00,1788222940,706411948,1788222940706411948,230.354375,,,,23714,23713,1,0,0,23714,AxisTarget,1,True,True,True,False,-2.132229,-71.171234,115.149162,-0.101723,45.442383,-2.327564,498.84021,18.672762,484.282959,179.732727,0.569245,179.90332,6501,False,True,11,133,False,
318,/kuka/axis_move/feedback_json,std_msgs/msg/String,2026-08-31T20:35:40.830734-04:00,1788222940,830703274,1788222940830703274,124.291326,,,,23715,23714,1,0,0,23715,AxisTarget,1,True,True,True,False,-2.134711,-71.103134,115.190674,-0.099056,45.330502,-2.327387,498.841431,18.690931,483.530182,179.736862,0.567868,179.905258,6501,False,True,11,133,False,
319,/kuka/axis_move/feedback_json,std_msgs/msg/String,2026-08-31T20:35:40.954957-04:00,1788222940,954944849,1788222940954944849,124.241575,,,,23716,23715,1,0,0,23716,AxisTarget,1,True,True,True,False,-2.138027,-71.012474,115.245712,-0.095533,45.183273,-2.327155,498.841095,18.716412,482.47229,179.742691,0.56593,179.908005,6501,False,True,11,133,False,
320,/kuka/axis_move/feedback_json,std_msgs/msg/String,2026-08-31T20:35:41.184263-04:00,1788222941,184257539,1788222941184257539,229.31269,,,,23717,23716,1,0,0,23717,AxisTarget,1,True,True,True,False,-2.146764,-70.77449,115.389709,-0.086162,44.79306,-2.326543,498.829254,18.780407,479.804291,179.757446,0.561036,179.914841,6502,False,True,11,133,False,
321,/kuka/axis_move/feedback_json,std_msgs/msg/String,2026-08-31T20:35:41.308991-04:00,1788222941,308983243,1788222941308983243,124.725704,,,,23718,23717,1,0,0,23718,AxisTarget,1,True,True,True,False,-2.15276,-70.612144,115.487343,-0.08016,44.544518,-2.326155,498.81073,18.826895,477.856079,179.768295,0.557455,179.919815,6502,False,True,11,133,False,
322,/kuka/axis_move/feedback_json,std_msgs/msg/String,2026-08-31T20:35:41.435813-04:00,1788222941,435802405,1788222941435802405,126.819162,,,,23719,23718,1,0,0,23719,AxisTarget,1,True,True,True,False,-2.158393,-70.459641,115.579056,-0.074345,44.303745,-2.32578,498.786591,18.869076,476.08078,179.778229,0.554187,179.924301,6502,False,True,11,133,False,
323,/kuka/axis_move/feedback_json,std_msgs/msg/String,2026-08-31T20:35:41.564558-04:00,1788222941,564552948,1788222941564552948,128.750543,,,,23720,23719,1,0,0,23720,AxisTarget,1,True,True,True,False,-2.164078,-70.30616,115.671074,-0.06853,44.063812,-2.325407,498.756042,18.910397,474.334625,179.788025,0.550967,179.92868,6502,False,True,11,133,False,
324,/kuka/axis_move/feedback_json,std_msgs/msg/String,2026-08-31T20:35:41.792316-04:00,1788222941,792308786,1788222941792308786,227.755838,,,,23721,23720,1,0,0,23721,AxisTarget,1,True,True,True,False,-2.171801,-70.098717,115.794846,-0.060746,43.739811,-2.324906,498.700104,18.969715,471.815369,179.802261,0.546312,179.934967,6503,False,True,11,133,False,
325,/kuka/axis_move/feedback_json,std_msgs/msg/String,2026-08-31T20:35:41.921771-04:00,1788222941,921759775,1788222941921759775,129.450989,,,,23722,23721,1,0,0,23722,AxisTarget,1,True,True,True,False,-2.17469,-70.021446,115.840736,-0.057872,43.626617,-2.324732,498.675934,18.99151,470.885895,179.807541,0.544591,179.937271,6503,False,True,11,133,False,
326,/kuka/axis_move/feedback_json,std_msgs/msg/String,2026-08-31T20:35:42.139976-04:00,1788222942,139970829,1788222942139970829,218.211054,,,,23723,23722,1,0,0,23723,AxisTarget,1,True,True,True,False,-2.176928,-69.962456,115.875259,-0.055744,43.540997,-2.324602,498.655334,19.008808,470.14682,179.811737,0.543223,179.939087,6504,False,True,11,133,False,
327,/kuka/axis_move/feedback_json,std_msgs/msg/String,2026-08-31T20:35:42.269665-04:00,1788222942,269654019,1788222942269654019,129.68319,,,,23724,23723,1,0,0,23724,AxisTarget,1,True,True,True,False,-2.177,-69.9608,115.876099,-0.0557,43.539501,-2.3246,498.654449,19.00952,470.116364,179.81192,0.543166,179.939163,6504,False,True,11,133,False,
328,/kuka/axis_move/feedback_json,std_msgs/msg/String,2026-08-31T20:35:42.400924-04:00,1788222942,400915879,1788222942400915879,131.26186,,,,23725,23724,1,0,0,23725,AxisTarget,1,True,True,True,True,-2.177004,-69.96064,115.876282,-0.055684,43.538647,-2.324598,498.654449,19.009531,470.115906,179.81192,0.543165,179.939163,6504,False,True,11,133,False,
329,/kuka/axis_move/feedback_json,std_msgs/msg/String,2026-08-31T20:35:42.529705-04:00,1788222942,529682789,1788222942529682789,128.76691,,,,23726,23725,1,0,0,23726,AxisTarget,1,True,True,True,False,-2.177606,-69.943367,115.887222,-0.054956,43.506813,-2.324548,498.649597,19.013439,469.948914,179.812866,0.542856,179.939575,6504,False,True,11,133,False,
330,/kuka/axis_move/feedback_json,std_msgs/msg/String,2026-08-31T20:35:42.754748-04:00,1788222942,754737502,1788222942754737502,225.054713,,,,23727,23726,1,0,0,23727,AxisTarget,1,True,True,True,False,-2.181645,-69.832291,115.955116,-0.050596,43.322861,-2.324269,498.612305,19.042032,468.725006,179.819839,0.540591,179.942581,6505,False,True,11,133,False,
331,/kuka/axis_move/feedback_json,std_msgs/msg/String,2026-08-31T20:35:42.881718-04:00,1788222942,881707525,1788222942881707525,126.970023,,,,23728,23727,1,0,0,23728,AxisTarget,1,True,True,True,False,-2.185585,-69.724655,116.020454,-0.046427,43.148109,-2.324004,498.573608,19.069221,467.557892,179.826492,0.538429,179.945419,6505,False,True,11,133,False,
332,/kuka/axis_move/feedback_json,std_msgs/msg/String,2026-08-31T20:35:43.007009-04:00,1788222943,6998367,1788222943006998367,125.290842,,,,23729,23728,1,0,0,23729,AxisTarget,1,True,True,True,False,-2.190726,-69.584587,116.105278,-0.041031,42.922489,-2.323664,498.516632,19.10577,465.983734,179.83551,0.535508,179.949234,6505,False,True,11,133,False,
333,/kuka/axis_move/feedback_json,std_msgs/msg/String,2026-08-31T20:35:43.237711-04:00,1788222943,237702402,1788222943237702402,230.704035,,,,23730,23729,1,0,0,23730,AxisTarget,1,True,True,True,False,-2.200896,-69.309334,116.270859,-0.030564,42.487652,-2.323013,498.382477,19.180313,462.753998,179.854126,0.529502,179.956985,6506,False,True,11,133,False,
334,/kuka/axis_move/feedback_json,std_msgs/msg/String,2026-08-31T20:35:43.362495-04:00,1788222943,362486445,1788222943362486445,124.784043,,,,23731,23730,1,0,0,23731,AxisTarget,1,True,True,True,False,-2.206657,-69.153748,116.364243,-0.024676,42.243687,-2.322649,498.300171,19.220413,461.005798,179.864273,0.526242,179.961151,6506,False,True,11,133,False,
335,/kuka/axis_move/feedback_json,std_msgs/msg/String,2026-08-31T20:35:43.493285-04:00,1788222943,493267916,1788222943493267916,130.781471,,,,23732,23731,1,0,0,23732,AxisTarget,1,True,True,True,False,-2.211547,-69.022461,116.442581,-0.019763,42.035736,-2.32234,498.218781,19.256981,459.404694,179.873596,0.523252,179.96492,6506,False,True,11,133,False,
336,/kuka/axis_move/feedback_json,std_msgs/msg/String,2026-08-31T20:35:43.622951-04:00,1788222943,622926720,1788222943622926720,129.658804,,,,23733,23732,1,0,0,23733,AxisTarget,1,True,True,True,False,-2.215233,-68.923737,116.502869,-0.015993,41.886292,-2.322118,498.155609,19.283627,458.233948,179.880432,0.521063,179.967667,6506,False,True,11,133,False,
337,/kuka/axis_move/feedback_json,std_msgs/msg/String,2026-08-31T20:35:43.840382-04:00,1788222943,840376073,1788222943840376073,217.449353,,,,23734,23733,1,0,0,23734,AxisTarget,1,True,True,True,False,-2.218789,-68.829308,116.557068,-0.012634,41.749523,-2.321917,498.09137,19.30941,457.097626,179.8871,0.518935,179.970322,6507,False,True,11,133,False,
338,/kuka/axis_move/feedback_json,std_msgs/msg/String,2026-08-31T20:35:43.965260-04:00,1788222943,965249409,1788222943965249409,124.873336,,,,23735,23734,1,0,0,23735,AxisTarget,1,True,True,True,False,-2.219199,-68.819,116.562798,-0.0123,41.736801,-2.3219,498.082245,19.312977,456.940247,179.888016,0.51864,179.970688,6507,False,True,11,133,False,
339,/kuka/axis_move/feedback_json,std_msgs/msg/String,2026-08-31T20:35:44.091164-04:00,1788222944,91154098,1788222944091154098,125.904689,,,,23736,23735,1,0,0,23736,AxisTarget,1,True,True,True,False,-2.2192,-68.819,116.562798,-0.0123,41.736801,-2.3219,498.082214,19.312986,456.939758,179.888031,0.518639,179.970688,6507,False,True,11,133,False,
340,/kuka/axis_move/feedback_json,std_msgs/msg/String,2026-08-31T20:35:44.219058-04:00,1788222944,219051957,1788222944219051957,127.897859,,,,23737,23736,1,0,0,23737,AxisTarget,1,True,True,True,True,-2.219461,-68.811127,116.568047,-0.011933,41.720112,-2.321872,498.078491,19.314442,456.875519,179.888397,0.51852,179.97084,6507,False,True,11,133,False,
341,/kuka/axis_move/feedback_json,std_msgs/msg/String,2026-08-31T20:35:44.445986-04:00,1788222944,445964548,1788222944445964548,226.912591,,,,23738,23737,1,0,0,23738,AxisTarget,1,True,True,True,False,-2.22391,-68.688156,116.643593,-0.007042,41.513374,-2.321546,498.001923,19.343435,455.593292,179.895966,0.51613,179.973831,6508,False,True,11,133,False,
342,/kuka/axis_move/feedback_json,std_msgs/msg/String,2026-08-31T20:35:44.574690-04:00,1788222944,574679497,1788222944574679497,128.714949,,,,23739,23738,1,0,0,23739,AxisTarget,1,True,True,True,False,-2.228851,-68.553146,116.725594,-0.001791,41.293934,-2.321204,497.905212,19.37809,454.054993,179.905075,0.513259,179.977386,6508,False,True,11,133,False,
343,/kuka/axis_move/feedback_json,std_msgs/msg/String,2026-08-31T20:35:44.702411-04:00,1788222944,702389363,1788222944702389363,127.709866,,,,23740,23739,1,0,0,23740,AxisTarget,1,True,True,True,False,-2.234663,-68.395874,116.820206,0.004209,41.037666,-2.320808,497.78537,19.418419,452.256836,179.915771,0.509897,179.981506,6508,False,True,11,133,False,
344,/kuka/axis_move/feedback_json,std_msgs/msg/String,2026-08-31T20:35:44.933277-04:00,1788222944,933271243,1788222944933271243,230.88188,,,,23741,23740,1,0,0,23741,AxisTarget,1,True,True,True,False,-2.243867,-68.145515,116.969673,0.013615,40.658958,-2.320227,497.577881,19.482704,449.372437,179.933014,0.50449,179.988052,6509,False,True,11,133,False,
345,/kuka/axis_move/feedback_json,std_msgs/msg/String,2026-08-31T20:35:45.061576-04:00,1788222945,61555846,1788222945061555846,128.284603,,,,23742,23741,1,0,0,23742,AxisTarget,1,True,True,True,False,-2.246796,-68.070969,117.013634,0.016348,40.548096,-2.32006,497.506348,19.503508,448.434143,179.93866,0.502728,179.990173,6509,False,True,11,133,False,
346,/kuka/axis_move/feedback_json,std_msgs/msg/String,2026-08-31T20:35:45.285374-04:00,1788222945,285368082,1788222945285368082,223.812236,,,,23743,23742,1,0,0,23743,AxisTarget,1,True,True,True,False,-2.248,-68.0401,117.031197,0.0174,40.507,-2.32,497.474274,19.512632,448.021881,179.941147,0.501953,179.991089,6510,False,True,11,133,False,
347,/kuka/axis_move/feedback_json,std_msgs/msg/String,2026-08-31T20:35:45.416981-04:00,1788222945,416975374,1788222945416975374,131.607292,,,,23744,23743,1,0,0,23744,AxisTarget,1,True,True,True,True,-2.248023,-68.039246,117.031883,0.017456,40.504005,-2.319994,497.473999,19.512707,448.018524,179.941162,0.501947,179.991104,6510,False,True,11,133,False,
348,/kuka/axis_move/feedback_json,std_msgs/msg/String,2026-08-31T20:35:45.546094-04:00,1788222945,546088186,1788222945546088186,129.112812,,,,23745,23744,1,0,0,23745,AxisTarget,1,True,True,True,False,-2.249771,-67.986343,117.065376,0.019679,40.407143,-2.31984,497.436218,19.523319,447.539215,179.944046,0.501029,179.992172,6510,False,True,11,133,False,
349,/kuka/axis_move/feedback_json,std_msgs/msg/String,2026-08-31T20:35:45.674181-04:00,1788222945,674173203,1788222945674173203,128.085017,,,,23746,23745,1,0,0,23746,AxisTarget,1,True,True,True,False,-2.254848,-67.850136,117.148384,0.024987,40.176083,-2.319484,497.313354,19.556768,446.024323,179.953186,0.498126,179.995529,6510,False,True,11,133,False,
350,/kuka/axis_move/feedback_json,std_msgs/msg/String,2026-08-31T20:35:45.893489-04:00,1788222945,893481304,1788222945893481304,219.308101,,,,23747,23746,1,0,0,23747,AxisTarget,1,True,True,True,False,-2.26271,-67.640923,117.272209,0.032678,39.869617,-2.319026,497.10025,19.611391,443.536682,179.968262,0.493347,-179.999008,6511,False,True,11,133,False,
351,/kuka/axis_move/feedback_json,std_msgs/msg/String,2026-08-31T20:35:46.022041-04:00,1788222946,22031733,1788222946022031733,128.550429,,,,23748,23747,1,0,0,23748,AxisTarget,1,True,True,True,False,-2.2634,-67.624001,117.281403,0.0332,39.850201,-2.319,497.077698,19.616943,443.282837,179.969803,0.492859,-179.998444,6511,False,True,11,133,False,
352,/kuka/axis_move/feedback_json,std_msgs/msg/String,2026-08-31T20:35:46.245781-04:00,1788222946,245755216,1788222946245755216,223.723483,,,,23749,23748,1,0,0,23749,AxisTarget,1,True,True,True,True,-2.2634,-67.624001,117.281403,0.0332,39.850201,-2.319,497.077698,19.616943,443.282837,179.969803,0.492859,-179.998444,6512,False,True,11,133,False,
353,/kuka/axis_move/feedback_json,std_msgs/msg/String,2026-08-31T20:35:46.377107-04:00,1788222946,377099375,1788222946377099375,131.344159,,,,23750,23749,1,0,0,23750,AxisTarget,1,True,True,True,True,-2.263407,-67.623634,117.281799,0.033242,39.847473,-2.318993,497.077667,19.616951,443.282532,179.969803,0.492858,-179.998444,6512,False,True,11,133,False,
354,/kuka/axis_move/feedback_json,std_msgs/msg/String,2026-08-31T20:35:46.610710-04:00,1788222946,610699515,1788222946610699515,233.60014,,,,23751,23750,1,0,0,23751,AxisTarget,1,True,True,True,False,-2.2662,-67.548203,117.327003,0.0361,39.730598,-2.3188,496.999939,19.635679,442.421356,179.975082,0.491136,-179.996552,6513,False,True,11,133,False,
355,/kuka/axis_move/feedback_json,std_msgs/msg/String,2026-08-31T20:35:46.739947-04:00,1788222946,739936461,1788222946739936461,129.236946,,,,23752,23751,1,0,0,23752,AxisTarget,1,True,True,True,True,-2.2662,-67.548203,117.327003,0.0361,39.730598,-2.3188,496.999939,19.635679,442.421356,179.975082,0.491136,-179.996552,6513,False,True,11,133,False,
356,/kuka/axis_move/feedback_json,std_msgs/msg/String,2026-08-31T20:35:46.954110-04:00,1788222946,954104855,1788222946954104855,214.168394,,,,23753,23752,1,0,0,23753,AxisTarget,1,True,True,True,False,-2.2662,-67.548203,117.327003,0.0361,39.730598,-2.3188,496.999939,19.635679,442.421356,179.975082,0.491136,-179.996552,6514,False,True,11,133,False,
357,/kuka/axis_move/feedback_json,std_msgs/msg/String,2026-08-31T20:35:47.082045-04:00,1788222947,82035718,1788222947082035718,127.930863,,,,23754,23753,1,0,0,23754,AxisTarget,1,True,True,True,True,-2.265628,-67.536827,117.305252,0.036249,39.742176,-2.318152,497.059296,19.635122,442.423096,179.974976,0.491026,-179.996521,6514,False,True,11,133,False,
358,/kuka/axis_move/feedback_json,std_msgs/msg/String,2026-08-31T20:35:47.306102-04:00,1788222947,306096046,1788222947306096046,224.060328,,,,23755,23754,1,0,0,23755,AxisTarget,1,True,True,True,False,-2.255961,-67.374519,117.04126,0.037797,39.846096,-2.313102,498.838074,19.618036,442.473389,179.971771,0.48773,-179.995224,6515,False,True,11,133,False,
359,/kuka/axis_move/feedback_json,std_msgs/msg/String,2026-08-31T20:35:47.431603-04:00,1788222947,431596673,1788222947431596673,125.500627,,,,23756,23755,1,0,0,23756,AxisTarget,1,True,True,True,False,-2.2559,-67.373802,117.040497,0.0378,39.846199,-2.3131,498.859039,19.61783,442.473969,179.971741,0.487691,-179.995209,6515,False,True,11,133,False,
360,/kuka/axis_move/feedback_json,std_msgs/msg/String,2026-08-31T20:35:47.557907-04:00,1788222947,557901165,1788222947557901165,126.304492,,,,23757,23756,1,0,0,23757,AxisTarget,1,True,True,True,True,-2.25574,-67.370575,117.034264,0.037843,39.849575,-2.312907,498.875061,19.617676,442.474396,179.97171,0.48766,-179.995209,6515,False,True,11,133,False,
361,/kuka/axis_move/feedback_json,std_msgs/msg/String,2026-08-31T20:35:47.690246-04:00,1788222947,690233514,1788222947690233514,132.332349,,,,23758,23757,1,0,0,23758,AxisTarget,1,True,True,True,False,-2.253167,-67.325081,116.956688,0.038344,39.884872,-2.311075,499.306702,19.61348,442.485992,179.970963,0.486826,-179.994888,6515,False,True,11,133,False,
362,/kuka/axis_move/feedback_json,std_msgs/msg/String,2026-08-31T20:35:47.916095-04:00,1788222947,916089417,1788222947916089417,225.855903,,,,23759,23758,1,0,0,23759,AxisTarget,1,True,True,True,False,-2.240932,-67.115005,116.608444,0.040449,40.029266,-2.303769,501.471161,19.59178,442.541901,179.967224,0.482643,-179.993301,6516,False,True,11,133,False,
363,/kuka/axis_move/feedback_json,std_msgs/msg/String,2026-08-31T20:35:48.044696-04:00,1788222948,44680528,1788222948044680528,128.591111,,,,23760,23759,1,0,0,23760,AxisTarget,1,True,True,True,False,-2.232885,-66.978844,116.385994,0.04172,40.115147,-2.299488,502.892212,19.576935,442.57663,179.964752,0.479893,-179.992264,6516,False,True,11,133,False,
364,/kuka/axis_move/feedback_json,std_msgs/msg/String,2026-08-31T20:35:48.262244-04:00,1788222948,262236029,1788222948262236029,217.555501,,,,23761,23760,1,0,0,23761,AxisTarget,1,True,True,True,False,-2.225459,-66.855644,116.187675,0.042867,40.19109,-2.29578,504.336975,19.561354,442.610291,179.962234,0.477093,-179.991196,6517,False,True,11,133,False,
365,/kuka/axis_move/feedback_json,std_msgs/msg/String,2026-08-31T20:35:48.390622-04:00,1788222948,390600927,1788222948390600927,128.364898,,,,23762,23761,1,0,0,23762,AxisTarget,1,True,True,True,False,-2.2251,-66.850304,116.181099,0.0429,40.193001,-2.2957,504.41925,19.560452,442.612152,179.962097,0.476934,-179.991135,6517,False,True,11,133,False,
366,/kuka/axis_move/feedback_json,std_msgs/msg/String,2026-08-31T20:35:48.519519-04:00,1788222948,519513104,1788222948519513104,128.912177,,,,23763,23762,1,0,0,23763,AxisTarget,1,True,True,True,True,-2.225098,-66.850235,116.180916,0.042902,40.193157,-2.295689,504.419373,19.56045,442.612152,179.962097,0.476933,-179.991135,6517,False,True,11,133,False,
367,/kuka/axis_move/feedback_json,std_msgs/msg/String,2026-08-31T20:35:48.649652-04:00,1788222948,649641169,1788222948649641169,130.128065,,,,23764,23763,1,0,0,23764,AxisTarget,1,True,True,True,False,-2.224273,-66.835281,116.153084,0.043075,40.205746,-2.295023,504.548737,19.559032,442.615112,179.961868,0.476685,-179.991043,6517,False,True,11,133,False,
368,/kuka/axis_move/feedback_json,std_msgs/msg/String,2026-08-31T20:35:48.878141-04:00,1788222948,878130876,1788222948878130876,228.489707,,,,23765,23764,1,0,0,23765,AxisTarget,1,True,True,True,False,-2.217924,-66.725426,115.966515,0.044187,40.283539,-2.291058,505.652588,19.546787,442.639801,179.95993,0.474562,-179.990234,6518,False,True,11,133,False,
369,/kuka/axis_move/feedback_json,std_msgs/msg/String,2026-08-31T20:35:49.005758-04:00,1788222949,5753020,1788222949005753020,127.622144,,,,23766,23765,1,0,0,23766,AxisTarget,1,True,True,True,False,-2.211361,-66.61274,115.78447,0.045265,40.358414,-2.287267,506.769989,19.534096,442.663788,179.957977,0.472411,-179.98941,6518,False,True,11,133,False,
370,/kuka/axis_move/feedback_json,std_msgs/msg/String,2026-08-31T20:35:49.132042-04:00,1788222949,132032130,1788222949132032130,126.27911,,,,23767,23766,1,0,0,23767,AxisTarget,1,True,True,True,False,-2.203316,-66.475502,115.558441,0.046594,40.450108,-2.282657,508.200287,19.51742,442.693054,179.95546,0.469655,-179.988373,6518,False,True,11,133,False,
371,/kuka/axis_move/feedback_json,std_msgs/msg/String,2026-08-31T20:35:49.262734-04:00,1788222949,262722658,1788222949262722658,130.690528,,,,23768,23767,1,0,0,23768,AxisTarget,1,True,True,True,False,-2.195064,-66.33519,115.328041,0.047945,40.543095,-2.277992,509.681976,19.49963,442.72168,179.952866,0.466797,-179.987274,6518,False,True,11,133,False,
372,/kuka/axis_move/feedback_json,std_msgs/msg/String,2026-08-31T20:35:49.490695-04:00,1788222949,490683371,1788222949490683371,227.960713,,,,23769,23768,1,0,0,23769,AxisTarget,1,True,True,True,False,-2.182009,-66.114563,114.968063,0.050042,40.686459,-2.270755,512.096497,19.469517,442.764618,179.948593,0.462131,-179.985474,6519,False,True,11,133,False,
373,/kuka/axis_move/feedback_json,std_msgs/msg/String,2026-08-31T20:35:49.618618-04:00,1788222949,618604527,1788222949618604527,127.921156,,,,23770,23769,1,0,0,23770,AxisTarget,1,True,True,True,False,-2.177294,-66.035454,114.83989,0.050783,40.736782,-2.268361,512.962769,19.458372,442.77887,179.947067,0.460455,-179.984833,6519,False,True,11,133,False,
374,/kuka/axis_move/feedback_json,std_msgs/msg/String,2026-08-31T20:35:49.842399-04:00,1788222949,842382568,1788222949842382568,223.778041,,,,23771,23770,1,0,0,23771,AxisTarget,1,True,True,True,False,-2.173833,-65.978424,114.749222,0.051298,40.770992,-2.266704,513.618652,19.449814,442.789276,179.945908,0.459185,-179.984344,6520,False,True,11,133,False,
375,/kuka/axis_move/feedback_json,std_msgs/msg/String,2026-08-31T20:35:49.970178-04:00,1788222949,970147439,1788222949970147439,127.764871,,,,23772,23771,1,0,0,23772,AxisTarget,1,True,True,True,False,-2.1738,-65.977997,114.748703,0.0513,40.771099,-2.2667,513.630249,19.449661,442.789459,179.945877,0.459162,-179.984344,6520,False,True,11,133,False,
376,/kuka/axis_move/feedback_json,std_msgs/msg/String,2026-08-31T20:35:50.102503-04:00,1788222950,102495524,1788222950102495524,132.348085,,,,23773,23772,1,0,0,23773,AxisTarget,1,True,True,True,True,-2.173743,-65.97683,114.746429,0.051316,40.772354,-2.266628,513.635681,19.449591,442.789551,179.945877,0.459152,-179.984329,6520,False,True,11,133,False,
377,/kuka/axis_move/feedback_json,std_msgs/msg/String,2026-08-31T20:35:50.326646-04:00,1788222950,326629966,1788222950326629966,224.134442,,,,23774,23773,1,0,0,23774,AxisTarget,1,True,True,True,False,-2.170871,-65.926636,114.659187,0.051842,40.80938,-2.264729,514.122498,19.443176,442.797028,179.945007,0.458209,-179.983963,6521,False,True,11,133,False,
378,/kuka/axis_move/feedback_json,std_msgs/msg/String,2026-08-31T20:35:50.452318-04:00,1788222950,452307344,1788222950452307344,125.677378,,,,23775,23774,1,0,0,23775,AxisTarget,1,True,True,True,False,-2.167282,-65.864822,114.559059,0.052439,40.850754,-2.262635,514.724976,19.43516,442.80603,179.943939,0.457042,-179.983521,6521,False,True,11,133,False,
379,/kuka/axis_move/feedback_json,std_msgs/msg/String,2026-08-31T20:35:50.578097-04:00,1788222950,578087240,1788222950578087240,125.779896,,,,23776,23775,1,0,0,23776,AxisTarget,1,True,True,True,False,-2.162449,-65.781891,114.421677,0.053254,40.907166,-2.259787,515.596497,19.423407,442.818542,179.942383,0.455353,-179.982864,6521,False,True,11,133,False,
380,/kuka/axis_move/feedback_json,std_msgs/msg/String,2026-08-31T20:35:50.705032-04:00,1788222950,705021852,1788222950705021852,126.934612,,,,23777,23776,1,0,0,23777,AxisTarget,1,True,True,True,False,-2.156061,-65.672478,114.240776,0.054326,40.981174,-2.256058,516.72113,19.407969,442.833771,179.940369,0.453172,-179.98201,6521,False,True,11,133,False,
381,/kuka/axis_move/feedback_json,std_msgs/msg/String,2026-08-31T20:35:50.922398-04:00,1788222950,922386932,1788222950922386932,217.36508,,,,23778,23777,1,0,0,23778,AxisTarget,1,True,True,True,False,-2.142363,-65.438873,113.856247,0.056594,41.13707,-2.24824,519.149536,19.37359,442.86319,179.936035,0.448453,-179.980179,6522,False,True,11,133,False,
382,/kuka/axis_move/feedback_json,std_msgs/msg/String,2026-08-31T20:35:51.049375-04:00,1788222951,49368987,1788222951049368987,126.982055,,,,23779,23778,1,0,0,23779,AxisTarget,1,True,True,True,False,-2.134372,-65.302948,113.633049,0.057907,41.227142,-2.243733,520.571655,19.352793,442.878204,179.933472,0.445686,-179.979095,6522,False,True,11,133,False,
383,/kuka/axis_move/feedback_json,std_msgs/msg/String,2026-08-31T20:35:51.173895-04:00,1788222951,173886466,1788222951173886466,124.517479,,,,23780,23779,1,0,0,23780,AxisTarget,1,True,True,True,False,-2.126384,-65.162773,113.402969,0.05926,41.319893,-2.239095,521.99176,19.331532,442.891571,179.930923,0.442918,-179.978012,6522,False,True,11,133,False,
384,/kuka/axis_move/feedback_json,std_msgs/msg/String,2026-08-31T20:35:51.303670-04:00,1788222951,303660176,1788222951303660176,129.77371,,,,23781,23780,1,0,0,23781,AxisTarget,1,True,True,True,False,-2.118782,-65.03849,113.200043,0.060447,41.400845,-2.23495,523.355225,19.310654,442.902863,179.928467,0.440258,-179.976959,6522,False,True,11,133,False,
385,/kuka/axis_move/feedback_json,std_msgs/msg/String,2026-08-31T20:35:51.530036-04:00,1788222951,530026288,1788222951530026288,226.366112,,,,23782,23781,1,0,0,23782,AxisTarget,1,True,True,True,False,-2.108738,-64.869003,112.92395,0.062059,41.510483,-2.229625,525.138855,19.282656,442.915344,179.925232,0.436773,-179.975601,6523,False,True,11,133,False,
386,/kuka/axis_move/feedback_json,std_msgs/msg/String,2026-08-31T20:35:51.661588-04:00,1788222951,661576580,1788222951661576580,131.550292,,,,23783,23782,1,0,0,23783,AxisTarget,1,True,True,True,False,-2.104985,-64.805946,112.821686,0.062653,41.550716,-2.227638,525.827698,19.271631,442.919464,179.923981,0.435426,-179.975067,6523,False,True,11,133,False,
387,/kuka/axis_move/feedback_json,std_msgs/msg/String,2026-08-31T20:35:51.881970-04:00,1788222951,881964874,1788222951881964874,220.388294,,,,23784,23783,1,0,0,23784,AxisTarget,1,True,True,True,False,-2.102076,-64.757782,112.744774,0.063093,41.580009,-2.226216,526.38678,19.2626,442.922546,179.922974,0.434332,-179.974625,6524,False,True,11,133,False,
388,/kuka/axis_move/feedback_json,std_msgs/msg/String,2026-08-31T20:35:52.006249-04:00,1788222952,6244059,1788222952006244059,124.279185,,,,23785,23784,1,0,0,23785,AxisTarget,1,True,True,True,False,-2.102,-64.756699,112.743301,0.0631,41.580399,-2.2262,526.405396,19.262297,442.922638,179.922943,0.434295,-179.974609,6524,False,True,11,133,False,
389,/kuka/axis_move/feedback_json,std_msgs/msg/String,2026-08-31T20:35:52.129770-04:00,1788222952,129764825,1788222952129764825,123.520766,,,,23786,23785,1,0,0,23786,AxisTarget,1,True,True,True,True,-2.101995,-64.756516,112.742905,0.063103,41.580662,-2.226183,526.405762,19.262291,442.922638,179.922943,0.434294,-179.974609,6524,False,True,11,133,False,
390,/kuka/axis_move/feedback_json,std_msgs/msg/String,2026-08-31T20:35:52.355606-04:00,1788222952,355591042,1788222952355591042,225.826217,,,,23787,23786,1,0,0,23787,AxisTarget,1,True,True,True,False,-2.100308,-64.726883,112.692612,0.063409,41.602287,-2.225065,526.673645,19.257936,442.923981,179.922455,0.433768,-179.974411,6525,False,True,11,133,False,
391,/kuka/axis_move/feedback_json,std_msgs/msg/String,2026-08-31T20:35:52.480230-04:00,1788222952,480214399,1788222952480214399,124.623357,,,,23788,23787,1,0,0,23788,AxisTarget,1,True,True,True,False,-2.097828,-64.68409,112.621391,0.063835,41.631805,-2.223565,527.093994,19.251066,442.925995,179.921692,0.432942,-179.974091,6525,False,True,11,133,False,
392,/kuka/axis_move/feedback_json,std_msgs/msg/String,2026-08-31T20:35:52.610136-04:00,1788222952,610124835,1788222952610124835,129.910436,,,,23789,23788,1,0,0,23789,AxisTarget,1,True,True,True,False,-2.094242,-64.622498,112.519295,0.064442,41.67379,-2.221439,527.709656,19.240925,442.92868,179.920578,0.431732,-179.973602,6525,False,True,11,133,False,
393,/kuka/axis_move/feedback_json,std_msgs/msg/String,2026-08-31T20:35:52.738000-04:00,1788222952,737987875,1788222952737987875,127.86304,,,,23790,23789,1,0,0,23790,AxisTarget,1,True,True,True,False,-2.08955,-64.542091,112.386307,0.065232,41.728237,-2.218688,528.548706,19.226955,442.931854,179.919067,0.430081,-179.972946,6525,False,True,11,133,False,
394,/kuka/axis_move/feedback_json,std_msgs/msg/String,2026-08-31T20:35:52.958018-04:00,1788222952,958012244,1788222952958012244,220.024369,,,,23791,23790,1,0,0,23791,AxisTarget,1,True,True,True,False,-2.078903,-64.359947,112.085579,0.067015,41.850937,-2.212499,530.367554,19.19607,442.936707,179.915756,0.426499,-179.971527,6526,False,True,11,133,False,
395,/kuka/axis_move/feedback_json,std_msgs/msg/String,2026-08-31T20:35:53.087204-04:00,1788222953,87197337,1788222953087197337,129.185093,,,,23792,23791,1,0,0,23792,AxisTarget,1,True,True,True,False,-2.071467,-64.232895,111.876114,0.068297,41.939045,-2.208062,531.705322,19.172827,442.938568,179.91333,0.42386,-179.97049,6526,False,True,11,133,False,
396,/kuka/axis_move/feedback_json,std_msgs/msg/String,2026-08-31T20:35:53.210186-04:00,1788222953,210169237,1788222953210169237,122.9719,,,,23793,23792,1,0,0,23793,AxisTarget,1,True,True,True,False,-2.062969,-64.08828,111.638618,0.069655,42.032017,-2.203398,533.154297,19.14715,442.938873,179.91069,0.420998,-179.969345,6526,False,True,11,133,False,
397,/kuka/axis_move/feedback_json,std_msgs/msg/String,2026-08-31T20:35:53.337190-04:00,1788222953,337159200,1788222953337159200,126.989963,,,,23794,23793,1,0,0,23794,AxisTarget,1,True,True,True,False,-2.054979,-63.952343,111.415413,0.070971,42.122093,-2.198879,534.603821,19.120935,442.937439,179.908035,0.418132,-179.968201,6526,False,True,11,133,False,
398,/kuka/axis_move/feedback_json,std_msgs/msg/String,2026-08-31T20:35:53.559772-04:00,1788222953,559761833,1788222953559761833,222.602633,,,,23795,23794,1,0,0,23795,AxisTarget,1,True,True,True,False,-2.041063,-63.715607,111.026764,0.073304,42.281746,-2.190871,537.045349,19.075588,442.931061,179.903564,0.413294,-179.966263,6527,False,True,11,133,False,
399,/kuka/axis_move/feedback_json,std_msgs/msg/String,2026-08-31T20:35:53.686101-04:00,1788222953,686090118,1788222953686090118,126.328285,,,,23796,23795,1,0,0,23796,AxisTarget,1,True,True,True,False,-2.033075,-63.580261,110.805458,0.074561,42.367428,-2.186592,538.455017,19.048719,442.92511,179.900955,0.410495,-179.965149,6527,False,True,11,133,False,
400,/kuka/axis_move/feedback_json,std_msgs/msg/String,2026-08-31T20:35:53.810497-04:00,1788222953,810485777,1788222953810485777,124.395659,,,,23797,23796,1,0,0,23797,AxisTarget,1,True,True,True,False,-2.02644,-63.467972,110.622055,0.075636,42.440662,-2.182937,539.59375,19.026648,442.919098,179.898865,0.408232,-179.964233,6527,False,True,11,133,False,
401,/kuka/axis_move/feedback_json,std_msgs/msg/String,2026-08-31T20:35:53.939631-04:00,1788222953,939619423,1788222953939619423,129.133646,,,,23798,23797,1,0,0,23798,AxisTarget,1,True,True,True,False,-2.021067,-63.377129,110.469536,0.07653,42.501434,-2.179908,540.577881,19.007307,442.912994,179.897049,0.406274,-179.96344,6527,False,True,11,133,False,
402,/kuka/axis_move/feedback_json,std_msgs/msg/String,2026-08-31T20:35:54.167858-04:00,1788222954,167838768,1788222954167838768,228.219345,,,,23799,23798,1,0,0,23799,AxisTarget,1,True,True,True,False,-2.013895,-63.256165,110.276939,0.077655,42.577797,-2.176111,541.851013,18.981922,442.9039,179.894684,0.403738,-179.962418,6528,False,True,11,133,False,
403,/kuka/axis_move/feedback_json,std_msgs/msg/String,2026-08-31T20:35:54.297951-04:00,1788222954,297928224,1788222954297928224,130.089456,,,,23800,23799,1,0,0,23800,AxisTarget,1,True,True,True,False,-2.011406,-63.214413,110.209351,0.078048,42.604919,-2.174771,542.297058,18.972929,442.900391,179.89386,0.402849,-179.962067,6528,False,True,11,133,False,
404,/kuka/axis_move/feedback_json,std_msgs/msg/String,2026-08-31T20:35:54.428608-04:00,1788222954,428593662,1788222954428593662,130.665438,,,,23801,23800,1,0,0,23801,AxisTarget,1,True,True,True,False,-2.009998,-63.191055,110.171989,0.078262,42.618565,-2.174106,542.555054,18.967707,442.898285,179.893372,0.402334,-179.961853,6528,False,True,11,133,False,
405,/kuka/axis_move/feedback_json,std_msgs/msg/String,2026-08-31T20:35:54.551304-04:00,1788222954,551293472,1788222954551293472,122.69981,,,,23802,23801,1,0,0,23802,AxisTarget,1,True,True,True,False,-2.0097,-63.186401,110.165001,0.0783,42.620899,-2.174,542.615967,18.966469,442.897797,179.893265,0.402213,-179.961807,6528,False,True,11,133,False,
406,/kuka/axis_move/feedback_json,std_msgs/msg/String,2026-08-31T20:35:54.777922-04:00,1788222954,777899180,1788222954777899180,226.605708,,,,23803,23802,1,0,0,23803,AxisTarget,1,True,True,True,True,-2.009597,-63.184414,110.161324,0.078327,42.622955,-2.173887,542.629639,18.966194,442.897675,179.893234,0.402186,-179.961792,6529,False,True,11,133,False,
407,/kuka/axis_move/feedback_json,std_msgs/msg/String,2026-08-31T20:35:54.906251-04:00,1788222954,906240836,1788222954906240836,128.341656,,,,23804,23803,1,0,0,23804,AxisTarget,1,True,True,True,False,-2.008669,-63.168087,110.133644,0.078492,42.634624,-2.173285,542.780579,18.963129,442.896423,179.89296,0.401885,-179.96167,6529,False,True,11,133,False,
408,/kuka/axis_move/feedback_json,std_msgs/msg/String,2026-08-31T20:35:55.034816-04:00,1788222955,34803541,1788222955034803541,128.562705,,,,23805,23804,1,0,0,23805,AxisTarget,1,True,True,True,False,-2.006744,-63.1348,110.078117,0.078823,42.657738,-2.172109,543.105225,18.95652,442.893646,179.892349,0.401238,-179.961411,6529,False,True,11,133,False,
409,/kuka/axis_move/feedback_json,std_msgs/msg/String,2026-08-31T20:35:55.166474-04:00,1788222955,166459763,1788222955166459763,131.656222,,,,23806,23805,1,0,0,23806,AxisTarget,1,True,True,True,False,-2.003823,-63.084549,109.994736,0.079337,42.693348,-2.170307,543.603394,18.946325,442.889191,179.891434,0.400244,-179.961014,6529,False,True,11,133,False,
410,/kuka/axis_move/feedback_json,std_msgs/msg/String,2026-08-31T20:35:55.397496-04:00,1788222955,397487993,1788222955397487993,231.02823,,,,23807,23806,1,0,0,23807,AxisTarget,1,True,True,True,False,-1.995987,-62.95023,109.772606,0.080633,42.783009,-2.165784,544.947754,18.918497,442.87616,179.888916,0.39756,-179.95993,6530,False,True,11,133,False,
411,/kuka/axis_move/feedback_json,std_msgs/msg/String,2026-08-31T20:35:55.526406-04:00,1788222955,526400558,1788222955526400558,128.912565,,,,23808,23807,1,0,0,23808,AxisTarget,1,True,True,True,False,-1.990067,-62.848934,109.605385,0.081621,42.851223,-2.162348,545.932373,18.89782,442.865631,179.88707,0.395593,-179.959137,6530,False,True,11,133,False,
412,/kuka/axis_move/feedback_json,std_msgs/msg/String,2026-08-31T20:35:55.653674-04:00,1788222955,653663732,1788222955653663732,127.263174,,,,23809,23808,1,0,0,23809,AxisTarget,1,True,True,True,False,-1.983314,-62.733479,109.414932,0.082746,42.928783,-2.158314,547.128052,18.872377,442.851746,179.884842,0.393201,-179.95816,6530,False,True,11,133,False,
413,/kuka/axis_move/feedback_json,std_msgs/msg/String,2026-08-31T20:35:55.782646-04:00,1788222955,782636708,1788222955782636708,128.972976,,,,23810,23809,1,0,0,23810,AxisTarget,1,True,True,True,False,-1.975569,-62.601192,109.196922,0.084031,43.017387,-2.153991,548.461182,18.843573,442.834808,179.882324,0.39053,-179.957077,6530,False,True,11,133,False,
414,/kuka/axis_move/feedback_json,std_msgs/msg/String,2026-08-31T20:35:56.011564-04:00,1788222956,11551521,1788222956011551521,228.914813,,,,23811,23810,1,0,0,23811,AxisTarget,1,True,True,True,False,-1.961146,-62.35569,108.786583,0.086443,43.183006,-2.145693,550.957764,18.788387,442.798981,179.877625,0.385519,-179.955032,6531,False,True,11,133,False,
415,/kuka/axis_move/feedback_json,std_msgs/msg/String,2026-08-31T20:35:56.141060-04:00,1788222956,141050353,1788222956141050353,129.498832,,,,23812,23811,1,0,0,23812,AxisTarget,1,True,True,True,False,-1.952643,-62.206604,108.548981,0.087839,43.278896,-2.140889,552.427063,18.755154,442.775391,179.874847,0.382564,-179.953827,6531,False,True,11,133,False,
416,/kuka/axis_move/feedback_json,std_msgs/msg/String,2026-08-31T20:35:56.265606-04:00,1788222956,265599169,1788222956265599169,124.548816,,,,23813,23812,1,0,0,23813,AxisTarget,1,True,True,True,False,-1.944398,-62.070671,108.325783,0.089193,43.371876,-2.136231,553.84967,18.722433,442.750763,179.872147,0.379698,-179.952652,6531,False,True,11,133,False,
417,/kuka/axis_move/feedback_json,std_msgs/msg/String,2026-08-31T20:35:56.392510-04:00,1788222956,392504126,1788222956392504126,126.904957,,,,23814,23813,1,0,0,23814,AxisTarget,1,True,True,True,False,-1.936373,-61.934448,108.102715,0.090458,43.458477,-2.131906,555.197754,18.690941,442.7258,179.869583,0.376979,-179.951538,6531,False,True,11,133,False,
418,/kuka/axis_move/feedback_json,std_msgs/msg/String,2026-08-31T20:35:56.621818-04:00,1788222956,621807037,1788222956621807037,229.302911,,,,23815,23814,1,0,0,23815,AxisTarget,1,True,True,True,False,-1.924419,-61.731956,107.771774,0.092394,43.590782,-2.125309,557.282471,18.641294,442.684052,179.865601,0.372766,-179.949799,6532,False,True,11,133,False,
419,/kuka/axis_move/feedback_json,std_msgs/msg/String,2026-08-31T20:35:56.745517-04:00,1788222956,745511231,1788222956745511231,123.704194,,,,23816,23815,1,0,0,23816,AxisTarget,1,True,True,True,False,-1.919246,-61.644428,107.628899,0.093229,43.647766,-2.122388,558.212952,18.618765,442.664215,179.863831,0.370883,-179.94902,6532,False,True,11,133,False,
420,/kuka/axis_move/feedback_json,std_msgs/msg/String,2026-08-31T20:35:56.969386-04:00,1788222956,969379982,1788222956969379982,223.868751,,,,23817,23816,1,0,0,23817,AxisTarget,1,True,True,True,False,-1.912272,-61.526665,107.43705,0.094347,43.723961,-2.118685,559.41095,18.58942,442.637512,179.861526,0.368456,-179.948013,6533,False,True,11,133,False,
421,/kuka/axis_move/feedback_json,std_msgs/msg/String,2026-08-31T20:35:57.099549-04:00,1788222957,99530977,1788222957099530977,130.150995,,,,23818,23817,1,0,0,23818,AxisTarget,1,True,True,True,False,-1.909657,-61.482693,107.363945,0.094772,43.752739,-2.117261,559.886902,18.577656,442.626556,179.860611,0.367491,-179.947617,6533,False,True,11,133,False,
422,/kuka/axis_move/feedback_json,std_msgs/msg/String,2026-08-31T20:35:57.225382-04:00,1788222957,225375766,1788222957225375766,125.844789,,,,23819,23818,1,0,0,23819,AxisTarget,1,True,True,True,False,-1.908039,-61.455688,107.322258,0.095012,43.768883,-2.116469,560.174744,18.570511,442.619843,179.860062,0.366906,-179.947372,6533,False,True,11,133,False,
423,/kuka/axis_move/feedback_json,std_msgs/msg/String,2026-08-31T20:35:57.353880-04:00,1788222957,353868678,1788222957353868678,128.492912,,,,23820,23819,1,0,0,23820,AxisTarget,1,True,True,True,False,-1.907417,-61.445621,107.306572,0.095099,43.774544,-2.116202,560.290771,18.567625,442.617126,179.859833,0.366671,-179.947281,6533,False,True,11,133,False,
424,/kuka/axis_move/feedback_json,std_msgs/msg/String,2026-08-31T20:35:57.574232-04:00,1788222957,574224164,1788222957574224164,220.355486,,,,23821,23820,1,0,0,23821,AxisTarget,1,True,True,True,True,-1.907394,-61.445255,107.305969,0.095103,43.77483,-2.116185,560.296997,18.567471,442.616974,179.859833,0.366658,-179.947281,6534,False,True,11,133,False,
425,/kuka/axis_move/feedback_json,std_msgs/msg/String,2026-08-31T20:35:57.702426-04:00,1788222957,702416779,1788222957702416779,128.192615,,,,23822,23821,1,0,0,23822,AxisTarget,1,True,True,True,False,-1.906821,-61.434921,107.288017,0.095214,43.783363,-2.115737,560.383423,18.565317,442.614929,179.859665,0.366483,-179.947205,6534,False,True,11,133,False,
426,/kuka/axis_move/feedback_json,std_msgs/msg/String,2026-08-31T20:35:57.830767-04:00,1788222957,830760669,1788222957830760669,128.34389,,,,23823,23822,1,0,0,23823,AxisTarget,1,True,True,True,False,-1.905034,-61.40387,107.235962,0.095526,43.80566,-2.1146,560.67627,18.558004,442.607941,179.8591,0.365888,-179.94696,6534,False,True,11,133,False,
427,/kuka/axis_move/feedback_json,std_msgs/msg/String,2026-08-31T20:35:57.950029-04:00,1788222957,950010237,1788222957950010237,119.249568,,,,23824,23823,1,0,0,23824,AxisTarget,1,True,True,True,False,-1.902138,-61.353958,107.152985,0.096019,43.839077,-2.112908,561.159241,18.545893,442.596283,179.85817,0.364906,-179.946548,6534,False,True,11,133,False,
428,/kuka/axis_move/feedback_json,std_msgs/msg/String,2026-08-31T20:35:58.167084-04:00,1788222958,167073425,1788222958167073425,217.063188,,,,23825,23824,1,0,0,23825,AxisTarget,1,True,True,True,False,-1.894353,-61.220421,106.931923,0.097328,43.929741,-2.108335,562.468018,18.51276,442.563599,179.855637,0.362243,-179.94545,6535,False,True,11,133,False,
429,/kuka/axis_move/feedback_json,std_msgs/msg/String,2026-08-31T20:35:58.293734-04:00,1788222958,293722367,1788222958293722367,126.648942,,,,23826,23825,1,0,0,23826,AxisTarget,1,True,True,True,False,-1.888312,-61.117008,106.761093,0.098338,43.999512,-2.104823,563.486877,18.48665,442.537109,179.853653,0.360167,-179.94458,6535,False,True,11,133,False,
430,/kuka/axis_move/feedback_json,std_msgs/msg/String,2026-08-31T20:35:58.417841-04:00,1788222958,417830051,1788222958417830051,124.107684,,,,23827,23826,1,0,0,23827,AxisTarget,1,True,True,True,False,-1.880873,-60.989807,106.551201,0.099577,44.085052,-2.100522,564.700073,18.455194,442.504364,179.851303,0.357692,-179.943558,6535,False,True,11,133,False,
431,/kuka/axis_move/feedback_json,std_msgs/msg/String,2026-08-31T20:35:58.541905-04:00,1788222958,541899394,1788222958541899394,124.069343,,,,23828,23827,1,0,0,23828,AxisTarget,1,True,True,True,False,-1.872911,-60.854248,106.328476,0.100886,44.175022,-2.096019,566.095764,18.418516,442.465057,179.848572,0.354841,-179.942368,6535,False,True,11,133,False,
432,/kuka/axis_move/feedback_json,std_msgs/msg/String,2026-08-31T20:35:58.758553-04:00,1788222958,758545426,1788222958758545426,216.646032,,,,23829,23828,1,0,0,23829,AxisTarget,1,True,True,True,False,-1.858992,-60.617447,105.939674,0.103169,44.331924,-2.088168,568.461243,18.355146,442.39444,179.843948,0.349998,-179.940353,6536,False,True,11,133,False,
433,/kuka/axis_move/feedback_json,std_msgs/msg/String,2026-08-31T20:35:58.887496-04:00,1788222958,887478489,1788222958887478489,128.933063,,,,23830,23829,1,0,0,23830,AxisTarget,1,True,True,True,False,-1.851018,-60.481857,105.717209,0.104475,44.424347,-2.083549,569.815063,18.318195,442.351776,179.841293,0.347221,-179.939178,6536,False,True,11,133,False,
434,/kuka/axis_move/feedback_json,std_msgs/msg/String,2026-08-31T20:35:59.017380-04:00,1788222959,17364242,1788222959017364242,129.885753,,,,23831,23830,1,0,0,23831,AxisTarget,1,True,True,True,False,-1.843491,-60.354439,105.50309,0.105726,44.507065,-2.079431,571.102356,18.282595,442.309662,179.83876,0.344576,-179.93808,6536,False,True,11,133,False,
435,/kuka/axis_move/feedback_json,std_msgs/msg/String,2026-08-31T20:35:59.142049-04:00,1788222959,142042794,1788222959142042794,124.678552,,,,23832,23831,1,0,0,23832,AxisTarget,1,True,True,True,False,-1.837007,-60.244797,105.330124,0.106736,44.576008,-2.076003,572.182007,18.252386,442.273163,179.836639,0.342355,-179.937149,6536,False,True,11,133,False,
436,/kuka/axis_move/feedback_json,std_msgs/msg/String,2026-08-31T20:35:59.365804-04:00,1788222959,365795429,1788222959365795429,223.752635,,,,23833,23832,1,0,0,23833,AxisTarget,1,True,True,True,False,-1.829089,-60.111195,105.112602,0.108003,44.662312,-2.071722,573.552856,18.21357,442.225342,179.833923,0.339532,-179.935959,6537,False,True,11,133,False,
437,/kuka/axis_move/feedback_json,std_msgs/msg/String,2026-08-31T20:35:59.492766-04:00,1788222959,492748683,1788222959492748683,126.953254,,,,23834,23833,1,0,0,23834,AxisTarget,1,True,True,True,False,-1.826143,-60.061726,105.032448,0.108467,44.693798,-2.070168,574.082092,18.198444,442.20639,179.832886,0.33844,-179.935501,6537,False,True,11,133,False,
438,/kuka/axis_move/feedback_json,std_msgs/msg/String,2026-08-31T20:35:59.719829-04:00,1788222959,719805521,1788222959719805521,227.056838,,,,23835,23834,1,0,0,23835,AxisTarget,1,True,True,True,False,-1.823922,-60.025085,104.974152,0.108798,44.715828,-2.069102,574.479492,18.187037,442.192017,179.832092,0.33762,-179.93515,6538,False,True,11,133,False,
439,/kuka/axis_move/feedback_json,std_msgs/msg/String,2026-08-31T20:35:59.849269-04:00,1788222959,849263198,1788222959849263198,129.457677,,,,23836,23835,1,0,0,23836,AxisTarget,1,True,True,True,False,-1.8239,-60.024799,104.973801,0.1088,44.7159,-2.0691,574.485352,18.186867,442.191803,179.832077,0.337608,-179.93515,6538,False,True,11,133,False,
440,/kuka/axis_move/feedback_json,std_msgs/msg/String,2026-08-31T20:35:59.977405-04:00,1788222959,977393591,1788222959977393591,128.130393,,,,23837,23836,1,0,0,23837,AxisTarget,1,True,True,True,True,-1.823822,-60.023224,104.970757,0.108821,44.717548,-2.069005,574.492615,18.186659,442.191528,179.832062,0.337593,-179.935135,6538,False,True,11,133,False,
441,/kuka/axis_move/feedback_json,std_msgs/msg/String,2026-08-31T20:36:00.105222-04:00,1788222960,105216457,1788222960105216457,127.822866,,,,23838,23837,1,0,0,23838,AxisTarget,1,True,True,True,False,-1.822567,-60.001007,104.932861,0.109053,44.733982,-2.068153,574.688904,18.181004,442.184387,179.83168,0.337188,-179.934967,6538,False,True,11,133,False,
442,/kuka/axis_move/feedback_json,std_msgs/msg/String,2026-08-31T20:36:00.337783-04:00,1788222960,337772215,1788222960337772215,232.555758,,,,23839,23838,1,0,0,23839,AxisTarget,1,True,True,True,False,-1.816161,-59.890488,104.748833,0.110156,44.810322,-2.064274,575.711365,18.151375,442.146545,179.829666,0.335074,-179.934067,6539,False,True,11,133,False,
443,/kuka/axis_move/feedback_json,std_msgs/msg/String,2026-08-31T20:36:00.463309-04:00,1788222960,463302968,1788222960463302968,125.530753,,,,23840,23839,1,0,0,23840,AxisTarget,1,True,True,True,False,-1.810554,-59.794285,104.589508,0.111106,44.878124,-2.060846,576.663879,18.12351,442.110413,179.827774,0.333103,-179.933228,6539,False,True,11,133,False,
444,/kuka/axis_move/feedback_json,std_msgs/msg/String,2026-08-31T20:36:00.589822-04:00,1788222960,589811678,1788222960589811678,126.50871,,,,23841,23840,1,0,0,23841,AxisTarget,1,True,True,True,False,-1.802923,-59.663651,104.37368,0.112389,44.963882,-2.056522,577.887146,18.087355,442.062775,179.825348,0.330569,-179.932159,6539,False,True,11,133,False,
445,/kuka/axis_move/feedback_json,std_msgs/msg/String,2026-08-31T20:36:00.721573-04:00,1788222960,721563019,1788222960721563019,131.751341,,,,23842,23841,1,0,0,23842,AxisTarget,1,True,True,True,False,-1.794682,-59.52343,104.143379,0.113751,45.056854,-2.051861,579.267761,18.046047,442.007385,179.822601,0.327704,-179.930939,6539,False,True,11,133,False,
446,/kuka/axis_move/feedback_json,std_msgs/msg/String,2026-08-31T20:36:00.945413-04:00,1788222960,945407210,1788222960945407210,223.844191,,,,23843,23842,1,0,0,23843,AxisTarget,1,True,True,True,False,-1.780294,-59.278893,103.742218,0.11612,45.218418,-2.043771,581.722961,17.97127,441.90448,179.817703,0.322598,-179.928757,6540,False,True,11,133,False,
447,/kuka/axis_move/feedback_json,std_msgs/msg/String,2026-08-31T20:36:01.071141-04:00,1788222961,71123872,1788222961071123872,125.716662,,,,23844,23843,1,0,0,23844,AxisTarget,1,True,True,True,False,-1.77318,-59.158741,103.546349,0.117269,45.296326,-2.039894,582.894897,17.934975,441.853394,179.815353,0.320155,-179.927704,6540,False,True,11,133,False,
448,/kuka/axis_move/feedback_json,std_msgs/msg/String,2026-08-31T20:36:01.196143-04:00,1788222961,196120025,1788222961196120025,124.996153,,,,23845,23844,1,0,0,23845,AxisTarget,1,True,True,True,False,-1.767833,-59.06863,103.399765,0.118128,45.354378,-2.037011,583.837097,17.905516,441.811401,179.813461,0.318189,-179.926865,6540,False,True,11,133,False,
449,/kuka/axis_move/feedback_json,std_msgs/msg/String,2026-08-31T20:36:01.425846-04:00,1788222961,425835366,1788222961425835366,229.715341,,,,23846,23845,1,0,0,23846,AxisTarget,1,True,True,True,False,-1.762029,-58.971413,103.242615,0.119051,45.416393,-2.033953,584.834167,17.874065,441.766022,179.811447,0.316106,-179.92598,6541,False,True,11,133,False,
450,/kuka/axis_move/feedback_json,std_msgs/msg/String,2026-08-31T20:36:01.549529-04:00,1788222961,549516398,1788222961549516398,123.681032,,,,23847,23846,1,0,0,23847,AxisTarget,1,True,True,True,False,-1.760932,-58.953621,103.214828,0.119198,45.425888,-2.033504,585.03241,17.867779,441.756897,179.81105,0.315692,-179.925797,6541,False,True,11,133,False,
451,/kuka/axis_move/feedback_json,std_msgs/msg/String,2026-08-31T20:36:01.682025-04:00,1788222961,682006556,1788222961682006556,132.490158,,,,23848,23847,1,0,0,23848,AxisTarget,1,True,True,True,False,-1.7609,-58.953201,103.214302,0.1192,45.425999,-2.0335,585.042542,17.867456,441.756439,179.811035,0.31567,-179.925781,6541,False,True,11,133,False,
452,/kuka/axis_move/feedback_json,std_msgs/msg/String,2026-08-31T20:36:01.811228-04:00,1788222961,811217215,1788222961811217215,129.210659,,,,23849,23848,1,0,0,23849,AxisTarget,1,True,True,True,True,-1.760804,-58.951233,103.210464,0.119227,45.42812,-2.033377,585.051086,17.867186,441.756042,179.81102,0.315653,-179.925781,6541,False,True,11,133,False,
453,/kuka/axis_move/feedback_json,std_msgs/msg/String,2026-08-31T20:36:02.039228-04:00,1788222962,39216897,1788222962039216897,227.999682,,,,23850,23849,1,0,0,23850,AxisTarget,1,True,True,True,False,-1.755947,-58.866386,103.067413,0.120119,45.490692,-2.030164,585.816956,17.842772,441.720428,179.809464,0.314058,-179.925095,6542,False,True,11,133,False,
454,/kuka/axis_move/feedback_json,std_msgs/msg/String,2026-08-31T20:36:02.167040-04:00,1788222962,167018269,1788222962167018269,127.801372,,,,23851,23850,1,0,0,23851,AxisTarget,1,True,True,True,False,-1.749878,-58.761917,102.893776,0.121129,45.563301,-2.026482,586.764221,17.812346,441.675598,179.807541,0.312083,-179.92424,6542,False,True,11,133,False,
455,/kuka/axis_move/feedback_json,std_msgs/msg/String,2026-08-31T20:36:02.297999-04:00,1788222962,297971406,1788222962297971406,130.953137,,,,23852,23851,1,0,0,23852,AxisTarget,1,True,True,True,False,-1.741593,-58.620544,102.660881,0.122507,45.655136,-2.021869,588.122803,17.768257,441.609833,179.804794,0.309246,-179.923019,6542,False,True,11,133,False,
456,/kuka/axis_move/feedback_json,std_msgs/msg/String,2026-08-31T20:36:02.429431-04:00,1788222962,429420409,1788222962429420409,131.449003,,,,23853,23852,1,0,0,23853,AxisTarget,1,True,True,True,False,-1.733343,-58.48032,102.430725,0.123865,45.747913,-2.017081,589.533264,17.721924,441.539703,179.80191,0.306296,-179.921738,6542,False,True,11,133,False,
457,/kuka/axis_move/feedback_json,std_msgs/msg/String,2026-08-31T20:36:02.648276-04:00,1788222962,648264076,1788222962648264076,218.843667,,,,23854,23853,1,0,0,23854,AxisTarget,1,True,True,True,False,-1.722219,-58.293289,102.127113,0.125635,45.867573,-2.011297,591.413452,17.659271,441.443298,179.79808,0.302356,-179.920029,6543,False,True,11,133,False,
458,/kuka/axis_move/feedback_json,std_msgs/msg/String,2026-08-31T20:36:02.780920-04:00,1788222962,780909223,1788222962780909223,132.645147,,,,23855,23854,1,0,0,23855,AxisTarget,1,True,True,True,False,-1.71915,-58.242382,102.045616,0.126104,45.898766,-2.009775,591.934631,17.641722,441.415955,179.797012,0.301262,-179.919556,6543,False,True,11,133,False,
459,/kuka/axis_move/feedback_json,std_msgs/msg/String,2026-08-31T20:36:03.014650-04:00,1788222963,14644747,1788222963014644747,233.735524,,,,23856,23855,1,0,0,23856,AxisTarget,1,True,True,True,False,-1.7184,-58.230598,102.027802,0.1262,45.9048,-2.0095,592.089172,17.636503,441.407806,179.796692,0.300938,-179.919418,6544,False,True,11,133,False,
460,/kuka/axis_move/feedback_json,std_msgs/msg/String,2026-08-31T20:36:03.142274-04:00,1788222963,142265234,1788222963142265234,127.620487,,,,23857,23856,1,0,0,23857,AxisTarget,1,True,True,True,True,-1.71792,-58.221333,102.010651,0.126313,45.913437,-2.009021,592.140808,17.634756,441.40506,179.796585,0.300829,-179.919357,6544,False,True,11,133,False,
461,/kuka/axis_move/feedback_json,std_msgs/msg/String,2026-08-31T20:36:03.265617-04:00,1788222963,265605806,1788222963265605806,123.340572,,,,23858,23857,1,0,0,23858,AxisTarget,1,True,True,True,False,-1.713588,-58.145279,101.881721,0.127093,45.968735,-2.00617,592.783081,17.612946,441.370911,179.795258,0.299482,-179.918777,6544,False,True,11,133,False,
462,/kuka/axis_move/feedback_json,std_msgs/msg/String,2026-08-31T20:36:03.398943-04:00,1788222963,398933888,1788222963398933888,133.328082,,,,23859,23858,1,0,0,23859,AxisTarget,1,True,True,True,False,-1.705909,-58.014042,101.665039,0.12837,46.056969,-2.001592,594.062012,17.569164,441.301697,179.792618,0.296795,-179.917618,6544,False,True,11,133,False,
463,/kuka/axis_move/feedback_json,std_msgs/msg/String,2026-08-31T20:36:03.625191-04:00,1788222963,625180742,1788222963625180742,226.246854,,,,23860,23859,1,0,0,23860,AxisTarget,1,True,True,True,False,-1.696567,-57.859207,101.417236,0.129786,46.151657,-1.997128,595.663025,17.513681,441.212799,179.789291,0.293426,-179.916153,6545,False,True,11,133,False,
464,/kuka/axis_move/feedback_json,std_msgs/msg/String,2026-08-31T20:36:03.752274-04:00,1788222963,752264660,1788222963752264660,127.083918,,,,23861,23860,1,0,0,23861,AxisTarget,1,True,True,True,False,-1.6964,-57.856899,101.4142,0.1298,46.152401,-1.9971,595.710083,17.512039,441.210144,179.7892,0.293326,-179.916107,6545,False,True,11,133,False,
465,/kuka/axis_move/feedback_json,std_msgs/msg/String,2026-08-31T20:36:03.981261-04:00,1788222963,981251038,1788222963981251038,228.986378,,,,23862,23861,1,0,0,23862,AxisTarget,1,True,True,True,True,-1.6931,-57.800095,101.320801,0.1303,46.190102,-1.9952,596.259094,17.493382,441.179871,179.788086,0.292237,-179.915634,6546,False,True,11,133,False,
466,/kuka/axis_move/feedback_json,std_msgs/msg/String,2026-08-31T20:36:04.104914-04:00,1788222964,104904384,1788222964104904384,123.653346,,,,23863,23862,1,0,0,23863,AxisTarget,1,True,True,True,False,-1.6931,-57.800098,101.320801,0.1303,46.190102,-1.9952,596.259705,17.493359,441.17984,179.788086,0.292236,-179.915634,6546,False,True,11,133,False,
467,/kuka/axis_move/feedback_json,std_msgs/msg/String,2026-08-31T20:36:04.325561-04:00,1788222964,325538548,1788222964325538548,220.634164,,,,23864,23863,1,0,0,23864,AxisTarget,1,True,True,True,True,-1.6931,-57.800098,101.320801,0.1303,46.190105,-1.995103,596.259705,17.493359,441.17984,179.788086,0.292236,-179.915634,6547,False,True,11,133,False,
468,/kuka/axis_move/feedback_json,std_msgs/msg/String,2026-08-31T20:36:04.449335-04:00,1788222964,449329147,1788222964449329147,123.790599,,,,23865,23864,1,0,0,23865,AxisTarget,1,True,True,True,True,-1.594134,-57.794968,101.306267,0.128374,46.198448,-1.854844,596.338989,16.680885,441.199799,179.790573,0.293228,-179.916153,6547,False,True,11,133,False,
469,/kuka/axis_move/feedback_json,std_msgs/msg/String,2026-08-31T20:36:04.678996-04:00,1788222964,678989495,1788222964678989495,229.660348,,,,23866,23865,1,0,0,23866,AxisTarget,1,True,True,True,False,-1.4184,-57.7868,101.2855,0.1259,46.208099,-1.7087,596.532837,14.643702,441.249817,179.796814,0.295725,-179.91745,6548,False,True,11,133,False,
470,/kuka/axis_move/feedback_json,std_msgs/msg/String,2026-08-31T20:36:04.807989-04:00,1788222964,807983387,1788222964807983387,128.993892,,,,23867,23866,1,0,0,23867,AxisTarget,1,True,True,True,True,-1.416794,-57.786701,101.285172,0.125848,46.208405,-1.702933,596.533691,14.634134,441.250061,179.796844,0.295737,-179.917465,6548,False,True,11,133,False,
471,/kuka/axis_move/feedback_json,std_msgs/msg/String,2026-08-31T20:36:04.937117-04:00,1788222964,937105825,1788222964937105825,129.122438,,,,23868,23867,1,0,0,23868,AxisTarget,1,True,True,True,False,-1.353521,-57.783482,101.27623,0.124669,46.213303,-1.621696,596.585815,14.074062,441.263794,179.798538,0.296437,-179.917816,6548,False,True,11,133,False,
472,/kuka/axis_move/feedback_json,std_msgs/msg/String,2026-08-31T20:36:05.157942-04:00,1788222965,157936577,1788222965157936577,220.830752,,,,23869,23868,1,0,0,23869,AxisTarget,1,True,True,True,False,-1.032147,-57.7677,101.23391,0.11915,46.235722,-1.260797,596.881348,10.782793,441.344604,179.808563,0.30057,-179.919922,6549,False,True,11,133,False,
473,/kuka/axis_move/feedback_json,std_msgs/msg/String,2026-08-31T20:36:05.285452-04:00,1788222965,285445823,1788222965285445823,127.509246,,,,23870,23869,1,0,0,23870,AxisTarget,1,True,True,True,False,-0.806875,-57.756809,101.205154,0.115654,46.249706,-1.039185,597.075989,8.493597,441.400787,179.815536,0.303462,-179.921356,6549,False,True,11,133,False,
474,/kuka/axis_move/feedback_json,std_msgs/msg/String,2026-08-31T20:36:05.505325-04:00,1788222965,505320157,1788222965505320157,219.874334,,,,23871,23870,1,0,0,23871,AxisTarget,1,True,True,True,False,-0.601054,-57.747074,101.180016,0.112565,46.261787,-0.852061,597.262939,6.188809,441.457306,179.82254,0.306388,-179.922775,6550,False,True,11,133,False,
475,/kuka/axis_move/feedback_json,std_msgs/msg/String,2026-08-31T20:36:05.630650-04:00,1788222965,630627442,1788222965630627442,125.307285,,,,23872,23871,1,0,0,23872,AxisTarget,1,True,True,True,False,-0.5944,-57.746799,101.179398,0.1125,46.262001,-0.8493,597.271301,6.082958,441.4599,179.822861,0.306523,-179.922836,6550,False,True,11,133,False,
476,/kuka/axis_move/feedback_json,std_msgs/msg/String,2026-08-31T20:36:05.756592-04:00,1788222965,756569286,1788222965756569286,125.941844,,,,23873,23872,1,0,0,23873,AxisTarget,1,True,True,True,True,-0.59421,-57.746784,101.179344,0.112491,46.262051,-0.848295,597.271362,6.082202,441.45993,179.822876,0.306524,-179.922836,6550,False,True,11,133,False,
477,/kuka/axis_move/feedback_json,std_msgs/msg/String,2026-08-31T20:36:05.981259-04:00,1788222965,981236453,1788222965981236453,224.667167,,,,23874,23873,1,0,0,23874,AxisTarget,1,True,True,True,False,-0.508797,-57.742504,101.167557,0.110948,46.268448,-0.743094,597.335999,5.255915,441.480316,179.825394,0.307586,-179.92334,6551,False,True,11,133,False,
478,/kuka/axis_move/feedback_json,std_msgs/msg/String,2026-08-31T20:36:06.106524-04:00,1788222966,106518236,1788222966106518236,125.281783,,,,23875,23874,1,0,0,23875,AxisTarget,1,True,True,True,False,-0.380523,-57.736202,101.150566,0.108767,46.277317,-0.59985,597.435181,3.959006,441.512299,179.82933,0.309258,-179.924133,6551,False,True,11,133,False,
479,/kuka/axis_move/feedback_json,std_msgs/msg/String,2026-08-31T20:36:06.235080-04:00,1788222966,235068921,1788222966235068921,128.550685,,,,23876,23875,1,0,0,23876,AxisTarget,1,True,True,True,False,-0.200966,-57.727425,101.126984,0.105752,46.289532,-0.403451,597.570435,2.126656,441.557465,179.834915,0.311628,-179.925232,6551,False,True,11,133,False,
480,/kuka/axis_move/feedback_json,std_msgs/msg/String,2026-08-31T20:36:06.363122-04:00,1788222966,363112090,1788222966363112090,128.043169,,,,23877,23876,1,0,0,23877,AxisTarget,1,True,True,True,False,0.026353,-57.716393,101.09758,0.102023,46.30452,-0.164284,597.730774,-0.153285,441.613678,179.841858,0.314589,-179.926575,6551,False,True,11,133,False,
481,/kuka/axis_move/feedback_json,std_msgs/msg/String,2026-08-31T20:36:06.589735-04:00,1788222966,589723898,1788222966589723898,226.611808,,,,23878,23877,1,0,0,23878,AxisTarget,1,True,True,True,False,0.428852,-57.696949,101.045982,0.095506,46.330601,0.250057,598.004272,-4.373513,441.717651,179.854691,0.320106,-179.929001,6552,False,True,11,133,False,
482,/kuka/axis_move/feedback_json,std_msgs/msg/String,2026-08-31T20:36:06.716983-04:00,1788222966,716974990,1788222966716974990,127.251092,,,,23879,23878,1,0,0,23879,AxisTarget,1,True,True,True,False,0.601165,-57.688694,101.024254,0.092714,46.341682,0.424682,598.117676,-6.275259,441.764496,179.860474,0.322608,-179.930069,6552,False,True,11,133,False,
483,/kuka/axis_move/feedback_json,std_msgs/msg/String,2026-08-31T20:36:06.937881-04:00,1788222966,937863995,1788222966937863995,220.889005,,,,23880,23879,1,0,0,23880,AxisTarget,1,True,True,True,False,0.761858,-57.681061,101.004204,0.090296,46.351181,0.572801,598.216125,-8.016586,441.807373,179.865768,0.324907,-179.93103,6553,False,True,11,133,False,
484,/kuka/axis_move/feedback_json,std_msgs/msg/String,2026-08-31T20:36:07.061820-04:00,1788222967,61809847,1788222967061809847,123.945852,,,,23881,23880,1,0,0,23881,AxisTarget,1,True,True,True,False,0.778899,-57.680302,101.002502,0.0901,46.351898,0.5831,598.227539,-8.223866,441.812469,179.866394,0.325181,-179.931137,6553,False,True,11,133,False,
485,/kuka/axis_move/feedback_json,std_msgs/msg/String,2026-08-31T20:36:07.189399-04:00,1788222967,189369378,1788222967189369378,127.559531,,,,23882,23881,1,0,0,23882,AxisTarget,1,True,True,True,False,0.7789,-57.680302,101.002502,0.0901,46.351898,0.583102,598.227539,-8.224066,441.8125,179.866394,0.325181,-179.931137,6553,False,True,11,133,False,
486,/kuka/axis_move/feedback_json,std_msgs/msg/String,2026-08-31T20:36:07.317682-04:00,1788222967,317671627,1788222967317671627,128.302249,,,,23883,23882,1,0,0,23883,AxisTarget,1,True,True,True,True,0.788073,-57.679817,101.001091,0.089907,46.352741,0.597579,598.231445,-8.29535,441.81424,179.866623,0.325276,-179.931183,6553,False,True,11,133,False,
487,/kuka/axis_move/feedback_json,std_msgs/msg/String,2026-08-31T20:36:07.532175-04:00,1788222967,532164174,1788222967532164174,214.492547,,,,23884,23883,1,0,0,23884,AxisTarget,1,True,True,True,False,0.889447,-57.674805,100.987488,0.088152,46.359932,0.714487,598.286255,-9.316245,441.839355,179.86972,0.326628,-179.931732,6554,False,True,11,133,False,
488,/kuka/axis_move/feedback_json,std_msgs/msg/String,2026-08-31T20:36:07.660213-04:00,1788222967,660202350,1788222967660202350,128.038176,,,,23885,23884,1,0,0,23885,AxisTarget,1,True,True,True,False,1.005657,-57.669113,100.972191,0.086197,46.367874,0.842439,598.345581,-10.458616,441.867462,179.873184,0.328145,-179.932343,6554,False,True,11,133,False,
489,/kuka/axis_move/feedback_json,std_msgs/msg/String,2026-08-31T20:36:07.784957-04:00,1788222967,784951697,1788222967784951697,124.749347,,,,23886,23885,1,0,0,23886,AxisTarget,1,True,True,True,False,1.163281,-57.661419,100.951553,0.083567,46.378529,1.013583,598.425171,-12.063795,441.906952,179.878052,0.330281,-179.933197,6554,False,True,11,133,False,
490,/kuka/axis_move/feedback_json,std_msgs/msg/String,2026-08-31T20:36:07.911846-04:00,1788222967,911840493,1788222967911840493,126.888796,,,,23887,23886,1,0,0,23887,AxisTarget,1,True,True,True,False,1.355472,-57.65205,100.926483,0.080378,46.39143,1.220537,598.516785,-14.031829,441.955353,179.884018,0.332909,-179.934219,6554,False,True,11,133,False,
491,/kuka/axis_move/feedback_json,std_msgs/msg/String,2026-08-31T20:36:08.132696-04:00,1788222968,132678429,1788222968132678429,220.837936,,,,23888,23887,1,0,0,23888,AxisTarget,1,True,True,True,False,1.75652,-57.632614,100.874748,0.073834,46.417747,1.640265,598.689636,-18.20932,442.058044,179.896683,0.338521,-179.93634,6555,False,True,11,133,False,
492,/kuka/axis_move/feedback_json,std_msgs/msg/String,2026-08-31T20:36:08.262018-04:00,1788222968,261999374,1788222968261999374,129.320945,,,,23889,23888,1,0,0,23889,AxisTarget,1,True,True,True,False,1.97972,-57.621807,100.846008,0.0702,46.43235,1.873047,598.773438,-20.543201,442.115387,179.903763,0.341676,-179.9375,6555,False,True,11,133,False,
493,/kuka/axis_move/feedback_json,std_msgs/msg/String,2026-08-31T20:36:08.392927-04:00,1788222968,392916716,1788222968392916716,130.917342,,,,23890,23889,1,0,0,23890,AxisTarget,1,True,True,True,False,2.200982,-57.611134,100.817741,0.066541,46.446991,2.10532,598.848145,-22.882177,442.172882,179.910858,0.344851,-179.938629,6555,False,True,11,133,False,
494,/kuka/axis_move/feedback_json,std_msgs/msg/String,2026-08-31T20:36:08.518331-04:00,1788222968,518323440,1788222968518323440,125.406724,,,,23891,23890,1,0,0,23891,AxisTarget,1,True,True,True,False,2.388864,-57.6021,100.793884,0.063649,46.45853,2.287911,598.906433,-24.94379,442.223541,179.917099,0.34766,-179.93959,6555,False,True,11,133,False,
495,/kuka/axis_move/feedback_json,std_msgs/msg/String,2026-08-31T20:36:08.733587-04:00,1788222968,733575252,1788222968733575252,215.251812,,,,23892,23891,1,0,0,23892,AxisTarget,1,True,True,True,False,2.601306,-57.591919,100.76709,0.060297,46.471859,2.498091,598.961609,-27.182524,442.278534,179.923889,0.350723,-179.940628,6556,False,True,11,133,False,
496,/kuka/axis_move/feedback_json,std_msgs/msg/String,2026-08-31T20:36:08.860686-04:00,1788222968,860675120,1788222968860675120,127.099868,,,,23893,23892,1,0,0,23893,AxisTarget,1,True,True,True,False,2.669979,-57.588654,100.758568,0.05924,46.476025,2.563176,598.978394,-27.940937,442.29715,179.926178,0.351763,-179.940964,6556,False,True,11,133,False,
497,/kuka/axis_move/feedback_json,std_msgs/msg/String,2026-08-31T20:36:09.093231-04:00,1788222969,93224635,1788222969093224635,232.549515,,,,23894,23893,1,0,0,23894,AxisTarget,1,True,True,True,False,2.7016,-57.5872,100.754898,0.0588,46.477699,2.5884,598.986511,-28.323847,442.306549,179.927338,0.352289,-179.941147,6557,False,True,11,133,False,
498,/kuka/axis_move/feedback_json,std_msgs/msg/String,2026-08-31T20:36:09.222622-04:00,1788222969,222616345,1788222969222616345,129.39171,,,,23895,23894,1,0,0,23895,AxisTarget,1,True,True,True,True,2.701682,-57.587193,100.754875,0.058796,46.477722,2.588919,598.986511,-28.324129,442.30658,179.927338,0.352289,-179.941147,6557,False,True,11,133,False,
499,/kuka/axis_move/feedback_json,std_msgs/msg/String,2026-08-31T20:36:09.356722-04:00,1788222969,356716288,1788222969356716288,134.099943,,,,23896,23895,1,0,0,23896,AxisTarget,1,True,True,True,False,2.72008,-57.586246,100.752205,0.058439,46.479324,2.615738,598.989746,-28.482279,442.310455,179.927826,0.352507,-179.941208,6557,False,True,11,133,False,
500,/kuka/axis_move/feedback_json,std_msgs/msg/String,2026-08-31T20:36:09.485320-04:00,1788222969,485303319,1788222969485303319,128.587031,,,,23897,23896,1,0,0,23897,AxisTarget,1,True,True,True,False,2.77958,-57.583305,100.744217,0.057409,46.483456,2.682917,599.001526,-29.065845,442.324768,179.929596,0.353311,-179.941483,6557,False,True,11,133,False,
501,/kuka/axis_move/feedback_json,std_msgs/msg/String,2026-08-31T20:36:09.708795-04:00,1788222969,708789091,1788222969708789091,223.485772,,,,23898,23897,1,0,0,23898,AxisTarget,1,True,True,True,False,2.975552,-57.573483,100.717827,0.054039,46.497139,2.903441,599.037903,-31.098238,442.374664,179.935776,0.356115,-179.942368,6558,False,True,11,133,False,
502,/kuka/axis_move/feedback_json,std_msgs/msg/String,2026-08-31T20:36:09.836939-04:00,1788222969,836909189,1788222969836909189,128.120098,,,,23899,23898,1,0,0,23899,AxisTarget,1,True,True,True,False,3.141213,-57.565624,100.696777,0.051263,46.508373,3.083868,599.06311,-32.808296,442.416656,179.940964,0.358483,-179.943115,6558,False,True,11,133,False,
503,/kuka/axis_move/feedback_json,std_msgs/msg/String,2026-08-31T20:36:09.962390-04:00,1788222969,962380478,1788222969962380478,125.471289,,,,23900,23899,1,0,0,23900,AxisTarget,1,True,True,True,False,3.345897,-57.555653,100.670105,0.047969,46.521683,3.297278,599.086914,-34.855446,442.466919,179.947174,0.361326,-179.943985,6558,False,True,11,133,False,
504,/kuka/axis_move/feedback_json,std_msgs/msg/String,2026-08-31T20:36:10.088711-04:00,1788222970,88705276,1788222970088705276,126.324798,,,,23901,23900,1,0,0,23901,AxisTarget,1,True,True,True,False,3.56822,-57.544872,100.641434,0.044343,46.536263,3.529873,599.105774,-37.253395,442.525757,179.954468,0.364669,-179.944977,6558,False,True,11,133,False,
505,/kuka/axis_move/feedback_json,std_msgs/msg/String,2026-08-31T20:36:10.309588-04:00,1788222970,309567664,1788222970309567664,220.862388,,,,23902,23901,1,0,0,23902,AxisTarget,1,True,True,True,False,3.97142,-57.525341,100.5895,0.03778,46.56263,3.950427,599.115723,-41.406113,442.627686,179.967072,0.37049,-179.946625,6559,False,True,11,133,False,
506,/kuka/axis_move/feedback_json,std_msgs/msg/String,2026-08-31T20:36:10.434896-04:00,1788222970,434888413,1788222970434888413,125.320749,,,,23903,23902,1,0,0,23903,AxisTarget,1,True,True,True,False,4.18769,-57.5149,100.561836,0.034297,46.576572,4.171833,599.108459,-43.764423,442.685577,179.974228,0.373814,-179.947525,6559,False,True,11,133,False,
507,/kuka/axis_move/feedback_json,std_msgs/msg/String,2026-08-31T20:36:10.561178-04:00,1788222970,561166090,1788222970561166090,126.277677,,,,23904,23903,1,0,0,23904,AxisTarget,1,True,True,True,False,4.370705,-57.506096,100.538574,0.031376,46.58823,4.356563,599.095947,-45.652817,442.731903,179.979965,0.376485,-179.948227,6559,False,True,11,133,False,
508,/kuka/axis_move/feedback_json,std_msgs/msg/String,2026-08-31T20:36:10.690602-04:00,1788222970,690592170,1788222970690592170,129.42608,,,,23905,23904,1,0,0,23905,AxisTarget,1,True,True,True,False,4.521195,-57.498669,100.51899,0.028921,46.598011,4.511219,599.079956,-47.314518,442.772675,179.985016,0.378841,-179.948837,6559,False,True,11,133,False,
509,/kuka/axis_move/feedback_json,std_msgs/msg/String,2026-08-31T20:36:10.909558-04:00,1788222970,909546281,1788222970909546281,218.954111,,,,23906,23905,1,0,0,23906,AxisTarget,1,True,True,True,False,4.690618,-57.490761,100.498238,0.026332,46.608276,4.67275,599.057129,-49.13765,442.817413,179.990555,0.381434,-179.949478,6560,False,True,11,133,False,
510,/kuka/axis_move/feedback_json,std_msgs/msg/String,2026-08-31T20:36:11.042886-04:00,1788222971,42851974,1788222971042851974,133.305693,,,,23907,23906,1,0,0,23907,AxisTarget,1,True,True,True,False,4.732996,-57.488766,100.49308,0.0257,46.610741,4.71138,599.050476,-49.598175,442.828735,179.991943,0.38209,-179.949646,6560,False,True,11,133,False,
511,/kuka/axis_move/feedback_json,std_msgs/msg/String,2026-08-31T20:36:11.167412-04:00,1788222971,167400418,1788222971167400418,124.548444,,,,23908,23907,1,0,0,23908,AxisTarget,1,True,True,True,False,4.7413,-57.4884,100.492203,0.0256,46.611099,4.7159,599.048767,-49.711597,442.831512,179.992294,0.382252,-179.949677,6560,False,True,11,133,False,
512,/kuka/axis_move/feedback_json,std_msgs/msg/String,2026-08-31T20:36:11.297155-04:00,1788222971,297143964,1788222971297143964,129.743546,,,,23909,23908,1,0,0,23909,AxisTarget,1,True,True,True,True,4.741301,-57.4884,100.492203,0.0256,46.611103,4.71597,599.048767,-49.711594,442.831512,179.992294,0.382252,-179.949677,6560,False,True,11,133,False,
513,/kuka/axis_move/feedback_json,std_msgs/msg/String,2026-08-31T20:36:11.527041-04:00,1788222971,527022845,1788222971527022845,229.878881,,,,23910,23909,1,0,0,23910,AxisTarget,1,True,True,True,False,4.801162,-57.485256,100.483505,0.024461,46.615871,4.794844,599.039856,-50.289009,442.845703,179.994049,0.383076,-179.949875,6561,False,True,11,133,False,
514,/kuka/axis_move/feedback_json,std_msgs/msg/String,2026-08-31T20:36:11.655174-04:00,1788222971,655161358,1788222971655161358,128.138513,,,,23911,23910,1,0,0,23911,AxisTarget,1,True,True,True,False,4.911343,-57.479755,100.468643,0.022561,46.623642,4.920487,599.020874,-51.40979,442.87326,179.997452,0.384677,-179.950256,6561,False,True,11,133,False,
515,/kuka/axis_move/feedback_json,std_msgs/msg/String,2026-08-31T20:36:11.782157-04:00,1788222971,782151483,1788222971782151483,126.990125,,,,23912,23911,1,0,0,23912,AxisTarget,1,True,True,True,False,5.072192,-57.472095,100.448051,0.019941,46.634315,5.092247,598.989075,-53.063805,442.91391,-179.997528,0.387045,-179.950806,6561,False,True,11,133,False,
516,/kuka/axis_move/feedback_json,std_msgs/msg/String,2026-08-31T20:36:11.911582-04:00,1788222971,911554728,1788222971911554728,129.403245,,,,23913,23912,1,0,0,23913,AxisTarget,1,True,True,True,False,5.284689,-57.461742,100.420349,0.016431,46.648548,5.320204,598.941406,-55.191048,442.966187,-179.991074,0.3901,-179.951492,6561,False,True,11,133,False,
517,/kuka/axis_move/feedback_json,std_msgs/msg/String,2026-08-31T20:36:12.128849-04:00,1788222972,128842076,1788222972128842076,217.287348,,,,23914,23913,1,0,0,23914,AxisTarget,1,True,True,True,False,5.687882,-57.442223,100.368408,0.009889,46.674931,5.740625,598.824036,-59.425545,443.070282,-179.97821,0.39621,-179.952789,6562,False,True,11,133,False,
518,/kuka/axis_move/feedback_json,std_msgs/msg/String,2026-08-31T20:36:12.255332-04:00,1788222972,255326452,1788222972255326452,126.484376,,,,23915,23914,1,0,0,23915,AxisTarget,1,True,True,True,False,5.895801,-57.432217,100.341949,0.006578,46.68819,5.950473,598.750427,-61.646404,443.124908,-179.971466,0.39943,-179.953445,6562,False,True,11,133,False,
519,/kuka/axis_move/feedback_json,std_msgs/msg/String,2026-08-31T20:36:12.384755-04:00,1788222972,384746985,1788222972384746985,129.420533,,,,23916,23915,1,0,0,23916,AxisTarget,1,True,True,True,False,6.055699,-57.424553,100.32177,0.003994,46.698505,6.113095,598.685547,-63.424297,443.16861,-179.96608,0.402015,-179.953949,6562,False,True,11,133,False,
520,/kuka/axis_move/feedback_json,std_msgs/msg/String,2026-08-31T20:36:12.608781-04:00,1788222972,608776034,1788222972608776034,224.029049,,,,23917,23916,1,0,0,23917,AxisTarget,1,True,True,True,False,6.219464,-57.416767,100.301437,0.001548,46.708176,6.264225,598.615845,-65.191322,443.212067,-179.960709,0.404591,-179.954422,6563,False,True,11,133,False,
521,/kuka/axis_move/feedback_json,std_msgs/msg/String,2026-08-31T20:36:12.734723-04:00,1788222972,734699256,1788222972734699256,125.923222,,,,23918,23917,1,0,0,23918,AxisTarget,1,True,True,True,False,6.238669,-57.415901,100.299301,0.0013,46.709099,6.2777,598.605652,-65.438728,443.21814,-179.959961,0.404952,-179.954498,6563,False,True,11,133,False,
522,/kuka/axis_move/feedback_json,std_msgs/msg/String,2026-08-31T20:36:12.857123-04:00,1788222972,857112352,1788222972857112352,122.413096,,,,23919,23918,1,0,0,23919,AxisTarget,1,True,True,True,False,6.2387,-57.415901,100.299301,0.0013,46.709099,6.2777,598.605591,-65.439835,443.21817,-179.959946,0.404953,-179.954498,6563,False,True,11,133,False,
523,/kuka/axis_move/feedback_json,std_msgs/msg/String,2026-08-31T20:36:12.984853-04:00,1788222972,984841935,1788222972984841935,127.729583,,,,23920,23919,1,0,0,23920,AxisTarget,1,True,True,True,True,6.248545,-57.415363,100.297699,0.001074,46.710102,6.295364,598.602295,-65.519501,443.220123,-179.959717,0.405069,-179.954514,6563,False,True,11,133,False,
524,/kuka/axis_move/feedback_json,std_msgs/msg/String,2026-08-31T20:36:13.207867-04:00,1788222973,207835137,1788222973207835137,222.993202,,,,23921,23920,1,0,0,23921,AxisTarget,1,True,True,True,False,6.445096,-57.405602,100.271202,-0.002365,46.724159,6.524304,598.517334,-67.48848,443.268311,-179.953766,0.407934,-179.955048,6564,False,True,11,133,False,
525,/kuka/axis_move/feedback_json,std_msgs/msg/String,2026-08-31T20:36:13.333860-04:00,1788222973,333835104,1788222973333835104,125.999967,,,,23922,23921,1,0,0,23922,AxisTarget,1,True,True,True,False,6.662786,-57.394974,100.242828,-0.005986,46.738716,6.757537,598.411987,-69.745277,443.323547,-179.946945,0.411227,-179.955643,6564,False,True,11,133,False,
526,/kuka/axis_move/feedback_json,std_msgs/msg/String,2026-08-31T20:36:13.459060-04:00,1788222973,459034088,1788222973459034088,125.198984,,,,23923,23922,1,0,0,23923,AxisTarget,1,True,True,True,False,6.885106,-57.384201,100.214279,-0.009604,46.753155,6.987246,598.297546,-72.012177,443.379028,-179.940094,0.414545,-179.956207,6564,False,True,11,133,False,
527,/kuka/axis_move/feedback_json,std_msgs/msg/String,2026-08-31T20:36:13.585021-04:00,1788222973,585015542,1788222973585015542,125.981454,,,,23924,23923,1,0,0,23924,AxisTarget,1,True,True,True,False,7.067793,-57.375462,100.191414,-0.012464,46.764427,7.164271,598.189514,-74.010757,443.427948,-179.934052,0.41748,-179.95668,6564,False,True,11,133,False,
528,/kuka/axis_move/feedback_json,std_msgs/msg/String,2026-08-31T20:36:13.815314-04:00,1788222973,815308196,1788222973815308196,230.292654,,,,23925,23924,1,0,0,23925,AxisTarget,1,True,True,True,False,7.186648,-57.369904,100.177208,-0.0142,46.771099,7.266503,598.110535,-75.398628,443.461945,-179.92984,0.419523,-179.957001,6565,False,True,11,133,False,
529,/kuka/axis_move/feedback_json,std_msgs/msg/String,2026-08-31T20:36:13.944941-04:00,1788222973,944934821,1788222973944934821,129.626625,,,,23926,23925,1,0,0,23926,AxisTarget,1,True,True,True,False,7.1868,-57.3699,100.1772,-0.0142,46.771099,7.2665,598.110168,-75.404335,443.462067,-179.929825,0.419531,-179.957001,6565,False,True,11,133,False,
530,/kuka/axis_move/feedback_json,std_msgs/msg/String,2026-08-31T20:36:14.173901-04:00,1788222974,173890303,1788222974173890303,228.955482,,,,23927,23926,1,0,0,23927,AxisTarget,1,True,True,True,True,7.333674,-57.36245,100.156487,-0.01694,46.78257,7.456786,598.031494,-76.73217,443.494659,-179.925781,0.42148,-179.957306,6566,False,True,11,133,False,
531,/kuka/axis_move/feedback_json,std_msgs/msg/String,2026-08-31T20:36:14.309555-04:00,1788222974,309541957,1788222974309541957,135.651654,,,,23928,23927,1,0,0,23928,AxisTarget,1,True,True,True,False,7.542463,-57.352497,100.130463,-0.02018,46.795326,7.655814,597.889771,-79.007538,443.550476,-179.918854,0.424828,-179.957794,6566,False,True,11,133,False,
532,/kuka/axis_move/feedback_json,std_msgs/msg/String,2026-08-31T20:36:14.533519-04:00,1788222974,533511684,1788222974533511684,223.969727,,,,23929,23928,1,0,0,23929,AxisTarget,1,True,True,True,False,7.5855,-57.350601,100.1259,-0.0207,46.797199,7.6824,597.851746,-79.595207,443.564911,-179.917053,0.425694,-179.957901,6567,False,True,11,133,False,
533,/kuka/axis_move/feedback_json,std_msgs/msg/String,2026-08-31T20:36:14.664087-04:00,1788222974,664081338,1788222974664081338,130.569654,,,,23930,23929,1,0,0,23930,AxisTarget,1,True,True,True,True,7.599529,-57.349998,100.1241,-0.0209,46.7981,7.696998,597.842163,-79.741127,443.569214,-179.916595,0.425995,-179.957901,6567,False,True,11,133,False,
534,/kuka/axis_move/feedback_json,std_msgs/msg/String,2026-08-31T20:36:14.897045-04:00,1788222974,897034233,1788222974897034233,232.952895,,,,23931,23930,1,0,0,23931,AxisTarget,1,True,True,True,False,7.5995,-57.349998,100.1241,-0.0209,46.7981,7.697,597.842041,-79.742393,443.569275,-179.916595,0.425998,-179.957901,6568,False,True,11,133,False,
535,/kuka/axis_move/feedback_json,std_msgs/msg/String,2026-08-31T20:36:15.024890-04:00,1788222975,24879642,1788222975024879642,127.845409,,,,23932,23931,1,0,0,23932,AxisTarget,1,True,True,True,True,7.604508,-57.379879,100.180122,-0.021458,46.770401,7.703483,597.625427,-79.755753,443.574127,-179.917587,0.426041,-179.958115,6568,False,True,11,133,False,
536,/kuka/axis_move/feedback_json,std_msgs/msg/String,2026-08-31T20:36:15.246108-04:00,1788222975,246102587,1788222975246102587,221.222945,,,,23933,23932,1,0,0,23933,AxisTarget,1,True,True,True,False,7.630799,-57.518509,100.410614,-0.0235,46.68,7.7224,596.152222,-79.845505,443.606201,-179.924301,0.426332,-179.959564,6569,False,True,11,133,False,
537,/kuka/axis_move/feedback_json,std_msgs/msg/String,2026-08-31T20:36:15.372916-04:00,1788222975,372910422,1788222975372910422,126.807835,,,,23934,23933,1,0,0,23934,AxisTarget,1,True,True,True,False,7.6308,-57.518501,100.410599,-0.0235,46.68,7.7224,596.150696,-79.845596,443.606232,-179.924301,0.426333,-179.959564,6569,False,True,11,133,False,
538,/kuka/axis_move/feedback_json,std_msgs/msg/String,2026-08-31T20:36:15.496609-04:00,1788222975,496604125,1788222975496604125,123.693703,,,,23935,23934,1,0,0,23935,AxisTarget,1,True,True,True,True,7.632297,-57.527493,100.427536,-0.023674,46.671539,7.724391,596.086487,-79.849449,443.607605,-179.924606,0.426349,-179.959625,6569,False,True,11,133,False,
539,/kuka/axis_move/feedback_json,std_msgs/msg/String,2026-08-31T20:36:15.718002-04:00,1788222975,717994035,1788222975717994035,221.38991,,,,23936,23935,1,0,0,23936,AxisTarget,1,True,True,True,False,7.656356,-57.660099,100.657898,-0.025864,46.572464,7.746129,594.878845,-79.921288,443.632904,-179.930115,0.426662,-179.960831,6570,False,True,11,133,False,
540,/kuka/axis_move/feedback_json,std_msgs/msg/String,2026-08-31T20:36:15.847248-04:00,1788222975,847230810,1788222975847230810,129.236775,,,,23937,23936,1,0,0,23937,AxisTarget,1,True,True,True,False,7.680315,-57.789631,100.878654,-0.027924,46.481045,7.765816,593.593689,-79.996353,443.658539,-179.935974,0.426995,-179.962097,6570,False,True,11,133,False,
541,/kuka/axis_move/feedback_json,std_msgs/msg/String,2026-08-31T20:36:15.973626-04:00,1788222975,973618699,1788222975973618699,126.387889,,,,23938,23937,1,0,0,23938,AxisTarget,1,True,True,True,False,7.704181,-57.917427,101.094345,-0.029917,46.393475,7.784956,592.238342,-80.073975,443.684143,-179.942154,0.427345,-179.963425,6570,False,True,11,133,False,
542,/kuka/axis_move/feedback_json,std_msgs/msg/String,2026-08-31T20:36:16.201836-04:00,1788222976,201828618,1788222976201828618,228.209919,,,,23939,23938,1,0,0,23939,AxisTarget,1,True,True,True,False,7.724168,-58.022186,101.267349,-0.031485,46.326126,7.798515,591.090271,-80.138496,443.704712,-179.947388,0.427642,-179.964554,6571,False,True,11,133,False,
543,/kuka/axis_move/feedback_json,std_msgs/msg/String,2026-08-31T20:36:16.332705-04:00,1788222976,332694066,1788222976332694066,130.865448,,,,23940,23939,1,0,0,23940,AxisTarget,1,True,True,True,False,7.7246,-58.024101,101.269997,-0.0315,46.3256,7.7986,591.056946,-80.140358,443.705292,-179.94754,0.427651,-179.964584,6571,False,True,11,133,False,
544,/kuka/axis_move/feedback_json,std_msgs/msg/String,2026-08-31T20:36:16.460669-04:00,1788222976,460658361,1788222976460658361,127.964295,,,,23941,23940,1,0,0,23941,AxisTarget,1,True,True,True,True,7.724729,-58.024971,101.271828,-0.031521,46.324497,7.798882,591.052734,-80.140587,443.705353,-179.947556,0.427652,-179.9646,6571,False,True,11,133,False,
545,/kuka/axis_move/feedback_json,std_msgs/msg/String,2026-08-31T20:36:16.588405-04:00,1788222976,588398797,1788222976588398797,127.740436,,,,23942,23941,1,0,0,23942,AxisTarget,1,True,True,True,False,7.728675,-58.047245,101.311424,-0.031904,46.306736,7.802852,590.869202,-80.150803,443.708527,-179.948395,0.427695,-179.964767,6571,False,True,11,133,False,
546,/kuka/axis_move/feedback_json,std_msgs/msg/String,2026-08-31T20:36:16.812758-04:00,1788222976,812747242,1788222976812747242,224.348445,,,,23943,23942,1,0,0,23943,AxisTarget,1,True,True,True,False,7.750182,-58.164906,101.514481,-0.033818,46.220509,7.821649,589.751404,-80.21241,443.727203,-179.953491,0.427956,-179.965866,6572,False,True,11,133,False,
547,/kuka/axis_move/feedback_json,std_msgs/msg/String,2026-08-31T20:36:16.938134-04:00,1788222976,938123426,1788222976938123426,125.376184,,,,23944,23943,1,0,0,23944,AxisTarget,1,True,True,True,False,7.770081,-58.273098,101.700089,-0.035621,46.13974,7.839154,588.656494,-80.271721,443.744537,-179.958496,0.428211,-179.966919,6572,False,True,11,133,False,
548,/kuka/axis_move/feedback_json,std_msgs/msg/String,2026-08-31T20:36:17.067445-04:00,1788222977,67434692,1788222977067434692,129.311266,,,,23945,23944,1,0,0,23945,AxisTarget,1,True,True,True,False,7.79573,-58.411549,101.935852,-0.037749,46.045124,7.859503,587.304321,-80.343567,443.764648,-179.964661,0.428526,-179.968231,6572,False,True,11,133,False,
549,/kuka/axis_move/feedback_json,std_msgs/msg/String,2026-08-31T20:36:17.196130-04:00,1788222977,196118939,1788222977196118939,128.684247,,,,23946,23945,1,0,0,23946,AxisTarget,1,True,True,True,False,7.820887,-58.547077,102.166245,-0.039889,45.95013,7.879913,585.927551,-80.415123,443.783691,-179.970947,0.428847,-179.969559,6572,False,True,11,133,False,
550,/kuka/axis_move/feedback_json,std_msgs/msg/String,2026-08-31T20:36:17.414351-04:00,1788222977,414341965,1788222977414341965,218.223026,,,,23947,23946,1,0,0,23947,AxisTarget,1,True,True,True,False,7.858101,-58.746117,102.502098,-0.042983,45.813793,7.908971,583.844666,-80.52034,443.809662,-179.980423,0.429332,-179.971542,6573,False,True,11,133,False,
551,/kuka/axis_move/feedback_json,std_msgs/msg/String,2026-08-31T20:36:17.542252-04:00,1788222977,542246296,1788222977542246296,127.904331,,,,23948,23947,1,0,0,23948,AxisTarget,1,True,True,True,False,7.871382,-58.816681,102.620369,-0.044066,45.766415,7.919002,583.084961,-80.557816,443.818298,-179.983887,0.429509,-179.97226,6573,False,True,11,133,False,
552,/kuka/axis_move/feedback_json,std_msgs/msg/String,2026-08-31T20:36:17.764592-04:00,1788222977,764570208,1788222977764570208,222.323912,,,,23949,23948,1,0,0,23949,AxisTarget,1,True,True,True,False,7.880959,-58.866547,102.702225,-0.044799,45.735027,7.925497,582.50354,-80.586166,443.824615,-179.986526,0.429644,-179.972809,6574,False,True,11,133,False,
553,/kuka/axis_move/feedback_json,std_msgs/msg/String,2026-08-31T20:36:17.894629-04:00,1788222977,894622976,1788222977894622976,130.052768,,,,23950,23949,1,0,0,23950,AxisTarget,1,True,True,True,False,7.881,-58.866699,102.7024,-0.0448,45.735001,7.9255,582.49939,-80.586372,443.824677,-179.986542,0.429645,-179.972809,6574,False,True,11,133,False,
554,/kuka/axis_move/feedback_json,std_msgs/msg/String,2026-08-31T20:36:18.022589-04:00,1788222978,22582160,1788222978022582160,127.959184,,,,23951,23950,1,0,0,23951,AxisTarget,1,True,True,True,True,7.881291,-58.868526,102.706497,-0.044843,45.732838,7.926021,582.487854,-80.586929,443.824799,-179.986603,0.429648,-179.972824,6574,False,True,11,133,False,
555,/kuka/axis_move/feedback_json,std_msgs/msg/String,2026-08-31T20:36:18.144873-04:00,1788222978,144863999,1788222978144863999,122.281839,,,,23952,23951,1,0,0,23952,AxisTarget,1,True,True,True,False,7.884921,-58.888817,102.741714,-0.045183,45.717323,7.929461,582.312561,-80.595406,443.82666,-179.987396,0.429691,-179.972992,6574,False,True,11,133,False,
556,/kuka/axis_move/feedback_json,std_msgs/msg/String,2026-08-31T20:36:18.373424-04:00,1788222978,373411746,1788222978373411746,228.547747,,,,23953,23952,1,0,0,23953,AxisTarget,1,True,True,True,False,7.901286,-58.978268,102.899788,-0.046677,45.650349,7.944046,581.428162,-80.63781,443.835693,-179.991409,0.429911,-179.973831,6575,False,True,11,133,False,
557,/kuka/axis_move/feedback_json,std_msgs/msg/String,2026-08-31T20:36:18.501973-04:00,1788222978,501967865,1788222978501967865,128.556119,,,,23954,23953,1,0,0,23954,AxisTarget,1,True,True,True,False,7.917252,-59.065063,103.044716,-0.04804,45.589565,7.957219,580.593994,-80.6772,443.843689,-179.995209,0.430118,-179.974609,6575,False,True,11,133,False,
558,/kuka/axis_move/feedback_json,std_msgs/msg/String,2026-08-31T20:36:18.630262-04:00,1788222978,630236979,1788222978630236979,128.269114,,,,23955,23954,1,0,0,23955,AxisTarget,1,True,True,True,False,7.937136,-59.172951,103.229347,-0.049774,45.509731,7.974488,579.482422,-80.72879,443.853485,179.999756,0.430394,-179.975662,6575,False,True,11,133,False,
559,/kuka/axis_move/feedback_json,std_msgs/msg/String,2026-08-31T20:36:18.752929-04:00,1788222978,752921243,1788222978752921243,122.684264,,,,23956,23955,1,0,0,23956,AxisTarget,1,True,True,True,False,7.961133,-59.302788,103.450882,-0.051847,45.420418,7.993741,578.211914,-80.786507,443.863525,179.993988,0.430709,-179.976837,6575,False,True,11,133,False,
560,/kuka/axis_move/feedback_json,std_msgs/msg/String,2026-08-31T20:36:18.982117-04:00,1788222978,982111485,1788222978982111485,229.190242,,,,23957,23956,1,0,0,23957,AxisTarget,1,True,True,True,False,8.005147,-59.539989,103.854088,-0.055607,45.254158,8.02947,575.733093,-80.895271,443.879608,179.982758,0.431323,-179.979141,6576,False,True,11,133,False,
561,/kuka/axis_move/feedback_json,std_msgs/msg/String,2026-08-31T20:36:19.105883-04:00,1788222979,105868222,1788222979105868222,123.756737,,,,23958,23957,1,0,0,23958,AxisTarget,1,True,True,True,False,8.030216,-59.674976,104.083313,-0.057742,45.15987,8.049704,574.341187,-80.954132,443.886566,179.976456,0.431667,-179.980423,6576,False,True,11,133,False,
562,/kuka/axis_move/feedback_json,std_msgs/msg/String,2026-08-31T20:36:19.230609-04:00,1788222979,230598362,1788222979230598362,124.73014,,,,23959,23958,1,0,0,23959,AxisTarget,1,True,True,True,False,8.051983,-59.79158,104.280327,-0.059568,45.079617,8.066842,573.118286,-81.004539,443.89151,179.970932,0.431969,-179.981537,6576,False,True,11,133,False,
563,/kuka/axis_move/feedback_json,std_msgs/msg/String,2026-08-31T20:36:19.353344-04:00,1788222979,353334616,1788222979353334616,122.736254,,,,23960,23959,1,0,0,23960,AxisTarget,1,True,True,True,False,8.069684,-59.886269,104.440079,-0.061047,45.014732,8.08068,572.148376,-81.043648,443.894623,179.966537,0.432209,-179.982422,6576,False,True,11,133,False,
564,/kuka/axis_move/feedback_json,std_msgs/msg/String,2026-08-31T20:36:19.573115-04:00,1788222979,573104433,1788222979573104433,219.769817,,,,23961,23960,1,0,0,23961,AxisTarget,1,True,True,True,False,8.091079,-60.000313,104.631805,-0.062815,44.937431,8.097102,570.918762,-81.092133,443.897522,179.960983,0.432512,-179.983536,6577,False,True,11,133,False,
565,/kuka/axis_move/feedback_json,std_msgs/msg/String,2026-08-31T20:36:19.700476-04:00,1788222979,700450115,1788222979700450115,127.345682,,,,23962,23961,1,0,0,23962,AxisTarget,1,True,True,True,False,8.097495,-60.034187,104.688179,-0.063329,44.915176,8.101778,570.530945,-81.107162,443.898224,179.959229,0.432608,-179.983887,6577,False,True,11,133,False,
566,/kuka/axis_move/feedback_json,std_msgs/msg/String,2026-08-31T20:36:19.826185-04:00,1788222979,826173401,1788222979826173401,125.723286,,,,23963,23962,1,0,0,23963,AxisTarget,1,True,True,True,False,8.099864,-60.046261,104.707542,-0.063499,44.908127,8.103197,570.385315,-81.112778,443.898438,179.958572,0.432644,-179.984024,6577,False,True,11,133,False,
567,/kuka/axis_move/feedback_json,std_msgs/msg/String,2026-08-31T20:36:19.958997-04:00,1788222979,958987910,1788222979958987910,132.814509,,,,23964,23963,1,0,0,23964,AxisTarget,1,True,True,True,False,8.0999,-60.046398,104.707703,-0.0635,44.9081,8.1032,570.380737,-81.112961,443.898468,179.958557,0.432645,-179.984024,6577,False,True,11,133,False,
568,/kuka/axis_move/feedback_json,std_msgs/msg/String,2026-08-31T20:36:20.192086-04:00,1788222980,192080639,1788222980192080639,233.092729,,,,23965,23964,1,0,0,23965,AxisTarget,1,True,True,True,True,8.102163,-60.059937,104.731903,-0.063736,44.89711,8.105676,570.2677,-81.117302,443.898621,179.958054,0.432671,-179.984131,6578,False,True,11,133,False,
569,/kuka/axis_move/feedback_json,std_msgs/msg/String,2026-08-31T20:36:20.317384-04:00,1788222980,317353556,1788222980317353556,125.272917,,,,23966,23965,1,0,0,23966,AxisTarget,1,True,True,True,False,8.107952,-60.091042,104.785744,-0.064244,44.874111,8.110704,569.969421,-81.128708,443.898987,179.956696,0.432739,-179.98439,6578,False,True,11,133,False,
570,/kuka/axis_move/feedback_json,std_msgs/msg/String,2026-08-31T20:36:20.440647-04:00,1788222980,440641264,1788222980440641264,123.287708,,,,23967,23966,1,0,0,23967,AxisTarget,1,True,True,True,False,8.116654,-60.1385,104.867355,-0.065009,44.839691,8.118185,569.501099,-81.146477,443.899414,179.95459,0.432846,-179.984818,6578,False,True,11,133,False,
571,/kuka/axis_move/feedback_json,std_msgs/msg/String,2026-08-31T20:36:20.568602-04:00,1788222980,568590385,1788222980568590385,127.949121,,,,23968,23967,1,0,0,23968,AxisTarget,1,True,True,True,False,8.128088,-60.200657,104.97393,-0.066005,44.795002,8.128235,568.856018,-81.170662,443.89975,179.951691,0.432994,-179.985382,6578,False,True,11,133,False,
572,/kuka/axis_move/feedback_json,std_msgs/msg/String,2026-08-31T20:36:20.788854-04:00,1788222980,788841630,1788222980788841630,220.251245,,,,23969,23968,1,0,0,23969,AxisTarget,1,True,True,True,False,8.157973,-60.362743,105.251198,-0.068591,44.679264,8.152899,567.207153,-81.230957,443.899231,179.944275,0.433371,-179.986862,6579,False,True,11,133,False,
573,/kuka/axis_move/feedback_json,std_msgs/msg/String,2026-08-31T20:36:20.916521-04:00,1788222980,916509887,1788222980916509887,127.668257,,,,23970,23969,1,0,0,23970,AxisTarget,1,True,True,True,False,8.178717,-60.475094,105.44313,-0.070379,44.599361,8.170156,566.057922,-81.271683,443.897675,179.939102,0.433633,-179.987869,6579,False,True,11,133,False,
574,/kuka/axis_move/feedback_json,std_msgs/msg/String,2026-08-31T20:36:21.044786-04:00,1788222981,44773689,1788222981044773689,128.263802,,,,23971,23970,1,0,0,23971,AxisTarget,1,True,True,True,False,8.203172,-60.60725,105.668358,-0.072471,44.506077,8.190248,564.695435,-81.318604,443.894531,179.932983,0.433944,-179.989075,6579,False,True,11,133,False,
575,/kuka/axis_move/feedback_json,std_msgs/msg/String,2026-08-31T20:36:21.170048-04:00,1788222981,170037736,1788222981170037736,125.264047,,,,23972,23971,1,0,0,23972,AxisTarget,1,True,True,True,False,8.228317,-60.742779,105.898758,-0.074607,44.411079,8.210667,563.328735,-81.364174,443.890045,179.926849,0.434255,-179.990265,6579,False,True,11,133,False,
576,/kuka/axis_move/feedback_json,std_msgs/msg/String,2026-08-31T20:36:21.393073-04:00,1788222981,393062669,1788222981393062669,223.024933,,,,23973,23972,1,0,0,23973,AxisTarget,1,True,True,True,False,8.271536,-60.975719,106.301956,-0.078344,44.244839,8.246399,560.85498,-81.442879,443.878387,179.915741,0.434818,-179.992416,6580,False,True,11,133,False,
577,/kuka/axis_move/feedback_json,std_msgs/msg/String,2026-08-31T20:36:21.522369-04:00,1788222981,522357907,1788222981522357907,129.295238,,,,23974,23973,1,0,0,23974,AxisTarget,1,True,True,True,False,8.296421,-61.109634,106.522011,-0.08038,44.154472,8.265779,559.44928,-81.485443,443.869781,179.909439,0.435138,-179.993622,6580,False,True,11,133,False,
578,/kuka/axis_move/feedback_json,std_msgs/msg/String,2026-08-31T20:36:21.648292-04:00,1788222981,648280839,1788222981648280839,125.922932,,,,23975,23974,1,0,0,23975,AxisTarget,1,True,True,True,False,8.319291,-61.232315,106.729576,-0.082295,44.069714,8.283908,558.183594,-81.52243,443.860809,179.903778,0.435425,-179.994705,6580,False,True,11,133,False,
579,/kuka/axis_move/feedback_json,std_msgs/msg/String,2026-08-31T20:36:21.775981-04:00,1788222981,775954662,1788222981775954662,127.673823,,,,23976,23975,1,0,0,23976,AxisTarget,1,True,True,True,False,8.33751,-61.32996,106.894638,-0.083816,44.002426,8.298287,557.10675,-81.55291,443.852234,179.898956,0.435669,-179.995636,6580,False,True,11,133,False,
580,/kuka/axis_move/feedback_json,std_msgs/msg/String,2026-08-31T20:36:22.000606-04:00,1788222982,594578,1788222982000594578,224.639916,,,,23977,23976,1,0,0,23977,AxisTarget,1,True,True,True,False,8.362403,-61.463139,107.119354,-0.085884,43.911167,8.317753,555.698853,-81.591385,443.839783,179.892654,0.435988,-179.996826,6581,False,True,11,133,False,
581,/kuka/axis_move/feedback_json,std_msgs/msg/String,2026-08-31T20:36:22.128772-04:00,1788222982,128759866,1788222982128759866,128.165288,,,,23978,23977,1,0,0,23978,AxisTarget,1,True,True,True,False,8.371994,-61.514263,107.205299,-0.086671,43.876526,8.325113,555.123718,-81.606659,443.83429,179.890091,0.436119,-179.997314,6581,False,True,11,133,False,
582,/kuka/axis_move/feedback_json,std_msgs/msg/String,2026-08-31T20:36:22.352585-04:00,1788222982,352574731,1788222982352574731,223.814865,,,,23979,23978,1,0,0,23979,AxisTarget,1,True,True,True,False,8.380729,-61.560329,107.281898,-0.087365,43.846363,8.331444,554.611755,-81.620041,443.829193,179.887802,0.436235,-179.997742,6582,False,True,11,133,False,
583,/kuka/axis_move/feedback_json,std_msgs/msg/String,2026-08-31T20:36:22.482315-04:00,1788222982,482293058,1788222982482293058,129.718327,,,,23980,23979,1,0,0,23980,AxisTarget,1,True,True,True,False,8.3813,-61.563099,107.286102,-0.0874,43.845001,8.3317,554.56842,-81.621162,443.828735,179.887604,0.436244,-179.997787,6582,False,True,11,133,False,
584,/kuka/axis_move/feedback_json,std_msgs/msg/String,2026-08-31T20:36:22.617146-04:00,1788222982,617120047,1788222982617120047,134.826989,,,,23981,23980,1,0,0,23981,AxisTarget,1,True,True,True,True,8.381301,-61.56311,107.28614,-0.087401,43.844944,8.331717,554.56842,-81.621162,443.828735,179.887604,0.436244,-179.997787,6582,False,True,11,133,False,
585,/kuka/axis_move/feedback_json,std_msgs/msg/String,2026-08-31T20:36:22.750165-04:00,1788222982,750138530,1788222982750138530,133.018483,,,,23982,23981,1,0,0,23982,AxisTarget,1,True,True,True,False,8.382466,-61.569836,107.29834,-0.087529,43.838913,8.333089,554.515503,-81.622528,443.828217,179.88736,0.436257,-179.997818,6582,False,True,11,133,False,
586,/kuka/axis_move/feedback_json,std_msgs/msg/String,2026-08-31T20:36:22.968769-04:00,1788222982,968763095,1788222982968763095,218.624565,,,,23983,23982,1,0,0,23983,AxisTarget,1,True,True,True,False,8.3919,-61.621574,107.387825,-0.08837,43.801102,8.341348,554.009644,-81.635529,443.822998,179.885101,0.436382,-179.998245,6583,False,True,11,133,False,
587,/kuka/axis_move/feedback_json,std_msgs/msg/String,2026-08-31T20:36:23.092776-04:00,1788222983,92764299,1788222983092764299,124.001204,,,,23984,23983,1,0,0,23984,AxisTarget,1,True,True,True,False,8.400702,-61.671322,107.473228,-0.089173,43.765198,8.349138,553.507141,-81.648239,443.817627,179.882843,0.436505,-179.998672,6583,False,True,11,133,False,
588,/kuka/axis_move/feedback_json,std_msgs/msg/String,2026-08-31T20:36:23.220978-04:00,1788222983,220965377,1788222983220965377,128.201078,,,,23985,23984,1,0,0,23985,AxisTarget,1,True,True,True,False,8.413006,-61.736298,107.584511,-0.090218,43.718616,8.359223,552.820068,-81.665306,443.809998,179.879776,0.436674,-179.999252,6583,False,True,11,133,False,
589,/kuka/axis_move/feedback_json,std_msgs/msg/String,2026-08-31T20:36:23.352076-04:00,1788222983,352065197,1788222983352065197,131.09982,,,,23986,23985,1,0,0,23986,AxisTarget,1,True,True,True,False,8.428321,-61.819336,107.731407,-0.091594,43.657307,8.372478,551.96167,-81.686111,443.799957,179.875931,0.436884,-179.999969,6583,False,True,11,133,False,
590,/kuka/axis_move/feedback_json,std_msgs/msg/String,2026-08-31T20:36:23.576427-04:00,1788222983,576417343,1788222983576417343,224.352146,,,,23987,23986,1,0,0,23987,AxisTarget,1,True,True,True,False,8.463058,-62.007435,108.054222,-0.094616,43.522919,8.401497,550.006836,-81.731354,443.775208,179.867188,0.437364,179.998398,6584,False,True,11,133,False,
591,/kuka/axis_move/feedback_json,std_msgs/msg/String,2026-08-31T20:36:23.706283-04:00,1788222983,706271845,1788222983706271845,129.854502,,,,23988,23987,1,0,0,23988,AxisTarget,1,True,True,True,False,8.486728,-62.135456,108.266205,-0.096598,43.431938,8.421111,548.714111,-81.759659,443.757324,179.86142,0.43768,179.99733,6584,False,True,11,133,False,
592,/kuka/axis_move/feedback_json,std_msgs/msg/String,2026-08-31T20:36:23.837170-04:00,1788222983,837158926,1788222983837158926,130.887081,,,,23989,23988,1,0,0,23989,AxisTarget,1,True,True,True,False,8.512652,-62.275185,108.503754,-0.098811,43.336929,8.441531,547.237976,-81.790398,443.735443,179.854828,0.438041,179.996124,6584,False,True,11,133,False,
593,/kuka/axis_move/feedback_json,std_msgs/msg/String,2026-08-31T20:36:23.964847-04:00,1788222983,964841666,1788222983964841666,127.68274,,,,23990,23989,1,0,0,23990,AxisTarget,1,True,True,True,False,8.537018,-62.40649,108.734154,-0.100958,43.241917,8.46195,545.802673,-81.81868,443.712708,179.848419,0.438391,179.994949,6584,False,True,11,133,False,
594,/kuka/axis_move/feedback_json,std_msgs/msg/String,2026-08-31T20:36:24.188221-04:00,1788222984,188210246,1788222984188210246,223.36858,,,,23991,23990,1,0,0,23991,AxisTarget,1,True,True,True,False,8.581819,-62.647919,109.13736,-0.104714,43.075645,8.497684,543.241211,-81.86525,443.668488,179.83699,0.439016,179.992874,6585,False,True,11,133,False,
595,/kuka/axis_move/feedback_json,std_msgs/msg/String,2026-08-31T20:36:24.313041-04:00,1788222984,313029616,1788222984313029616,124.81937,,,,23992,23991,1,0,0,23992,AxisTarget,1,True,True,True,False,8.606364,-62.779877,109.361092,-0.106793,42.983887,8.517346,541.828918,-81.888786,443.642151,179.830704,0.43936,179.991745,6585,False,True,11,133,False,
596,/kuka/axis_move/feedback_json,std_msgs/msg/String,2026-08-31T20:36:24.441156-04:00,1788222984,441145755,1788222984441145755,128.116139,,,,23993,23992,1,0,0,23993,AxisTarget,1,True,True,True,False,8.626877,-62.893368,109.553177,-0.108575,42.905365,8.534148,540.642395,-81.907394,443.618927,179.825409,0.439648,179.990799,6585,False,True,11,133,False,
597,/kuka/axis_move/feedback_json,std_msgs/msg/String,2026-08-31T20:36:24.571184-04:00,1788222984,571172207,1788222984571172207,130.026452,,,,23994,23993,1,0,0,23994,AxisTarget,1,True,True,True,False,8.646385,-62.994553,109.724319,-0.110161,42.835503,8.549087,539.542847,-81.923683,443.596527,179.820526,0.439915,179.989914,6585,False,True,11,133,False,
598,/kuka/axis_move/feedback_json,std_msgs/msg/String,2026-08-31T20:36:24.792381-04:00,1788222984,792348722,1788222984792348722,221.176515,,,,23995,23994,1,0,0,23995,AxisTarget,1,True,True,True,False,8.672542,-63.134602,109.960846,-0.11235,42.739227,8.569641,538.01062,-81.944862,443.563904,179.813705,0.440287,179.988708,6586,False,True,11,133,False,
599,/kuka/axis_move/feedback_json,std_msgs/msg/String,2026-08-31T20:36:24.917821-04:00,1788222984,917810216,1788222984917810216,125.461494,,,,23996,23995,1,0,0,23996,AxisTarget,1,True,True,True,False,8.682756,-63.189159,110.05275,-0.113199,42.702019,8.577564,537.407166,-81.952721,443.550598,179.81102,0.440433,179.988235,6586,False,True,11,133,False,
600,/kuka/axis_move/feedback_json,std_msgs/msg/String,2026-08-31T20:36:25.136063-04:00,1788222985,136051720,1788222985136051720,218.241504,,,,23997,23996,1,0,0,23997,AxisTarget,1,True,True,True,False,8.693927,-63.248486,110.152115,-0.114111,42.662262,8.585978,536.736206,-81.961136,443.535522,179.808044,0.440596,179.987701,6587,False,True,11,133,False,
601,/kuka/axis_move/feedback_json,std_msgs/msg/String,2026-08-31T20:36:25.266760-04:00,1788222985,266754937,1788222985266754937,130.703217,,,,23998,23997,1,0,0,23998,AxisTarget,1,True,True,True,False,8.696304,-63.260803,110.172226,-0.11429,42.654659,8.587538,536.583557,-81.963005,443.532074,179.807358,0.440633,179.987595,6587,False,True,11,133,False,
602,/kuka/axis_move/feedback_json,std_msgs/msg/String,2026-08-31T20:36:25.399355-04:00,1788222985,399325188,1788222985399325188,132.570251,,,,23999,23998,1,0,0,23999,AxisTarget,1,True,True,True,False,8.6965,-63.2617,110.1735,-0.1143,42.654301,8.5876,536.566101,-81.963211,443.531647,179.807281,0.440637,179.987579,6587,False,True,11,133,False,
603,/kuka/axis_move/feedback_json,std_msgs/msg/String,2026-08-31T20:36:25.628353-04:00,1788222985,628323577,1788222985628323577,228.998389,,,,24000,23999,1,0,0,24000,AxisTarget,1,True,True,True,True,8.69802,-63.270458,110.189377,-0.114457,42.646893,8.589288,536.495422,-81.964073,443.530029,179.806976,0.440653,179.987518,6588,False,True,11,133,False,
604,/kuka/axis_move/feedback_json,std_msgs/msg/String,2026-08-31T20:36:25.758337-04:00,1788222985,758306946,1788222985758306946,129.983369,,,,24001,24000,1,0,0,24001,AxisTarget,1,True,True,True,False,8.703146,-63.298698,110.238434,-0.114921,42.625801,8.593913,536.207886,-81.967522,443.523438,179.805695,0.44072,179.987289,6588,False,True,11,133,False,
605,/kuka/axis_move/feedback_json,std_msgs/msg/String,2026-08-31T20:36:25.887736-04:00,1788222985,887712049,1788222985887712049,129.405103,,,,24002,24001,1,0,0,24002,AxisTarget,1,True,True,True,False,8.712268,-63.348492,110.324158,-0.115726,42.589565,8.601795,535.714661,-81.973297,443.511963,179.803497,0.440834,179.986908,6588,False,True,11,133,False,
606,/kuka/axis_move/feedback_json,std_msgs/msg/String,2026-08-31T20:36:26.016727-04:00,1788222986,16708636,1788222986016708636,128.996587,,,,24003,24002,1,0,0,24003,AxisTarget,1,True,True,True,False,8.724833,-63.416817,110.44136,-0.116822,42.540375,8.612458,535.009949,-81.981224,443.49527,179.800369,0.440996,179.986374,6588,False,True,11,133,False,
607,/kuka/axis_move/feedback_json,std_msgs/msg/String,2026-08-31T20:36:26.245629-04:00,1788222986,245606828,1788222986245606828,228.898192,,,,24004,24003,1,0,0,24004,AxisTarget,1,True,True,True,False,8.755631,-63.587406,110.733215,-0.119544,42.418495,8.638813,533.229858,-81.999611,443.451569,179.792465,0.441406,179.985001,6589,False,True,11,133,False,
608,/kuka/axis_move/feedback_json,std_msgs/msg/String,2026-08-31T20:36:26.371287-04:00,1788222986,371276373,1788222986371276373,125.669545,,,,24005,24004,1,0,0,24005,AxisTarget,1,True,True,True,False,8.778265,-63.710602,110.943665,-0.121504,42.330887,8.657725,531.934753,-82.011505,443.418427,179.786728,0.441704,179.984009,6589,False,True,11,133,False,
609,/kuka/axis_move/feedback_json,std_msgs/msg/String,2026-08-31T20:36:26.496538-04:00,1788222986,496519339,1788222986496519339,125.242966,,,,24006,24005,1,0,0,24006,AxisTarget,1,True,True,True,False,8.8041,-63.845798,111.173622,-0.123636,42.235985,8.678124,530.488037,-82.023315,443.380005,179.780319,0.442036,179.982895,6589,False,True,11,133,False,
610,/kuka/axis_move/feedback_json,std_msgs/msg/String,2026-08-31T20:36:26.627762-04:00,1788222986,627743434,1788222986627743434,131.224095,,,,24007,24006,1,0,0,24007,AxisTarget,1,True,True,True,False,8.828465,-63.977097,111.39682,-0.125705,42.143951,8.6979,529.076233,-82.033348,443.341156,179.774063,0.44236,179.981827,6589,False,True,11,133,False,
611,/kuka/axis_move/feedback_json,std_msgs/msg/String,2026-08-31T20:36:26.846096-04:00,1788222986,846090598,1788222986846090598,218.347164,,,,24008,24007,1,0,0,24008,AxisTarget,1,True,True,True,False,8.872412,-64.213829,111.799065,-0.129431,41.978291,8.733471,526.523193,-82.047752,443.267426,179.762756,0.442944,179.979919,6590,False,True,11,133,False,
612,/kuka/axis_move/feedback_json,std_msgs/msg/String,2026-08-31T20:36:26.972917-04:00,1788222986,972905518,1788222986972905518,126.81492,,,,24009,24008,1,0,0,24009,AxisTarget,1,True,True,True,False,8.894598,-64.332802,112.00029,-0.131287,41.896152,8.751031,525.175537,-82.053421,443.226715,179.75679,0.443252,179.978912,6590,False,True,11,133,False,
613,/kuka/axis_move/feedback_json,std_msgs/msg/String,2026-08-31T20:36:27.102509-04:00,1788222987,102497119,1788222987102497119,129.591601,,,,24010,24009,1,0,0,24010,AxisTarget,1,True,True,True,False,8.913898,-64.436195,112.174995,-0.132897,41.824982,8.766231,524.071228,-82.057076,443.192444,179.751907,0.443504,179.978104,6590,False,True,11,133,False,
614,/kuka/axis_move/feedback_json,std_msgs/msg/String,2026-08-31T20:36:27.330209-04:00,1788222987,330197649,1788222987330197649,227.70053,,,,24011,24010,1,0,0,24011,AxisTarget,1,True,True,True,False,8.939203,-64.571472,112.403091,-0.134994,41.732471,8.785944,522.540588,-82.060669,443.143585,179.745148,0.443853,179.976974,6591,False,True,11,133,False,
615,/kuka/axis_move/feedback_json,std_msgs/msg/String,2026-08-31T20:36:27.462240-04:00,1788222987,462232443,1788222987462232443,132.034794,,,,24012,24011,1,0,0,24012,AxisTarget,1,True,True,True,False,8.948544,-64.62117,112.486496,-0.135757,41.698975,8.793046,521.995667,-82.061531,443.125793,179.742737,0.443978,179.976578,6591,False,True,11,133,False,
616,/kuka/axis_move/feedback_json,std_msgs/msg/String,2026-08-31T20:36:27.683412-04:00,1788222987,683383522,1788222987683383522,221.151079,,,,24013,24012,1,0,0,24013,AxisTarget,1,True,True,True,False,8.955483,-64.657494,112.546417,-0.136295,41.675766,8.797873,521.555786,-82.062073,443.111298,179.740799,0.444078,179.976257,6592,False,True,11,133,False,
617,/kuka/axis_move/feedback_json,std_msgs/msg/String,2026-08-31T20:36:27.809065-04:00,1788222987,809044086,1788222987809044086,125.660564,,,,24014,24013,1,0,0,24014,AxisTarget,1,True,True,True,False,8.9556,-64.657997,112.547096,-0.1363,41.675598,8.7979,521.543884,-82.062088,443.110901,179.740753,0.44408,179.976242,6592,False,True,11,133,False,
618,/kuka/axis_move/feedback_json,std_msgs/msg/String,2026-08-31T20:36:27.931988-04:00,1788222987,931981889,1788222987931981889,122.937803,,,,24015,24014,1,0,0,24015,AxisTarget,1,True,True,True,True,8.955662,-64.658432,112.548035,-0.136311,41.674999,8.798058,521.541931,-82.062088,443.11084,179.740738,0.444081,179.976242,6592,False,True,11,133,False,
619,/kuka/axis_move/feedback_json,std_msgs/msg/String,2026-08-31T20:36:28.060703-04:00,1788222988,60691879,1788222988060691879,128.70999,,,,24016,24015,1,0,0,24016,AxisTarget,1,True,True,True,False,8.958342,-64.673645,112.575218,-0.136577,41.662693,8.800821,521.401917,-82.062233,443.106201,179.740112,0.444113,179.976135,6592,False,True,11,133,False,
620,/kuka/axis_move/feedback_json,std_msgs/msg/String,2026-08-31T20:36:28.280340-04:00,1788222988,280318777,1788222988280318777,219.626898,,,,24017,24016,1,0,0,24017,AxisTarget,1,True,True,True,False,8.974657,-64.762978,112.729492,-0.138039,41.597088,8.815137,520.504395,-82.062813,443.076141,179.736145,0.444321,179.975479,6593,False,True,11,133,False,
621,/kuka/axis_move/feedback_json,std_msgs/msg/String,2026-08-31T20:36:28.408477-04:00,1788222988,408452200,1788222988408452200,128.133423,,,,24018,24017,1,0,0,24018,AxisTarget,1,True,True,True,False,8.990047,-64.84668,112.873123,-0.139391,41.536758,8.828223,519.630981,-82.06282,443.046356,179.7323,0.444522,179.974838,6593,False,True,11,133,False,
622,/kuka/axis_move/feedback_json,std_msgs/msg/String,2026-08-31T20:36:28.532806-04:00,1788222988,532793296,1788222988532793296,124.341096,,,,24019,24018,1,0,0,24019,AxisTarget,1,True,True,True,False,9.010685,-64.958694,113.064919,-0.141194,41.456535,8.845591,518.450806,-82.061951,443.00531,179.727081,0.444794,179.973984,6593,False,True,11,133,False,
623,/kuka/axis_move/feedback_json,std_msgs/msg/String,2026-08-31T20:36:28.658214-04:00,1788222988,658202546,1788222988658202546,125.40925,,,,24020,24019,1,0,0,24020,AxisTarget,1,True,True,True,False,9.034546,-65.087601,113.284584,-0.143248,41.36557,8.865179,517.067017,-82.059647,442.955963,179.720963,0.445113,179.972977,6593,False,True,11,133,False,
624,/kuka/axis_move/feedback_json,std_msgs/msg/String,2026-08-31T20:36:28.871793-04:00,1788222988,871787170,1788222988871787170,213.584624,,,,24021,24020,1,0,0,24021,AxisTarget,1,True,True,True,False,9.076995,-65.316322,113.673378,-0.146875,41.205254,8.899639,514.578613,-82.052025,442.864044,179.709991,0.445685,179.971191,6594,False,True,11,133,False,
625,/kuka/axis_move/feedback_json,std_msgs/msg/String,2026-08-31T20:36:28.998041-04:00,1788222988,998033661,1788222988998033661,126.246491,,,,24022,24021,1,0,0,24022,AxisTarget,1,True,True,True,False,9.10049,-65.442429,113.886871,-0.148858,41.117992,8.918307,513.143127,-82.045609,442.809143,179.703659,0.446014,179.970184,6594,False,True,11,133,False,
626,/kuka/axis_move/feedback_json,std_msgs/msg/String,2026-08-31T20:36:29.129066-04:00,1788222989,129058539,1788222989129058539,131.024878,,,,24023,24022,1,0,0,24023,AxisTarget,1,True,True,True,False,9.12041,-65.54895,114.066566,-0.150522,41.04504,8.933867,511.987366,-82.039368,442.763947,179.698563,0.446279,179.96936,6594,False,True,11,133,False,
627,/kuka/axis_move/feedback_json,std_msgs/msg/String,2026-08-31T20:36:29.344210-04:00,1788222989,344204837,1788222989344204837,215.146298,,,,24024,24023,1,0,0,24024,AxisTarget,1,True,True,True,False,9.143368,-65.671249,114.272095,-0.152417,40.962254,8.951451,510.59079,-82.030548,442.70816,179.692413,0.446599,179.968384,6595,False,True,11,133,False,
628,/kuka/axis_move/feedback_json,std_msgs/msg/String,2026-08-31T20:36:29.469000-04:00,1788222989,468995180,1788222989468995180,124.790343,,,,24025,24024,1,0,0,24025,AxisTarget,1,True,True,True,False,9.150023,-65.706322,114.330376,-0.152948,40.939323,8.956261,510.164093,-82.02758,442.690857,179.690536,0.446696,179.968079,6595,False,True,11,133,False,
629,/kuka/axis_move/feedback_json,std_msgs/msg/String,2026-08-31T20:36:29.596647-04:00,1788222989,596625538,1788222989596625538,127.630358,,,,24026,24025,1,0,0,24026,AxisTarget,1,True,True,True,False,9.152183,-65.717239,114.34774,-0.1531,40.933105,8.9575,510.020752,-82.02655,442.684998,179.689911,0.446729,179.967987,6595,False,True,11,133,False,
630,/kuka/axis_move/feedback_json,std_msgs/msg/String,2026-08-31T20:36:29.725826-04:00,1788222989,725819727,1788222989725819727,129.194189,,,,24027,24026,1,0,0,24027,AxisTarget,1,True,True,True,False,9.1522,-65.7173,114.347801,-0.1531,40.933102,8.9575,510.018646,-82.026535,442.684937,179.689896,0.44673,179.967972,6595,False,True,11,133,False,
631,/kuka/axis_move/feedback_json,std_msgs/msg/String,2026-08-31T20:36:29.958954-04:00,1788222989,958946980,1788222989958946980,233.127253,,,,24028,24027,1,0,0,24028,AxisTarget,1,True,True,True,True,9.157747,-65.748695,114.403793,-0.153645,40.90778,8.963191,509.738617,-82.024475,442.673462,179.68866,0.446792,179.967789,6596,False,True,11,133,False,
632,/kuka/axis_move/feedback_json,std_msgs/msg/String,2026-08-31T20:36:30.088747-04:00,1788222990,88741428,1788222990088741428,129.794448,,,,24029,24028,1,0,0,24029,AxisTarget,1,True,True,True,False,9.170589,-65.819145,114.525635,-0.154796,40.85582,8.974545,508.993286,-82.018723,442.642731,179.685394,0.446957,179.96727,6596,False,True,11,133,False,
633,/kuka/axis_move/feedback_json,std_msgs/msg/String,2026-08-31T20:36:30.220282-04:00,1788222990,220273030,1788222990220273030,131.531602,,,,24030,24029,1,0,0,24030,AxisTarget,1,True,True,True,False,9.190232,-65.926201,114.716438,-0.156587,40.77544,8.992002,507.860657,-82.009216,442.595306,179.68042,0.447209,179.966492,6596,False,True,11,133,False,
634,/kuka/axis_move/feedback_json,std_msgs/msg/String,2026-08-31T20:36:30.439749-04:00,1788222990,439742593,1788222990439742593,219.469563,,,,24031,24030,1,0,0,24031,AxisTarget,1,True,True,True,False,9.233895,-66.161835,115.117882,-0.160317,40.609657,9.027655,505.289368,-81.984276,442.484528,179.669128,0.447778,179.964722,6597,False,True,11,133,False,
635,/kuka/axis_move/feedback_json,std_msgs/msg/String,2026-08-31T20:36:30.566399-04:00,1788222990,566393625,1788222990566393625,126.651032,,,,24032,24031,1,0,0,24032,AxisTarget,1,True,True,True,False,9.257254,-66.28688,115.321747,-0.162196,40.526909,9.045293,503.928345,-81.969177,442.424164,179.663162,0.448079,179.963806,6597,False,True,11,133,False,
636,/kuka/axis_move/feedback_json,std_msgs/msg/String,2026-08-31T20:36:30.791550-04:00,1788222990,791544083,1788222990791544083,225.150458,,,,24033,24032,1,0,0,24033,AxisTarget,1,True,True,True,False,9.281796,-66.417068,115.539513,-0.164185,40.440044,9.063648,502.405823,-81.950745,442.355164,179.656479,0.448415,179.962784,6598,False,True,11,133,False,
637,/kuka/axis_move/feedback_json,std_msgs/msg/String,2026-08-31T20:36:30.917947-04:00,1788222990,917925561,1788222990917925561,126.381478,,,,24034,24033,1,0,0,24034,AxisTarget,1,True,True,True,False,9.286095,-66.439072,115.574966,-0.164496,40.427006,9.066285,502.109619,-81.946968,442.341583,179.655182,0.44848,179.962585,6598,False,True,11,133,False,
638,/kuka/axis_move/feedback_json,std_msgs/msg/String,2026-08-31T20:36:31.045914-04:00,1788222991,45893008,1788222991045893008,127.967447,,,,24035,24034,1,0,0,24035,AxisTarget,1,True,True,True,False,9.2862,-66.439499,115.5755,-0.1645,40.426899,9.0663,502.099426,-81.946838,442.341095,179.655136,0.448482,179.96257,6598,False,True,11,133,False,
639,/kuka/axis_move/feedback_json,std_msgs/msg/String,2026-08-31T20:36:31.169845-04:00,1788222991,169834016,1788222991169834016,123.941008,,,,24036,24035,1,0,0,24036,AxisTarget,1,True,True,True,True,9.286636,-66.442947,115.582458,-0.164576,40.422974,9.067273,502.082733,-81.946625,442.340332,179.65506,0.448486,179.96257,6598,False,True,11,133,False,
640,/kuka/axis_move/feedback_json,std_msgs/msg/String,2026-08-31T20:36:31.398392-04:00,1788222991,398367851,1788222991398367851,228.533835,,,,24037,24036,1,0,0,24037,AxisTarget,1,True,True,True,False,9.311761,-66.585579,115.830978,-0.166947,40.315628,9.09084,500.674957,-81.927895,442.274933,179.648865,0.448805,179.961624,6599,False,True,11,133,False,
641,/kuka/axis_move/feedback_json,std_msgs/msg/String,2026-08-31T20:36:31.523653-04:00,1788222991,523647830,1788222991523647830,125.279979,,,,24038,24037,1,0,0,24038,AxisTarget,1,True,True,True,False,9.337394,-66.722931,116.063629,-0.169105,40.220551,9.111156,499.148987,-81.906029,442.202606,179.642166,0.449151,179.960602,6599,False,True,11,133,False,
642,/kuka/axis_move/feedback_json,std_msgs/msg/String,2026-08-31T20:36:31.746688-04:00,1788222991,746676121,1788222991746676121,223.028291,,,,24039,24038,1,0,0,24039,AxisTarget,1,True,True,True,False,9.357611,-66.824364,116.229927,-0.170598,40.156956,9.124294,497.868683,-81.886429,442.140747,179.636536,0.44944,179.959763,6600,False,True,11,133,False,
643,/kuka/axis_move/feedback_json,std_msgs/msg/String,2026-08-31T20:36:31.873933-04:00,1788222991,873925173,1788222991873925173,127.249052,,,,24040,24039,1,0,0,24040,AxisTarget,1,True,True,True,False,9.3577,-66.824699,116.230301,-0.1706,40.156898,9.1243,497.855743,-81.886223,442.140106,179.636475,0.449443,179.959747,6600,False,True,11,133,False,
644,/kuka/axis_move/feedback_json,std_msgs/msg/String,2026-08-31T20:36:32.100013-04:00,1788222992,99998397,1788222992099998397,226.073224,,,,24041,24040,1,0,0,24041,AxisTarget,1,True,True,True,True,9.370601,-66.894302,116.348701,-0.1717,40.108101,9.1348,497.087006,-81.873642,442.102051,179.633148,0.449545,179.959229,6601,False,True,11,133,False,
645,/kuka/axis_move/feedback_json,std_msgs/msg/String,2026-08-31T20:36:32.224368-04:00,1788222992,224357024,1788222992224357024,124.358627,,,,24042,24041,1,0,0,24042,AxisTarget,1,True,True,True,True,9.3706,-66.894302,116.348701,-0.1717,40.108101,9.1348,497.087006,-81.873642,442.102051,179.633148,0.449545,179.959229,6601,False,True,11,133,False,
646,/kuka/axis_move/feedback_json,std_msgs/msg/String,2026-08-31T20:36:32.447371-04:00,1788222992,447357352,1788222992447357352,223.000328,,,,24043,24042,1,0,0,24043,AxisTarget,1,True,True,True,True,9.3706,-66.894302,116.348701,-0.171699,40.108101,9.134606,497.087006,-81.873642,442.102051,179.633148,0.449545,179.959229,6602,False,True,11,133,False,
647,/kuka/axis_move/feedback_json,std_msgs/msg/String,2026-08-31T20:36:32.581622-04:00,1788222992,581605265,1788222992581605265,134.247913,,,,24044,24043,1,0,0,24044,AxisTarget,1,True,True,True,False,9.297039,-66.897408,116.35511,-0.169164,40.106705,9.021179,497.14444,-81.333351,442.098083,179.634048,0.44802,179.959625,6602,False,True,11,133,False,
648,/kuka/axis_move/feedback_json,std_msgs/msg/String,2026-08-31T20:36:32.802906-04:00,1788222992,802894310,1788222992802894310,221.289045,,,,24045,24044,1,0,0,24045,AxisTarget,1,True,True,True,False,9.0859,-66.905403,116.369904,-0.1639,40.104099,8.8483,497.346466,-79.387177,442.08374,179.637283,0.442536,179.96109,6603,False,True,11,133,False,
649,/kuka/axis_move/feedback_json,std_msgs/msg/String,2026-08-31T20:36:32.928748-04:00,1788222992,928724070,1788222992928724070,125.82976,,,,24046,24045,1,0,0,24046,AxisTarget,1,True,True,True,True,9.085869,-66.905403,116.369911,-0.163895,40.104095,8.847842,497.346466,-79.387138,442.08374,179.637283,0.442536,179.96109,6603,False,True,11,133,False,
650,/kuka/axis_move/feedback_json,std_msgs/msg/String,2026-08-31T20:36:33.059414-04:00,1788222993,59408390,1788222993059408390,130.68432,,,,24047,24046,1,0,0,24047,AxisTarget,1,True,True,True,False,9.054644,-66.906708,116.372604,-0.162839,40.103519,8.803884,497.370148,-79.153595,442.081909,179.63768,0.441864,179.961258,6603,False,True,11,133,False,
651,/kuka/axis_move/feedback_json,std_msgs/msg/String,2026-08-31T20:36:33.191269-04:00,1788222993,191262800,1788222993191262800,131.85441,,,,24048,24047,1,0,0,24048,AxisTarget,1,True,True,True,False,8.927559,-66.911751,116.382568,-0.15911,40.101563,8.660875,497.475983,-78.095932,442.073669,179.639435,0.438823,179.962051,6603,False,True,11,133,False,
652,/kuka/axis_move/feedback_json,std_msgs/msg/String,2026-08-31T20:36:33.413303-04:00,1788222993,413284052,1788222993413284052,222.021252,,,,24049,24048,1,0,0,24049,AxisTarget,1,True,True,True,False,8.536994,-66.926949,116.412033,-0.148278,40.095989,8.260552,497.798981,-74.716484,442.047302,179.645065,0.429145,179.964691,6604,False,True,11,133,False,
653,/kuka/axis_move/feedback_json,std_msgs/msg/String,2026-08-31T20:36:33.542016-04:00,1788222993,541998917,1788222993541998917,128.714865,,,,24050,24049,1,0,0,24050,AxisTarget,1,True,True,True,False,8.350774,-66.934067,116.425583,-0.143388,40.093517,8.086355,497.946259,-73.089264,442.034637,179.647781,0.424506,179.966003,6604,False,True,11,133,False,
654,/kuka/axis_move/feedback_json,std_msgs/msg/String,2026-08-31T20:36:33.759564-04:00,1788222993,759552744,1788222993759552744,217.553827,,,,24051,24050,1,0,0,24051,AxisTarget,1,True,True,True,False,8.231958,-66.938499,116.4338,-0.1405,40.092098,7.988899,498.048126,-71.927948,442.025574,179.649719,0.421203,179.966965,6605,False,True,11,133,False,
655,/kuka/axis_move/feedback_json,std_msgs/msg/String,2026-08-31T20:36:33.890072-04:00,1788222993,890059077,1788222993890059077,130.506333,,,,24052,24051,1,0,0,24052,AxisTarget,1,True,True,True,False,8.2319,-66.938499,116.4338,-0.1405,40.092098,7.9889,498.04837,-71.925285,442.025543,179.649719,0.421196,179.966965,6605,False,True,11,133,False,
656,/kuka/axis_move/feedback_json,std_msgs/msg/String,2026-08-31T20:36:34.016335-04:00,1788222994,16322467,1788222994016322467,126.26339,,,,24053,24052,1,0,0,24053,AxisTarget,1,True,True,True,True,8.222672,-66.938896,116.434647,-0.14016,40.091908,7.974033,498.053314,-71.867973,442.025116,179.649811,0.421033,179.96701,6605,False,True,11,133,False,
657,/kuka/axis_move/feedback_json,std_msgs/msg/String,2026-08-31T20:36:34.140701-04:00,1788222994,140693938,1788222994140693938,124.371471,,,,24054,24053,1,0,0,24054,AxisTarget,1,True,True,True,False,8.166283,-66.941147,116.439117,-0.138476,40.091019,7.908762,498.09375,-71.397438,442.021454,179.650589,0.419698,179.967392,6605,False,True,11,133,False,
658,/kuka/axis_move/feedback_json,std_msgs/msg/String,2026-08-31T20:36:34.364561-04:00,1788222994,364549063,1788222994364549063,223.855125,,,,24055,24054,1,0,0,24055,AxisTarget,1,True,True,True,False,7.931332,-66.950378,116.457153,-0.131787,40.087547,7.656913,498.256683,-69.446159,442.006256,179.653839,0.414174,179.96904,6606,False,True,11,133,False,
659,/kuka/axis_move/feedback_json,std_msgs/msg/String,2026-08-31T20:36:34.493867-04:00,1788222994,493849765,1788222994493849765,129.300702,,,,24056,24055,1,0,0,24056,AxisTarget,1,True,True,True,False,7.728577,-66.958298,116.472534,-0.126118,40.084621,7.446168,498.394958,-67.71328,441.992798,179.656708,0.409285,179.970551,6606,False,True,11,133,False,
660,/kuka/axis_move/feedback_json,std_msgs/msg/String,2026-08-31T20:36:34.626134-04:00,1788222994,626105255,1788222994626105255,132.25549,,,,24057,24056,1,0,0,24057,AxisTarget,1,True,True,True,False,7.491014,-66.967514,116.490311,-0.119607,40.081284,7.207047,498.552612,-65.637825,441.976654,179.660156,0.40345,179.972382,6606,False,True,11,133,False,
661,/kuka/axis_move/feedback_json,std_msgs/msg/String,2026-08-31T20:36:34.747760-04:00,1788222994,747754464,1788222994747754464,121.649209,,,,24058,24057,1,0,0,24058,AxisTarget,1,True,True,True,False,7.261391,-66.97641,116.507462,-0.113338,40.078075,6.977569,498.697144,-63.626186,441.960999,179.663498,0.397816,179.974213,6606,False,True,11,133,False,
662,/kuka/axis_move/feedback_json,std_msgs/msg/String,2026-08-31T20:36:34.965321-04:00,1788222994,965306424,1788222994965306424,217.55196,,,,24059,24058,1,0,0,24059,AxisTarget,1,True,True,True,False,6.965607,-66.98777,116.529457,-0.105361,40.074028,6.690536,498.878204,-60.9286,441.940002,179.667969,0.390295,179.97673,6607,False,True,11,133,False,
663,/kuka/axis_move/feedback_json,std_msgs/msg/String,2026-08-31T20:36:35.092249-04:00,1788222995,92242930,1788222995092242930,126.936506,,,,24060,24059,1,0,0,24060,AxisTarget,1,True,True,True,False,6.861282,-66.991745,116.536705,-0.102754,40.072712,6.598199,498.936646,-60.007919,441.932831,179.669495,0.387737,179.9776,6607,False,True,11,133,False,
664,/kuka/axis_move/feedback_json,std_msgs/msg/String,2026-08-31T20:36:35.320048-04:00,1788222995,320029107,1788222995320029107,227.786177,,,,24061,24060,1,0,0,24061,AxisTarget,1,True,True,True,False,6.8086,-66.993698,116.540298,-0.1015,40.072102,6.5565,498.969238,-59.482559,441.928741,179.67038,0.38628,179.978104,6608,False,True,11,133,False,
665,/kuka/axis_move/feedback_json,std_msgs/msg/String,2026-08-31T20:36:35.444318-04:00,1788222995,444306811,1788222995444306811,124.277704,,,,24062,24061,1,0,0,24062,AxisTarget,1,True,True,True,True,6.808594,-66.993698,116.540298,-0.101499,40.072102,6.556368,498.969238,-59.482559,441.928741,179.67038,0.38628,179.978104,6608,False,True,11,133,False,
666,/kuka/axis_move/feedback_json,std_msgs/msg/String,2026-08-31T20:36:35.576765-04:00,1788222995,576760499,1788222995576760499,132.453688,,,,24063,24062,1,0,0,24063,AxisTarget,1,True,True,True,False,6.796192,-66.994217,116.541374,-0.101076,40.071854,6.537464,498.974426,-59.397911,441.928101,179.670517,0.386046,179.978195,6608,False,True,11,133,False,
667,/kuka/axis_move/feedback_json,std_msgs/msg/String,2026-08-31T20:36:35.703945-04:00,1788222995,703933873,1788222995703933873,127.173374,,,,24064,24063,1,0,0,24064,AxisTarget,1,True,True,True,False,6.743015,-66.99633,116.545547,-0.099516,40.071049,6.478658,499.000702,-58.966736,441.924774,179.671234,0.384857,179.978607,6608,False,True,11,133,False,
668,/kuka/axis_move/feedback_json,std_msgs/msg/String,2026-08-31T20:36:35.927677-04:00,1788222995,927660580,1788222995927660580,223.726707,,,,24065,24064,1,0,0,24065,AxisTarget,1,True,True,True,False,6.559954,-67.003525,116.559555,-0.094209,40.068291,6.278985,499.093933,-57.384773,441.912598,179.673859,0.380502,179.980148,6609,False,True,11,133,False,
669,/kuka/axis_move/feedback_json,std_msgs/msg/String,2026-08-31T20:36:36.061948-04:00,1788222996,61925100,1788222996061925100,134.26452,,,,24066,24065,1,0,0,24066,AxisTarget,1,True,True,True,False,6.387747,-67.010269,116.572632,-0.089515,40.065861,6.10365,499.174042,-55.951492,441.901581,179.676224,0.376569,179.981567,6609,False,True,11,133,False,
670,/kuka/axis_move/feedback_json,std_msgs/msg/String,2026-08-31T20:36:36.192386-04:00,1788222996,192374686,1788222996192374686,130.449586,,,,24067,24066,1,0,0,24067,AxisTarget,1,True,True,True,False,6.184474,-67.018211,116.588013,-0.083661,40.062836,5.885784,499.269043,-54.146683,441.887695,179.67923,0.371631,179.983383,6609,False,True,11,133,False,
671,/kuka/axis_move/feedback_json,std_msgs/msg/String,2026-08-31T20:36:36.423484-04:00,1788222996,423478742,1788222996423478742,231.104056,,,,24068,24067,1,0,0,24068,AxisTarget,1,True,True,True,False,5.767914,-67.034401,116.619728,-0.07225,40.056973,5.465706,499.437958,-50.572208,441.860168,179.685165,0.361906,179.987091,6610,False,True,11,133,False,
672,/kuka/axis_move/feedback_json,std_msgs/msg/String,2026-08-31T20:36:36.546290-04:00,1788222996,546284788,1788222996546284788,122.806046,,,,24069,24068,1,0,0,24069,AxisTarget,1,True,True,True,False,5.537515,-67.04335,116.636421,-0.066146,40.053837,5.241142,499.524353,-48.494965,441.844147,179.688614,0.356287,179.989304,6610,False,True,11,133,False,
673,/kuka/axis_move/feedback_json,std_msgs/msg/String,2026-08-31T20:36:36.671695-04:00,1788222996,671687646,1788222996671687646,125.402858,,,,24070,24069,1,0,0,24070,AxisTarget,1,True,True,True,False,5.318794,-67.051811,116.652626,-0.060245,40.050819,5.026179,499.594849,-46.622795,441.829742,179.691711,0.351243,179.991333,6610,False,True,11,133,False,
674,/kuka/axis_move/feedback_json,std_msgs/msg/String,2026-08-31T20:36:36.800903-04:00,1788222996,800897102,1788222996800897102,129.209456,,,,24071,24070,1,0,0,24071,AxisTarget,1,True,True,True,False,5.143414,-67.058571,116.665558,-0.055548,40.048424,4.855768,499.649811,-45.012989,441.817322,179.694397,0.346922,179.993103,6610,False,True,11,133,False,
675,/kuka/axis_move/feedback_json,std_msgs/msg/String,2026-08-31T20:36:37.019669-04:00,1788222997,19654572,1788222997019654572,218.75747,,,,24072,24071,1,0,0,24072,AxisTarget,1,True,True,True,False,4.924544,-67.066994,116.681602,-0.049738,40.045471,4.646303,499.709473,-43.062408,441.802307,179.697632,0.341706,179.9953,6611,False,True,11,133,False,
676,/kuka/axis_move/feedback_json,std_msgs/msg/String,2026-08-31T20:36:37.144081-04:00,1788222997,144068706,1788222997144068706,124.414134,,,,24073,24072,1,0,0,24073,AxisTarget,1,True,True,True,False,4.853198,-67.069717,116.68676,-0.047886,40.044537,4.580589,499.727509,-42.417698,441.797333,179.6987,0.339987,179.996033,6611,False,True,11,133,False,
677,/kuka/axis_move/feedback_json,std_msgs/msg/String,2026-08-31T20:36:37.369577-04:00,1788222997,369564174,1788222997369564174,225.495468,,,,24074,24073,1,0,0,24074,AxisTarget,1,True,True,True,False,4.8159,-67.071098,116.689301,-0.047,40.044102,4.5511,499.737152,-42.06139,441.794586,179.699295,0.339038,179.996445,6612,False,True,11,133,False,
678,/kuka/axis_move/feedback_json,std_msgs/msg/String,2026-08-31T20:36:37.495802-04:00,1788222997,495778924,1788222997495778924,126.21475,,,,24075,24074,1,0,0,24075,AxisTarget,1,True,True,True,True,4.815898,-67.071098,116.689301,-0.046999,40.044102,4.55099,499.737152,-42.06139,441.794586,179.699295,0.339038,179.996445,6612,False,True,11,133,False,
679,/kuka/axis_move/feedback_json,std_msgs/msg/String,2026-08-31T20:36:37.628239-04:00,1788222997,628232824,1788222997628232824,132.4539,,,,24076,24075,1,0,0,24076,AxisTarget,1,True,True,True,False,4.804777,-67.071564,116.690262,-0.046623,40.043896,4.535294,499.739166,-41.984818,441.793976,179.699432,0.338833,179.996521,6612,False,True,11,133,False,
680,/kuka/axis_move/feedback_json,std_msgs/msg/String,2026-08-31T20:36:37.756055-04:00,1788222997,756043765,1788222997756043765,127.810941,,,,24077,24076,1,0,0,24077,AxisTarget,1,True,True,True,False,4.763298,-67.073288,116.693657,-0.045351,40.043228,4.486468,499.748352,-41.63327,441.79126,179.700012,0.337895,179.996933,6612,False,True,11,133,False,
681,/kuka/axis_move/feedback_json,std_msgs/msg/String,2026-08-31T20:36:37.979890-04:00,1788222997,979877291,1788222997979877291,223.833526,,,,24078,24077,1,0,0,24078,AxisTarget,1,True,True,True,False,4.605762,-67.079391,116.705574,-0.04094,40.040939,4.320681,499.780457,-40.320366,441.781036,179.702209,0.334395,179.998444,6613,False,True,11,133,False,
682,/kuka/axis_move/feedback_json,std_msgs/msg/String,2026-08-31T20:36:38.107657-04:00,1788222998,107645988,1788222998107645988,127.768697,,,,24079,24078,1,0,0,24079,AxisTarget,1,True,True,True,False,4.46644,-67.084839,116.716156,-0.037038,40.038921,4.175101,499.806549,-39.130962,441.77179,179.704208,0.331234,179.999847,6613,False,True,11,133,False,
683,/kuka/axis_move/feedback_json,std_msgs/msg/String,2026-08-31T20:36:38.234229-04:00,1788222998,234211394,1788222998234211394,126.565406,,,,24080,24079,1,0,0,24080,AxisTarget,1,True,True,True,False,4.303418,-67.091202,116.7285,-0.032492,40.036575,4.006,499.833588,-37.732895,441.760925,179.706543,0.327528,-179.998505,6613,False,True,11,133,False,
684,/kuka/axis_move/feedback_json,std_msgs/msg/String,2026-08-31T20:36:38.358631-04:00,1788222998,358626034,1788222998358626034,124.41464,,,,24081,24080,1,0,0,24081,AxisTarget,1,True,True,True,False,4.109257,-67.098778,116.743172,-0.027094,40.033794,3.805563,499.861633,-36.004559,441.747498,179.709442,0.322963,-179.996429,6613,False,True,11,133,False,
685,/kuka/axis_move/feedback_json,std_msgs/msg/String,2026-08-31T20:36:38.585992-04:00,1788222998,585970604,1788222998585970604,227.34457,,,,24082,24081,1,0,0,24082,AxisTarget,1,True,True,True,False,3.709313,-67.114311,116.773148,-0.016113,40.028156,3.401324,499.899506,-32.58234,441.720886,179.715179,0.313975,-179.992233,6614,False,True,11,133,False,
686,/kuka/axis_move/feedback_json,std_msgs/msg/String,2026-08-31T20:36:38.714972-04:00,1788222998,714966008,1788222998714966008,128.995404,,,,24083,24082,1,0,0,24083,AxisTarget,1,True,True,True,False,3.471714,-67.123528,116.790916,-0.009608,40.024818,3.162229,499.911041,-30.507603,441.704742,179.718658,0.308561,-179.989639,6614,False,True,11,133,False,
687,/kuka/axis_move/feedback_json,std_msgs/msg/String,2026-08-31T20:36:38.843750-04:00,1788222998,843738766,1788222998843738766,128.772758,,,,24084,24083,1,0,0,24084,AxisTarget,1,True,True,True,False,3.248534,-67.132187,116.80761,-0.003305,40.021587,2.93067,499.914001,-28.49622,441.689056,179.722031,0.303336,-179.987076,6614,False,True,11,133,False,
688,/kuka/axis_move/feedback_json,std_msgs/msg/String,2026-08-31T20:36:38.967749-04:00,1788222998,967718800,1788222998967718800,123.980034,,,,24085,24084,1,0,0,24085,AxisTarget,1,True,True,True,False,3.024406,-67.140846,116.824234,0.002558,40.018593,2.717159,499.909302,-26.58008,441.674133,179.72525,0.298381,-179.984589,6614,False,True,11,133,False,
689,/kuka/axis_move/feedback_json,std_msgs/msg/String,2026-08-31T20:36:39.195166-04:00,1788222999,195155662,1788222999195155662,227.436862,,,,24086,24085,1,0,0,24086,AxisTarget,1,True,True,True,False,2.728187,-67.152267,116.846123,0.010521,40.014534,2.428043,499.890839,-23.948709,441.653625,179.729675,0.291613,-179.981125,6615,False,True,11,133,False,
690,/kuka/axis_move/feedback_json,std_msgs/msg/String,2026-08-31T20:36:39.315480-04:00,1788222999,315456365,1788222999315456365,120.300703,,,,24087,24086,1,0,0,24087,AxisTarget,1,True,True,True,False,2.600945,-67.157166,116.855484,0.013919,40.012806,2.305218,499.878204,-22.780712,441.644531,179.731644,0.288622,-179.979553,6615,False,True,11,133,False,
691,/kuka/axis_move/feedback_json,std_msgs/msg/String,2026-08-31T20:36:39.536902-04:00,1788222999,536891063,1788222999536891063,221.434698,,,,24088,24087,1,0,0,24088,AxisTarget,1,True,True,True,False,2.459773,-67.162567,116.865776,0.017638,40.010921,2.172124,499.861694,-21.533636,441.634796,179.733734,0.285439,-179.977875,6616,False,True,11,133,False,
692,/kuka/axis_move/feedback_json,std_msgs/msg/String,2026-08-31T20:36:39.663410-04:00,1788222999,663400131,1788222999663400131,126.509068,,,,24089,24088,1,0,0,24089,AxisTarget,1,True,True,True,False,2.42274,-67.163963,116.868393,0.018567,40.01046,2.140075,499.856476,-21.183548,441.63208,179.734329,0.284547,-179.977402,6616,False,True,11,133,False,
693,/kuka/axis_move/feedback_json,std_msgs/msg/String,2026-08-31T20:36:39.791263-04:00,1788222999,791258129,1788222999791258129,127.857998,,,,24090,24089,1,0,0,24090,AxisTarget,1,True,True,True,False,2.4161,-67.1642,116.868797,0.0187,40.010399,2.1362,499.855316,-21.107641,441.63147,179.734451,0.284353,-179.977295,6616,False,True,11,133,False,
694,/kuka/axis_move/feedback_json,std_msgs/msg/String,2026-08-31T20:36:39.915331-04:00,1788222999,915325959,1788222999915325959,124.06783,,,,24091,24090,1,0,0,24091,AxisTarget,1,True,True,True,True,2.4161,-67.1642,116.868797,0.0187,40.010399,2.136186,499.855316,-21.107655,441.63147,179.734451,0.284353,-179.977295,6616,False,True,11,133,False,
695,/kuka/axis_move/feedback_json,std_msgs/msg/String,2026-08-31T20:36:40.142994-04:00,1788223000,142968798,1788223000142968798,227.642839,,,,24092,24091,1,0,0,24092,AxisTarget,1,True,True,True,False,2.37395,-67.165909,116.872231,0.020009,40.009701,2.08411,499.850037,-20.771179,441.628845,179.735016,0.283495,-179.976837,6617,False,True,11,133,False,
696,/kuka/axis_move/feedback_json,std_msgs/msg/String,2026-08-31T20:36:40.267762-04:00,1788223000,267749086,1788223000267749086,124.780288,,,,24093,24092,1,0,0,24093,AxisTarget,1,True,True,True,False,2.295259,-67.169006,116.878311,0.022268,40.008526,1.998506,499.839417,-20.133331,441.623871,179.736069,0.281869,-179.975952,6617,False,True,11,133,False,
697,/kuka/axis_move/feedback_json,std_msgs/msg/String,2026-08-31T20:36:40.391439-04:00,1788223000,391431835,1788223000391431835,123.682749,,,,24094,24093,1,0,0,24094,AxisTarget,1,True,True,True,False,2.180166,-67.173523,116.887108,0.02552,40.006844,1.876469,499.821625,-19.162123,441.616272,179.737701,0.279399,-179.974625,6617,False,True,11,133,False,
698,/kuka/axis_move/feedback_json,std_msgs/msg/String,2026-08-31T20:36:40.520148-04:00,1788223000,520141808,1788223000520141808,128.709973,,,,24095,24094,1,0,0,24095,AxisTarget,1,True,True,True,False,2.026829,-67.17952,116.898766,0.029976,40.004543,1.710125,499.793732,-17.810083,441.605682,179.73996,0.27597,-179.972748,6617,False,True,11,133,False,
699,/kuka/axis_move/feedback_json,std_msgs/msg/String,2026-08-31T20:36:40.736157-04:00,1788223000,736144958,1788223000736144958,216.00315,,,,24096,24095,1,0,0,24096,AxisTarget,1,True,True,True,False,1.664914,-67.193619,116.926079,0.039859,39.999462,1.343978,499.71701,-14.74826,441.581696,179.745071,0.268247,-179.96843,6618,False,True,11,133,False,
700,/kuka/axis_move/feedback_json,std_msgs/msg/String,2026-08-31T20:36:40.864987-04:00,1788223000,864981523,1788223000864981523,128.836565,,,,24097,24096,1,0,0,24097,AxisTarget,1,True,True,True,False,1.441714,-67.202278,116.94278,0.04597,39.996231,1.112104,499.656525,-12.741379,441.565979,179.748428,0.263217,-179.965546,6618,False,True,11,133,False,
701,/kuka/axis_move/feedback_json,std_msgs/msg/String,2026-08-31T20:36:40.998155-04:00,1788223000,998147013,1788223000998147013,133.16549,,,,24098,24097,1,0,0,24098,AxisTarget,1,True,True,True,False,1.204114,-67.211494,116.960556,0.052475,39.993,0.880232,499.587952,-10.735226,441.550262,179.751785,0.258215,-179.962631,6618,False,True,11,133,False,
702,/kuka/axis_move/feedback_json,std_msgs/msg/String,2026-08-31T20:36:41.125982-04:00,1788223001,125962543,1788223001125962543,127.81553,,,,24099,24098,1,0,0,24099,AxisTarget,1,True,True,True,False,0.975221,-67.220337,116.977554,0.058671,39.989841,0.654459,499.511047,-8.7233,441.534485,179.755157,0.253224,-179.959656,6618,False,True,11,133,False,
703,/kuka/axis_move/feedback_json,std_msgs/msg/String,2026-08-31T20:36:41.350748-04:00,1788223001,350739803,1788223001350739803,224.77726,,,,24100,24099,1,0,0,24100,AxisTarget,1,True,True,True,False,0.684073,-67.231552,116.999016,0.066462,39.985882,0.368458,499.398346,-6.095796,441.513855,179.759567,0.246746,-179.955704,6619,False,True,11,133,False,
704,/kuka/axis_move/feedback_json,std_msgs/msg/String,2026-08-31T20:36:41.483539-04:00,1788223001,483532877,1788223001483532877,132.793074,,,,24101,24100,1,0,0,24101,AxisTarget,1,True,True,True,False,0.567168,-67.236031,117.007561,0.069631,39.98428,0.258734,499.349945,-5.056258,441.505707,179.761307,0.244195,-179.954132,6619,False,True,11,133,False,
705,/kuka/axis_move/feedback_json,std_msgs/msg/String,2026-08-31T20:36:41.711279-04:00,1788223001,711262803,1788223001711262803,227.729926,,,,24102,24101,1,0,0,24102,AxisTarget,1,True,True,True,False,0.467315,-67.239822,117.014694,0.072103,39.983044,0.171939,499.305878,-4.148597,441.498566,179.762833,0.241974,-179.952744,6620,False,True,11,133,False,
706,/kuka/axis_move/feedback_json,std_msgs/msg/String,2026-08-31T20:36:41.842972-04:00,1788223001,842950624,1788223001842950624,131.687821,,,,24103,24102,1,0,0,24103,AxisTarget,1,True,True,True,False,0.4621,-67.239998,117.014999,0.0722,39.983002,0.1697,499.30307,-4.091829,441.498108,179.762924,0.241835,-179.952652,6620,False,True,11,133,False,
707,/kuka/axis_move/feedback_json,std_msgs/msg/String,2026-08-31T20:36:41.971913-04:00,1788223001,971906392,1788223001971906392,128.955768,,,,24104,24103,1,0,0,24104,AxisTarget,1,True,True,True,True,0.461979,-67.240005,117.01503,0.072215,39.98299,0.168738,499.30304,-4.091485,441.498108,179.762924,0.241834,-179.952652,6620,False,True,11,133,False,
708,/kuka/axis_move/feedback_json,std_msgs/msg/String,2026-08-31T20:36:42.095931-04:00,1788223002,95920714,1788223002095920714,124.014322,,,,24105,24104,1,0,0,24105,AxisTarget,1,True,True,True,False,0.434878,-67.241119,117.017303,0.073094,39.982517,0.1329,499.293427,-3.898075,441.496582,179.763245,0.241361,-179.952362,6620,False,True,11,133,False,
709,/kuka/axis_move/feedback_json,std_msgs/msg/String,2026-08-31T20:36:42.315824-04:00,1788223002,315810882,1788223002315810882,219.890168,,,,24106,24105,1,0,0,24106,AxisTarget,1,True,True,True,False,0.25483,-67.248222,117.031235,0.078276,39.97982,-0.06382,499.214874,-2.372941,441.484589,179.765823,0.237641,-179.950012,6621,False,True,11,133,False,
710,/kuka/axis_move/feedback_json,std_msgs/msg/String,2026-08-31T20:36:42.442581-04:00,1788223002,442575274,1788223002442575274,126.764392,,,,24107,24106,1,0,0,24107,AxisTarget,1,True,True,True,False,0.078491,-67.255135,117.044693,0.083245,39.977253,-0.250018,499.136078,-0.926703,441.473236,179.76828,0.234128,-179.947754,6621,False,True,11,133,False,
711,/kuka/axis_move/feedback_json,std_msgs/msg/String,2026-08-31T20:36:42.573064-04:00,1788223002,573058554,1788223002573058554,130.48328,,,,24108,24107,1,0,0,24108,AxisTarget,1,True,True,True,False,-0.147653,-67.263924,117.061699,0.08948,39.974056,-0.48011,499.023407,1.018666,441.457916,179.771561,0.229424,-179.944687,6621,False,True,11,133,False,
712,/kuka/axis_move/feedback_json,std_msgs/msg/String,2026-08-31T20:36:42.697178-04:00,1788223002,697172652,1788223002697172652,124.114098,,,,24109,24108,1,0,0,24109,AxisTarget,1,True,True,True,False,-0.378053,-67.272858,117.078934,0.095787,39.970825,-0.71195,498.899567,3.018974,441.442169,179.774948,0.224614,-179.941498,6621,False,True,11,133,False,
713,/kuka/axis_move/feedback_json,std_msgs/msg/String,2026-08-31T20:36:42.923124-04:00,1788223002,923113529,1788223002923113529,225.940877,,,,24110,24109,1,0,0,24110,AxisTarget,1,True,True,True,False,-0.720388,-67.286041,117.104172,0.104949,39.966171,-1.043454,498.693481,6.093094,441.417908,179.780167,0.217274,-179.936523,6622,False,True,11,133,False,
714,/kuka/axis_move/feedback_json,std_msgs/msg/String,2026-08-31T20:36:43.055598-04:00,1788223003,55583655,1788223003055583655,132.470126,,,,24111,24110,1,0,0,24111,AxisTarget,1,True,True,True,False,-0.846844,-67.290878,117.113358,0.108258,39.964504,-1.163993,498.613007,7.221843,441.409027,179.782074,0.214595,-179.934677,6622,False,True,11,133,False,
715,/kuka/axis_move/feedback_json,std_msgs/msg/String,2026-08-31T20:36:43.283193-04:00,1788223003,283176013,1788223003283176013,227.592358,,,,24112,24111,1,0,0,24112,AxisTarget,1,True,True,True,False,-0.922586,-67.293701,117.118599,0.1101,39.9636,-1.2237,498.561249,7.929433,441.403442,179.783279,0.21292,-179.933502,6623,False,True,11,133,False,
716,/kuka/axis_move/feedback_json,std_msgs/msg/String,2026-08-31T20:36:43.411104-04:00,1788223003,411098490,1788223003411098490,127.922477,,,,24113,24112,1,0,0,24113,AxisTarget,1,True,True,True,False,-0.9226,-67.293701,117.118599,0.1101,39.9636,-1.223705,498.561218,7.929976,441.403412,179.783279,0.212918,-179.933502,6623,False,True,11,133,False,
717,/kuka/axis_move/feedback_json,std_msgs/msg/String,2026-08-31T20:36:43.539434-04:00,1788223003,539422822,1788223003539422822,128.324332,,,,24114,24113,1,0,0,24114,AxisTarget,1,True,True,True,True,-0.940453,-67.294464,117.120216,0.110805,39.963203,-1.254217,498.551941,8.055322,441.402435,179.783493,0.212625,-179.933289,6623,False,True,11,133,False,
718,/kuka/axis_move/feedback_json,std_msgs/msg/String,2026-08-31T20:36:43.667199-04:00,1788223003,667181849,1788223003667181849,127.759027,,,,24115,24114,1,0,0,24115,AxisTarget,1,True,True,True,False,-1.046634,-67.298714,117.128616,0.113901,39.961567,-1.374099,498.486877,8.922757,441.395691,179.784958,0.210596,-179.931854,6623,False,True,11,133,False,
719,/kuka/axis_move/feedback_json,std_msgs/msg/String,2026-08-31T20:36:43.889354-04:00,1788223003,889337352,1788223003889337352,222.155503,,,,24116,24115,1,0,0,24116,AxisTarget,1,True,True,True,False,-1.412515,-67.313026,117.156326,0.124088,39.956184,-1.759929,498.239655,12.049929,441.371246,179.790222,0.203324,-179.92662,6624,False,True,11,133,False,
720,/kuka/axis_move/feedback_json,std_msgs/msg/String,2026-08-31T20:36:44.015792-04:00,1788223004,15782034,1788223004015782034,126.444682,,,,24117,24116,1,0,0,24117,AxisTarget,1,True,True,True,False,-1.617996,-67.320923,117.171326,0.129497,39.953533,-1.946303,498.090424,13.825958,441.357361,179.793213,0.199224,-179.923599,6624,False,True,11,133,False,
721,/kuka/axis_move/feedback_json,std_msgs/msg/String,2026-08-31T20:36:44.231528-04:00,1788223004,231520421,1788223004231520421,215.738387,,,,24118,24117,1,0,0,24118,AxisTarget,1,True,True,True,False,-1.737879,-67.325401,117.179604,0.1324,39.952099,-2.044301,497.989197,14.988945,441.348267,179.795181,0.196552,-179.9216,6625,False,True,11,133,False,
722,/kuka/axis_move/feedback_json,std_msgs/msg/String,2026-08-31T20:36:44.357985-04:00,1788223004,357977359,1788223004357977359,126.456938,,,,24119,24118,1,0,0,24119,AxisTarget,1,True,True,True,False,-1.738,-67.325401,117.179604,0.1324,39.952099,-2.0443,497.988953,14.991778,441.348267,179.795181,0.196545,-179.9216,6625,False,True,11,133,False,
723,/kuka/axis_move/feedback_json,std_msgs/msg/String,2026-08-31T20:36:44.587382-04:00,1788223004,587365712,1788223004587365712,229.388353,,,,24120,24119,1,0,0,24120,AxisTarget,1,True,True,True,True,-1.939427,-67.333412,117.195389,0.138326,39.949081,-2.269006,497.845306,16.590174,441.335663,179.797958,0.192815,-179.918808,6626,False,True,11,133,False,
724,/kuka/axis_move/feedback_json,std_msgs/msg/String,2026-08-31T20:36:44.717577-04:00,1788223004,717566736,1788223004717566736,130.201024,,,,24121,24120,1,0,0,24121,AxisTarget,1,True,True,True,False,-1.9853,-67.334999,117.198097,0.1392,39.9487,-2.2931,497.795563,17.130651,441.331421,179.798904,0.191558,-179.917862,6626,False,True,11,133,False,
725,/kuka/axis_move/feedback_json,std_msgs/msg/String,2026-08-31T20:36:44.948354-04:00,1788223004,948348512,1788223004948348512,230.781776,,,,24122,24121,1,0,0,24122,AxisTarget,1,True,True,True,True,-1.9853,-67.334999,117.198097,0.1392,39.9487,-2.2931,497.795563,17.130659,441.331421,179.798904,0.191558,-179.917862,6627,False,True,11,133,False,
726,/kuka/axis_move/feedback_json,std_msgs/msg/String,2026-08-31T20:36:45.080317-04:00,1788223005,80305191,1788223005080305191,131.956679,,,,24123,24122,1,0,0,24123,AxisTarget,1,True,True,True,True,-1.985306,-67.336609,117.196892,0.139101,39.95488,-2.293033,497.795715,17.13068,441.333984,179.798904,0.191566,-179.917877,6627,False,True,11,133,False,
727,/kuka/axis_move/feedback_json,std_msgs/msg/String,2026-08-31T20:36:45.305406-04:00,1788223005,305397975,1788223005305397975,225.092784,,,,24124,24123,1,0,0,24124,AxisTarget,1,True,True,True,False,-1.986282,-67.52401,117.097717,0.133144,40.233677,-2.290708,497.917542,17.147867,443.365204,179.797256,0.197788,-179.921402,6628,False,True,11,133,False,
728,/kuka/axis_move/feedback_json,std_msgs/msg/String,2026-08-31T20:36:45.433802-04:00,1788223005,433785162,1788223005433785162,128.387187,,,,24125,24124,1,0,0,24125,AxisTarget,1,True,True,True,False,-1.9863,-67.526604,117.096703,0.1331,40.2351,-2.2907,497.921906,17.1485,443.440674,179.797195,0.198019,-179.921539,6628,False,True,11,133,False,
729,/kuka/axis_move/feedback_json,std_msgs/msg/String,2026-08-31T20:36:45.566956-04:00,1788223005,566916348,1788223005566916348,133.131186,,,,24126,24125,1,0,0,24126,AxisTarget,1,True,True,True,True,-1.986315,-67.530075,117.094521,0.132918,40.244831,-2.290607,497.923126,17.14868,443.461823,179.79718,0.198083,-179.92157,6628,False,True,11,133,False,
730,/kuka/axis_move/feedback_json,std_msgs/msg/String,2026-08-31T20:36:45.698290-04:00,1788223005,698260141,1788223005698260141,131.343793,,,,24127,24126,1,0,0,24127,AxisTarget,1,True,True,True,False,-1.986625,-67.591827,117.060585,0.130803,40.351479,-2.289683,497.957184,17.153725,444.063171,179.796692,0.199894,-179.922638,6628,False,True,11,133,False,
731,/kuka/axis_move/feedback_json,std_msgs/msg/String,2026-08-31T20:36:45.925789-04:00,1788223005,925769571,1788223005925769571,227.50943,,,,24128,24127,1,0,0,24128,AxisTarget,1,True,True,True,False,-1.987978,-67.853409,116.921089,0.122249,40.754749,-2.286282,498.105713,17.176987,446.872803,179.794418,0.208343,-179.927658,6629,False,True,11,133,False,
732,/kuka/axis_move/feedback_json,std_msgs/msg/String,2026-08-31T20:36:46.051209-04:00,1788223006,51197244,1788223006051197244,125.427673,,,,24129,24128,1,0,0,24129,AxisTarget,1,True,True,True,False,-1.988767,-68.003181,116.840759,0.117416,40.968937,-2.28451,498.187073,17.190815,448.573181,179.793091,0.213447,-179.93074,6629,False,True,11,133,False,
733,/kuka/axis_move/feedback_json,std_msgs/msg/String,2026-08-31T20:36:46.272741-04:00,1788223006,272718263,1788223006272718263,221.521019,,,,24130,24129,1,0,0,24130,AxisTarget,1,True,True,True,False,-1.989299,-68.101372,116.792641,0.114601,41.094578,-2.2835,498.240936,17.20051,449.779724,179.79216,0.217064,-179.932938,6630,False,True,11,133,False,
734,/kuka/axis_move/feedback_json,std_msgs/msg/String,2026-08-31T20:36:46.400225-04:00,1788223006,400220084,1788223006400220084,127.501821,,,,24131,24130,1,0,0,24131,AxisTarget,1,True,True,True,False,-1.9893,-68.101501,116.792603,0.1146,41.094601,-2.2835,498.241241,17.200567,449.786835,179.792145,0.217085,-179.932953,6630,False,True,11,133,False,
735,/kuka/axis_move/feedback_json,std_msgs/msg/String,2026-08-31T20:36:46.524952-04:00,1788223006,524946903,1788223006524946903,124.726819,,,,24132,24131,1,0,0,24132,AxisTarget,1,True,True,True,True,-1.989321,-68.105972,116.789917,0.114417,41.104179,-2.283411,498.242401,17.200788,449.814209,179.79213,0.217168,-179.932999,6630,False,True,11,133,False,
736,/kuka/axis_move/feedback_json,std_msgs/msg/String,2026-08-31T20:36:46.742661-04:00,1788223006,742638608,1788223006742638608,217.691705,,,,24133,24132,1,0,0,24133,AxisTarget,1,True,True,True,False,-1.989804,-68.199059,116.739479,0.111193,41.258076,-2.282092,498.282837,17.208494,450.773346,179.791412,0.220051,-179.934753,6631,False,True,11,133,False,
737,/kuka/axis_move/feedback_json,std_msgs/msg/String,2026-08-31T20:36:46.871704-04:00,1788223006,871693033,1788223006871693033,129.054425,,,,24134,24133,1,0,0,24134,AxisTarget,1,True,True,True,False,-1.9904,-68.31237,116.678825,0.107571,41.435551,-2.280588,498.330902,17.218128,451.983154,179.790527,0.223684,-179.936966,6631,False,True,11,133,False,
738,/kuka/axis_move/feedback_json,std_msgs/msg/String,2026-08-31T20:36:46.995664-04:00,1788223006,995653017,1788223006995653017,123.959984,,,,24135,24134,1,0,0,24135,AxisTarget,1,True,True,True,False,-1.991189,-68.461662,116.599365,0.102728,41.664066,-2.278664,498.390228,17.230877,453.603271,179.789368,0.228545,-179.939972,6631,False,True,11,133,False,
739,/kuka/axis_move/feedback_json,std_msgs/msg/String,2026-08-31T20:36:47.123154-04:00,1788223007,123143622,1788223007123143622,127.490605,,,,24136,24135,1,0,0,24136,AxisTarget,1,True,True,True,False,-1.992074,-68.627922,116.511421,0.097401,41.904839,-2.276647,498.448914,17.24474,455.390137,179.788101,0.233899,-179.943298,6631,False,True,11,133,False,
740,/kuka/axis_move/feedback_json,std_msgs/msg/String,2026-08-31T20:36:47.346899-04:00,1788223007,346894140,1788223007346894140,223.750518,,,,24137,24136,1,0,0,24137,AxisTarget,1,True,True,True,False,-1.993495,-68.893471,116.37175,0.088989,42.295006,-2.273399,498.532928,17.267954,458.444824,179.786011,0.243034,-179.949066,6632,False,True,11,133,False,
741,/kuka/axis_move/feedback_json,std_msgs/msg/String,2026-08-31T20:36:47.471552-04:00,1788223007,471539685,1788223007471539685,124.645545,,,,24138,24137,1,0,0,24138,AxisTarget,1,True,True,True,False,-1.994025,-68.991615,116.320557,0.085931,42.435658,-2.272237,498.55838,17.276228,459.553619,179.785278,0.246345,-179.951187,6632,False,True,11,133,False,
742,/kuka/axis_move/feedback_json,std_msgs/msg/String,2026-08-31T20:36:47.691216-04:00,1788223007,691206252,1788223007691206252,219.666567,,,,24139,24138,1,0,0,24139,AxisTarget,1,True,True,True,False,-1.994396,-69.059189,116.285995,0.083909,42.526722,-2.271502,498.57608,17.282539,460.406708,179.784714,0.248891,-179.95282,6633,False,True,11,133,False,
743,/kuka/axis_move/feedback_json,std_msgs/msg/String,2026-08-31T20:36:47.821303-04:00,1788223007,821287424,1788223007821287424,130.081172,,,,24140,24139,1,0,0,24140,AxisTarget,1,True,True,True,False,-1.9944,-69.0597,116.285797,0.0839,42.527,-2.2715,498.576385,17.28265,460.421814,179.784714,0.248936,-179.95285,6633,False,True,11,133,False,
744,/kuka/axis_move/feedback_json,std_msgs/msg/String,2026-08-31T20:36:47.946868-04:00,1788223007,946856870,1788223007946856870,125.569446,,,,24141,24140,1,0,0,24141,AxisTarget,1,True,True,True,True,-1.994407,-69.061256,116.284821,0.08383,42.530781,-2.271463,498.576538,17.282705,460.429443,179.784698,0.248959,-179.952866,6633,False,True,11,133,False,
745,/kuka/axis_move/feedback_json,std_msgs/msg/String,2026-08-31T20:36:48.075356-04:00,1788223008,75342818,1788223008075342818,128.485948,,,,24142,24141,1,0,0,24142,AxisTarget,1,True,True,True,False,-1.994532,-69.086288,116.271049,0.082963,42.572723,-2.271097,498.58136,17.284504,460.676453,179.784546,0.249697,-179.953339,6633,False,True,11,133,False,
746,/kuka/axis_move/feedback_json,std_msgs/msg/String,2026-08-31T20:36:48.303271-04:00,1788223008,303261988,1788223008303261988,227.91917,,,,24143,24142,1,0,0,24143,AxisTarget,1,True,True,True,False,-1.995173,-69.210907,116.204193,0.078851,42.767059,-2.269436,498.604401,17.293869,461.971497,179.783707,0.253563,-179.955841,6634,False,True,11,133,False,
747,/kuka/axis_move/feedback_json,std_msgs/msg/String,2026-08-31T20:36:48.428753-04:00,1788223008,428735564,1788223008428735564,125.473576,,,,24144,24143,1,0,0,24144,AxisTarget,1,True,True,True,False,-1.995768,-69.32579,116.142906,0.075102,42.943317,-2.267937,498.622955,17.302704,463.207306,179.782928,0.25725,-179.958252,6634,False,True,11,133,False,
748,/kuka/axis_move/feedback_json,std_msgs/msg/String,2026-08-31T20:36:48.551697-04:00,1788223008,551675689,1788223008551675689,122.940125,,,,24145,24144,1,0,0,24145,AxisTarget,1,True,True,True,False,-1.996505,-69.467873,116.067268,0.070485,43.159939,-2.266098,498.641418,17.313585,464.749207,179.781967,0.261845,-179.961258,6634,False,True,11,133,False,
749,/kuka/axis_move/feedback_json,std_msgs/msg/String,2026-08-31T20:36:48.677215-04:00,1788223008,677203895,1788223008677203895,125.528206,,,,24146,24145,1,0,0,24146,AxisTarget,1,True,True,True,False,-1.997342,-69.628403,115.982307,0.065329,43.400372,-2.264071,498.656647,17.32638,466.591492,179.780838,0.267329,-179.96489,6634,False,True,11,133,False,
750,/kuka/axis_move/feedback_json,std_msgs/msg/String,2026-08-31T20:36:48.906826-04:00,1788223008,906815416,1788223008906815416,229.611521,,,,24147,24146,1,0,0,24147,AxisTarget,1,True,True,True,False,-1.998888,-69.924576,115.825684,0.055667,43.850723,-2.260274,498.665405,17.348825,469.904022,179.778915,0.277172,-179.971497,6635,False,True,11,133,False,
751,/kuka/axis_move/feedback_json,std_msgs/msg/String,2026-08-31T20:36:49.033786-04:00,1788223009,33774817,1788223009033774817,126.959401,,,,24148,24147,1,0,0,24148,AxisTarget,1,True,True,True,False,-1.999703,-70.080009,115.743912,0.050901,44.071621,-2.258422,498.660278,17.360495,471.669952,179.777924,0.28241,-179.975052,6635,False,True,11,133,False,
752,/kuka/axis_move/feedback_json,std_msgs/msg/String,2026-08-31T20:36:49.155320-04:00,1788223009,155306156,1788223009155306156,121.531339,,,,24149,24148,1,0,0,24149,AxisTarget,1,True,True,True,False,-2.000344,-70.201851,115.679977,0.047053,44.249542,-2.256933,498.651398,17.369581,473.067108,179.777161,0.28655,-179.97789,6635,False,True,11,133,False,
753,/kuka/axis_move/feedback_json,std_msgs/msg/String,2026-08-31T20:36:49.382842-04:00,1788223009,382833225,1788223009382833225,227.527069,,,,24150,24149,1,0,0,24150,AxisTarget,1,True,True,True,False,-2.001118,-70.348366,115.603386,0.042463,44.463459,-2.255152,498.634888,17.380466,474.7677,179.77626,0.291584,-179.981369,6636,False,True,11,133,False,
754,/kuka/axis_move/feedback_json,std_msgs/msg/String,2026-08-31T20:36:49.509784-04:00,1788223009,509777630,1788223009509777630,126.944405,,,,24151,24150,1,0,0,24151,AxisTarget,1,True,True,True,False,-2.001338,-70.389572,115.582115,0.041204,44.518219,-2.254702,498.628876,17.3836,475.262695,179.776001,0.293048,-179.982391,6636,False,True,11,133,False,
755,/kuka/axis_move/feedback_json,std_msgs/msg/String,2026-08-31T20:36:49.631989-04:00,1788223009,631983474,1788223009631983474,122.205844,,,,24152,24151,1,0,0,24152,AxisTarget,1,True,True,True,False,-2.0014,-70.400581,115.576698,0.0409,44.5313,-2.2546,498.626953,17.384554,475.414093,179.775925,0.293496,-179.982697,6636,False,True,11,133,False,
756,/kuka/axis_move/feedback_json,std_msgs/msg/String,2026-08-31T20:36:49.755493-04:00,1788223009,755482037,1788223009755482037,123.498563,,,,24153,24152,1,0,0,24153,AxisTarget,1,True,True,True,False,-2.0014,-70.400597,115.576698,0.0409,44.5313,-2.2546,498.626923,17.384562,475.4151,179.775925,0.293499,-179.982697,6636,False,True,11,133,False,
757,/kuka/axis_move/feedback_json,std_msgs/msg/String,2026-08-31T20:36:49.978770-04:00,1788223009,978763829,1788223009978763829,223.281792,,,,24154,24153,1,0,0,24154,AxisTarget,1,True,True,True,True,-2.001508,-70.4235,115.563942,0.040087,44.571106,-2.25425,498.624207,17.385868,475.621429,179.775818,0.294107,-179.983124,6637,False,True,11,133,False,
758,/kuka/axis_move/feedback_json,std_msgs/msg/String,2026-08-31T20:36:50.110844-04:00,1788223010,110832363,1788223010110832363,132.068534,,,,24155,24154,1,0,0,24155,AxisTarget,1,True,True,True,False,-2.001784,-70.4757,115.534637,0.038278,44.65696,-2.253519,498.616302,17.389435,476.186859,179.775528,0.295774,-179.984283,6637,False,True,11,133,False,
759,/kuka/axis_move/feedback_json,std_msgs/msg/String,2026-08-31T20:36:50.242386-04:00,1788223010,242362803,1788223010242362803,131.53044,,,,24156,24155,1,0,0,24156,AxisTarget,1,True,True,True,False,-2.002247,-70.564636,115.488213,0.035325,44.796154,-2.25234,498.601227,17.395468,477.150879,179.77504,0.298613,-179.986282,6637,False,True,11,133,False,
760,/kuka/axis_move/feedback_json,std_msgs/msg/String,2026-08-31T20:36:50.367748-04:00,1788223010,367735594,1788223010367735594,125.372791,,,,24157,24156,1,0,0,24157,AxisTarget,1,True,True,True,False,-2.00287,-70.687988,115.422417,0.031409,44.980259,-2.250785,498.577576,17.403534,478.455597,179.774399,0.302453,-179.988998,6637,False,True,11,133,False,
761,/kuka/axis_move/feedback_json,std_msgs/msg/String,2026-08-31T20:36:50.587502-04:00,1788223010,587491242,1788223010587491242,219.755648,,,,24158,24157,1,0,0,24158,AxisTarget,1,True,True,True,False,-2.004317,-70.959526,115.278297,0.022643,45.390194,-2.247341,498.508942,17.421717,481.466125,179.772964,0.311303,-179.9953,6638,False,True,11,133,False,
762,/kuka/axis_move/feedback_json,std_msgs/msg/String,2026-08-31T20:36:50.713252-04:00,1788223010,713246743,1788223010713246743,125.755501,,,,24159,24158,1,0,0,24159,AxisTarget,1,True,True,True,False,-2.005166,-71.120575,115.1931,0.017478,45.630966,-2.245324,498.458069,17.432383,483.280487,179.772141,0.316628,-179.999146,6638,False,True,11,133,False,
763,/kuka/axis_move/feedback_json,std_msgs/msg/String,2026-08-31T20:36:50.843740-04:00,1788223010,843729024,1788223010843729024,130.482281,,,,24160,24159,1,0,0,24160,AxisTarget,1,True,True,True,False,-2.006013,-71.281349,115.108109,0.012167,45.878323,-2.243255,498.398071,17.443167,485.153931,179.771317,0.322121,179.996872,6638,False,True,11,133,False,
764,/kuka/axis_move/feedback_json,std_msgs/msg/String,2026-08-31T20:36:50.966681-04:00,1788223010,966675690,1788223010966675690,122.946666,,,,24161,24160,1,0,0,24161,AxisTarget,1,True,True,True,False,-2.006802,-71.430183,115.029884,0.007618,46.088974,-2.241502,498.33667,17.452812,486.864838,179.770615,0.327132,179.993195,6638,False,True,11,133,False,
765,/kuka/axis_move/feedback_json,std_msgs/msg/String,2026-08-31T20:36:51.191805-04:00,1788223011,191792000,1788223011191792000,225.11631,,,,24162,24161,1,0,0,24162,AxisTarget,1,True,True,True,False,-2.00777,-71.612175,114.933235,0.001815,46.356941,-2.23928,498.252045,17.464455,488.977905,179.76976,0.333315,179.988632,6639,False,True,11,133,False,
766,/kuka/axis_move/feedback_json,std_msgs/msg/String,2026-08-31T20:36:51.323450-04:00,1788223011,323444430,1788223011323444430,131.65243,,,,24163,24162,1,0,0,24163,AxisTarget,1,True,True,True,False,-2.008114,-71.676483,114.901039,-0.000106,46.445,-2.238554,498.219208,17.468576,489.739288,179.76947,0.335541,179.986969,6639,False,True,11,133,False,
767,/kuka/axis_move/feedback_json,std_msgs/msg/String,2026-08-31T20:36:51.541710-04:00,1788223011,541700907,1788223011541700907,218.256477,,,,24164,24163,1,0,0,24164,AxisTarget,1,True,True,True,False,-2.0083,-71.710297,114.883904,-0.0011,46.4893,-2.2382,498.199982,17.4709,490.171814,179.769302,0.336805,179.986038,6640,False,True,11,133,False,
768,/kuka/axis_move/feedback_json,std_msgs/msg/String,2026-08-31T20:36:51.667398-04:00,1788223011,667380744,1788223011667380744,125.679837,,,,24165,24164,1,0,0,24165,AxisTarget,1,True,True,True,False,-2.0083,-71.710297,114.883904,-0.0011,46.4893,-2.2382,498.199982,17.470901,490.171875,179.769302,0.336805,179.986038,6640,False,True,11,133,False,
769,/kuka/axis_move/feedback_json,std_msgs/msg/String,2026-08-31T20:36:51.797444-04:00,1788223011,797433474,1788223011797433474,130.05273,,,,24166,24165,1,0,0,24166,AxisTarget,1,True,True,True,True,-2.008343,-71.719322,114.878662,-0.001448,46.506966,-2.238038,498.19696,17.47126,490.238739,179.769287,0.337,179.985886,6640,False,True,11,133,False,
770,/kuka/axis_move/feedback_json,std_msgs/msg/String,2026-08-31T20:36:51.927179-04:00,1788223011,927167349,1788223011927167349,129.733875,,,,24167,24166,1,0,0,24167,AxisTarget,1,True,True,True,False,-2.008613,-71.771667,114.850212,-0.003218,46.591682,-2.237304,498.171814,17.474207,490.789703,179.769073,0.338612,179.98468,6640,False,True,11,133,False,
771,/kuka/axis_move/feedback_json,std_msgs/msg/String,2026-08-31T20:36:52.146743-04:00,1788223012,146732540,1788223012146732540,219.565191,,,,24168,24167,1,0,0,24168,AxisTarget,1,True,True,True,False,-2.009645,-71.969414,114.744339,-0.009714,46.898254,-2.234683,498.069763,17.485266,492.891602,179.768341,0.344757,179.980072,6641,False,True,11,133,False,
772,/kuka/axis_move/feedback_json,std_msgs/msg/String,2026-08-31T20:36:52.275252-04:00,1788223012,275241696,1788223012275241696,128.509156,,,,24169,24168,1,0,0,24169,AxisTarget,1,True,True,True,False,-2.010481,-72.127792,114.660355,-0.014816,47.1367,-2.232665,497.976501,17.494345,494.660828,179.767761,0.349923,179.976166,6641,False,True,11,133,False,
773,/kuka/axis_move/feedback_json,std_msgs/msg/String,2026-08-31T20:36:52.400658-04:00,1788223012,400640653,1788223012400640653,125.398957,,,,24170,24169,1,0,0,24170,AxisTarget,1,True,True,True,False,-2.01136,-72.294052,114.572426,-0.020145,47.38517,-2.230567,497.866302,17.50407,496.603516,179.767151,0.355591,179.971848,6641,False,True,11,133,False,
774,/kuka/axis_move/feedback_json,std_msgs/msg/String,2026-08-31T20:36:52.526155-04:00,1788223012,526144052,1788223012526144052,125.503399,,,,24171,24170,1,0,0,24171,AxisTarget,1,True,True,True,False,-2.012146,-72.441574,114.49498,-0.024803,47.600666,-2.228761,497.765808,17.512173,498.261749,179.766663,0.360424,179.96814,6641,False,True,11,133,False,
775,/kuka/axis_move/feedback_json,std_msgs/msg/String,2026-08-31T20:36:52.746614-04:00,1788223012,746608450,1788223012746608450,220.464398,,,,24172,24171,1,0,0,24172,AxisTarget,1,True,True,True,False,-2.013018,-72.604103,114.410316,-0.029857,47.832653,-2.226833,497.639709,17.521488,500.21698,179.766113,0.366118,179.963745,6642,False,True,11,133,False,
776,/kuka/axis_move/feedback_json,std_msgs/msg/String,2026-08-31T20:36:52.870700-04:00,1788223012,870690033,1788223012870690033,124.081583,,,,24173,24172,1,0,0,24173,AxisTarget,1,True,True,True,False,-2.013189,-72.635139,114.394615,-0.030765,47.873016,-2.226508,497.611969,17.523426,500.630798,179.766006,0.367322,179.962799,6642,False,True,11,133,False,
777,/kuka/axis_move/feedback_json,std_msgs/msg/String,2026-08-31T20:36:53.095194-04:00,1788223013,95177553,1788223013095177553,224.48752,,,,24174,24173,1,0,0,24174,AxisTarget,1,True,True,True,True,-2.0132,-72.63681,114.393883,-0.030802,47.874443,-2.226498,497.609406,17.523602,500.668335,179.765991,0.367432,179.962723,6643,False,True,11,133,False,
778,/kuka/axis_move/feedback_json,std_msgs/msg/String,2026-08-31T20:36:53.225918-04:00,1788223013,225900781,1788223013225900781,130.723228,,,,24175,24174,1,0,0,24175,AxisTarget,1,True,True,True,False,-2.013327,-72.662392,114.379326,-0.031748,47.921677,-2.226076,497.595184,17.524588,500.878326,179.765945,0.368043,179.96225,6643,False,True,11,133,False,
779,/kuka/axis_move/feedback_json,std_msgs/msg/String,2026-08-31T20:36:53.350843-04:00,1788223013,350836925,1788223013350836925,124.936144,,,,24176,24175,1,0,0,24176,AxisTarget,1,True,True,True,False,-2.013846,-72.762093,114.325333,-0.035094,48.081409,-2.224709,497.521179,17.529566,501.94809,179.765656,0.371159,179.959824,6643,False,True,11,133,False,
780,/kuka/axis_move/feedback_json,std_msgs/msg/String,2026-08-31T20:36:53.476992-04:00,1788223013,476985891,1788223013476985891,126.148966,,,,24177,24176,1,0,0,24177,AxisTarget,1,True,True,True,False,-2.014669,-72.917091,114.242905,-0.040111,48.316589,-2.222731,497.396545,17.537441,503.675079,179.765228,0.376186,179.955887,6643,False,True,11,133,False,
781,/kuka/axis_move/feedback_json,std_msgs/msg/String,2026-08-31T20:36:53.699092-04:00,1788223013,699081573,1788223013699081573,222.095682,,,,24178,24177,1,0,0,24178,AxisTarget,1,True,True,True,False,-2.015911,-73.146881,114.122971,-0.047275,48.646137,-2.220012,497.190125,17.549274,506.358582,179.764633,0.383988,179.949738,6644,False,True,11,133,False,
782,/kuka/axis_move/feedback_json,std_msgs/msg/String,2026-08-31T20:36:53.822749-04:00,1788223013,822739084,1788223013822739084,123.657511,,,,24179,24178,1,0,0,24179,AxisTarget,1,True,True,True,False,-2.016099,-73.179878,114.106636,-0.048199,48.686283,-2.2197,497.151703,17.551332,506.836823,179.764526,0.385378,179.948624,6644,False,True,11,133,False,
783,/kuka/axis_move/feedback_json,std_msgs/msg/String,2026-08-31T20:36:54.048846-04:00,1788223014,48835092,1788223014048835092,226.096008,,,,24180,24179,1,0,0,24180,AxisTarget,1,True,True,True,True,-2.0161,-73.18,114.106598,-0.0482,48.686298,-2.2197,497.151276,17.551355,506.842041,179.764526,0.385393,179.948624,6645,False,True,11,133,False,
784,/kuka/axis_move/feedback_json,std_msgs/msg/String,2026-08-31T20:36:54.178858-04:00,1788223014,178842914,1788223014178842914,130.007822,,,,24181,24180,1,0,0,24181,AxisTarget,1,True,True,True,False,-2.0161,-73.18,114.106598,-0.0482,48.686298,-2.2197,497.151276,17.551355,506.842041,179.764526,0.385393,179.948624,6645,False,True,11,133,False,
785,/kuka/axis_move/feedback_json,std_msgs/msg/String,2026-08-31T20:36:54.408217-04:00,1788223014,408210828,1788223014408210828,229.367914,,,,24182,24181,1,0,0,24182,AxisTarget,1,True,True,True,True,-2.016804,-73.325127,114.027054,-0.053119,48.917206,-2.217765,497.024536,17.557442,508.377502,179.764145,0.389855,179.945038,6646,False,True,11,133,False,
786,/kuka/axis_move/feedback_json,std_msgs/msg/String,2026-08-31T20:36:54.535895-04:00,1788223014,535890163,1788223014535890163,127.679335,,,,24183,24182,1,0,0,24183,AxisTarget,1,True,True,True,False,-2.0169,-73.341301,114.021301,-0.0534,48.927399,-2.2177,496.999146,17.558613,508.677765,179.764069,0.390727,179.944336,6646,False,True,11,133,False,
787,/kuka/axis_move/feedback_json,std_msgs/msg/String,2026-08-31T20:36:54.762998-04:00,1788223014,762986875,1788223014762986875,227.096712,,,,24184,24183,1,0,0,24184,AxisTarget,1,True,True,True,True,-2.0169,-73.341301,114.021301,-0.0534,48.927399,-2.2177,496.999146,17.558613,508.677765,179.764069,0.390727,179.944336,6647,False,True,11,133,False,
788,/kuka/axis_move/feedback_json,std_msgs/msg/String,2026-08-31T20:36:54.892723-04:00,1788223014,892711798,1788223014892711798,129.724923,,,,24185,24184,1,0,0,24185,AxisTarget,1,True,True,True,True,-2.016042,-73.349274,114.007507,-0.053319,48.888474,-2.215724,497.043182,17.555311,508.749054,179.764053,0.413324,179.943481,6647,False,True,11,133,False,
789,/kuka/axis_move/feedback_json,std_msgs/msg/String,2026-08-31T20:36:55.114699-04:00,1788223015,114689291,1788223015114689291,221.977493,,,,24186,24185,1,0,0,24186,AxisTarget,1,True,True,True,False,-2.004,-73.439796,113.879601,-0.0527,48.6409,-2.2052,498.021759,17.481377,510.342865,179.763687,0.91706,179.924545,6648,False,True,11,133,False,
790,/kuka/axis_move/feedback_json,std_msgs/msg/String,2026-08-31T20:36:55.240514-04:00,1788223015,240507871,1788223015240507871,125.81858,,,,24187,24186,1,0,0,24187,AxisTarget,1,True,True,True,True,-2.003752,-73.442322,113.874863,-0.052669,48.625553,-2.204373,498.031769,17.480612,510.359253,179.763687,0.922227,179.924347,6648,False,True,11,133,False,
791,/kuka/axis_move/feedback_json,std_msgs/msg/String,2026-08-31T20:36:55.369759-04:00,1788223015,369749174,1788223015369749174,129.241303,,,,24188,24187,1,0,0,24188,AxisTarget,1,True,True,True,False,-1.989328,-73.558212,113.699791,-0.051718,48.236752,-2.186655,498.983032,17.407341,511.928162,179.763168,1.415172,179.906036,6648,False,True,11,133,False,
792,/kuka/axis_move/feedback_json,std_msgs/msg/String,2026-08-31T20:36:55.498712-04:00,1788223015,498701466,1788223015498701466,128.952292,,,,24189,24188,1,0,0,24189,AxisTarget,1,True,True,True,False,-1.966149,-73.729904,113.460922,-0.050525,47.788567,-2.167918,500.912537,17.255468,515.167053,179.761612,2.424453,179.869141,6648,False,True,11,133,False,
793,/kuka/axis_move/feedback_json,std_msgs/msg/String,2026-08-31T20:36:55.726777-04:00,1788223015,726765637,1788223015726765637,228.064171,,,,24190,24189,1,0,0,24190,AxisTarget,1,True,True,True,False,-1.9652,-73.735603,113.454597,-0.0505,47.781502,-2.1677,501.048828,17.244572,515.398804,179.761475,2.496232,179.866547,6649,False,True,11,133,False,
794,/kuka/axis_move/feedback_json,std_msgs/msg/String,2026-08-31T20:36:55.856107-04:00,1788223015,856096062,1788223015856096062,129.330425,,,,24191,24190,1,0,0,24191,AxisTarget,1,True,True,True,True,-1.964656,-73.740807,113.445366,-0.050444,47.754189,-2.166039,501.074066,17.242552,515.441711,179.761444,2.509531,179.866058,6649,False,True,11,133,False,
795,/kuka/axis_move/feedback_json,std_msgs/msg/String,2026-08-31T20:36:55.982758-04:00,1788223015,982747308,1788223015982747308,126.651246,,,,24192,24191,1,0,0,24192,AxisTarget,1,True,True,True,False,-1.947207,-73.879852,113.236626,-0.049369,47.296234,-2.145555,502.225769,17.149523,517.415649,179.760117,3.118764,179.844193,6649,False,True,11,133,False,
796,/kuka/axis_move/feedback_json,std_msgs/msg/String,2026-08-31T20:36:56.213206-04:00,1788223016,213191344,1788223016213191344,230.444036,,,,24193,24192,1,0,0,24193,AxisTarget,1,True,True,True,False,-1.90062,-74.227837,112.746666,-0.047001,46.3493,-2.105303,505.931671,16.838648,523.968628,179.754211,5.113491,179.774536,6650,False,True,11,133,False,
797,/kuka/axis_move/feedback_json,std_msgs/msg/String,2026-08-31T20:36:56.343006-04:00,1788223016,343000582,1788223016343000582,129.809238,,,,24194,24193,1,0,0,24194,AxisTarget,1,True,True,True,False,-1.9005,-74.228401,112.746201,-0.047,46.349098,-2.1053,505.95874,16.836309,524.017639,179.754166,5.128262,179.774033,6650,False,True,11,133,False,
798,/kuka/axis_move/feedback_json,std_msgs/msg/String,2026-08-31T20:36:56.573167-04:00,1788223016,573150542,1788223016573150542,230.14996,,,,24195,24194,1,0,0,24195,AxisTarget,1,True,True,True,True,-1.9005,-74.228401,112.746201,-0.047,46.349098,-2.1053,505.95874,16.836309,524.017639,179.754166,5.128262,179.774033,6651,False,True,11,133,False,
799,/kuka/axis_move/feedback_json,std_msgs/msg/String,2026-08-31T20:36:56.703201-04:00,1788223016,703185523,1788223016703185523,130.034981,,,,24196,24195,1,0,0,24196,AxisTarget,1,True,True,True,True,-1.895941,-74.266701,112.685776,-0.046673,46.203506,-2.09841,506.204254,16.815046,524.46344,179.753677,5.262424,179.769455,6651,False,True,11,133,False,
800,/kuka/axis_move/feedback_json,std_msgs/msg/String,2026-08-31T20:36:56.831217-04:00,1788223016,831198089,1788223016831198089,128.012566,,,,24197,24196,1,0,0,24197,AxisTarget,1,True,True,True,False,-1.869124,-74.476738,112.375641,-0.0451,45.54285,-2.068888,508.1008,16.647932,527.95697,179.749603,6.307503,179.734238,6651,False,True,11,133,False,
801,/kuka/axis_move/feedback_json,std_msgs/msg/String,2026-08-31T20:36:56.954797-04:00,1788223016,954789963,1788223016954789963,123.591874,,,,24198,24197,1,0,0,24198,AxisTarget,1,True,True,True,False,-1.826438,-74.800873,111.911987,-0.042823,44.61797,-2.028946,511.19342,16.36401,533.854675,179.741486,8.04712,179.677307,6651,False,True,11,133,False,
802,/kuka/axis_move/feedback_json,std_msgs/msg/String,2026-08-31T20:36:57.187667-04:00,1788223017,187657033,1788223017187657033,232.86707,,,,24199,24198,1,0,0,24199,AxisTarget,1,True,True,True,False,-1.8099,-74.918503,111.754501,-0.0421,44.3437,-2.0179,512.529907,16.236656,536.485657,179.737411,8.813579,179.652878,6652,False,True,11,133,False,
803,/kuka/axis_move/feedback_json,std_msgs/msg/String,2026-08-31T20:36:57.317498-04:00,1788223017,317487435,1788223017317487435,129.830402,,,,24200,24199,1,0,0,24200,AxisTarget,1,True,True,True,True,-1.8099,-74.918503,111.754501,-0.0421,44.3437,-2.0179,512.529907,16.236656,536.485657,179.737411,8.813579,179.652878,6652,False,True,11,133,False,
804,/kuka/axis_move/feedback_json,std_msgs/msg/String,2026-08-31T20:36:57.538825-04:00,1788223017,538810253,1788223017538810253,221.322818,,,,24201,24200,1,0,0,24201,AxisTarget,1,True,True,True,False,-1.8099,-74.918503,111.754501,-0.0421,44.3437,-2.0179,512.529907,16.236656,536.485657,179.737411,8.813579,179.652878,6653,False,True,11,133,False,
805,/kuka/axis_move/feedback_json,std_msgs/msg/String,2026-08-31T20:36:57.670922-04:00,1788223017,670915374,1788223017670915374,132.105121,,,,24202,24201,1,0,0,24202,AxisTarget,1,True,True,True,True,-1.806328,-74.948807,111.701294,-0.041807,44.214512,-2.011769,512.729187,16.217407,536.882385,179.736771,8.928669,179.649246,6653,False,True,11,133,False,
806,/kuka/axis_move/feedback_json,std_msgs/msg/String,2026-08-31T20:36:57.804826-04:00,1788223017,804815214,1788223017804815214,133.89984,,,,24203,24202,1,0,0,24203,AxisTarget,1,True,True,True,False,-1.780729,-75.158554,111.396294,-0.040234,43.56432,-1.982723,514.410217,16.052359,540.276733,179.731064,9.908106,179.618683,6653,False,True,11,133,False,
807,/kuka/axis_move/feedback_json,std_msgs/msg/String,2026-08-31T20:36:58.030844-04:00,1788223018,30823483,1788223018030823483,226.008269,,,,24204,24203,1,0,0,24204,AxisTarget,1,True,True,True,False,-1.701158,-75.752151,110.54892,-0.036013,41.877823,-1.909942,519.759949,15.492337,551.697937,179.708984,13.138811,179.522171,6654,False,True,11,133,False,
808,/kuka/axis_move/feedback_json,std_msgs/msg/String,2026-08-31T20:36:58.154447-04:00,1788223018,154436584,1788223018154436584,123.613101,,,,24205,24204,1,0,0,24205,AxisTarget,1,True,True,True,False,-1.6934,-75.805702,110.4795,-0.0357,41.7654,-1.9056,520.422241,15.418983,553.183777,179.705811,13.552162,179.510284,6654,False,True,11,133,False,
809,/kuka/axis_move/feedback_json,std_msgs/msg/String,2026-08-31T20:36:58.374439-04:00,1788223018,374413479,1788223018374413479,219.976895,,,,24206,24205,1,0,0,24206,AxisTarget,1,True,True,True,True,-1.6934,-75.805702,110.4795,-0.0357,41.7654,-1.9056,520.42218,15.418986,553.183716,179.705811,13.552149,179.510284,6655,False,True,11,133,False,
810,/kuka/axis_move/feedback_json,std_msgs/msg/String,2026-08-31T20:36:58.502433-04:00,1788223018,502426294,1788223018502426294,128.012815,,,,24207,24206,1,0,0,24207,AxisTarget,1,True,True,True,True,-1.6934,-75.80571,110.479462,-0.0357,41.765045,-1.905572,520.42218,15.418986,553.183716,179.705811,13.552149,179.510284,6655,False,True,11,133,False,
811,/kuka/axis_move/feedback_json,std_msgs/msg/String,2026-08-31T20:36:58.634400-04:00,1788223018,634390141,1788223018634390141,131.963847,,,,24208,24207,1,0,0,24208,AxisTarget,1,True,True,True,False,-1.686785,-75.860268,110.388412,-0.035217,41.553623,-1.89574,520.784668,15.37847,554.004211,179.704025,13.779749,179.503769,6655,False,True,11,133,False,
812,/kuka/axis_move/feedback_json,std_msgs/msg/String,2026-08-31T20:36:58.762162-04:00,1788223018,762151455,1788223018762151455,127.761314,,,,24209,24208,1,0,0,24209,AxisTarget,1,True,True,True,False,-1.658441,-76.081566,110.069153,-0.033603,40.878117,-1.864354,522.509155,15.181646,557.980835,179.695145,14.876397,179.472855,6655,False,True,11,133,False,
813,/kuka/axis_move/feedback_json,std_msgs/msg/String,2026-08-31T20:36:58.990647-04:00,1788223018,990634172,1788223018990634172,228.482717,,,,24210,24209,1,0,0,24210,AxisTarget,1,True,True,True,False,-1.568008,-76.769417,109.082939,-0.028745,38.897449,-1.779742,527.961609,14.509898,571.447021,179.662064,18.514914,179.375107,6656,False,True,11,133,False,
814,/kuka/axis_move/feedback_json,std_msgs/msg/String,2026-08-31T20:36:59.117668-04:00,1788223019,117657006,1788223019117657006,127.022834,,,,24211,24210,1,0,0,24211,AxisTarget,1,True,True,True,False,-1.55118,-76.889641,108.921371,-0.028001,38.614185,-1.768301,529.129456,14.354918,574.532776,179.653885,19.333401,179.354111,6656,False,True,11,133,False,
815,/kuka/axis_move/feedback_json,std_msgs/msg/String,2026-08-31T20:36:59.339141-04:00,1788223019,339123327,1788223019339123327,221.466321,,,,24212,24211,1,0,0,24212,AxisTarget,1,True,True,True,True,-1.5511,-76.889999,108.921097,-0.028,38.614101,-1.7683,529.145081,14.352818,574.574524,179.653778,19.344437,179.353836,6657,False,True,11,133,False,
816,/kuka/axis_move/feedback_json,std_msgs/msg/String,2026-08-31T20:36:59.466579-04:00,1788223019,466568867,1788223019466568867,127.44554,,,,24213,24212,1,0,0,24213,AxisTarget,1,True,True,True,False,-1.5511,-76.889999,108.921097,-0.028,38.614101,-1.7683,529.145081,14.352818,574.574524,179.653778,19.344437,179.353836,6657,False,True,11,133,False,
817,/kuka/axis_move/feedback_json,std_msgs/msg/String,2026-08-31T20:36:59.594580-04:00,1788223019,594569104,1788223019594569104,128.000237,,,,24214,24213,1,0,0,24214,AxisTarget,1,True,True,True,True,-1.548192,-76.914803,108.881393,-0.027779,38.51601,-1.763605,529.259216,14.337417,574.880554,179.652954,19.425303,179.351776,6657,False,True,11,133,False,
818,/kuka/axis_move/feedback_json,std_msgs/msg/String,2026-08-31T20:36:59.722581-04:00,1788223019,722569841,1788223019722569841,128.000737,,,,24215,24214,1,0,0,24215,AxisTarget,1,True,True,True,False,-1.526562,-77.09256,108.618347,-0.026422,37.953552,-1.738421,530.427979,14.177222,578.059326,179.644318,20.262222,179.330719,6657,False,True,11,133,False,
819,/kuka/axis_move/feedback_json,std_msgs/msg/String,2026-08-31T20:36:59.936226-04:00,1788223019,936214455,1788223019936214455,213.644614,,,,24216,24215,1,0,0,24216,AxisTarget,1,True,True,True,False,-1.443048,-77.727654,107.695999,-0.021751,36.052483,-1.654824,534.829407,13.528048,590.870483,179.607529,23.581049,179.250732,6658,False,True,11,133,False,
820,/kuka/axis_move/feedback_json,std_msgs/msg/String,2026-08-31T20:37:00.063211-04:00,1788223020,63200490,1788223020063200490,126.986035,,,,24217,24216,1,0,0,24217,AxisTarget,1,True,True,True,False,-1.396628,-78.073463,107.210274,-0.019372,35.117153,-1.615091,537.206604,13.141665,598.44812,179.584427,25.505993,179.206772,6658,False,True,11,133,False,
821,/kuka/axis_move/feedback_json,std_msgs/msg/String,2026-08-31T20:37:00.194807-04:00,1788223020,194797555,1788223020194797555,131.597065,,,,24218,24217,1,0,0,24218,AxisTarget,1,True,True,True,False,-1.383507,-78.16629,107.086678,-0.0188,34.904785,-1.6066,537.986084,13.00846,601.053223,179.576279,26.161667,179.1922,6658,False,True,11,133,False,
822,/kuka/axis_move/feedback_json,std_msgs/msg/String,2026-08-31T20:37:00.414433-04:00,1788223020,414425862,1788223020414425862,219.628307,,,,24219,24218,1,0,0,24219,AxisTarget,1,True,True,True,True,-1.3835,-78.166298,107.0867,-0.0188,34.9048,-1.6066,537.987915,13.008145,601.059387,179.576263,26.16321,179.192154,6659,False,True,11,133,False,
823,/kuka/axis_move/feedback_json,std_msgs/msg/String,2026-08-31T20:37:00.542861-04:00,1788223020,542855190,1788223020542855190,128.429328,,,,24220,24219,1,0,0,24220,AxisTarget,1,True,True,True,False,-1.3835,-78.166298,107.0867,-0.0188,34.9048,-1.6066,537.987915,13.008145,601.059387,179.576263,26.16321,179.192154,6659,False,True,11,133,False,
824,/kuka/axis_move/feedback_json,std_msgs/msg/String,2026-08-31T20:37:00.668151-04:00,1788223020,668145603,1788223020668145603,125.290413,,,,24221,24220,1,0,0,24221,AxisTarget,1,True,True,True,True,-1.380074,-78.195221,107.040855,-0.018551,34.793491,-1.601317,538.119263,12.985372,601.504761,179.57486,26.275005,179.189697,6659,False,True,11,133,False,
825,/kuka/axis_move/feedback_json,std_msgs/msg/String,2026-08-31T20:37:00.801986-04:00,1788223020,801969179,1788223020801969179,133.823576,,,,24222,24221,1,0,0,24222,AxisTarget,1,True,True,True,False,-1.35935,-78.365471,106.789246,-0.017271,34.256706,-1.577328,539.038696,12.82303,604.67688,179.564758,27.068695,179.172333,6659,False,True,11,133,False,
826,/kuka/axis_move/feedback_json,std_msgs/msg/String,2026-08-31T20:37:01.030738-04:00,1788223021,30719532,1788223021030719532,228.750353,,,,24223,24222,1,0,0,24223,AxisTarget,1,True,True,True,False,-1.269012,-79.053604,105.790268,-0.012277,32.198799,-1.486929,542.830872,12.090435,618.934509,179.517639,30.58437,179.09874,6660,False,True,11,133,False,
827,/kuka/axis_move/feedback_json,std_msgs/msg/String,2026-08-31T20:37:01.157741-04:00,1788223021,157735653,1788223021157735653,127.016121,,,,24224,24223,1,0,0,24224,AxisTarget,1,True,True,True,False,-1.221421,-79.408455,105.291748,-0.009867,31.238165,-1.446136,544.870911,11.643132,627.600647,179.487732,32.682911,179.057297,6660,False,True,11,133,False,
828,/kuka/axis_move/feedback_json,std_msgs/msg/String,2026-08-31T20:37:01.288348-04:00,1788223021,288340764,1788223021288340764,130.605111,,,,24225,24224,1,0,0,24225,AxisTarget,1,True,True,True,False,-1.208311,-79.501373,105.167908,-0.0093,31.024784,-1.4376,545.43219,11.511689,630.142456,179.47879,33.293316,179.045578,6660,False,True,11,133,False,
829,/kuka/axis_move/feedback_json,std_msgs/msg/String,2026-08-31T20:37:01.518631-04:00,1788223021,518617117,1788223021518617117,230.276353,,,,24226,24225,1,0,0,24226,AxisTarget,1,True,True,True,True,-1.2083,-79.501404,105.1679,-0.0093,31.024799,-1.4376,545.43512,11.51098,630.156189,179.478745,33.296604,179.045517,6661,False,True,11,133,False,
830,/kuka/axis_move/feedback_json,std_msgs/msg/String,2026-08-31T20:37:01.648402-04:00,1788223021,648390924,1788223021648390924,129.773807,,,,24227,24226,1,0,0,24227,AxisTarget,1,True,True,True,False,-1.2083,-79.501404,105.1679,-0.0093,31.024778,-1.437597,545.43512,11.51098,630.156189,179.478745,33.296604,179.045517,6661,False,True,11,133,False,
831,/kuka/axis_move/feedback_json,std_msgs/msg/String,2026-08-31T20:37:01.777827-04:00,1788223021,777815801,1788223021777815801,129.424877,,,,24228,24227,1,0,0,24228,AxisTarget,1,True,True,True,True,-1.203953,-79.537613,105.111198,-0.008992,30.89003,-1.431261,545.554443,11.482489,630.706482,179.476791,33.428459,179.043015,6661,False,True,11,133,False,
832,/kuka/axis_move/feedback_json,std_msgs/msg/String,2026-08-31T20:37:01.901799-04:00,1788223021,901788854,1788223021901788854,123.973053,,,,24229,24228,1,0,0,24229,AxisTarget,1,True,True,True,False,-1.181608,-79.712349,104.853516,-0.00767,30.342529,-1.406824,546.328613,11.292789,634.368469,179.463776,34.303242,179.02655,6661,False,True,11,133,False,
833,/kuka/axis_move/feedback_json,std_msgs/msg/String,2026-08-31T20:37:02.122212-04:00,1788223022,122202450,1788223022122202450,220.413596,,,,24230,24229,1,0,0,24230,AxisTarget,1,True,True,True,False,-1.097518,-80.359856,103.913025,-0.002917,28.402647,-1.321496,549.005432,10.557074,648.538574,179.412079,37.647362,178.966339,6662,False,True,11,133,False,
834,/kuka/axis_move/feedback_json,std_msgs/msg/String,2026-08-31T20:37:02.248341-04:00,1788223022,248334726,1788223022248334726,126.132276,,,,24231,24230,1,0,0,24231,AxisTarget,1,True,True,True,False,-1.049485,-80.718773,103.407433,-0.00044,27.423248,-1.279775,550.40387,10.10403,657.244507,179.379333,39.67205,178.9319,6662,False,True,11,133,False,
835,/kuka/axis_move/feedback_json,std_msgs/msg/String,2026-08-31T20:37:02.380290-04:00,1788223022,380278687,1788223022380278687,131.943961,,,,24232,24231,1,0,0,24232,AxisTarget,1,True,True,True,False,-1.033113,-80.83596,103.24955,0.000299,27.145012,-1.268503,550.875427,9.935984,660.470947,179.36702,40.417038,178.919601,6662,False,True,11,133,False,
836,/kuka/axis_move/feedback_json,std_msgs/msg/String,2026-08-31T20:37:02.610757-04:00,1788223022,610744574,1788223022610744574,230.465887,,,,24233,24232,1,0,0,24233,AxisTarget,1,True,True,True,True,-1.033,-80.836502,103.2491,0.0003,27.1448,-1.2685,550.88385,9.932908,660.530029,179.366791,40.430645,178.919373,6663,False,True,11,133,False,
837,/kuka/axis_move/feedback_json,std_msgs/msg/String,2026-08-31T20:37:02.738334-04:00,1788223022,738324293,1788223022738324293,127.579719,,,,24234,24233,1,0,0,24234,AxisTarget,1,True,True,True,False,-1.033,-80.836502,103.2491,0.0003,27.1448,-1.2685,550.88385,9.932908,660.530029,179.366791,40.430645,178.919373,6663,False,True,11,133,False,
838,/kuka/axis_move/feedback_json,std_msgs/msg/String,2026-08-31T20:37:02.862358-04:00,1788223022,862348083,1788223022862348083,124.02379,,,,24235,24234,1,0,0,24235,AxisTarget,1,True,True,True,True,-1.029929,-80.862434,103.208,0.000523,27.04501,-1.263761,550.945435,9.91026,660.965027,179.365112,40.530869,178.91774,6663,False,True,11,133,False,
839,/kuka/axis_move/feedback_json,std_msgs/msg/String,2026-08-31T20:37:02.990681-04:00,1788223022,990663892,1788223022990663892,128.315809,,,,24236,24235,1,0,0,24236,AxisTarget,1,True,True,True,False,-1.011329,-81.008385,102.992203,0.001622,26.584238,-1.243148,551.351379,9.756589,663.916077,179.353745,41.209454,178.906723,6663,False,True,11,133,False,
840,/kuka/axis_move/feedback_json,std_msgs/msg/String,2026-08-31T20:37:03.214925-04:00,1788223023,214907415,1788223023214907415,224.243523,,,,24237,24236,1,0,0,24237,AxisTarget,1,True,True,True,False,-0.936978,-81.582161,102.136887,0.005908,24.81266,-1.165034,552.903381,9.074297,677.010437,179.302368,44.193962,178.860107,6664,False,True,11,133,False,
841,/kuka/axis_move/feedback_json,std_msgs/msg/String,2026-08-31T20:37:03.342437-04:00,1788223023,342425556,1788223023342425556,127.518141,,,,24238,24237,1,0,0,24238,AxisTarget,1,True,True,True,False,-0.881405,-82.001015,101.562477,0.008713,23.683903,-1.116615,553.819031,8.552876,687.013672,179.262131,46.446953,178.826874,6664,False,True,11,133,False,
842,/kuka/axis_move/feedback_json,std_msgs/msg/String,2026-08-31T20:37:03.468149-04:00,1788223023,468144217,1788223023468144217,125.718661,,,,24239,24238,1,0,0,24239,AxisTarget,1,True,True,True,False,-0.858657,-82.16642,101.33609,0.009778,23.271391,-1.099606,554.170593,8.30716,691.728271,179.242859,47.501335,178.811859,6664,False,True,11,133,False,
843,/kuka/axis_move/feedback_json,std_msgs/msg/String,2026-08-31T20:37:03.690195-04:00,1788223023,690184903,1788223023690184903,222.040686,,,,24240,24239,1,0,0,24240,AxisTarget,1,True,True,True,True,-0.8578,-82.1716,101.330299,0.0098,23.264799,-1.0994,554.190308,8.292239,692.014587,179.241684,47.565224,178.810959,6665,False,True,11,133,False,
844,/kuka/axis_move/feedback_json,std_msgs/msg/String,2026-08-31T20:37:03.822386-04:00,1788223023,822375120,1788223023822375120,132.190217,,,,24241,24240,1,0,0,24241,AxisTarget,1,True,True,True,False,-0.8578,-82.1716,101.330299,0.0098,23.264799,-1.0994,554.190308,8.292239,692.014587,179.241684,47.565224,178.810959,6665,False,True,11,133,False,
845,/kuka/axis_move/feedback_json,std_msgs/msg/String,2026-08-31T20:37:03.950770-04:00,1788223023,950749551,1788223023950749551,128.374431,,,,24242,24241,1,0,0,24242,AxisTarget,1,True,True,True,True,-0.857327,-82.176048,101.322517,0.009847,23.238382,-1.098061,554.194031,8.28943,692.068481,179.241455,47.577244,178.810791,6665,False,True,11,133,False,
846,/kuka/axis_move/feedback_json,std_msgs/msg/String,2026-08-31T20:37:04.078360-04:00,1788223024,78349911,1788223024078349911,127.60036,,,,24243,24242,1,0,0,24243,AxisTarget,1,True,True,True,False,-0.844655,-82.276848,101.171478,0.010633,22.911959,-1.082586,554.333252,8.179423,694.178284,179.232773,48.04747,178.804214,6665,False,True,11,133,False,
847,/kuka/axis_move/feedback_json,std_msgs/msg/String,2026-08-31T20:37:04.302332-04:00,1788223024,302320119,1788223024302320119,223.970208,,,,24244,24243,1,0,0,24244,AxisTarget,1,True,True,True,False,-0.779636,-82.779221,100.439156,0.014349,21.389452,-1.016095,554.907593,7.590154,705.486084,179.185516,50.553066,178.770294,6666,False,True,11,133,False,
848,/kuka/axis_move/feedback_json,std_msgs/msg/String,2026-08-31T20:37:04.429412-04:00,1788223024,429401965,1788223024429401965,127.081846,,,,24245,24244,1,0,0,24245,AxisTarget,1,True,True,True,False,-0.724849,-83.196533,99.839851,0.017342,20.182665,-0.963711,555.177612,7.064747,715.581665,179.142426,52.770687,178.74176,6666,False,True,11,133,False,
849,/kuka/axis_move/feedback_json,std_msgs/msg/String,2026-08-31T20:37:04.561228-04:00,1788223024,561216548,1788223024561216548,131.814583,,,,24246,24245,1,0,0,24246,AxisTarget,1,True,True,True,False,-0.688761,-83.463585,99.461372,0.019178,19.464052,-0.933428,555.231506,6.685285,722.883911,179.110703,54.364338,178.722076,6666,False,True,11,133,False,
850,/kuka/axis_move/feedback_json,std_msgs/msg/String,2026-08-31T20:37:04.690073-04:00,1788223024,690067667,1788223024690067667,128.851119,,,,24247,24246,1,0,0,24247,AxisTarget,1,True,True,True,False,-0.6825,-83.506699,99.411499,0.0194,19.3848,-0.9304,555.227844,6.605122,724.427917,179.103943,54.700256,178.718002,6666,False,True,11,133,False,
851,/kuka/axis_move/feedback_json,std_msgs/msg/String,2026-08-31T20:37:04.916154-04:00,1788223024,916143757,1788223024916143757,226.07609,,,,24248,24247,1,0,0,24248,AxisTarget,1,True,True,True,True,-0.6825,-83.506699,99.411499,0.0194,19.3848,-0.9304,555.227844,6.605124,724.427856,179.103943,54.700249,178.718002,6667,False,True,11,133,False,
852,/kuka/axis_move/feedback_json,std_msgs/msg/String,2026-08-31T20:37:05.046253-04:00,1788223025,46246988,1788223025046246988,130.103231,,,,24249,24248,1,0,0,24249,AxisTarget,1,True,True,True,True,-0.682494,-83.506859,99.41111,0.019403,19.382969,-0.930286,555.227844,6.605116,724.42804,179.103943,54.700283,178.718002,6667,False,True,11,133,False,
853,/kuka/axis_move/feedback_json,std_msgs/msg/String,2026-08-31T20:37:05.174270-04:00,1788223025,174258743,1788223025174258743,128.011755,,,,24250,24249,1,0,0,24250,AxisTarget,1,True,True,True,False,-0.675958,-83.560089,99.329491,0.019838,19.196583,-0.921686,555.222229,6.550109,725.488464,179.099289,54.930782,178.71524,6667,False,True,11,133,False,
854,/kuka/axis_move/feedback_json,std_msgs/msg/String,2026-08-31T20:37:05.298537-04:00,1788223025,298531441,1788223025298531441,124.272698,,,,24251,24250,1,0,0,24251,AxisTarget,1,True,True,True,False,-0.654026,-83.731033,99.078346,0.021177,18.643888,-0.897102,555.179932,6.346447,729.41687,179.08197,55.783283,178.705109,6667,False,True,11,133,False,
855,/kuka/axis_move/feedback_json,std_msgs/msg/String,2026-08-31T20:37:05.514658-04:00,1788223025,514646581,1788223025514646581,216.11514,,,,24252,24251,1,0,0,24252,AxisTarget,1,True,True,True,False,-0.577623,-84.319733,98.223053,0.025446,16.900627,-0.820367,554.749329,5.61738,743.513367,179.018631,58.825191,178.670334,6668,False,True,11,133,False,
856,/kuka/axis_move/feedback_json,std_msgs/msg/String,2026-08-31T20:37:05.642623-04:00,1788223025,642604728,1788223025642604728,127.958147,,,,24253,24252,1,0,0,24253,AxisTarget,1,True,True,True,False,-0.528624,-84.687897,97.701859,0.028069,15.858969,-0.775797,554.226807,5.137455,752.826782,178.975693,60.821655,178.648575,6668,False,True,11,133,False,
857,/kuka/axis_move/feedback_json,std_msgs/msg/String,2026-08-31T20:37:05.770211-04:00,1788223025,770200099,1788223025770200099,127.595371,,,,24254,24253,1,0,0,24254,AxisTarget,1,True,True,True,False,-0.507954,-84.837914,97.496948,0.028984,15.509384,-0.761438,553.906128,4.905694,757.335571,178.954559,61.784794,178.638336,6668,False,True,11,133,False,
858,/kuka/axis_move/feedback_json,std_msgs/msg/String,2026-08-31T20:37:06.000225-04:00,1788223026,212783,1788223026000212783,230.012684,,,,24255,24254,1,0,0,24255,AxisTarget,1,True,True,True,True,-0.5073,-84.841797,97.492699,0.029,15.5048,-0.7613,553.887939,4.893458,757.573853,178.953445,61.835632,178.637802,6669,False,True,11,133,False,
859,/kuka/axis_move/feedback_json,std_msgs/msg/String,2026-08-31T20:37:06.124103-04:00,1788223026,124091823,1788223026124091823,123.87904,,,,24256,24255,1,0,0,24256,AxisTarget,1,True,True,True,False,-0.5073,-84.841797,97.492699,0.029,15.5048,-0.7613,553.887939,4.893458,757.573853,178.953445,61.835632,178.637802,6669,False,True,11,133,False,
860,/kuka/axis_move/feedback_json,std_msgs/msg/String,2026-08-31T20:37:06.251751-04:00,1788223026,251739756,1788223026251739756,127.647933,,,,24257,24256,1,0,0,24257,AxisTarget,1,True,True,True,True,-0.506371,-84.850113,97.478783,0.029079,15.467699,-0.759465,553.880127,4.88822,757.675842,178.952957,61.857391,178.637573,6669,False,True,11,133,False,
861,/kuka/axis_move/feedback_json,std_msgs/msg/String,2026-08-31T20:37:06.382244-04:00,1788223026,382233707,1788223026382233707,130.493951,,,,24258,24257,1,0,0,24258,AxisTarget,1,True,True,True,False,-0.493366,-84.953011,97.325424,0.029866,15.135445,-0.744505,553.70636,4.775468,759.872009,178.942551,62.32571,178.632645,6669,False,True,11,133,False,
862,/kuka/axis_move/feedback_json,std_msgs/msg/String,2026-08-31T20:37:06.607391-04:00,1788223026,607386405,1788223026607386405,225.152698,,,,24259,24258,1,0,0,24259,AxisTarget,1,True,True,True,False,-0.432615,-85.42234,96.641602,0.0333,13.714997,-0.681788,552.633301,4.190535,771.298401,178.887451,64.755051,178.607559,6670,False,True,11,133,False,
863,/kuka/axis_move/feedback_json,std_msgs/msg/String,2026-08-31T20:37:06.731620-04:00,1788223026,731614786,1788223026731614786,124.228381,,,,24260,24259,1,0,0,24260,AxisTarget,1,True,True,True,False,-0.378551,-85.835052,96.047768,0.036243,12.514368,-0.62954,551.46167,3.680959,781.302612,178.837708,66.873184,178.586182,6670,False,True,11,133,False,
864,/kuka/axis_move/feedback_json,std_msgs/msg/String,2026-08-31T20:37:06.858157-04:00,1788223026,858146050,1788223026858146050,126.531264,,,,24261,24260,1,0,0,24261,AxisTarget,1,True,True,True,False,-0.342314,-86.103966,95.671616,0.038087,11.783046,-0.59861,550.415161,3.291602,788.981934,178.798386,68.494331,178.569962,6670,False,True,11,133,False,
865,/kuka/axis_move/feedback_json,std_msgs/msg/String,2026-08-31T20:37:06.988179-04:00,1788223026,988169448,1788223026988169448,130.023398,,,,24262,24261,1,0,0,24262,AxisTarget,1,True,True,True,False,-0.333999,-86.162109,95.5952,0.0384,11.667802,-0.5941,550.138489,3.196185,790.868896,178.788559,68.892113,178.565964,6670,False,True,11,133,False,
866,/kuka/axis_move/feedback_json,std_msgs/msg/String,2026-08-31T20:37:07.210162-04:00,1788223027,210146666,1788223027210146666,221.977218,,,,24263,24262,1,0,0,24263,AxisTarget,1,True,True,True,True,-0.334,-86.162102,95.5952,0.0384,11.6678,-0.5941,550.138428,3.19617,790.869202,178.788559,68.892181,178.565964,6671,False,True,11,133,False,
867,/kuka/axis_move/feedback_json,std_msgs/msg/String,2026-08-31T20:37:07.341920-04:00,1788223027,341909248,1788223027341909248,131.762582,,,,24264,24263,1,0,0,24264,AxisTarget,1,True,True,True,True,-0.334,-86.162102,95.5952,0.0384,11.66775,-0.594095,550.138428,3.19617,790.869202,178.788559,68.892181,178.565964,6671,False,True,11,133,False,
868,/kuka/axis_move/feedback_json,std_msgs/msg/String,2026-08-31T20:37:07.469053-04:00,1788223027,469046729,1788223027469046729,127.137481,,,,24265,24264,1,0,0,24265,AxisTarget,1,True,True,True,False,-0.32988,-86.196182,95.542175,0.038685,11.543219,-0.588272,550.038635,3.162416,791.537048,178.785065,69.032928,178.56456,6671,False,True,11,133,False,
869,/kuka/axis_move/feedback_json,std_msgs/msg/String,2026-08-31T20:37:07.594285-04:00,1788223027,594272463,1788223027594272463,125.225734,,,,24266,24265,1,0,0,24266,AxisTarget,1,True,True,True,False,-0.311097,-86.342903,95.326042,0.039787,11.084996,-0.567847,549.532532,2.996198,794.829956,178.767685,69.726517,178.557587,6671,False,True,11,133,False,
870,/kuka/axis_move/feedback_json,std_msgs/msg/String,2026-08-31T20:37:07.822040-04:00,1788223027,822029111,1788223027822029111,227.756648,,,,24267,24266,1,0,0,24267,AxisTarget,1,True,True,True,False,-0.24348,-86.864021,94.56839,0.043601,9.518472,-0.498864,547.315918,2.346455,807.767029,178.696899,72.446426,178.529633,6672,False,True,11,133,False,
871,/kuka/axis_move/feedback_json,std_msgs/msg/String,2026-08-31T20:37:07.948150-04:00,1788223027,948138246,1788223027948138246,126.109135,,,,24268,24267,1,0,0,24268,AxisTarget,1,True,True,True,False,-0.198291,-87.203209,94.088531,0.04595,8.581454,-0.458812,545.55835,1.897761,816.767334,178.644653,74.334923,178.509018,6672,False,True,11,133,False,
872,/kuka/axis_move/feedback_json,std_msgs/msg/String,2026-08-31T20:37:08.078389-04:00,1788223028,78377383,1788223028078377383,130.239137,,,,24269,24268,1,0,0,24269,AxisTarget,1,True,True,True,False,-0.181856,-87.321404,93.928528,0.046698,8.29654,-0.447208,544.814819,1.721256,820.323975,178.623138,75.080605,178.500397,6672,False,True,11,133,False,
873,/kuka/axis_move/feedback_json,std_msgs/msg/String,2026-08-31T20:37:08.302185-04:00,1788223028,302176529,1788223028302176529,223.799146,,,,24270,24269,1,0,0,24270,AxisTarget,1,True,True,True,True,-0.1817,-87.322197,93.927803,0.0467,8.2961,-0.4472,544.802185,1.718308,820.383484,178.622772,75.093071,178.500244,6673,False,True,11,133,False,
874,/kuka/axis_move/feedback_json,std_msgs/msg/String,2026-08-31T20:37:08.430517-04:00,1788223028,430511851,1788223028430511851,128.335322,,,,24271,24270,1,0,0,24271,AxisTarget,1,True,True,True,False,-0.1817,-87.322197,93.927803,0.0467,8.2961,-0.4472,544.802185,1.718308,820.383484,178.622772,75.093071,178.500244,6673,False,True,11,133,False,
875,/kuka/axis_move/feedback_json,std_msgs/msg/String,2026-08-31T20:37:08.554375-04:00,1788223028,554364901,1788223028554364901,123.85305,,,,24272,24271,1,0,0,24272,AxisTarget,1,True,True,True,True,-0.180331,-87.334129,93.90834,0.046809,8.246409,-0.444787,544.766174,1.709953,820.552124,178.621735,75.128426,178.499832,6673,False,True,11,133,False,
876,/kuka/axis_move/feedback_json,std_msgs/msg/String,2026-08-31T20:37:08.682203-04:00,1788223028,682192081,1788223028682192081,127.82718,,,,24273,24272,1,0,0,24273,AxisTarget,1,True,True,True,False,-0.167412,-87.43602,93.75695,0.047589,7.920227,-0.430131,544.255493,1.592978,822.915466,178.607101,75.623734,178.493912,6673,False,True,11,133,False,
877,/kuka/axis_move/feedback_json,std_msgs/msg/String,2026-08-31T20:37:08.909274-04:00,1788223028,909264440,1788223028909264440,227.072359,,,,24274,24273,1,0,0,24274,AxisTarget,1,True,True,True,False,-0.107425,-87.899254,93.082413,0.050995,6.521221,-0.368399,541.699646,1.048068,833.98407,178.53421,77.942421,178.463196,6674,False,True,11,133,False,
878,/kuka/axis_move/feedback_json,std_msgs/msg/String,2026-08-31T20:37:09.036398-04:00,1788223029,36388905,1788223029036388905,127.124465,,,,24275,24274,1,0,0,24275,AxisTarget,1,True,True,True,False,-0.067417,-88.199196,92.658813,0.053068,5.697211,-0.333234,539.655273,0.652251,842.089966,178.474411,79.640038,178.43573,6674,False,True,11,133,False,
879,/kuka/axis_move/feedback_json,std_msgs/msg/String,2026-08-31T20:37:09.168415-04:00,1788223029,168409460,1788223029168409460,132.020555,,,,24276,24275,1,0,0,24276,AxisTarget,1,True,True,True,False,-0.055326,-88.28521,92.543755,0.0536,5.497393,-0.325199,538.90332,0.514085,844.933472,178.451599,80.235603,178.424545,6674,False,True,11,133,False,
880,/kuka/axis_move/feedback_json,std_msgs/msg/String,2026-08-31T20:37:09.398477-04:00,1788223029,398444658,1788223029398444658,230.035198,,,,24277,24276,1,0,0,24277,AxisTarget,1,True,True,True,True,-0.0553,-88.285301,92.543701,0.0536,5.4974,-0.3252,538.897095,0.512956,844.956726,178.451401,80.240479,178.424438,6675,False,True,11,133,False,
881,/kuka/axis_move/feedback_json,std_msgs/msg/String,2026-08-31T20:37:09.526220-04:00,1788223029,526214227,1788223029526214227,127.769569,,,,24278,24277,1,0,0,24278,AxisTarget,1,True,True,True,False,-0.0553,-88.285301,92.543701,0.0536,5.497396,-0.325199,538.897095,0.512956,844.956726,178.451401,80.240479,178.424438,6675,False,True,11,133,False,
882,/kuka/axis_move/feedback_json,std_msgs/msg/String,2026-08-31T20:37:09.652600-04:00,1788223029,652584769,1788223029652584769,126.370542,,,,24279,24278,1,0,0,24279,AxisTarget,1,True,True,True,True,-0.052589,-88.310295,92.504402,0.053814,5.40336,-0.320763,538.782715,0.492237,845.383423,178.447876,80.329857,178.422668,6675,False,True,11,133,False,
883,/kuka/axis_move/feedback_json,std_msgs/msg/String,2026-08-31T20:37:09.778855-04:00,1788223029,778839128,1788223029778839128,126.254359,,,,24280,24279,1,0,0,24280,AxisTarget,1,True,True,True,False,-0.035819,-88.439308,92.313972,0.05479,4.998082,-0.302662,537.984192,0.349872,848.320068,178.42276,80.945053,178.409744,6675,False,True,11,133,False,
884,/kuka/axis_move/feedback_json,std_msgs/msg/String,2026-08-31T20:37:09.994017-04:00,1788223029,994007398,1788223029994007398,215.16827,,,,24281,24280,1,0,0,24281,AxisTarget,1,True,True,True,False,0.022771,-88.888123,91.665321,0.058047,3.674851,-0.244806,534.786255,-0.185091,859.431519,178.30899,83.274048,178.343613,6676,False,True,11,133,False,
885,/kuka/axis_move/feedback_json,std_msgs/msg/String,2026-08-31T20:37:10.118333-04:00,1788223030,118324928,1788223030118324928,124.31753,,,,24282,24281,1,0,0,24282,AxisTarget,1,True,True,True,False,0.044025,-89.043098,91.452347,0.059063,3.283491,-0.228599,533.367126,-0.406752,864.073181,178.246857,84.247826,178.302063,6676,False,True,11,133,False,
886,/kuka/axis_move/feedback_json,std_msgs/msg/String,2026-08-31T20:37:10.347919-04:00,1788223030,347910438,1788223030347910438,229.58551,,,,24283,24282,1,0,0,24283,AxisTarget,1,False,True,True,False,0.0453,-89.051102,91.443001,0.0591,3.2716,-0.2282,533.239197,-0.426306,864.483826,178.240707,84.333992,178.297745,6677,False,True,11,133,False,
887,/kuka/axis_move/feedback_json,std_msgs/msg/String,2026-08-31T20:37:10.478084-04:00,1788223030,478076987,1788223030478076987,130.166549,,,,24284,24283,1,0,0,24284,AxisTarget,1,True,True,True,True,0.045401,-89.052162,91.440964,0.059113,3.264734,-0.227825,533.237305,-0.42659,864.489746,178.240616,84.335243,178.297684,6677,False,True,11,133,False,
888,/kuka/axis_move/feedback_json,std_msgs/msg/String,2026-08-31T20:37:10.601765-04:00,1788223030,601757439,1788223030601757439,123.680452,,,,24285,24284,1,0,0,24285,AxisTarget,1,True,True,True,False,0.053089,-89.114075,91.347168,0.059608,3.055364,-0.218271,532.819946,-0.489833,865.820923,178.219742,84.614639,178.282791,6677,False,True,11,133,False,
889,/kuka/axis_move/feedback_json,std_msgs/msg/String,2026-08-31T20:37:10.828219-04:00,1788223030,828211285,1788223030828211285,226.453846,,,,24286,24285,1,0,0,24286,AxisTarget,1,True,True,True,False,0.099087,-89.469116,90.830917,0.062225,1.989925,-0.171446,529.997498,-0.899953,874.501892,178.02803,86.438324,178.13089,6678,False,True,11,133,False,
890,/kuka/axis_move/feedback_json,std_msgs/msg/String,2026-08-31T20:37:10.953749-04:00,1788223030,953740808,1788223030953740808,125.529523,,,,24287,24286,1,0,0,24287,AxisTarget,1,True,True,True,False,0.119105,-89.614975,90.631027,0.063179,1.625072,-0.156398,528.579834,-1.095423,878.670593,177.863846,87.315231,177.986328,6678,False,True,11,133,False,
891,/kuka/axis_move/feedback_json,std_msgs/msg/String,2026-08-31T20:37:11.178057-04:00,1788223031,178038688,1788223031178038688,224.29788,,,,24288,24287,1,0,0,24288,AxisTarget,1,True,True,True,True,0.1199,-89.619797,90.625603,0.0632,1.6188,-0.1562,528.483826,-1.108426,878.948669,177.849472,87.373749,177.973282,6679,False,True,11,133,False,
892,/kuka/axis_move/feedback_json,std_msgs/msg/String,2026-08-31T20:37:11.305673-04:00,1788223031,305667227,1788223031305667227,127.628539,,,,24289,24288,1,0,0,24289,AxisTarget,1,True,True,True,False,0.1199,-89.619797,90.625603,0.0632,1.6188,-0.1562,528.483826,-1.108426,878.948669,177.849472,87.373749,177.973282,6679,False,True,11,133,False,
893,/kuka/axis_move/feedback_json,std_msgs/msg/String,2026-08-31T20:37:11.429827-04:00,1788223031,429820499,1788223031429820499,124.153272,,,,24290,24289,1,0,0,24290,AxisTarget,1,True,True,True,True,0.120596,-89.626091,90.614967,0.06326,1.589948,-0.154764,528.452087,-1.11273,879.040588,177.844574,87.393097,177.968826,6679,False,True,11,133,False,
894,/kuka/axis_move/feedback_json,std_msgs/msg/String,2026-08-31T20:37:11.559584-04:00,1788223031,559576320,1788223031559576320,129.755821,,,,24291,24290,1,0,0,24291,AxisTarget,1,True,True,True,False,0.131178,-89.709976,90.489685,0.063893,1.317433,-0.142485,527.798401,-1.200531,880.918518,177.727341,87.788429,177.860565,6679,False,True,11,133,False,
895,/kuka/axis_move/feedback_json,std_msgs/msg/String,2026-08-31T20:37:11.785750-04:00,1788223031,785741932,1788223031785741932,226.165612,,,,24292,24291,1,0,0,24292,AxisTarget,1,True,True,True,False,0.16786,-89.986282,90.097382,0.065778,0.543959,-0.109352,525.21051,-1.535831,888.131104,176.128876,89.308342,176.297241,6680,False,True,11,133,False,
896,/kuka/axis_move/feedback_json,std_msgs/msg/String,2026-08-31T20:37:11.911608-04:00,1788223031,911599681,1788223031911599681,125.857749,,,,24293,24292,1,0,0,24293,AxisTarget,1,True,True,True,False,0.1687,-89.991402,90.091599,0.0658,0.539,-0.1092,525.121582,-1.547021,888.372986,175.946671,89.359329,176.116226,6680,False,True,11,133,False,
897,/kuka/axis_move/feedback_json,std_msgs/msg/String,2026-08-31T20:37:12.142110-04:00,1788223032,142102034,1788223032142102034,230.502353,,,,24294,24293,1,0,0,24294,AxisTarget,1,True,True,True,True,0.1687,-89.991402,90.091599,0.0658,0.539,-0.1092,525.121582,-1.547021,888.372986,175.946671,89.359329,176.116226,6681,False,True,11,133,False,
898,/kuka/axis_move/feedback_json,std_msgs/msg/String,2026-08-31T20:37:12.270408-04:00,1788223032,270399323,1788223032270399323,128.297289,,,,24295,24294,1,0,0,24295,AxisTarget,1,True,True,True,True,0.169665,-89.999954,90.077423,0.065884,0.501794,-0.107371,525.07251,-1.553185,888.506287,175.833694,89.387436,176.003906,6681,False,True,11,133,False,
899,/kuka/axis_move/feedback_json,std_msgs/msg/String,2026-08-31T20:37:12.403636-04:00,1788223032,403630533,1788223032403630533,133.23121,,,,24296,24295,1,0,0,24296,AxisTarget,1,True,True,True,False,0.181594,-90.093994,89.937767,0.066663,0.189867,-0.093439,524.281494,-1.651693,890.639954,168.77446,89.836151,168.955276,6681,False,True,11,133,False,
900,/kuka/axis_move/feedback_json,std_msgs/msg/String,2026-08-31T20:37:12.627779-04:00,1788223032,627768230,1788223032627768230,224.137697,,,,24297,24296,1,0,0,24297,AxisTarget,1,True,True,True,False,0.1916,-90.165802,89.840897,0.0671,0.0321,-0.0871,523.474121,-1.750583,892.788025,3.715923,89.706512,3.907509,6682,False,True,11,133,False,
901,/kuka/axis_move/feedback_json,std_msgs/msg/String,2026-08-31T20:37:12.750035-04:00,1788223032,750023425,1788223032750023425,122.255195,,,,24298,24297,1,0,0,24298,AxisTarget,1,True,True,True,True,0.192262,-90.171738,89.831154,0.067153,0.007239,-0.085876,523.446411,-1.753918,892.861084,3.44694,89.691132,3.638892,6682,False,True,11,133,False,
902,/kuka/axis_move/feedback_json,std_msgs/msg/String,2026-08-31T20:37:12.874000-04:00,1788223032,873989679,1788223032873989679,123.966254,,,,24299,24298,1,0,0,24299,AxisTarget,1,True,True,True,False,0.1935,-90.180397,89.82,0.0672,-0.0103,-0.0852,523.33429,-1.767401,893.156494,2.58645,89.628868,2.77988,6682,False,True,11,133,False,
903,/kuka/axis_move/feedback_json,std_msgs/msg/String,2026-08-31T20:37:12.998167-04:00,1788223032,998158775,1788223032998158775,124.169096,,,,24300,24299,1,0,0,24300,AxisTarget,1,True,True,True,False,0.1935,-90.180397,89.82,0.0672,-0.0103,-0.0852,523.33429,-1.767401,893.156494,2.586455,89.628868,2.779885,6682,False,True,11,133,False,
904,/kuka/axis_move/feedback_json,std_msgs/msg/String,2026-08-31T20:37:13.221814-04:00,1788223033,221802200,1788223033221802200,223.643425,,,,24301,24300,1,0,0,24301,AxisTarget,1,False,True,True,False,0.1935,-90.180397,89.82,0.0672,-0.0103,-0.0852,523.33429,-1.767401,893.156494,2.586455,89.628868,2.779885,6683,False,True,11,133,False,
905,/kuka/axis_move/feedback_json,std_msgs/msg/String,2026-08-31T20:37:13.347313-04:00,1788223033,347305878,1788223033347305878,125.503678,,,,24302,24301,1,0,0,24302,AxisTarget,1,False,True,True,False,0.1935,-90.180397,89.82,0.0672,-0.0103,-0.0852,523.33429,-1.767401,893.156494,2.586455,89.628868,2.779885,6683,False,True,11,133,False,
906,/kuka/axis_move/feedback_json,std_msgs/msg/String,2026-08-31T20:37:13.478339-04:00,1788223033,478318503,1788223033478318503,131.012625,,,,24303,24302,1,0,0,24303,AxisTarget,1,False,True,True,False,0.1935,-90.180397,89.82,0.0672,-0.0103,-0.0852,523.33429,-1.767401,893.156494,2.586455,89.628868,2.779885,6683,False,True,11,133,False,
907,/kuka/axis_move/feedback_json,std_msgs/msg/String,2026-08-31T20:37:13.601933-04:00,1788223033,601921114,1788223033601921114,123.602611,,,,24304,24303,1,0,0,24304,AxisTarget,1,False,True,True,False,0.1935,-90.180397,89.82,0.0672,-0.0103,-0.0852,523.33429,-1.767401,893.156494,2.586455,89.628868,2.779885,6683,False,True,11,133,False,
908,/kuka/axis_move/feedback_json,std_msgs/msg/String,2026-08-31T20:37:13.825084-04:00,1788223033,825072917,1788223033825072917,223.151803,,,,24305,24304,1,0,0,24305,AxisTarget,1,False,True,True,False,0.1935,-90.180397,89.82,0.0672,-0.0103,-0.0852,523.33429,-1.767401,893.156494,2.586455,89.628868,2.779885,6684,False,True,11,133,False,
909,/kuka/axis_move/feedback_json,std_msgs/msg/String,2026-08-31T20:37:13.951090-04:00,1788223033,951079618,1788223033951079618,126.006701,,,,24306,24305,1,0,0,24306,AxisTarget,1,False,True,True,False,0.1935,-90.180397,89.82,0.0672,-0.0103,-0.0852,523.33429,-1.767401,893.156494,2.586455,89.628868,2.779885,6684,False,True,11,133,False,
910,/kuka/axis_move/feedback_json,std_msgs/msg/String,2026-08-31T20:37:14.078442-04:00,1788223034,78425434,1788223034078425434,127.345816,,,,24307,24306,1,0,0,24307,AxisTarget,1,False,True,True,False,0.1935,-90.180397,89.82,0.0672,-0.0103,-0.0852,523.33429,-1.767401,893.156494,2.586455,89.628868,2.779885,6684,False,True,11,133,False,
911,/kuka/axis_move/feedback_json,std_msgs/msg/String,2026-08-31T20:37:14.208567-04:00,1788223034,208559852,1788223034208559852,130.134418,,,,24308,24307,1,0,0,24308,AxisTarget,1,False,True,True,False,0.1935,-90.180397,89.82,0.0672,-0.0103,-0.0852,523.33429,-1.767401,893.156494,2.586455,89.628868,2.779885,6684,False,True,11,133,False,
912,/kuka/axis_move/feedback_json,std_msgs/msg/String,2026-08-31T20:37:14.430443-04:00,1788223034,430437412,1788223034430437412,221.87756,,,,24309,24308,1,0,0,24309,AxisTarget,1,False,True,True,False,0.1935,-90.180397,89.82,0.0672,-0.0103,-0.0852,523.33429,-1.767401,893.156494,2.586455,89.628868,2.779885,6685,False,True,11,133,False,
913,/kuka/axis_move/feedback_json,std_msgs/msg/String,2026-08-31T20:37:14.558244-04:00,1788223034,558236996,1788223034558236996,127.799584,,,,24310,24309,1,0,0,24310,AxisTarget,1,False,True,True,False,0.1935,-90.180397,89.82,0.0672,-0.0103,-0.0852,523.33429,-1.767401,893.156494,2.586455,89.628868,2.779885,6685,False,True,11,133,False,
914,/kuka/axis_move/feedback_json,std_msgs/msg/String,2026-08-31T20:37:14.687530-04:00,1788223034,687523419,1788223034687523419,129.286423,,,,24311,24310,1,0,0,24311,AxisTarget,1,False,True,True,False,0.1935,-90.180397,89.82,0.0672,-0.0103,-0.0852,523.33429,-1.767401,893.156494,2.586455,89.628868,2.779885,6685,False,True,11,133,False,
915,/kuka/axis_move/feedback_json,std_msgs/msg/String,2026-08-31T20:37:14.814261-04:00,1788223034,814235548,1788223034814235548,126.712129,,,,24312,24311,1,0,0,24312,AxisTarget,1,False,True,True,False,0.1935,-90.180397,89.82,0.0672,-0.0103,-0.0852,523.33429,-1.767401,893.156494,2.586455,89.628868,2.779885,6685,False,True,11,133,False,
916,/kuka/axis_move/feedback_json,std_msgs/msg/String,2026-08-31T20:37:15.037961-04:00,1788223035,37950102,1788223035037950102,223.714554,,,,24313,24312,1,0,0,24313,AxisTarget,1,False,True,True,False,0.1935,-90.180397,89.82,0.0672,-0.0103,-0.0852,523.33429,-1.767401,893.156494,2.586455,89.628868,2.779885,6686,False,True,11,133,False,
917,/kuka/axis_move/feedback_json,std_msgs/msg/String,2026-08-31T20:37:15.162949-04:00,1788223035,162938212,1788223035162938212,124.98811,,,,24314,24313,1,0,0,24314,AxisTarget,1,False,True,True,False,0.1935,-90.180397,89.82,0.0672,-0.0103,-0.0852,523.33429,-1.767401,893.156494,2.586455,89.628868,2.779885,6686,False,True,11,133,False,
918,/kuka/axis_move/feedback_json,std_msgs/msg/String,2026-08-31T20:37:15.285960-04:00,1788223035,285951810,1788223035285951810,123.013598,,,,24315,24314,1,0,0,24315,AxisTarget,1,False,True,True,False,0.1935,-90.180397,89.82,0.0672,-0.0103,-0.0852,523.33429,-1.767401,893.156494,2.586455,89.628868,2.779885,6686,False,True,11,133,False,
919,/kuka/axis_move/feedback_json,std_msgs/msg/String,2026-08-31T20:37:15.411659-04:00,1788223035,411649843,1788223035411649843,125.698033,,,,24316,24315,1,0,0,24316,AxisTarget,1,False,True,True,False,0.1935,-90.180397,89.82,0.0672,-0.0103,-0.0852,523.33429,-1.767401,893.156494,2.586455,89.628868,2.779885,6686,False,True,11,133,False,
920,/kuka/axis_move/feedback_json,std_msgs/msg/String,2026-08-31T20:37:15.638047-04:00,1788223035,638030550,1788223035638030550,226.380707,,,,24317,24316,1,0,0,24317,AxisTarget,1,False,True,True,False,0.1935,-90.180397,89.82,0.0672,-0.0103,-0.0852,523.33429,-1.767401,893.156494,2.586455,89.628868,2.779885,6687,False,True,11,133,False,
921,/kuka/axis_move/feedback_json,std_msgs/msg/String,2026-08-31T20:37:15.766458-04:00,1788223035,766450917,1788223035766450917,128.420367,,,,24318,24317,1,0,0,24318,AxisTarget,1,False,True,True,False,0.1935,-90.180397,89.82,0.0672,-0.0103,-0.0852,523.33429,-1.767401,893.156494,2.586455,89.628868,2.779885,6687,False,True,11,133,False,
922,/kuka/axis_move/feedback_json,std_msgs/msg/String,2026-08-31T20:37:15.894183-04:00,1788223035,894165690,1788223035894165690,127.714773,,,,24319,24318,1,0,0,24319,AxisTarget,1,False,True,True,False,0.1935,-90.180397,89.82,0.0672,-0.0103,-0.0852,523.33429,-1.767401,893.156494,2.586455,89.628868,2.779885,6687,False,True,11,133,False,
923,/kuka/axis_move/feedback_json,std_msgs/msg/String,2026-08-31T20:37:16.019086-04:00,1788223036,19080688,1788223036019080688,124.914998,,,,24320,24319,1,0,0,24320,AxisTarget,1,False,True,True,False,0.1935,-90.180397,89.82,0.0672,-0.0103,-0.0852,523.33429,-1.767401,893.156494,2.586455,89.628868,2.779885,6687,False,True,11,133,False,
