receive_index,topic_name,message_type,receive_wall_time_iso8601,receive_ros_time_sec,receive_ros_time_nanosec,receive_ros_time_ns,delta_receive_ms,source_stamp_sec,source_stamp_nanosec,source_stamp_ns,sequence,prev_sequence,delta_seq,sequence_gap,estimated_missing,seq,mode,status,move_ready,limits_ok,delta_ok,move_executed,axis_actual.A1,axis_actual.A2,axis_actual.A3,axis_actual.A4,axis_actual.A5,axis_actual.A6,position_actual.X,position_actual.Y,position_actual.Z,position_actual.A,position_actual.B,position_actual.C,rx_counter,bridge_safe_mode,bridge_allow_motion,batch_seq,batch_consumed,batch_active,unmapped_json
1,/kuka/axis_move/feedback_json,std_msgs/msg/String,2026-08-31T21:06:30.639090-04:00,1788224790,639078039,1788224790639078039,,,,,36045,,,0,0,36045,AxisTarget,1,False,True,False,False,0.1935,-90.180397,89.82,0.0672,-0.0103,-0.0852,523.33429,-1.767401,893.156494,2.586455,89.628868,2.779885,8953,False,True,99,1197,False,
2,/kuka/axis_move/feedback_json,std_msgs/msg/String,2026-08-31T21:06:30.861668-04:00,1788224790,861662169,1788224790861662169,222.58413,,,,36046,36045,1,0,0,36046,AxisTarget,1,False,True,False,False,0.1935,-90.180397,89.82,0.0672,-0.0103,-0.0852,523.33429,-1.767401,893.156494,2.586455,89.628868,2.779885,8954,False,True,99,1197,False,
3,/kuka/axis_move/feedback_json,std_msgs/msg/String,2026-08-31T21:06:30.986012-04:00,1788224790,986003131,1788224790986003131,124.340962,,,,36047,36046,1,0,0,36047,AxisTarget,1,False,True,False,False,0.1935,-90.180397,89.82,0.0672,-0.0103,-0.0852,523.33429,-1.767401,893.156494,2.586455,89.628868,2.779885,8954,False,True,99,1197,False,
4,/kuka/axis_move/feedback_json,std_msgs/msg/String,2026-08-31T21:06:31.113998-04:00,1788224791,113986781,1788224791113986781,127.98365,,,,36048,36047,1,0,0,36048,AxisTarget,1,False,True,False,False,0.1935,-90.180397,89.82,0.0672,-0.0103,-0.0852,523.33429,-1.767401,893.156494,2.586455,89.628868,2.779885,8954,False,True,99,1197,False,
5,/kuka/axis_move/feedback_json,std_msgs/msg/String,2026-08-31T21:06:31.239057-04:00,1788224791,239045917,1788224791239045917,125.059136,,,,36049,36048,1,0,0,36049,AxisTarget,1,False,True,False,False,0.1935,-90.180397,89.82,0.0672,-0.0103,-0.0852,523.33429,-1.767401,893.156494,2.586455,89.628868,2.779885,8954,False,True,99,1197,False,
6,/kuka/axis_move/feedback_json,std_msgs/msg/String,2026-08-31T21:06:31.465986-04:00,1788224791,465977714,1788224791465977714,226.931797,,,,36050,36049,1,0,0,36050,AxisTarget,1,False,True,False,False,0.1935,-90.180397,89.82,0.0672,-0.0103,-0.0852,523.33429,-1.767401,893.156494,2.586455,89.628868,2.779885,8955,False,True,99,1197,False,
7,/kuka/axis_move/feedback_json,std_msgs/msg/String,2026-08-31T21:06:31.589762-04:00,1788224791,589754086,1788224791589754086,123.776372,,,,36051,36050,1,0,0,36051,AxisTarget,1,False,True,False,False,0.1935,-90.180397,89.82,0.0672,-0.0103,-0.0852,523.33429,-1.767401,893.156494,2.586455,89.628868,2.779885,8955,False,True,99,1197,False,
8,/kuka/axis_move/feedback_json,std_msgs/msg/String,2026-08-31T21:06:31.717142-04:00,1788224791,717123735,1788224791717123735,127.369649,,,,36052,36051,1,0,0,36052,AxisTarget,1,False,True,False,False,0.1935,-90.180397,89.82,0.0672,-0.0103,-0.0852,523.33429,-1.767401,893.156494,2.586455,89.628868,2.779885,8955,False,True,99,1197,False,
9,/kuka/axis_move/feedback_json,std_msgs/msg/String,2026-08-31T21:06:31.842005-04:00,1788224791,841993976,1788224791841993976,124.870241,,,,36053,36052,1,0,0,36053,AxisTarget,1,False,True,False,False,0.1935,-90.180397,89.82,0.0672,-0.0103,-0.0852,523.33429,-1.767401,893.156494,2.586455,89.628868,2.779885,8955,False,True,99,1197,False,
10,/kuka/axis_move/feedback_json,std_msgs/msg/String,2026-08-31T21:06:32.059735-04:00,1788224792,59728159,1788224792059728159,217.734183,,,,36054,36053,1,0,0,36054,AxisTarget,1,False,True,False,False,0.1935,-90.180397,89.82,0.0672,-0.0103,-0.0852,523.33429,-1.767401,893.156494,2.586455,89.628868,2.779885,8956,False,True,99,1197,False,
11,/kuka/axis_move/feedback_json,std_msgs/msg/String,2026-08-31T21:06:32.186783-04:00,1788224792,186776994,1788224792186776994,127.048835,,,,36055,36054,1,0,0,36055,AxisTarget,1,False,True,False,False,0.1935,-90.180397,89.82,0.0672,-0.0103,-0.0852,523.33429,-1.767401,893.156494,2.586455,89.628868,2.779885,8956,False,True,99,1197,False,
12,/kuka/axis_move/feedback_json,std_msgs/msg/String,2026-08-31T21:06:32.313801-04:00,1788224792,313795553,1788224792313795553,127.018559,,,,36056,36055,1,0,0,36056,AxisTarget,1,False,True,False,False,0.1935,-90.180397,89.82,0.0672,-0.0103,-0.0852,523.33429,-1.767401,893.156494,2.586455,89.628868,2.779885,8956,False,True,99,1197,False,
13,/kuka/axis_move/feedback_json,std_msgs/msg/String,2026-08-31T21:06:32.443276-04:00,1788224792,443268067,1788224792443268067,129.472514,,,,36057,36056,1,0,0,36057,AxisTarget,1,False,True,False,False,0.1935,-90.180397,89.82,0.0672,-0.0103,-0.0852,523.33429,-1.767401,893.156494,2.586455,89.628868,2.779885,8956,False,True,99,1197,False,
14,/kuka/axis_move/feedback_json,std_msgs/msg/String,2026-08-31T21:06:32.658349-04:00,1788224792,658332867,1788224792658332867,215.0648,,,,36058,36057,1,0,0,36058,AxisTarget,1,False,True,False,False,0.1935,-90.180397,89.82,0.0672,-0.0103,-0.0852,523.33429,-1.767401,893.156494,2.586455,89.628868,2.779885,8957,False,True,99,1197,False,
15,/kuka/axis_move/feedback_json,std_msgs/msg/String,2026-08-31T21:06:32.785950-04:00,1788224792,785941805,1788224792785941805,127.608938,,,,36059,36058,1,0,0,36059,AxisTarget,1,False,True,False,False,0.1935,-90.180397,89.82,0.0672,-0.0103,-0.0852,523.33429,-1.767401,893.156494,2.586455,89.628868,2.779885,8957,False,True,99,1197,False,
16,/kuka/axis_move/feedback_json,std_msgs/msg/String,2026-08-31T21:06:32.911543-04:00,1788224792,911525482,1788224792911525482,125.583677,,,,36060,36059,1,0,0,36060,AxisTarget,1,False,True,False,False,0.1935,-90.180397,89.82,0.0672,-0.0103,-0.0852,523.33429,-1.767401,893.156494,2.586455,89.628868,2.779885,8957,False,True,99,1197,False,
17,/kuka/axis_move/feedback_json,std_msgs/msg/String,2026-08-31T21:06:33.036551-04:00,1788224793,36541485,1788224793036541485,125.016003,,,,36061,36060,1,0,0,36061,AxisTarget,1,False,True,False,False,0.1935,-90.180397,89.82,0.0672,-0.0103,-0.0852,523.33429,-1.767401,893.156494,2.586455,89.628868,2.779885,8957,False,True,99,1197,False,
18,/kuka/axis_move/feedback_json,std_msgs/msg/String,2026-08-31T21:06:33.253576-04:00,1788224793,253569823,1788224793253569823,217.028338,,,,36062,36061,1,0,0,36062,AxisTarget,1,False,True,False,False,0.1935,-90.180397,89.82,0.0672,-0.0103,-0.0852,523.33429,-1.767401,893.156494,2.586455,89.628868,2.779885,8958,False,True,99,1197,False,
19,/kuka/axis_move/feedback_json,std_msgs/msg/String,2026-08-31T21:06:33.382222-04:00,1788224793,382206132,1788224793382206132,128.636309,,,,36063,36062,1,0,0,36063,AxisTarget,1,False,True,False,False,0.1935,-90.180397,89.82,0.0672,-0.0103,-0.0852,523.33429,-1.767401,893.156494,2.586455,89.628868,2.779885,8958,False,True,99,1197,False,
20,/kuka/axis_move/feedback_json,std_msgs/msg/String,2026-08-31T21:06:33.501801-04:00,1788224793,501774516,1788224793501774516,119.568384,,,,36064,36063,1,0,0,36064,AxisTarget,1,False,True,False,False,0.1935,-90.180397,89.82,0.0672,-0.0103,-0.0852,523.33429,-1.767401,893.156494,2.586455,89.628868,2.779885,8958,False,True,99,1197,False,
21,/kuka/axis_move/feedback_json,std_msgs/msg/String,2026-08-31T21:06:33.627257-04:00,1788224793,627245509,1788224793627245509,125.470993,,,,36065,36064,1,0,0,36065,AxisTarget,1,False,True,False,False,0.1935,-90.180397,89.82,0.0672,-0.0103,-0.0852,523.33429,-1.767401,893.156494,2.586455,89.628868,2.779885,8958,False,True,99,1197,False,
22,/kuka/axis_move/feedback_json,std_msgs/msg/String,2026-08-31T21:06:33.847170-04:00,1788224793,847157438,1788224793847157438,219.911929,,,,36066,36065,1,0,0,36066,AxisTarget,1,False,True,False,False,0.1935,-90.180397,89.82,0.0672,-0.0103,-0.0852,523.33429,-1.767401,893.156494,2.586455,89.628868,2.779885,8959,False,True,99,1197,False,
23,/kuka/axis_move/feedback_json,std_msgs/msg/String,2026-08-31T21:06:33.970066-04:00,1788224793,970049076,1788224793970049076,122.891638,,,,36067,36066,1,0,0,36067,AxisTarget,1,False,True,False,False,0.1935,-90.180397,89.82,0.0672,-0.0103,-0.0852,523.33429,-1.767401,893.156494,2.586455,89.628868,2.779885,8959,False,True,99,1197,False,
24,/kuka/axis_move/feedback_json,std_msgs/msg/String,2026-08-31T21:06:34.098787-04:00,1788224794,98778364,1788224794098778364,128.729288,,,,36068,36067,1,0,0,36068,AxisTarget,1,False,True,False,False,0.1935,-90.180397,89.82,0.0672,-0.0103,-0.0852,523.33429,-1.767401,893.156494,2.586455,89.628868,2.779885,8959,False,True,99,1197,False,
25,/kuka/axis_move/feedback_json,std_msgs/msg/String,2026-08-31T21:06:34.226003-04:00,1788224794,225994588,1788224794225994588,127.216224,,,,36069,36068,1,0,0,36069,AxisTarget,1,False,True,False,False,0.1935,-90.180397,89.82,0.0672,-0.0103,-0.0852,523.33429,-1.767401,893.156494,2.586455,89.628868,2.779885,8959,False,True,99,1197,False,
26,/kuka/axis_move/feedback_json,std_msgs/msg/String,2026-08-31T21:06:34.445773-04:00,1788224794,445764559,1788224794445764559,219.769971,,,,36070,36069,1,0,0,36070,AxisTarget,1,False,True,False,False,0.1935,-90.180397,89.82,0.0672,-0.0103,-0.0852,523.33429,-1.767401,893.156494,2.586455,89.628868,2.779885,8960,False,True,99,1197,False,
27,/kuka/axis_move/feedback_json,std_msgs/msg/String,2026-08-31T21:06:34.565709-04:00,1788224794,565699584,1788224794565699584,119.935025,,,,36071,36070,1,0,0,36071,AxisTarget,1,False,True,False,False,0.1935,-90.180397,89.82,0.0672,-0.0103,-0.0852,523.33429,-1.767401,893.156494,2.586455,89.628868,2.779885,8960,False,True,99,1197,False,
28,/kuka/axis_move/feedback_json,std_msgs/msg/String,2026-08-31T21:06:34.691134-04:00,1788224794,691126508,1788224794691126508,125.426924,,,,36072,36071,1,0,0,36072,AxisTarget,1,False,True,False,False,0.1935,-90.180397,89.82,0.0672,-0.0103,-0.0852,523.33429,-1.767401,893.156494,2.586455,89.628868,2.779885,8960,False,True,99,1197,False,
29,/kuka/axis_move/feedback_json,std_msgs/msg/String,2026-08-31T21:06:34.817826-04:00,1788224794,817813105,1788224794817813105,126.686597,,,,36073,36072,1,0,0,36073,AxisTarget,1,False,True,False,False,0.1935,-90.180397,89.82,0.0672,-0.0103,-0.0852,523.33429,-1.767401,893.156494,2.586455,89.628868,2.779885,8960,False,True,99,1197,False,
30,/kuka/axis_move/feedback_json,std_msgs/msg/String,2026-08-31T21:06:35.039501-04:00,1788224795,39492459,1788224795039492459,221.679354,,,,36074,36073,1,0,0,36074,AxisTarget,1,False,True,False,False,0.1935,-90.180397,89.82,0.0672,-0.0103,-0.0852,523.33429,-1.767401,893.156494,2.586455,89.628868,2.779885,8961,False,True,99,1197,False,
31,/kuka/axis_move/feedback_json,std_msgs/msg/String,2026-08-31T21:06:35.165963-04:00,1788224795,165955198,1788224795165955198,126.462739,,,,36075,36074,1,0,0,36075,AxisTarget,1,False,True,False,False,0.1935,-90.180397,89.82,0.0672,-0.0103,-0.0852,523.33429,-1.767401,893.156494,2.586455,89.628868,2.779885,8961,False,True,99,1197,False,
32,/kuka/axis_move/feedback_json,std_msgs/msg/String,2026-08-31T21:06:35.292950-04:00,1788224795,292930855,1788224795292930855,126.975657,,,,36076,36075,1,0,0,36076,AxisTarget,1,False,True,False,False,0.1935,-90.180397,89.82,0.0672,-0.0103,-0.0852,523.33429,-1.767401,893.156494,2.586455,89.628868,2.779885,8961,False,True,99,1197,False,
33,/kuka/axis_move/feedback_json,std_msgs/msg/String,2026-08-31T21:06:35.420174-04:00,1788224795,420142613,1788224795420142613,127.211758,,,,36077,36076,1,0,0,36077,AxisTarget,1,False,True,False,False,0.1935,-90.180397,89.82,0.0672,-0.0103,-0.0852,523.33429,-1.767401,893.156494,2.586455,89.628868,2.779885,8961,False,True,99,1197,False,
34,/kuka/axis_move/feedback_json,std_msgs/msg/String,2026-08-31T21:06:35.641971-04:00,1788224795,641965918,1788224795641965918,221.823305,,,,36078,36077,1,0,0,36078,AxisTarget,1,False,True,False,False,0.1935,-90.180397,89.82,0.0672,-0.0103,-0.0852,523.33429,-1.767401,893.156494,2.586455,89.628868,2.779885,8962,False,True,99,1197,False,
35,/kuka/axis_move/feedback_json,std_msgs/msg/String,2026-08-31T21:06:35.766174-04:00,1788224795,766163467,1788224795766163467,124.197549,,,,36079,36078,1,0,0,36079,AxisTarget,1,False,True,False,False,0.1935,-90.180397,89.82,0.0672,-0.0103,-0.0852,523.33429,-1.767401,893.156494,2.586455,89.628868,2.779885,8962,False,True,99,1197,False,
36,/kuka/axis_move/feedback_json,std_msgs/msg/String,2026-08-31T21:06:35.893806-04:00,1788224795,893797638,1788224795893797638,127.634171,,,,36080,36079,1,0,0,36080,AxisTarget,1,False,True,False,False,0.1935,-90.180397,89.82,0.0672,-0.0103,-0.0852,523.33429,-1.767401,893.156494,2.586455,89.628868,2.779885,8962,False,True,99,1197,False,
37,/kuka/axis_move/feedback_json,std_msgs/msg/String,2026-08-31T21:06:36.658173-04:00,1788224796,658167529,1788224796658167529,764.369891,,,,36081,36080,1,0,0,36081,AxisTarget,1,True,True,True,False,0.1935,-90.180397,89.82,0.0672,-0.0103,-0.0852,523.33429,-1.767401,893.156494,2.586455,89.628868,2.779885,8963,False,True,100,1200,True,
38,/kuka/axis_move/feedback_json,std_msgs/msg/String,2026-08-31T21:06:37.423226-04:00,1788224797,423209829,1788224797423209829,765.0423,,,,36082,36081,1,0,0,36082,AxisTarget,1,True,True,True,True,-0.000162,-90.008499,89.998207,-0.012328,3.991117,-0.005369,524.761902,0.002512,884.906921,179.739883,86.297745,179.739502,8964,False,True,100,1205,True,
39,/kuka/axis_move/feedback_json,std_msgs/msg/String,2026-08-31T21:06:37.553205-04:00,1788224797,553195152,1788224797553195152,129.985323,,,,36083,36082,1,0,0,36083,AxisTarget,1,True,True,True,False,-0.000255,-90.011765,89.997528,-0.015064,5.462761,-0.007378,524.57312,0.00413,882.872314,179.762253,84.815308,179.761642,8964,False,True,100,1206,True,
40,/kuka/axis_move/feedback_json,std_msgs/msg/String,2026-08-31T21:06:37.677878-04:00,1788224797,677855430,1788224797677855430,124.660278,,,,36084,36083,1,0,0,36084,AxisTarget,1,True,True,True,True,-0.000369,-90.015053,89.996834,-0.017848,6.961281,-0.009305,524.331543,0.006141,880.847168,179.774857,83.336105,179.773987,8964,False,True,100,1206,True,
41,/kuka/axis_move/feedback_json,std_msgs/msg/String,2026-08-31T21:06:37.797976-04:00,1788224797,797968094,1788224797797968094,120.112664,,,,36085,36084,1,0,0,36085,AxisTarget,1,True,True,True,True,-0.000464,-90.018112,89.99617,-0.020449,8.35097,-0.01115,524.055664,0.00812,878.945435,179.782471,81.943008,179.781357,8964,False,True,100,1207,True,
42,/kuka/axis_move/feedback_json,std_msgs/msg/String,2026-08-31T21:06:37.925302-04:00,1788224797,925293674,1788224797925293674,127.32558,,,,36086,36085,1,0,0,36086,AxisTarget,1,True,True,True,False,-0.000554,-90.021225,89.995499,-0.023115,9.7759,-0.01305,523.739441,0.010161,877.084961,179.787796,80.575447,179.786407,8964,False,True,100,1207,True,
43,/kuka/axis_move/feedback_json,std_msgs/msg/String,2026-08-31T21:06:38.469639-04:00,1788224798,469621220,1788224798469621220,544.327546,,,,36087,36086,1,0,0,36087,AxisTarget,1,True,True,True,True,-0.000896,-90.035011,89.992546,-0.034881,16.043507,-0.02137,521.692261,0.021235,868.584961,179.801346,74.243614,179.798569,8965,False,True,101,1209,True,
44,/kuka/axis_move/feedback_json,std_msgs/msg/String,2026-08-31T21:06:39.021628-04:00,1788224799,21617226,1788224799021617226,551.996006,,,,36088,36087,1,0,0,36088,AxisTarget,1,True,True,True,True,-0.001227,-90.049156,89.98951,-0.046937,22.493708,-0.029923,518.694397,0.035499,860.324524,179.808823,67.891502,179.80423,8966,False,True,101,1211,True,
45,/kuka/axis_move/feedback_json,std_msgs/msg/String,2026-08-31T21:06:39.151405-04:00,1788224799,151394883,1788224799151394883,129.777657,,,,36089,36088,1,0,0,36089,AxisTarget,1,True,True,True,False,-0.001302,-90.052322,89.988838,-0.049621,23.938347,-0.031857,517.886414,0.039162,858.498474,179.810196,66.450691,179.805161,8966,False,True,101,1211,True,
46,/kuka/axis_move/feedback_json,std_msgs/msg/String,2026-08-31T21:06:39.279071-04:00,1788224799,279061360,1788224799279061360,127.666477,,,,36090,36089,1,0,0,36090,AxisTarget,1,True,True,True,False,-0.001379,-90.055595,89.988152,-0.052395,25.42959,-0.033848,516.975342,0.043229,856.576904,179.8116,64.916931,179.806046,8966,False,True,101,1211,True,
47,/kuka/axis_move/feedback_json,std_msgs/msg/String,2026-08-31T21:06:39.405599-04:00,1788224799,405588114,1788224799405588114,126.526754,,,,36091,36090,1,0,0,36091,AxisTarget,1,True,True,True,False,-0.001455,-90.058884,89.987457,-0.055188,26.920591,-0.035819,516.07196,0.047213,854.794067,179.812881,63.476139,179.806808,8966,False,True,101,1212,True,
48,/kuka/axis_move/feedback_json,std_msgs/msg/String,2026-08-31T21:06:39.537517-04:00,1788224799,537510563,1788224799537510563,131.922449,,,,36092,36091,1,0,0,36092,AxisTarget,1,True,True,True,True,-0.001527,-90.061974,89.986786,-0.057892,28.359039,-0.037712,515.125061,0.051343,853.03717,179.814133,62.038017,179.80751,8966,False,True,101,1212,True,
49,/kuka/axis_move/feedback_json,std_msgs/msg/String,2026-08-31T21:06:39.665479-04:00,1788224799,665472971,1788224799665472971,127.962408,,,,36093,36092,1,0,0,36093,AxisTarget,1,True,True,True,False,-0.001606,-90.065369,89.986099,-0.060685,29.850327,-0.039686,514.101624,0.055746,851.249512,179.815384,60.554474,179.808197,8966,False,True,101,1212,True,
50,/kuka/axis_move/feedback_json,std_msgs/msg/String,2026-08-31T21:06:39.791240-04:00,1788224799,791229346,1788224799791229346,125.756375,,,,36094,36093,1,0,0,36094,AxisTarget,1,True,True,True,True,-0.001683,-90.068649,89.985405,-0.063459,31.341568,-0.041679,512.994629,0.060434,849.428955,179.816666,59.020718,179.808853,8966,False,True,101,1213,True,
51,/kuka/axis_move/feedback_json,std_msgs/msg/String,2026-08-31T21:06:39.921793-04:00,1788224799,921781630,1788224799921781630,130.552284,,,,36095,36094,1,0,0,36095,AxisTarget,1,True,True,True,False,-0.00176,-90.071915,89.984711,-0.06623,32.832809,-0.043673,511.910065,0.064967,847.745422,179.817856,57.579906,179.809448,8966,False,True,101,1213,True,
52,/kuka/axis_move/feedback_json,std_msgs/msg/String,2026-08-31T21:06:40.053545-04:00,1788224800,53534313,1788224800053534313,131.752683,,,,36096,36095,1,0,0,36096,AxisTarget,1,True,True,True,False,-0.001839,-90.075279,89.984001,-0.069105,34.370651,-0.045711,510.708588,0.06994,845.983154,179.819122,56.046139,179.810059,8966,False,True,101,1214,True,
53,/kuka/axis_move/feedback_json,std_msgs/msg/String,2026-08-31T21:06:40.181346-04:00,1788224800,181340347,1788224800181340347,127.806034,,,,36097,36096,1,0,0,36097,AxisTarget,1,True,True,True,True,-0.00191,-90.078262,89.983353,-0.071735,35.767216,-0.047546,509.553772,0.074679,844.380005,179.820313,54.626072,179.810577,8966,False,True,101,1214,True,
54,/kuka/axis_move/feedback_json,std_msgs/msg/String,2026-08-31T21:06:40.309733-04:00,1788224800,309727584,1788224800309727584,128.387237,,,,36098,36097,1,0,0,36098,AxisTarget,1,True,True,True,False,-0.001988,-90.081604,89.982658,-0.074519,37.253494,-0.049573,508.289032,0.079808,842.71582,179.821564,53.124462,179.811111,8966,False,True,101,1214,True,
55,/kuka/axis_move/feedback_json,std_msgs/msg/String,2026-08-31T21:06:40.439669-04:00,1788224800,439663283,1788224800439663283,129.935699,,,,36099,36098,1,0,0,36099,AxisTarget,1,True,True,True,False,-0.002065,-90.084892,89.981972,-0.077294,38.742043,-0.051495,507.034027,0.084825,841.150208,179.822769,51.683685,179.81163,8966,False,True,101,1215,True,
56,/kuka/axis_move/feedback_json,std_msgs/msg/String,2026-08-31T21:06:40.565575-04:00,1788224800,565570365,1788224800565570365,125.907082,,,,36100,36099,1,0,0,36100,AxisTarget,1,True,True,True,True,-0.002137,-90.087982,89.981323,-0.07988,40.136299,-0.053364,505.786774,0.089746,839.670959,179.823944,50.295044,179.812103,8966,False,True,101,1215,True,
57,/kuka/axis_move/feedback_json,std_msgs/msg/String,2026-08-31T21:06:40.693884-04:00,1788224800,693878958,1788224800693878958,128.308593,,,,36101,36100,1,0,0,36101,AxisTarget,1,True,True,True,False,-0.002214,-90.09127,89.980614,-0.082749,41.674152,-0.055409,504.368011,0.09529,838.072815,179.825256,48.762081,179.812622,8966,False,True,101,1215,True,
58,/kuka/axis_move/feedback_json,std_msgs/msg/String,2026-08-31T21:06:40.823634-04:00,1788224800,823629107,1788224800823629107,129.750149,,,,36102,36101,1,0,0,36102,AxisTarget,1,True,True,True,True,-0.00229,-90.094543,89.979942,-0.085463,43.118793,-0.057312,502.950562,0.100784,836.558167,179.826553,47.274799,179.813095,8966,False,True,101,1216,True,
59,/kuka/axis_move/feedback_json,std_msgs/msg/String,2026-08-31T21:06:40.953967-04:00,1788224800,953962192,1788224800953962192,130.333085,,,,36103,36102,1,0,0,36103,AxisTarget,1,True,True,True,False,-0.002371,-90.097908,89.979225,-0.088351,44.656639,-0.059333,501.49353,0.106395,835.080078,179.827881,45.787514,179.813568,8966,False,True,101,1216,True,
60,/kuka/axis_move/feedback_json,std_msgs/msg/String,2026-08-31T21:06:41.085769-04:00,1788224801,85764071,1788224801085764071,131.801879,,,,36104,36103,1,0,0,36104,AxisTarget,1,True,True,True,False,-0.002472,-90.101181,89.978508,-0.091134,46.147877,-0.061293,499.950531,0.112404,833.595337,179.829315,44.253765,179.814072,8966,False,True,101,1217,True,
61,/kuka/axis_move/feedback_json,std_msgs/msg/String,2026-08-31T21:06:41.213644-04:00,1788224801,213638152,1788224801213638152,127.874081,,,,36105,36104,1,0,0,36105,AxisTarget,1,True,True,True,True,-0.002586,-90.104469,89.977776,-0.093923,47.650043,-0.063268,498.449982,0.118296,832.225098,179.830719,42.798985,179.81456,8966,False,True,101,1217,True,
62,/kuka/axis_move/feedback_json,std_msgs/msg/String,2026-08-31T21:06:41.342201-04:00,1788224801,342190573,1788224801342190573,128.552421,,,,36106,36105,1,0,0,36106,AxisTarget,1,True,True,True,False,-0.002691,-90.10775,89.977058,-0.096701,49.14127,-0.065303,496.833344,0.124516,830.82428,179.832199,41.268387,179.815048,8966,False,True,101,1217,True,
63,/kuka/axis_move/feedback_json,std_msgs/msg/String,2026-08-31T21:06:41.473413-04:00,1788224801,473402747,1788224801473402747,131.212174,,,,36107,36106,1,0,0,36107,AxisTarget,1,True,True,True,True,-0.002777,-90.111031,89.976364,-0.099556,50.658524,-0.067261,495.228302,0.130458,829.505859,179.833603,39.78302,179.815475,8966,False,True,101,1218,True,
64,/kuka/axis_move/feedback_json,std_msgs/msg/String,2026-08-31T21:06:41.600540-04:00,1788224801,600527838,1788224801600527838,127.125091,,,,36108,36107,1,0,0,36108,AxisTarget,1,True,True,True,False,-0.002852,-90.114235,89.975693,-0.102203,52.070599,-0.069157,493.695465,0.135993,828.309875,179.834915,38.393394,179.815857,8966,False,True,101,1218,True,
65,/kuka/axis_move/feedback_json,std_msgs/msg/String,2026-08-31T21:06:41.729322-04:00,1788224801,729316912,1788224801729316912,128.789074,,,,36109,36108,1,0,0,36109,AxisTarget,1,True,True,True,False,-0.002929,-90.117523,89.974998,-0.10499,53.56184,-0.071136,492.022675,0.141942,827.070557,179.83638,36.906105,179.816299,8966,False,True,101,1219,True,
66,/kuka/axis_move/feedback_json,std_msgs/msg/String,2026-08-31T21:06:41.855642-04:00,1788224801,855637312,1788224801855637312,126.3204,,,,36110,36109,1,0,0,36110,AxisTarget,1,True,True,True,True,-0.003006,-90.120789,89.974312,-0.10776,55.053082,-0.073098,490.317688,0.147905,825.874207,179.837906,35.418819,179.816772,8966,False,True,101,1219,True,
67,/kuka/axis_move/feedback_json,std_msgs/msg/String,2026-08-31T21:06:41.985140-04:00,1788224801,985133268,1788224801985133268,129.495956,,,,36111,36110,1,0,0,36111,AxisTarget,1,True,True,True,False,-0.003082,-90.124062,89.973618,-0.110534,56.544327,-0.075067,488.581512,0.153896,824.721741,179.839478,33.931534,179.81723,8966,False,True,101,1219,True,
68,/kuka/axis_move/feedback_json,std_msgs/msg/String,2026-08-31T21:06:42.111222-04:00,1788224802,111215462,1788224802111215462,126.082194,,,,36112,36111,1,0,0,36112,AxisTarget,1,True,True,True,False,-0.003159,-90.127327,89.972923,-0.113328,58.034855,-0.077053,486.815216,0.159927,823.614014,179.841034,32.444244,179.817673,8966,False,True,101,1220,True,
69,/kuka/axis_move/feedback_json,std_msgs/msg/String,2026-08-31T21:06:42.239763-04:00,1788224802,239757927,1788224802239757927,128.542465,,,,36113,36112,1,0,0,36113,AxisTarget,1,True,True,True,True,-0.003229,-90.130272,89.972305,-0.115857,59.380348,-0.078856,485.191833,0.16541,822.650696,179.842453,31.098293,179.818039,8966,False,True,101,1220,True,
70,/kuka/axis_move/feedback_json,std_msgs/msg/String,2026-08-31T21:06:42.368471-04:00,1788224802,368454875,1788224802368454875,128.696948,,,,36114,36113,1,0,0,36114,AxisTarget,1,True,True,True,False,-0.003305,-90.133553,89.971611,-0.118651,60.918236,-0.080902,483.377197,0.171445,821.633484,179.844055,29.615704,179.818451,8966,False,True,101,1220,True,
71,/kuka/axis_move/feedback_json,std_msgs/msg/String,2026-08-31T21:06:42.494014-04:00,1788224802,494008454,1788224802494008454,125.553579,,,,36115,36114,1,0,0,36115,AxisTarget,1,True,True,True,True,-0.003382,-90.136848,89.970894,-0.121511,62.409477,-0.082868,481.471954,0.17766,820.63031,179.84581,28.081966,179.818909,8966,False,True,101,1221,True,
72,/kuka/axis_move/feedback_json,std_msgs/msg/String,2026-08-31T21:06:42.619104-04:00,1788224802,619093145,1788224802619093145,125.084691,,,,36116,36115,1,0,0,36116,AxisTarget,1,True,True,True,False,-0.003459,-90.140144,89.970222,-0.124195,63.854118,-0.084771,479.598602,0.183663,819.705872,179.847534,26.594715,179.819366,8966,False,True,101,1221,True,
73,/kuka/axis_move/feedback_json,std_msgs/msg/String,2026-08-31T21:06:42.743537-04:00,1788224802,743520295,1788224802743520295,124.42715,,,,36117,36116,1,0,0,36117,AxisTarget,1,True,True,True,False,-0.003534,-90.143333,89.969559,-0.126895,65.298759,-0.08669,477.760864,0.189477,818.856201,179.849243,25.153925,179.819794,8966,False,True,101,1222,True,
74,/kuka/axis_move/feedback_json,std_msgs/msg/String,2026-08-31T21:06:42.870716-04:00,1788224802,870693807,1788224802870693807,127.173512,,,,36118,36117,1,0,0,36118,AxisTarget,1,True,True,True,True,-0.003607,-90.146439,89.968903,-0.12954,66.701981,-0.088565,475.969299,0.195075,818.080444,179.850876,23.765188,179.82016,8966,False,True,101,1222,True,
75,/kuka/axis_move/feedback_json,std_msgs/msg/String,2026-08-31T21:06:42.997981-04:00,1788224802,997976007,1788224802997976007,127.2822,,,,36119,36118,1,0,0,36119,AxisTarget,1,True,True,True,False,-0.00368,-90.149544,89.968239,-0.132229,68.134766,-0.090482,474.09198,0.200849,817.321533,179.852631,22.325443,179.820557,8966,False,True,101,1222,True,
76,/kuka/axis_move/feedback_json,std_msgs/msg/String,2026-08-31T21:06:43.121668-04:00,1788224803,121657705,1788224803121657705,123.681698,,,,36120,36119,1,0,0,36120,AxisTarget,1,True,True,True,False,-0.003754,-90.15271,89.967567,-0.134947,69.6259,-0.092453,472.194092,0.206586,816.608826,179.854431,20.884634,179.820938,8966,False,True,101,1223,True,
77,/kuka/axis_move/feedback_json,std_msgs/msg/String,2026-08-31T21:06:43.249512-04:00,1788224803,249496195,1788224803249496195,127.83849,,,,36121,36120,1,0,0,36121,AxisTarget,1,True,True,True,True,-0.003829,-90.155899,89.966896,-0.137685,71.034897,-0.094306,470.323914,0.212137,815.958679,179.856247,19.478106,179.821335,8966,False,True,101,1223,True,
78,/kuka/axis_move/feedback_json,std_msgs/msg/String,2026-08-31T21:06:43.379287-04:00,1788224803,379282155,1788224803379282155,129.78596,,,,36122,36121,1,0,0,36122,AxisTarget,1,True,True,True,False,-0.003906,-90.15918,89.966202,-0.140478,72.526154,-0.09628,468.330658,0.21793,815.321289,179.8582,17.992186,179.821747,8966,False,True,101,1223,True,
79,/kuka/axis_move/feedback_json,std_msgs/msg/String,2026-08-31T21:06:43.508296-04:00,1788224803,508285996,1788224803508285996,129.003841,,,,36123,36122,1,0,0,36123,AxisTarget,1,True,True,True,True,-0.003985,-90.162544,89.9655,-0.143289,74.032249,-0.098285,466.262299,0.22379,814.719055,179.86026,16.463327,179.822174,8966,False,True,101,1224,True,
80,/kuka/axis_move/feedback_json,std_msgs/msg/String,2026-08-31T21:06:43.637603-04:00,1788224803,637585187,1788224803637585187,129.299191,,,,36124,36123,1,0,0,36124,AxisTarget,1,True,True,True,False,-0.004054,-90.165535,89.964867,-0.145816,75.398682,-0.100123,464.378021,0.229007,814.221558,179.862137,15.080876,179.822571,8966,False,True,101,1224,True,
81,/kuka/axis_move/feedback_json,std_msgs/msg/String,2026-08-31T21:06:43.765740-04:00,1788224803,765734695,1788224803765734695,128.149508,,,,36125,36124,1,0,0,36125,AxisTarget,1,True,True,True,False,-0.004136,-90.16893,89.964134,-0.148683,76.936523,-0.102175,462.273468,0.234732,813.72229,179.864288,13.547144,179.822998,8966,False,True,101,1225,True,
82,/kuka/axis_move/feedback_json,std_msgs/msg/String,2026-08-31T21:06:43.889218-04:00,1788224803,889212480,1788224803889212480,123.477785,,,,36126,36125,1,0,0,36126,AxisTarget,1,True,True,True,True,-0.004216,-90.172211,89.963409,-0.151474,78.427765,-0.104159,460.219971,0.240218,813.291382,179.866425,12.059905,179.823395,8966,False,True,101,1225,True,
83,/kuka/axis_move/feedback_json,std_msgs/msg/String,2026-08-31T21:06:44.017621-04:00,1788224804,17610143,1788224804017610143,128.397663,,,,36127,36126,1,0,0,36127,AxisTarget,1,True,True,True,False,-0.004297,-90.175385,89.962715,-0.154174,79.872406,-0.106074,458.21994,0.245452,812.924133,179.868546,10.61913,179.823776,8966,False,True,101,1225,True,
84,/kuka/axis_move/feedback_json,std_msgs/msg/String,2026-08-31T21:06:44.142613-04:00,1788224804,142584446,1788224804142584446,124.974303,,,,36128,36127,1,0,0,36128,AxisTarget,1,True,True,True,True,-0.004386,-90.178635,89.962036,-0.15695,81.363647,-0.108037,456.210693,0.250629,812.606201,179.870758,9.178305,179.824158,8966,False,True,101,1226,True,
85,/kuka/axis_move/feedback_json,std_msgs/msg/String,2026-08-31T21:06:44.275281-04:00,1788224804,275263180,1788224804275263180,132.678734,,,,36129,36128,1,0,0,36129,AxisTarget,1,True,True,True,False,-0.004479,-90.181786,89.961365,-0.159726,82.854889,-0.110001,454.128204,0.255859,812.330261,179.873077,7.69098,179.82457,8966,False,True,101,1226,True,
86,/kuka/axis_move/feedback_json,std_msgs/msg/String,2026-08-31T21:06:44.405489-04:00,1788224804,405480682,1788224804405480682,130.217502,,,,36130,36129,1,0,0,36130,AxisTarget,1,True,True,True,True,-0.004549,-90.185158,89.96067,-0.162507,84.329613,-0.111957,452.00708,0.260885,812.105103,179.875458,6.181447,179.824936,8966,False,True,101,1227,True,
87,/kuka/axis_move/feedback_json,std_msgs/msg/String,2026-08-31T21:06:44.531855-04:00,1788224804,531838796,1788224804531838796,126.358114,,,,36131,36130,1,0,0,36131,AxisTarget,1,True,True,True,False,-0.004609,-90.188339,89.959991,-0.165245,85.790138,-0.113904,449.942902,0.265571,811.939575,179.877808,4.716614,179.825272,8966,False,True,101,1228,False,
88,/kuka/axis_move/feedback_json,std_msgs/msg/String,2026-08-31T21:06:44.660179-04:00,1788224804,660163406,1788224804660163406,128.32461,,,,36132,36131,1,0,0,36132,AxisTarget,1,True,True,True,True,-0.004679,-90.191467,89.959343,-0.167878,87.196068,-0.11576,448.024445,0.269866,811.832703,179.880066,3.358138,179.825592,8966,False,True,101,1228,False,
89,/kuka/axis_move/feedback_json,std_msgs/msg/String,2026-08-31T21:06:44.791947-04:00,1788224804,791942293,1788224804791942293,131.778887,,,,36133,36132,1,0,0,36133,AxisTarget,1,True,True,True,False,-0.004768,-90.194504,89.958687,-0.170405,88.551163,-0.117581,446.06015,0.274249,811.77002,179.882416,1.969065,179.825912,8966,False,True,101,1228,False,
90,/kuka/axis_move/feedback_json,std_msgs/msg/String,2026-08-31T21:06:44.918177-04:00,1788224804,918165911,1788224804918165911,126.223618,,,,36134,36133,1,0,0,36134,AxisTarget,1,True,True,True,False,-0.004884,-90.197006,89.95813,-0.172564,89.673843,-0.11904,444.340668,0.278341,811.753601,179.884552,0.753882,179.826157,8966,False,True,101,1228,False,
91,/kuka/axis_move/feedback_json,std_msgs/msg/String,2026-08-31T21:06:45.043694-04:00,1788224805,43678132,1788224805043678132,125.512221,,,,36135,36134,1,0,0,36135,AxisTarget,1,True,True,True,False,-0.0049,-90.1978,89.958,-0.173,89.915596,-0.1193,443.731689,0.279501,811.75647,179.885345,0.323822,179.826324,8966,False,True,101,1228,False,
92,/kuka/axis_move/feedback_json,std_msgs/msg/String,2026-08-31T21:06:45.798050-04:00,1788224805,798042705,1788224805798042705,754.364573,,,,36136,36135,1,0,0,36136,AxisTarget,1,True,True,True,True,-0.0049,-90.197792,89.958023,-0.173,89.915344,-0.119328,443.731689,0.279501,811.75647,179.885345,0.323835,179.826324,8967,False,True,102,1233,True,
93,/kuka/axis_move/feedback_json,std_msgs/msg/String,2026-08-31T21:06:46.549531-04:00,1788224806,549510140,1788224806549510140,751.467435,,,,36137,36136,1,0,0,36137,AxisTarget,1,True,True,True,True,-0.260284,-88.038361,93.007645,-0.172159,84.575867,-0.403609,462.175659,2.310552,774.302612,179.852036,0.357916,179.825974,8968,False,True,102,1237,True,
94,/kuka/axis_move/feedback_json,std_msgs/msg/String,2026-08-31T21:06:46.677539-04:00,1788224806,677525899,1788224806677525899,128.015759,,,,36138,36137,1,0,0,36138,AxisTarget,1,True,True,True,False,-0.3129,-87.594223,93.611267,-0.171956,83.513565,-0.460384,465.584534,2.749557,766.450806,179.845215,0.364963,179.826065,8968,False,True,102,1237,True,
95,/kuka/axis_move/feedback_json,std_msgs/msg/String,2026-08-31T21:06:46.805573-04:00,1788224806,805562647,1788224806805562647,128.036748,,,,36139,36138,1,0,0,36139,AxisTarget,1,True,True,True,False,-0.383511,-87.000816,94.438377,-0.171702,82.087318,-0.53564,469.82077,3.330548,756.161865,179.836288,0.374177,179.826233,8968,False,True,102,1238,True,
96,/kuka/axis_move/feedback_json,std_msgs/msg/String,2026-08-31T21:06:46.933696-04:00,1788224806,933664142,1788224806933664142,128.101495,,,,36140,36139,1,0,0,36140,AxisTarget,1,True,True,True,True,-0.439723,-86.530762,95.09124,-0.171522,80.963058,-0.595085,473.29303,3.840198,747.220947,179.828568,0.382176,179.826416,8968,False,True,102,1238,True,
97,/kuka/axis_move/feedback_json,std_msgs/msg/String,2026-08-31T21:06:47.060836-04:00,1788224807,60814324,1788224807060814324,127.150182,,,,36141,36140,1,0,0,36141,AxisTarget,1,True,True,True,False,-0.511117,-85.926796,95.938683,-0.171278,79.480659,-0.673905,477.064087,4.433799,736.898743,179.819687,0.391397,179.826691,8968,False,True,102,1238,True,
98,/kuka/axis_move/feedback_json,std_msgs/msg/String,2026-08-31T21:06:47.189581-04:00,1788224807,189570218,1788224807189570218,128.755894,,,,36142,36141,1,0,0,36142,AxisTarget,1,True,True,True,False,-0.577732,-85.371567,96.706673,-0.171037,78.174454,-0.742423,480.68219,5.049974,726.278809,179.810638,0.400886,179.827072,8968,False,True,102,1239,True,
99,/kuka/axis_move/feedback_json,std_msgs/msg/String,2026-08-31T21:06:47.313209-04:00,1788224807,313198274,1788224807313198274,123.628056,,,,36143,36142,1,0,0,36143,AxisTarget,1,True,True,True,True,-0.635856,-84.861588,97.422775,-0.170803,76.916183,-0.809578,483.467072,5.561415,717.527039,179.803207,0.408704,179.827454,8968,False,True,102,1239,True,
100,/kuka/axis_move/feedback_json,std_msgs/msg/String,2026-08-31T21:06:47.438816-04:00,1788224807,438811240,1788224807438811240,125.612966,,,,36144,36143,1,0,0,36144,AxisTarget,1,True,True,True,False,-0.709047,-84.265007,98.255005,-0.170549,75.475861,-0.885806,486.655701,6.195153,706.74762,179.794098,0.418316,179.827972,8968,False,True,102,1239,True,
101,/kuka/axis_move/feedback_json,std_msgs/msg/String,2026-08-31T21:06:47.567043-04:00,1788224807,567031985,1788224807567031985,128.220745,,,,36145,36144,1,0,0,36145,AxisTarget,1,True,True,True,False,-0.774083,-83.708885,99.023323,-0.170339,74.172035,-0.954124,489.420135,6.795834,696.585999,179.785522,0.427358,179.828491,8968,False,True,102,1240,True,
102,/kuka/axis_move/feedback_json,std_msgs/msg/String,2026-08-31T21:06:47.697377-04:00,1788224807,697366377,1788224807697366377,130.334392,,,,36146,36145,1,0,0,36146,AxisTarget,1,True,True,True,True,-0.834357,-83.213043,99.720741,-0.170149,72.942581,-1.019842,491.682648,7.332116,687.553284,179.777924,0.435391,179.829025,8968,False,True,102,1240,True,
103,/kuka/axis_move/feedback_json,std_msgs/msg/String,2026-08-31T21:06:47.825248-04:00,1788224807,825243013,1788224807825243013,127.876636,,,,36147,36146,1,0,0,36147,AxisTarget,1,True,True,True,False,-0.907603,-82.597252,100.57972,-0.169904,71.45649,-1.098464,494.220337,7.995567,676.423523,179.768616,0.445296,179.829742,8968,False,True,102,1240,True,
104,/kuka/axis_move/feedback_json,std_msgs/msg/String,2026-08-31T21:06:47.951186-04:00,1788224807,951177036,1788224807951177036,125.934023,,,,36148,36147,1,0,0,36148,AxisTarget,1,True,True,True,True,-0.97139,-82.066658,101.312172,-0.169676,70.183006,-1.165145,496.315002,8.608789,666.172546,179.760101,0.454432,179.83049,8968,False,True,102,1241,True,
105,/kuka/axis_move/feedback_json,std_msgs/msg/String,2026-08-31T21:06:48.077232-04:00,1788224808,77226829,1788224808077226829,126.049793,,,,36149,36148,1,0,0,36149,AxisTarget,1,True,True,True,False,-1.032064,-81.552483,102.035934,-0.169454,68.938118,-1.23175,497.920349,9.133611,657.419495,179.752853,0.462247,179.831177,8968,False,True,102,1241,True,
106,/kuka/axis_move/feedback_json,std_msgs/msg/String,2026-08-31T21:06:48.203089-04:00,1788224808,203078252,1788224808203078252,125.851423,,,,36150,36149,1,0,0,36150,AxisTarget,1,True,True,True,False,-1.103173,-80.955025,102.86895,-0.169194,67.498177,-1.307901,499.666199,9.780794,646.641052,179.743958,0.471893,179.832092,8968,False,True,102,1241,True,
107,/kuka/axis_move/feedback_json,std_msgs/msg/String,2026-08-31T21:06:48.336966-04:00,1788224808,336955877,1788224808336955877,133.877625,,,,36151,36150,1,0,0,36151,AxisTarget,1,True,True,True,True,-1.167902,-80.416634,103.611908,-0.168964,66.239746,-1.373799,501.103729,10.402946,636.286743,179.735413,0.48119,179.833038,8968,False,True,102,1242,True,
108,/kuka/axis_move/feedback_json,std_msgs/msg/String,2026-08-31T21:06:48.465165-04:00,1788224808,465153593,1788224808465153593,128.197716,,,,36152,36151,1,0,0,36152,AxisTarget,1,True,True,True,False,-1.230707,-79.883652,104.36264,-0.16873,64.913902,-1.444693,502.160522,10.942589,627.30658,179.728027,0.489278,179.833908,8968,False,True,102,1242,True,
109,/kuka/axis_move/feedback_json,std_msgs/msg/String,2026-08-31T21:06:48.593290-04:00,1788224808,593284867,1788224808593284867,128.131274,,,,36153,36152,1,0,0,36153,AxisTarget,1,True,True,True,False,-1.304139,-79.267128,105.221603,-0.168482,63.431168,-1.523047,503.219757,11.607274,616.241577,179.718964,0.499269,179.835037,8968,False,True,102,1243,True,
110,/kuka/axis_move/feedback_json,std_msgs/msg/String,2026-08-31T21:06:48.719401-04:00,1788224808,719390175,1788224808719390175,126.105308,,,,36154,36153,1,0,0,36154,AxisTarget,1,True,True,True,True,-1.364864,-78.749123,105.936203,-0.16829,62.22031,-1.586489,503.924103,12.186264,606.592896,179.71109,0.508004,179.83606,8968,False,True,102,1243,True,
111,/kuka/axis_move/feedback_json,std_msgs/msg/String,2026-08-31T21:06:48.846963-04:00,1788224808,846952267,1788224808846952267,127.562092,,,,36155,36154,1,0,0,36155,AxisTarget,1,True,True,True,False,-1.429316,-78.215767,106.687729,-0.168084,60.893215,-1.65741,504.400238,12.731062,597.497314,179.70369,0.516275,179.837082,8968,False,True,102,1243,True,
112,/kuka/axis_move/feedback_json,std_msgs/msg/String,2026-08-31T21:06:48.973431-04:00,1788224808,973414819,1788224808973414819,126.462552,,,,36156,36155,1,0,0,36156,AxisTarget,1,True,True,True,False,-1.502224,-77.604912,107.537102,-0.167841,59.433636,-1.734362,504.729248,13.381321,586.610168,179.694824,0.526239,179.838379,8968,False,True,102,1244,True,
113,/kuka/axis_move/feedback_json,std_msgs/msg/String,2026-08-31T21:06:49.100640-04:00,1788224809,100623234,1788224809100623234,127.208415,,,,36157,36156,1,0,0,36157,AxisTarget,1,True,True,True,True,-1.557038,-77.148956,108.16732,-0.167655,58.359001,-1.790939,504.802338,13.893402,578.006531,179.68782,0.534169,179.839462,8968,False,True,102,1244,True,
114,/kuka/axis_move/feedback_json,std_msgs/msg/String,2026-08-31T21:06:49.226146-04:00,1788224809,226135178,1788224809226135178,125.511944,,,,36158,36157,1,0,0,36158,AxisTarget,1,True,True,True,False,-1.621195,-76.604515,108.933876,-0.167423,57.009296,-1.862947,504.695862,14.440515,568.778198,179.680313,0.542729,179.840668,8968,False,True,102,1244,True,
115,/kuka/axis_move/feedback_json,std_msgs/msg/String,2026-08-31T21:06:49.352768-04:00,1788224809,352762001,1788224809352762001,126.626823,,,,36159,36158,1,0,0,36159,AxisTarget,1,True,True,True,False,-1.687658,-76.051659,109.696617,-0.167198,55.719383,-1.930389,504.367157,15.024111,558.88324,179.672256,0.551977,179.842026,8968,False,True,102,1245,True,
116,/kuka/axis_move/feedback_json,std_msgs/msg/String,2026-08-31T21:06:49.480375-04:00,1788224809,480369309,1788224809480369309,127.607308,,,,36160,36159,1,0,0,36160,AxisTarget,1,True,True,True,True,-1.740098,-75.607117,110.32254,-0.167008,54.612164,-1.9897,503.967834,15.464835,551.37085,179.666153,0.559049,179.843094,8968,False,True,102,1245,True,
117,/kuka/axis_move/feedback_json,std_msgs/msg/String,2026-08-31T21:06:49.613543-04:00,1788224809,613531888,1788224809613531888,133.162579,,,,36161,36160,1,0,0,36161,AxisTarget,1,True,True,True,False,-1.807404,-75.045166,111.100525,-0.166778,53.256466,-2.060722,503.250366,16.036537,541.57251,179.658203,0.56835,179.844528,8968,False,True,102,1246,True,
118,/kuka/axis_move/feedback_json,std_msgs/msg/String,2026-08-31T21:06:49.736728-04:00,1788224809,736722926,1788224809736722926,123.191038,,,,36162,36161,1,0,0,36162,AxisTarget,1,True,True,True,True,-1.856504,-74.632217,111.678085,-0.166605,52.279343,-2.112844,502.595703,16.444967,534.531433,179.652512,0.575094,179.845596,8968,False,True,102,1246,True,
119,/kuka/axis_move/feedback_json,std_msgs/msg/String,2026-08-31T21:06:49.864706-04:00,1788224809,864701342,1788224809864701342,127.978416,,,,36163,36162,1,0,0,36163,AxisTarget,1,True,True,True,False,-1.914619,-74.146698,112.350426,-0.166406,51.136555,-2.172678,501.697205,16.911533,526.434937,179.64595,0.58291,179.846863,8968,False,True,102,1247,False,
120,/kuka/axis_move/feedback_json,std_msgs/msg/String,2026-08-31T21:06:49.999793-04:00,1788224809,999788071,1788224809999788071,135.086729,,,,36164,36163,1,0,0,36164,AxisTarget,1,True,True,True,True,-1.959313,-73.769402,112.879272,-0.166248,50.209763,-2.222092,500.891724,17.270815,520.155518,179.640823,0.589019,179.847885,8968,False,True,102,1247,False,
121,/kuka/axis_move/feedback_json,std_msgs/msg/String,2026-08-31T21:06:50.124807-04:00,1788224810,124799201,1788224810124799201,125.01113,,,,36165,36164,1,0,0,36165,AxisTarget,1,True,True,True,False,-2.005688,-73.38607,113.405052,-0.166095,49.330154,-2.267889,499.912506,17.657078,513.365967,179.635315,0.595692,179.848999,8968,False,True,102,1247,False,
122,/kuka/axis_move/feedback_json,std_msgs/msg/String,2026-08-31T21:06:50.253212-04:00,1788224810,253204219,1788224810253204219,128.405018,,,,36166,36165,1,0,0,36166,AxisTarget,1,True,True,True,False,-2.041726,-73.08374,113.825798,-0.165972,48.607399,-2.305919,499.090942,17.949272,508.199188,179.631119,0.600793,179.849869,8968,False,True,102,1247,False,
123,/kuka/axis_move/feedback_json,std_msgs/msg/String,2026-08-31T21:06:50.385591-04:00,1788224810,385574160,1788224810385574160,132.369941,,,,36167,36166,1,0,0,36167,AxisTarget,1,True,True,True,False,-2.065283,-72.889893,114.090096,-0.165902,48.170521,-2.328494,498.51059,18.141308,504.779999,179.628357,0.604094,179.850464,8968,False,True,102,1247,False,
124,/kuka/axis_move/feedback_json,std_msgs/msg/String,2026-08-31T21:06:50.515690-04:00,1788224810,515681863,1788224810515681863,130.107703,,,,36168,36167,1,0,0,36168,AxisTarget,1,True,True,True,False,-2.0702,-72.852798,114.136902,-0.1659,48.105301,-2.3316,498.368134,18.187321,503.967682,179.627686,0.604898,179.850601,8968,False,True,102,1247,False,
125,/kuka/axis_move/feedback_json,std_msgs/msg/String,2026-08-31T21:06:51.006840-04:00,1788224811,6823244,1788224811006823244,491.141381,,,,36169,36168,1,0,0,36169,AxisTarget,1,True,True,True,False,-2.0702,-72.852798,114.136902,-0.1659,48.105301,-2.3316,498.368134,18.187321,503.967682,179.627686,0.604898,179.850601,8969,False,True,103,1251,True,
126,/kuka/axis_move/feedback_json,std_msgs/msg/String,2026-08-31T21:06:51.496665-04:00,1788224811,496656417,1788224811496656417,489.833173,,,,36170,36169,1,0,0,36170,AxisTarget,1,True,True,True,True,-2.087712,-72.37355,114.430984,-0.147017,47.317696,-2.33033,498.584381,18.324306,498.490173,179.656479,0.594985,179.865646,8970,False,True,103,1253,True,
127,/kuka/axis_move/feedback_json,std_msgs/msg/String,2026-08-31T21:06:51.631029-04:00,1788224811,631014497,1788224811631014497,134.35808,,,,36171,36170,1,0,0,36171,AxisTarget,1,True,True,True,False,-2.093888,-72.206268,114.528625,-0.140844,47.06139,-2.329944,498.644409,18.371786,496.578796,179.666565,0.591507,179.870819,8970,False,True,103,1253,True,
128,/kuka/axis_move/feedback_json,std_msgs/msg/String,2026-08-31T21:06:51.756228-04:00,1788224811,756211308,1788224811756211308,125.196811,,,,36172,36171,1,0,0,36172,AxisTarget,1,True,True,True,False,-2.099701,-72.048843,114.623306,-0.134857,46.812851,-2.329575,498.696442,18.419035,494.669373,179.676697,0.588044,179.875946,8970,False,True,103,1253,True,
129,/kuka/axis_move/feedback_json,std_msgs/msg/String,2026-08-31T21:06:51.884653-04:00,1788224811,884647735,1788224811884647735,128.436427,,,,36173,36172,1,0,0,36173,AxisTarget,1,True,True,True,False,-2.105511,-71.891548,114.717865,-0.128881,46.56488,-2.32921,498.738037,18.463205,492.877594,179.686264,0.584807,179.880737,8970,False,True,103,1253,True,
130,/kuka/axis_move/feedback_json,std_msgs/msg/String,2026-08-31T21:06:52.008681-04:00,1788224812,8675217,1788224812008675217,124.027482,,,,36174,36173,1,0,0,36174,AxisTarget,1,True,True,True,False,-2.110962,-71.743912,114.806679,-0.123263,46.33149,-2.328857,498.772644,18.507202,491.086212,179.695862,0.581574,179.885498,8970,False,True,103,1254,True,
131,/kuka/axis_move/feedback_json,std_msgs/msg/String,2026-08-31T21:06:52.136925-04:00,1788224812,136917982,1788224812136917982,128.242765,,,,36175,36174,1,0,0,36175,AxisTarget,1,True,True,True,True,-2.116771,-71.586586,114.901314,-0.117278,46.082977,-2.328503,498.800171,18.550896,489.300385,179.705475,0.578346,179.890213,8970,False,True,103,1254,True,
132,/kuka/axis_move/feedback_json,std_msgs/msg/String,2026-08-31T21:06:52.268031-04:00,1788224812,268019977,1788224812268019977,131.101995,,,,36176,36175,1,0,0,36176,AxisTarget,1,True,True,True,False,-2.122584,-71.429169,114.995987,-0.11129,45.826668,-2.328125,498.821289,18.595848,487.455994,179.715439,0.575006,179.89505,8970,False,True,103,1254,True,
133,/kuka/axis_move/feedback_json,std_msgs/msg/String,2026-08-31T21:06:52.398109-04:00,1788224812,398098080,1788224812398098080,130.078103,,,,36177,36176,1,0,0,36177,AxisTarget,1,True,True,True,False,-2.128397,-71.271751,115.093613,-0.105111,45.578129,-2.327753,498.835266,18.641972,485.555847,179.725784,0.571554,179.900009,8970,False,True,103,1254,True,
134,/kuka/axis_move/feedback_json,std_msgs/msg/String,2026-08-31T21:06:52.528740-04:00,1788224812,528709899,1788224812528709899,130.611819,,,,36178,36177,1,0,0,36178,AxisTarget,1,True,True,True,False,-2.134574,-71.104492,115.191246,-0.098929,45.321819,-2.327363,498.841309,18.687857,483.657654,179.736176,0.568094,179.904938,8970,False,True,103,1254,True,
135,/kuka/axis_move/feedback_json,std_msgs/msg/String,2026-08-31T21:06:52.661204-04:00,1788224812,661199123,1788224812661199123,132.489224,,,,36179,36178,1,0,0,36179,AxisTarget,1,True,True,True,False,-2.140389,-70.947067,115.288879,-0.092742,45.065514,-2.326967,498.839447,18.7335,481.761444,179.746613,0.564626,179.909836,8970,False,True,103,1254,True,
136,/kuka/axis_move/feedback_json,std_msgs/msg/String,2026-08-31T21:06:52.785191-04:00,1788224812,785170012,1788224812785170012,123.970889,,,,36180,36179,1,0,0,36180,AxisTarget,1,True,True,True,False,-2.146165,-70.790977,115.379585,-0.087006,44.828693,-2.3266,498.83017,18.777372,479.931183,179.756744,0.561269,179.91452,8970,False,True,103,1254,True,
137,/kuka/axis_move/feedback_json,std_msgs/msg/String,2026-08-31T21:06:52.910191-04:00,1788224812,910181214,1788224812910181214,125.011202,,,,36181,36180,1,0,0,36181,AxisTarget,1,True,True,True,False,-2.151427,-70.648392,115.465462,-0.081552,44.60231,-2.326246,498.815979,18.815712,478.3255,179.765671,0.558319,179.91861,8970,False,True,103,1255,True,
138,/kuka/axis_move/feedback_json,std_msgs/msg/String,2026-08-31T21:06:53.036896-04:00,1788224813,36890426,1788224813036890426,126.709212,,,,36182,36181,1,0,0,36182,AxisTarget,1,True,True,True,True,-2.157031,-70.496498,115.556892,-0.07575,44.361942,-2.325871,498.793884,18.857542,476.566956,179.775497,0.555082,179.923065,8970,False,True,103,1255,True,
139,/kuka/axis_move/feedback_json,std_msgs/msg/String,2026-08-31T21:06:53.160672-04:00,1788224813,160661090,1788224813160661090,123.770664,,,,36183,36182,1,0,0,36183,AxisTarget,1,True,True,True,False,-2.162664,-70.343994,115.648605,-0.069748,44.1134,-2.325484,498.763641,18.900919,474.73584,179.785767,0.551707,179.927673,8970,False,True,103,1255,True,
140,/kuka/axis_move/feedback_json,std_msgs/msg/String,2026-08-31T21:06:53.290829-04:00,1788224813,290816245,1788224813290816245,130.155155,,,,36184,36183,1,0,0,36184,AxisTarget,1,True,True,True,False,-2.168662,-70.181648,115.746246,-0.063749,43.864861,-2.325099,498.726074,18.944067,472.906799,179.796082,0.548331,179.932251,8970,False,True,103,1255,True,
141,/kuka/axis_move/feedback_json,std_msgs/msg/String,2026-08-31T21:06:53.419981-04:00,1788224813,419969818,1788224813419969818,129.153573,,,,36185,36184,1,0,0,36185,AxisTarget,1,True,True,True,False,-2.174478,-70.024223,115.840919,-0.057753,43.616318,-2.324716,498.681122,18.986988,471.079865,179.806427,0.544953,179.936783,8970,False,True,103,1255,True,
142,/kuka/axis_move/feedback_json,std_msgs/msg/String,2026-08-31T21:06:53.548723-04:00,1788224813,548712399,1788224813548712399,128.742581,,,,36186,36185,1,0,0,36186,AxisTarget,1,True,True,True,False,-2.180112,-69.871712,115.93264,-0.051947,43.375546,-2.324349,498.628845,19.02968,469.255066,179.816803,0.541576,179.941269,8970,False,True,103,1255,True,
143,/kuka/axis_move/feedback_json,std_msgs/msg/String,2026-08-31T21:06:53.679872-04:00,1788224813,679849390,1788224813679849390,131.136991,,,,36187,36186,1,0,0,36187,AxisTarget,1,True,True,True,False,-2.186293,-69.704453,116.033226,-0.045584,43.111473,-2.323949,498.567291,19.073469,467.375519,179.82753,0.538092,179.945862,8970,False,True,103,1255,True,
144,/kuka/axis_move/feedback_json,std_msgs/msg/String,2026-08-31T21:06:53.806662-04:00,1788224813,806648975,1788224813806648975,126.799585,,,,36188,36187,1,0,0,36188,AxisTarget,1,True,True,True,False,-2.192111,-69.547028,116.127907,-0.039599,42.86293,-2.323575,498.497955,19.117012,465.498291,179.838303,0.534607,179.950409,8970,False,True,103,1256,False,
145,/kuka/axis_move/feedback_json,std_msgs/msg/String,2026-08-31T21:06:53.936385-04:00,1788224813,936362753,1788224813936362753,129.713778,,,,36189,36188,1,0,0,36189,AxisTarget,1,True,True,True,True,-2.197929,-69.38961,116.22258,-0.033428,42.606625,-2.323191,498.425781,19.157688,463.737,179.84845,0.531332,179.954636,8970,False,True,103,1256,False,
146,/kuka/axis_move/feedback_json,std_msgs/msg/String,2026-08-31T21:06:54.065101-04:00,1788224814,65092547,1788224814065092547,128.729794,,,,36190,36189,1,0,0,36190,AxisTarget,1,True,True,True,False,-2.203747,-69.232185,116.317261,-0.027631,42.358086,-2.322819,498.344116,19.19944,461.921112,179.858948,0.52795,179.958969,8970,False,True,103,1256,False,
147,/kuka/axis_move/feedback_json,std_msgs/msg/String,2026-08-31T21:06:54.190608-04:00,1788224814,190577719,1788224814190577719,125.485172,,,,36191,36190,1,0,0,36191,AxisTarget,1,True,True,True,False,-2.209565,-69.074768,116.411934,-0.021647,42.11731,-2.322458,498.252319,19.242241,460.050873,179.869827,0.52446,179.963409,8970,False,True,103,1256,False,
148,/kuka/axis_move/feedback_json,std_msgs/msg/String,2026-08-31T21:06:54.320957-04:00,1788224814,320952809,1788224814320952809,130.37509,,,,36192,36191,1,0,0,36192,AxisTarget,1,True,True,True,False,-2.215384,-68.917351,116.506607,-0.01566,41.868771,-2.322083,498.159058,19.282213,458.296234,179.880081,0.521183,179.967529,8970,False,True,103,1256,False,
149,/kuka/axis_move/feedback_json,std_msgs/msg/String,2026-08-31T21:06:54.445868-04:00,1788224814,445862739,1788224814445862739,124.90993,,,,36193,36192,1,0,0,36193,AxisTarget,1,True,True,True,False,-2.221203,-68.759926,116.601273,-0.009667,41.620232,-2.321705,498.052368,19.324511,456.430847,179.891037,0.517698,179.971878,8970,False,True,103,1256,False,
150,/kuka/axis_move/feedback_json,std_msgs/msg/String,2026-08-31T21:06:54.568484-04:00,1788224814,568473372,1788224814568473372,122.610633,,,,36194,36193,1,0,0,36194,AxisTarget,1,True,True,True,False,-2.226841,-68.60743,116.692986,-0.003857,41.379456,-2.321335,497.948761,19.362738,454.737244,179.901031,0.514534,179.975815,8970,False,True,103,1256,False,
151,/kuka/axis_move/feedback_json,std_msgs/msg/String,2026-08-31T21:06:54.695635-04:00,1788224814,695612410,1788224814695612410,127.139038,,,,36195,36194,1,0,0,36195,AxisTarget,1,True,True,True,False,-2.232479,-68.454941,116.784691,0.001957,41.138683,-2.320964,497.831299,19.403275,452.933105,179.911743,0.511162,179.979965,8970,False,True,103,1256,False,
152,/kuka/axis_move/feedback_json,std_msgs/msg/String,2026-08-31T21:06:54.826328-04:00,1788224814,826322653,1788224814826322653,130.710243,,,,36196,36195,1,0,0,36196,AxisTarget,1,True,True,True,False,-2.238118,-68.297523,116.879349,0.007959,40.890144,-2.32058,497.710663,19.442307,451.187653,179.92215,0.507895,179.983948,8970,False,True,103,1256,False,
153,/kuka/axis_move/feedback_json,std_msgs/msg/String,2026-08-31T21:06:54.952457-04:00,1788224814,952452184,1788224814952452184,126.129531,,,,36197,36196,1,0,0,36197,AxisTarget,1,True,True,True,False,-2.244302,-68.135185,116.976974,0.014148,40.633835,-2.320184,497.57486,19.483603,449.332092,179.933258,0.504413,179.988144,8970,False,True,103,1256,False,
154,/kuka/axis_move/feedback_json,std_msgs/msg/String,2026-08-31T21:06:55.080403-04:00,1788224815,80397976,1788224815080397976,127.945792,,,,36198,36197,1,0,0,36198,AxisTarget,1,True,True,True,False,-2.249762,-67.982674,117.068687,0.019952,40.393063,-2.319815,497.440338,19.522177,447.591278,179.943726,0.50112,179.99205,8970,False,True,103,1256,False,
155,/kuka/axis_move/feedback_json,std_msgs/msg/String,2026-08-31T21:06:55.207844-04:00,1788224815,207838768,1788224815207838768,127.440792,,,,36199,36198,1,0,0,36199,AxisTarget,1,True,True,True,False,-2.255622,-67.829834,117.16024,0.025714,40.154484,-2.319453,497.292511,19.562294,445.773529,179.954697,0.497644,179.996078,8970,False,True,103,1256,False,
156,/kuka/axis_move/feedback_json,std_msgs/msg/String,2026-08-31T21:06:55.336489-04:00,1788224815,336483042,1788224815336483042,128.644274,,,,36200,36199,1,0,0,36200,AxisTarget,1,True,True,True,False,-2.26126,-67.67691,117.252548,0.031565,39.910419,-2.319079,497.150452,19.598873,444.108337,179.964783,0.494447,179.999741,8970,False,True,103,1256,False,
157,/kuka/axis_move/feedback_json,std_msgs/msg/String,2026-08-31T21:06:55.910451-04:00,1788224815,910445823,1788224815910445823,573.962781,,,,36201,36200,1,0,0,36201,AxisTarget,1,True,True,True,False,-2.2662,-67.548203,117.327003,0.0361,39.730598,-2.3188,496.999939,19.635679,442.421356,179.975082,0.491136,-179.996552,8971,False,True,104,1260,True,
158,/kuka/axis_move/feedback_json,std_msgs/msg/String,2026-08-31T21:06:56.487771-04:00,1788224816,487766162,1788224816487766162,577.320339,,,,36202,36201,1,0,0,36202,AxisTarget,1,True,True,True,True,-2.238427,-67.072433,116.531357,0.040864,40.057468,-2.302354,501.923279,19.587109,442.553131,179.966431,0.481769,-179.992981,8972,False,True,104,1262,True,
159,/kuka/axis_move/feedback_json,std_msgs/msg/String,2026-08-31T21:06:56.612456-04:00,1788224816,612447867,1788224816612447867,124.681705,,,,36203,36202,1,0,0,36203,AxisTarget,1,True,True,True,False,-2.229913,-66.927704,116.300957,0.042229,40.150448,-2.297689,503.459229,19.570885,442.590057,179.96376,0.478797,-179.991852,8972,False,True,104,1262,True,
160,/kuka/axis_move/feedback_json,std_msgs/msg/String,2026-08-31T21:06:56.741435-04:00,1788224816,741411868,1788224816741411868,128.964001,,,,36204,36203,1,0,0,36204,AxisTarget,1,True,True,True,False,-2.221916,-66.791763,116.077759,0.043546,40.24052,-2.293025,504.900299,19.555178,442.623138,179.961243,0.476014,-179.990784,8972,False,True,104,1262,True,
161,/kuka/axis_move/feedback_json,std_msgs/msg/String,2026-08-31T21:06:56.869772-04:00,1788224816,869751897,1788224816869751897,128.340029,,,,36205,36204,1,0,0,36205,AxisTarget,1,True,True,True,False,-2.213663,-66.651443,115.847359,0.044899,40.333508,-2.288506,506.339691,19.539019,442.654663,179.958725,0.47324,-179.989731,8972,False,True,104,1262,True,
162,/kuka/axis_move/feedback_json,std_msgs/msg/String,2026-08-31T21:06:56.994753-04:00,1788224816,994742107,1788224816994742107,124.99021,,,,36206,36205,1,0,0,36206,AxisTarget,1,True,True,True,False,-2.205411,-66.511131,115.616959,0.046251,40.426495,-2.283841,507.870026,19.521313,442.686462,179.956039,0.470292,-179.988602,8972,False,True,104,1263,True,
163,/kuka/axis_move/feedback_json,std_msgs/msg/String,2026-08-31T21:06:57.120602-04:00,1788224817,120596287,1788224817120596287,125.85418,,,,36207,36206,1,0,0,36207,AxisTarget,1,True,True,True,True,-2.197418,-66.375206,115.393753,0.047602,40.519482,-2.279177,509.305878,19.504194,442.7146,179.953522,0.467523,-179.987549,8972,False,True,104,1263,True,
164,/kuka/axis_move/feedback_json,std_msgs/msg/String,2026-08-31T21:06:57.252410-04:00,1788224817,252388025,1788224817252388025,131.791738,,,,36208,36207,1,0,0,36208,AxisTarget,1,True,True,True,False,-2.189166,-66.234901,115.163353,0.048911,40.609562,-2.274658,510.786224,19.486032,442.741882,179.950912,0.464664,-179.98645,8972,False,True,104,1263,True,
165,/kuka/axis_move/feedback_json,std_msgs/msg/String,2026-08-31T21:06:57.382013-04:00,1788224817,382007266,1788224817382007266,129.619241,,,,36209,36208,1,0,0,36209,AxisTarget,1,True,True,True,False,-2.180915,-66.090202,114.925758,0.050305,40.705452,-2.269851,512.264709,19.467371,442.767426,179.948303,0.461806,-179.985352,8972,False,True,104,1263,True,
166,/kuka/axis_move/feedback_json,std_msgs/msg/String,2026-08-31T21:06:57.504809-04:00,1788224817,504804604,1788224817504804604,122.797338,,,,36210,36209,1,0,0,36210,AxisTarget,1,True,True,True,False,-2.172407,-65.94989,114.695358,0.051658,40.798435,-2.265192,513.787537,19.447607,442.791901,179.945602,0.458859,-179.984222,8972,False,True,104,1263,True,
167,/kuka/axis_move/feedback_json,std_msgs/msg/String,2026-08-31T21:06:57.634071-04:00,1788224817,634048258,1788224817634048258,129.243654,,,,36211,36210,1,0,0,36211,AxisTarget,1,True,True,True,False,-2.164415,-65.813965,114.472153,0.05297,40.888512,-2.26068,515.216187,19.42856,442.813141,179.943054,0.456091,-179.983139,8972,False,True,104,1263,True,
168,/kuka/axis_move/feedback_json,std_msgs/msg/String,2026-08-31T21:06:57.764770-04:00,1788224817,764761242,1788224817764761242,130.712984,,,,36212,36211,1,0,0,36212,AxisTarget,1,True,True,True,False,-2.155907,-65.669266,114.234558,0.054368,40.984398,-2.255881,516.689148,19.408413,442.833344,179.94043,0.453234,-179.98204,8972,False,True,104,1263,True,
169,/kuka/axis_move/feedback_json,std_msgs/msg/String,2026-08-31T21:06:57.894092-04:00,1788224817,894083119,1788224817894083119,129.321877,,,,36213,36212,1,0,0,36213,AxisTarget,1,True,True,True,False,-2.147658,-65.528946,114.004158,0.055723,41.077381,-2.251227,518.160278,19.387768,442.851776,179.937805,0.450377,-179.980927,8972,False,True,104,1263,True,
170,/kuka/axis_move/feedback_json,std_msgs/msg/String,2026-08-31T21:06:58.027657-04:00,1788224818,27651440,1788224818027651440,133.568321,,,,36214,36213,1,0,0,36214,AxisTarget,1,True,True,True,True,-2.139409,-65.384247,113.766556,0.057121,41.17617,-2.246284,519.675354,19.365957,442.868927,179.935089,0.44743,-179.979782,8972,False,True,104,1264,True,
171,/kuka/axis_move/feedback_json,std_msgs/msg/String,2026-08-31T21:06:58.157928-04:00,1788224818,157916996,1788224818157916996,130.265556,,,,36215,36214,1,0,0,36215,AxisTarget,1,True,True,True,False,-2.130645,-65.239548,113.528954,0.05852,41.26915,-2.24163,521.188477,19.343618,442.884216,179.932373,0.444484,-179.978622,8972,False,True,104,1264,True,
172,/kuka/axis_move/feedback_json,std_msgs/msg/String,2026-08-31T21:06:58.287892-04:00,1788224818,287870241,1788224818287870241,129.953245,,,,36216,36215,1,0,0,36216,AxisTarget,1,True,True,True,False,-2.122396,-65.099236,113.298553,0.059918,41.365036,-2.236831,522.699524,19.320751,442.897614,179.929642,0.441537,-179.977463,8972,False,True,104,1264,True,
173,/kuka/axis_move/feedback_json,std_msgs/msg/String,2026-08-31T21:06:58.419984-04:00,1788224818,419973149,1788224818419973149,132.102908,,,,36217,36216,1,0,0,36217,AxisTarget,1,True,True,True,False,-2.113889,-64.954536,113.053757,0.061316,41.460922,-2.23203,524.208618,19.297358,442.909149,179.926926,0.438589,-179.976303,8972,False,True,104,1264,True,
174,/kuka/axis_move/feedback_json,std_msgs/msg/String,2026-08-31T21:06:58.544565-04:00,1788224818,544553461,1788224818544553461,124.580312,,,,36218,36217,1,0,0,36218,AxisTarget,1,True,True,True,False,-2.10564,-64.814217,112.830559,0.062631,41.550999,-2.227518,525.669983,19.27417,442.918518,179.924286,0.435729,-179.975189,8972,False,True,104,1264,True,
175,/kuka/axis_move/feedback_json,std_msgs/msg/String,2026-08-31T21:06:58.673059-04:00,1788224818,673042426,1788224818673042426,128.488965,,,,36219,36218,1,0,0,36219,AxisTarget,1,True,True,True,False,-2.097392,-64.673897,112.600159,0.063988,41.643978,-2.222859,527.083923,19.251236,442.925903,179.921722,0.432956,-179.974091,8972,False,True,104,1264,True,
176,/kuka/axis_move/feedback_json,std_msgs/msg/String,2026-08-31T21:06:58.800916-04:00,1788224818,800903983,1788224818800903983,127.861557,,,,36220,36219,1,0,0,36220,AxisTarget,1,True,True,True,False,-2.089143,-64.533577,112.369759,0.065345,41.736958,-2.218198,528.587036,19.226315,442.931976,179.918991,0.430004,-179.972916,8972,False,True,104,1264,True,
177,/kuka/axis_move/feedback_json,std_msgs/msg/String,2026-08-31T21:06:58.924990-04:00,1788224818,924970825,1788224818924970825,124.066842,,,,36221,36220,1,0,0,36221,AxisTarget,1,True,True,True,False,-2.080895,-64.393257,112.139359,0.066703,41.829937,-2.213535,530.042664,19.201647,442.936035,179.916351,0.427139,-179.971786,8972,False,True,104,1264,True,
178,/kuka/axis_move/feedback_json,std_msgs/msg/String,2026-08-31T21:06:59.052802-04:00,1788224819,52785410,1788224819052785410,127.814585,,,,36222,36221,1,0,0,36222,AxisTarget,1,True,True,True,False,-2.072647,-64.25293,111.908958,0.068061,41.92292,-2.208871,531.450989,19.17728,442.938324,179.913788,0.424362,-179.970688,8972,False,True,104,1264,True,
179,/kuka/axis_move/feedback_json,std_msgs/msg/String,2026-08-31T21:06:59.179679-04:00,1788224819,179664219,1788224819179664219,126.878809,,,,36223,36222,1,0,0,36223,AxisTarget,1,True,True,True,False,-2.064657,-64.116989,111.685753,0.069377,42.012993,-2.204352,532.902832,19.151644,442.938934,179.911148,0.421495,-179.969543,8972,False,True,104,1264,True,
180,/kuka/axis_move/feedback_json,std_msgs/msg/String,2026-08-31T21:06:59.305714-04:00,1788224819,305697290,1788224819305697290,126.033071,,,,36224,36223,1,0,0,36224,AxisTarget,1,True,True,True,True,-2.056409,-63.976669,111.455353,0.070735,42.105972,-2.199687,534.307373,19.126339,442.937866,179.908585,0.418718,-179.96843,8972,False,True,104,1265,True,
181,/kuka/axis_move/feedback_json,std_msgs/msg/String,2026-08-31T21:06:59.432608-04:00,1788224819,432601927,1788224819432601927,126.904637,,,,36225,36224,1,0,0,36225,AxisTarget,1,True,True,True,False,-2.048161,-63.836346,111.224953,0.072094,42.198956,-2.195023,535.755371,19.099735,442.935059,179.90593,0.415851,-179.967285,8972,False,True,104,1265,True,
182,/kuka/axis_move/feedback_json,std_msgs/msg/String,2026-08-31T21:06:59.559728-04:00,1788224819,559722239,1788224819559722239,127.120312,,,,36226,36225,1,0,0,36226,AxisTarget,1,True,True,True,False,-2.040428,-63.704792,111.001755,0.073409,42.289028,-2.190504,537.15625,19.073494,442.930664,179.903351,0.413074,-179.966187,8972,False,True,104,1265,True,
183,/kuka/axis_move/feedback_json,std_msgs/msg/String,2026-08-31T21:06:59.687441-04:00,1788224819,687434804,1788224819687434804,127.712565,,,,36227,36226,1,0,0,36227,AxisTarget,1,True,True,True,False,-2.031923,-63.560085,110.771355,0.074767,42.382011,-2.18584,538.645447,19.045057,442.924194,179.900604,0.410117,-179.964996,8972,False,True,104,1265,True,
184,/kuka/axis_move/feedback_json,std_msgs/msg/String,2026-08-31T21:06:59.818432-04:00,1788224819,818421341,1788224819818421341,130.986537,,,,36228,36227,1,0,0,36228,AxisTarget,1,True,True,True,False,-2.023675,-63.419762,110.540955,0.076124,42.474991,-2.181177,540.04248,19.017872,442.916443,179.898026,0.40734,-179.963882,8972,False,True,104,1265,True,
185,/kuka/axis_move/feedback_json,std_msgs/msg/String,2026-08-31T21:06:59.944051-04:00,1788224819,944046446,1788224819944046446,125.625105,,,,36229,36228,1,0,0,36229,AxisTarget,1,True,True,True,False,-2.015429,-63.279442,110.310555,0.077481,42.567974,-2.176515,541.482605,18.989334,442.906708,179.89537,0.404474,-179.962723,8972,False,True,104,1265,True,
186,/kuka/axis_move/feedback_json,std_msgs/msg/String,2026-08-31T21:07:00.075796-04:00,1788224820,75791288,1788224820075791288,131.744842,,,,36230,36229,1,0,0,36230,AxisTarget,1,True,True,True,False,-2.007182,-63.139118,110.072952,0.07888,42.66386,-2.171707,542.965637,18.959396,442.894897,179.892609,0.401518,-179.961533,8972,False,True,104,1265,True,
187,/kuka/axis_move/feedback_json,std_msgs/msg/String,2026-08-31T21:07:00.204641-04:00,1788224820,204630476,1788224820204630476,128.839188,,,,36231,36230,1,0,0,36231,AxisTarget,1,True,True,True,False,-1.99842,-62.990028,109.835358,0.080278,42.75975,-2.166901,544.446533,18.928944,442.881226,179.889847,0.398563,-179.960327,8972,False,True,104,1265,True,
188,/kuka/axis_move/feedback_json,std_msgs/msg/String,2026-08-31T21:07:00.334232-04:00,1788224820,334227402,1788224820334227402,129.596926,,,,36232,36231,1,0,0,36232,AxisTarget,1,True,True,True,False,-1.990432,-62.854095,109.612152,0.08159,42.849827,-2.162387,545.835815,18.899868,442.86673,179.887253,0.395786,-179.959213,8972,False,True,104,1265,True,
189,/kuka/axis_move/feedback_json,std_msgs/msg/String,2026-08-31T21:07:00.464763-04:00,1788224820,464758658,1788224820464758658,130.531256,,,,36233,36232,1,0,0,36233,AxisTarget,1,True,True,True,False,-1.981929,-62.709393,109.374557,0.082987,42.945713,-2.157582,547.312561,18.86842,442.849487,179.884491,0.392831,-179.958008,8972,False,True,104,1265,True,
190,/kuka/axis_move/feedback_json,std_msgs/msg/String,2026-08-31T21:07:00.594665-04:00,1788224820,594660872,1788224820594660872,129.902214,,,,36234,36233,1,0,0,36234,AxisTarget,1,True,True,True,False,-1.973684,-62.569073,109.144157,0.084342,43.0387,-2.152923,548.742554,18.837435,442.831024,179.881805,0.389966,-179.956848,8972,False,True,104,1265,True,
191,/kuka/axis_move/feedback_json,std_msgs/msg/String,2026-08-31T21:07:00.725080-04:00,1788224820,725074974,1788224820725074974,130.414102,,,,36235,36234,1,0,0,36235,AxisTarget,1,True,True,True,False,-1.965439,-62.428757,108.906555,0.085738,43.134586,-2.148119,550.215027,18.804974,442.810211,179.879028,0.387011,-179.955643,8972,False,True,104,1266,True,
192,/kuka/axis_move/feedback_json,std_msgs/msg/String,2026-08-31T21:07:00.852324-04:00,1788224820,852318492,1788224820852318492,127.243518,,,,36236,36235,1,0,0,36236,AxisTarget,1,True,True,True,True,-1.956936,-62.284054,108.676155,0.087092,43.227573,-2.14346,551.640869,18.773006,442.788239,179.876328,0.384146,-179.954468,8972,False,True,104,1266,True,
193,/kuka/axis_move/feedback_json,std_msgs/msg/String,2026-08-31T21:07:00.979374-04:00,1788224820,979369358,1788224820979369358,127.050866,,,,36237,36236,1,0,0,36237,AxisTarget,1,True,True,True,False,-1.948691,-62.143734,108.445755,0.088446,43.320557,-2.138802,553.109131,18.739532,442.763794,179.87355,0.381191,-179.953262,8972,False,True,104,1266,True,
194,/kuka/axis_move/feedback_json,std_msgs/msg/String,2026-08-31T21:07:01.108280-04:00,1788224821,108270920,1788224821108270920,128.901562,,,,36238,36237,1,0,0,36238,AxisTarget,1,True,True,True,False,-1.940446,-62.003418,108.215355,0.0898,43.41354,-2.134144,554.48645,18.707619,442.739166,179.870941,0.378414,-179.952118,8972,False,True,104,1266,True,
195,/kuka/axis_move/feedback_json,std_msgs/msg/String,2026-08-31T21:07:01.240655-04:00,1788224821,240644841,1788224821240644841,132.373921,,,,36239,36238,1,0,0,36239,AxisTarget,1,True,True,True,False,-1.932201,-61.863098,107.984955,0.091154,43.506523,-2.12934,555.950439,18.673145,442.711151,179.868149,0.375459,-179.950912,8972,False,True,104,1266,True,
196,/kuka/axis_move/feedback_json,std_msgs/msg/String,2026-08-31T21:07:01.362240-04:00,1788224821,362234381,1788224821362234381,121.58954,,,,36240,36239,1,0,0,36240,AxisTarget,1,True,True,True,False,-1.923956,-61.722782,107.754555,0.092508,43.599506,-2.124828,557.367981,18.639227,442.682251,179.865433,0.372593,-179.949722,8972,False,True,104,1266,True,
197,/kuka/axis_move/feedback_json,std_msgs/msg/String,2026-08-31T21:07:01.487693-04:00,1788224821,487670032,1788224821487670032,125.435651,,,,36241,36240,1,0,0,36241,AxisTarget,1,True,True,True,False,-1.915968,-61.586845,107.531357,0.093819,43.689583,-2.120317,558.739319,18.605906,442.652618,179.862808,0.369816,-179.948578,8972,False,True,104,1266,True,
198,/kuka/axis_move/feedback_json,std_msgs/msg/String,2026-08-31T21:07:01.616563-04:00,1788224821,616549607,1788224821616549607,128.879575,,,,36242,36241,1,0,0,36242,AxisTarget,1,True,True,True,False,-1.907721,-61.446526,107.300957,0.095173,43.782566,-2.115661,560.108643,18.57213,442.621338,179.860184,0.367038,-179.947433,8972,False,True,104,1266,True,
199,/kuka/axis_move/feedback_json,std_msgs/msg/String,2026-08-31T21:07:01.744557-04:00,1788224821,744550623,1788224821744550623,128.001016,,,,36243,36242,1,0,0,36243,AxisTarget,1,True,True,True,False,-1.899475,-61.306206,107.070557,0.096527,43.875546,-2.111006,561.520081,18.536787,442.587372,179.857452,0.36417,-179.946243,8972,False,True,104,1266,True,
200,/kuka/axis_move/feedback_json,std_msgs/msg/String,2026-08-31T21:07:01.880915-04:00,1788224821,880876286,1788224821880876286,136.325663,,,,36244,36243,1,0,0,36244,AxisTarget,1,True,True,True,False,-1.89097,-61.157112,106.825752,0.097965,43.974339,-2.106061,562.97345,18.499834,442.550537,179.854645,0.361212,-179.945023,8972,False,True,104,1266,True,
201,/kuka/axis_move/feedback_json,std_msgs/msg/String,2026-08-31T21:07:02.008883-04:00,1788224822,8853259,1788224822008853259,127.976973,,,,36245,36244,1,0,0,36245,AxisTarget,1,True,True,True,False,-1.882465,-61.016788,106.595352,0.099318,44.067318,-2.101408,564.468567,18.461226,442.510712,179.851746,0.358164,-179.943756,8972,False,True,104,1266,True,
202,/kuka/axis_move/feedback_json,std_msgs/msg/String,2026-08-31T21:07:02.142033-04:00,1788224822,142002651,1788224822142002651,133.149392,,,,36246,36245,1,0,0,36246,AxisTarget,1,True,True,True,False,-1.874217,-60.876465,106.364952,0.100671,44.160297,-2.096755,565.873535,18.424391,442.471436,179.849014,0.355295,-179.942551,8972,False,True,104,1266,True,
203,/kuka/axis_move/feedback_json,std_msgs/msg/String,2026-08-31T21:07:02.268618-04:00,1788224822,268596172,1788224822268596172,126.593521,,,,36247,36246,1,0,0,36247,AxisTarget,1,True,True,True,True,-1.866155,-60.740112,106.142426,0.10197,44.248997,-2.092345,567.260193,18.387512,442.430908,179.846298,0.352458,-179.941376,8972,False,True,104,1267,True,
204,/kuka/axis_move/feedback_json,std_msgs/msg/String,2026-08-31T21:07:02.398054-04:00,1788224822,398038137,1788224822398038137,129.441965,,,,36248,36247,1,0,0,36248,AxisTarget,1,True,True,True,False,-1.859016,-60.617962,105.940651,0.103163,44.331463,-2.088192,568.418213,18.356314,442.395782,179.84404,0.350086,-179.940384,8972,False,True,104,1267,True,
205,/kuka/axis_move/feedback_json,std_msgs/msg/String,2026-08-31T21:07:02.528822-04:00,1788224822,528810548,1788224822528810548,130.772411,,,,36249,36248,1,0,0,36249,AxisTarget,1,True,True,True,False,-1.850531,-60.473492,105.703308,0.104558,44.427311,-2.083395,569.852722,18.317162,442.350555,179.841217,0.347144,-179.939148,8972,False,True,104,1267,True,
206,/kuka/axis_move/feedback_json,std_msgs/msg/String,2026-08-31T21:07:02.658270-04:00,1788224822,658264074,1788224822658264074,129.453526,,,,36250,36249,1,0,0,36250,AxisTarget,1,True,True,True,False,-1.842025,-60.328781,105.465714,0.105954,44.523197,-2.078596,571.293152,18.277279,442.303284,179.838394,0.344184,-179.937912,8972,False,True,104,1267,True,
207,/kuka/axis_move/feedback_json,std_msgs/msg/String,2026-08-31T21:07:02.784392-04:00,1788224822,784383868,1788224822784383868,126.119794,,,,36251,36250,1,0,0,36251,AxisTarget,1,True,True,True,False,-1.834035,-60.192844,105.242508,0.107266,44.613274,-2.073942,572.687744,18.238121,442.255737,179.835648,0.341314,-179.936707,8972,False,True,104,1267,True,
208,/kuka/axis_move/feedback_json,std_msgs/msg/String,2026-08-31T21:07:02.915338-04:00,1788224822,915315370,1788224822915315370,130.931502,,,,36252,36251,1,0,0,36252,AxisTarget,1,True,True,True,False,-1.825786,-60.052521,105.012108,0.108623,44.706253,-2.069431,574.036682,18.19973,442.208038,179.832977,0.338533,-179.935532,8972,False,True,104,1267,True,
209,/kuka/axis_move/feedback_json,std_msgs/msg/String,2026-08-31T21:07:03.039922-04:00,1788224823,39894597,1788224823039894597,124.579227,,,,36253,36252,1,0,0,36253,AxisTarget,1,True,True,True,False,-1.817279,-59.90781,104.774513,0.110023,44.802143,-2.064628,575.513855,18.157108,442.153931,179.830063,0.335482,-179.934235,8972,False,True,104,1267,True,
210,/kuka/axis_move/feedback_json,std_msgs/msg/String,2026-08-31T21:07:03.162616-04:00,1788224823,162604210,1788224823162604210,122.709613,,,,36254,36253,1,0,0,36254,AxisTarget,1,True,True,True,False,-1.809546,-59.776257,104.55851,0.111298,44.889317,-2.060259,576.815247,18.119055,442.104584,179.827469,0.33279,-179.933105,8972,False,True,104,1267,True,
211,/kuka/axis_move/feedback_json,std_msgs/msg/String,2026-08-31T21:07:03.287325-04:00,1788224823,287313945,1788224823287313945,124.709735,,,,36255,36254,1,0,0,36255,AxisTarget,1,True,True,True,False,-1.801554,-59.64032,104.335312,0.112617,44.979393,-2.055744,578.157959,18.079292,442.052063,179.824814,0.330007,-179.931915,8972,False,True,104,1267,True,
212,/kuka/axis_move/feedback_json,std_msgs/msg/String,2026-08-31T21:07:03.416635-04:00,1788224823,416629831,1788224823416629831,129.315886,,,,36256,36255,1,0,0,36256,AxisTarget,1,True,True,True,True,-1.793735,-59.507904,104.112854,0.113924,45.068192,-2.051318,579.479492,18.039665,441.998718,179.822174,0.327264,-179.930756,8972,False,True,104,1268,False,
213,/kuka/axis_move/feedback_json,std_msgs/msg/String,2026-08-31T21:07:03.540751-04:00,1788224823,540739927,1788224823540739927,124.110096,,,,36257,36256,1,0,0,36257,AxisTarget,1,True,True,True,False,-1.786239,-59.379852,103.907661,0.115144,45.151981,-2.047092,580.684082,18.003117,441.9487,179.819778,0.32476,-179.929672,8972,False,True,104,1268,False,
214,/kuka/axis_move/feedback_json,std_msgs/msg/String,2026-08-31T21:07:03.671336-04:00,1788224823,671319556,1788224823671319556,130.579629,,,,36258,36257,1,0,0,36258,AxisTarget,1,True,True,True,False,-1.77825,-59.243935,103.684471,0.116463,45.242062,-2.042576,582.061646,17.960819,441.889862,179.817017,0.321892,-179.928452,8972,False,True,104,1268,False,
215,/kuka/axis_move/feedback_json,std_msgs/msg/String,2026-08-31T21:07:03.799813-04:00,1788224823,799807487,1788224823799807487,128.487931,,,,36259,36258,1,0,0,36259,AxisTarget,1,True,True,True,False,-1.769742,-59.099228,103.446869,0.117868,45.337952,-2.037769,583.439392,17.917978,441.829224,179.814255,0.319021,-179.927231,8972,False,True,104,1268,False,
216,/kuka/axis_move/feedback_json,std_msgs/msg/String,2026-08-31T21:07:03.924690-04:00,1788224823,924684698,1788224823924684698,124.877211,,,,36260,36259,1,0,0,36260,AxisTarget,1,True,True,True,False,-1.761492,-58.958908,103.216469,0.119228,45.430931,-2.033108,584.814941,17.874662,441.766937,179.811493,0.316151,-179.925995,8972,False,True,104,1268,False,
217,/kuka/axis_move/feedback_json,std_msgs/msg/String,2026-08-31T21:07:04.052620-04:00,1788224824,52614100,1788224824052614100,127.929402,,,,36261,36260,1,0,0,36261,AxisTarget,1,True,True,True,False,-1.753498,-58.822971,102.993271,0.120546,45.523911,-2.028447,586.188232,17.830872,441.702942,179.808716,0.313286,-179.924759,8972,False,True,104,1268,False,
218,/kuka/axis_move/feedback_json,std_msgs/msg/String,2026-08-31T21:07:04.181535-04:00,1788224824,181524335,1788224824181524335,128.910235,,,,36262,36261,1,0,0,36262,AxisTarget,1,True,True,True,False,-1.745504,-58.687038,102.770065,0.121863,45.611076,-2.023932,587.516541,17.787996,441.639404,179.806015,0.310513,-179.923569,8972,False,True,104,1268,False,
219,/kuka/axis_move/feedback_json,std_msgs/msg/String,2026-08-31T21:07:04.312963-04:00,1788224824,312958100,1788224824312958100,131.433765,,,,36263,36262,1,0,0,36263,AxisTarget,1,True,True,True,False,-1.736993,-58.542336,102.532471,0.123308,45.709862,-2.019126,588.928223,17.741869,441.570038,179.803146,0.307562,-179.922287,8972,False,True,104,1268,False,
220,/kuka/axis_move/feedback_json,std_msgs/msg/String,2026-08-31T21:07:04.441912-04:00,1788224824,441907025,1788224824441907025,128.948925,,,,36264,36263,1,0,0,36264,AxisTarget,1,True,True,True,False,-1.728482,-58.397633,102.294868,0.124667,45.802837,-2.014465,590.294922,17.696669,441.501068,179.800369,0.304701,-179.921051,8972,False,True,104,1268,False,
221,/kuka/axis_move/feedback_json,std_msgs/msg/String,2026-08-31T21:07:04.570651-04:00,1788224824,570645686,1788224824570645686,128.738661,,,,36265,36264,1,0,0,36265,AxisTarget,1,True,True,True,False,-1.720228,-58.257313,102.064468,0.126067,45.89872,-2.00966,591.701904,17.649557,441.428192,179.797485,0.301751,-179.919769,8972,False,True,104,1268,False,
222,/kuka/axis_move/feedback_json,std_msgs/msg/String,2026-08-31T21:07:04.696738-04:00,1788224824,696732623,1788224824696732623,126.086937,,,,36266,36265,1,0,0,36266,AxisTarget,1,True,True,True,False,-1.711712,-58.11261,101.826866,0.127421,45.991692,-2.005003,593.064026,17.603369,441.355835,179.794678,0.298892,-179.918518,8972,False,True,104,1268,False,
223,/kuka/axis_move/feedback_json,std_msgs/msg/String,2026-08-31T21:07:04.824584-04:00,1788224824,824558874,1788224824824558874,127.826251,,,,36267,36266,1,0,0,36267,AxisTarget,1,True,True,True,False,-1.703709,-57.976677,101.603668,0.128731,46.081757,-2.000492,594.423889,17.556688,441.281799,179.79187,0.296034,-179.917282,8972,False,True,104,1268,False,
224,/kuka/axis_move/feedback_json,std_msgs/msg/String,2026-08-31T21:07:04.954639-04:00,1788224824,954633410,1788224824954633410,130.074536,,,,36268,36267,1,0,0,36268,AxisTarget,1,True,True,True,False,-1.695726,-57.840935,101.374268,0.130048,46.173645,-1.995911,595.739014,17.511139,441.208679,179.789139,0.293279,-179.916092,8972,False,True,104,1268,False,
225,/kuka/axis_move/feedback_json,std_msgs/msg/String,2026-08-31T21:07:05.478084-04:00,1788224825,478075183,1788224825478075183,523.441773,,,,36269,36268,1,0,0,36269,AxisTarget,1,True,True,True,True,-1.6931,-57.800098,101.320801,0.1303,46.190102,-1.995166,596.259705,17.493359,441.17984,179.788086,0.292236,-179.915634,8973,False,True,105,1272,True,
226,/kuka/axis_move/feedback_json,std_msgs/msg/String,2026-08-31T21:07:05.608128-04:00,1788224825,608121198,1788224825608121198,130.046015,,,,36270,36269,1,0,0,36270,AxisTarget,1,True,True,True,False,-1.601104,-57.795307,101.307175,0.128488,46.197979,-1.854835,596.338989,16.680885,441.199799,179.790573,0.293228,-179.916153,8973,False,True,105,1273,True,
227,/kuka/axis_move/feedback_json,std_msgs/msg/String,2026-08-31T21:07:05.737241-04:00,1788224825,737235247,1788224825737235247,129.114049,,,,36271,36270,1,0,0,36271,AxisTarget,1,True,True,True,False,-1.364119,-57.783813,101.276657,0.124665,46.213528,-1.607269,596.571411,14.229805,441.259979,179.798065,0.296245,-179.917725,8973,False,True,105,1273,True,
228,/kuka/axis_move/feedback_json,std_msgs/msg/String,2026-08-31T21:07:05.862051-04:00,1788224825,862042122,1788224825862042122,124.806875,,,,36272,36271,1,0,0,36272,AxisTarget,1,True,True,True,False,-1.140798,-57.772976,101.24791,0.121035,46.228138,-1.381689,596.782227,11.910176,441.316925,179.80513,0.299151,-179.919205,8973,False,True,105,1274,True,
229,/kuka/axis_move/feedback_json,std_msgs/msg/String,2026-08-31T21:07:05.987524-04:00,1788224825,987507321,1788224825987507321,125.465199,,,,36273,36272,1,0,0,36273,AxisTarget,1,True,True,True,True,-0.917656,-57.762142,101.21917,0.117405,46.242741,-1.148896,596.983582,9.593249,441.37381,179.81218,0.302071,-179.92067,8973,False,True,105,1274,True,
230,/kuka/axis_move/feedback_json,std_msgs/msg/String,2026-08-31T21:07:06.117267-04:00,1788224826,117257946,1788224826117257946,129.750625,,,,36274,36273,1,0,0,36274,AxisTarget,1,True,True,True,False,-0.687256,-57.750961,101.189499,0.113656,46.257813,-0.908594,597.176086,7.273198,441.430756,179.819244,0.305013,-179.922104,8973,False,True,105,1274,True,
231,/kuka/axis_move/feedback_json,std_msgs/msg/String,2026-08-31T21:07:06.245829-04:00,1788224826,245823573,1788224826245823573,128.565627,,,,36275,36274,1,0,0,36275,AxisTarget,1,True,True,True,False,-0.456856,-57.739792,101.159828,0.109903,46.272892,-0.668286,597.365295,4.876891,441.489716,179.826538,0.308078,-179.923569,8973,False,True,105,1274,True,
232,/kuka/axis_move/feedback_json,std_msgs/msg/String,2026-08-31T21:07:06.369713-04:00,1788224826,369690638,1788224826369690638,123.867065,,,,36276,36275,1,0,0,36276,AxisTarget,1,True,True,True,False,-0.226456,-57.728634,101.13015,0.106146,46.287971,-0.427972,597.550354,2.404235,441.550629,179.834076,0.311268,-179.925064,8973,False,True,105,1274,True,
233,/kuka/axis_move/feedback_json,std_msgs/msg/String,2026-08-31T21:07:06.500404-04:00,1788224826,500395651,1788224826500395651,130.705013,,,,36277,36276,1,0,0,36277,AxisTarget,1,True,True,True,False,0.003944,-57.71748,101.100471,0.102388,46.303055,-0.187657,597.714783,0.080119,441.607941,179.841141,0.314285,-179.926437,8973,False,True,105,1275,True,
234,/kuka/axis_move/feedback_json,std_msgs/msg/String,2026-08-31T21:07:06.629439-04:00,1788224826,629422363,1788224826629422363,129.026712,,,,36278,36277,1,0,0,36278,AxisTarget,1,True,True,True,True,0.234344,-57.706322,101.070793,0.09863,46.318138,0.052658,597.879822,-2.395306,441.668915,179.848679,0.317514,-179.927872,8973,False,True,105,1275,True,
235,/kuka/axis_move/feedback_json,std_msgs/msg/String,2026-08-31T21:07:06.753949-04:00,1788224826,753943635,1788224826753943635,124.521272,,,,36279,36278,1,0,0,36279,AxisTarget,1,True,True,True,False,0.464744,-57.695164,101.041115,0.094873,46.333218,0.292972,598.03009,-4.797022,441.728088,179.855972,0.320662,-179.92923,8973,False,True,105,1275,True,
236,/kuka/axis_move/feedback_json,std_msgs/msg/String,2026-08-31T21:07:06.885370-04:00,1788224826,885364349,1788224826885364349,131.420714,,,,36280,36279,1,0,0,36280,AxisTarget,1,True,True,True,False,0.687944,-57.684357,101.011436,0.091117,46.348297,0.533281,598.166382,-7.124874,441.7854,179.863052,0.323729,-179.930527,8973,False,True,105,1275,True,
237,/kuka/axis_move/feedback_json,std_msgs/msg/String,2026-08-31T21:07:07.014018-04:00,1788224827,14009232,1788224827014009232,128.644883,,,,36281,36280,1,0,0,36281,AxisTarget,1,True,True,True,False,0.925544,-57.672504,100.980835,0.087246,46.363846,0.781096,598.301392,-9.604154,441.846436,179.87059,0.32701,-179.931885,8973,False,True,105,1275,True,
238,/kuka/axis_move/feedback_json,std_msgs/msg/String,2026-08-31T21:07:07.143721-04:00,1788224827,143713064,1788224827143713064,129.703832,,,,36282,36281,1,0,0,36282,AxisTarget,1,True,True,True,False,1.155944,-57.661697,100.952095,0.083611,46.378452,1.013888,598.422546,-12.00949,441.905609,179.877884,0.330209,-179.933167,8973,False,True,105,1275,True,
239,/kuka/axis_move/feedback_json,std_msgs/msg/String,2026-08-31T21:07:07.275257-04:00,1788224827,275235206,1788224827275235206,131.522142,,,,36283,36282,1,0,0,36283,AxisTarget,1,True,True,True,False,1.393544,-57.650192,100.92057,0.079625,46.39447,1.269206,598.537231,-14.491175,441.966644,179.885406,0.333524,-179.934464,8973,False,True,105,1275,True,
240,/kuka/axis_move/feedback_json,std_msgs/msg/String,2026-08-31T21:07:07.404058-04:00,1788224827,404049359,1788224827404049359,128.814153,,,,36284,36283,1,0,0,36284,AxisTarget,1,True,True,True,False,1.638344,-57.638336,100.889969,0.075757,46.410015,1.517013,598.641602,-16.974012,442.027679,179.892944,0.336857,-179.93573,8973,False,True,105,1276,True,
241,/kuka/axis_move/feedback_json,std_msgs/msg/String,2026-08-31T21:07:07.532114-04:00,1788224827,532109131,1788224827532109131,128.059772,,,,36285,36284,1,0,0,36285,AxisTarget,1,True,True,True,True,1.861544,-57.627529,100.861229,0.072124,46.424618,1.749802,598.730164,-19.30739,442.085022,179.900009,0.340004,-179.93689,8973,False,True,105,1276,True,
242,/kuka/axis_move/feedback_json,std_msgs/msg/String,2026-08-31T21:07:07.662341-04:00,1788224827,662331583,1788224827662331583,130.222452,,,,36286,36285,1,0,0,36286,AxisTarget,1,True,True,True,False,2.091944,-57.616371,100.831558,0.068373,46.439693,1.990101,598.812073,-21.717028,442.144257,179.907318,0.343268,-179.938065,8973,False,True,105,1276,True,
243,/kuka/axis_move/feedback_json,std_msgs/msg/String,2026-08-31T21:07:07.783798-04:00,1788224827,783792623,1788224827783792623,121.46104,,,,36287,36286,1,0,0,36287,AxisTarget,1,True,True,True,False,2.322345,-57.605217,100.80188,0.064622,46.454769,2.230402,598.886292,-24.202978,442.205322,179.914856,0.34665,-179.93924,8973,False,True,105,1276,True,
244,/kuka/axis_move/feedback_json,std_msgs/msg/String,2026-08-31T21:07:07.914888-04:00,1788224827,914883164,1788224827914883164,131.090541,,,,36288,36287,1,0,0,36288,AxisTarget,1,True,True,True,False,2.545544,-57.594406,100.77314,0.060989,46.469841,2.470707,598.946594,-26.539165,442.262726,179.921936,0.349844,-179.940338,8973,False,True,105,1276,True,
245,/kuka/axis_move/feedback_json,std_msgs/msg/String,2026-08-31T21:07:08.044359-04:00,1788224828,44348824,1788224828044348824,129.46566,,,,36289,36288,1,0,0,36289,AxisTarget,1,True,True,True,False,2.783144,-57.582901,100.742538,0.057121,46.484913,2.711015,598.999268,-28.951586,442.32196,179.92926,0.353157,-179.941422,8973,False,True,105,1276,True,
246,/kuka/axis_move/feedback_json,std_msgs/msg/String,2026-08-31T21:07:08.172117-04:00,1788224828,172106204,1788224828172106204,127.75738,,,,36290,36289,1,0,0,36290,AxisTarget,1,True,True,True,False,3.013545,-57.571739,100.712868,0.053371,46.499985,2.951326,599.042175,-31.364855,442.381226,179.936584,0.356485,-179.94249,8973,False,True,105,1276,True,
247,/kuka/axis_move/feedback_json,std_msgs/msg/String,2026-08-31T21:07:08.299491-04:00,1788224828,299485742,1788224828299485742,127.379538,,,,36291,36290,1,0,0,36291,AxisTarget,1,True,True,True,False,3.243944,-57.560581,100.683197,0.049621,46.515053,3.191641,599.075256,-33.778934,442.440491,179.943909,0.35983,-179.943527,8973,False,True,105,1276,True,
248,/kuka/axis_move/feedback_json,std_msgs/msg/String,2026-08-31T21:07:08.430125-04:00,1788224828,430114589,1788224828430114589,130.628847,,,,36292,36291,1,0,0,36292,AxisTarget,1,True,True,True,False,3.467144,-57.54977,100.653519,0.045871,46.530121,3.431957,599.098633,-36.193779,442.499756,179.951248,0.36319,-179.944534,8973,False,True,105,1276,True,
249,/kuka/axis_move/feedback_json,std_msgs/msg/String,2026-08-31T21:07:08.560165-04:00,1788224828,560154438,1788224828560154438,130.039849,,,,36293,36292,1,0,0,36293,AxisTarget,1,True,True,True,True,3.694445,-57.538818,100.625488,0.042347,46.544205,3.655354,599.111938,-38.540703,442.557373,179.958374,0.366469,-179.945496,8973,False,True,105,1277,True,
250,/kuka/axis_move/feedback_json,std_msgs/msg/String,2026-08-31T21:07:08.689573-04:00,1788224828,689566597,1788224828689566597,129.412159,,,,36294,36293,1,0,0,36294,AxisTarget,1,True,True,True,False,3.906523,-57.528488,100.597862,0.038836,46.558388,3.882742,599.116028,-40.800976,442.612823,179.96524,0.36964,-179.946396,8973,False,True,105,1277,True,
251,/kuka/axis_move/feedback_json,std_msgs/msg/String,2026-08-31T21:07:08.814121-04:00,1788224828,814110353,1788224828814110353,124.543756,,,,36295,36294,1,0,0,36295,AxisTarget,1,True,True,True,False,4.129725,-57.517673,100.568184,0.035086,46.573456,4.123059,599.111267,-43.142292,442.670288,179.972351,0.372936,-179.947296,8973,False,True,105,1277,True,
252,/kuka/axis_move/feedback_json,std_msgs/msg/String,2026-08-31T21:07:08.940052-04:00,1788224828,940042681,1788224828940042681,125.932328,,,,36296,36295,1,0,0,36296,AxisTarget,1,True,True,True,False,4.360126,-57.506516,100.539436,0.031454,46.588055,4.363376,599.09668,-45.559746,442.729614,179.979691,0.376353,-179.948196,8973,False,True,105,1277,True,
253,/kuka/axis_move/feedback_json,std_msgs/msg/String,2026-08-31T21:07:09.069976-04:00,1788224829,69966814,1788224829069966814,129.924133,,,,36297,36296,1,0,0,36297,AxisTarget,1,True,True,True,False,4.590526,-57.495358,100.509766,0.02759,46.603596,4.603692,599.072327,-47.977776,442.789001,179.98703,0.379784,-179.949066,8973,False,True,105,1277,True,
254,/kuka/axis_move/feedback_json,std_msgs/msg/String,2026-08-31T21:07:09.199437-04:00,1788224829,199432092,1788224829199432092,129.465278,,,,36298,36297,1,0,0,36298,AxisTarget,1,True,True,True,False,4.828125,-57.483849,100.479156,0.023845,46.618671,4.844005,599.038147,-50.396343,442.848389,179.99437,0.38323,-179.949905,8973,False,True,105,1277,True,
255,/kuka/axis_move/feedback_json,std_msgs/msg/String,2026-08-31T21:07:09.324706-04:00,1788224829,324695757,1788224829324695757,125.263665,,,,36299,36298,1,0,0,36299,AxisTarget,1,True,True,True,False,5.058526,-57.472694,100.449478,0.020103,46.633747,5.084316,598.994141,-52.815411,442.907806,-179.998291,0.386689,-179.950729,8973,False,True,105,1277,True,
256,/kuka/axis_move/feedback_json,std_msgs/msg/String,2026-08-31T21:07:09.449866-04:00,1788224829,449860981,1788224829449860981,125.165224,,,,36300,36299,1,0,0,36300,AxisTarget,1,True,True,True,False,5.281726,-57.461887,100.420731,0.01648,46.648354,5.317116,598.9422,-55.159317,442.965424,-179.991165,0.390054,-179.951477,8973,False,True,105,1278,False,
257,/kuka/axis_move/feedback_json,std_msgs/msg/String,2026-08-31T21:07:09.575863-04:00,1788224829,575854893,1788224829575854893,125.993912,,,,36301,36300,1,0,0,36301,AxisTarget,1,True,True,True,True,5.504926,-57.45108,100.391975,0.01274,46.663433,5.557425,598.878906,-57.579247,443.024902,-179.983826,0.393541,-179.95224,8973,False,True,105,1278,False,
258,/kuka/axis_move/feedback_json,std_msgs/msg/String,2026-08-31T21:07:09.708427-04:00,1788224829,708417413,1788224829708417413,132.56252,,,,36302,36301,1,0,0,36302,AxisTarget,1,True,True,True,False,5.735326,-57.439922,100.362289,0.009118,46.67804,5.797735,598.805786,-59.999554,443.084412,-179.976471,0.397041,-179.952972,8973,False,True,105,1278,False,
259,/kuka/axis_move/feedback_json,std_msgs/msg/String,2026-08-31T21:07:09.838209-04:00,1788224829,838198490,1788224829838198490,129.781077,,,,36303,36302,1,0,0,36303,AxisTarget,1,True,True,True,False,5.972926,-57.42807,100.330757,0.005144,46.694061,6.045552,598.720093,-62.495842,443.145782,-179.968887,0.400663,-179.95369,8973,False,True,105,1278,False,
260,/kuka/axis_move/feedback_json,std_msgs/msg/String,2026-08-31T21:07:09.964297-04:00,1788224829,964285943,1788224829964285943,126.087453,,,,36304,36303,1,0,0,36304,AxisTarget,1,True,True,True,False,6.203326,-57.417259,100.30201,0.001514,46.708664,6.278346,598.630066,-64.841125,443.203369,-179.961777,0.404075,-179.954346,8973,False,True,105,1278,False,
261,/kuka/axis_move/feedback_json,std_msgs/msg/String,2026-08-31T21:07:10.090645-04:00,1788224830,90639200,1788224830090639200,126.353257,,,,36305,36304,1,0,0,36305,AxisTarget,1,True,True,True,False,6.433726,-57.406086,100.272331,-0.002244,46.723736,6.518642,598.527405,-67.262299,443.262726,-179.954453,0.407602,-179.954987,8973,False,True,105,1278,False,
262,/kuka/axis_move/feedback_json,std_msgs/msg/String,2026-08-31T21:07:10.219278-04:00,1788224830,219262197,1788224830219262197,128.622997,,,,36306,36305,1,0,0,36306,AxisTarget,1,True,True,True,False,6.664126,-57.394909,100.242661,-0.006008,46.738804,6.758934,598.411316,-69.759354,443.323883,-179.946899,0.411247,-179.955643,8973,False,True,105,1278,False,
263,/kuka/axis_move/feedback_json,std_msgs/msg/String,2026-08-31T21:07:10.349011-04:00,1788224830,349005787,1788224830349005787,129.74359,,,,36307,36306,1,0,0,36307,AxisTarget,1,True,True,True,False,6.894526,-57.383732,100.21299,-0.009775,46.753868,6.999225,598.292664,-72.10524,443.381317,-179.939804,0.414682,-179.956223,8973,False,True,105,1278,False,
264,/kuka/axis_move/feedback_json,std_msgs/msg/String,2026-08-31T21:07:10.477166-04:00,1788224830,477155167,1788224830477155167,128.14938,,,,36308,36307,1,0,0,36308,AxisTarget,1,True,True,True,False,7.124926,-57.372555,100.183319,-0.013541,46.768936,7.239521,598.156189,-74.602608,443.442444,-179.932251,0.41835,-179.956818,8973,False,True,105,1278,False,
265,/kuka/axis_move/feedback_json,std_msgs/msg/String,2026-08-31T21:07:10.606716-04:00,1788224830,606710762,1788224830606710762,129.555595,,,,36309,36308,1,0,0,36309,AxisTarget,1,True,True,True,False,7.360372,-57.361176,100.15316,-0.017353,46.784195,7.482029,598.014282,-77.01561,443.501617,-179.924927,0.421896,-179.957367,8973,False,True,105,1278,False,
266,/kuka/axis_move/feedback_json,std_msgs/msg/String,2026-08-31T21:07:11.175540-04:00,1788224831,175534655,1788224831175534655,568.823893,,,,36310,36309,1,0,0,36310,AxisTarget,1,True,True,True,False,7.5995,-57.349998,100.1241,-0.0209,46.7981,7.697,597.842041,-79.742393,443.569275,-179.916595,0.425998,-179.957901,8974,False,True,106,1282,True,
267,/kuka/axis_move/feedback_json,std_msgs/msg/String,2026-08-31T21:07:11.745731-04:00,1788224831,745722631,1788224831745722631,570.187976,,,,36311,36310,1,0,0,36311,AxisTarget,1,True,True,True,True,7.676941,-57.77145,100.847748,-0.027636,46.49379,7.763076,593.776855,-79.985741,443.654938,-179.935135,0.426947,-179.961914,8975,False,True,106,1284,True,
268,/kuka/axis_move/feedback_json,std_msgs/msg/String,2026-08-31T21:07:11.874937-04:00,1788224831,874926973,1788224831874926973,129.204342,,,,36312,36311,1,0,0,36312,AxisTarget,1,True,True,True,False,7.702089,-57.906998,101.078148,-0.029781,46.398777,7.783504,592.4104,-80.064217,443.680969,-179.941376,0.427299,-179.963257,8975,False,True,106,1284,True,
269,/kuka/axis_move/feedback_json,std_msgs/msg/String,2026-08-31T21:07:12.003586-04:00,1788224832,3554812,1788224832003554812,128.627839,,,,36313,36312,1,0,0,36313,AxisTarget,1,True,True,True,False,7.72724,-58.042538,101.308548,-0.031923,46.303772,7.803925,591.041748,-80.141235,443.705475,-179.947617,0.427643,-179.9646,8975,False,True,106,1284,True,
270,/kuka/axis_move/feedback_json,std_msgs/msg/String,2026-08-31T21:07:12.133273-04:00,1788224832,133265343,1788224832133265343,129.710531,,,,36314,36313,1,0,0,36314,AxisTarget,1,True,True,True,False,7.752394,-58.178074,101.538948,-0.034064,46.208771,7.824341,589.628052,-80.219147,443.729187,-179.954056,0.427983,-179.965988,8975,False,True,106,1284,True,
271,/kuka/axis_move/feedback_json,std_msgs/msg/String,2026-08-31T21:07:12.259250-04:00,1788224832,259241826,1788224832259241826,125.976483,,,,36315,36314,1,0,0,36315,AxisTarget,1,True,True,True,False,7.777551,-58.313606,101.769348,-0.036203,46.113773,7.844752,588.297913,-80.290924,443.75,-179.960129,0.428295,-179.96727,8975,False,True,106,1285,True,
272,/kuka/axis_move/feedback_json,std_msgs/msg/String,2026-08-31T21:07:12.384032-04:00,1788224832,384027108,1788224832384027108,124.785282,,,,36316,36315,1,0,0,36316,AxisTarget,1,True,True,True,True,7.802707,-58.449135,101.999748,-0.038343,46.018776,7.865164,586.922729,-80.363564,443.770081,-179.9664,0.428615,-179.968597,8975,False,True,106,1285,True,
273,/kuka/axis_move/feedback_json,std_msgs/msg/String,2026-08-31T21:07:12.512417-04:00,1788224832,512402995,1788224832512402995,128.375887,,,,36317,36316,1,0,0,36317,AxisTarget,1,True,True,True,False,7.827078,-58.580433,102.222946,-0.040415,45.926746,7.884938,585.58844,-80.432503,443.788147,-179.972488,0.428927,-179.969879,8975,False,True,106,1285,True,
274,/kuka/axis_move/feedback_json,std_msgs/msg/String,2026-08-31T21:07:12.641081-04:00,1788224832,641058674,1788224832641058674,128.655679,,,,36318,36317,1,0,0,36318,AxisTarget,1,True,True,True,False,7.852233,-58.715965,102.453346,-0.042556,45.831749,7.905351,584.165833,-80.504349,443.805908,-179.978958,0.429261,-179.971237,8975,False,True,106,1285,True,
275,/kuka/axis_move/feedback_json,std_msgs/msg/String,2026-08-31T21:07:12.769385-04:00,1788224832,769374552,1788224832769374552,128.315878,,,,36319,36318,1,0,0,36319,AxisTarget,1,True,True,True,False,7.877388,-58.851498,102.690948,-0.044766,45.73378,7.926402,582.78418,-80.572487,443.821655,-179.985245,0.42959,-179.972549,8975,False,True,106,1285,True,
276,/kuka/axis_move/feedback_json,std_msgs/msg/String,2026-08-31T21:07:12.896030-04:00,1788224832,896024528,1788224832896024528,126.649976,,,,36320,36319,1,0,0,36320,AxisTarget,1,True,True,True,False,7.902541,-58.987038,102.914146,-0.046844,45.641743,7.946179,581.443665,-80.637047,443.835571,-179.991348,0.429913,-179.973816,8975,False,True,106,1285,True,
277,/kuka/axis_move/feedback_json,std_msgs/msg/String,2026-08-31T21:07:13.027007-04:00,1788224833,26997043,1788224833026997043,130.972515,,,,36321,36320,1,0,0,36321,AxisTarget,1,True,True,True,False,7.926907,-59.122578,103.144547,-0.048991,45.54377,7.967233,580.0578,-80.702209,443.848541,-179.997635,0.430252,-179.975113,8975,False,True,106,1285,True,
278,/kuka/axis_move/feedback_json,std_msgs/msg/String,2026-08-31T21:07:13.157306-04:00,1788224833,157284282,1788224833157284282,130.287239,,,,36322,36321,1,0,0,36322,AxisTarget,1,True,True,True,False,7.953501,-59.261436,103.380142,-0.051183,45.450035,7.98732,578.628845,-80.767715,443.860382,179.99588,0.430606,-179.976456,8975,False,True,106,1285,True,
279,/kuka/axis_move/feedback_json,std_msgs/msg/String,2026-08-31T21:07:13.287767-04:00,1788224833,287760868,1788224833287760868,130.476586,,,,36323,36322,1,0,0,36323,AxisTarget,1,True,True,True,False,7.97689,-59.387497,103.594559,-0.053184,45.361385,8.006411,577.332825,-80.825661,443.869751,179.990005,0.430927,-179.977661,8975,False,True,106,1286,True,
280,/kuka/axis_move/feedback_json,std_msgs/msg/String,2026-08-31T21:07:13.419981-04:00,1788224833,419969816,1788224833419969816,132.208948,,,,36324,36323,1,0,0,36324,AxisTarget,1,True,True,True,True,8.002604,-59.526287,103.830795,-0.05539,45.26376,8.027407,575.91748,-80.88736,443.878571,179.983597,0.431277,-179.978973,8975,False,True,106,1286,True,
281,/kuka/axis_move/feedback_json,std_msgs/msg/String,2026-08-31T21:07:13.547631-04:00,1788224833,547620616,1788224833547620616,127.6508,,,,36325,36324,1,0,0,36325,AxisTarget,1,True,True,True,False,8.027756,-59.661831,104.061195,-0.057605,45.165783,8.048462,574.479553,-80.948349,443.885956,179.977081,0.431632,-179.980286,8975,False,True,106,1286,True,
282,/kuka/axis_move/feedback_json,std_msgs/msg/String,2026-08-31T21:07:13.671599-04:00,1788224833,671594412,1788224833671594412,123.973796,,,,36326,36325,1,0,0,36326,AxisTarget,1,True,True,True,False,8.052905,-59.797371,104.291595,-0.059684,45.07375,8.068241,573.126831,-81.004189,443.891449,179.970963,0.431963,-179.981537,8975,False,True,106,1286,True,
283,/kuka/axis_move/feedback_json,std_msgs/msg/String,2026-08-31T21:07:13.796073-04:00,1788224833,796057435,1788224833796057435,124.463023,,,,36327,36326,1,0,0,36327,AxisTarget,1,True,True,True,False,8.077269,-59.928673,104.514801,-0.061762,44.981712,8.08802,571.772095,-81.058601,443.895569,179.964844,0.432292,-179.982758,8975,False,True,106,1286,True,
284,/kuka/axis_move/feedback_json,std_msgs/msg/String,2026-08-31T21:07:13.920234-04:00,1788224833,920228513,1788224833920228513,124.171078,,,,36328,36327,1,0,0,36328,AxisTarget,1,True,True,True,False,8.100845,-60.05574,104.730797,-0.063771,44.892647,8.1078,570.415405,-81.111588,443.898315,179.958725,0.432617,-179.983994,8975,False,True,106,1286,True,
285,/kuka/axis_move/feedback_json,std_msgs/msg/String,2026-08-31T21:07:14.050338-04:00,1788224834,50323494,1788224834050323494,130.094981,,,,36329,36328,1,0,0,36329,AxisTarget,1,True,True,True,False,8.125993,-60.191273,104.961197,-0.065979,44.794678,8.128218,569.012939,-81.164795,443.899658,179.952408,0.432948,-179.985245,8975,False,True,106,1286,True,
286,/kuka/axis_move/feedback_json,std_msgs/msg/String,2026-08-31T21:07:14.176275-04:00,1788224834,176264304,1788224834176264304,125.94081,,,,36330,36329,1,0,0,36330,AxisTarget,1,True,True,True,False,8.151139,-60.326805,105.191597,-0.06805,44.702648,8.147998,567.608398,-81.216476,443.899536,179.946075,0.433275,-179.986496,8975,False,True,106,1286,True,
287,/kuka/axis_move/feedback_json,std_msgs/msg/String,2026-08-31T21:07:14.303903-04:00,1788224834,303898024,1788224834303898024,127.63372,,,,36331,36330,1,0,0,36331,AxisTarget,1,True,True,True,False,8.176285,-60.462334,105.421997,-0.070187,44.607651,8.168416,566.245728,-81.265099,443.89798,179.939941,0.433589,-179.987701,8975,False,True,106,1286,True,
288,/kuka/axis_move/feedback_json,std_msgs/msg/String,2026-08-31T21:07:14.430622-04:00,1788224834,430611779,1788224834430611779,126.713755,,,,36332,36331,1,0,0,36332,AxisTarget,1,True,True,True,False,8.20143,-60.597866,105.652397,-0.072323,44.512657,8.188834,564.837158,-81.313789,443.894928,179.933624,0.433911,-179.988953,8975,False,True,106,1286,True,
289,/kuka/axis_move/feedback_json,std_msgs/msg/String,2026-08-31T21:07:14.556400-04:00,1788224834,556390001,1788224834556390001,125.778222,,,,36333,36332,1,0,0,36333,AxisTarget,1,True,True,True,False,8.22579,-60.729156,105.875595,-0.074392,44.420628,8.209252,563.426514,-81.360962,443.890411,179.927277,0.434233,-179.990189,8975,False,True,106,1287,True,
290,/kuka/axis_move/feedback_json,std_msgs/msg/String,2026-08-31T21:07:14.683002-04:00,1788224834,682986943,1788224834682986943,126.596942,,,,36334,36333,1,0,0,36334,AxisTarget,1,True,True,True,True,8.250935,-60.864689,106.105995,-0.076528,44.32563,8.229033,562.057983,-81.405212,443.884613,179.921143,0.434545,-179.991379,8975,False,True,106,1287,True,
291,/kuka/axis_move/feedback_json,std_msgs/msg/String,2026-08-31T21:07:14.815918-04:00,1788224834,815910692,1788224834815910692,132.923749,,,,36335,36334,1,0,0,36335,AxisTarget,1,True,True,True,False,8.27608,-61.000217,106.336395,-0.078664,44.230637,8.250089,560.643372,-81.449387,443.877197,179.914795,0.434867,-179.992599,8975,False,True,106,1287,True,
292,/kuka/axis_move/feedback_json,std_msgs/msg/String,2026-08-31T21:07:14.944031-04:00,1788224834,944025764,1788224834944025764,128.115072,,,,36336,36335,1,0,0,36336,AxisTarget,1,True,True,True,False,8.302011,-61.13998,106.573997,-0.080867,44.1297,8.271146,559.138062,-81.494659,443.867676,179.908051,0.435211,-179.993896,8975,False,True,106,1287,True,
293,/kuka/axis_move/feedback_json,std_msgs/msg/String,2026-08-31T21:07:15.067952-04:00,1788224835,67934648,1788224835067934648,123.908884,,,,36337,36336,1,0,0,36337,AxisTarget,1,True,True,True,False,8.326372,-61.275513,106.804398,-0.083005,44.03767,8.290926,557.763611,-81.534439,443.857574,179.901901,0.435527,-179.995071,8975,False,True,106,1287,True,
294,/kuka/axis_move/feedback_json,std_msgs/msg/String,2026-08-31T21:07:15.199358-04:00,1788224835,199352982,1788224835199352982,131.418334,,,,36338,36337,1,0,0,36338,AxisTarget,1,True,True,True,False,8.35152,-61.406811,107.034798,-0.085144,43.942669,8.311344,556.342896,-81.574005,443.845703,179.895538,0.435857,-179.996277,8975,False,True,106,1287,True,
295,/kuka/axis_move/feedback_json,std_msgs/msg/String,2026-08-31T21:07:15.327637-04:00,1788224835,327614743,1788224835327614743,128.261761,,,,36339,36338,1,0,0,36339,AxisTarget,1,True,True,True,False,8.377453,-61.546577,107.265198,-0.087284,43.847668,8.331763,554.920166,-81.612053,443.832367,179.88916,0.436191,-179.997482,8975,False,True,106,1287,True,
296,/kuka/axis_move/feedback_json,std_msgs/msg/String,2026-08-31T21:07:15.455905-04:00,1788224835,455893726,1788224835455893726,128.278983,,,,36340,36339,1,0,0,36340,AxisTarget,1,True,True,True,False,8.402601,-61.682114,107.495598,-0.089493,43.749691,8.35282,553.450867,-81.649689,443.817078,179.882584,0.436538,-179.998718,8975,False,True,106,1287,True,
297,/kuka/axis_move/feedback_json,std_msgs/msg/String,2026-08-31T21:07:15.586549-04:00,1788224835,586526190,1788224835586526190,130.632464,,,,36341,36340,1,0,0,36341,AxisTarget,1,True,True,True,False,8.427751,-61.81765,107.725998,-0.091636,43.654686,8.37324,552.024048,-81.684639,443.800751,179.876205,0.436879,-179.999924,8975,False,True,106,1287,True,
298,/kuka/axis_move/feedback_json,std_msgs/msg/String,2026-08-31T21:07:15.718489-04:00,1788224835,718483181,1788224835718483181,131.956991,,,,36342,36341,1,0,0,36342,AxisTarget,1,True,True,True,False,8.453687,-61.957424,107.9636,-0.09378,43.559677,8.393659,550.550598,-81.71907,443.782379,179.869614,0.437234,179.998856,8975,False,True,106,1287,True,
299,/kuka/axis_move/feedback_json,std_msgs/msg/String,2026-08-31T21:07:15.847616-04:00,1788224835,847605829,1788224835847605829,129.122648,,,,36343,36342,1,0,0,36343,AxisTarget,1,True,True,True,False,8.479624,-62.097198,108.201202,-0.095993,43.461697,8.414717,549.119812,-81.750916,443.763062,179.86322,0.437582,179.997665,8975,False,True,106,1287,True,
300,/kuka/axis_move/feedback_json,std_msgs/msg/String,2026-08-31T21:07:15.975435-04:00,1788224835,975430431,1788224835975430431,127.824602,,,,36344,36343,1,0,0,36344,AxisTarget,1,True,True,True,False,8.504774,-62.232727,108.431557,-0.098138,43.366745,8.435114,547.687073,-81.781219,443.742279,179.856827,0.437931,179.99649,8975,False,True,106,1287,True,
301,/kuka/axis_move/feedback_json,std_msgs/msg/String,2026-08-31T21:07:16.107786-04:00,1788224836,107775460,1788224836107775460,132.345029,,,,36345,36344,1,0,0,36345,AxisTarget,1,True,True,True,False,8.528062,-62.357555,108.642639,-0.100095,43.280575,8.453547,546.336853,-81.808342,443.721344,179.8508,0.438261,179.995392,8975,False,True,106,1288,True,
302,/kuka/axis_move/feedback_json,std_msgs/msg/String,2026-08-31T21:07:16.239421-04:00,1788224836,239411143,1788224836239411143,131.635683,,,,36346,36345,1,0,0,36346,AxisTarget,1,True,True,True,True,8.551487,-62.484417,108.85936,-0.102124,43.190315,8.473039,545.018372,-81.833473,443.699646,179.84491,0.438583,179.994308,8975,False,True,106,1288,True,
303,/kuka/axis_move/feedback_json,std_msgs/msg/String,2026-08-31T21:07:16.359535-04:00,1788224836,359529951,1788224836359529951,120.118808,,,,36347,36346,1,0,0,36347,AxisTarget,1,True,True,True,False,8.575826,-62.615623,109.082458,-0.104203,43.098286,8.492819,543.584229,-81.859306,443.674683,179.838516,0.438932,179.993149,8975,False,True,106,1288,True,
304,/kuka/axis_move/feedback_json,std_msgs/msg/String,2026-08-31T21:07:16.487414-04:00,1788224836,487406488,1788224836487406488,127.876537,,,,36348,36347,1,0,0,36348,AxisTarget,1,True,True,True,False,8.600191,-62.746929,109.305656,-0.106282,43.006241,8.5126,542.189026,-81.882927,443.648987,179.832306,0.439272,179.992035,8975,False,True,106,1288,True,
305,/kuka/axis_move/feedback_json,std_msgs/msg/String,2026-08-31T21:07:16.615512-04:00,1788224836,615495495,1788224836615495495,128.089007,,,,36349,36348,1,0,0,36349,AxisTarget,1,True,True,True,False,8.625342,-62.882469,109.536057,-0.108427,42.911232,8.533019,540.746948,-81.9058,443.621002,179.825882,0.439621,179.990875,8975,False,True,106,1288,True,
306,/kuka/axis_move/feedback_json,std_msgs/msg/String,2026-08-31T21:07:16.743818-04:00,1788224836,743810515,1788224836743810515,128.31502,,,,36350,36349,1,0,0,36350,AxisTarget,1,True,True,True,False,8.650494,-63.018009,109.766457,-0.110572,42.816223,8.553437,539.302917,-81.927116,443.591522,179.819458,0.439969,179.989731,8975,False,True,106,1288,True,
307,/kuka/axis_move/feedback_json,std_msgs/msg/String,2026-08-31T21:07:16.870385-04:00,1788224836,870376642,1788224836870376642,126.566127,,,,36351,36350,1,0,0,36351,AxisTarget,1,True,True,True,False,8.674858,-63.153545,109.996857,-0.112714,42.721214,8.573855,537.902222,-81.946297,443.561523,179.813217,0.440304,179.988632,8975,False,True,106,1288,True,
308,/kuka/axis_move/feedback_json,std_msgs/msg/String,2026-08-31T21:07:16.999513-04:00,1788224836,999507146,1788224836999507146,129.130504,,,,36352,36351,1,0,0,36352,AxisTarget,1,True,True,True,False,8.700795,-63.289085,110.227257,-0.114856,42.623238,8.59491,536.454468,-81.964561,443.529083,179.806793,0.440648,179.987488,8975,False,True,106,1288,True,
309,/kuka/axis_move/feedback_json,std_msgs/msg/String,2026-08-31T21:07:17.130496-04:00,1788224837,130484605,1788224837130484605,130.977459,,,,36353,36352,1,0,0,36353,AxisTarget,1,True,True,True,False,8.725945,-63.424622,110.457657,-0.116996,42.5312,8.614687,534.959473,-81.981781,443.494049,179.800156,0.440999,179.986328,8975,False,True,106,1288,True,
310,/kuka/axis_move/feedback_json,std_msgs/msg/String,2026-08-31T21:07:17.255305-04:00,1788224837,255300266,1788224837255300266,124.815661,,,,36354,36353,1,0,0,36354,AxisTarget,1,True,True,True,False,8.751097,-63.560158,110.688057,-0.119134,42.436199,8.635102,533.507874,-81.996895,443.458527,179.793701,0.441338,179.985214,8975,False,True,106,1288,True,
311,/kuka/axis_move/feedback_json,std_msgs/msg/String,2026-08-31T21:07:17.380713-04:00,1788224837,380707200,1788224837380707200,125.406934,,,,36355,36354,1,0,0,36355,AxisTarget,1,True,True,True,False,8.776247,-63.695694,110.918457,-0.121271,42.341194,8.655517,532.054382,-82.01046,443.421539,179.787262,0.441675,179.9841,8975,False,True,106,1288,True,
312,/kuka/axis_move/feedback_json,std_msgs/msg/String,2026-08-31T21:07:17.507735-04:00,1788224837,507727640,1788224837507727640,127.02044,,,,36356,36355,1,0,0,36356,AxisTarget,1,True,True,True,False,8.800611,-63.826996,111.141655,-0.12334,42.249165,8.675292,530.644531,-82.022118,443.384247,179.781006,0.442,179.983017,8975,False,True,106,1289,True,
313,/kuka/axis_move/feedback_json,std_msgs/msg/String,2026-08-31T21:07:17.643799-04:00,1788224837,643780887,1788224837643780887,136.053247,,,,36357,36356,1,0,0,36357,AxisTarget,1,True,True,True,True,8.825762,-63.962532,111.379257,-0.125542,42.151196,8.696343,529.187378,-82.032616,443.344269,179.774551,0.442334,179.981918,8975,False,True,106,1289,True,
314,/kuka/axis_move/feedback_json,std_msgs/msg/String,2026-08-31T21:07:17.775737-04:00,1788224837,775729945,1788224837775729945,131.949058,,,,36358,36357,1,0,0,36358,AxisTarget,1,True,True,True,False,8.852484,-64.106537,111.616859,-0.127745,42.053226,8.717395,527.637146,-82.042061,443.30014,179.767685,0.442689,179.980743,8975,False,True,106,1289,True,
315,/kuka/axis_move/feedback_json,std_msgs/msg/String,2026-08-31T21:07:17.903506-04:00,1788224837,903500429,1788224837903500429,127.770484,,,,36359,36358,1,0,0,36359,AxisTarget,1,True,True,True,False,8.87842,-64.246307,111.854462,-0.130014,41.952286,8.739084,526.130493,-82.049545,443.255707,179.761017,0.443034,179.97963,8975,False,True,106,1289,True,
316,/kuka/axis_move/feedback_json,std_msgs/msg/String,2026-08-31T21:07:18.031879-04:00,1788224838,31867419,1788224838031867419,128.36699,,,,36360,36359,1,0,0,36360,AxisTarget,1,True,True,True,False,8.903571,-64.381844,112.084862,-0.132084,41.860256,8.758861,524.713379,-82.055061,443.212494,179.754745,0.443358,179.978577,8975,False,True,106,1289,True,
317,/kuka/axis_move/feedback_json,std_msgs/msg/String,2026-08-31T21:07:18.159075-04:00,1788224838,159065366,1788224838159065366,127.197947,,,,36361,36360,1,0,0,36361,AxisTarget,1,True,True,True,False,8.927936,-64.513145,112.315262,-0.134223,41.765255,8.779276,523.248779,-82.059227,443.166382,179.748276,0.443693,179.977493,8975,False,True,106,1289,True,
318,/kuka/axis_move/feedback_json,std_msgs/msg/String,2026-08-31T21:07:18.286830-04:00,1788224838,286821404,1788224838286821404,127.756038,,,,36362,36361,1,0,0,36362,AxisTarget,1,True,True,True,False,8.953088,-64.652916,112.545662,-0.136364,41.670254,8.799692,521.782349,-82.061829,443.118805,179.741791,0.444029,179.97641,8975,False,True,106,1289,True,
319,/kuka/axis_move/feedback_json,std_msgs/msg/String,2026-08-31T21:07:18.413878-04:00,1788224838,413868094,1788224838413868094,127.04669,,,,36363,36362,1,0,0,36363,AxisTarget,1,True,True,True,False,8.979027,-64.788452,112.776062,-0.138508,41.575249,8.82011,520.268127,-82.062881,443.068146,179.735107,0.444377,179.975296,8975,False,True,106,1289,True,
320,/kuka/axis_move/feedback_json,std_msgs/msg/String,2026-08-31T21:07:18.543592-04:00,1788224838,543581518,1788224838543581518,129.713424,,,,36364,36363,1,0,0,36364,AxisTarget,1,True,True,True,False,9.003395,-64.919754,112.99926,-0.140587,41.483219,8.839891,518.843994,-82.062355,443.019073,179.728821,0.444704,179.974274,8975,False,True,106,1289,True,
321,/kuka/axis_move/feedback_json,std_msgs/msg/String,2026-08-31T21:07:18.676014-04:00,1788224838,676002192,1788224838676002192,132.420674,,,,36365,36364,1,0,0,36365,AxisTarget,1,True,True,True,False,9.029336,-65.059532,113.244057,-0.14287,41.382278,8.861588,517.326111,-82.060181,442.965302,179.722107,0.445053,179.973175,8975,False,True,106,1290,False,
322,/kuka/axis_move/feedback_json,std_msgs/msg/String,2026-08-31T21:07:18.799494-04:00,1788224838,799479683,1788224838799479683,123.477491,,,,36366,36365,1,0,0,36366,AxisTarget,1,True,True,True,True,9.053943,-65.191338,113.459595,-0.144868,41.294498,8.880341,515.868103,-82.056534,442.912201,179.715683,0.445389,179.972122,8975,False,True,106,1290,False,
323,/kuka/axis_move/feedback_json,std_msgs/msg/String,2026-08-31T21:07:18.929477-04:00,1788224838,929469063,1788224838929469063,129.98938,,,,36367,36366,1,0,0,36367,AxisTarget,1,True,True,True,False,9.07594,-65.310638,113.663719,-0.146785,41.209232,8.899422,514.594238,-82.052094,442.864624,179.710052,0.445681,179.971207,8975,False,True,106,1290,False,
324,/kuka/axis_move/feedback_json,std_msgs/msg/String,2026-08-31T21:07:19.059169-04:00,1788224839,59164579,1788224839059164579,129.695516,,,,36368,36367,1,0,0,36368,AxisTarget,1,True,True,True,False,9.101881,-65.450417,113.901321,-0.149002,41.111263,8.919843,513.11731,-82.045479,442.808136,179.703552,0.44602,179.970154,8975,False,True,106,1290,False,
325,/kuka/axis_move/feedback_json,std_msgs/msg/String,2026-08-31T21:07:19.187983-04:00,1788224839,187957479,1788224839187957479,128.7929,,,,36369,36368,1,0,0,36369,AxisTarget,1,True,True,True,False,9.127035,-65.585953,114.131721,-0.151217,41.013294,8.940901,511.592316,-82.03701,442.748291,179.696823,0.446368,179.969086,8975,False,True,106,1290,False,
326,/kuka/axis_move/feedback_json,std_msgs/msg/String,2026-08-31T21:07:19.312754-04:00,1788224839,312716788,1788224839312716788,124.759309,,,,36370,36369,1,0,0,36370,AxisTarget,1,True,True,True,False,9.152187,-65.721489,114.362122,-0.153295,40.921261,8.960683,510.158051,-82.027512,442.690582,179.690521,0.446693,179.968079,8975,False,True,106,1290,False,
327,/kuka/axis_move/feedback_json,std_msgs/msg/String,2026-08-31T21:07:19.439534-04:00,1788224839,439518630,1788224839439518630,126.801842,,,,36371,36370,1,0,0,36371,AxisTarget,1,True,True,True,False,9.176552,-65.852791,114.585327,-0.155371,40.829231,8.980464,508.675781,-82.016144,442.629517,179.68399,0.447026,179.967056,8975,False,True,106,1290,False,
328,/kuka/axis_move/feedback_json,std_msgs/msg/String,2026-08-31T21:07:19.569805-04:00,1788224839,569798734,1788224839569798734,130.280104,,,,36372,36371,1,0,0,36372,AxisTarget,1,True,True,True,False,9.2017,-65.988319,114.815727,-0.157512,40.73423,9.000882,507.238159,-82.003609,442.568909,179.677673,0.447347,179.966064,8975,False,True,106,1290,False,
329,/kuka/axis_move/feedback_json,std_msgs/msg/String,2026-08-31T21:07:19.695683-04:00,1788224839,695672816,1788224839695672816,125.874082,,,,36373,36372,1,0,0,36373,AxisTarget,1,True,True,True,False,9.226848,-66.123856,115.046127,-0.159651,40.639233,9.0213,505.705994,-81.988632,442.502777,179.670959,0.447686,179.965012,8975,False,True,106,1290,False,
330,/kuka/axis_move/feedback_json,std_msgs/msg/String,2026-08-31T21:07:19.827132-04:00,1788224839,827101935,1788224839827101935,131.429119,,,,36374,36373,1,0,0,36374,AxisTarget,1,True,True,True,False,9.251995,-66.259392,115.283722,-0.161858,40.541267,9.042357,504.218536,-81.972504,442.437134,179.664429,0.448015,179.964005,8975,False,True,106,1290,False,
331,/kuka/axis_move/feedback_json,std_msgs/msg/String,2026-08-31T21:07:19.955588-04:00,1788224839,955577854,1788224839955577854,128.475919,,,,36375,36374,1,0,0,36375,AxisTarget,1,True,True,True,False,9.27793,-66.399162,115.514122,-0.163998,40.446266,9.062774,502.68277,-81.954231,442.367828,179.6577,0.448355,179.962967,8975,False,True,106,1290,False,
332,/kuka/axis_move/feedback_json,std_msgs/msg/String,2026-08-31T21:07:20.083993-04:00,1788224840,83982990,1788224840083982990,128.405136,,,,36376,36375,1,0,0,36376,AxisTarget,1,True,True,True,False,9.303084,-66.534698,115.744522,-0.166142,40.351265,9.083185,501.191803,-81.934937,442.299103,179.651138,0.448689,179.96196,8975,False,True,106,1290,False,
333,/kuka/axis_move/feedback_json,std_msgs/msg/String,2026-08-31T21:07:20.213780-04:00,1788224840,213768608,1788224840213768608,129.785618,,,,36377,36376,1,0,0,36377,AxisTarget,1,True,True,True,False,9.327098,-66.663773,115.963531,-0.168179,40.261192,9.103147,499.758972,-81.914963,442.231689,179.644836,0.449013,179.961014,8975,False,True,106,1290,False,
334,/kuka/axis_move/feedback_json,std_msgs/msg/String,2026-08-31T21:07:20.343764-04:00,1788224840,343758572,1788224840343758572,129.989964,,,,36378,36377,1,0,0,36378,AxisTarget,1,True,True,True,False,9.352053,-66.798508,116.192986,-0.170319,40.166348,9.122909,498.284851,-81.892921,442.16098,179.638367,0.449346,179.960037,8975,False,True,106,1290,False,
335,/kuka/axis_move/feedback_json,std_msgs/msg/String,2026-08-31T21:07:20.866741-04:00,1788224840,866729521,1788224840866729521,522.970949,,,,36379,36378,1,0,0,36379,AxisTarget,1,True,True,True,False,9.3706,-66.894302,116.348701,-0.1717,40.108101,9.1348,497.087006,-81.873642,442.102051,179.633148,0.449545,179.959229,8976,False,True,107,1294,True,
336,/kuka/axis_move/feedback_json,std_msgs/msg/String,2026-08-31T21:07:20.998191-04:00,1788224840,998184589,1788224840998184589,131.455068,,,,36380,36379,1,0,0,36380,AxisTarget,1,True,True,True,True,9.367035,-66.894485,116.349258,-0.171448,40.107944,9.121246,497.088806,-81.856697,442.101929,179.633163,0.449497,179.959244,8976,False,True,107,1295,True,
337,/kuka/axis_move/feedback_json,std_msgs/msg/String,2026-08-31T21:07:21.125155-04:00,1788224841,125149792,1788224841125149792,126.965203,,,,36381,36380,1,0,0,36381,AxisTarget,1,True,True,True,False,9.200584,-66.901215,116.362434,-0.16645,40.105305,8.927477,497.223816,-80.577538,442.092499,179.6353,0.445888,179.96019,8976,False,True,107,1295,True,
338,/kuka/axis_move/feedback_json,std_msgs/msg/String,2026-08-31T21:07:21.254010-04:00,1788224841,254005278,1788224841254005278,128.855486,,,,36382,36381,1,0,0,36382,AxisTarget,1,True,True,True,False,8.97771,-66.909866,116.37957,-0.16017,40.102089,8.697456,497.429199,-78.566063,442.077332,179.638657,0.440173,179.9617,8976,False,True,107,1295,True,
339,/kuka/axis_move/feedback_json,std_msgs/msg/String,2026-08-31T21:07:21.381937-04:00,1788224841,381930589,1788224841381930589,127.925311,,,,36383,36382,1,0,0,36383,AxisTarget,1,True,True,True,False,8.754306,-66.918533,116.39579,-0.154025,40.098934,8.471134,497.620239,-76.616173,442.062134,179.641907,0.434578,179.963196,8976,False,True,107,1296,True,
340,/kuka/axis_move/feedback_json,std_msgs/msg/String,2026-08-31T21:07:21.510377-04:00,1788224841,510367949,1788224841510367949,128.43736,,,,36384,36383,1,0,0,36384,AxisTarget,1,True,True,True,True,8.516705,-66.927742,116.413567,-0.147712,40.095695,8.239277,497.809418,-74.602982,442.046417,179.645264,0.428821,179.964783,8976,False,True,107,1296,True,
341,/kuka/axis_move/feedback_json,std_msgs/msg/String,2026-08-31T21:07:21.641326-04:00,1788224841,641310218,1788224841641310218,130.942269,,,,36385,36384,1,0,0,36385,AxisTarget,1,True,True,True,False,8.286304,-66.936668,116.430809,-0.141399,40.092457,8.007416,497.990417,-72.589531,442.030731,179.648605,0.423085,179.966415,8976,False,True,107,1296,True,
342,/kuka/axis_move/feedback_json,std_msgs/msg/String,2026-08-31T21:07:21.768554-04:00,1788224841,768546408,1788224841768546408,127.23619,,,,36386,36385,1,0,0,36386,AxisTarget,1,True,True,True,False,8.055904,-66.945602,116.448044,-0.135086,40.089222,7.775548,498.168549,-70.512901,442.014557,179.652069,0.417192,179.96814,8976,False,True,107,1296,True,
343,/kuka/axis_move/feedback_json,std_msgs/msg/String,2026-08-31T21:07:21.895424-04:00,1788224841,895414993,1788224841895414993,126.868585,,,,36387,36386,1,0,0,36387,AxisTarget,1,True,True,True,False,7.827218,-66.954453,116.465088,-0.12886,40.086037,7.54814,498.332306,-68.507607,441.998962,179.655396,0.411524,179.969849,8976,False,True,107,1296,True,
344,/kuka/axis_move/feedback_json,std_msgs/msg/String,2026-08-31T21:07:22.023596-04:00,1788224842,23589223,1788224842023589223,128.17423,,,,36388,36387,1,0,0,36388,AxisTarget,1,True,True,True,False,7.611566,-66.962837,116.481293,-0.122912,40.082977,7.328423,498.473755,-66.690109,441.984833,179.658401,0.406405,179.971451,8976,False,True,107,1297,True,
345,/kuka/axis_move/feedback_json,std_msgs/msg/String,2026-08-31T21:07:22.147134-04:00,1788224842,147113653,1788224842147113653,123.52443,,,,36389,36388,1,0,0,36389,AxisTarget,1,True,True,True,True,7.381216,-66.971771,116.498528,-0.116599,40.079742,7.096547,498.622589,-64.67791,441.969177,179.661743,0.400759,179.973251,8976,False,True,107,1297,True,
346,/kuka/axis_move/feedback_json,std_msgs/msg/String,2026-08-31T21:07:22.271945-04:00,1788224842,271939307,1788224842271939307,124.825654,,,,36390,36389,1,0,0,36390,AxisTarget,1,True,True,True,False,7.165216,-66.980148,116.515228,-0.110484,40.076607,6.871921,498.759155,-62.726494,441.95401,179.664978,0.395306,179.975037,8976,False,True,107,1297,True,
347,/kuka/axis_move/feedback_json,std_msgs/msg/String,2026-08-31T21:07:22.399589-04:00,1788224842,399572374,1788224842399572374,127.633067,,,,36391,36390,1,0,0,36391,AxisTarget,1,True,True,True,False,6.934816,-66.98909,116.531929,-0.104371,40.073471,6.647295,498.89212,-60.712036,441.938385,179.668335,0.389702,179.976929,8976,False,True,107,1297,True,
348,/kuka/axis_move/feedback_json,std_msgs/msg/String,2026-08-31T21:07:22.529517-04:00,1788224842,529503482,1788224842529503482,129.931108,,,,36392,36391,1,0,0,36392,AxisTarget,1,True,True,True,False,6.704416,-66.998032,116.549164,-0.098064,40.070232,6.415424,499.016968,-58.697521,441.922791,179.671677,0.384126,179.978867,8976,False,True,107,1297,True,
349,/kuka/axis_move/feedback_json,std_msgs/msg/String,2026-08-31T21:07:22.656877-04:00,1788224842,656865623,1788224842656865623,127.362141,,,,36393,36392,1,0,0,36393,AxisTarget,1,True,True,True,False,6.466816,-67.007256,116.566933,-0.091562,40.066895,6.176309,499.133667,-56.682983,441.907227,179.675018,0.378578,179.980835,8976,False,True,107,1297,True,
350,/kuka/axis_move/feedback_json,std_msgs/msg/String,2026-08-31T21:07:22.781637-04:00,1788224842,781631517,1788224842781631517,124.765894,,,,36394,36393,1,0,0,36394,AxisTarget,1,True,True,True,False,6.243616,-67.015923,116.583618,-0.085457,40.063759,5.951686,499.242249,-54.668453,441.891693,179.67836,0.373057,179.982849,8976,False,True,107,1297,True,
351,/kuka/axis_move/feedback_json,std_msgs/msg/String,2026-08-31T21:07:22.903864-04:00,1788224842,903858650,1788224842903858650,122.227133,,,,36395,36394,1,0,0,36395,AxisTarget,1,True,True,True,False,6.020416,-67.02459,116.600311,-0.079353,40.060623,5.727063,499.339691,-52.716919,441.876678,179.681595,0.367733,179.984848,8976,False,True,107,1298,True,
352,/kuka/axis_move/feedback_json,std_msgs/msg/String,2026-08-31T21:07:23.031720-04:00,1788224843,31709499,1788224843031709499,127.850849,,,,36396,36395,1,0,0,36396,AxisTarget,1,True,True,True,True,5.797216,-67.033264,116.616997,-0.073248,40.057487,5.502441,499.429504,-50.76545,441.861664,179.68483,0.36243,179.986877,8976,False,True,107,1298,True,
353,/kuka/axis_move/feedback_json,std_msgs/msg/String,2026-08-31T21:07:23.163485-04:00,1788224843,163480189,1788224843163480189,131.77069,,,,36397,36396,1,0,0,36397,AxisTarget,1,True,True,True,False,5.566816,-67.042213,116.634232,-0.066947,40.054249,5.270573,499.514191,-48.751133,441.84613,179.688187,0.356978,179.989029,8976,False,True,107,1298,True,
354,/kuka/axis_move/feedback_json,std_msgs/msg/String,2026-08-31T21:07:23.291443-04:00,1788224843,291431861,1788224843291431861,127.951672,,,,36398,36397,1,0,0,36398,AxisTarget,1,True,True,True,False,5.336416,-67.051163,116.651459,-0.060645,40.050911,5.031461,499.590729,-46.736958,441.830597,179.691528,0.351548,179.991211,8976,False,True,107,1298,True,
355,/kuka/axis_move/feedback_json,std_msgs/msg/String,2026-08-31T21:07:23.419862-04:00,1788224843,419856870,1788224843419856870,128.425009,,,,36399,36398,1,0,0,36399,AxisTarget,1,True,True,True,False,5.098816,-67.060387,116.669228,-0.053948,40.047573,4.792351,499.661163,-44.660019,441.814575,179.694992,0.345971,179.9935,8976,False,True,107,1298,True,
356,/kuka/axis_move/feedback_json,std_msgs/msg/String,2026-08-31T21:07:23.547053-04:00,1788224843,547048310,1788224843547048310,127.19144,,,,36400,36399,1,0,0,36400,AxisTarget,1,True,True,True,False,4.868416,-67.069328,116.686455,-0.047841,40.044437,4.567736,499.719452,-42.709152,441.7995,179.698242,0.340752,179.995697,8976,False,True,107,1298,True,
357,/kuka/axis_move/feedback_json,std_msgs/msg/String,2026-08-31T21:07:23.680764-04:00,1788224843,680753854,1788224843680753854,133.705544,,,,36401,36400,1,0,0,36401,AxisTarget,1,True,True,True,False,4.630816,-67.078552,116.704224,-0.041339,40.0411,4.328632,499.773102,-40.632671,441.783417,179.701706,0.335218,179.998093,8976,False,True,107,1298,True,
358,/kuka/axis_move/feedback_json,std_msgs/msg/String,2026-08-31T21:07:23.808365-04:00,1788224843,808358140,1788224843808358140,127.604286,,,,36402,36401,1,0,0,36402,AxisTarget,1,True,True,True,False,4.400416,-67.087494,116.721458,-0.035033,40.037861,4.089532,499.818115,-38.556477,441.767303,179.70517,0.329706,-179.999481,8976,False,True,107,1298,True,
359,/kuka/axis_move/feedback_json,std_msgs/msg/String,2026-08-31T21:07:23.931841-04:00,1788224843,931836125,1788224843931836125,123.477985,,,,36403,36402,1,0,0,36403,AxisTarget,1,True,True,True,False,4.170016,-67.096436,116.738686,-0.028726,40.034626,3.864926,499.852539,-36.606407,441.752167,179.708435,0.32455,-179.997162,8976,False,True,107,1298,True,
360,/kuka/axis_move/feedback_json,std_msgs/msg/String,2026-08-31T21:07:24.060043-04:00,1788224844,60037350,1788224844060037350,128.201225,,,,36404,36403,1,0,0,36404,AxisTarget,1,True,True,True,False,3.946816,-67.105095,116.755379,-0.022615,40.03149,3.640321,499.880096,-34.593761,441.736511,179.711807,0.319249,-179.99472,8976,False,True,107,1298,True,
361,/kuka/axis_move/feedback_json,std_msgs/msg/String,2026-08-31T21:07:24.189897-04:00,1788224844,189883644,1788224844189883644,129.846294,,,,36405,36404,1,0,0,36405,AxisTarget,1,True,True,True,False,3.716416,-67.114029,116.772614,-0.016308,40.028255,3.408471,499.899017,-32.644367,441.721344,179.715073,0.314138,-179.99231,8976,False,True,107,1299,True,
362,/kuka/axis_move/feedback_json,std_msgs/msg/String,2026-08-31T21:07:24.318050-04:00,1788224844,318044411,1788224844318044411,128.160767,,,,36406,36405,1,0,0,36406,AxisTarget,1,True,True,True,True,3.486016,-67.123253,116.79039,-0.009803,40.024918,3.169376,499.910828,-30.569616,441.7052,179.718552,0.308722,-179.989716,8976,False,True,107,1299,True,
363,/kuka/axis_move/feedback_json,std_msgs/msg/String,2026-08-31T21:07:24.449293-04:00,1788224844,449280722,1788224844449280722,131.236311,,,,36407,36406,1,0,0,36407,AxisTarget,1,True,True,True,False,3.255616,-67.132187,116.807617,-0.003495,40.021683,2.937526,499.914032,-28.558178,441.689545,179.721939,0.303496,-179.987152,8976,False,True,107,1299,True,
364,/kuka/axis_move/feedback_json,std_msgs/msg/String,2026-08-31T21:07:24.575492-04:00,1788224844,575449128,1788224844575449128,126.168406,,,,36408,36407,1,0,0,36408,AxisTarget,1,True,True,True,False,3.018016,-67.141129,116.824852,0.002813,40.018448,2.705675,499.908875,-26.484373,441.673401,179.725418,0.298133,-179.984467,8976,False,True,107,1299,True,
365,/kuka/axis_move/feedback_json,std_msgs/msg/String,2026-08-31T21:07:24.703489-04:00,1788224844,703482661,1788224844703482661,128.033533,,,,36409,36408,1,0,0,36409,AxisTarget,1,True,True,True,False,2.787616,-67.150063,116.842087,0.00912,40.015213,2.473821,499.89563,-24.473917,441.657715,179.72879,0.292958,-179.981812,8976,False,True,107,1299,True,
366,/kuka/axis_move/feedback_json,std_msgs/msg/String,2026-08-31T21:07:24.831986-04:00,1788224844,831975415,1788224844831975415,128.492754,,,,36410,36409,1,0,0,36410,AxisTarget,1,True,True,True,False,2.557216,-67.159004,116.859322,0.015428,40.011978,2.241963,499.874268,-22.463997,441.642029,179.732162,0.287807,-179.979126,8976,False,True,107,1299,True,
367,/kuka/axis_move/feedback_json,std_msgs/msg/String,2026-08-31T21:07:24.957007-04:00,1788224844,956984407,1788224844956984407,125.008992,,,,36411,36410,1,0,0,36411,AxisTarget,1,True,True,True,False,2.326816,-67.167938,116.876556,0.021736,40.008747,2.010101,499.845886,-20.517424,441.626831,179.735413,0.28284,-179.976486,8976,False,True,107,1299,True,
368,/kuka/axis_move/feedback_json,std_msgs/msg/String,2026-08-31T21:07:25.086094-04:00,1788224845,86087176,1788224845086087176,129.102769,,,,36412,36411,1,0,0,36412,AxisTarget,1,True,True,True,False,2.096416,-67.17688,116.893799,0.028044,40.005512,1.778235,499.808594,-18.508648,441.611145,179.738785,0.277737,-179.973724,8976,False,True,107,1299,True,
369,/kuka/axis_move/feedback_json,std_msgs/msg/String,2026-08-31T21:07:25.215716-04:00,1788224845,215711666,1788224845215711666,129.62449,,,,36413,36412,1,0,0,36413,AxisTarget,1,True,True,True,False,1.873216,-67.185539,116.910492,0.034155,40.002384,1.546365,499.763214,-16.500504,441.595428,179.742142,0.272659,-179.970917,8976,False,True,107,1299,True,
370,/kuka/axis_move/feedback_json,std_msgs/msg/String,2026-08-31T21:07:25.341736-04:00,1788224845,341724387,1788224845341724387,126.012721,,,,36414,36413,1,0,0,36414,AxisTarget,1,True,True,True,False,1.635616,-67.194756,116.928268,0.040661,39.99905,1.314493,499.709778,-14.49302,441.579712,179.745499,0.267606,-179.968063,8976,False,True,107,1300,False,
371,/kuka/axis_move/feedback_json,std_msgs/msg/String,2026-08-31T21:07:25.470186-04:00,1788224845,470172461,1788224845470172461,128.448074,,,,36415,36414,1,0,0,36415,AxisTarget,1,True,True,True,True,1.422219,-67.20298,116.944038,0.046395,39.996132,1.10626,499.650269,-12.548143,441.564484,179.748749,0.262734,-179.965271,8976,False,True,107,1300,False,
372,/kuka/axis_move/feedback_json,std_msgs/msg/String,2026-08-31T21:07:25.600668-04:00,1788224845,600656936,1788224845600656936,130.484475,,,,36416,36415,1,0,0,36416,AxisTarget,1,True,True,True,False,1.211642,-67.211205,116.959991,0.052269,39.993107,0.887803,499.588043,-10.738077,441.550293,179.751785,0.258222,-179.962631,8976,False,True,107,1300,False,
373,/kuka/axis_move/feedback_json,std_msgs/msg/String,2026-08-31T21:07:25.727547-04:00,1788224845,727542185,1788224845727542185,126.885249,,,,36417,36416,1,0,0,36417,AxisTarget,1,True,True,True,False,0.981239,-67.220139,116.977234,0.058577,39.989876,0.65593,499.511414,-8.732656,441.534546,179.755142,0.253247,-179.959671,8976,False,True,107,1300,False,
374,/kuka/axis_move/feedback_json,std_msgs/msg/String,2026-08-31T21:07:25.857324-04:00,1788224845,857313374,1788224845857313374,129.771189,,,,36418,36417,1,0,0,36418,AxisTarget,1,True,True,True,False,0.750839,-67.22908,116.994476,0.064886,39.986649,0.42406,499.429504,-6.790679,441.519318,179.758408,0.248454,-179.956757,8976,False,True,107,1300,False,
375,/kuka/axis_move/feedback_json,std_msgs/msg/String,2026-08-31T21:07:25.988890-04:00,1788224845,988885322,1788224845988885322,131.571948,,,,36419,36418,1,0,0,36419,AxisTarget,1,True,True,True,False,0.520439,-67.238014,117.011711,0.071193,39.983418,0.192195,499.334015,-4.72426,441.503082,179.761871,0.243381,-179.953629,8976,False,True,107,1300,False,
376,/kuka/axis_move/feedback_json,std_msgs/msg/String,2026-08-31T21:07:26.112208-04:00,1788224846,112201922,1788224846112201922,123.3166,,,,36420,36419,1,0,0,36420,AxisTarget,1,True,True,True,False,0.282839,-67.247231,117.029488,0.077697,39.980087,-0.046908,499.233246,-2.721325,441.487335,179.765244,0.238489,-179.950546,8976,False,True,107,1300,False,
377,/kuka/axis_move/feedback_json,std_msgs/msg/String,2026-08-31T21:07:26.238653-04:00,1788224846,238628291,1788224846238628291,126.426369,,,,36421,36420,1,0,0,36421,AxisTarget,1,True,True,True,False,0.059639,-67.255882,117.046188,0.083807,39.976959,-0.271515,499.12442,-0.719276,441.471588,179.768631,0.233625,-179.947433,8976,False,True,107,1300,False,
378,/kuka/axis_move/feedback_json,std_msgs/msg/String,2026-08-31T21:07:26.367484-04:00,1788224846,367452715,1788224846367452715,128.824424,,,,36422,36421,1,0,0,36422,AxisTarget,1,True,True,True,False,-0.170761,-67.264824,117.063423,0.090113,39.973732,-0.503364,499.011322,1.219334,441.456329,179.771912,0.22894,-179.944366,8976,False,True,107,1300,False,
379,/kuka/axis_move/feedback_json,std_msgs/msg/String,2026-08-31T21:07:26.491557-04:00,1788224846,491534628,1788224846491534628,124.081913,,,,36423,36422,1,0,0,36423,AxisTarget,1,True,True,True,False,-0.401161,-67.273758,117.080666,0.096419,39.970501,-0.735211,498.88269,3.282036,441.440094,179.775406,0.223983,-179.941086,8976,False,True,107,1300,False,
380,/kuka/axis_move/feedback_json,std_msgs/msg/String,2026-08-31T21:07:26.619901-04:00,1788224846,619890485,1788224846619890485,128.355857,,,,36424,36423,1,0,0,36424,AxisTarget,1,True,True,True,False,-0.624361,-67.282417,117.097366,0.102528,39.967377,-0.959814,498.754028,5.218774,441.424805,179.778687,0.219355,-179.937943,8976,False,True,107,1300,False,
381,/kuka/axis_move/feedback_json,std_msgs/msg/String,2026-08-31T21:07:26.746852-04:00,1788224846,746846805,1788224846746846805,126.95632,,,,36425,36424,1,0,0,36425,AxisTarget,1,True,True,True,False,-0.854761,-67.291351,117.114601,0.108833,39.964142,-1.198913,498.613373,7.21699,441.409088,179.782059,0.214614,-179.934677,8976,False,True,107,1300,False,
382,/kuka/axis_move/feedback_json,std_msgs/msg/String,2026-08-31T21:07:26.871223-04:00,1788224846,871213251,1788224846871213251,124.366446,,,,36426,36425,1,0,0,36426,AxisTarget,1,True,True,True,False,-1.077961,-67.300026,117.131836,0.115136,39.960899,-1.423529,498.469452,9.151766,441.393921,179.785339,0.210066,-179.931473,8976,False,True,107,1300,False,
383,/kuka/axis_move/feedback_json,std_msgs/msg/String,2026-08-31T21:07:26.997547-04:00,1788224846,997529548,1788224846997529548,126.316297,,,,36427,36426,1,0,0,36427,AxisTarget,1,True,True,True,False,-1.305527,-67.308838,117.148209,0.121098,39.95784,-1.64101,498.314148,11.133776,441.378418,179.788681,0.205447,-179.928162,8976,False,True,107,1300,False,
384,/kuka/axis_move/feedback_json,std_msgs/msg/String,2026-08-31T21:07:27.124998-04:00,1788224847,124993129,1788224847124993129,127.463581,,,,36428,36427,1,0,0,36428,AxisTarget,1,True,True,True,False,-1.523395,-67.317337,117.164627,0.127122,39.95472,-1.864556,498.165039,12.947568,441.364227,179.791733,0.201249,-179.925095,8976,False,True,107,1300,False,
385,/kuka/axis_move/feedback_json,std_msgs/msg/String,2026-08-31T21:07:27.251690-04:00,1788224847,251671371,1788224847251671371,126.678242,,,,36429,36428,1,0,0,36429,AxisTarget,1,True,True,True,False,-1.746595,-67.326012,117.181862,0.13343,39.951488,-2.096407,497.993378,14.941553,441.348633,179.795105,0.196651,-179.921677,8976,False,True,107,1300,False,
386,/kuka/axis_move/feedback_json,std_msgs/msg/String,2026-08-31T21:07:27.746335-04:00,1788224847,746328907,1788224847746328907,494.657536,,,,36430,36429,1,0,0,36430,AxisTarget,1,True,True,True,False,-1.9853,-67.334999,117.198097,0.1392,39.9487,-2.2931,497.795563,17.130659,441.331421,179.798904,0.191558,-179.917862,8977,False,True,108,1304,True,
387,/kuka/axis_move/feedback_json,std_msgs/msg/String,2026-08-31T21:07:27.878847-04:00,1788224847,878829028,1788224847878829028,132.500121,,,,36431,36430,1,0,0,36431,AxisTarget,1,True,True,True,True,-1.98546,-67.369568,117.175453,0.137699,40.025925,-2.292395,497.80957,17.132586,441.557556,179.798721,0.192251,-179.918259,8977,False,True,108,1305,True,
388,/kuka/axis_move/feedback_json,std_msgs/msg/String,2026-08-31T21:07:28.010661-04:00,1788224848,10651448,1788224848010651448,131.82242,,,,36432,36431,1,0,0,36432,AxisTarget,1,True,True,True,False,-1.986318,-67.535255,117.086632,0.132316,40.27911,-2.290266,497.91748,17.147863,443.364288,179.797256,0.197776,-179.921402,8977,False,True,108,1305,True,
389,/kuka/axis_move/feedback_json,std_msgs/msg/String,2026-08-31T21:07:28.135095-04:00,1788224848,135086550,1788224848135086550,124.435102,,,,36433,36432,1,0,0,36433,AxisTarget,1,True,True,True,False,-1.987201,-67.704407,116.999924,0.127046,40.524105,-2.288214,498.021027,17.163452,445.230408,179.795746,0.203406,-179.924713,8977,False,True,108,1306,True,
390,/kuka/axis_move/feedback_json,std_msgs/msg/String,2026-08-31T21:07:28.259287-04:00,1788224848,259275190,1788224848259275190,124.18864,,,,36434,36433,1,0,0,36434,AxisTarget,1,True,True,True,True,-1.988041,-67.865349,116.914772,0.121865,40.764843,-2.286197,498.109406,17.177597,446.947266,179.794373,0.208567,-179.927795,8977,False,True,108,1306,True,
391,/kuka/axis_move/feedback_json,std_msgs/msg/String,2026-08-31T21:07:28.392140-04:00,1788224848,392123751,1788224848392123751,132.848561,,,,36435,36434,1,0,0,36435,AxisTarget,1,True,True,True,False,-1.988883,-68.026398,116.829582,0.116686,41.013382,-2.284115,498.196716,17.19253,448.783966,179.792923,0.214081,-179.931122,8977,False,True,108,1306,True,
392,/kuka/axis_move/feedback_json,std_msgs/msg/String,2026-08-31T21:07:28.519046-04:00,1788224848,519039910,1788224848519039910,126.916159,,,,36436,36435,1,0,0,36436,AxisTarget,1,True,True,True,False,-1.989787,-68.197845,116.738899,0.111182,41.261921,-2.282033,498.278992,17.207767,450.68042,179.791489,0.219774,-179.93457,8977,False,True,108,1306,True,
393,/kuka/axis_move/feedback_json,std_msgs/msg/String,2026-08-31T21:07:28.651052-04:00,1788224848,651042330,1788224848651042330,132.00242,,,,36437,36436,1,0,0,36437,AxisTarget,1,True,True,True,False,-1.990667,-68.363419,116.651451,0.105892,41.508202,-2.279914,498.351166,17.222366,452.519348,179.790146,0.225294,-179.937958,8977,False,True,108,1306,True,
394,/kuka/axis_move/feedback_json,std_msgs/msg/String,2026-08-31T21:07:28.775328-04:00,1788224848,775317389,1788224848775317389,124.275059,,,,36438,36437,1,0,0,36438,AxisTarget,1,True,True,True,True,-1.991524,-68.524467,116.566147,0.100716,41.750149,-2.277943,498.412079,17.235872,454.243988,179.78891,0.230466,-179.941162,8977,False,True,108,1307,True,
395,/kuka/axis_move/feedback_json,std_msgs/msg/String,2026-08-31T21:07:28.899401-04:00,1788224848,899386520,1788224848899386520,124.069131,,,,36439,36438,1,0,0,36439,AxisTarget,1,True,True,True,False,-1.992381,-68.685509,116.480965,0.095556,41.990925,-2.275926,498.46991,17.250092,456.087219,179.787613,0.235985,-179.944611,8977,False,True,108,1307,True,
396,/kuka/axis_move/feedback_json,std_msgs/msg/String,2026-08-31T21:07:29.027396-04:00,1788224849,27382049,1788224849027382049,127.995529,,,,36440,36439,1,0,0,36440,AxisTarget,1,True,True,True,False,-1.993236,-68.846573,116.395775,0.090395,42.231697,-2.273907,498.517395,17.263237,457.819214,179.786438,0.241166,-179.947876,8977,False,True,108,1307,True,
397,/kuka/axis_move/feedback_json,std_msgs/msg/String,2026-08-31T21:07:29.155062-04:00,1788224849,155054335,1788224849155054335,127.672286,,,,36441,36440,1,0,0,36441,AxisTarget,1,True,True,True,False,-1.994089,-69.01284,116.307838,0.085066,42.48024,-2.271821,498.560822,17.277029,459.668701,179.785202,0.246692,-179.951416,8977,False,True,108,1307,True,
398,/kuka/axis_move/feedback_json,std_msgs/msg/String,2026-08-31T21:07:29.283853-04:00,1788224849,283832567,1788224849283832567,128.778232,,,,36442,36441,1,0,0,36442,AxisTarget,1,True,True,True,False,-1.994992,-69.179108,116.21991,0.079736,42.728779,-2.26973,498.596771,17.290577,461.520264,179.783997,0.252219,-179.954971,8977,False,True,108,1307,True,
399,/kuka/axis_move/feedback_json,std_msgs/msg/String,2026-08-31T21:07:29.414757-04:00,1788224849,414724523,1788224849414724523,130.891956,,,,36443,36442,1,0,0,36443,AxisTarget,1,True,True,True,False,-1.995863,-69.345383,116.129227,0.074239,42.985085,-2.267572,498.625977,17.304289,463.431793,179.782776,0.25792,-179.958679,8977,False,True,108,1307,True,
400,/kuka/axis_move/feedback_json,std_msgs/msg/String,2026-08-31T21:07:29.543130-04:00,1788224849,543114724,1788224849543114724,128.390201,,,,36444,36443,1,0,0,36444,AxisTarget,1,True,True,True,False,-1.996786,-69.522049,116.038551,0.06874,43.241394,-2.265411,498.647156,17.317751,465.345428,179.781601,0.263621,-179.962433,8977,False,True,108,1307,True,
401,/kuka/axis_move/feedback_json,std_msgs/msg/String,2026-08-31T21:07:29.675257-04:00,1788224849,675247535,1788224849675247535,132.132811,,,,36445,36444,1,0,0,36445,AxisTarget,1,True,True,True,True,-1.997655,-69.688324,115.950615,0.063408,43.489933,-2.263315,498.660065,17.330578,467.203064,179.780487,0.269148,-179.96611,8977,False,True,108,1308,True,
402,/kuka/axis_move/feedback_json,std_msgs/msg/String,2026-08-31T21:07:29.803165-04:00,1788224849,803155693,1788224849803155693,127.908158,,,,36446,36445,1,0,0,36446,AxisTarget,1,True,True,True,False,-1.998523,-69.854599,115.862686,0.058076,43.738472,-2.26122,498.665497,17.343582,469.120758,179.779358,0.274846,-179.969925,8977,False,True,108,1308,True,
403,/kuka/axis_move/feedback_json,std_msgs/msg/String,2026-08-31T21:07:29.926894-04:00,1788224849,926886384,1788224849926886384,123.730691,,,,36447,36446,1,0,0,36447,AxisTarget,1,True,True,True,False,-1.999391,-70.020874,115.774757,0.052744,43.987015,-2.259125,498.663086,17.355978,470.982208,179.778305,0.28037,-179.973663,8977,False,True,108,1308,True,
404,/kuka/axis_move/feedback_json,std_msgs/msg/String,2026-08-31T21:07:30.054739-04:00,1788224850,54734046,1788224850054734046,127.847662,,,,36448,36447,1,0,0,36448,AxisTarget,1,True,True,True,False,-2.000233,-70.181946,115.689568,0.047578,44.227787,-2.257097,498.653534,17.367786,472.787231,179.777313,0.285717,-179.977325,8977,False,True,108,1308,True,
405,/kuka/axis_move/feedback_json,std_msgs/msg/String,2026-08-31T21:07:30.183269-04:00,1788224850,183263494,1788224850183263494,128.529448,,,,36449,36448,1,0,0,36449,AxisTarget,1,True,True,True,False,-2.001104,-70.348213,115.601639,0.042247,44.476326,-2.255007,498.636902,17.379402,474.593964,179.776352,0.29106,-179.981018,8977,False,True,108,1308,True,
406,/kuka/axis_move/feedback_json,std_msgs/msg/String,2026-08-31T21:07:30.310088-04:00,1788224850,310078198,1788224850310078198,126.814704,,,,36450,36449,1,0,0,36450,AxisTarget,1,True,True,True,False,-2.001976,-70.514473,115.513702,0.036915,44.724869,-2.252919,498.612274,17.39119,476.460663,179.775391,0.296571,-179.984848,8977,False,True,108,1308,True,
407,/kuka/axis_move/feedback_json,std_msgs/msg/String,2026-08-31T21:07:30.439570-04:00,1788224850,439560982,1788224850439560982,129.482784,,,,36451,36450,1,0,0,36451,AxisTarget,1,True,True,True,False,-2.00285,-70.680733,115.425766,0.031417,44.981174,-2.250769,498.578918,17.403128,478.387512,179.774429,0.30225,-179.988846,8977,False,True,108,1308,True,
408,/kuka/axis_move/feedback_json,std_msgs/msg/String,2026-08-31T21:07:30.567015-04:00,1788224850,566986276,1788224850566986276,127.425294,,,,36452,36451,1,0,0,36452,AxisTarget,1,True,True,True,False,-2.003725,-70.846985,115.337822,0.026252,45.221951,-2.24875,498.540222,17.414141,480.199219,179.77356,0.30758,-179.99263,8977,False,True,108,1308,True,
409,/kuka/axis_move/feedback_json,std_msgs/msg/String,2026-08-31T21:07:30.698452-04:00,1788224850,698442718,1788224850698442718,131.456442,,,,36453,36452,1,0,0,36453,AxisTarget,1,True,True,True,True,-2.0046,-71.013229,115.249886,0.020921,45.47049,-2.246668,498.492767,17.425297,482.071014,179.77269,0.313079,-179.996582,8977,False,True,108,1309,False,
410,/kuka/axis_move/feedback_json,std_msgs/msg/String,2026-08-31T21:07:30.822792-04:00,1788224850,822784610,1788224850822784610,124.341892,,,,36454,36453,1,0,0,36454,AxisTarget,1,True,True,True,False,-2.005503,-71.184677,115.159195,0.015423,45.726795,-2.244522,498.43399,17.436909,484.061615,179.77179,0.318919,179.999207,8977,False,True,108,1309,False,
411,/kuka/axis_move/feedback_json,std_msgs/msg/String,2026-08-31T21:07:30.950768-04:00,1788224850,950742399,1788224850950742399,127.957789,,,,36455,36454,1,0,0,36455,AxisTarget,1,True,True,True,False,-2.006352,-71.345726,115.074005,0.010258,45.967571,-2.242505,498.372864,17.447273,485.878143,179.771011,0.324243,179.995316,8977,False,True,108,1309,False,
412,/kuka/axis_move/feedback_json,std_msgs/msg/String,2026-08-31T21:07:31.079145-04:00,1788224851,79140302,1788224851079140302,128.397903,,,,36456,36455,1,0,0,36456,AxisTarget,1,True,True,True,False,-2.007228,-71.511978,114.986061,0.004927,46.21611,-2.240421,498.304504,17.45743,487.696198,179.770279,0.329566,179.991409,8977,False,True,108,1309,False,
413,/kuka/axis_move/feedback_json,std_msgs/msg/String,2026-08-31T21:07:31.205851-04:00,1788224851,205843743,1788224851205843743,126.703441,,,,36457,36456,1,0,0,36457,AxisTarget,1,True,True,True,False,-2.008105,-71.67823,114.898125,-0.000404,46.464649,-2.238333,498.22641,17.467697,489.574432,179.769547,0.335061,179.987335,8977,False,True,108,1309,False,
414,/kuka/axis_move/feedback_json,std_msgs/msg/String,2026-08-31T21:07:31.334659-04:00,1788224851,334650159,1788224851334650159,128.806416,,,,36458,36457,1,0,0,36458,AxisTarget,1,True,True,True,False,-2.008983,-71.84449,114.810188,-0.005734,46.713192,-2.23624,498.140564,17.477741,491.454224,179.768845,0.340557,179.983231,8977,False,True,108,1309,False,
415,/kuka/axis_move/feedback_json,std_msgs/msg/String,2026-08-31T21:07:31.462596-04:00,1788224851,462574277,1788224851462574277,127.924118,,,,36459,36458,1,0,0,36459,AxisTarget,1,True,True,True,False,-2.009862,-72.01075,114.722252,-0.011064,46.961731,-2.234143,498.046997,17.487564,493.335541,179.768188,0.346054,179.979095,8977,False,True,108,1309,False,
416,/kuka/axis_move/feedback_json,std_msgs/msg/String,2026-08-31T21:07:31.589021-04:00,1788224851,589002223,1788224851589002223,126.427946,,,,36460,36459,1,0,0,36460,AxisTarget,1,True,True,True,False,-2.010714,-72.171112,114.637894,-0.01615,47.197536,-2.232163,497.947601,17.496992,495.184631,179.767593,0.351452,179.975006,8977,False,True,108,1309,False,
417,/kuka/axis_move/feedback_json,std_msgs/msg/String,2026-08-31T21:07:31.715123-04:00,1788224851,715117807,1788224851715117807,126.115584,,,,36461,36460,1,0,0,36461,AxisTarget,1,True,True,True,False,-2.0115,-72.320618,114.558372,-0.020997,47.424946,-2.23023,497.848511,17.505556,496.904572,179.767059,0.356469,179.971176,8977,False,True,108,1309,False,
418,/kuka/axis_move/feedback_json,std_msgs/msg/String,2026-08-31T21:07:31.840950-04:00,1788224851,840944621,1788224851840944621,125.826814,,,,36462,36461,1,0,0,36462,AxisTarget,1,True,True,True,False,-2.01238,-72.486877,114.470444,-0.026327,47.673485,-2.228132,497.732544,17.514717,498.79007,179.76651,0.361963,179.966949,8977,False,True,108,1309,False,
419,/kuka/axis_move/feedback_json,std_msgs/msg/String,2026-08-31T21:07:31.963264-04:00,1788224851,963258636,1788224851963258636,122.314015,,,,36463,36462,1,0,0,36463,AxisTarget,1,True,True,True,False,-2.013234,-72.647949,114.385254,-0.031489,47.914257,-2.226104,497.612823,17.523386,500.61792,179.766006,0.367287,179.96283,8977,False,True,108,1309,False,
420,/kuka/axis_move/feedback_json,std_msgs/msg/String,2026-08-31T21:07:32.091454-04:00,1788224852,91443301,1788224852091443301,128.184665,,,,36464,36463,1,0,0,36464,AxisTarget,1,True,True,True,False,-2.014092,-72.809013,114.300064,-0.036649,48.155033,-2.224084,497.48584,17.531864,502.447052,179.765533,0.372612,179.958679,8977,False,True,108,1309,False,
421,/kuka/axis_move/feedback_json,std_msgs/msg/String,2026-08-31T21:07:32.215563-04:00,1788224852,215556474,1788224852215556474,124.113173,,,,36465,36464,1,0,0,36465,AxisTarget,1,True,True,True,False,-2.014901,-72.960342,114.220123,-0.04165,48.388325,-2.222131,497.3591,17.539692,504.177063,179.765121,0.377646,179.954742,8977,False,True,108,1309,False,
422,/kuka/axis_move/feedback_json,std_msgs/msg/String,2026-08-31T21:07:32.344564-04:00,1788224852,344548160,1788224852344548160,128.991686,,,,36466,36465,1,0,0,36466,AxisTarget,1,True,True,True,False,-2.015784,-73.126114,114.132355,-0.046807,48.629044,-2.220115,497.219177,17.547688,505.992554,179.764709,0.382925,179.950577,8977,False,True,108,1309,False,
423,/kuka/axis_move/feedback_json,std_msgs/msg/String,2026-08-31T21:07:32.467254-04:00,1788224852,467217147,1788224852467217147,122.668987,,,,36467,36466,1,0,0,36467,AxisTarget,1,True,True,True,False,-2.016611,-73.287842,114.047058,-0.051981,48.868481,-2.218133,497.064087,17.555586,507.904999,179.764252,0.388482,179.946136,8977,False,True,108,1309,False,
424,/kuka/axis_move/feedback_json,std_msgs/msg/String,2026-08-31T21:07:33.232416-04:00,1788224853,232405112,1788224853232405112,765.187965,,,,36468,36467,1,0,0,36468,AxisTarget,1,False,True,True,False,-2.0169,-73.341301,114.021301,-0.0534,48.927399,-2.2177,496.999146,17.558613,508.677765,179.764069,0.390727,179.944336,8978,False,True,109,1312,True,
425,/kuka/axis_move/feedback_json,std_msgs/msg/String,2026-08-31T21:07:33.994850-04:00,1788224853,994839494,1788224853994839494,762.434382,,,,36469,36468,1,0,0,36469,AxisTarget,1,True,True,True,True,-1.811686,-74.920692,111.705742,-0.041735,44.152802,-2.007583,512.112122,16.276766,535.657654,179.738724,8.572988,179.660507,8979,False,True,109,1318,True,
426,/kuka/axis_move/feedback_json,std_msgs/msg/String,2026-08-31T21:07:34.122808-04:00,1788224854,122796204,1788224854122796204,127.95671,,,,36470,36469,1,0,0,36470,AxisTarget,1,True,True,True,False,-1.751636,-75.375351,111.078888,-0.038612,42.89904,-1.953239,516.327209,15.85801,544.256531,179.723862,11.044922,179.583969,8979,False,True,109,1318,True,
427,/kuka/axis_move/feedback_json,std_msgs/msg/String,2026-08-31T21:07:34.250620-04:00,1788224854,250609612,1788224854250609612,127.813408,,,,36471,36470,1,0,0,36471,AxisTarget,1,True,True,True,False,-1.688358,-75.860191,110.378128,-0.035091,41.467232,-1.890579,520.476807,15.412982,553.306824,179.705551,13.586334,179.509293,8979,False,True,109,1318,True,
428,/kuka/axis_move/feedback_json,std_msgs/msg/String,2026-08-31T21:07:34.378914-04:00,1788224854,378909381,1788224854378909381,128.299769,,,,36472,36471,1,0,0,36472,AxisTarget,1,True,True,True,True,-1.625796,-76.334404,109.699982,-0.031751,40.1087,-1.831643,524.371155,14.961136,562.418579,179.684738,16.087927,179.439484,8979,False,True,109,1319,True,
429,/kuka/axis_move/feedback_json,std_msgs/msg/String,2026-08-31T21:07:34.506746-04:00,1788224854,506730634,1788224854506730634,127.821253,,,,36473,36472,1,0,0,36473,AxisTarget,1,True,True,True,False,-1.561893,-76.823746,108.993271,-0.028233,38.666843,-1.76856,528.275635,14.468596,572.269165,179.659897,18.733513,179.369476,8979,False,True,109,1319,True,
430,/kuka/axis_move/feedback_json,std_msgs/msg/String,2026-08-31T21:07:34.783415-04:00,1788224854,783404603,1788224854783404603,276.673969,,,,36474,36473,1,0,0,36474,AxisTarget,1,True,True,True,True,-1.42182,-77.890457,107.46019,-0.020561,35.566971,-1.63344,535.794006,13.374686,593.882385,179.598465,24.349384,179.232971,8980,False,True,110,1320,True,
431,/kuka/axis_move/feedback_json,std_msgs/msg/String,2026-08-31T21:07:34.907668-04:00,1788224854,907655711,1788224854907655711,124.251108,,,,36475,36474,1,0,0,36475,AxisTarget,1,True,True,True,False,-1.356591,-78.387413,106.745911,-0.017002,34.122791,-1.570523,539.060303,12.819188,604.752808,179.564514,27.087631,179.171906,8980,False,True,110,1321,True,
432,/kuka/axis_move/feedback_json,std_msgs/msg/String,2026-08-31T21:07:35.036808-04:00,1788224855,36797417,1788224855036797417,129.141706,,,,36476,36475,1,0,0,36476,AxisTarget,1,True,True,True,True,-1.296403,-78.843063,106.095284,-0.013798,32.823723,-1.514278,541.709961,12.318826,614.49884,179.532578,29.499353,179.12088,8980,False,True,110,1321,True,
433,/kuka/axis_move/feedback_json,std_msgs/msg/String,2026-08-31T21:07:35.158869-04:00,1788224855,158839805,1788224855158839805,122.042388,,,,36477,36476,1,0,0,36477,AxisTarget,1,True,True,True,False,-1.235026,-79.313683,105.414726,-0.010404,31.430937,-1.453258,544.180603,11.799516,624.573242,179.498276,31.95293,179.071518,8980,False,True,110,1321,True,
434,/kuka/axis_move/feedback_json,std_msgs/msg/String,2026-08-31T21:07:35.287793-04:00,1788224855,287781672,1788224855287781672,128.941867,,,,36478,36477,1,0,0,36478,AxisTarget,1,True,True,True,False,-1.169848,-79.810127,104.701462,-0.006852,29.990231,-1.390534,546.588989,11.226943,635.638062,179.459244,34.605484,179.020935,8980,False,True,110,1322,True,
435,/kuka/axis_move/feedback_json,std_msgs/msg/String,2026-08-31T21:07:35.411159-04:00,1788224855,411140715,1788224855411140715,123.359043,,,,36479,36478,1,0,0,36479,AxisTarget,1,True,True,True,True,-1.11265,-80.242546,104.084404,-0.003787,28.758808,-1.335509,548.564209,10.688598,646.008606,179.421463,37.054863,178.9767,8980,False,True,110,1322,True,
436,/kuka/axis_move/feedback_json,std_msgs/msg/String,2026-08-31T21:07:35.537236-04:00,1788224855,537223592,1788224855537223592,126.082877,,,,36480,36479,1,0,0,36480,AxisTarget,1,True,True,True,False,-1.051747,-80.709724,103.408325,-0.000388,27.373732,-1.276448,550.290161,10.143288,656.491394,179.382187,39.497749,178.934799,8980,False,True,110,1322,True,
437,/kuka/axis_move/feedback_json,std_msgs/msg/String,2026-08-31T21:07:35.667085-04:00,1788224855,667073844,1788224855667073844,129.850252,,,,36481,36480,1,0,0,36481,AxisTarget,1,True,True,True,False,-0.986697,-81.204941,102.675255,0.003249,25.896204,-1.212187,551.880798,9.543071,668.015442,179.33783,42.148338,178.891724,8980,False,True,110,1323,True,
438,/kuka/axis_move/feedback_json,std_msgs/msg/String,2026-08-31T21:07:35.795203-04:00,1788224855,795192442,1788224855795192442,128.118598,,,,36482,36481,1,0,0,36482,AxisTarget,1,True,True,True,True,-0.928228,-81.64798,102.063873,0.006263,24.670338,-1.158937,553.036987,9.005745,678.325623,179.297134,44.491451,178.855637,8980,False,True,110,1323,True,
439,/kuka/axis_move/feedback_json,std_msgs/msg/String,2026-08-31T21:07:35.919576-04:00,1788224855,919556036,1788224855919556036,124.363594,,,,36483,36482,1,0,0,36483,AxisTarget,1,True,True,True,False,-0.865952,-82.125443,101.373611,0.009709,23.259184,-1.097134,554.001831,8.429488,689.379883,179.252472,46.976711,178.81929,8980,False,True,110,1323,True,
440,/kuka/axis_move/feedback_json,std_msgs/msg/String,2026-08-31T21:07:36.045663-04:00,1788224856,45658422,1788224856045658422,126.102386,,,,36484,36483,1,0,0,36484,AxisTarget,1,True,True,True,False,-0.801371,-82.616241,100.67012,0.013208,21.845892,-1.035804,554.744019,7.791218,701.62616,179.201767,49.700474,178.781631,8980,False,True,110,1324,True,
441,/kuka/axis_move/feedback_json,std_msgs/msg/String,2026-08-31T21:07:36.172007-04:00,1788224856,171997828,1788224856171997828,126.339406,,,,36485,36484,1,0,0,36485,AxisTarget,1,True,True,True,True,-0.748434,-83.031067,100.07576,0.016174,20.648787,-0.983706,555.096008,7.276784,711.505554,179.159927,51.877403,178.753098,8980,False,True,110,1324,True,
442,/kuka/axis_move/feedback_json,std_msgs/msg/String,2026-08-31T21:07:36.294501-04:00,1788224856,294493458,1788224856294493458,122.49563,,,,36486,36485,1,0,0,36486,AxisTarget,1,True,True,True,False,-0.685863,-83.497185,99.40213,0.019562,19.272638,-0.923473,555.231445,6.678634,723.013367,179.110168,54.392521,178.721741,8980,False,True,110,1324,True,
443,/kuka/axis_move/feedback_json,std_msgs/msg/String,2026-08-31T21:07:36.418489-04:00,1788224856,418455135,1788224856418455135,123.961677,,,,36487,36486,1,0,0,36487,AxisTarget,1,True,True,True,False,-0.621749,-83.984032,98.705078,0.023035,17.875584,-0.862902,555.058044,6.050982,735.123047,179.056564,57.017746,178.690735,8980,False,True,110,1325,True,
444,/kuka/axis_move/feedback_json,std_msgs/msg/String,2026-08-31T21:07:36.543300-04:00,1788224856,543289261,1788224856543289261,124.834126,,,,36488,36487,1,0,0,36488,AxisTarget,1,True,True,True,True,-0.570044,-84.376839,98.141815,0.025848,16.739052,-0.813363,554.679321,5.541489,744.984131,179.011902,59.141132,178.666824,8980,False,True,110,1325,True,
445,/kuka/axis_move/feedback_json,std_msgs/msg/String,2026-08-31T21:07:36.669459-04:00,1788224856,669448548,1788224856669448548,126.159287,,,,36489,36488,1,0,0,36489,AxisTarget,1,True,True,True,False,-0.509807,-84.838676,97.474174,0.029198,15.374169,-0.753579,553.98407,4.959141,756.294556,178.959442,61.562599,178.640671,8980,False,True,110,1325,True,
446,/kuka/axis_move/feedback_json,std_msgs/msg/String,2026-08-31T21:07:36.794797-04:00,1788224856,794764880,1788224856794764880,125.316332,,,,36490,36489,1,0,0,36490,AxisTarget,1,True,True,True,False,-0.445963,-85.323189,96.76123,0.032719,13.947969,-0.691806,552.913696,4.329152,768.585327,178.900696,64.179268,178.613434,8980,False,True,110,1326,True,
447,/kuka/axis_move/feedback_json,std_msgs/msg/String,2026-08-31T21:07:36.923303-04:00,1788224856,923293240,1788224856923293240,128.52836,,,,36491,36490,1,0,0,36491,AxisTarget,1,True,True,True,True,-0.393868,-85.71888,96.213501,0.03543,12.841565,-0.643559,551.789856,3.81435,778.679016,178.850906,66.318413,178.591751,8980,False,True,110,1326,True,
448,/kuka/axis_move/feedback_json,std_msgs/msg/String,2026-08-31T21:07:37.048709-04:00,1788224857,48699510,1788224857048699510,125.40627,,,,36492,36491,1,0,0,36492,AxisTarget,1,True,True,True,False,-0.332722,-86.187767,95.535339,0.038815,11.453915,-0.582762,550.280518,3.244781,789.907288,178.793579,68.68943,178.568008,8980,False,True,110,1326,True,
449,/kuka/axis_move/feedback_json,std_msgs/msg/String,2026-08-31T21:07:37.174795-04:00,1788224857,174786225,1788224857174786225,126.086715,,,,36493,36492,1,0,0,36493,AxisTarget,1,True,True,True,True,-0.270723,-86.656067,94.868301,0.042101,10.130927,-0.52571,548.32019,2.627054,802.166809,178.728088,71.26992,178.541901,8980,False,True,110,1327,True,
450,/kuka/axis_move/feedback_json,std_msgs/msg/String,2026-08-31T21:07:37.299078-04:00,1788224857,299066988,1788224857299066988,124.280763,,,,36494,36493,1,0,0,36494,AxisTarget,1,True,True,True,False,-0.22402,-87.012505,94.354576,0.044668,9.083923,-0.479866,546.663269,2.174156,811.21637,178.677231,73.170486,178.521896,8980,False,True,110,1327,True,
451,/kuka/axis_move/feedback_json,std_msgs/msg/String,2026-08-31T21:07:37.422758-04:00,1788224857,422753632,1788224857422753632,123.686644,,,,36495,36494,1,0,0,36495,AxisTarget,1,True,True,True,False,-0.166262,-87.454926,93.715538,0.047865,7.78095,-0.422899,544.322449,1.60816,822.608826,178.609039,75.559456,178.494705,8980,False,True,110,1328,True,
452,/kuka/axis_move/feedback_json,std_msgs/msg/String,2026-08-31T21:07:37.546458-04:00,1788224857,546447418,1788224857546447418,123.693786,,,,36496,36495,1,0,0,36496,AxisTarget,1,True,True,True,True,-0.116307,-87.830299,93.183434,0.050482,6.733432,-0.377817,542.097412,1.128896,832.335815,178.545609,77.597221,178.46817,8980,False,True,110,1328,True,
453,/kuka/axis_move/feedback_json,std_msgs/msg/String,2026-08-31T21:07:37.674930-04:00,1788224857,674912843,1788224857674912843,128.465425,,,,36497,36496,1,0,0,36497,AxisTarget,1,True,True,True,False,-0.071253,-88.176445,92.681702,0.053005,5.700954,-0.33241,539.965515,0.710333,840.896423,178.483673,79.390076,178.440155,8980,False,True,110,1328,True,
454,/kuka/axis_move/feedback_json,std_msgs/msg/String,2026-08-31T21:07:37.798477-04:00,1788224857,798470991,1788224857798470991,123.558148,,,,36498,36497,1,0,0,36498,AxisTarget,1,True,True,True,True,-0.01793,-88.580025,92.105652,0.05586,4.554909,-0.282925,537.047974,0.187697,851.675415,178.391998,81.648094,178.393127,8980,False,True,110,1329,True,
455,/kuka/axis_move/feedback_json,std_msgs/msg/String,2026-08-31T21:07:37.923088-04:00,1788224857,923072542,1788224857923072542,124.601551,,,,36499,36498,1,0,0,36499,AxisTarget,1,True,True,True,False,0.020252,-88.870796,91.687103,0.057956,3.703451,-0.245655,534.884094,-0.169479,859.105591,178.312912,83.205681,178.346115,8980,False,True,110,1329,True,
456,/kuka/axis_move/feedback_json,std_msgs/msg/String,2026-08-31T21:07:38.048585-04:00,1788224858,48577654,1788224858048577654,125.505112,,,,36500,36499,1,0,0,36500,AxisTarget,1,True,True,True,False,0.064593,-89.218391,91.188499,0.060446,2.702078,-0.202235,532.226196,-0.578572,867.692444,178.187637,85.007561,178.259155,8980,False,True,110,1330,False,
457,/kuka/axis_move/feedback_json,std_msgs/msg/String,2026-08-31T21:07:38.175726-04:00,1788224858,175694297,1788224858175694297,127.116643,,,,36501,36500,1,0,0,36501,AxisTarget,1,True,True,True,True,0.099592,-89.473595,90.823219,0.062272,1.96694,-0.170227,529.96991,-0.903822,874.584167,178.025482,86.455627,178.128723,8980,False,True,110,1330,False,
458,/kuka/axis_move/feedback_json,std_msgs/msg/String,2026-08-31T21:07:38.302677-04:00,1788224858,302672426,1788224858302672426,126.978129,,,,36502,36501,1,0,0,36502,AxisTarget,1,True,True,True,False,0.137567,-89.761497,90.411934,0.064288,1.14753,-0.134859,527.423645,-1.250293,881.98468,177.641632,88.012947,177.779999,8980,False,True,110,1330,False,
459,/kuka/axis_move/feedback_json,std_msgs/msg/String,2026-08-31T21:07:38.428254-04:00,1788224858,428249135,1788224858428249135,125.576709,,,,36503,36502,1,0,0,36503,AxisTarget,1,True,True,True,False,0.165571,-89.974686,90.105484,0.06579,0.526862,-0.107813,525.542236,-1.493899,887.225464,176.625488,89.117393,176.789398,8980,False,True,110,1330,False,
460,/kuka/axis_move/feedback_json,std_msgs/msg/String,2026-08-31T21:07:38.558893-04:00,1788224858,558888779,1788224858558888779,130.639644,,,,36504,36503,1,0,0,36504,AxisTarget,1,True,True,True,False,0.18689,-90.133888,89.881256,0.066944,0.082901,-0.088909,523.894714,-1.699273,891.672668,24.172796,89.937172,24.358782,8980,False,True,110,1330,False,
461,/kuka/axis_move/feedback_json,std_msgs/msg/String,2026-08-31T21:07:38.685672-04:00,1788224858,685660590,1788224858685660590,126.771811,,,,36505,36504,1,0,0,36505,AxisTarget,1,True,True,True,False,0.193501,-90.180397,89.82,0.0672,-0.010298,-0.0852,523.334473,-1.767381,893.156067,2.587492,89.62896,2.780919,8980,False,True,110,1330,False,
462,/kuka/axis_move/feedback_json,std_msgs/msg/String,2026-08-31T21:07:38.810639-04:00,1788224858,810634113,1788224858810634113,124.973523,,,,36506,36505,1,0,0,36506,AxisTarget,1,False,True,False,False,0.1935,-90.180397,89.82,0.0672,-0.0103,-0.0852,523.33429,-1.767401,893.156494,2.586455,89.628868,2.779885,8980,False,True,110,1330,False,
463,/kuka/axis_move/feedback_json,std_msgs/msg/String,2026-08-31T21:07:38.939928-04:00,1788224858,939915806,1788224858939915806,129.281693,,,,36507,36506,1,0,0,36507,AxisTarget,1,False,True,False,False,0.1935,-90.180397,89.82,0.0672,-0.0103,-0.0852,523.33429,-1.767401,893.156494,2.586455,89.628868,2.779885,8980,False,True,110,1330,False,
464,/kuka/axis_move/feedback_json,std_msgs/msg/String,2026-08-31T21:07:39.063886-04:00,1788224859,63881116,1788224859063881116,123.96531,,,,36508,36507,1,0,0,36508,AxisTarget,1,False,True,False,False,0.1935,-90.180397,89.82,0.0672,-0.0103,-0.0852,523.33429,-1.767401,893.156494,2.586455,89.628868,2.779885,8980,False,True,110,1330,False,
465,/kuka/axis_move/feedback_json,std_msgs/msg/String,2026-08-31T21:07:39.190756-04:00,1788224859,190745347,1788224859190745347,126.864231,,,,36509,36508,1,0,0,36509,AxisTarget,1,False,True,False,False,0.1935,-90.180397,89.82,0.0672,-0.0103,-0.0852,523.33429,-1.767401,893.156494,2.586455,89.628868,2.779885,8980,False,True,110,1330,False,
466,/kuka/axis_move/feedback_json,std_msgs/msg/String,2026-08-31T21:07:39.320494-04:00,1788224859,320488867,1788224859320488867,129.74352,,,,36510,36509,1,0,0,36510,AxisTarget,1,False,True,False,False,0.1935,-90.180397,89.82,0.0672,-0.0103,-0.0852,523.33429,-1.767401,893.156494,2.586455,89.628868,2.779885,8980,False,True,110,1330,False,
467,/kuka/axis_move/feedback_json,std_msgs/msg/String,2026-08-31T21:07:39.448360-04:00,1788224859,448355076,1788224859448355076,127.866209,,,,36511,36510,1,0,0,36511,AxisTarget,1,False,True,False,False,0.1935,-90.180397,89.82,0.0672,-0.0103,-0.0852,523.33429,-1.767401,893.156494,2.586455,89.628868,2.779885,8980,False,True,110,1330,False,
468,/kuka/axis_move/feedback_json,std_msgs/msg/String,2026-08-31T21:07:39.574735-04:00,1788224859,574704272,1788224859574704272,126.349196,,,,36512,36511,1,0,0,36512,AxisTarget,1,False,True,False,False,0.1935,-90.180397,89.82,0.0672,-0.0103,-0.0852,523.33429,-1.767401,893.156494,2.586455,89.628868,2.779885,8980,False,True,110,1330,False,
469,/kuka/axis_move/feedback_json,std_msgs/msg/String,2026-08-31T21:07:39.703182-04:00,1788224859,703177012,1788224859703177012,128.47274,,,,36513,36512,1,0,0,36513,AxisTarget,1,False,True,False,False,0.1935,-90.180397,89.82,0.0672,-0.0103,-0.0852,523.33429,-1.767401,893.156494,2.586455,89.628868,2.779885,8980,False,True,110,1330,False,
470,/kuka/axis_move/feedback_json,std_msgs/msg/String,2026-08-31T21:07:39.833270-04:00,1788224859,833259764,1788224859833259764,130.082752,,,,36514,36513,1,0,0,36514,AxisTarget,1,False,True,False,False,0.1935,-90.180397,89.82,0.0672,-0.0103,-0.0852,523.33429,-1.767401,893.156494,2.586455,89.628868,2.779885,8980,False,True,110,1330,False,
471,/kuka/axis_move/feedback_json,std_msgs/msg/String,2026-08-31T21:07:39.956648-04:00,1788224859,956641940,1788224859956641940,123.382176,,,,36515,36514,1,0,0,36515,AxisTarget,1,False,True,False,False,0.1935,-90.180397,89.82,0.0672,-0.0103,-0.0852,523.33429,-1.767401,893.156494,2.586455,89.628868,2.779885,8980,False,True,110,1330,False,
472,/kuka/axis_move/feedback_json,std_msgs/msg/String,2026-08-31T21:07:40.087117-04:00,1788224860,87112580,1788224860087112580,130.47064,,,,36516,36515,1,0,0,36516,AxisTarget,1,False,True,False,False,0.1935,-90.180397,89.82,0.0672,-0.0103,-0.0852,523.33429,-1.767401,893.156494,2.586455,89.628868,2.779885,8980,False,True,110,1330,False,
473,/kuka/axis_move/feedback_json,std_msgs/msg/String,2026-08-31T21:07:40.312547-04:00,1788224860,312530039,1788224860312530039,225.417459,,,,36517,36516,1,0,0,36517,AxisTarget,1,False,True,False,False,0.1935,-90.180397,89.82,0.0672,-0.0103,-0.0852,523.33429,-1.767401,893.156494,2.586455,89.628868,2.779885,8981,False,True,110,1330,False,
474,/kuka/axis_move/feedback_json,std_msgs/msg/String,2026-08-31T21:07:40.439029-04:00,1788224860,439017639,1788224860439017639,126.4876,,,,36518,36517,1,0,0,36518,AxisTarget,1,False,True,False,False,0.1935,-90.180397,89.82,0.0672,-0.0103,-0.0852,523.33429,-1.767401,893.156494,2.586455,89.628868,2.779885,8981,False,True,110,1330,False,
475,/kuka/axis_move/feedback_json,std_msgs/msg/String,2026-08-31T21:07:40.562483-04:00,1788224860,562477127,1788224860562477127,123.459488,,,,36519,36518,1,0,0,36519,AxisTarget,1,False,True,False,False,0.1935,-90.180397,89.82,0.0672,-0.0103,-0.0852,523.33429,-1.767401,893.156494,2.586455,89.628868,2.779885,8981,False,True,110,1330,False,
476,/kuka/axis_move/feedback_json,std_msgs/msg/String,2026-08-31T21:07:40.686884-04:00,1788224860,686874034,1788224860686874034,124.396907,,,,36520,36519,1,0,0,36520,AxisTarget,1,False,True,False,False,0.1935,-90.180397,89.82,0.0672,-0.0103,-0.0852,523.33429,-1.767401,893.156494,2.586455,89.628868,2.779885,8981,False,True,110,1330,False,
477,/kuka/axis_move/feedback_json,std_msgs/msg/String,2026-08-31T21:07:40.905227-04:00,1788224860,905221509,1788224860905221509,218.347475,,,,36521,36520,1,0,0,36521,AxisTarget,1,False,True,False,False,0.1935,-90.180397,89.82,0.0672,-0.0103,-0.0852,523.33429,-1.767401,893.156494,2.586455,89.628868,2.779885,8982,False,True,110,1330,False,
478,/kuka/axis_move/feedback_json,std_msgs/msg/String,2026-08-31T21:07:41.034728-04:00,1788224861,34711758,1788224861034711758,129.490249,,,,36522,36521,1,0,0,36522,AxisTarget,1,False,True,False,False,0.1935,-90.180397,89.82,0.0672,-0.0103,-0.0852,523.33429,-1.767401,893.156494,2.586455,89.628868,2.779885,8982,False,True,110,1330,False,
479,/kuka/axis_move/feedback_json,std_msgs/msg/String,2026-08-31T21:07:41.162830-04:00,1788224861,162819490,1788224861162819490,128.107732,,,,36523,36522,1,0,0,36523,AxisTarget,1,False,True,False,False,0.1935,-90.180397,89.82,0.0672,-0.0103,-0.0852,523.33429,-1.767401,893.156494,2.586455,89.628868,2.779885,8982,False,True,110,1330,False,
480,/kuka/axis_move/feedback_json,std_msgs/msg/String,2026-08-31T21:07:41.286319-04:00,1788224861,286314373,1788224861286314373,123.494883,,,,36524,36523,1,0,0,36524,AxisTarget,1,False,True,False,False,0.1935,-90.180397,89.82,0.0672,-0.0103,-0.0852,523.33429,-1.767401,893.156494,2.586455,89.628868,2.779885,8982,False,True,110,1330,False,
481,/kuka/axis_move/feedback_json,std_msgs/msg/String,2026-08-31T21:07:41.506341-04:00,1788224861,506319495,1788224861506319495,220.005122,,,,36525,36524,1,0,0,36525,AxisTarget,1,False,True,False,False,0.1935,-90.180397,89.82,0.0672,-0.0103,-0.0852,523.33429,-1.767401,893.156494,2.586455,89.628868,2.779885,8983,False,True,110,1330,False,
482,/kuka/axis_move/feedback_json,std_msgs/msg/String,2026-08-31T21:07:41.634565-04:00,1788224861,634555071,1788224861634555071,128.235576,,,,36526,36525,1,0,0,36526,AxisTarget,1,False,True,False,False,0.1935,-90.180397,89.82,0.0672,-0.0103,-0.0852,523.33429,-1.767401,893.156494,2.586455,89.628868,2.779885,8983,False,True,110,1330,False,
483,/kuka/axis_move/feedback_json,std_msgs/msg/String,2026-08-31T21:07:41.759124-04:00,1788224861,759114337,1788224861759114337,124.559266,,,,36527,36526,1,0,0,36527,AxisTarget,1,False,True,False,False,0.1935,-90.180397,89.82,0.0672,-0.0103,-0.0852,523.33429,-1.767401,893.156494,2.586455,89.628868,2.779885,8983,False,True,110,1330,False,
484,/kuka/axis_move/feedback_json,std_msgs/msg/String,2026-08-31T21:07:41.889553-04:00,1788224861,889548014,1788224861889548014,130.433677,,,,36528,36527,1,0,0,36528,AxisTarget,1,False,True,False,False,0.1935,-90.180397,89.82,0.0672,-0.0103,-0.0852,523.33429,-1.767401,893.156494,2.586455,89.628868,2.779885,8983,False,True,110,1330,False,
485,/kuka/axis_move/feedback_json,std_msgs/msg/String,2026-08-31T21:07:42.111362-04:00,1788224862,111351323,1788224862111351323,221.803309,,,,36529,36528,1,0,0,36529,AxisTarget,1,False,True,False,False,0.1935,-90.180397,89.82,0.0672,-0.0103,-0.0852,523.33429,-1.767401,893.156494,2.586455,89.628868,2.779885,8984,False,True,110,1330,False,
486,/kuka/axis_move/feedback_json,std_msgs/msg/String,2026-08-31T21:07:42.234267-04:00,1788224862,234257396,1788224862234257396,122.906073,,,,36530,36529,1,0,0,36530,AxisTarget,1,False,True,False,False,0.1935,-90.180397,89.82,0.0672,-0.0103,-0.0852,523.33429,-1.767401,893.156494,2.586455,89.628868,2.779885,8984,False,True,110,1330,False,
487,/kuka/axis_move/feedback_json,std_msgs/msg/String,2026-08-31T21:07:42.363320-04:00,1788224862,363309040,1788224862363309040,129.051644,,,,36531,36530,1,0,0,36531,AxisTarget,1,False,True,False,False,0.1935,-90.180397,89.82,0.0672,-0.0103,-0.0852,523.33429,-1.767401,893.156494,2.586455,89.628868,2.779885,8984,False,True,110,1330,False,
488,/kuka/axis_move/feedback_json,std_msgs/msg/String,2026-08-31T21:07:42.492011-04:00,1788224862,492006374,1788224862492006374,128.697334,,,,36532,36531,1,0,0,36532,AxisTarget,1,False,True,False,False,0.1935,-90.180397,89.82,0.0672,-0.0103,-0.0852,523.33429,-1.767401,893.156494,2.586455,89.628868,2.779885,8984,False,True,110,1330,False,
489,/kuka/axis_move/feedback_json,std_msgs/msg/String,2026-08-31T21:07:42.714884-04:00,1788224862,714878902,1788224862714878902,222.872528,,,,36533,36532,1,0,0,36533,AxisTarget,1,False,True,False,False,0.1935,-90.180397,89.82,0.0672,-0.0103,-0.0852,523.33429,-1.767401,893.156494,2.586455,89.628868,2.779885,8985,False,True,110,1330,False,
490,/kuka/axis_move/feedback_json,std_msgs/msg/String,2026-08-31T21:07:42.840088-04:00,1788224862,840082730,1788224862840082730,125.203828,,,,36534,36533,1,0,0,36534,AxisTarget,1,False,True,False,False,0.1935,-90.180397,89.82,0.0672,-0.0103,-0.0852,523.33429,-1.767401,893.156494,2.586455,89.628868,2.779885,8985,False,True,110,1330,False,
491,/kuka/axis_move/feedback_json,std_msgs/msg/String,2026-08-31T21:07:42.966995-04:00,1788224862,966977708,1788224862966977708,126.894978,,,,36535,36534,1,0,0,36535,AxisTarget,1,False,True,False,False,0.1935,-90.180397,89.82,0.0672,-0.0103,-0.0852,523.33429,-1.767401,893.156494,2.586455,89.628868,2.779885,8985,False,True,110,1330,False,
492,/kuka/axis_move/feedback_json,std_msgs/msg/String,2026-08-31T21:07:43.090691-04:00,1788224863,90680670,1788224863090680670,123.702962,,,,36536,36535,1,0,0,36536,AxisTarget,1,False,True,False,False,0.1935,-90.180397,89.82,0.0672,-0.0103,-0.0852,523.33429,-1.767401,893.156494,2.586455,89.628868,2.779885,8985,False,True,110,1330,False,
493,/kuka/axis_move/feedback_json,std_msgs/msg/String,2026-08-31T21:07:43.310602-04:00,1788224863,310591826,1788224863310591826,219.911156,,,,36537,36536,1,0,0,36537,AxisTarget,1,False,True,False,False,0.1935,-90.180397,89.82,0.0672,-0.0103,-0.0852,523.33429,-1.767401,893.156494,2.586455,89.628868,2.779885,8986,False,True,110,1330,False,
494,/kuka/axis_move/feedback_json,std_msgs/msg/String,2026-08-31T21:07:43.430375-04:00,1788224863,430364634,1788224863430364634,119.772808,,,,36538,36537,1,0,0,36538,AxisTarget,1,False,True,False,False,0.1935,-90.180397,89.82,0.0672,-0.0103,-0.0852,523.33429,-1.767401,893.156494,2.586455,89.628868,2.779885,8986,False,True,110,1330,False,
495,/kuka/axis_move/feedback_json,std_msgs/msg/String,2026-08-31T21:07:43.554554-04:00,1788224863,554542670,1788224863554542670,124.178036,,,,36539,36538,1,0,0,36539,AxisTarget,1,False,True,False,False,0.1935,-90.180397,89.82,0.0672,-0.0103,-0.0852,523.33429,-1.767401,893.156494,2.586455,89.628868,2.779885,8986,False,True,110,1330,False,
496,/kuka/axis_move/feedback_json,std_msgs/msg/String,2026-08-31T21:07:43.682553-04:00,1788224863,682542055,1788224863682542055,127.999385,,,,36540,36539,1,0,0,36540,AxisTarget,1,False,True,False,False,0.1935,-90.180397,89.82,0.0672,-0.0103,-0.0852,523.33429,-1.767401,893.156494,2.586455,89.628868,2.779885,8986,False,True,110,1330,False,
