receive_index,topic_name,message_type,receive_wall_time_iso8601,receive_ros_time_sec,receive_ros_time_nanosec,receive_ros_time_ns,delta_receive_ms,source_stamp_sec,source_stamp_nanosec,source_stamp_ns,sequence,prev_sequence,delta_seq,sequence_gap,estimated_missing,seq,mode,status,move_ready,limits_ok,delta_ok,move_executed,axis_actual.A1,axis_actual.A2,axis_actual.A3,axis_actual.A4,axis_actual.A5,axis_actual.A6,position_actual.X,position_actual.Y,position_actual.Z,position_actual.A,position_actual.B,position_actual.C,rx_counter,bridge_safe_mode,bridge_allow_motion,batch_seq,batch_consumed,batch_active,unmapped_json
1,/kuka/axis_move/feedback_json,std_msgs/msg/String,2026-08-31T20:49:47.831381-04:00,1788223787,831369545,1788223787831369545,,,,,29319,,,0,0,29319,AxisTarget,1,False,True,False,False,0.1935,-90.180397,89.82,0.0672,-0.0103,-0.0852,523.33429,-1.767401,893.156494,2.586455,89.628868,2.779885,7810,False,True,33,399,False,
2,/kuka/axis_move/feedback_json,std_msgs/msg/String,2026-08-31T20:49:48.052569-04:00,1788223788,52558111,1788223788052558111,221.188566,,,,29320,29319,1,0,0,29320,AxisTarget,1,False,True,False,False,0.1935,-90.180397,89.82,0.0672,-0.0103,-0.0852,523.33429,-1.767401,893.156494,2.586455,89.628868,2.779885,7811,False,True,33,399,False,
3,/kuka/axis_move/feedback_json,std_msgs/msg/String,2026-08-31T20:49:48.176627-04:00,1788223788,176621427,1788223788176621427,124.063316,,,,29321,29320,1,0,0,29321,AxisTarget,1,False,True,False,False,0.1935,-90.180397,89.82,0.0672,-0.0103,-0.0852,523.33429,-1.767401,893.156494,2.586455,89.628868,2.779885,7811,False,True,33,399,False,
4,/kuka/axis_move/feedback_json,std_msgs/msg/String,2026-08-31T20:49:48.300407-04:00,1788223788,300396240,1788223788300396240,123.774813,,,,29322,29321,1,0,0,29322,AxisTarget,1,False,True,False,False,0.1935,-90.180397,89.82,0.0672,-0.0103,-0.0852,523.33429,-1.767401,893.156494,2.586455,89.628868,2.779885,7811,False,True,33,399,False,
5,/kuka/axis_move/feedback_json,std_msgs/msg/String,2026-08-31T20:49:48.422330-04:00,1788223788,422296072,1788223788422296072,121.899832,,,,29323,29322,1,0,0,29323,AxisTarget,1,False,True,False,False,0.1935,-90.180397,89.82,0.0672,-0.0103,-0.0852,523.33429,-1.767401,893.156494,2.586455,89.628868,2.779885,7811,False,True,33,399,False,
6,/kuka/axis_move/feedback_json,std_msgs/msg/String,2026-08-31T20:49:48.645683-04:00,1788223788,645662824,1788223788645662824,223.366752,,,,29324,29323,1,0,0,29324,AxisTarget,1,False,True,False,False,0.1935,-90.180397,89.82,0.0672,-0.0103,-0.0852,523.33429,-1.767401,893.156494,2.586455,89.628868,2.779885,7812,False,True,33,399,False,
7,/kuka/axis_move/feedback_json,std_msgs/msg/String,2026-08-31T20:49:48.768832-04:00,1788223788,768813305,1788223788768813305,123.150481,,,,29325,29324,1,0,0,29325,AxisTarget,1,False,True,False,False,0.1935,-90.180397,89.82,0.0672,-0.0103,-0.0852,523.33429,-1.767401,893.156494,2.586455,89.628868,2.779885,7812,False,True,33,399,False,
8,/kuka/axis_move/feedback_json,std_msgs/msg/String,2026-08-31T20:49:48.892313-04:00,1788223788,892302783,1788223788892302783,123.489478,,,,29326,29325,1,0,0,29326,AxisTarget,1,False,True,False,False,0.1935,-90.180397,89.82,0.0672,-0.0103,-0.0852,523.33429,-1.767401,893.156494,2.586455,89.628868,2.779885,7812,False,True,33,399,False,
9,/kuka/axis_move/feedback_json,std_msgs/msg/String,2026-08-31T20:49:49.018502-04:00,1788223789,18485681,1788223789018485681,126.182898,,,,29327,29326,1,0,0,29327,AxisTarget,1,False,True,False,False,0.1935,-90.180397,89.82,0.0672,-0.0103,-0.0852,523.33429,-1.767401,893.156494,2.586455,89.628868,2.779885,7812,False,True,33,399,False,
10,/kuka/axis_move/feedback_json,std_msgs/msg/String,2026-08-31T20:49:49.240193-04:00,1788223789,240187431,1788223789240187431,221.70175,,,,29328,29327,1,0,0,29328,AxisTarget,1,False,True,False,False,0.1935,-90.180397,89.82,0.0672,-0.0103,-0.0852,523.33429,-1.767401,893.156494,2.586455,89.628868,2.779885,7813,False,True,33,399,False,
11,/kuka/axis_move/feedback_json,std_msgs/msg/String,2026-08-31T20:49:49.363923-04:00,1788223789,363901444,1788223789363901444,123.714013,,,,29329,29328,1,0,0,29329,AxisTarget,1,False,True,False,False,0.1935,-90.180397,89.82,0.0672,-0.0103,-0.0852,523.33429,-1.767401,893.156494,2.586455,89.628868,2.779885,7813,False,True,33,399,False,
12,/kuka/axis_move/feedback_json,std_msgs/msg/String,2026-08-31T20:49:49.489290-04:00,1788223789,489265506,1788223789489265506,125.364062,,,,29330,29329,1,0,0,29330,AxisTarget,1,False,True,False,False,0.1935,-90.180397,89.82,0.0672,-0.0103,-0.0852,523.33429,-1.767401,893.156494,2.586455,89.628868,2.779885,7813,False,True,33,399,False,
13,/kuka/axis_move/feedback_json,std_msgs/msg/String,2026-08-31T20:49:49.608102-04:00,1788223789,608096527,1788223789608096527,118.831021,,,,29331,29330,1,0,0,29331,AxisTarget,1,False,True,False,False,0.1935,-90.180397,89.82,0.0672,-0.0103,-0.0852,523.33429,-1.767401,893.156494,2.586455,89.628868,2.779885,7813,False,True,33,399,False,
14,/kuka/axis_move/feedback_json,std_msgs/msg/String,2026-08-31T20:49:49.830176-04:00,1788223789,830154335,1788223789830154335,222.057808,,,,29332,29331,1,0,0,29332,AxisTarget,1,False,True,False,False,0.1935,-90.180397,89.82,0.0672,-0.0103,-0.0852,523.33429,-1.767401,893.156494,2.586455,89.628868,2.779885,7814,False,True,33,399,False,
15,/kuka/axis_move/feedback_json,std_msgs/msg/String,2026-08-31T20:49:49.952459-04:00,1788223789,952450575,1788223789952450575,122.29624,,,,29333,29332,1,0,0,29333,AxisTarget,1,False,True,False,False,0.1935,-90.180397,89.82,0.0672,-0.0103,-0.0852,523.33429,-1.767401,893.156494,2.586455,89.628868,2.779885,7814,False,True,33,399,False,
16,/kuka/axis_move/feedback_json,std_msgs/msg/String,2026-08-31T20:49:50.080600-04:00,1788223790,80590153,1788223790080590153,128.139578,,,,29334,29333,1,0,0,29334,AxisTarget,1,False,True,False,False,0.1935,-90.180397,89.82,0.0672,-0.0103,-0.0852,523.33429,-1.767401,893.156494,2.586455,89.628868,2.779885,7814,False,True,33,399,False,
17,/kuka/axis_move/feedback_json,std_msgs/msg/String,2026-08-31T20:49:50.204795-04:00,1788223790,204784782,1788223790204784782,124.194629,,,,29335,29334,1,0,0,29335,AxisTarget,1,False,True,False,False,0.1935,-90.180397,89.82,0.0672,-0.0103,-0.0852,523.33429,-1.767401,893.156494,2.586455,89.628868,2.779885,7814,False,True,33,399,False,
18,/kuka/axis_move/feedback_json,std_msgs/msg/String,2026-08-31T20:49:50.422762-04:00,1788223790,422756681,1788223790422756681,217.971899,,,,29336,29335,1,0,0,29336,AxisTarget,1,False,True,False,False,0.1935,-90.180397,89.82,0.0672,-0.0103,-0.0852,523.33429,-1.767401,893.156494,2.586455,89.628868,2.779885,7815,False,True,33,399,False,
19,/kuka/axis_move/feedback_json,std_msgs/msg/String,2026-08-31T20:49:50.544344-04:00,1788223790,544334294,1788223790544334294,121.577613,,,,29337,29336,1,0,0,29337,AxisTarget,1,False,True,False,False,0.1935,-90.180397,89.82,0.0672,-0.0103,-0.0852,523.33429,-1.767401,893.156494,2.586455,89.628868,2.779885,7815,False,True,33,399,False,
20,/kuka/axis_move/feedback_json,std_msgs/msg/String,2026-08-31T20:49:50.676476-04:00,1788223790,676450133,1788223790676450133,132.115839,,,,29338,29337,1,0,0,29338,AxisTarget,1,False,True,False,False,0.1935,-90.180397,89.82,0.0672,-0.0103,-0.0852,523.33429,-1.767401,893.156494,2.586455,89.628868,2.779885,7815,False,True,33,399,False,
21,/kuka/axis_move/feedback_json,std_msgs/msg/String,2026-08-31T20:49:50.801569-04:00,1788223790,801558718,1788223790801558718,125.108585,,,,29339,29338,1,0,0,29339,AxisTarget,1,False,True,False,False,0.1935,-90.180397,89.82,0.0672,-0.0103,-0.0852,523.33429,-1.767401,893.156494,2.586455,89.628868,2.779885,7815,False,True,33,399,False,
22,/kuka/axis_move/feedback_json,std_msgs/msg/String,2026-08-31T20:49:51.022546-04:00,1788223791,22533929,1788223791022533929,220.975211,,,,29340,29339,1,0,0,29340,AxisTarget,1,False,True,False,False,0.1935,-90.180397,89.82,0.0672,-0.0103,-0.0852,523.33429,-1.767401,893.156494,2.586455,89.628868,2.779885,7816,False,True,33,399,False,
23,/kuka/axis_move/feedback_json,std_msgs/msg/String,2026-08-31T20:49:51.148333-04:00,1788223791,148320181,1788223791148320181,125.786252,,,,29341,29340,1,0,0,29341,AxisTarget,1,False,True,False,False,0.1935,-90.180397,89.82,0.0672,-0.0103,-0.0852,523.33429,-1.767401,893.156494,2.586455,89.628868,2.779885,7816,False,True,33,399,False,
24,/kuka/axis_move/feedback_json,std_msgs/msg/String,2026-08-31T20:49:51.275437-04:00,1788223791,275426232,1788223791275426232,127.106051,,,,29342,29341,1,0,0,29342,AxisTarget,1,False,True,False,False,0.1935,-90.180397,89.82,0.0672,-0.0103,-0.0852,523.33429,-1.767401,893.156494,2.586455,89.628868,2.779885,7816,False,True,33,399,False,
25,/kuka/axis_move/feedback_json,std_msgs/msg/String,2026-08-31T20:49:51.398133-04:00,1788223791,398126267,1788223791398126267,122.700035,,,,29343,29342,1,0,0,29343,AxisTarget,1,False,True,False,False,0.1935,-90.180397,89.82,0.0672,-0.0103,-0.0852,523.33429,-1.767401,893.156494,2.586455,89.628868,2.779885,7816,False,True,33,399,False,
26,/kuka/axis_move/feedback_json,std_msgs/msg/String,2026-08-31T20:49:51.616457-04:00,1788223791,616439203,1788223791616439203,218.312936,,,,29344,29343,1,0,0,29344,AxisTarget,1,False,True,False,False,0.1935,-90.180397,89.82,0.0672,-0.0103,-0.0852,523.33429,-1.767401,893.156494,2.586455,89.628868,2.779885,7817,False,True,33,399,False,
27,/kuka/axis_move/feedback_json,std_msgs/msg/String,2026-08-31T20:49:51.741633-04:00,1788223791,741621199,1788223791741621199,125.181996,,,,29345,29344,1,0,0,29345,AxisTarget,1,False,True,False,False,0.1935,-90.180397,89.82,0.0672,-0.0103,-0.0852,523.33429,-1.767401,893.156494,2.586455,89.628868,2.779885,7817,False,True,33,399,False,
28,/kuka/axis_move/feedback_json,std_msgs/msg/String,2026-08-31T20:49:52.505133-04:00,1788223792,505122395,1788223792505122395,763.501196,,,,29346,29345,1,0,0,29346,AxisTarget,1,True,True,True,False,0.1935,-90.180397,89.82,0.0672,-0.0103,-0.0852,523.33429,-1.767401,893.156494,2.586455,89.628868,2.779885,7818,False,True,34,402,True,
29,/kuka/axis_move/feedback_json,std_msgs/msg/String,2026-08-31T20:49:53.272278-04:00,1788223793,272266245,1788223793272266245,767.14385,,,,29347,29346,1,0,0,29347,AxisTarget,1,True,True,True,True,-0.000182,-90.009323,89.998039,-0.013018,4.363949,-0.005869,524.725159,0.002822,884.460876,179.746155,85.973,179.745728,7819,False,True,34,407,True,
30,/kuka/axis_move/feedback_json,std_msgs/msg/String,2026-08-31T20:49:53.401103-04:00,1788223793,401090370,1788223793401090370,128.824125,,,,29348,29347,1,0,0,29348,AxisTarget,1,True,True,True,True,-0.000282,-90.012527,89.997368,-0.015705,5.807524,-0.007777,524.520874,0.004586,882.393677,179.765823,84.466087,179.765152,7819,False,True,34,408,True,
31,/kuka/axis_move/feedback_json,std_msgs/msg/String,2026-08-31T20:49:53.524648-04:00,1788223793,524636941,1788223793524636941,123.546571,,,,29349,29348,1,0,0,29349,AxisTarget,1,True,True,True,False,-0.000392,-90.01577,89.996681,-0.018457,7.28749,-0.009737,524.271301,0.0066,880.402466,179.776917,83.010765,179.775986,7819,False,True,34,408,True,
32,/kuka/axis_move/feedback_json,std_msgs/msg/String,2026-08-31T20:49:53.653016-04:00,1788223793,652995622,1788223793652995622,128.358681,,,,29350,29349,1,0,0,29350,AxisTarget,1,True,True,True,True,-0.000487,-90.018898,89.996002,-0.021121,8.70976,-0.011628,523.986511,0.00858,878.514221,179.783859,81.626503,179.782669,7819,False,True,34,409,True,
33,/kuka/axis_move/feedback_json,std_msgs/msg/String,2026-08-31T20:49:53.778078-04:00,1788223793,778040317,1788223793778040317,125.044695,,,,29351,29350,1,0,0,29351,AxisTarget,1,True,True,True,False,-0.000579,-90.022141,89.9953,-0.023903,10.195313,-0.013607,523.621704,0.010884,876.454285,179.789276,80.110672,179.787811,7819,False,True,34,409,True,
34,/kuka/axis_move/feedback_json,std_msgs/msg/String,2026-08-31T20:49:54.320691-04:00,1788223794,320681232,1788223794320681232,542.640915,,,,29352,29351,1,0,0,29352,AxisTarget,1,True,True,True,True,-0.000915,-90.035858,89.992363,-0.035603,16.437048,-0.021902,521.54303,0.021976,868.094788,179.80188,73.873039,179.798996,7820,False,True,35,411,True,
35,/kuka/axis_move/feedback_json,std_msgs/msg/String,2026-08-31T20:49:54.855164-04:00,1788223794,855158278,1788223794855158278,534.477046,,,,29353,29352,1,0,0,29353,AxisTarget,1,True,True,True,True,-0.001234,-90.049461,89.989449,-0.047198,22.633511,-0.03011,518.592773,0.035963,860.087769,179.809006,67.705589,179.804352,7821,False,True,35,413,True,
36,/kuka/axis_move/feedback_json,std_msgs/msg/String,2026-08-31T20:49:54.980943-04:00,1788223794,980923379,1788223794980923379,125.765101,,,,29354,29353,1,0,0,29354,AxisTarget,1,True,True,True,False,-0.001311,-90.052727,89.988754,-0.049967,24.124752,-0.032107,517.778748,0.039646,858.264343,179.810379,66.264778,179.805267,7821,False,True,35,413,True,
37,/kuka/axis_move/feedback_json,std_msgs/msg/String,2026-08-31T20:49:55.111645-04:00,1788223795,111639444,1788223795111639444,130.716065,,,,29355,29354,1,0,0,29355,AxisTarget,1,True,True,True,False,-0.001386,-90.055901,89.988083,-0.052656,25.569393,-0.034034,516.889893,0.043607,856.403442,179.811737,64.777496,179.806122,7821,False,True,35,413,True,
38,/kuka/axis_move/feedback_json,std_msgs/msg/String,2026-08-31T20:49:55.238143-04:00,1788223795,238134941,1788223795238134941,126.495497,,,,29356,29355,1,0,0,29356,AxisTarget,1,True,True,True,False,-0.001465,-90.059296,89.987373,-0.055535,27.104448,-0.03606,515.921997,0.04787,854.508667,179.81308,63.243793,179.806931,7821,False,True,35,414,True,
39,/kuka/axis_move/feedback_json,std_msgs/msg/String,2026-08-31T20:49:55.364424-04:00,1788223795,364399945,1788223795364399945,126.265004,,,,29357,29356,1,0,0,29357,AxisTarget,1,True,True,True,True,-0.001534,-90.062279,89.986748,-0.058067,28.452261,-0.037835,515.032898,0.051742,852.871765,179.81424,61.901588,179.807571,7821,False,True,35,414,True,
40,/kuka/axis_move/feedback_json,std_msgs/msg/String,2026-08-31T20:49:55.495484-04:00,1788223795,495474374,1788223795495474374,131.074429,,,,29358,29357,1,0,0,29358,AxisTarget,1,True,True,True,False,-0.001611,-90.065575,89.986053,-0.060859,29.943529,-0.03981,514.003052,0.056167,851.082825,179.815506,60.415043,179.808258,7821,False,True,35,414,True,
41,/kuka/axis_move/feedback_json,std_msgs/msg/String,2026-08-31T20:49:55.616803-04:00,1788223795,616791341,1788223795616791341,121.316967,,,,29359,29358,1,0,0,29359,AxisTarget,1,True,True,True,True,-0.001688,-90.068848,89.985359,-0.063632,31.434771,-0.041804,512.925964,0.060723,849.319519,179.816742,58.927761,179.808899,7821,False,True,35,415,True,
42,/kuka/axis_move/feedback_json,std_msgs/msg/String,2026-08-31T20:49:55.740930-04:00,1788223795,740900044,1788223795740900044,124.108703,,,,29360,29359,1,0,0,29360,AxisTarget,1,True,True,True,False,-0.00176,-90.072014,89.984688,-0.066317,32.87941,-0.043735,511.874359,0.065115,847.691589,179.817902,57.533428,179.809479,7821,False,True,35,415,True,
43,/kuka/axis_move/feedback_json,std_msgs/msg/String,2026-08-31T20:49:55.870420-04:00,1788223795,870408762,1788223795870408762,129.508718,,,,29361,29360,1,0,0,29361,AxisTarget,1,True,True,True,False,-0.001837,-90.07518,89.984024,-0.069018,34.324051,-0.04565,510.708588,0.06994,845.983154,179.819122,56.046139,179.810059,7821,False,True,35,416,True,
44,/kuka/axis_move/feedback_json,std_msgs/msg/String,2026-08-31T20:49:55.997694-04:00,1788223795,997689043,1788223795997689043,127.280281,,,,29362,29361,1,0,0,29362,AxisTarget,1,True,True,True,True,-0.00191,-90.078262,89.983368,-0.071653,35.722836,-0.047487,509.553772,0.074679,844.380005,179.820313,54.626072,179.810577,7821,False,True,35,416,True,
45,/kuka/axis_move/feedback_json,std_msgs/msg/String,2026-08-31T20:49:56.124045-04:00,1788223796,124040332,1788223796124040332,126.351289,,,,29363,29362,1,0,0,29363,AxisTarget,1,True,True,True,False,-0.001986,-90.081497,89.982681,-0.074432,37.206894,-0.04945,508.368622,0.079487,842.817932,179.821487,53.217419,179.811081,7821,False,True,35,416,True,
46,/kuka/axis_move/feedback_json,std_msgs/msg/String,2026-08-31T20:49:56.252485-04:00,1788223796,252479093,1788223796252479093,128.438761,,,,29364,29363,1,0,0,29364,AxisTarget,1,True,True,True,False,-0.00206,-90.084686,89.981995,-0.077208,38.696484,-0.051435,507.075134,0.084661,841.200195,179.822739,51.730152,179.811615,7821,False,True,35,417,True,
47,/kuka/axis_move/feedback_json,std_msgs/msg/String,2026-08-31T20:49:56.378542-04:00,1788223796,378536300,1788223796378536300,126.057207,,,,29365,29364,1,0,0,29365,AxisTarget,1,True,True,True,True,-0.002134,-90.087875,89.981346,-0.079794,40.089687,-0.053302,505.786774,0.089746,839.670959,179.823944,50.295044,179.812103,7821,False,True,35,417,True,
48,/kuka/axis_move/feedback_json,std_msgs/msg/String,2026-08-31T20:49:56.504883-04:00,1788223796,504872430,1788223796504872430,126.33613,,,,29366,29365,1,0,0,29366,AxisTarget,1,True,True,True,False,-0.002211,-90.091171,89.980652,-0.082575,41.580952,-0.055285,504.455292,0.09495,838.16864,179.82518,48.855038,179.812592,7821,False,True,35,417,True,
49,/kuka/axis_move/feedback_json,std_msgs/msg/String,2026-08-31T20:49:56.631246-04:00,1788223796,631241234,1788223796631241234,126.368804,,,,29367,29366,1,0,0,29367,AxisTarget,1,True,True,True,True,-0.002286,-90.094337,89.97998,-0.085287,43.025593,-0.057189,503.040314,0.100437,836.651794,179.826477,47.367756,179.813065,7821,False,True,35,418,True,
50,/kuka/axis_move/feedback_json,std_msgs/msg/String,2026-08-31T20:49:56.756906-04:00,1788223796,756894622,1788223796756894622,125.653388,,,,29368,29367,1,0,0,29368,AxisTarget,1,True,True,True,False,-0.002365,-90.097603,89.979286,-0.088089,44.516834,-0.059149,501.631775,0.105862,835.217102,179.827759,45.926945,179.813522,7821,False,True,35,418,True,
51,/kuka/axis_move/feedback_json,std_msgs/msg/String,2026-08-31T20:49:56.880772-04:00,1788223796,880760963,1788223796880760963,123.866341,,,,29369,29368,1,0,0,29369,AxisTarget,1,True,True,True,False,-0.002455,-90.10067,89.978622,-0.090787,45.961475,-0.061048,500.18692,0.111477,833.817688,179.829102,44.486153,179.813995,7821,False,True,35,419,True,
52,/kuka/axis_move/feedback_json,std_msgs/msg/String,2026-08-31T20:49:57.009980-04:00,1788223797,9970231,1788223797009970231,129.209268,,,,29370,29369,1,0,0,29370,AxisTarget,1,True,True,True,True,-0.002565,-90.103867,89.977882,-0.093494,47.41835,-0.062963,498.683075,0.117384,832.43335,179.830505,43.022724,179.814484,7821,False,True,35,419,True,
53,/kuka/axis_move/feedback_json,std_msgs/msg/String,2026-08-31T20:49:57.132673-04:00,1788223797,132661899,1788223797132661899,122.691668,,,,29371,29370,1,0,0,29371,AxisTarget,1,True,True,True,False,-0.002673,-90.107132,89.977188,-0.096179,48.86166,-0.064869,497.180176,0.123201,831.118469,179.831894,41.593723,179.814957,7821,False,True,35,419,True,
54,/kuka/axis_move/feedback_json,std_msgs/msg/String,2026-08-31T20:49:57.260498-04:00,1788223797,260487120,1788223797260487120,127.825221,,,,29372,29371,1,0,0,29372,AxisTarget,1,True,True,True,False,-0.002758,-90.110321,89.976509,-0.098885,50.305202,-0.066793,495.631317,0.128986,829.830383,179.833252,40.15295,179.815384,7821,False,True,35,420,True,
55,/kuka/axis_move/feedback_json,std_msgs/msg/String,2026-08-31T20:49:57.384122-04:00,1788223797,384113864,1788223797384113864,123.626744,,,,29373,29372,1,0,0,29373,AxisTarget,1,True,True,True,True,-0.00283,-90.113403,89.975868,-0.101503,51.69775,-0.068659,494.106049,0.134518,828.62439,179.834564,38.763004,179.815765,7821,False,True,35,420,True,
56,/kuka/axis_move/feedback_json,std_msgs/msg/String,2026-08-31T20:49:57.512155-04:00,1788223797,512148959,1788223797512148959,128.035095,,,,29374,29373,1,0,0,29374,AxisTarget,1,True,True,True,False,-0.002907,-90.1166,89.975197,-0.104208,53.142429,-0.070581,492.443939,0.140453,827.376343,179.836014,37.277924,179.816193,7821,False,True,35,420,True,
57,/kuka/axis_move/feedback_json,std_msgs/msg/String,2026-08-31T20:49:57.637784-04:00,1788223797,637777113,1788223797637777113,125.628154,,,,29375,29374,1,0,0,29375,AxisTarget,1,True,True,True,True,-0.002984,-90.119873,89.974503,-0.106982,54.633671,-0.072547,490.746918,0.146413,826.169189,179.837524,35.790642,179.81665,7821,False,True,35,421,True,
58,/kuka/axis_move/feedback_json,std_msgs/msg/String,2026-08-31T20:49:57.765700-04:00,1788223797,765693706,1788223797765693706,127.916593,,,,29376,29375,1,0,0,29376,AxisTarget,1,True,True,True,False,-0.003058,-90.123039,89.973831,-0.109666,56.078312,-0.07445,489.072906,0.152207,825.041382,179.839035,34.349831,179.817108,7821,False,True,35,421,True,
59,/kuka/axis_move/feedback_json,std_msgs/msg/String,2026-08-31T20:49:57.892861-04:00,1788223797,892837357,1788223797892837357,127.143651,,,,29377,29376,1,0,0,29377,AxisTarget,1,True,True,True,False,-0.003135,-90.126305,89.973145,-0.112453,57.569553,-0.076494,487.314972,0.158226,823.920959,179.840591,32.862545,179.817551,7821,False,True,35,422,True,
60,/kuka/axis_move/feedback_json,std_msgs/msg/String,2026-08-31T20:49:58.016345-04:00,1788223798,16340159,1788223798016340159,123.502802,,,,29378,29377,1,0,0,29378,AxisTarget,1,True,True,True,True,-0.003208,-90.129402,89.972488,-0.115093,58.970554,-0.078304,485.652283,0.163862,822.918762,179.842041,31.478094,179.817932,7821,False,True,35,422,True,
61,/kuka/axis_move/feedback_json,std_msgs/msg/String,2026-08-31T20:49:58.138328-04:00,1788223798,138322456,1788223798138322456,121.982297,,,,29379,29378,1,0,0,29379,AxisTarget,1,True,True,True,False,-0.003279,-90.132423,89.971848,-0.117693,60.35902,-0.080161,483.948975,0.169556,821.947388,179.843552,30.080475,179.818314,7821,False,True,35,422,True,
62,/kuka/axis_move/feedback_json,std_msgs/msg/String,2026-08-31T20:49:58.260528-04:00,1788223798,260518435,1788223798260518435,122.195979,,,,29380,29379,1,0,0,29380,AxisTarget,1,True,True,True,False,-0.003354,-90.135605,89.971176,-0.120386,61.803661,-0.082071,482.167969,0.175404,820.989258,179.845154,28.639687,179.818741,7821,False,True,35,423,True,
63,/kuka/axis_move/feedback_json,std_msgs/msg/String,2026-08-31T20:49:58.385189-04:00,1788223798,385172192,1788223798385172192,124.653757,,,,29381,29380,1,0,0,29381,AxisTarget,1,True,True,True,True,-0.003428,-90.138809,89.970505,-0.123068,63.248302,-0.083971,480.421234,0.181038,820.104431,179.846771,27.245388,179.819168,7821,False,True,35,423,True,
64,/kuka/axis_move/feedback_json,std_msgs/msg/String,2026-08-31T20:49:58.511842-04:00,1788223798,511820796,1788223798511820796,126.648604,,,,29382,29381,1,0,0,29382,AxisTarget,1,True,True,True,False,-0.003502,-90.141998,89.969833,-0.125761,64.69294,-0.085883,478.593536,0.186851,819.234314,179.848465,25.804607,179.819611,7821,False,True,35,423,True,
65,/kuka/axis_move/feedback_json,std_msgs/msg/String,2026-08-31T20:49:58.644123-04:00,1788223798,644106110,1788223798644106110,132.285314,,,,29383,29382,1,0,0,29383,AxisTarget,1,True,True,True,True,-0.003579,-90.145256,89.969147,-0.128531,66.165398,-0.087844,476.627167,0.193028,818.359375,179.850281,24.273388,179.820038,7821,False,True,35,424,True,
66,/kuka/axis_move/feedback_json,std_msgs/msg/String,2026-08-31T20:49:58.768897-04:00,1788223798,768879701,1788223798768879701,124.773591,,,,29384,29383,1,0,0,29384,AxisTarget,1,True,True,True,False,-0.003651,-90.148323,89.968475,-0.131264,67.622147,-0.089799,474.821594,0.198617,817.609985,179.851944,22.883188,179.820404,7821,False,True,35,424,True,
67,/kuka/axis_move/feedback_json,std_msgs/msg/String,2026-08-31T20:49:58.896355-04:00,1788223798,896344349,1788223798896344349,127.464648,,,,29385,29384,1,0,0,29385,AxisTarget,1,True,True,True,False,-0.003728,-90.151588,89.967804,-0.133982,69.066788,-0.091716,472.930969,0.204371,816.87915,179.853729,21.442366,179.820786,7821,False,True,35,425,True,
68,/kuka/axis_move/feedback_json,std_msgs/msg/String,2026-08-31T20:49:59.026972-04:00,1788223799,26966759,1788223799026966759,130.62241,,,,29386,29385,1,0,0,29386,AxisTarget,1,True,True,True,True,-0.003804,-90.1548,89.967125,-0.136735,70.528313,-0.093638,470.920776,0.210377,816.160645,179.855667,19.925644,179.821213,7821,False,True,35,425,True,
69,/kuka/axis_move/feedback_json,std_msgs/msg/String,2026-08-31T20:49:59.153606-04:00,1788223799,153597512,1788223799153597512,126.630753,,,,29387,29386,1,0,0,29387,AxisTarget,1,True,True,True,False,-0.00388,-90.158051,89.966438,-0.13952,72.013542,-0.095599,468.955994,0.216128,815.515198,179.85759,18.456957,179.821609,7821,False,True,35,425,True,
70,/kuka/axis_move/feedback_json,std_msgs/msg/String,2026-08-31T20:49:59.282395-04:00,1788223799,282378365,1788223799282378365,128.780853,,,,29388,29387,1,0,0,29388,AxisTarget,1,True,True,True,False,-0.003957,-90.161339,89.965744,-0.142299,73.50444,-0.097586,466.949249,0.221861,814.912476,179.859573,16.969694,179.822037,7821,False,True,35,426,True,
71,/kuka/axis_move/feedback_json,std_msgs/msg/String,2026-08-31T20:49:59.408719-04:00,1788223799,408713494,1788223799408713494,126.335129,,,,29389,29388,1,0,0,29389,AxisTarget,1,True,True,True,True,-0.00403,-90.164505,89.965088,-0.144951,74.932686,-0.0995,465.068542,0.227106,814.398315,179.86145,15.586432,179.822433,7821,False,True,35,426,True,
72,/kuka/axis_move/feedback_json,std_msgs/msg/String,2026-08-31T20:49:59.534794-04:00,1788223799,534783444,1788223799534783444,126.06995,,,,29390,29389,1,0,0,29390,AxisTarget,1,True,True,True,False,-0.004103,-90.167595,89.964424,-0.147639,76.377304,-0.10143,463.104187,0.232483,813.912354,179.863434,14.151337,179.82283,7821,False,True,35,426,True,
73,/kuka/axis_move/feedback_json,std_msgs/msg/String,2026-08-31T20:49:59.664854-04:00,1788223799,664842027,1788223799664842027,130.058583,,,,29391,29390,1,0,0,29391,AxisTarget,1,True,True,True,True,-0.004186,-90.170982,89.963684,-0.150427,77.868546,-0.103415,460.991425,0.238171,813.446838,179.865616,12.61762,179.823242,7821,False,True,35,427,True,
74,/kuka/axis_move/feedback_json,std_msgs/msg/String,2026-08-31T20:49:59.792820-04:00,1788223799,792809893,1788223799792809893,127.967866,,,,29392,29391,1,0,0,29392,AxisTarget,1,True,True,True,False,-0.004268,-90.174255,89.962959,-0.153217,79.359795,-0.105396,458.930756,0.243602,813.048828,179.867783,11.130378,179.823639,7821,False,True,35,427,True,
75,/kuka/axis_move/feedback_json,std_msgs/msg/String,2026-08-31T20:49:59.921941-04:00,1788223799,921929593,1788223799921929593,129.1197,,,,29393,29392,1,0,0,29393,AxisTarget,1,True,True,True,False,-0.004357,-90.177521,89.962265,-0.155997,80.851036,-0.107363,456.924652,0.248799,812.713379,179.869965,9.689571,179.82402,7821,False,True,35,428,True,
76,/kuka/axis_move/feedback_json,std_msgs/msg/String,2026-08-31T20:50:00.048371-04:00,1788223800,48361033,1788223800048361033,126.43144,,,,29394,29393,1,0,0,29394,AxisTarget,1,True,True,True,True,-0.004451,-90.180771,89.961594,-0.15877,82.342278,-0.109324,454.844971,0.254084,812.419067,179.872284,8.202246,179.824432,7821,False,True,35,428,True,
77,/kuka/axis_move/feedback_json,std_msgs/msg/String,2026-08-31T20:50:00.176657-04:00,1788223800,176651959,1788223800176651959,128.290926,,,,29395,29394,1,0,0,29395,AxisTarget,1,True,True,True,False,-0.004528,-90.184029,89.960907,-0.161554,83.827179,-0.11129,452.692902,0.259295,812.171753,179.874695,6.668985,179.824814,7821,False,True,35,429,True,
78,/kuka/axis_move/feedback_json,std_msgs/msg/String,2026-08-31T20:50:00.300571-04:00,1788223800,300559540,1788223800300559540,123.907581,,,,29396,29395,1,0,0,29396,AxisTarget,1,True,True,True,True,-0.004583,-90.187103,89.960251,-0.164195,85.231384,-0.113165,450.794891,0.263647,812.001526,179.876831,5.320784,179.825134,7821,False,True,35,430,False,
79,/kuka/axis_move/feedback_json,std_msgs/msg/String,2026-08-31T20:50:00.428528-04:00,1788223800,428507822,1788223800428507822,127.948282,,,,29397,29396,1,0,0,29397,AxisTarget,1,True,True,True,False,-0.00465,-90.190201,89.95961,-0.166795,86.612556,-0.114983,448.74176,0.26827,811.867371,179.879211,3.865802,179.82547,7821,False,True,35,430,False,
80,/kuka/axis_move/feedback_json,std_msgs/msg/String,2026-08-31T20:50:00.556583-04:00,1788223800,556570960,1788223800556570960,128.063138,,,,29398,29397,1,0,0,29398,AxisTarget,1,True,True,True,False,-0.004732,-90.193382,89.958931,-0.169458,88.037163,-0.116878,446.790131,0.272614,811.787842,179.881531,2.485109,179.82579,7821,False,True,35,430,False,
81,/kuka/axis_move/feedback_json,std_msgs/msg/String,2026-08-31T20:50:00.684174-04:00,1788223800,684166329,1788223800684166329,127.595369,,,,29399,29398,1,0,0,29399,AxisTarget,1,True,True,True,False,-0.004839,-90.196167,89.958313,-0.171802,89.275551,-0.118532,444.955627,0.276813,811.755371,179.883759,1.188445,179.82608,7821,False,True,35,430,False,
82,/kuka/axis_move/feedback_json,std_msgs/msg/String,2026-08-31T20:50:00.809415-04:00,1788223800,809408887,1788223800809408887,125.242558,,,,29400,29399,1,0,0,29400,AxisTarget,1,True,True,True,False,-0.0049,-90.197746,89.958008,-0.172983,89.908028,-0.119294,443.793884,0.279411,811.75592,179.885269,0.367739,179.826294,7821,False,True,35,430,False,
83,/kuka/axis_move/feedback_json,std_msgs/msg/String,2026-08-31T20:50:00.934267-04:00,1788223800,934248188,1788223800934248188,124.839301,,,,29401,29400,1,0,0,29401,AxisTarget,1,False,True,False,False,-0.0049,-90.1978,89.958,-0.173,89.915604,-0.1193,443.731689,0.279501,811.75647,179.885345,0.323835,179.826324,7821,False,True,35,430,False,
84,/kuka/axis_move/feedback_json,std_msgs/msg/String,2026-08-31T20:50:01.680770-04:00,1788223801,680758657,1788223801680758657,746.510469,,,,29402,29401,1,0,0,29402,AxisTarget,1,True,True,True,False,-0.0049,-90.1978,89.958,-0.173,89.915604,-0.1193,443.731689,0.279501,811.75647,179.885345,0.323835,179.826324,7822,False,True,36,434,True,
85,/kuka/axis_move/feedback_json,std_msgs/msg/String,2026-08-31T20:50:02.417087-04:00,1788223802,417081519,1788223802417081519,736.322862,,,,29403,29402,1,0,0,29403,AxisTarget,1,True,True,True,True,-0.237511,-88.226906,92.728905,-0.172248,85.04406,-0.379202,460.6026,2.115719,777.810791,179.855103,0.354753,179.825958,7823,False,True,36,438,True,
86,/kuka/axis_move/feedback_json,std_msgs/msg/String,2026-08-31T20:50:02.542221-04:00,1788223802,542209338,1788223802542209338,125.127819,,,,29404,29403,1,0,0,29404,AxisTarget,1,True,True,True,False,-0.291591,-87.776657,93.351944,-0.172044,83.979301,-0.435295,464.164246,2.563745,769.765381,179.848083,0.361991,179.826019,7823,False,True,36,439,True,
87,/kuka/axis_move/feedback_json,std_msgs/msg/String,2026-08-31T20:50:02.668189-04:00,1788223802,668165894,1788223802668165894,125.956556,,,,29405,29404,1,0,0,29405,AxisTarget,1,True,True,True,False,-0.354849,-87.239677,94.108246,-0.171798,82.647285,-0.50633,468.178101,3.10028,760.226807,179.839813,0.370537,179.826157,7823,False,True,36,439,True,
88,/kuka/axis_move/feedback_json,std_msgs/msg/String,2026-08-31T20:50:02.793639-04:00,1788223802,793626890,1788223802793626890,125.460996,,,,29406,29405,1,0,0,29406,AxisTarget,1,True,True,True,False,-0.418268,-86.712563,94.83519,-0.171593,81.417068,-0.57072,471.96936,3.642049,750.688232,179.831558,0.379075,179.82634,7823,False,True,36,440,True,
89,/kuka/axis_move/feedback_json,std_msgs/msg/String,2026-08-31T20:50:02.918171-04:00,1788223802,918165152,1788223802918165152,124.538262,,,,29407,29406,1,0,0,29407,AxisTarget,1,True,True,True,True,-0.476701,-86.216194,95.53495,-0.171396,80.179367,-0.636934,475.319519,4.15355,741.760193,179.823868,0.387055,179.826553,7823,False,True,36,440,True,
90,/kuka/axis_move/feedback_json,std_msgs/msg/String,2026-08-31T20:50:03.044328-04:00,1788223803,44307067,1788223803044307067,126.141915,,,,29408,29407,1,0,0,29408,AxisTarget,1,True,True,True,False,-0.54748,-85.622444,96.361313,-0.171147,78.756721,-0.711995,479.10907,4.775886,730.991699,179.814636,0.396675,179.826889,7823,False,True,36,441,True,
91,/kuka/axis_move/feedback_json,std_msgs/msg/String,2026-08-31T20:50:03.168527-04:00,1788223803,168511405,1788223803168511405,124.204338,,,,29409,29408,1,0,0,29409,AxisTarget,1,True,True,True,True,-0.607405,-85.122223,97.055199,-0.170923,77.565353,-0.774903,482.146881,5.314538,721.745178,179.806778,0.404937,179.827255,7823,False,True,36,441,True,
92,/kuka/axis_move/feedback_json,std_msgs/msg/String,2026-08-31T20:50:03.297819-04:00,1788223803,297811797,1788223803297811797,129.300392,,,,29410,29409,1,0,0,29410,AxisTarget,1,True,True,True,False,-0.67453,-84.554794,97.851204,-0.170669,76.173325,-0.848929,485.233826,5.905545,711.665527,179.798248,0.413934,179.827728,7823,False,True,36,441,True,
93,/kuka/axis_move/feedback_json,std_msgs/msg/String,2026-08-31T20:50:03.428735-04:00,1788223803,428718999,1788223803428718999,130.907202,,,,29411,29410,1,0,0,29411,AxisTarget,1,True,True,True,False,-0.749034,-83.930931,98.717979,-0.17042,74.685852,-0.927296,488.366364,6.560486,700.561462,179.788879,0.423822,179.828278,7823,False,True,36,442,True,
94,/kuka/axis_move/feedback_json,std_msgs/msg/String,2026-08-31T20:50:03.560379-04:00,1788223803,560374084,1788223803560374084,131.655085,,,,29412,29411,1,0,0,29412,AxisTarget,1,True,True,True,True,-0.805999,-83.454506,99.379829,-0.170243,73.545876,-0.989721,490.733368,7.101555,691.432373,179.781189,0.431941,179.828781,7823,False,True,36,442,True,
95,/kuka/axis_move/feedback_json,std_msgs/msg/String,2026-08-31T20:50:03.688152-04:00,1788223803,688143320,1788223803688143320,127.769236,,,,29413,29412,1,0,0,29413,AxisTarget,1,True,True,True,False,-0.877725,-82.848022,100.230431,-0.170006,72.059113,-1.066626,493.291809,7.74404,680.637695,179.772141,0.441544,179.829453,7823,False,True,36,442,True,
96,/kuka/axis_move/feedback_json,std_msgs/msg/String,2026-08-31T20:50:03.815369-04:00,1788223803,815359617,1788223803815359617,127.216297,,,,29414,29413,1,0,0,29414,AxisTarget,1,True,True,True,False,-0.949133,-82.250854,101.05909,-0.169759,70.640976,-1.141227,495.627777,8.399782,669.663147,179.763,0.45132,179.830215,7823,False,True,36,443,True,
97,/kuka/axis_move/feedback_json,std_msgs/msg/String,2026-08-31T20:50:03.938202-04:00,1788223803,938189892,1788223803938189892,122.830275,,,,29415,29414,1,0,0,29415,AxisTarget,1,True,True,True,True,-1.003059,-81.799164,101.687943,-0.169563,69.552689,-1.198932,497.215088,8.896113,661.378723,179.756134,0.45871,179.830856,7823,False,True,36,443,True,
98,/kuka/axis_move/feedback_json,std_msgs/msg/String,2026-08-31T20:50:04.069667-04:00,1788223804,69644804,1788223804069644804,131.454912,,,,29416,29415,1,0,0,29416,AxisTarget,1,True,True,True,False,-1.07332,-81.205544,102.520073,-0.169302,68.099869,-1.276118,498.961304,9.507894,651.18457,179.747711,0.467824,179.831696,7823,False,True,36,443,True,
99,/kuka/axis_move/feedback_json,std_msgs/msg/String,2026-08-31T20:50:04.193792-04:00,1788223804,193783561,1788223804193783561,124.138757,,,,29417,29416,1,0,0,29417,AxisTarget,1,True,True,True,False,-1.14441,-80.611198,103.344406,-0.169047,66.69062,-1.350212,500.621704,10.182701,639.951843,179.738434,0.477896,179.832703,7823,False,True,36,444,True,
100,/kuka/axis_move/feedback_json,std_msgs/msg/String,2026-08-31T20:50:04.320199-04:00,1788223804,320190780,1788223804320190780,126.407219,,,,29418,29417,1,0,0,29418,AxisTarget,1,True,True,True,True,-1.20055,-80.139435,104.002953,-0.168841,65.545166,-1.411088,501.664185,10.677895,631.711426,179.731659,0.485308,179.833481,7823,False,True,36,444,True,
101,/kuka/axis_move/feedback_json,std_msgs/msg/String,2026-08-31T20:50:04.447624-04:00,1788223804,447618287,1788223804447618287,127.427507,,,,29419,29418,1,0,0,29419,AxisTarget,1,True,True,True,False,-1.269789,-79.555222,104.820633,-0.168595,64.121742,-1.486604,502.78949,11.316622,621.081055,179.722916,0.494897,179.834534,7823,False,True,36,444,True,
102,/kuka/axis_move/feedback_json,std_msgs/msg/String,2026-08-31T20:50:04.576804-04:00,1788223804,576787165,1788223804576787165,129.168878,,,,29420,29419,1,0,0,29420,AxisTarget,1,True,True,True,False,-1.34035,-78.965889,105.637337,-0.168369,62.727825,-1.55982,503.672852,11.959787,610.368774,179.714172,0.504582,179.835663,7823,False,True,36,445,True,
103,/kuka/axis_move/feedback_json,std_msgs/msg/String,2026-08-31T20:50:04.704541-04:00,1788223804,704525355,1788223804704525355,127.73819,,,,29421,29420,1,0,0,29421,AxisTarget,1,True,True,True,True,-1.396436,-78.49398,106.297226,-0.168191,61.576134,-1.621115,504.173279,12.445454,602.268127,179.707565,0.511931,179.836548,7823,False,True,36,445,True,
104,/kuka/axis_move/feedback_json,std_msgs/msg/String,2026-08-31T20:50:04.830048-04:00,1788223804,830042412,1788223804830042412,125.517057,,,,29422,29421,1,0,0,29422,AxisTarget,1,True,True,True,False,-1.468439,-77.887215,107.145752,-0.167954,60.101475,-1.699289,504.618713,13.099161,591.33905,179.698669,0.521902,179.837799,7823,False,True,36,445,True,
105,/kuka/axis_move/feedback_json,std_msgs/msg/String,2026-08-31T20:50:04.952836-04:00,1788223804,952827015,1788223804952827015,122.784603,,,,29423,29422,1,0,0,29423,AxisTarget,1,True,True,True,True,-1.533171,-77.348778,107.888939,-0.167738,58.843208,-1.765144,504.790253,13.665623,581.837158,179.690933,0.530632,179.838974,7823,False,True,36,446,True,
106,/kuka/axis_move/feedback_json,std_msgs/msg/String,2026-08-31T20:50:05.085129-04:00,1788223805,85123862,1788223805085123862,132.296847,,,,29424,29423,1,0,0,29424,AxisTarget,1,True,True,True,False,-1.589427,-76.872192,108.559723,-0.167535,57.658695,-1.828542,504.776703,14.14812,573.715271,179.684326,0.538143,179.840012,7823,False,True,36,446,True,
107,/kuka/axis_move/feedback_json,std_msgs/msg/String,2026-08-31T20:50:05.213666-04:00,1788223805,213657710,1788223805213657710,128.533848,,,,29425,29424,1,0,0,29425,AxisTarget,1,True,True,True,False,-1.659334,-76.285934,109.375206,-0.167285,56.2173,-1.904482,504.536041,14.773267,563.143433,179.67572,0.547986,179.841431,7823,False,True,36,447,True,
108,/kuka/axis_move/feedback_json,std_msgs/msg/String,2026-08-31T20:50:05.340799-04:00,1788223805,340775949,1788223805340775949,127.118239,,,,29426,29425,1,0,0,29426,AxisTarget,1,True,True,True,True,-1.714728,-75.825111,110.011925,-0.167103,55.171925,-1.959518,504.17099,15.25875,554.888123,179.669022,0.555732,179.84259,7823,False,True,36,447,True,
109,/kuka/axis_move/feedback_json,std_msgs/msg/String,2026-08-31T20:50:05.469186-04:00,1788223805,469174172,1788223805469174172,128.398223,,,,29427,29426,1,0,0,29427,AxisTarget,1,True,True,True,False,-1.780109,-75.270927,110.790657,-0.166869,53.766842,-2.034171,503.573608,15.801028,545.616394,179.661484,0.5645,179.843933,7823,False,True,36,448,True,
110,/kuka/axis_move/feedback_json,std_msgs/msg/String,2026-08-31T20:50:05.596978-04:00,1788223805,596962810,1788223805596962810,127.788638,,,,29428,29427,1,0,0,29428,AxisTarget,1,True,True,True,True,-1.834185,-74.823784,111.404716,-0.166688,52.77565,-2.085935,502.895508,16.267183,537.601013,179.654999,0.572148,179.845123,7823,False,True,36,448,True,
111,/kuka/axis_move/feedback_json,std_msgs/msg/String,2026-08-31T20:50:05.724828-04:00,1788223805,724821129,1788223805724821129,127.858319,,,,29429,29428,1,0,0,29429,AxisTarget,1,True,True,True,False,-1.892254,-74.331238,112.097832,-0.16648,51.55722,-2.150847,502.087372,16.719254,529.779419,179.648666,0.579673,179.846344,7823,False,True,36,449,False,
112,/kuka/axis_move/feedback_json,std_msgs/msg/String,2026-08-31T20:50:05.856068-04:00,1788223805,856040152,1788223805856040152,131.219023,,,,29430,29429,1,0,0,29430,AxisTarget,1,True,True,True,True,-1.937771,-73.954758,112.629478,-0.166324,50.659672,-2.197872,501.245636,17.118437,522.823425,179.643005,0.586418,179.847443,7823,False,True,36,449,False,
113,/kuka/axis_move/feedback_json,std_msgs/msg/String,2026-08-31T20:50:05.986027-04:00,1788223805,986019777,1788223805986019777,129.979625,,,,29431,29430,1,0,0,29431,AxisTarget,1,True,True,True,False,-1.988368,-73.52832,113.210724,-0.166152,49.654861,-2.250927,500.271179,17.520939,515.763062,179.637253,0.593326,179.848602,7823,False,True,36,449,False,
114,/kuka/axis_move/feedback_json,std_msgs/msg/String,2026-08-31T20:50:06.114112-04:00,1788223806,114100817,1788223806114100817,128.08104,,,,29432,29431,1,0,0,29432,AxisTarget,1,True,True,True,False,-2.02648,-73.208847,113.655792,-0.16602,48.885384,-2.291657,499.479919,17.814137,510.593475,179.633072,0.598438,179.849472,7823,False,True,36,449,False,
115,/kuka/axis_move/feedback_json,std_msgs/msg/String,2026-08-31T20:50:06.242244-04:00,1788223806,242233184,1788223806242233184,128.132367,,,,29433,29432,1,0,0,29433,AxisTarget,1,True,True,True,False,-2.056117,-72.964355,113.990189,-0.165925,48.328636,-2.320525,498.760437,18.059906,506.230804,179.629532,0.602694,179.85022,7823,False,True,36,449,False,
116,/kuka/axis_move/feedback_json,std_msgs/msg/String,2026-08-31T20:50:06.373757-04:00,1788223806,373733078,1788223806373733078,131.499894,,,,29434,29433,1,0,0,29434,AxisTarget,1,True,True,True,False,-2.07004,-72.853676,114.136147,-0.1659,48.105663,-2.331593,498.378357,18.184025,504.025543,179.627731,0.60484,179.850586,7823,False,True,36,449,False,
117,/kuka/axis_move/feedback_json,std_msgs/msg/String,2026-08-31T20:50:06.864687-04:00,1788223806,864681878,1788223806864681878,490.9488,,,,29435,29434,1,0,0,29435,AxisTarget,1,False,True,False,False,-2.0702,-72.852798,114.136902,-0.1659,48.105301,-2.3316,498.368134,18.187321,503.967682,179.627686,0.604898,179.850601,7824,False,True,37,453,True,
118,/kuka/axis_move/feedback_json,std_msgs/msg/String,2026-08-31T20:50:06.992701-04:00,1788223806,992689781,1788223806992689781,128.007903,,,,29436,29435,1,0,0,29436,AxisTarget,1,True,True,True,True,-2.070318,-72.848457,114.140343,-0.165616,48.090687,-2.331568,498.368683,18.187618,503.955841,179.627747,0.604877,179.850632,7824,False,True,37,454,True,
119,/kuka/axis_move/feedback_json,std_msgs/msg/String,2026-08-31T20:50:07.120617-04:00,1788223807,120607688,1788223807120607688,127.917907,,,,29437,29436,1,0,0,29437,AxisTarget,1,True,True,True,False,-2.074814,-72.7229,114.217941,-0.160513,47.876953,-2.331191,498.427979,18.221411,502.608734,179.634842,0.602457,179.854385,7824,False,True,37,454,True,
120,/kuka/axis_move/feedback_json,std_msgs/msg/String,2026-08-31T20:50:07.244216-04:00,1788223807,244209045,1788223807244209045,123.601357,,,,29438,29437,1,0,0,29438,AxisTarget,1,True,True,True,False,-2.080568,-72.567291,114.311348,-0.154593,47.632664,-2.330807,498.502625,18.267572,500.764465,179.644531,0.599122,179.859451,7824,False,True,37,454,True,
121,/kuka/axis_move/feedback_json,std_msgs/msg/String,2026-08-31T20:50:07.370130-04:00,1788223807,370118739,1788223807370118739,125.909694,,,,29439,29438,1,0,0,29439,AxisTarget,1,True,True,True,True,-2.086077,-72.417831,114.401398,-0.148888,47.395367,-2.330448,498.56662,18.311319,499.011749,179.653732,0.595934,179.864227,7824,False,True,37,455,True,
122,/kuka/axis_move/feedback_json,std_msgs/msg/String,2026-08-31T20:50:07.496106-04:00,1788223807,496099987,1788223807496099987,125.981248,,,,29440,29439,1,0,0,29440,AxisTarget,1,True,True,True,False,-2.09189,-72.260391,114.496078,-0.142902,47.146828,-2.330073,498.625275,18.355986,497.215729,179.663193,0.592665,179.869095,7824,False,True,37,455,True,
123,/kuka/axis_move/feedback_json,std_msgs/msg/String,2026-08-31T20:50:07.624302-04:00,1788223807,624266561,1788223807624266561,128.166574,,,,29441,29440,1,0,0,29441,AxisTarget,1,True,True,True,False,-2.097521,-72.10788,114.587799,-0.137102,46.906052,-2.329713,498.678436,18.40188,495.363495,179.673019,0.589301,179.874084,7824,False,True,37,455,True,
124,/kuka/axis_move/feedback_json,std_msgs/msg/String,2026-08-31T20:50:07.752245-04:00,1788223807,752234092,1788223807752234092,127.967531,,,,29442,29441,1,0,0,29442,AxisTarget,1,True,True,True,False,-2.103334,-71.950462,114.682472,-0.131116,46.657513,-2.329346,498.724091,18.447557,493.513123,179.682861,0.585954,179.879044,7824,False,True,37,455,True,
125,/kuka/axis_move/feedback_json,std_msgs/msg/String,2026-08-31T20:50:07.884375-04:00,1788223807,884364574,1788223807884364574,132.130482,,,,29443,29442,1,0,0,29443,AxisTarget,1,True,True,True,False,-2.109012,-71.792145,114.777596,-0.125107,46.408234,-2.328981,498.761536,18.492085,491.702484,179.692551,0.582687,179.883865,7824,False,True,37,456,True,
126,/kuka/axis_move/feedback_json,std_msgs/msg/String,2026-08-31T20:50:08.012740-04:00,1788223808,12723740,1788223808012723740,128.359166,,,,29444,29443,1,0,0,29444,AxisTarget,1,True,True,True,True,-2.114954,-71.635773,114.871735,-0.119149,46.160645,-2.328617,498.792908,18.538214,489.819458,179.702667,0.579285,179.88884,7824,False,True,37,456,True,
127,/kuka/axis_move/feedback_json,std_msgs/msg/String,2026-08-31T20:50:08.136361-04:00,1788223808,136355086,1788223808136355086,123.631346,,,,29445,29444,1,0,0,29445,AxisTarget,1,True,True,True,False,-2.120767,-71.478363,114.9664,-0.113161,45.912106,-2.328252,498.816101,18.583229,487.974548,179.712631,0.575946,179.893692,7824,False,True,37,456,True,
128,/kuka/axis_move/feedback_json,std_msgs/msg/String,2026-08-31T20:50:08.268514-04:00,1788223808,268508274,1788223808268508274,132.153188,,,,29446,29445,1,0,0,29446,AxisTarget,1,True,True,True,False,-2.126399,-71.325867,115.061073,-0.107171,45.663563,-2.327881,498.831482,18.626623,486.188995,179.722336,0.572706,179.898361,7824,False,True,37,456,True,
129,/kuka/axis_move/feedback_json,std_msgs/msg/String,2026-08-31T20:50:08.396351-04:00,1788223808,396339662,1788223808396339662,127.831388,,,,29447,29446,1,0,0,29447,AxisTarget,1,True,True,True,False,-2.132394,-71.163528,115.155746,-0.101177,45.415024,-2.327505,498.840027,18.671198,484.347687,179.732391,0.569353,179.903152,7824,False,True,37,456,True,
130,/kuka/axis_move/feedback_json,std_msgs/msg/String,2026-08-31T20:50:08.521598-04:00,1788223808,521574000,1788223808521574000,125.234338,,,,29448,29447,1,0,0,29448,AxisTarget,1,True,True,True,False,-2.138208,-71.006104,115.25042,-0.095179,45.166485,-2.327124,498.841125,18.715548,482.508209,179.742493,0.565993,179.907913,7824,False,True,37,456,True,
131,/kuka/axis_move/feedback_json,std_msgs/msg/String,2026-08-31T20:50:08.660559-04:00,1788223808,660547964,1788223808660547964,138.973964,,,,29449,29448,1,0,0,29449,AxisTarget,1,True,True,True,False,-2.144023,-70.848679,115.345093,-0.088991,44.910248,-2.326714,498.834808,18.759668,480.670624,179.75264,0.562627,179.912628,7824,False,True,37,456,True,
132,/kuka/axis_move/feedback_json,std_msgs/msg/String,2026-08-31T20:50:08.787214-04:00,1788223808,787190568,1788223808787190568,126.642604,,,,29450,29449,1,0,0,29450,AxisTarget,1,True,True,True,False,-2.149734,-70.694534,115.437538,-0.083333,44.676514,-2.326362,498.82074,18.804419,478.799133,179.763031,0.55919,179.917404,7824,False,True,37,457,True,
133,/kuka/axis_move/feedback_json,std_msgs/msg/String,2026-08-31T20:50:08.917031-04:00,1788223808,917019790,1788223808917019790,129.829222,,,,29451,29450,1,0,0,29451,AxisTarget,1,True,True,True,True,-2.155396,-70.540779,115.530266,-0.077438,44.431843,-2.32598,498.801056,18.845301,477.082336,179.772614,0.556031,179.921768,7824,False,True,37,457,True,
134,/kuka/axis_move/feedback_json,std_msgs/msg/String,2026-08-31T20:50:09.044718-04:00,1788223809,44706596,1788223809044706596,127.686806,,,,29452,29451,1,0,0,29452,AxisTarget,1,True,True,True,False,-2.161211,-70.383347,115.624939,-0.071436,44.183304,-2.325592,498.771912,18.890097,475.19342,179.783203,0.552551,179.926529,7824,False,True,37,457,True,
135,/kuka/axis_move/feedback_json,std_msgs/msg/String,2026-08-31T20:50:09.168716-04:00,1788223809,168705296,1788223809168705296,123.9987,,,,29453,29452,1,0,0,29453,AxisTarget,1,True,True,True,False,-2.167026,-70.225922,115.719612,-0.065436,43.934761,-2.325207,498.736145,18.9333,473.363861,179.793503,0.549175,179.931107,7824,False,True,37,457,True,
136,/kuka/axis_move/feedback_json,std_msgs/msg/String,2026-08-31T20:50:09.296190-04:00,1788223809,296184495,1788223809296184495,127.479199,,,,29454,29453,1,0,0,29454,AxisTarget,1,True,True,True,False,-2.17266,-70.073418,115.811333,-0.059626,43.693989,-2.324823,498.694519,18.974939,471.593475,179.803513,0.545903,179.935516,7824,False,True,37,457,True,
137,/kuka/axis_move/feedback_json,std_msgs/msg/String,2026-08-31T20:50:09.424557-04:00,1788223809,424540000,1788223809424540000,128.355505,,,,29455,29454,1,0,0,29455,AxisTarget,1,True,True,True,False,-2.178476,-69.915993,115.906006,-0.053632,43.44545,-2.324455,498.645966,19.016363,469.825073,179.813553,0.542631,179.939865,7824,False,True,37,457,True,
138,/kuka/axis_move/feedback_json,std_msgs/msg/String,2026-08-31T20:50:09.551868-04:00,1788223809,551856624,1788223809551856624,127.316624,,,,29456,29455,1,0,0,29456,AxisTarget,1,True,True,True,False,-2.184293,-69.758568,116.000687,-0.047643,43.196907,-2.324078,498.588684,19.058901,468.00177,179.823959,0.539253,179.944336,7824,False,True,37,457,True,
139,/kuka/axis_move/feedback_json,std_msgs/msg/String,2026-08-31T20:50:09.676236-04:00,1788223809,676212514,1788223809676212514,124.35589,,,,29457,29456,1,0,0,29457,AxisTarget,1,True,True,True,False,-2.190111,-69.601143,116.09536,-0.041656,42.948368,-2.323704,498.524078,19.101208,466.180634,179.834381,0.535874,179.948761,7824,False,True,37,457,True,
140,/kuka/axis_move/feedback_json,std_msgs/msg/String,2026-08-31T20:50:09.800129-04:00,1788223809,800123719,1788223809800123719,123.911205,,,,29458,29457,1,0,0,29458,AxisTarget,1,True,True,True,False,-2.195747,-69.448639,116.18708,-0.035859,42.707596,-2.323342,498.454529,19.14197,464.418549,179.844513,0.5326,179.953003,7824,False,True,37,458,False,
141,/kuka/axis_move/feedback_json,std_msgs/msg/String,2026-08-31T20:50:09.929448-04:00,1788223809,929438386,1788223809929438386,129.314667,,,,29459,29458,1,0,0,29459,AxisTarget,1,True,True,True,True,-2.201565,-69.291222,116.281754,-0.029875,42.459053,-2.32297,498.37558,19.183811,462.601807,179.855011,0.529218,179.957352,7824,False,True,37,458,False,
142,/kuka/axis_move/feedback_json,std_msgs/msg/String,2026-08-31T20:50:10.056191-04:00,1788223810,56185922,1788223810056185922,126.747536,,,,29460,29459,1,0,0,29460,AxisTarget,1,True,True,True,False,-2.207383,-69.133797,116.376427,-0.023891,42.210514,-2.322598,498.289398,19.22541,460.787354,179.86554,0.525835,179.96167,7824,False,True,37,458,False,
143,/kuka/axis_move/feedback_json,std_msgs/msg/String,2026-08-31T20:50:10.182099-04:00,1788223810,182093170,1788223810182093170,125.907248,,,,29461,29460,1,0,0,29461,AxisTarget,1,True,True,True,False,-2.21302,-68.9813,116.468147,-0.018093,41.969742,-2.322236,498.198975,19.265478,459.031769,179.875778,0.522557,179.965805,7824,False,True,37,458,False,
144,/kuka/axis_move/feedback_json,std_msgs/msg/String,2026-08-31T20:50:10.305897-04:00,1788223810,305885505,1788223810305885505,123.792335,,,,29462,29461,1,0,0,29462,AxisTarget,1,True,True,True,False,-2.218657,-68.828796,116.55986,-0.01229,41.728966,-2.321871,498.101807,19.305317,457.278442,179.886047,0.519282,179.96991,7824,False,True,37,458,False,
145,/kuka/axis_move/feedback_json,std_msgs/msg/String,2026-08-31T20:50:10.430967-04:00,1788223810,430961893,1788223810430961893,125.076388,,,,29463,29462,1,0,0,29463,AxisTarget,1,True,True,True,False,-2.224295,-68.6763,116.651566,-0.006481,41.488194,-2.321503,497.994446,19.346199,455.470886,179.896698,0.515905,179.974106,7824,False,True,37,458,False,
146,/kuka/axis_move/feedback_json,std_msgs/msg/String,2026-08-31T20:50:10.552738-04:00,1788223810,552731657,1788223810552731657,121.769764,,,,29464,29463,1,0,0,29464,AxisTarget,1,True,True,True,False,-2.229933,-68.523804,116.743271,-0.000669,41.247421,-2.321132,497.883575,19.385571,453.722107,179.907059,0.512637,179.978149,7824,False,True,37,458,False,
147,/kuka/axis_move/feedback_json,std_msgs/msg/String,2026-08-31T20:50:10.680883-04:00,1788223810,680871661,1788223810680871661,128.140004,,,,29465,29464,1,0,0,29465,AxisTarget,1,True,True,True,False,-2.235571,-68.371307,116.834976,0.005146,41.006645,-2.32076,497.769867,19.42345,452.031921,179.917114,0.509476,179.982025,7824,False,True,37,458,False,
148,/kuka/axis_move/feedback_json,std_msgs/msg/String,2026-08-31T20:50:10.805525-04:00,1788223810,805482223,1788223810805482223,124.610562,,,,29466,29465,1,0,0,29466,AxisTarget,1,True,True,True,False,-2.241392,-68.213898,116.929642,0.011148,40.758106,-2.320376,497.641663,19.463614,450.231445,179.927872,0.506102,179.986115,7824,False,True,37,458,False,
149,/kuka/axis_move/feedback_json,std_msgs/msg/String,2026-08-31T20:50:10.932792-04:00,1788223810,932787037,1788223810932787037,127.304814,,,,29467,29466,1,0,0,29467,AxisTarget,1,True,True,True,False,-2.247032,-68.061394,117.021347,0.016958,40.517334,-2.320005,497.51062,19.502293,448.489502,179.938324,0.502823,179.990036,7824,False,True,37,458,False,
150,/kuka/axis_move/feedback_json,std_msgs/msg/String,2026-08-31T20:50:11.062222-04:00,1788223811,62215804,1788223811062215804,129.428767,,,,29468,29467,1,0,0,29468,AxisTarget,1,True,True,True,False,-2.252857,-67.903961,117.116005,0.022941,40.26894,-2.319626,497.363708,19.543247,446.637543,179.949478,0.4993,179.994171,7824,False,True,37,458,False,
151,/kuka/axis_move/feedback_json,std_msgs/msg/String,2026-08-31T20:50:11.184625-04:00,1788223811,184619973,1788223811184619973,122.404169,,,,29469,29468,1,0,0,29469,AxisTarget,1,True,True,True,False,-2.258346,-67.755653,117.2052,0.028575,40.034691,-2.319269,497.22287,19.580454,444.947845,179.959702,0.49606,179.99791,7824,False,True,37,458,False,
152,/kuka/axis_move/feedback_json,std_msgs/msg/String,2026-08-31T20:50:11.312700-04:00,1788223811,312689939,1788223811312689939,128.069966,,,,29470,29469,1,0,0,29470,AxisTarget,1,True,True,True,False,-2.263931,-67.600922,117.297829,0.034403,39.794281,-2.318896,497.072235,19.618259,443.221985,179.970184,0.49273,-179.998306,7824,False,True,37,458,False,
153,/kuka/axis_move/feedback_json,std_msgs/msg/String,2026-08-31T20:50:11.877285-04:00,1788223811,877265284,1788223811877265284,564.575345,,,,29471,29470,1,0,0,29471,AxisTarget,1,True,True,True,True,-2.2662,-67.548203,117.326988,0.0361,39.730637,-2.318796,496.999939,19.635679,442.421356,179.975082,0.491136,-179.996552,7825,False,True,38,462,True,
154,/kuka/axis_move/feedback_json,std_msgs/msg/String,2026-08-31T20:50:12.434545-04:00,1788223812,434533309,1788223812434533309,557.268025,,,,29472,29471,1,0,0,29472,AxisTarget,1,True,True,True,True,-2.236363,-67.037346,116.480957,0.041163,40.080711,-2.301188,502.295807,19.583223,442.562256,179.96579,0.481048,-179.992706,7826,False,True,38,464,True,
155,/kuka/axis_move/feedback_json,std_msgs/msg/String,2026-08-31T20:50:12.560349-04:00,1788223812,560337961,1788223812560337961,125.804652,,,,29473,29472,1,0,0,29473,AxisTarget,1,True,True,True,False,-2.227849,-66.892624,116.243355,0.042569,40.173691,-2.296523,503.78479,19.567377,442.597656,179.963196,0.478168,-179.991608,7826,False,True,38,464,True,
156,/kuka/axis_move/feedback_json,std_msgs/msg/String,2026-08-31T20:50:12.688279-04:00,1788223812,688269629,1788223812688269629,127.931668,,,,29474,29473,1,0,0,29474,AxisTarget,1,True,True,True,False,-2.219852,-66.756683,116.020157,0.043885,40.263767,-2.291859,505.271942,19.55105,442.631439,179.960602,0.475298,-179.990524,7826,False,True,38,464,True,
157,/kuka/axis_move/feedback_json,std_msgs/msg/String,2026-08-31T20:50:12.815621-04:00,1788223812,815599387,1788223812815599387,127.329758,,,,29475,29474,1,0,0,29475,AxisTarget,1,True,True,True,False,-2.2116,-66.616364,115.789757,0.045237,40.356754,-2.28734,506.757233,19.534243,442.663513,179.957993,0.472436,-179.989426,7826,False,True,38,464,True,
158,/kuka/axis_move/feedback_json,std_msgs/msg/String,2026-08-31T20:50:12.944487-04:00,1788223812,944480319,1788223812944480319,128.880932,,,,29476,29475,1,0,0,29476,AxisTarget,1,True,True,True,False,-2.203606,-66.480438,115.559357,0.046588,40.449741,-2.282675,508.194397,19.517488,442.692963,179.955475,0.469667,-179.988373,7826,False,True,38,465,True,
159,/kuka/axis_move/feedback_json,std_msgs/msg/String,2026-08-31T20:50:13.072762-04:00,1788223813,72750996,1788223813072750996,128.270677,,,,29477,29476,1,0,0,29477,AxisTarget,1,True,True,True,True,-2.195097,-66.335747,115.328957,0.047939,40.542728,-2.278011,509.722412,19.499138,442.722443,179.952789,0.466719,-179.987244,7826,False,True,38,465,True,
160,/kuka/axis_move/feedback_json,std_msgs/msg/String,2026-08-31T20:50:13.199533-04:00,1788223813,199518019,1788223813199518019,126.767023,,,,29478,29477,1,0,0,29478,AxisTarget,1,True,True,True,False,-2.186846,-66.195435,115.098557,0.049291,40.635712,-2.273347,511.20224,19.480833,442.749268,179.95018,0.46386,-179.986145,7826,False,True,38,465,True,
161,/kuka/axis_move/feedback_json,std_msgs/msg/String,2026-08-31T20:50:13.328325-04:00,1788223813,328314466,1788223813328314466,128.796447,,,,29479,29478,1,0,0,29479,AxisTarget,1,True,True,True,False,-2.178595,-66.055122,114.868156,0.050643,40.728699,-2.268686,512.634094,19.462627,442.773529,179.947647,0.461091,-179.985077,7826,False,True,38,465,True,
162,/kuka/axis_move/feedback_json,std_msgs/msg/String,2026-08-31T20:50:13.461045-04:00,1788223813,461025168,1788223813461025168,132.710702,,,,29480,29479,1,0,0,29480,AxisTarget,1,True,True,True,False,-2.170344,-65.91481,114.637756,0.051997,40.821682,-2.263882,514.156372,19.442736,442.797546,179.944946,0.458144,-179.983948,7826,False,True,38,465,True,
163,/kuka/axis_move/feedback_json,std_msgs/msg/String,2026-08-31T20:50:13.587739-04:00,1788223813,587708804,1788223813587708804,126.683636,,,,29481,29480,1,0,0,29481,AxisTarget,1,True,True,True,False,-2.161837,-65.770111,114.400154,0.053394,40.917568,-2.259226,515.676697,19.422318,442.819641,179.94223,0.455198,-179.982803,7826,False,True,38,465,True,
164,/kuka/axis_move/feedback_json,std_msgs/msg/String,2026-08-31T20:50:13.713918-04:00,1788223813,713887652,1788223813713887652,126.178848,,,,29482,29481,1,0,0,29482,AxisTarget,1,True,True,True,False,-2.153587,-65.629799,114.169754,0.054749,41.010551,-2.254572,517.103088,19.402657,442.838715,179.939697,0.45243,-179.98172,7826,False,True,38,465,True,
165,/kuka/axis_move/feedback_json,std_msgs/msg/String,2026-08-31T20:50:13.838057-04:00,1788223813,838045202,1788223813838045202,124.15755,,,,29483,29482,1,0,0,29483,AxisTarget,1,True,True,True,False,-2.145596,-65.493874,113.946556,0.056062,41.100624,-2.250064,518.573669,19.381872,442.856628,179.937057,0.449573,-179.980606,7826,False,True,38,466,True,
166,/kuka/axis_move/feedback_json,std_msgs/msg/String,2026-08-31T20:50:13.971929-04:00,1788223813,971916424,1788223813971916424,133.871222,,,,29484,29483,1,0,0,29484,AxisTarget,1,True,True,True,True,-2.137347,-65.353554,113.716156,0.05746,41.19651,-2.245266,519.99646,19.361263,442.872314,179.934509,0.446806,-179.979538,7826,False,True,38,466,True,
167,/kuka/axis_move/feedback_json,std_msgs/msg/String,2026-08-31T20:50:14.100419-04:00,1788223814,100377844,1788223814100377844,128.46142,,,,29485,29484,1,0,0,29485,AxisTarget,1,True,True,True,False,-2.12884,-65.208855,113.478554,0.058858,41.292397,-2.240467,521.554932,19.338123,442.887634,179.931702,0.44377,-179.978348,7826,False,True,38,466,True,
168,/kuka/axis_move/feedback_json,std_msgs/msg/String,2026-08-31T20:50:14.232874-04:00,1788223814,232862534,1788223814232862534,132.48469,,,,29486,29485,1,0,0,29486,AxisTarget,1,True,True,True,False,-2.120591,-65.068542,113.240959,0.060214,41.385376,-2.235813,523.019775,19.315834,442.900208,179.929062,0.440912,-179.977219,7826,False,True,38,466,True,
169,/kuka/axis_move/feedback_json,std_msgs/msg/String,2026-08-31T20:50:14.352766-04:00,1788223814,352760052,1788223814352760052,119.897518,,,,29487,29486,1,0,0,29487,AxisTarget,1,True,True,True,False,-2.112342,-64.928223,113.017754,0.061528,41.475452,-2.231302,524.482727,19.293047,442.911041,179.926422,0.438053,-179.976105,7826,False,True,38,466,True,
170,/kuka/axis_move/feedback_json,std_msgs/msg/String,2026-08-31T20:50:14.480732-04:00,1788223814,480720902,1788223814480720902,127.96085,,,,29488,29487,1,0,0,29488,AxisTarget,1,True,True,True,False,-2.104351,-64.79229,112.794556,0.062843,41.565525,-2.22679,525.898132,19.270502,442.91983,179.923874,0.435282,-179.975006,7826,False,True,38,466,True,
171,/kuka/axis_move/feedback_json,std_msgs/msg/String,2026-08-31T20:50:14.606099-04:00,1788223814,606089671,1788223814606089671,125.368769,,,,29489,29488,1,0,0,29489,AxisTarget,1,True,True,True,False,-2.096103,-64.65197,112.564156,0.0642,41.658504,-2.222131,527.357361,19.246744,442.927155,179.921219,0.43242,-179.973877,7826,False,True,38,466,True,
172,/kuka/axis_move/feedback_json,std_msgs/msg/String,2026-08-31T20:50:14.728057-04:00,1788223814,728051507,1788223814728051507,121.961836,,,,29490,29489,1,0,0,29490,AxisTarget,1,True,True,True,False,-2.088112,-64.516037,112.340958,0.065515,41.748581,-2.217615,528.769104,19.223257,442.932587,179.918671,0.429645,-179.972778,7826,False,True,38,466,True,
173,/kuka/axis_move/feedback_json,std_msgs/msg/String,2026-08-31T20:50:14.856387-04:00,1788223814,856370089,1788223814856370089,128.318582,,,,29491,29490,1,0,0,29491,AxisTarget,1,True,True,True,False,-2.080122,-64.380096,112.11776,0.06683,41.838654,-2.213098,530.179016,19.199308,442.93634,179.916107,0.42687,-179.97168,7826,False,True,38,466,True,
174,/kuka/axis_move/feedback_json,std_msgs/msg/String,2026-08-31T20:50:14.981567-04:00,1788223814,981561495,1788223814981561495,125.191406,,,,29492,29491,1,0,0,29492,AxisTarget,1,True,True,True,False,-2.071874,-64.239777,111.88736,0.068189,41.931637,-2.208433,531.632568,19.174103,442.938477,179.913467,0.424004,-179.970535,7826,False,True,38,466,True,
175,/kuka/axis_move/feedback_json,std_msgs/msg/String,2026-08-31T20:50:15.104642-04:00,1788223815,104628601,1788223815104628601,123.067106,,,,29493,29492,1,0,0,29493,AxisTarget,1,True,True,True,False,-2.063884,-64.103836,111.664154,0.069504,42.021709,-2.203914,532.993469,19.150026,442.938904,179.91098,0.421316,-179.969467,7826,False,True,38,467,True,
176,/kuka/axis_move/feedback_json,std_msgs/msg/String,2026-08-31T20:50:15.238581-04:00,1788223815,238569240,1788223815238569240,133.940639,,,,29494,29493,1,0,0,29494,AxisTarget,1,True,True,True,True,-2.055893,-63.967899,111.440956,0.07082,42.111786,-2.199396,534.443237,19.123867,442.937683,179.908325,0.418449,-179.968323,7826,False,True,38,467,True,
177,/kuka/axis_move/feedback_json,std_msgs/msg/String,2026-08-31T20:50:15.360287-04:00,1788223815,360276011,1788223815360276011,121.706771,,,,29495,29494,1,0,0,29495,AxisTarget,1,True,True,True,False,-2.047387,-63.823189,111.203354,0.072221,42.207672,-2.194585,535.936218,19.096375,442.93457,179.905594,0.415493,-179.967148,7826,False,True,38,467,True,
178,/kuka/axis_move/feedback_json,std_msgs/msg/String,2026-08-31T20:50:15.493929-04:00,1788223815,493923639,1788223815493923639,133.647628,,,,29496,29495,1,0,0,29496,AxisTarget,1,True,True,True,False,-2.039397,-63.687252,110.980156,0.073537,42.297745,-2.189921,537.336853,19.070074,442.929962,179.903015,0.412716,-179.966034,7826,False,True,38,467,True,
179,/kuka/axis_move/feedback_json,std_msgs/msg/String,2026-08-31T20:50:15.616421-04:00,1788223815,616409424,1788223815616409424,122.485785,,,,29497,29496,1,0,0,29497,AxisTarget,1,True,True,True,False,-2.030892,-63.542545,110.742554,0.074937,42.393631,-2.185257,538.825806,19.041574,442.923279,179.900284,0.409759,-179.964844,7826,False,True,38,467,True,
180,/kuka/axis_move/feedback_json,std_msgs/msg/String,2026-08-31T20:50:15.742168-04:00,1788223815,742157629,1788223815742157629,125.748205,,,,29498,29497,1,0,0,29498,AxisTarget,1,True,True,True,False,-2.02316,-63.410992,110.526558,0.076209,42.483707,-2.18074,540.177551,19.015219,442.915588,179.897781,0.407072,-179.963776,7826,False,True,38,467,True,
181,/kuka/axis_move/feedback_json,std_msgs/msg/String,2026-08-31T20:50:15.869137-04:00,1788223815,869125456,1788223815869125456,126.967827,,,,29499,29498,1,0,0,29499,AxisTarget,1,True,True,True,False,-2.014913,-63.270672,110.296158,0.077566,42.573784,-2.176223,541.617493,18.986633,442.905731,179.895111,0.404205,-179.962616,7826,False,True,38,467,True,
182,/kuka/axis_move/feedback_json,std_msgs/msg/String,2026-08-31T20:50:15.996416-04:00,1788223815,996386062,1788223815996386062,127.260606,,,,29500,29499,1,0,0,29500,AxisTarget,1,True,True,True,False,-2.006666,-63.130348,110.065758,0.078922,42.666767,-2.171562,543.055481,18.957565,442.894104,179.892441,0.401339,-179.961456,7826,False,True,38,467,True,
183,/kuka/axis_move/feedback_json,std_msgs/msg/String,2026-08-31T20:50:16.120930-04:00,1788223816,120920489,1788223816120920489,124.534427,,,,29501,29500,1,0,0,29501,AxisTarget,1,True,True,True,False,-1.998678,-62.994415,109.842552,0.080235,42.756844,-2.167047,544.446533,18.928944,442.881226,179.889847,0.398563,-179.960327,7826,False,True,38,467,True,
184,/kuka/axis_move/feedback_json,std_msgs/msg/String,2026-08-31T20:50:16.248268-04:00,1788223816,248257913,1788223816248257913,127.337424,,,,29502,29501,1,0,0,29502,AxisTarget,1,True,True,True,False,-1.99069,-62.854095,109.612152,0.08159,42.849827,-2.162387,545.835815,18.899868,442.86673,179.887253,0.395786,-179.959213,7826,False,True,38,467,True,
185,/kuka/axis_move/feedback_json,std_msgs/msg/String,2026-08-31T20:50:16.381054-04:00,1788223816,381037934,1788223816381037934,132.780021,,,,29503,29502,1,0,0,29503,AxisTarget,1,True,True,True,False,-1.982187,-62.713776,109.381752,0.082987,42.945713,-2.157582,547.312561,18.86842,442.849487,179.884491,0.392831,-179.958008,7826,False,True,38,467,True,
186,/kuka/axis_move/feedback_json,std_msgs/msg/String,2026-08-31T20:50:16.508716-04:00,1788223816,508703475,1788223816508703475,127.665541,,,,29504,29503,1,0,0,29504,AxisTarget,1,True,True,True,False,-1.973942,-62.569073,109.144157,0.084342,43.0387,-2.152923,548.742554,18.837435,442.831024,179.881805,0.389966,-179.956848,7826,False,True,38,467,True,
187,/kuka/axis_move/feedback_json,std_msgs/msg/String,2026-08-31T20:50:16.636978-04:00,1788223816,636955459,1788223816636955459,128.251984,,,,29505,29504,1,0,0,29505,AxisTarget,1,True,True,True,False,-1.965439,-62.428757,108.906555,0.085738,43.134586,-2.148119,550.215027,18.804974,442.810211,179.879028,0.387011,-179.955643,7826,False,True,38,468,True,
188,/kuka/axis_move/feedback_json,std_msgs/msg/String,2026-08-31T20:50:16.764034-04:00,1788223816,764022715,1788223816764022715,127.067256,,,,29506,29505,1,0,0,29506,AxisTarget,1,True,True,True,True,-1.957194,-62.288437,108.683357,0.08705,43.224667,-2.143606,551.596375,18.774012,442.78894,179.876419,0.384235,-179.954498,7826,False,True,38,468,True,
189,/kuka/axis_move/feedback_json,std_msgs/msg/String,2026-08-31T20:50:16.888914-04:00,1788223816,888903311,1788223816888903311,124.880596,,,,29507,29506,1,0,0,29507,AxisTarget,1,True,True,True,False,-1.948949,-62.148121,108.452957,0.088404,43.31765,-2.138947,553.020203,18.741575,442.76532,179.873718,0.38137,-179.953339,7826,False,True,38,468,True,
190,/kuka/axis_move/feedback_json,std_msgs/msg/String,2026-08-31T20:50:17.019048-04:00,1788223817,19036239,1788223817019036239,130.132928,,,,29508,29507,1,0,0,29508,AxisTarget,1,True,True,True,False,-1.940962,-62.012188,108.229759,0.089715,43.407726,-2.134435,554.397644,18.70969,442.740784,179.871109,0.378594,-179.952194,7826,False,True,38,468,True,
191,/kuka/axis_move/feedback_json,std_msgs/msg/String,2026-08-31T20:50:17.144792-04:00,1788223817,144779831,1788223817144779831,125.743592,,,,29509,29508,1,0,0,29509,AxisTarget,1,True,True,True,False,-1.932716,-61.871868,107.999359,0.091069,43.50071,-2.129777,555.817444,18.676302,442.713776,179.868408,0.375728,-179.951019,7826,False,True,38,468,True,
192,/kuka/axis_move/feedback_json,std_msgs/msg/String,2026-08-31T20:50:17.270737-04:00,1788223817,270724341,1788223817270724341,125.94451,,,,29510,29509,1,0,0,29510,AxisTarget,1,True,True,True,False,-1.924729,-61.731552,107.768959,0.092423,43.593693,-2.125119,557.235229,18.642427,442.685028,179.865692,0.372862,-179.949844,7826,False,True,38,468,True,
193,/kuka/axis_move/feedback_json,std_msgs/msg/String,2026-08-31T20:50:17.400762-04:00,1788223817,400750461,1788223817400750461,130.02612,,,,29511,29510,1,0,0,29511,AxisTarget,1,True,True,True,False,-1.916225,-61.591232,107.538559,0.093777,43.686676,-2.120463,558.650879,18.608068,442.654572,179.862976,0.369995,-179.948654,7826,False,True,38,468,True,
194,/kuka/axis_move/feedback_json,std_msgs/msg/String,2026-08-31T20:50:17.523684-04:00,1788223817,523672861,1788223817523672861,122.9224,,,,29512,29511,1,0,0,29512,AxisTarget,1,True,True,True,False,-1.908237,-61.455296,107.315353,0.095088,43.776752,-2.115952,560.064514,18.573227,442.622375,179.86026,0.367128,-179.947464,7826,False,True,38,468,True,
195,/kuka/axis_move/feedback_json,std_msgs/msg/String,2026-08-31T20:50:17.651900-04:00,1788223817,651888489,1788223817651888489,128.215628,,,,29513,29512,1,0,0,29513,AxisTarget,1,True,True,True,False,-1.89999,-61.314976,107.084953,0.096442,43.869736,-2.111297,561.431946,18.539011,442.589539,179.857635,0.364349,-179.94632,7826,False,True,38,468,True,
196,/kuka/axis_move/feedback_json,std_msgs/msg/String,2026-08-31T20:50:17.776860-04:00,1788223817,776847978,1788223817776847978,124.959489,,,,29514,29513,1,0,0,29514,AxisTarget,1,True,True,True,False,-1.892001,-61.179035,106.854553,0.097795,43.962715,-2.106643,562.841431,18.503216,442.553986,179.854904,0.361481,-179.945129,7826,False,True,38,468,True,
197,/kuka/axis_move/feedback_json,std_msgs/msg/String,2026-08-31T20:50:17.900589-04:00,1788223817,900577425,1788223817900577425,123.729447,,,,29515,29514,1,0,0,29515,AxisTarget,1,True,True,True,False,-1.883753,-61.038712,106.631355,0.099107,44.052792,-2.102135,564.24884,18.466938,442.516693,179.852173,0.358612,-179.943939,7826,False,True,38,468,True,
198,/kuka/axis_move/feedback_json,std_msgs/msg/String,2026-08-31T20:50:18.026127-04:00,1788223818,26114640,1788223818026114640,125.537215,,,,29516,29515,1,0,0,29516,AxisTarget,1,True,True,True,False,-1.876021,-60.907158,106.415352,0.100375,44.142864,-2.097628,565.566345,18.432489,442.480164,179.849609,0.355922,-179.942825,7826,False,True,38,468,True,
199,/kuka/axis_move/feedback_json,std_msgs/msg/String,2026-08-31T20:50:18.158095-04:00,1788223818,158084024,1788223818158084024,131.969384,,,,29517,29516,1,0,0,29517,AxisTarget,1,True,True,True,True,-1.867908,-60.765781,106.184212,0.101727,44.232353,-2.093174,566.954956,18.395674,442.439972,179.846909,0.353083,-179.941635,7826,False,True,38,469,True,
200,/kuka/axis_move/feedback_json,std_msgs/msg/String,2026-08-31T20:50:18.288766-04:00,1788223818,288748757,1788223818288748757,130.664733,,,,29518,29517,1,0,0,29518,AxisTarget,1,True,True,True,False,-1.860726,-60.647289,105.982391,0.102916,44.314411,-2.089049,568.174866,18.362902,442.403259,179.844513,0.350585,-179.940598,7826,False,True,38,469,True,
201,/kuka/axis_move/feedback_json,std_msgs/msg/String,2026-08-31T20:50:18.419693-04:00,1788223818,419681794,1788223818419681794,130.933037,,,,29519,29518,1,0,0,29519,AxisTarget,1,True,True,True,False,-1.852335,-60.504189,105.753708,0.104261,44.406971,-2.084412,569.546875,18.325556,442.360352,179.841827,0.347771,-179.939423,7826,False,True,38,469,True,
202,/kuka/axis_move/feedback_json,std_msgs/msg/String,2026-08-31T20:50:18.548567-04:00,1788223818,548550362,1788223818548550362,128.868568,,,,29520,29519,1,0,0,29520,AxisTarget,1,True,True,True,False,-1.844087,-60.363861,105.523308,0.105657,44.502857,-2.079614,570.987793,18.285782,442.313477,179.838989,0.344812,-179.938171,7826,False,True,38,469,True,
203,/kuka/axis_move/feedback_json,std_msgs/msg/String,2026-08-31T20:50:18.680663-04:00,1788223818,680649991,1788223818680649991,132.099629,,,,29521,29520,1,0,0,29521,AxisTarget,1,True,True,True,False,-1.835581,-60.219154,105.278511,0.107055,44.598743,-2.074815,572.426392,18.245499,442.264771,179.836151,0.341852,-179.936935,7826,False,True,38,469,True,
204,/kuka/axis_move/feedback_json,std_msgs/msg/String,2026-08-31T20:50:18.813035-04:00,1788223818,813022574,1788223818813022574,132.372583,,,,29522,29521,1,0,0,29522,AxisTarget,1,True,True,True,False,-1.827075,-60.074444,105.040909,0.108453,44.694633,-2.070013,573.862732,18.20471,442.214294,179.833328,0.338891,-179.935684,7826,False,True,38,469,True,
205,/kuka/axis_move/feedback_json,std_msgs/msg/String,2026-08-31T20:50:18.937131-04:00,1788223818,937119485,1788223818937119485,124.096911,,,,29523,29522,1,0,0,29523,AxisTarget,1,True,True,True,False,-1.818826,-59.929737,104.810509,0.109811,44.787613,-2.065356,575.253357,18.164669,442.163605,179.830566,0.33602,-179.934464,7826,False,True,38,469,True,
206,/kuka/axis_move/feedback_json,std_msgs/msg/String,2026-08-31T20:50:19.062176-04:00,1788223819,62164899,1788223819062164899,125.045414,,,,29524,29523,1,0,0,29524,AxisTarget,1,True,True,True,False,-1.810577,-59.7938,104.587311,0.111128,44.877693,-2.060842,576.641846,18.124153,442.111267,179.82782,0.333149,-179.933258,7826,False,True,38,469,True,
207,/kuka/axis_move/feedback_json,std_msgs/msg/String,2026-08-31T20:50:19.191965-04:00,1788223819,191954260,1788223819191954260,129.789361,,,,29525,29524,1,0,0,29525,AxisTarget,1,True,True,True,False,-1.802585,-59.653477,104.356911,0.112489,44.970676,-2.056181,577.984863,18.084448,442.058929,179.82515,0.330366,-179.932068,7826,False,True,38,469,True,
208,/kuka/axis_move/feedback_json,std_msgs/msg/String,2026-08-31T20:50:19.318150-04:00,1788223819,318144728,1788223819318144728,126.190468,,,,29526,29525,1,0,0,29526,AxisTarget,1,True,True,True,True,-1.794426,-59.515568,104.13134,0.113817,45.060909,-2.05168,579.360352,18.043259,442.003601,179.822418,0.327512,-179.930847,7826,False,True,38,470,False,
209,/kuka/axis_move/feedback_json,std_msgs/msg/String,2026-08-31T20:50:19.448043-04:00,1788223819,448036792,1788223819448036792,129.892064,,,,29527,29526,1,0,0,29527,AxisTarget,1,True,True,True,False,-1.787001,-59.392876,103.929123,0.115017,45.14328,-2.047529,580.558838,18.006935,441.953979,179.820023,0.325021,-179.929794,7826,False,True,38,470,False,
210,/kuka/axis_move/feedback_json,std_msgs/msg/String,2026-08-31T20:50:19.574996-04:00,1788223819,574983863,1788223819574983863,126.947071,,,,29528,29527,1,0,0,29528,AxisTarget,1,True,True,True,False,-1.778766,-59.252705,103.698868,0.116378,45.236248,-2.042867,581.932373,17.964811,441.895447,179.817276,0.322162,-179.928574,7826,False,True,38,470,False,
211,/kuka/axis_move/feedback_json,std_msgs/msg/String,2026-08-31T20:50:19.703703-04:00,1788223819,703694887,1788223819703694887,128.711024,,,,29529,29528,1,0,0,29529,AxisTarget,1,True,True,True,False,-1.770516,-59.112385,103.468468,0.11774,45.329231,-2.038206,583.310303,17.922014,441.834991,179.814514,0.31929,-179.927338,7826,False,True,38,470,False,
212,/kuka/axis_move/feedback_json,std_msgs/msg/String,2026-08-31T20:50:19.826527-04:00,1788223819,826513860,1788223819826513860,122.818973,,,,29530,29529,1,0,0,29530,AxisTarget,1,True,True,True,False,-1.762523,-58.976448,103.24527,0.119058,45.419308,-2.03369,584.686035,17.878744,441.772827,179.811752,0.31642,-179.926102,7826,False,True,38,470,False,
213,/kuka/axis_move/feedback_json,std_msgs/msg/String,2026-08-31T20:50:19.956515-04:00,1788223819,956503747,1788223819956503747,129.989887,,,,29531,29530,1,0,0,29531,AxisTarget,1,True,True,True,False,-1.754272,-58.836128,103.01487,0.120419,45.512287,-2.029029,586.016724,17.83637,441.711029,179.809067,0.313644,-179.924911,7826,False,True,38,470,False,
214,/kuka/axis_move/feedback_json,std_msgs/msg/String,2026-08-31T20:50:20.086992-04:00,1788223820,86980573,1788223820086980573,130.476826,,,,29532,29531,1,0,0,29532,AxisTarget,1,True,True,True,False,-1.746019,-58.695808,102.78447,0.121778,45.605267,-2.024369,587.430908,17.790775,441.643555,179.806198,0.310691,-179.923645,7826,False,True,38,470,False,
215,/kuka/axis_move/feedback_json,std_msgs/msg/String,2026-08-31T20:50:20.216808-04:00,1788223820,216795314,1788223820216795314,129.814741,,,,29533,29532,1,0,0,29533,AxisTarget,1,True,True,True,False,-1.737509,-58.551105,102.546867,0.12318,45.701145,-2.019562,588.799988,17.746084,441.576416,179.803406,0.30783,-179.922394,7826,False,True,38,470,False,
216,/kuka/axis_move/feedback_json,std_msgs/msg/String,2026-08-31T20:50:20.349054-04:00,1788223820,349037188,1788223820349037188,132.241874,,,,29534,29533,1,0,0,29534,AxisTarget,1,True,True,True,False,-1.729256,-58.410786,102.316467,0.124539,45.794121,-2.014902,590.16687,17.700926,441.507599,179.800629,0.304969,-179.921158,7826,False,True,38,470,False,
217,/kuka/axis_move/feedback_json,std_msgs/msg/String,2026-08-31T20:50:20.475711-04:00,1788223820,475696660,1788223820475696660,126.659472,,,,29535,29534,1,0,0,29535,AxisTarget,1,True,True,True,False,-1.721002,-58.27047,102.086067,0.12594,45.890003,-2.010097,591.574097,17.653862,441.434875,179.797745,0.302019,-179.919876,7826,False,True,38,470,False,
218,/kuka/axis_move/feedback_json,std_msgs/msg/String,2026-08-31T20:50:20.606099-04:00,1788223820,606091853,1788223820606091853,130.395193,,,,29536,29535,1,0,0,29536,AxisTarget,1,True,True,True,False,-1.712486,-58.125767,101.848465,0.127294,45.982975,-2.00544,592.978943,17.60627,441.360413,179.794861,0.299071,-179.91861,7826,False,True,38,470,False,
219,/kuka/axis_move/feedback_json,std_msgs/msg/String,2026-08-31T20:50:20.733964-04:00,1788223820,733958814,1788223820733958814,127.866961,,,,29537,29536,1,0,0,29537,AxisTarget,1,True,True,True,False,-1.704226,-57.985447,101.618065,0.128646,46.075947,-2.000783,594.338989,17.55962,441.286499,179.792038,0.296213,-179.917358,7826,False,True,38,470,False,
220,/kuka/axis_move/feedback_json,std_msgs/msg/String,2026-08-31T20:50:20.860973-04:00,1788223820,860961411,1788223820860961411,127.002597,,,,29538,29537,1,0,0,29538,AxisTarget,1,True,True,True,False,-1.695726,-57.840935,101.381012,0.130012,46.171146,-1.996029,595.696655,17.512594,441.211029,179.78923,0.293366,-179.916122,7826,False,True,38,470,False,
221,/kuka/axis_move/feedback_json,std_msgs/msg/String,2026-08-31T20:50:21.376282-04:00,1788223821,376258823,1788223821376258823,515.297412,,,,29539,29538,1,0,0,29539,AxisTarget,1,True,True,True,False,-1.6931,-57.800098,101.320801,0.1303,46.190102,-1.9952,596.259705,17.493359,441.17984,179.788086,0.292236,-179.915634,7827,False,True,39,474,True,
222,/kuka/axis_move/feedback_json,std_msgs/msg/String,2026-08-31T20:50:21.500773-04:00,1788223821,500767687,1788223821500767687,124.508864,,,,29540,29539,1,0,0,29540,AxisTarget,1,True,True,True,True,-1.627882,-57.796627,101.31073,0.128937,46.196129,-1.891983,596.307373,17.006161,441.191803,179.789566,0.292831,-179.915955,7827,False,True,39,475,True,
223,/kuka/axis_move/feedback_json,std_msgs/msg/String,2026-08-31T20:50:21.629121-04:00,1788223821,629109814,1788223821629109814,128.342127,,,,29541,29540,1,0,0,29541,AxisTarget,1,True,True,True,False,-1.400118,-57.785561,101.281288,0.125248,46.211178,-1.652087,596.529663,14.67814,441.248962,179.796692,0.295689,-179.917435,7827,False,True,39,475,True,
224,/kuka/axis_move/feedback_json,std_msgs/msg/String,2026-08-31T20:50:21.756731-04:00,1788223821,756712793,1788223821756712793,127.602979,,,,29542,29541,1,0,0,29542,AxisTarget,1,True,True,True,False,-1.183385,-57.775051,101.253426,0.121734,46.225323,-1.426634,596.736572,12.421012,441.304382,179.803574,0.298509,-179.918884,7827,False,True,39,476,True,
225,/kuka/axis_move/feedback_json,std_msgs/msg/String,2026-08-31T20:50:21.885316-04:00,1788223821,885305923,1788223821885305923,128.59313,,,,29543,29542,1,0,0,29543,AxisTarget,1,True,True,True,True,-0.953656,-57.763889,101.223801,0.117991,46.240383,-1.186443,596.951721,9.967322,441.364624,179.81105,0.301598,-179.920441,7827,False,True,39,476,True,
226,/kuka/axis_move/feedback_json,std_msgs/msg/String,2026-08-31T20:50:22.012258-04:00,1788223822,12251797,1788223822012251797,126.945874,,,,29544,29543,1,0,0,29544,AxisTarget,1,True,True,True,False,-0.723256,-57.752708,101.194138,0.114242,46.255459,-0.946142,597.151733,7.572636,441.423401,179.818344,0.304632,-179.921921,7827,False,True,39,476,True,
227,/kuka/axis_move/feedback_json,std_msgs/msg/String,2026-08-31T20:50:22.136915-04:00,1788223822,136903312,1788223822136903312,124.651515,,,,29545,29544,1,0,0,29545,AxisTarget,1,True,True,True,False,-0.500056,-57.741886,101.16539,0.110607,46.270065,-0.713344,597.336365,5.251407,441.480499,179.825409,0.307598,-179.923355,7827,False,True,39,476,True,
228,/kuka/axis_move/feedback_json,std_msgs/msg/String,2026-08-31T20:50:22.260646-04:00,1788223822,260627885,1788223822260627885,123.724573,,,,29546,29545,1,0,0,29546,AxisTarget,1,True,True,True,False,-0.269656,-57.730724,101.135712,0.106851,46.285145,-0.473031,597.511963,2.92886,441.537689,179.832474,0.310589,-179.924744,7827,False,True,39,476,True,
229,/kuka/axis_move/feedback_json,std_msgs/msg/String,2026-08-31T20:50:22.385057-04:00,1788223822,385051271,1788223822385051271,124.423386,,,,29547,29546,1,0,0,29547,AxisTarget,1,True,True,True,False,-0.046456,-57.719917,101.106964,0.10321,46.299755,-0.240226,597.678406,0.605029,441.595001,179.839539,0.313602,-179.926132,7827,False,True,39,477,True,
230,/kuka/axis_move/feedback_json,std_msgs/msg/String,2026-08-31T20:50:22.510336-04:00,1788223822,510330455,1788223822510330455,125.279184,,,,29548,29547,1,0,0,29548,AxisTarget,1,True,True,True,True,0.176744,-57.70911,101.078209,0.09957,46.314365,-0.00742,597.840759,-1.795076,441.654144,179.846848,0.316729,-179.927521,7827,False,True,39,477,True,
231,/kuka/axis_move/feedback_json,std_msgs/msg/String,2026-08-31T20:50:22.636493-04:00,1788223822,636480777,1788223822636480777,126.150322,,,,29549,29548,1,0,0,29549,AxisTarget,1,True,True,True,False,0.399944,-57.698303,101.048531,0.095812,46.329449,0.232894,597.98877,-4.121412,441.711456,179.853928,0.319775,-179.928848,7827,False,True,39,477,True,
232,/kuka/axis_move/feedback_json,std_msgs/msg/String,2026-08-31T20:50:22.764600-04:00,1788223822,764582326,1788223822764582326,128.101549,,,,29550,29549,1,0,0,29550,AxisTarget,1,True,True,True,False,0.630344,-57.687145,101.019783,0.092173,46.344055,0.465695,598.127747,-6.448927,441.768768,179.860992,0.322837,-179.930161,7827,False,True,39,477,True,
233,/kuka/axis_move/feedback_json,std_msgs/msg/String,2026-08-31T20:50:22.889961-04:00,1788223822,889955376,1788223822889955376,125.37305,,,,29551,29550,1,0,0,29551,AxisTarget,1,True,True,True,False,0.860744,-57.675991,100.990112,0.088419,46.359135,0.706001,598.261597,-8.852724,441.827942,179.868301,0.326014,-179.931473,7827,False,True,39,477,True,
234,/kuka/axis_move/feedback_json,std_msgs/msg/String,2026-08-31T20:50:23.016121-04:00,1788223823,16115636,1788223823016115636,126.16026,,,,29552,29551,1,0,0,29552,AxisTarget,1,True,True,True,False,1.083944,-57.66518,100.961365,0.084783,46.373741,0.938794,598.385742,-11.2577,441.887115,179.87561,0.329207,-179.93277,7827,False,True,39,477,True,
235,/kuka/axis_move/feedback_json,std_msgs/msg/String,2026-08-31T20:50:23.144198-04:00,1788223823,144192231,1788223823144192231,128.076595,,,,29553,29552,1,0,0,29553,AxisTarget,1,True,True,True,False,1.314344,-57.654026,100.931694,0.081032,46.388817,1.179094,598.496704,-13.588608,441.944427,179.882675,0.332317,-179.93399,7827,False,True,39,477,True,
236,/kuka/axis_move/feedback_json,std_msgs/msg/String,2026-08-31T20:50:23.270082-04:00,1788223823,270069392,1788223823270069392,125.877161,,,,29554,29553,1,0,0,29554,AxisTarget,1,True,True,True,False,1.544744,-57.642868,100.902023,0.077281,46.403893,1.419392,598.604858,-16.071032,442.005463,179.890198,0.335643,-179.935272,7827,False,True,39,478,True,
237,/kuka/axis_move/feedback_json,std_msgs/msg/String,2026-08-31T20:50:23.392526-04:00,1788223823,392520635,1788223823392520635,122.451243,,,,29555,29554,1,0,0,29555,AxisTarget,1,True,True,True,True,1.760744,-57.632408,100.874207,0.073765,46.418022,1.644671,598.694153,-18.32876,442.060974,179.897049,0.338683,-179.936401,7827,False,True,39,478,True,
238,/kuka/axis_move/feedback_json,std_msgs/msg/String,2026-08-31T20:50:23.519118-04:00,1788223823,519103202,1788223823519103202,126.582567,,,,29556,29555,1,0,0,29556,AxisTarget,1,True,True,True,False,1.983944,-57.621601,100.845467,0.070014,46.433098,1.88497,598.777466,-20.662689,442.118347,179.904129,0.341838,-179.937546,7827,False,True,39,478,True,
239,/kuka/axis_move/feedback_json,std_msgs/msg/String,2026-08-31T20:50:23.647993-04:00,1788223823,647970803,1788223823647970803,128.867601,,,,29557,29556,1,0,0,29557,AxisTarget,1,True,True,True,False,2.221545,-57.610096,100.814865,0.066263,46.448174,2.12527,598.853882,-23.072876,442.177551,179.911438,0.345111,-179.938705,7827,False,True,39,478,True,
240,/kuka/axis_move/feedback_json,std_msgs/msg/String,2026-08-31T20:50:23.774600-04:00,1788223823,774587514,1788223823774587514,126.616711,,,,29558,29557,1,0,0,29558,AxisTarget,1,True,True,True,False,2.444745,-57.598938,100.785194,0.062513,46.463245,2.365573,598.920532,-25.484007,442.236786,179.918747,0.3484,-179.93985,7827,False,True,39,478,True,
241,/kuka/axis_move/feedback_json,std_msgs/msg/String,2026-08-31T20:50:23.904383-04:00,1788223823,904373210,1788223823904373210,129.785696,,,,29559,29558,1,0,0,29559,AxisTarget,1,True,True,True,False,2.682344,-57.58778,100.755524,0.058762,46.478317,2.60588,598.977417,-27.896044,442.296051,179.926056,0.351705,-179.940948,7827,False,True,39,478,True,
242,/kuka/axis_move/feedback_json,std_msgs/msg/String,2026-08-31T20:50:24.032926-04:00,1788223824,32912455,1788223824032912455,128.539245,,,,29560,29559,1,0,0,29560,AxisTarget,1,True,True,True,False,2.912745,-57.576622,100.725845,0.055012,46.493389,2.84619,599.025879,-30.384365,442.357147,179.933609,0.355131,-179.942062,7827,False,True,39,478,True,
243,/kuka/axis_move/feedback_json,std_msgs/msg/String,2026-08-31T20:50:24.161823-04:00,1788223824,161818071,1788223824161818071,128.905616,,,,29561,29560,1,0,0,29561,AxisTarget,1,True,True,True,False,3.143145,-57.565464,100.696175,0.051262,46.508461,3.094013,599.062988,-32.798119,442.416412,179.940933,0.358469,-179.943115,7827,False,True,39,478,True,
244,/kuka/axis_move/feedback_json,std_msgs/msg/String,2026-08-31T20:50:24.285089-04:00,1788223824,285077706,1788223824285077706,123.259635,,,,29562,29561,1,0,0,29562,AxisTarget,1,True,True,True,False,3.373544,-57.554302,100.666504,0.047511,46.523529,3.326818,599.090332,-35.212658,442.475677,179.948273,0.361823,-179.944138,7827,False,True,39,478,True,
245,/kuka/axis_move/feedback_json,std_msgs/msg/String,2026-08-31T20:50:24.408516-04:00,1788223824,408504475,1788223824408504475,123.426769,,,,29563,29562,1,0,0,29563,AxisTarget,1,True,True,True,False,3.595204,-57.543591,100.638092,0.043931,46.537865,3.554598,599.107422,-37.543991,442.532898,179.955338,0.365075,-179.945099,7827,False,True,39,479,True,
246,/kuka/axis_move/feedback_json,std_msgs/msg/String,2026-08-31T20:50:24.536656-04:00,1788223824,536639963,1788223824536639963,128.135488,,,,29564,29563,1,0,0,29564,AxisTarget,1,True,True,True,True,3.78761,-57.534275,100.613319,0.040797,46.55048,3.75631,599.114746,-39.500614,442.580933,179.961288,0.367814,-179.945877,7827,False,True,39,479,True,
247,/kuka/axis_move/feedback_json,std_msgs/msg/String,2026-08-31T20:50:24.661182-04:00,1788223824,661176307,1788223824661176307,124.536344,,,,29565,29564,1,0,0,29565,AxisTarget,1,True,True,True,False,4.014526,-57.523254,100.583954,0.037078,46.565449,3.995391,599.114868,-41.933792,442.640625,179.968674,0.371233,-179.946823,7827,False,True,39,479,True,
248,/kuka/axis_move/feedback_json,std_msgs/msg/String,2026-08-31T20:50:24.790189-04:00,1788223824,790166151,1788223824790166151,128.989844,,,,29566,29565,1,0,0,29566,AxisTarget,1,True,True,True,False,4.230525,-57.512444,100.555206,0.033445,46.580521,4.235708,599.106079,-44.199856,442.696259,179.975555,0.374429,-179.947693,7827,False,True,39,479,True,
249,/kuka/axis_move/feedback_json,std_msgs/msg/String,2026-08-31T20:50:24.915628-04:00,1788223824,915622174,1788223824915622174,125.456023,,,,29567,29566,1,0,0,29567,AxisTarget,1,True,True,True,False,4.468126,-57.501286,100.525528,0.029697,46.595119,4.468514,599.086487,-46.693127,442.757446,179.983124,0.377959,-179.948608,7827,False,True,39,479,True,
250,/kuka/axis_move/feedback_json,std_msgs/msg/String,2026-08-31T20:50:25.040661-04:00,1788223825,40649743,1788223825040649743,125.027569,,,,29568,29567,1,0,0,29568,AxisTarget,1,True,True,True,False,4.698526,-57.490124,100.49585,0.025951,46.610191,4.708829,599.058594,-49.035835,442.814972,179.990234,0.38129,-179.949448,7827,False,True,39,479,True,
251,/kuka/axis_move/feedback_json,std_msgs/msg/String,2026-08-31T20:50:25.172643-04:00,1788223825,172635730,1788223825172635730,131.985987,,,,29569,29568,1,0,0,29569,AxisTarget,1,True,True,True,False,4.921726,-57.479317,100.466171,0.022207,46.625267,4.949141,599.020081,-51.454628,442.87439,179.997589,0.384742,-179.950272,7827,False,True,39,479,True,
252,/kuka/axis_move/feedback_json,std_msgs/msg/String,2026-08-31T20:50:25.298531-04:00,1788223825,298521354,1788223825298521354,125.885624,,,,29570,29569,1,0,0,29570,AxisTarget,1,True,True,True,False,5.159326,-57.467812,100.436493,0.018466,46.640343,5.189452,598.970154,-53.949509,442.935699,-179.994843,0.388316,-179.951096,7827,False,True,39,479,True,
253,/kuka/axis_move/feedback_json,std_msgs/msg/String,2026-08-31T20:50:25.433350-04:00,1788223825,433338782,1788223825433338782,134.817428,,,,29571,29570,1,0,0,29571,AxisTarget,1,True,True,True,False,5.382526,-57.456657,100.406815,0.014727,46.655422,5.429761,598.913757,-56.29361,442.993317,-179.987732,0.391687,-179.951843,7827,False,True,39,480,False,
254,/kuka/axis_move/feedback_json,std_msgs/msg/String,2026-08-31T20:50:25.562828-04:00,1788223825,562823069,1788223825562823069,129.484287,,,,29572,29571,1,0,0,29572,AxisTarget,1,True,True,True,True,5.627326,-57.445152,100.376205,0.010754,46.671444,5.68509,598.841309,-58.86499,443.056519,-179.979919,0.395399,-179.952621,7827,False,True,39,480,False,
255,/kuka/axis_move/feedback_json,std_msgs/msg/String,2026-08-31T20:50:25.692382-04:00,1788223825,692371295,1788223825692371295,129.548226,,,,29573,29572,1,0,0,29573,AxisTarget,1,True,True,True,False,5.864926,-57.433651,100.345596,0.007015,46.68652,5.925398,598.760315,-61.361126,443.117889,-179.972336,0.399015,-179.953354,7827,False,True,39,480,False,
256,/kuka/axis_move/feedback_json,std_msgs/msg/String,2026-08-31T20:50:25.822326-04:00,1788223825,822302621,1788223825822302621,129.931326,,,,29574,29573,1,0,0,29574,AxisTarget,1,True,True,True,False,6.095326,-57.422142,100.314987,0.003154,46.702068,6.173214,598.671875,-63.781933,443.177368,-179.964996,0.402533,-179.954041,7827,False,True,39,480,False,
257,/kuka/axis_move/feedback_json,std_msgs/msg/String,2026-08-31T20:50:25.948370-04:00,1788223825,948359176,1788223825948359176,126.056555,,,,29575,29574,1,0,0,29575,AxisTarget,1,True,True,True,False,6.325726,-57.411324,100.28624,-0.000481,46.716671,6.413513,598.573547,-66.203011,443.236786,-179.957657,0.406058,-179.954712,7827,False,True,39,480,False,
258,/kuka/axis_move/feedback_json,std_msgs/msg/String,2026-08-31T20:50:26.076505-04:00,1788223826,76458992,1788223826076458992,128.099816,,,,29576,29575,1,0,0,29576,AxisTarget,1,True,True,True,False,6.556126,-57.40015,100.256569,-0.004243,46.731739,6.646297,598.468933,-68.548637,443.29425,-179.950562,0.409479,-179.955338,7827,False,True,39,480,False,
259,/kuka/axis_move/feedback_json,std_msgs/msg/String,2026-08-31T20:50:26.213667-04:00,1788223826,213661126,1788223826213661126,137.202134,,,,29577,29576,1,0,0,29577,AxisTarget,1,True,True,True,False,6.786526,-57.388973,100.226898,-0.008009,46.746807,6.886588,598.347351,-71.045792,443.355377,-179.943008,0.413129,-179.955963,7827,False,True,39,480,False,
260,/kuka/axis_move/feedback_json,std_msgs/msg/String,2026-08-31T20:50:26.341743-04:00,1788223826,341722421,1788223826341722421,128.061295,,,,29578,29577,1,0,0,29578,AxisTarget,1,True,True,True,False,7.031326,-57.377094,100.195366,-0.012011,46.762817,7.141898,598.215393,-73.543106,443.416504,-179.935455,0.416793,-179.956573,7827,False,True,39,480,False,
261,/kuka/axis_move/feedback_json,std_msgs/msg/String,2026-08-31T20:50:26.469487-04:00,1788223826,469481017,1788223826469481017,127.758596,,,,29579,29578,1,0,0,29579,AxisTarget,1,True,True,True,False,7.261726,-57.365925,100.16571,-0.015773,46.778358,7.389675,598.077332,-75.964851,443.47583,-179.928116,0.420352,-179.957138,7827,False,True,39,480,False,
262,/kuka/axis_move/feedback_json,std_msgs/msg/String,2026-08-31T20:50:26.600620-04:00,1788223826,600614436,1788223826600614436,131.133419,,,,29580,29579,1,0,0,29580,AxisTarget,1,True,True,True,False,7.490218,-57.354866,100.136314,-0.019497,46.792828,7.61998,597.930542,-78.366898,443.53476,-179.920807,0.423884,-179.957657,7827,False,True,39,480,False,
263,/kuka/axis_move/feedback_json,std_msgs/msg/String,2026-08-31T20:50:27.176287-04:00,1788223827,176280081,1788223827176280081,575.665645,,,,29581,29580,1,0,0,29581,AxisTarget,1,True,True,True,True,7.5995,-57.349998,100.124115,-0.0209,46.798061,7.697017,597.842041,-79.742393,443.569275,-179.916595,0.425998,-179.957901,7828,False,True,40,484,True,
264,/kuka/axis_move/feedback_json,std_msgs/msg/String,2026-08-31T20:50:27.733039-04:00,1788223827,733020898,1788223827733020898,556.740817,,,,29582,29581,1,0,0,29582,AxisTarget,1,True,True,True,True,7.690301,-57.84346,100.970146,-0.028843,46.440346,7.774567,593.051208,-80.027618,443.668945,-179.938446,0.427135,-179.962631,7829,False,True,40,486,True,
265,/kuka/axis_move/feedback_json,std_msgs/msg/String,2026-08-31T20:50:27.863764-04:00,1788223827,863732367,1788223827863732367,130.711469,,,,29583,29582,1,0,0,29583,AxisTarget,1,True,True,True,False,7.716236,-57.983242,101.207748,-0.030986,46.345337,7.794991,591.640808,-80.107719,443.694946,-179.944885,0.427494,-179.96402,7829,False,True,40,486,True,
266,/kuka/axis_move/feedback_json,std_msgs/msg/String,2026-08-31T20:50:27.988905-04:00,1788223827,988899245,1788223827988899245,125.166878,,,,29584,29583,1,0,0,29584,AxisTarget,1,True,True,True,False,7.741389,-58.118778,101.438148,-0.033128,46.250332,7.81541,590.270935,-80.183922,443.718597,-179.951126,0.42783,-179.965363,7829,False,True,40,486,True,
267,/kuka/axis_move/feedback_json,std_msgs/msg/String,2026-08-31T20:50:28.118341-04:00,1788223828,118324669,1788223828118324669,129.425424,,,,29585,29584,1,0,0,29585,AxisTarget,1,True,True,True,False,7.765759,-58.250076,101.661346,-0.035201,46.158302,7.835185,588.898865,-80.258682,443.740784,-179.957397,0.428154,-179.96669,7829,False,True,40,486,True,
268,/kuka/axis_move/feedback_json,std_msgs/msg/String,2026-08-31T20:50:28.248326-04:00,1788223828,248315927,1788223828248315927,129.991258,,,,29586,29585,1,0,0,29586,AxisTarget,1,True,True,True,False,7.790915,-58.389843,101.898949,-0.037407,46.060337,7.856234,587.524597,-80.33197,443.761475,-179.963654,0.428475,-179.968018,7829,False,True,40,487,True,
269,/kuka/axis_move/feedback_json,std_msgs/msg/String,2026-08-31T20:50:28.378332-04:00,1788223828,378321342,1788223828378321342,130.005415,,,,29587,29586,1,0,0,29587,AxisTarget,1,True,True,True,True,7.816858,-58.525372,102.129349,-0.039546,45.96534,7.876646,586.105164,-80.405983,443.781311,-179.970139,0.428806,-179.969376,7829,False,True,40,487,True,
270,/kuka/axis_move/feedback_json,std_msgs/msg/String,2026-08-31T20:50:28.503805-04:00,1788223828,503800049,1788223828503800049,125.478707,,,,29588,29587,1,0,0,29588,AxisTarget,1,True,True,True,False,7.842014,-58.660904,102.359749,-0.041686,45.870342,7.897058,584.726501,-80.476234,443.799072,-179.97641,0.429129,-179.970703,7829,False,True,40,487,True,
271,/kuka/axis_move/feedback_json,std_msgs/msg/String,2026-08-31T20:50:28.633308-04:00,1788223828,633301898,1788223828633301898,129.501849,,,,29589,29588,1,0,0,29589,AxisTarget,1,True,True,True,False,7.867169,-58.796436,102.590149,-0.043895,45.772373,7.918109,583.388916,-80.542862,443.814941,-179.982498,0.429445,-179.97197,7829,False,True,40,487,True,
272,/kuka/axis_move/feedback_json,std_msgs/msg/String,2026-08-31T20:50:28.757151-04:00,1788223828,757123571,1788223828757123571,123.821673,,,,29590,29589,1,0,0,29590,AxisTarget,1,True,True,True,False,7.892323,-58.931973,102.820549,-0.045972,45.68034,7.937886,581.96283,-80.612221,443.830353,-179.988983,0.429787,-179.973328,7829,False,True,40,487,True,
273,/kuka/axis_move/feedback_json,std_msgs/msg/String,2026-08-31T20:50:28.880724-04:00,1788223828,880713949,1788223828880713949,123.590378,,,,29591,29590,1,0,0,29591,AxisTarget,1,True,True,True,False,7.916689,-59.063278,103.043747,-0.048051,45.588303,7.957663,580.664368,-80.673889,443.843048,-179.994888,0.430104,-179.974548,7829,False,True,40,487,True,
274,/kuka/axis_move/feedback_json,std_msgs/msg/String,2026-08-31T20:50:29.004518-04:00,1788223829,4505615,1788223829004505615,123.791666,,,,29592,29591,1,0,0,29592,AxisTarget,1,True,True,True,False,7.941055,-59.194584,103.266953,-0.050132,45.496265,7.977442,579.320679,-80.736206,443.854828,179.999023,0.430434,-179.9758,7829,False,True,40,487,True,
275,/kuka/axis_move/feedback_json,std_msgs/msg/String,2026-08-31T20:50:29.129369-04:00,1788223829,129363399,1788223829129363399,124.857784,,,,29593,29592,1,0,0,29593,AxisTarget,1,True,True,True,False,7.964086,-59.31818,103.476166,-0.052075,45.410694,7.995759,578.032349,-80.794556,443.864838,179.993179,0.430753,-179.977005,7829,False,True,40,487,True,
276,/kuka/axis_move/feedback_json,std_msgs/msg/String,2026-08-31T20:50:29.262037-04:00,1788223829,262027122,1788223829262027122,132.663723,,,,29594,29593,1,0,0,29594,AxisTarget,1,True,True,True,True,7.987672,-59.445808,103.693993,-0.054114,45.320171,8.015285,576.743958,-80.851524,443.873596,179.987335,0.431073,-179.97821,7829,False,True,40,488,True,
277,/kuka/axis_move/feedback_json,std_msgs/msg/String,2026-08-31T20:50:29.388584-04:00,1788223829,388578489,1788223829388578489,126.551367,,,,29595,29594,1,0,0,29595,AxisTarget,1,True,True,True,False,8.012822,-59.581352,103.9244,-0.05633,45.222195,8.03634,575.307739,-80.913429,443.881897,179.980835,0.431428,-179.979538,7829,False,True,40,488,True,
278,/kuka/axis_move/feedback_json,std_msgs/msg/String,2026-08-31T20:50:29.518303-04:00,1788223829,518292799,1788223829518292799,129.71431,,,,29596,29595,1,0,0,29596,AxisTarget,1,True,True,True,False,8.037972,-59.716892,104.161995,-0.058477,45.12719,8.056757,573.912537,-80.971939,443.888428,179.974518,0.431771,-179.980804,7829,False,True,40,488,True,
279,/kuka/axis_move/feedback_json,std_msgs/msg/String,2026-08-31T20:50:29.648002-04:00,1788223829,647991310,1788223829647991310,129.698511,,,,29597,29596,1,0,0,29597,AxisTarget,1,True,True,True,False,8.063122,-59.852432,104.392395,-0.060623,45.032185,8.077174,572.515259,-81.028938,443.893494,179.968201,0.432112,-179.982086,7829,False,True,40,488,True,
280,/kuka/axis_move/feedback_json,std_msgs/msg/String,2026-08-31T20:50:29.781171-04:00,1788223829,781160484,1788223829781160484,133.169174,,,,29598,29597,1,0,0,29598,AxisTarget,1,True,True,True,False,8.089057,-59.992207,104.629997,-0.062834,44.934212,8.098229,571.072083,-81.086128,443.897156,179.961685,0.43246,-179.983398,7829,False,True,40,488,True,
281,/kuka/axis_move/feedback_json,std_msgs/msg/String,2026-08-31T20:50:29.908571-04:00,1788223829,908559604,1788223829908559604,127.39912,,,,29599,29598,1,0,0,29599,AxisTarget,1,True,True,True,False,8.115776,-60.136211,104.867599,-0.065042,44.836243,8.119285,569.62677,-81.141701,443.899261,179.95517,0.432803,-179.984695,7829,False,True,40,488,True,
282,/kuka/axis_move/feedback_json,std_msgs/msg/String,2026-08-31T20:50:30.032771-04:00,1788223830,32760494,1788223830032760494,124.20089,,,,29600,29599,1,0,0,29600,AxisTarget,1,True,True,True,False,8.140138,-60.267509,105.090797,-0.067115,44.744209,8.139065,568.223145,-81.194054,443.89978,179.948853,0.433132,-179.985947,7829,False,True,40,488,True,
283,/kuka/axis_move/feedback_json,std_msgs/msg/String,2026-08-31T20:50:30.156515-04:00,1788223830,156509285,1788223830156509285,123.748791,,,,29601,29600,1,0,0,29601,AxisTarget,1,True,True,True,False,8.163713,-60.394569,105.306801,-0.069186,44.652184,8.158845,566.905334,-81.241753,443.898895,179.942917,0.433438,-179.987122,7829,False,True,40,488,True,
284,/kuka/axis_move/feedback_json,std_msgs/msg/String,2026-08-31T20:50:30.288540-04:00,1788223830,288528831,1788223830288528831,132.019546,,,,29602,29601,1,0,0,29602,AxisTarget,1,True,True,True,False,8.188858,-60.530102,105.537201,-0.071256,44.560154,8.178625,565.497681,-81.291153,443.896545,179.936584,0.433761,-179.988373,7829,False,True,40,488,True,
285,/kuka/axis_move/feedback_json,std_msgs/msg/String,2026-08-31T20:50:30.416735-04:00,1788223830,416729411,1788223830416729411,128.20058,,,,29603,29602,1,0,0,29603,AxisTarget,1,True,True,True,False,8.214003,-60.66563,105.774796,-0.073458,44.462189,8.199681,564.088013,-81.339043,443.8927,179.930252,0.434082,-179.989609,7829,False,True,40,489,True,
286,/kuka/axis_move/feedback_json,std_msgs/msg/String,2026-08-31T20:50:30.544266-04:00,1788223830,544260801,1788223830544260801,127.53139,,,,29604,29603,1,0,0,29604,AxisTarget,1,True,True,True,True,8.239934,-60.805393,106.005196,-0.075594,44.367191,8.220099,562.67627,-81.385406,443.88739,179.92392,0.434404,-179.990829,7829,False,True,40,489,True,
287,/kuka/axis_move/feedback_json,std_msgs/msg/String,2026-08-31T20:50:30.670807-04:00,1788223830,670789197,1788223830670789197,126.528396,,,,29605,29604,1,0,0,29605,AxisTarget,1,True,True,True,False,8.265079,-60.940922,106.235596,-0.077729,44.272198,8.240518,561.262512,-81.430244,443.880615,179.917572,0.434726,-179.992065,7829,False,True,40,489,True,
288,/kuka/axis_move/feedback_json,std_msgs/msg/String,2026-08-31T20:50:30.793911-04:00,1788223830,793899609,1788223830793899609,123.110412,,,,29606,29605,1,0,0,29606,AxisTarget,1,True,True,True,False,8.289439,-61.072216,106.458801,-0.079799,44.180168,8.260298,559.846741,-81.473572,443.872375,179.911224,0.435049,-179.993286,7829,False,True,40,489,True,
289,/kuka/axis_move/feedback_json,std_msgs/msg/String,2026-08-31T20:50:30.923434-04:00,1788223830,923424547,1788223830923424547,129.524938,,,,29607,29606,1,0,0,29607,AxisTarget,1,True,True,True,False,8.314585,-61.207748,106.689201,-0.081936,44.085171,8.280717,558.473267,-81.514084,443.862976,179.905075,0.435364,-179.994461,7829,False,True,40,489,True,
290,/kuka/axis_move/feedback_json,std_msgs/msg/String,2026-08-31T20:50:31.048108-04:00,1788223831,48101605,1788223831048101605,124.677058,,,,29608,29607,1,0,0,29608,AxisTarget,1,True,True,True,False,8.338945,-61.339043,106.912399,-0.084007,43.993137,8.300497,557.053528,-81.554413,443.851837,179.898712,0.435692,-179.995682,7829,False,True,40,489,True,
291,/kuka/axis_move/feedback_json,std_msgs/msg/String,2026-08-31T20:50:31.175283-04:00,1788223831,175277711,1788223831175277711,127.176106,,,,29609,29608,1,0,0,29609,AxisTarget,1,True,True,True,False,8.364093,-61.474575,107.142799,-0.086147,43.898136,8.320916,555.676208,-81.592033,443.83963,179.892548,0.436013,-179.996841,7829,False,True,40,489,True,
292,/kuka/axis_move/feedback_json,std_msgs/msg/String,2026-08-31T20:50:31.303306-04:00,1788223831,303297472,1788223831303297472,128.019761,,,,29610,29609,1,0,0,29610,AxisTarget,1,True,True,True,False,8.389241,-61.610111,107.373199,-0.088288,43.803131,8.341334,554.252563,-81.629364,443.825623,179.886169,0.436348,-179.998047,7829,False,True,40,489,True,
293,/kuka/axis_move/feedback_json,std_msgs/msg/String,2026-08-31T20:50:31.430141-04:00,1788223831,430123110,1788223831430123110,126.825638,,,,29611,29610,1,0,0,29611,AxisTarget,1,True,True,True,False,8.413605,-61.745647,107.6036,-0.09043,43.708126,8.361753,552.826843,-81.665169,443.81012,179.879791,0.436687,-179.999252,7829,False,True,40,489,True,
294,/kuka/axis_move/feedback_json,std_msgs/msg/String,2026-08-31T20:50:31.558355-04:00,1788223831,558349681,1788223831558349681,128.226571,,,,29612,29611,1,0,0,29612,AxisTarget,1,True,True,True,False,8.43954,-61.881184,107.834,-0.092574,43.613117,8.382173,551.399231,-81.699448,443.793152,179.873413,0.43703,179.999557,7829,False,True,40,489,True,
295,/kuka/axis_move/feedback_json,std_msgs/msg/String,2026-08-31T20:50:31.684476-04:00,1788223831,684452049,1788223831684452049,126.102368,,,,29613,29612,1,0,0,29613,AxisTarget,1,True,True,True,False,8.463904,-62.012486,108.057198,-0.094652,43.52108,8.401955,549.969604,-81.732193,443.774719,179.86702,0.437375,179.998367,7829,False,True,40,489,True,
296,/kuka/axis_move/feedback_json,std_msgs/msg/String,2026-08-31T20:50:31.809763-04:00,1788223831,809757709,1788223831809757709,125.30566,,,,29614,29613,1,0,0,29614,AxisTarget,1,True,True,True,False,8.489056,-62.148026,108.287598,-0.096798,43.426067,8.422374,548.538025,-81.763412,443.754791,179.860626,0.437724,179.997192,7829,False,True,40,489,True,
297,/kuka/axis_move/feedback_json,std_msgs/msg/String,2026-08-31T20:50:31.932562-04:00,1788223831,932530289,1788223831932530289,122.77258,,,,29615,29614,1,0,0,29615,AxisTarget,1,True,True,True,False,8.513213,-62.277912,108.507813,-0.098843,43.335831,8.441695,547.199158,-81.791183,443.734863,179.854645,0.43805,179.996094,7829,False,True,40,489,True,
298,/kuka/axis_move/feedback_json,std_msgs/msg/String,2026-08-31T20:50:32.060244-04:00,1788223832,60237985,1788223832060237985,127.707696,,,,29616,29615,1,0,0,29616,AxisTarget,1,True,True,True,True,8.534076,-62.390068,108.698097,-0.100613,43.257526,8.45852,545.958069,-81.815697,443.71524,179.849106,0.438353,179.995071,7829,False,True,40,490,True,
299,/kuka/axis_move/feedback_json,std_msgs/msg/String,2026-08-31T20:50:32.192440-04:00,1788223832,192433078,1788223832192433078,132.195093,,,,29617,29616,1,0,0,29617,AxisTarget,1,True,True,True,False,8.558534,-62.522442,108.924057,-0.102727,43.163605,8.478781,544.618164,-81.840836,443.692841,179.843124,0.43868,179.993988,7829,False,True,40,490,True,
300,/kuka/axis_move/feedback_json,std_msgs/msg/String,2026-08-31T20:50:32.317401-04:00,1788223832,317395346,1788223832317395346,124.962268,,,,29618,29617,1,0,0,29618,AxisTarget,1,True,True,True,False,8.583685,-62.657982,109.154457,-0.104873,43.068592,8.4992,543.179321,-81.86631,443.667358,179.836716,0.439031,179.992828,7829,False,True,40,490,True,
301,/kuka/axis_move/feedback_json,std_msgs/msg/String,2026-08-31T20:50:32.444871-04:00,1788223832,444864527,1788223832444864527,127.469181,,,,29619,29618,1,0,0,29619,AxisTarget,1,True,True,True,False,8.607265,-62.785049,109.370461,-0.106952,42.976551,8.518981,541.78363,-81.889519,443.641266,179.830505,0.43937,179.991699,7829,False,True,40,490,True,
302,/kuka/axis_move/feedback_json,std_msgs/msg/String,2026-08-31T20:50:32.569096-04:00,1788223832,569091062,1788223832569091062,124.226535,,,,29620,29619,1,0,0,29620,AxisTarget,1,True,True,True,False,8.633202,-62.924824,109.608055,-0.109097,42.881542,8.5394,540.341003,-81.911949,443.612854,179.824081,0.439719,179.990555,7829,False,True,40,490,True,
303,/kuka/axis_move/feedback_json,std_msgs/msg/String,2026-08-31T20:50:32.694227-04:00,1788223832,694180469,1788223832694180469,125.089407,,,,29621,29620,1,0,0,29621,AxisTarget,1,True,True,True,False,8.657567,-63.056129,109.831261,-0.111174,42.789501,8.55918,538.896423,-81.932838,443.582947,179.817642,0.440066,179.98941,7829,False,True,40,490,True,
304,/kuka/axis_move/feedback_json,std_msgs/msg/String,2026-08-31T20:50:32.819043-04:00,1788223832,819034765,1788223832819034765,124.854296,,,,29622,29621,1,0,0,29622,AxisTarget,1,True,True,True,False,8.681932,-63.187431,110.054459,-0.11325,42.69746,8.578959,537.540466,-81.951004,443.553558,179.811615,0.44039,179.988342,7829,False,True,40,490,True,
305,/kuka/axis_move/feedback_json,std_msgs/msg/String,2026-08-31T20:50:32.940672-04:00,1788223832,940660191,1788223832940660191,121.625426,,,,29623,29622,1,0,0,29623,AxisTarget,1,True,True,True,False,8.706297,-63.318733,110.277657,-0.115324,42.605423,8.598738,536.092224,-81.968887,443.520721,179.805176,0.440733,179.987213,7829,False,True,40,490,True,
306,/kuka/axis_move/feedback_json,std_msgs/msg/String,2026-08-31T20:50:33.068386-04:00,1788223833,68380415,1788223833068380415,127.720224,,,,29624,29623,1,0,0,29624,AxisTarget,1,True,True,True,False,8.730661,-63.450035,110.500854,-0.117397,42.51339,8.618515,534.732788,-81.984245,443.488586,179.799149,0.441052,179.98616,7829,False,True,40,490,True,
307,/kuka/axis_move/feedback_json,std_msgs/msg/String,2026-08-31T20:50:33.195650-04:00,1788223833,195638792,1788223833195638792,127.258377,,,,29625,29624,1,0,0,29625,AxisTarget,1,True,True,True,False,8.755026,-63.585571,110.731255,-0.119535,42.418385,8.63893,533.280884,-81.999123,443.45285,179.792694,0.441391,179.985031,7829,False,True,40,490,True,
308,/kuka/axis_move/feedback_json,std_msgs/msg/String,2026-08-31T20:50:33.320292-04:00,1788223833,320286101,1788223833320286101,124.647309,,,,29626,29625,1,0,0,29626,AxisTarget,1,True,True,True,False,8.780177,-63.716873,110.95446,-0.121605,42.323383,8.659344,531.827087,-82.012436,443.415619,179.786255,0.441727,179.983917,7829,False,True,40,490,True,
309,/kuka/axis_move/feedback_json,std_msgs/msg/String,2026-08-31T20:50:33.453963-04:00,1788223833,453957792,1788223833453957792,133.671691,,,,29627,29626,1,0,0,29627,AxisTarget,1,True,True,True,False,8.806113,-63.856644,111.192055,-0.123807,42.228382,8.679758,530.37146,-82.0242,443.376862,179.7798,0.442063,179.982819,7829,False,True,40,491,True,
310,/kuka/axis_move/feedback_json,std_msgs/msg/String,2026-08-31T20:50:33.581978-04:00,1788223833,581925402,1788223833581925402,127.96761,,,,29628,29627,1,0,0,29628,AxisTarget,1,True,True,True,True,8.831264,-63.99218,111.422455,-0.12601,42.130413,8.700809,528.868408,-82.034698,443.335327,179.773132,0.442407,179.981674,7829,False,True,40,491,True,
311,/kuka/axis_move/feedback_json,std_msgs/msg/String,2026-08-31T20:50:33.708059-04:00,1788223833,708052933,1788223833708052933,126.127531,,,,29629,29628,1,0,0,29629,AxisTarget,1,True,True,True,False,8.856414,-64.127716,111.652855,-0.128078,42.03838,8.720585,527.408997,-82.043297,443.293518,179.766678,0.442742,179.980576,7829,False,True,40,491,True,
312,/kuka/axis_move/feedback_json,std_msgs/msg/String,2026-08-31T20:50:33.837804-04:00,1788223833,837794087,1788223833837794087,129.741154,,,,29630,29629,1,0,0,29630,AxisTarget,1,True,True,True,False,8.881564,-64.263252,111.883255,-0.130214,41.940411,8.741636,525.947754,-82.050339,443.250214,179.760208,0.443076,179.979492,7829,False,True,40,491,True,
313,/kuka/axis_move/feedback_json,std_msgs/msg/String,2026-08-31T20:50:33.968172-04:00,1788223833,968161146,1788223833968161146,130.367059,,,,29631,29630,1,0,0,29631,AxisTarget,1,True,True,True,False,8.906714,-64.403023,112.120857,-0.132418,41.845409,8.762051,524.48468,-82.055817,443.205383,179.753738,0.443411,179.978409,7829,False,True,40,491,True,
314,/kuka/axis_move/feedback_json,std_msgs/msg/String,2026-08-31T20:50:34.097098-04:00,1788223834,97092220,1788223834097092220,128.931074,,,,29632,29631,1,0,0,29632,AxisTarget,1,True,True,True,False,8.932652,-64.538559,112.351257,-0.134557,41.750408,8.783104,522.973938,-82.059837,443.157593,179.747055,0.443756,179.97728,7829,False,True,40,491,True,
315,/kuka/axis_move/feedback_json,std_msgs/msg/String,2026-08-31T20:50:34.222558-04:00,1788223834,222551808,1788223834222551808,125.459588,,,,29633,29632,1,0,0,29633,AxisTarget,1,True,True,True,False,8.957805,-64.674095,112.581657,-0.136699,41.655407,8.802882,521.507141,-82.062141,443.109711,179.740585,0.444093,179.976212,7829,False,True,40,491,True,
316,/kuka/axis_move/feedback_json,std_msgs/msg/String,2026-08-31T20:50:34.348061-04:00,1788223834,348049919,1788223834348049919,125.498111,,,,29634,29633,1,0,0,29634,AxisTarget,1,True,True,True,False,8.982958,-64.809631,112.812057,-0.138843,41.560406,8.8233,520.084473,-82.062897,443.06189,179.734299,0.444419,179.975174,7829,False,True,40,491,True,
317,/kuka/axis_move/feedback_json,std_msgs/msg/String,2026-08-31T20:50:34.476979-04:00,1788223834,476962609,1788223834476962609,128.91269,,,,29635,29634,1,0,0,29635,AxisTarget,1,True,True,True,False,9.007325,-64.940933,113.035255,-0.140923,41.468372,8.843082,518.614136,-82.062134,443.011047,179.727798,0.444757,179.974106,7829,False,True,40,491,True,
318,/kuka/axis_move/feedback_json,std_msgs/msg/String,2026-08-31T20:50:34.604845-04:00,1788223834,604828661,1788223834604828661,127.866052,,,,29636,29635,1,0,0,29636,AxisTarget,1,True,True,True,False,9.03248,-65.076469,113.265656,-0.143071,41.373371,8.863503,517.141968,-82.059807,442.958679,179.721298,0.445096,179.973038,7829,False,True,40,492,False,
319,/kuka/axis_move/feedback_json,std_msgs/msg/String,2026-08-31T20:50:34.736214-04:00,1788223834,736202546,1788223834736202546,131.373885,,,,29637,29636,1,0,0,29637,AxisTarget,1,True,True,True,True,9.055866,-65.201698,113.477234,-0.145033,41.28717,8.881925,515.792297,-82.056305,442.909393,179.715347,0.445406,179.972061,7829,False,True,40,492,False,
320,/kuka/axis_move/feedback_json,std_msgs/msg/String,2026-08-31T20:50:34.865980-04:00,1788223834,865968860,1788223834865968860,129.766314,,,,29638,29637,1,0,0,29638,AxisTarget,1,True,True,True,False,9.079871,-65.331818,113.706924,-0.147188,41.191422,8.902613,514.363708,-82.051163,442.855927,179.709045,0.445734,179.971039,7829,False,True,40,492,False,
321,/kuka/axis_move/feedback_json,std_msgs/msg/String,2026-08-31T20:50:34.990733-04:00,1788223834,990722381,1788223834990722381,124.753521,,,,29639,29638,1,0,0,29639,AxisTarget,1,True,True,True,False,9.105025,-65.467354,113.930122,-0.14927,41.099388,8.922396,512.886414,-82.044304,442.799194,179.70253,0.446073,179.970001,7829,False,True,40,492,False,
322,/kuka/axis_move/feedback_json,std_msgs/msg/String,2026-08-31T20:50:35.115644-04:00,1788223835,115633121,1788223835115633121,124.91074,,,,29640,29639,1,0,0,29640,AxisTarget,1,True,True,True,False,9.129394,-65.598656,114.153328,-0.151351,41.007355,8.942178,511.453583,-82.036156,442.742767,179.696213,0.4464,179.968979,7829,False,True,40,492,False,
323,/kuka/axis_move/feedback_json,std_msgs/msg/String,2026-08-31T20:50:35.241459-04:00,1788223835,241453490,1788223835241453490,125.820369,,,,29641,29640,1,0,0,29641,AxisTarget,1,True,True,True,False,9.154546,-65.734192,114.383728,-0.153496,40.912354,8.962597,510.019165,-82.026512,442.684937,179.689896,0.446725,179.967987,7829,False,True,40,492,False,
324,/kuka/axis_move/feedback_json,std_msgs/msg/String,2026-08-31T20:50:35.369349-04:00,1788223835,369342198,1788223835369342198,127.888708,,,,29642,29641,1,0,0,29642,AxisTarget,1,True,True,True,False,9.178909,-65.865494,114.606926,-0.155572,40.820324,8.982378,508.536713,-82.014992,442.623718,179.68338,0.447057,179.966949,7829,False,True,40,492,False,
325,/kuka/axis_move/feedback_json,std_msgs/msg/String,2026-08-31T20:50:35.498497-04:00,1788223835,498485323,1788223835498485323,129.143125,,,,29643,29642,1,0,0,29643,AxisTarget,1,True,True,True,False,9.204058,-66.00103,114.837326,-0.157779,40.722355,9.003435,507.052551,-82.001884,442.560974,179.676865,0.447388,179.965927,7829,False,True,40,492,False,
326,/kuka/axis_move/feedback_json,std_msgs/msg/String,2026-08-31T20:50:35.624130-04:00,1788223835,624124202,1788223835624124202,125.638879,,,,29644,29643,1,0,0,29644,AxisTarget,1,True,True,True,False,9.229205,-66.136566,115.074921,-0.159919,40.627357,9.023853,505.56662,-81.98719,442.496704,179.670349,0.447717,179.96492,7829,False,True,40,492,False,
327,/kuka/axis_move/feedback_json,std_msgs/msg/String,2026-08-31T20:50:35.750206-04:00,1788223835,750199231,1788223835750199231,126.075029,,,,29645,29644,1,0,0,29645,AxisTarget,1,True,True,True,False,9.253567,-66.26786,115.290924,-0.161924,40.538296,9.042995,504.125519,-81.971443,442.432983,179.664017,0.448035,179.963943,7829,False,True,40,492,False,
328,/kuka/axis_move/feedback_json,std_msgs/msg/String,2026-08-31T20:50:35.879187-04:00,1788223835,879178608,1788223835879178608,128.979377,,,,29646,29645,1,0,0,29646,AxisTarget,1,True,True,True,False,9.279502,-66.407631,115.528526,-0.164132,40.440331,9.06405,502.6362,-81.953651,442.365723,179.657486,0.448365,179.962936,7829,False,True,40,492,False,
329,/kuka/axis_move/feedback_json,std_msgs/msg/String,2026-08-31T20:50:36.008262-04:00,1788223836,8254387,1788223836008254387,129.075779,,,,29647,29646,1,0,0,29647,AxisTarget,1,True,True,True,False,9.30387,-66.543167,115.758926,-0.166276,40.345329,9.08446,501.145203,-81.934311,442.296936,179.65094,0.448699,179.961929,7829,False,True,40,492,False,
330,/kuka/axis_move/feedback_json,std_msgs/msg/String,2026-08-31T20:50:36.136134-04:00,1788223836,136127769,1788223836136127769,127.873382,,,,29648,29647,1,0,0,29648,AxisTarget,1,True,True,True,False,9.329322,-66.675903,115.98439,-0.168375,40.25243,9.104413,499.673706,-81.913734,442.227661,179.64447,0.449032,179.960953,7829,False,True,40,492,False,
331,/kuka/axis_move/feedback_json,std_msgs/msg/String,2026-08-31T20:50:36.268503-04:00,1788223836,268494045,1788223836268494045,132.366276,,,,29649,29648,1,0,0,29649,AxisTarget,1,True,True,True,False,9.35441,-66.811218,116.214584,-0.17052,40.157444,9.124824,498.191406,-81.891472,442.156433,179.637955,0.449366,179.959976,7829,False,True,40,492,False,
332,/kuka/axis_move/feedback_json,std_msgs/msg/String,2026-08-31T20:50:36.796214-04:00,1788223836,796191679,1788223836796191679,527.697634,,,,29650,29649,1,0,0,29650,AxisTarget,1,True,True,True,False,9.3706,-66.894302,116.348701,-0.1717,40.108101,9.1348,497.087006,-81.873642,442.102051,179.633148,0.449545,179.959229,7830,False,True,41,496,True,
333,/kuka/axis_move/feedback_json,std_msgs/msg/String,2026-08-31T20:50:37.320069-04:00,1788223837,320061216,1788223837320061216,523.869537,,,,29651,29650,1,0,0,29651,AxisTarget,1,True,True,True,True,8.718304,-66.91993,116.398483,-0.153236,40.09853,8.434906,497.65033,-76.301605,442.059692,179.642426,0.433677,179.96344,7831,False,True,41,498,True,
334,/kuka/axis_move/feedback_json,std_msgs/msg/String,2026-08-31T20:50:37.445995-04:00,1788223837,445969036,1788223837445969036,125.90782,,,,29652,29651,1,0,0,29652,AxisTarget,1,True,True,True,False,8.487905,-66.928856,116.415726,-0.146725,40.095188,8.203049,497.838226,-74.288399,442.043976,179.645782,0.427923,179.965027,7831,False,True,41,498,True,
335,/kuka/axis_move/feedback_json,std_msgs/msg/String,2026-08-31T20:50:37.568693-04:00,1788223837,568688152,1788223837568688152,122.719116,,,,29653,29652,1,0,0,29653,AxisTarget,1,True,True,True,False,8.257504,-66.93779,116.432961,-0.14061,40.092052,7.978432,498.017975,-72.27491,442.02829,179.649139,0.42219,179.966675,7831,False,True,41,498,True,
336,/kuka/axis_move/feedback_json,std_msgs/msg/String,2026-08-31T20:50:37.695844-04:00,1788223837,695825764,1788223837695825764,127.137612,,,,29654,29653,1,0,0,29654,AxisTarget,1,True,True,True,False,8.034304,-66.946442,116.449661,-0.134494,40.088917,7.75381,498.184326,-70.324104,442.013092,179.652374,0.416657,179.968307,7831,False,True,41,498,True,
337,/kuka/axis_move/feedback_json,std_msgs/msg/String,2026-08-31T20:50:37.826600-04:00,1788223837,826584111,1788223837826584111,130.758347,,,,29655,29654,1,0,0,29655,AxisTarget,1,True,True,True,False,7.807104,-66.955231,116.466568,-0.128143,40.08567,7.522037,498.346497,-68.329018,441.997589,179.655685,0.41102,179.970016,7831,False,True,41,498,True,
338,/kuka/axis_move/feedback_json,std_msgs/msg/String,2026-08-31T20:50:37.958447-04:00,1788223837,958439731,1788223837958439731,131.85562,,,,29656,29655,1,0,0,29656,AxisTarget,1,True,True,True,True,7.590015,-66.963669,116.482903,-0.12232,40.082676,7.299436,498.492676,-66.440178,441.98288,179.658829,0.405703,179.971664,7831,False,True,41,499,True,
339,/kuka/axis_move/feedback_json,std_msgs/msg/String,2026-08-31T20:50:38.081520-04:00,1788223838,81497867,1788223838081497867,123.058136,,,,29657,29656,1,0,0,29657,AxisTarget,1,True,True,True,False,7.352416,-66.972885,116.500687,-0.115809,40.079338,7.067563,498.640625,-64.426125,441.967224,179.66217,0.400054,179.97348,7831,False,True,41,499,True,
340,/kuka/axis_move/feedback_json,std_msgs/msg/String,2026-08-31T20:50:38.214380-04:00,1788223838,214371293,1788223838214371293,132.873426,,,,29658,29657,1,0,0,29658,AxisTarget,1,True,True,True,False,7.129216,-66.981827,116.517921,-0.109498,40.076099,6.83569,498.780457,-62.411739,441.951569,179.665512,0.394428,179.975327,7831,False,True,41,499,True,
341,/kuka/axis_move/feedback_json,std_msgs/msg/String,2026-08-31T20:50:38.336584-04:00,1788223838,336568141,1788223838336568141,122.196848,,,,29659,29658,1,0,0,29659,AxisTarget,1,True,True,True,False,6.898816,-66.990486,116.534622,-0.103385,40.072964,6.611065,498.91217,-60.39727,441.935944,179.668854,0.388829,179.977234,7831,False,True,41,499,True,
342,/kuka/axis_move/feedback_json,std_msgs/msg/String,2026-08-31T20:50:38.463326-04:00,1788223838,463319309,1788223838463319309,126.751168,,,,29660,29659,1,0,0,29660,AxisTarget,1,True,True,True,False,6.675616,-66.999428,116.551857,-0.097079,40.069729,6.379195,499.031982,-58.445705,441.920837,179.672089,0.383431,179.979111,7831,False,True,41,499,True,
343,/kuka/axis_move/feedback_json,std_msgs/msg/String,2026-08-31T20:50:38.590475-04:00,1788223838,590432017,1788223838590432017,127.112708,,,,29661,29660,1,0,0,29661,AxisTarget,1,True,True,True,False,6.438016,-67.008369,116.569084,-0.090775,40.06649,6.147325,499.151184,-56.368214,441.904816,179.675537,0.377713,179.981155,7831,False,True,41,499,True,
344,/kuka/axis_move/feedback_json,std_msgs/msg/String,2026-08-31T20:50:38.716522-04:00,1788223838,716495502,1788223838716495502,126.063485,,,,29662,29661,1,0,0,29662,AxisTarget,1,True,True,True,False,6.214816,-67.017044,116.585777,-0.084669,40.063354,5.922702,499.255249,-54.416641,441.889771,179.678772,0.372369,179.983109,7831,False,True,41,499,True,
345,/kuka/axis_move/feedback_json,std_msgs/msg/String,2026-08-31T20:50:38.844940-04:00,1788223838,844926628,1788223838844926628,128.431126,,,,29663,29662,1,0,0,29663,AxisTarget,1,True,True,True,False,5.984416,-67.025993,116.603004,-0.078368,40.060116,5.690834,499.354675,-52.402161,441.874268,179.682114,0.366876,179.985168,7831,False,True,41,500,True,
346,/kuka/axis_move/feedback_json,std_msgs/msg/String,2026-08-31T20:50:38.973993-04:00,1788223838,973984833,1788223838973984833,129.058205,,,,29664,29663,1,0,0,29664,AxisTarget,1,True,True,True,True,5.754016,-67.034943,116.620232,-0.072067,40.056877,5.458965,499.445984,-50.387756,441.858734,179.685471,0.361406,179.987274,7831,False,True,41,500,True,
347,/kuka/axis_move/feedback_json,std_msgs/msg/String,2026-08-31T20:50:39.099484-04:00,1788223839,99472979,1788223839099472979,125.488146,,,,29665,29664,1,0,0,29665,AxisTarget,1,True,True,True,False,5.523616,-67.043892,116.637459,-0.065765,40.053642,5.227098,499.529144,-48.373466,441.843231,179.688812,0.355958,179.989426,7831,False,True,41,500,True,
348,/kuka/axis_move/feedback_json,std_msgs/msg/String,2026-08-31T20:50:39.226491-04:00,1788223839,226477146,1788223839226477146,127.004167,,,,29666,29665,1,0,0,29666,AxisTarget,1,True,True,True,False,5.300416,-67.052834,116.654686,-0.059463,40.050404,4.995232,499.601959,-46.422256,441.828186,179.692047,0.350702,179.991547,7831,False,True,41,500,True,
349,/kuka/axis_move/feedback_json,std_msgs/msg/String,2026-08-31T20:50:39.353547-04:00,1788223839,353536366,1788223839353536366,127.05922,,,,29667,29666,1,0,0,29667,AxisTarget,1,True,True,True,False,5.070016,-67.061501,116.671379,-0.053357,40.047268,4.770614,499.669128,-44.408283,441.812622,179.695404,0.345297,179.99379,7831,False,True,41,500,True,
350,/kuka/axis_move/feedback_json,std_msgs/msg/String,2026-08-31T20:50:39.482777-04:00,1788223839,482771146,1788223839482771146,129.23478,,,,29668,29667,1,0,0,29668,AxisTarget,1,True,True,True,False,4.839616,-67.07045,116.688606,-0.047053,40.04393,4.531508,499.728119,-42.394516,441.797058,179.698761,0.339912,179.996063,7831,False,True,41,500,True,
351,/kuka/axis_move/feedback_json,std_msgs/msg/String,2026-08-31T20:50:39.610329-04:00,1788223839,610317672,1788223839610317672,127.546526,,,,29669,29668,1,0,0,29669,AxisTarget,1,True,True,True,False,4.602016,-67.079674,116.706375,-0.040551,40.040695,4.299651,499.779022,-40.380993,441.781464,179.702118,0.334549,179.998383,7831,False,True,41,500,True,
352,/kuka/axis_move/feedback_json,std_msgs/msg/String,2026-08-31T20:50:39.736068-04:00,1788223839,736045078,1788223839736045078,125.727406,,,,29670,29669,1,0,0,29670,AxisTarget,1,True,True,True,False,4.378816,-67.088333,116.72361,-0.034244,40.037457,4.067796,499.821777,-38.367744,441.765839,179.70549,0.329206,-179.999252,7831,False,True,41,500,True,
353,/kuka/axis_move/feedback_json,std_msgs/msg/String,2026-08-31T20:50:39.860963-04:00,1788223839,860955729,1788223839860955729,124.910651,,,,29671,29670,1,0,0,29671,AxisTarget,1,True,True,True,False,4.148416,-67.097275,116.740303,-0.028135,40.034325,3.84319,499.855469,-36.417706,441.750702,179.708755,0.324052,-179.996933,7831,False,True,41,500,True,
354,/kuka/axis_move/feedback_json,std_msgs/msg/String,2026-08-31T20:50:39.988727-04:00,1788223839,988715426,1788223839988715426,127.759697,,,,29672,29671,1,0,0,29672,AxisTarget,1,True,True,True,False,3.918016,-67.106209,116.757538,-0.021827,40.031086,3.61134,499.882263,-34.405094,441.735046,179.712128,0.318754,-179.994492,7831,False,True,41,500,True,
355,/kuka/axis_move/feedback_json,std_msgs/msg/String,2026-08-31T20:50:40.112310-04:00,1788223840,112299136,1788223840112299136,123.58371,,,,29673,29672,1,0,0,29673,AxisTarget,1,True,True,True,True,3.694816,-67.114868,116.774231,-0.015716,40.027954,3.386735,499.900452,-32.455734,441.719879,179.715393,0.313644,-179.992081,7831,False,True,41,501,True,
356,/kuka/axis_move/feedback_json,std_msgs/msg/String,2026-08-31T20:50:40.238534-04:00,1788223840,238521416,1788223840238521416,126.22228,,,,29674,29673,1,0,0,29674,AxisTarget,1,True,True,True,False,3.471616,-67.123528,116.790924,-0.009606,40.024818,3.162131,499.911255,-30.443888,441.704224,179.718765,0.308395,-179.989548,7831,False,True,41,501,True,
357,/kuka/axis_move/feedback_json,std_msgs/msg/String,2026-08-31T20:50:40.368747-04:00,1788223840,368735730,1788223840368735730,130.214314,,,,29675,29674,1,0,0,29675,AxisTarget,1,True,True,True,False,3.248416,-67.132187,116.808159,-0.003298,40.021584,2.930281,499.914001,-28.495327,441.689056,179.722031,0.303333,-179.987076,7831,False,True,41,501,True,
358,/kuka/axis_move/feedback_json,std_msgs/msg/String,2026-08-31T20:50:40.498499-04:00,1788223840,498491752,1788223840498491752,129.756022,,,,29676,29675,1,0,0,29676,AxisTarget,1,True,True,True,False,3.010816,-67.141403,116.825394,0.00301,40.018246,2.691184,499.908569,-26.421537,441.672913,179.725525,0.297971,-179.984375,7831,False,True,41,501,True,
359,/kuka/axis_move/feedback_json,std_msgs/msg/String,2026-08-31T20:50:40.624847-04:00,1788223840,624836112,1788223840624836112,126.34436,,,,29677,29676,1,0,0,29677,AxisTarget,1,True,True,True,False,2.780416,-67.150345,116.843163,0.009515,40.015011,2.45933,499.895081,-24.411098,441.657227,179.728897,0.292797,-179.981735,7831,False,True,41,501,True,
360,/kuka/axis_move/feedback_json,std_msgs/msg/String,2026-08-31T20:50:40.754512-04:00,1788223840,754422585,1788223840754422585,129.586473,,,,29678,29677,1,0,0,29678,AxisTarget,1,True,True,True,False,2.550016,-67.159286,116.859863,0.015625,40.011879,2.234718,499.874268,-22.463997,441.642029,179.732162,0.287807,-179.979126,7831,False,True,41,501,True,
361,/kuka/axis_move/feedback_json,std_msgs/msg/String,2026-08-31T20:50:40.882334-04:00,1788223840,882328870,1788223840882328870,127.906285,,,,29679,29678,1,0,0,29679,AxisTarget,1,True,True,True,False,2.312416,-67.168503,116.877632,0.022131,40.008545,1.99561,499.843781,-20.391857,441.625854,179.735626,0.28252,-179.976318,7831,False,True,41,501,True,
362,/kuka/axis_move/feedback_json,std_msgs/msg/String,2026-08-31T20:50:41.008511-04:00,1788223841,8500114,1788223841008500114,126.171244,,,,29680,29679,1,0,0,29680,AxisTarget,1,True,True,True,False,2.082016,-67.177437,116.894875,0.028439,40.005314,1.763743,499.806,-18.38312,441.610168,179.738998,0.277419,-179.973541,7831,False,True,41,501,True,
363,/kuka/axis_move/feedback_json,std_msgs/msg/String,2026-08-31T20:50:41.134682-04:00,1788223841,134671261,1788223841134671261,126.171147,,,,29681,29680,1,0,0,29681,AxisTarget,1,True,True,True,False,1.866016,-67.185814,116.911575,0.03455,40.002182,1.539119,499.761688,-16.437759,441.59494,179.742249,0.2725,-179.970825,7831,False,True,41,501,True,
364,/kuka/axis_move/feedback_json,std_msgs/msg/String,2026-08-31T20:50:41.260686-04:00,1788223841,260674522,1788223841260674522,126.003261,,,,29682,29681,1,0,0,29682,AxisTarget,1,True,True,True,False,1.635616,-67.194756,116.928268,0.040661,39.99905,1.314493,499.707977,-14.430297,441.579224,179.745605,0.267448,-179.967972,7831,False,True,41,502,False,
365,/kuka/axis_move/feedback_json,std_msgs/msg/String,2026-08-31T20:50:41.388563-04:00,1788223841,388556845,1788223841388556845,127.882323,,,,29683,29682,1,0,0,29683,AxisTarget,1,True,True,True,True,1.428072,-67.20298,116.944038,0.046395,39.996132,1.10626,499.651917,-12.599206,441.56488,179.748672,0.262862,-179.965347,7831,False,True,41,502,False,
366,/kuka/axis_move/feedback_json,std_msgs/msg/String,2026-08-31T20:50:41.519345-04:00,1788223841,519333369,1788223841519333369,130.776524,,,,29684,29683,1,0,0,29684,AxisTarget,1,True,True,True,False,1.211642,-67.211205,116.959991,0.052269,39.993107,0.887803,499.588043,-10.738077,441.550293,179.751785,0.258222,-179.962631,7831,False,True,41,502,False,
367,/kuka/axis_move/feedback_json,std_msgs/msg/String,2026-08-31T20:50:41.648171-04:00,1788223841,648158805,1788223841648158805,128.825436,,,,29685,29684,1,0,0,29685,AxisTarget,1,True,True,True,False,0.974039,-67.220421,116.977776,0.058775,39.989777,0.648684,499.511414,-8.732656,441.534546,179.755142,0.253247,-179.959671,7831,False,True,41,502,False,
368,/kuka/axis_move/feedback_json,std_msgs/msg/String,2026-08-31T20:50:41.780132-04:00,1788223841,780108103,1788223841780108103,131.949298,,,,29686,29685,1,0,0,29686,AxisTarget,1,True,True,True,False,0.736439,-67.229637,116.995552,0.06528,39.986446,0.409568,499.423981,-6.665417,441.518341,179.758606,0.248146,-179.956573,7831,False,True,41,502,False,
369,/kuka/axis_move/feedback_json,std_msgs/msg/String,2026-08-31T20:50:41.914956-04:00,1788223841,914949557,1788223841914949557,134.841454,,,,29687,29686,1,0,0,29687,AxisTarget,1,True,True,True,False,0.506039,-67.238571,117.012787,0.071587,39.983215,0.177704,499.327942,-4.599051,441.502106,179.762085,0.243074,-179.95343,7831,False,True,41,502,False,
370,/kuka/axis_move/feedback_json,std_msgs/msg/String,2026-08-31T20:50:42.044549-04:00,1788223842,44459120,1788223842044459120,129.509563,,,,29688,29687,1,0,0,29688,AxisTarget,1,True,True,True,False,0.268439,-67.247787,117.031105,0.078288,39.979786,-0.068645,499.223389,-2.533595,441.48587,179.765564,0.238032,-179.950256,7831,False,True,41,502,False,
371,/kuka/axis_move/feedback_json,std_msgs/msg/String,2026-08-31T20:50:42.170299-04:00,1788223842,170267978,1788223842170267978,125.808858,,,,29689,29688,1,0,0,29689,AxisTarget,1,True,True,True,False,0.030839,-67.257004,117.04834,0.084595,39.976555,-0.300497,499.11026,-0.469083,441.469635,179.769058,0.233019,-179.947037,7831,False,True,41,502,False,
372,/kuka/axis_move/feedback_json,std_msgs/msg/String,2026-08-31T20:50:42.301450-04:00,1788223842,301432524,1788223842301432524,131.164546,,,,29690,29689,1,0,0,29690,AxisTarget,1,True,True,True,False,-0.199561,-67.265938,117.065582,0.090901,39.973328,-0.532345,498.996185,1.469413,441.454376,179.772324,0.228338,-179.94397,7831,False,True,41,502,False,
373,/kuka/axis_move/feedback_json,std_msgs/msg/String,2026-08-31T20:50:42.424855-04:00,1788223842,424843625,1788223842424843625,123.411101,,,,29691,29690,1,0,0,29691,AxisTarget,1,True,True,True,False,-0.422761,-67.274872,117.082817,0.097207,39.9701,-0.764192,498.870544,3.469503,441.438599,179.775711,0.223534,-179.940781,7831,False,True,41,502,False,
374,/kuka/axis_move/feedback_json,std_msgs/msg/String,2026-08-31T20:50:42.548290-04:00,1788223842,548279603,1788223842548279603,123.435978,,,,29692,29691,1,0,0,29692,AxisTarget,1,True,True,True,False,-0.653161,-67.283531,117.099518,0.103316,39.966972,-0.988795,498.74118,5.40615,441.42334,179.778992,0.218909,-179.937637,7831,False,True,41,502,False,
375,/kuka/axis_move/feedback_json,std_msgs/msg/String,2026-08-31T20:50:42.675050-04:00,1788223842,675043888,1788223842675043888,126.764285,,,,29693,29692,1,0,0,29693,AxisTarget,1,True,True,True,False,-0.876361,-67.292191,117.116219,0.109424,39.963837,-1.213404,498.599762,7.40427,441.407623,179.782379,0.214172,-179.934372,7831,False,True,41,502,False,
376,/kuka/axis_move/feedback_json,std_msgs/msg/String,2026-08-31T20:50:42.803732-04:00,1788223842,803720407,1788223842803720407,128.676519,,,,29694,29693,1,0,0,29694,AxisTarget,1,True,True,True,False,-1.106761,-67.30114,117.133453,0.115727,39.960594,-1.445266,498.455109,9.338949,441.392456,179.785645,0.209628,-179.931168,7831,False,True,41,502,False,
377,/kuka/axis_move/feedback_json,std_msgs/msg/String,2026-08-31T20:50:42.924333-04:00,1788223842,924322138,1788223842924322138,120.601731,,,,29695,29694,1,0,0,29695,AxisTarget,1,True,True,True,False,-1.324736,-67.309578,117.14962,0.121611,39.957577,-1.659851,498.300415,11.304131,441.377075,179.788971,0.205052,-179.927872,7831,False,True,41,502,False,
378,/kuka/axis_move/feedback_json,std_msgs/msg/String,2026-08-31T20:50:43.054607-04:00,1788223843,54601260,1788223843054601260,130.279122,,,,29696,29695,1,0,0,29696,AxisTarget,1,True,True,True,False,-1.537795,-67.317902,117.165703,0.127515,39.954517,-1.879048,498.149292,13.13455,441.362793,179.792053,0.200818,-179.924774,7831,False,True,41,502,False,
379,/kuka/axis_move/feedback_json,std_msgs/msg/String,2026-08-31T20:50:43.186106-04:00,1788223843,186083256,1788223843186083256,131.481996,,,,29697,29696,1,0,0,29697,AxisTarget,1,True,True,True,False,-1.768195,-67.326851,117.183479,0.134023,39.951191,-2.11814,497.976868,15.128429,441.347168,179.795425,0.196218,-179.921356,7831,False,True,41,502,False,
380,/kuka/axis_move/feedback_json,std_msgs/msg/String,2026-08-31T20:50:43.668905-04:00,1788223843,668864983,1788223843668864983,482.781727,,,,29698,29697,1,0,0,29698,AxisTarget,1,True,True,True,False,-1.9853,-67.334999,117.198097,0.1392,39.9487,-2.2931,497.795563,17.130659,441.331421,179.798904,0.191558,-179.917862,7832,False,True,42,506,True,
381,/kuka/axis_move/feedback_json,std_msgs/msg/String,2026-08-31T20:50:43.792732-04:00,1788223843,792720373,1788223843792720373,123.85539,,,,29699,29698,1,0,0,29699,AxisTarget,1,True,True,True,True,-1.98546,-67.369568,117.175453,0.137699,40.025925,-2.292395,497.811737,17.132883,441.592407,179.798691,0.192358,-179.91832,7832,False,True,42,507,True,
382,/kuka/axis_move/feedback_json,std_msgs/msg/String,2026-08-31T20:50:43.918743-04:00,1788223843,918730943,1788223843918730943,126.01057,,,,29700,29699,1,0,0,29700,AxisTarget,1,True,True,True,False,-1.986291,-67.53006,117.092125,0.13265,40.263577,-2.290396,497.910858,17.146902,443.249817,179.797348,0.197428,-179.921204,7832,False,True,42,507,True,
383,/kuka/axis_move/feedback_json,std_msgs/msg/String,2026-08-31T20:50:44.048029-04:00,1788223844,48018134,1788223844048018134,129.287191,,,,29701,29700,1,0,0,29701,AxisTarget,1,True,True,True,False,-1.987121,-67.688988,117.008095,0.127378,40.508636,-2.288344,498.011993,17.16205,445.061523,179.795868,0.202898,-179.924408,7832,False,True,42,508,True,
384,/kuka/axis_move/feedback_json,std_msgs/msg/String,2026-08-31T20:50:44.176713-04:00,1788223844,176699267,1788223844176699267,128.681133,,,,29702,29701,1,0,0,29702,AxisTarget,1,True,True,True,True,-1.988014,-67.865349,116.914772,0.121865,40.764843,-2.286197,498.109406,17.177597,446.947266,179.794373,0.208567,-179.927795,7832,False,True,42,508,True,
385,/kuka/axis_move/feedback_json,std_msgs/msg/String,2026-08-31T20:50:44.300475-04:00,1788223844,300451245,1788223844300451245,123.751978,,,,29703,29702,1,0,0,29703,AxisTarget,1,True,True,True,False,-1.988883,-68.026398,116.829582,0.116686,41.005615,-2.28418,498.196716,17.19253,448.783966,179.792923,0.214081,-179.931122,7832,False,True,42,508,True,
386,/kuka/axis_move/feedback_json,std_msgs/msg/String,2026-08-31T20:50:44.428710-04:00,1788223844,428699024,1788223844428699024,128.247779,,,,29704,29703,1,0,0,29704,AxisTarget,1,True,True,True,False,-1.989732,-68.187454,116.744392,0.111516,41.246387,-2.282163,498.271851,17.206388,450.507904,179.791626,0.219256,-179.934265,7832,False,True,42,508,True,
387,/kuka/axis_move/feedback_json,std_msgs/msg/String,2026-08-31T20:50:44.556699-04:00,1788223844,556680262,1788223844556680262,127.981238,,,,29705,29704,1,0,0,29705,AxisTarget,1,True,True,True,False,-1.990614,-68.353386,116.656715,0.106208,41.500904,-2.280035,498.346924,17.22147,452.405792,179.790222,0.224953,-179.937744,7832,False,True,42,508,True,
388,/kuka/axis_move/feedback_json,std_msgs/msg/String,2026-08-31T20:50:44.681968-04:00,1788223844,681957697,1788223844681957697,125.277435,,,,29706,29705,1,0,0,29706,AxisTarget,1,True,True,True,False,-1.991442,-68.508987,116.574356,0.101214,41.726883,-2.278138,498.408264,17.234993,454.13089,179.788986,0.230127,-179.940948,7832,False,True,42,509,True,
389,/kuka/axis_move/feedback_json,std_msgs/msg/String,2026-08-31T20:50:44.810838-04:00,1788223844,810817226,1788223844810817226,128.859529,,,,29707,29706,1,0,0,29707,AxisTarget,1,True,True,True,True,-1.992298,-68.669922,116.489212,0.096055,41.975391,-2.276056,498.464783,17.248766,455.914124,179.787735,0.235467,-179.94429,7832,False,True,42,509,True,
390,/kuka/axis_move/feedback_json,std_msgs/msg/String,2026-08-31T20:50:44.936044-04:00,1788223844,936038656,1788223844936038656,125.22143,,,,29708,29707,1,0,0,29708,AxisTarget,1,True,True,True,False,-1.993181,-68.836182,116.401276,0.090728,42.216164,-2.274037,498.514435,17.262367,457.703705,179.786514,0.240821,-179.947662,7832,False,True,42,509,True,
391,/kuka/axis_move/feedback_json,std_msgs/msg/String,2026-08-31T20:50:45.062340-04:00,1788223845,62332123,1788223845062332123,126.293467,,,,29709,29708,1,0,0,29709,AxisTarget,1,True,True,True,False,-1.994061,-69.002449,116.313339,0.085399,42.464706,-2.271951,498.55835,17.276175,459.55307,179.785278,0.246347,-179.951187,7832,False,True,42,509,True,
392,/kuka/axis_move/feedback_json,std_msgs/msg/String,2026-08-31T20:50:45.188742-04:00,1788223845,188736149,1788223845188736149,126.404026,,,,29710,29709,1,0,0,29710,AxisTarget,1,True,True,True,False,-1.99491,-69.163521,116.228149,0.080236,42.705479,-2.269927,498.594757,17.289738,461.40448,179.784073,0.251874,-179.954742,7832,False,True,42,509,True,
393,/kuka/axis_move/feedback_json,std_msgs/msg/String,2026-08-31T20:50:45.316282-04:00,1788223845,316255141,1788223845316255141,127.518992,,,,29711,29710,1,0,0,29711,AxisTarget,1,True,True,True,False,-1.995782,-69.329788,116.140221,0.074905,42.954018,-2.267833,498.622864,17.302641,463.199982,179.782928,0.257229,-179.958237,7832,False,True,42,509,True,
394,/kuka/axis_move/feedback_json,std_msgs/msg/String,2026-08-31T20:50:45.447515-04:00,1788223845,447502932,1788223845447502932,131.247791,,,,29712,29711,1,0,0,29712,AxisTarget,1,True,True,True,False,-1.996651,-69.496063,116.052284,0.069573,43.20256,-2.265738,498.64502,17.316132,465.113373,179.781738,0.26293,-179.961975,7832,False,True,42,509,True,
395,/kuka/axis_move/feedback_json,std_msgs/msg/String,2026-08-31T20:50:45.577955-04:00,1788223845,577942574,1788223845577942574,130.439642,,,,29713,29712,1,0,0,29713,AxisTarget,1,True,True,True,False,-1.997519,-69.662346,115.961609,0.064074,43.458866,-2.263512,498.658875,17.328987,466.970764,179.780624,0.268457,-179.965637,7832,False,True,42,510,True,
396,/kuka/axis_move/feedback_json,std_msgs/msg/String,2026-08-31T20:50:45.706616-04:00,1788223845,706604274,1788223845706604274,128.6617,,,,29714,29713,1,0,0,29714,AxisTarget,1,True,True,True,True,-1.998441,-69.839012,115.870934,0.058576,43.715172,-2.261416,498.665253,17.342018,468.888184,179.779495,0.274156,-179.969467,7832,False,True,42,510,True,
397,/kuka/axis_move/feedback_json,std_msgs/msg/String,2026-08-31T20:50:45.832510-04:00,1788223845,832504713,1788223845832504713,125.900439,,,,29715,29714,1,0,0,29715,AxisTarget,1,True,True,True,False,-1.999282,-70.000092,115.785744,0.05341,43.955948,-2.259387,498.663788,17.354441,470.74942,179.778442,0.279679,-179.973206,7832,False,True,42,510,True,
398,/kuka/axis_move/feedback_json,std_msgs/msg/String,2026-08-31T20:50:45.958349-04:00,1788223845,958343777,1788223845958343777,125.839064,,,,29716,29715,1,0,0,29716,AxisTarget,1,True,True,True,False,-2.000152,-70.166359,115.697815,0.048078,44.204487,-2.257294,498.655182,17.366274,472.55423,179.777435,0.285027,-179.976852,7832,False,True,42,510,True,
399,/kuka/axis_move/feedback_json,std_msgs/msg/String,2026-08-31T20:50:46.088267-04:00,1788223846,88261260,1788223846088261260,129.917483,,,,29717,29716,1,0,0,29717,AxisTarget,1,True,True,True,False,-2.000995,-70.332626,115.609879,0.042746,44.453026,-2.255203,498.638824,17.378286,474.419037,179.776443,0.290544,-179.980652,7832,False,True,42,510,True,
400,/kuka/axis_move/feedback_json,std_msgs/msg/String,2026-08-31T20:50:46.220301-04:00,1788223846,220290112,1788223846220290112,132.028852,,,,29718,29717,1,0,0,29718,AxisTarget,1,True,True,True,False,-2.001894,-70.498886,115.519196,0.037248,44.709335,-2.25305,498.614014,17.390459,476.343964,179.775452,0.296227,-179.984619,7832,False,True,42,510,True,
401,/kuka/axis_move/feedback_json,std_msgs/msg/String,2026-08-31T20:50:46.343352-04:00,1788223846,343343623,1788223846343343623,123.053511,,,,29719,29718,1,0,0,29719,AxisTarget,1,True,True,True,False,-2.002768,-70.665146,115.434006,0.032083,44.950108,-2.251029,498.582275,17.402052,478.21228,179.774506,0.301734,-179.98848,7832,False,True,42,510,True,
402,/kuka/axis_move/feedback_json,std_msgs/msg/String,2026-08-31T20:50:46.472105-04:00,1788223846,472095365,1788223846472095365,128.751742,,,,29720,29719,1,0,0,29720,AxisTarget,1,True,True,True,False,-2.003643,-70.831398,115.346069,0.026752,45.198647,-2.248946,498.544281,17.413084,480.023834,179.773636,0.307064,-179.992264,7832,False,True,42,510,True,
403,/kuka/axis_move/feedback_json,std_msgs/msg/String,2026-08-31T20:50:46.604108-04:00,1788223846,604096996,1788223846604096996,132.001631,,,,29721,29720,1,0,0,29721,AxisTarget,1,True,True,True,True,-2.004518,-70.997643,115.258125,0.021254,45.454956,-2.246799,498.495972,17.424606,481.953979,179.772736,0.312735,-179.996338,7832,False,True,42,511,False,
404,/kuka/axis_move/feedback_json,std_msgs/msg/String,2026-08-31T20:50:46.728084-04:00,1788223846,728078091,1788223846728078091,123.981095,,,,29722,29721,1,0,0,29722,AxisTarget,1,True,True,True,False,-2.005421,-71.16909,115.167442,0.015922,45.703495,-2.244717,498.441345,17.435555,483.827332,179.771896,0.318232,179.999695,7832,False,True,42,511,False,
405,/kuka/axis_move/feedback_json,std_msgs/msg/String,2026-08-31T20:50:46.856239-04:00,1788223846,856229454,1788223846856229454,128.151363,,,,29723,29722,1,0,0,29723,AxisTarget,1,True,True,True,False,-2.00627,-71.330139,115.079498,0.010591,45.952038,-2.242635,498.379089,17.44628,485.702301,179.771088,0.323728,179.995697,7832,False,True,42,511,False,
406,/kuka/axis_move/feedback_json,std_msgs/msg/String,2026-08-31T20:50:46.984071-04:00,1788223846,984066006,1788223846984066006,127.836552,,,,29724,29723,1,0,0,29724,AxisTarget,1,True,True,True,False,-2.007146,-71.496391,114.994308,0.005427,46.19281,-2.240616,498.309143,17.456781,487.578857,179.770325,0.329223,179.991653,7832,False,True,42,511,False,
407,/kuka/axis_move/feedback_json,std_msgs/msg/String,2026-08-31T20:50:47.112152-04:00,1788223847,112146529,1788223847112146529,128.080523,,,,29725,29724,1,0,0,29725,AxisTarget,1,True,True,True,False,-2.008023,-71.662643,114.906372,9.6e-05,46.441349,-2.238528,498.234039,17.466743,489.398285,179.769608,0.334546,179.987717,7832,False,True,42,511,False,
408,/kuka/axis_move/feedback_json,std_msgs/msg/String,2026-08-31T20:50:47.240035-04:00,1788223847,240029050,1788223847240029050,127.882521,,,,29726,29725,1,0,0,29726,AxisTarget,1,True,True,True,False,-2.008901,-71.834099,114.815689,-0.005401,46.697659,-2.236371,498.146149,17.477121,491.3367,179.76889,0.340214,179.98349,7832,False,True,42,511,False,
409,/kuka/axis_move/feedback_json,std_msgs/msg/String,2026-08-31T20:50:47.365957-04:00,1788223847,365929976,1788223847365929976,125.900926,,,,29727,29726,1,0,0,29727,AxisTarget,1,True,True,True,False,-2.009779,-71.995163,114.730499,-0.010565,46.938431,-2.23434,498.05307,17.486958,493.217896,179.768234,0.34571,179.979355,7832,False,True,42,511,False,
410,/kuka/axis_move/feedback_json,std_msgs/msg/String,2026-08-31T20:50:47.494039-04:00,1788223847,494031148,1788223847494031148,128.101172,,,,29728,29727,1,0,0,29728,AxisTarget,1,True,True,True,False,-2.010643,-72.157806,114.644852,-0.015731,47.178154,-2.232326,497.956451,17.496189,495.025421,179.767639,0.350987,179.975357,7832,False,True,42,511,False,
411,/kuka/axis_move/feedback_json,std_msgs/msg/String,2026-08-31T20:50:47.621740-04:00,1788223847,621718782,1788223847621718782,127.687634,,,,29729,29728,1,0,0,29729,AxisTarget,1,True,True,True,False,-2.011418,-72.305031,114.56662,-0.020498,47.401646,-2.230427,497.858978,17.504684,496.727844,179.767105,0.355953,179.971573,7832,False,True,42,511,False,
412,/kuka/axis_move/feedback_json,std_msgs/msg/String,2026-08-31T20:50:47.750048-04:00,1788223847,750042503,1788223847750042503,128.323721,,,,29730,29729,1,0,0,29730,AxisTarget,1,True,True,True,False,-2.012297,-72.471291,114.478683,-0.025827,47.650185,-2.228328,497.747467,17.513584,498.554291,179.766571,0.361276,179.967484,7832,False,True,42,511,False,
413,/kuka/axis_move/feedback_json,std_msgs/msg/String,2026-08-31T20:50:47.878105-04:00,1788223847,878097528,1788223847878097528,128.055025,,,,29731,29730,1,0,0,29731,AxisTarget,1,True,True,True,False,-2.013207,-72.642754,114.388,-0.031322,47.90649,-2.22617,497.620789,17.522833,500.499939,179.766037,0.366943,179.963104,7832,False,True,42,511,False,
414,/kuka/axis_move/feedback_json,std_msgs/msg/String,2026-08-31T20:50:48.010751-04:00,1788223848,10740007,1788223848010740007,132.642479,,,,29732,29731,1,0,0,29732,AxisTarget,1,True,True,True,False,-2.014092,-72.809013,114.300064,-0.036649,48.155033,-2.224084,497.490051,17.531593,502.388031,179.765549,0.37244,179.958817,7832,False,True,42,511,False,
415,/kuka/axis_move/feedback_json,std_msgs/msg/String,2026-08-31T20:50:48.140575-04:00,1788223848,140561837,1788223848140561837,129.82183,,,,29733,29732,1,0,0,29733,AxisTarget,1,True,True,True,False,-2.014954,-72.970421,114.214745,-0.041815,48.396046,-2.222066,497.35498,17.539936,504.231964,179.765106,0.377806,179.95462,7832,False,True,42,511,False,
416,/kuka/axis_move/feedback_json,std_msgs/msg/String,2026-08-31T20:50:48.264086-04:00,1788223848,264080878,1788223848264080878,123.519041,,,,29734,29733,1,0,0,29734,AxisTarget,1,True,True,True,False,-2.015839,-73.136505,114.126854,-0.047141,48.644577,-2.219985,497.205139,17.548454,506.169861,179.764664,0.38344,179.950165,7832,False,True,42,511,False,
417,/kuka/axis_move/feedback_json,std_msgs/msg/String,2026-08-31T20:50:48.392123-04:00,1788223848,392117622,1788223848392117622,128.036744,,,,29735,29734,1,0,0,29735,AxisTarget,1,True,True,True,False,-2.016635,-73.292595,114.044579,-0.052129,48.875175,-2.218029,497.059509,17.555803,507.95993,179.764236,0.388642,179.946014,7832,False,True,42,511,False,
418,/kuka/axis_move/feedback_json,std_msgs/msg/String,2026-08-31T20:50:49.175007-04:00,1788223849,175001243,1788223849175001243,782.883621,,,,29736,29735,1,0,0,29736,AxisTarget,1,True,True,True,False,-2.0169,-73.341301,114.021301,-0.0534,48.927399,-2.2177,496.999146,17.558613,508.677765,179.764069,0.390727,179.944336,7833,False,True,43,515,True,
419,/kuka/axis_move/feedback_json,std_msgs/msg/String,2026-08-31T20:50:49.957662-04:00,1788223849,957653214,1788223849957653214,782.651971,,,,29737,29736,1,0,0,29737,AxisTarget,1,True,True,True,True,-1.788962,-75.108131,111.460693,-0.040519,43.665325,-1.98656,513.713989,16.121304,538.860413,179.733505,9.500541,179.631317,7834,False,True,43,520,True,
420,/kuka/axis_move/feedback_json,std_msgs/msg/String,2026-08-31T20:50:50.085946-04:00,1788223850,85940753,1788223850085940753,128.287539,,,,29738,29737,1,0,0,29738,AxisTarget,1,True,True,True,False,-1.731561,-75.529922,110.854317,-0.037474,42.435268,-1.932835,517.652283,15.719654,547.079041,179.71843,11.843897,179.560074,7834,False,True,43,520,True,
421,/kuka/axis_move/feedback_json,std_msgs/msg/String,2026-08-31T20:50:50.213450-04:00,1788223850,213423732,1788223850213423732,127.482979,,,,29739,29738,1,0,0,29739,AxisTarget,1,True,True,True,False,-1.665311,-76.035431,110.126915,-0.033849,40.962849,-1.868708,521.963257,15.244721,556.708496,179.698044,14.526679,179.482635,7834,False,True,43,521,True,
422,/kuka/axis_move/feedback_json,std_msgs/msg/String,2026-08-31T20:50:50.337553-04:00,1788223850,337547956,1788223850337547956,124.124224,,,,29740,29739,1,0,0,29740,AxisTarget,1,True,True,True,True,-1.605323,-76.491829,109.471619,-0.030611,39.638325,-1.810964,525.595276,14.811322,565.423645,179.677399,16.901228,179.417557,7834,False,True,43,521,True,
423,/kuka/axis_move/feedback_json,std_msgs/msg/String,2026-08-31T20:50:50.620229-04:00,1788223850,620205862,1788223850620205862,282.657906,,,,29741,29740,1,0,0,29741,AxisTarget,1,True,True,True,True,-1.46197,-77.583084,107.904152,-0.022795,36.472645,-1.673071,533.755188,13.693815,587.609192,179.617172,22.744116,179.270386,7835,False,True,44,522,True,
424,/kuka/axis_move/feedback_json,std_msgs/msg/String,2026-08-31T20:50:50.745876-04:00,1788223850,745865192,1788223850745865192,125.65933,,,,29742,29741,1,0,0,29742,AxisTarget,1,True,True,True,False,-1.398687,-78.066727,107.206764,-0.019295,35.054382,-1.6111,536.944641,13.185719,597.586731,179.587097,25.288515,179.211639,7835,False,True,44,522,True,
425,/kuka/axis_move/feedback_json,std_msgs/msg/String,2026-08-31T20:50:50.873077-04:00,1788223850,873065680,1788223850873065680,127.200488,,,,29743,29742,1,0,0,29743,AxisTarget,1,True,True,True,False,-1.333687,-78.561424,106.496674,-0.01577,33.623062,-1.548866,540.11499,12.626073,608.519043,179.552322,28.024267,179.151794,7835,False,True,44,523,True,
426,/kuka/axis_move/feedback_json,std_msgs/msg/String,2026-08-31T20:50:50.998742-04:00,1788223850,998736041,1788223850998736041,125.670361,,,,29744,29743,1,0,0,29744,AxisTarget,1,True,True,True,True,-1.275197,-79.005859,105.859421,-0.01262,32.338306,-1.492938,542.666748,12.124578,618.271851,179.519882,30.422762,179.102005,7835,False,True,44,523,True,
427,/kuka/axis_move/feedback_json,std_msgs/msg/String,2026-08-31T20:50:51.128582-04:00,1788223851,128576464,1788223851128576464,129.840423,,,,29745,29744,1,0,0,29745,AxisTarget,1,True,True,True,False,-1.211913,-79.489838,105.161469,-0.009144,30.918596,-1.428902,545.143921,11.579625,628.827515,179.483429,32.977818,179.051636,7835,False,True,44,523,True,
428,/kuka/axis_move/feedback_json,std_msgs/msg/String,2026-08-31T20:50:51.254330-04:00,1788223851,254324985,1788223851254324985,125.748521,,,,29746,29745,1,0,0,29746,AxisTarget,1,True,True,True,False,-1.143676,-80.007965,104.419456,-0.005455,29.430466,-1.366387,547.493774,10.989578,640.213928,179.442703,35.690434,179.001053,7835,False,True,44,524,True,
429,/kuka/axis_move/feedback_json,std_msgs/msg/String,2026-08-31T20:50:51.380675-04:00,1788223851,380666921,1788223851380666921,126.341936,,,,29747,29746,1,0,0,29747,AxisTarget,1,True,True,True,True,-1.08795,-80.432419,103.808945,-0.002396,28.191198,-1.312215,549.237793,10.485823,649.908691,179.406982,37.967445,178.960785,7835,False,True,44,524,True,
430,/kuka/axis_move/feedback_json,std_msgs/msg/String,2026-08-31T20:50:51.504657-04:00,1788223851,504639664,1788223851504639664,123.972743,,,,29748,29747,1,0,0,29748,AxisTarget,1,True,True,True,False,-1.024409,-80.91806,103.108833,0.001103,26.767971,-1.250046,550.993408,9.892589,661.306091,179.3638,40.609406,178.916443,7835,False,True,44,524,True,
431,/kuka/axis_move/feedback_json,std_msgs/msg/String,2026-08-31T20:50:51.632162-04:00,1788223851,632155708,1788223851632155708,127.516044,,,,29749,29748,1,0,0,29749,AxisTarget,1,True,True,True,True,-0.961537,-81.394615,102.427795,0.00446,25.408001,-1.191179,552.425598,9.30424,672.598572,179.319855,43.193066,178.875412,7835,False,True,44,525,True,
432,/kuka/axis_move/feedback_json,std_msgs/msg/String,2026-08-31T20:50:51.761954-04:00,1788223851,761943222,1788223851761943222,129.787514,,,,29750,29749,1,0,0,29750,AxisTarget,1,True,True,True,False,-0.906545,-81.81472,101.822083,0.007579,24.129055,-1.13515,553.431763,8.789729,682.469543,179.280518,45.426243,178.841736,7835,False,True,44,525,True,
433,/kuka/axis_move/feedback_json,std_msgs/msg/String,2026-08-31T20:50:51.892756-04:00,1788223851,892742888,1788223851892742888,130.799666,,,,29751,29750,1,0,0,29751,AxisTarget,1,True,True,True,False,-0.838592,-82.333885,101.074013,0.011201,22.653387,-1.070744,554.345276,8.169463,694.368103,179.231979,48.089725,178.803635,7835,False,True,44,525,True,
434,/kuka/axis_move/feedback_json,std_msgs/msg/String,2026-08-31T20:50:52.018549-04:00,1788223852,18534611,1788223852018534611,125.791723,,,,29752,29751,1,0,0,29752,AxisTarget,1,True,True,True,True,-0.776204,-82.805473,100.401588,0.014534,21.315872,-1.012973,554.940918,7.543305,706.385681,179.181717,50.751385,178.7677,7835,False,True,44,526,True,
435,/kuka/axis_move/feedback_json,std_msgs/msg/String,2026-08-31T20:50:52.144418-04:00,1788223852,144406145,1788223852144406145,125.871534,,,,29753,29752,1,0,0,29753,AxisTarget,1,True,True,True,False,-0.722727,-83.21521,99.808884,0.01752,20.10029,-0.957673,555.18158,7.051082,715.844727,179.141296,52.828236,178.741043,7835,False,True,44,526,True,
436,/kuka/axis_move/feedback_json,std_msgs/msg/String,2026-08-31T20:50:52.274227-04:00,1788223852,274221564,1788223852274221564,129.815419,,,,29754,29753,1,0,0,29754,AxisTarget,1,True,True,True,False,-0.656397,-83.721672,99.056526,0.021291,18.574261,-0.89306,555.192383,6.392191,728.534973,179.085876,55.592106,178.707367,7835,False,True,44,527,True,
437,/kuka/axis_move/feedback_json,std_msgs/msg/String,2026-08-31T20:50:52.406628-04:00,1788223852,406616263,1788223852406616263,132.394699,,,,29755,29754,1,0,0,29755,AxisTarget,1,True,True,True,True,-0.594402,-84.19001,98.412254,0.024485,17.294584,-0.837777,554.881042,5.777176,740.418762,179.0327,58.159576,178.677765,7835,False,True,44,527,True,
438,/kuka/axis_move/feedback_json,std_msgs/msg/String,2026-08-31T20:50:52.532939-04:00,1788223852,532928777,1788223852532928777,126.312514,,,,29756,29755,1,0,0,29756,AxisTarget,1,True,True,True,False,-0.538567,-84.61866,97.791496,0.027612,16.019566,-0.78177,554.375244,5.257378,750.496582,178.986511,60.323051,178.653931,7835,False,True,44,527,True,
439,/kuka/axis_move/feedback_json,std_msgs/msg/String,2026-08-31T20:50:52.656431-04:00,1788223852,656420458,1788223852656420458,123.491681,,,,29757,29756,1,0,0,29757,AxisTarget,1,True,True,True,False,-0.471958,-85.126938,97.060143,0.031253,14.538777,-0.717234,553.393921,4.58805,763.526733,178.92511,63.104015,178.624512,7835,False,True,44,528,True,
440,/kuka/axis_move/feedback_json,std_msgs/msg/String,2026-08-31T20:50:52.784710-04:00,1788223852,784697725,1788223852784697725,128.277267,,,,29758,29757,1,0,0,29758,AxisTarget,1,True,True,True,True,-0.416195,-85.547585,96.461525,0.034192,13.351097,-0.665945,552.289063,4.030402,774.43689,178.872009,65.420364,178.600815,7835,False,True,44,528,True,
441,/kuka/axis_move/feedback_json,std_msgs/msg/String,2026-08-31T20:50:52.908383-04:00,1788223852,908372911,1788223852908372911,123.675186,,,,29759,29758,1,0,0,29759,AxisTarget,1,True,True,True,False,-0.361182,-85.969894,95.849884,0.037247,12.094717,-0.610766,550.990662,3.499585,784.875793,178.819534,67.627968,178.578629,7835,False,True,44,528,True,
442,/kuka/axis_move/feedback_json,std_msgs/msg/String,2026-08-31T20:50:53.036284-04:00,1788223853,36273090,1788223853036273090,127.900179,,,,29760,29759,1,0,0,29760,AxisTarget,1,True,True,True,False,-0.297625,-86.45417,95.154083,0.040701,10.690974,-0.549728,549.165039,2.880278,797.130188,178.755417,70.210686,178.552704,7835,False,True,44,529,True,
443,/kuka/axis_move/feedback_json,std_msgs/msg/String,2026-08-31T20:50:53.160095-04:00,1788223853,160088683,1788223853160088683,123.815593,,,,29761,29760,1,0,0,29761,AxisTarget,1,True,True,True,True,-0.247266,-86.833878,94.613571,0.043367,9.61696,-0.503295,547.439514,2.379926,807.0979,178.700684,72.305916,178.531113,7835,False,True,44,529,True,
444,/kuka/axis_move/feedback_json,std_msgs/msg/String,2026-08-31T20:50:53.283400-04:00,1788223853,283372656,1788223853283372656,123.283973,,,,29762,29761,1,0,0,29762,AxisTarget,1,True,True,True,False,-0.195728,-87.229736,94.039879,0.046247,8.437593,-0.451485,545.524048,1.889477,816.934204,178.643677,74.369919,178.508621,7835,False,True,44,529,True,
445,/kuka/axis_move/feedback_json,std_msgs/msg/String,2026-08-31T20:50:53.410535-04:00,1788223853,410517026,1788223853410517026,127.14437,,,,29763,29762,1,0,0,29763,AxisTarget,1,True,True,True,False,-0.135773,-87.683868,93.391487,0.049455,7.146576,-0.39571,543.028137,1.323461,828.377625,178.572144,76.768135,178.479477,7835,False,True,44,530,True,
446,/kuka/axis_move/feedback_json,std_msgs/msg/String,2026-08-31T20:50:53.536446-04:00,1788223853,536434290,1788223853536434290,125.917264,,,,29764,29763,1,0,0,29764,AxisTarget,1,True,True,True,True,-0.093175,-88.00795,92.925987,0.051776,6.203524,-0.354504,540.949463,0.899162,837.026672,178.512543,78.579636,178.453537,7835,False,True,44,530,True,
447,/kuka/axis_move/feedback_json,std_msgs/msg/String,2026-08-31T20:50:53.664334-04:00,1788223853,664328370,1788223853664328370,127.89408,,,,29765,29764,1,0,0,29765,AxisTarget,1,True,True,True,False,-0.039746,-88.416832,92.33596,0.05473,5.00331,-0.302093,538.358521,0.416082,846.952393,178.434631,80.658539,178.415939,7835,False,True,44,531,True,
448,/kuka/axis_move/feedback_json,std_msgs/msg/String,2026-08-31T20:50:53.790897-04:00,1788223853,790886839,1788223853790886839,126.558469,,,,29766,29765,1,0,0,29766,AxisTarget,1,True,True,True,True,0.003797,-88.744209,91.870979,0.057028,4.083141,-0.262374,535.876343,-0.008595,855.751831,178.350861,82.502487,178.369461,7835,False,True,44,531,True,
449,/kuka/axis_move/feedback_json,std_msgs/msg/String,2026-08-31T20:50:53.917055-04:00,1788223853,917049464,1788223853917049464,126.162625,,,,29767,29766,1,0,0,29767,AxisTarget,1,True,True,True,False,0.046762,-89.074188,91.392799,0.059438,3.068032,-0.217877,533.33844,-0.411046,864.165222,178.245483,84.267128,178.301102,7835,False,True,44,532,False,
450,/kuka/axis_move/feedback_json,std_msgs/msg/String,2026-08-31T20:50:54.044904-04:00,1788223854,44890836,1788223854044890836,127.841372,,,,29768,29767,1,0,0,29768,AxisTarget,1,True,True,True,True,0.086929,-89.376091,90.964836,0.061554,2.259485,-0.18311,530.771423,-0.790394,872.174377,178.092636,85.949059,178.184677,7835,False,True,44,532,False,
451,/kuka/axis_move/feedback_json,std_msgs/msg/String,2026-08-31T20:50:54.173134-04:00,1788223854,173122012,1788223854173122012,128.231176,,,,29769,29768,1,0,0,29769,AxisTarget,1,True,True,True,False,0.124208,-89.662033,90.551498,0.063622,1.416067,-0.14626,528.364807,-1.124567,879.29248,177.830551,87.446114,177.956009,7835,False,True,44,532,False,
452,/kuka/axis_move/feedback_json,std_msgs/msg/String,2026-08-31T20:50:54.299908-04:00,1788223854,299902812,1788223854299902812,126.7808,,,,29770,29769,1,0,0,29770,AxisTarget,1,True,True,True,False,0.154557,-89.890388,90.227066,0.065188,0.773133,-0.118512,526.296326,-1.397459,885.146545,177.22673,88.679131,177.380447,7835,False,True,44,532,False,
453,/kuka/axis_move/feedback_json,std_msgs/msg/String,2026-08-31T20:50:54.424046-04:00,1788223854,424035493,1788223854424035493,124.132681,,,,29771,29770,1,0,0,29771,AxisTarget,1,True,True,True,False,0.180136,-90.082932,89.953705,0.066548,0.234888,-0.095393,524.390137,-1.638259,890.348633,171.39418,89.775269,171.573547,7835,False,True,44,532,False,
454,/kuka/axis_move/feedback_json,std_msgs/msg/String,2026-08-31T20:50:54.548395-04:00,1788223854,548384291,1788223854548384291,124.348798,,,,29772,29771,1,0,0,29772,AxisTarget,1,True,True,True,False,0.193072,-90.177811,89.822845,0.06719,-0.007213,-0.085294,523.393066,-1.760336,893.00177,2.997586,89.661491,3.190241,7835,False,True,44,532,False,
455,/kuka/axis_move/feedback_json,std_msgs/msg/String,2026-08-31T20:50:54.675728-04:00,1788223854,675715496,1788223854675715496,127.331205,,,,29773,29772,1,0,0,29773,AxisTarget,1,False,True,False,False,0.1935,-90.180397,89.82,0.0672,-0.0103,-0.0852,523.33429,-1.767401,893.156494,2.586455,89.628868,2.779885,7835,False,True,44,532,False,
456,/kuka/axis_move/feedback_json,std_msgs/msg/String,2026-08-31T20:50:54.804746-04:00,1788223854,804733241,1788223854804733241,129.017745,,,,29774,29773,1,0,0,29774,AxisTarget,1,False,True,False,False,0.1935,-90.180397,89.82,0.0672,-0.0103,-0.0852,523.33429,-1.767401,893.156494,2.586455,89.628868,2.779885,7835,False,True,44,532,False,
457,/kuka/axis_move/feedback_json,std_msgs/msg/String,2026-08-31T20:50:54.928771-04:00,1788223854,928762699,1788223854928762699,124.029458,,,,29775,29774,1,0,0,29775,AxisTarget,1,False,True,False,False,0.1935,-90.180397,89.82,0.0672,-0.0103,-0.0852,523.33429,-1.767401,893.156494,2.586455,89.628868,2.779885,7835,False,True,44,532,False,
458,/kuka/axis_move/feedback_json,std_msgs/msg/String,2026-08-31T20:50:55.054743-04:00,1788223855,54737695,1788223855054737695,125.974996,,,,29776,29775,1,0,0,29776,AxisTarget,1,False,True,False,False,0.1935,-90.180397,89.82,0.0672,-0.0103,-0.0852,523.33429,-1.767401,893.156494,2.586455,89.628868,2.779885,7835,False,True,44,532,False,
459,/kuka/axis_move/feedback_json,std_msgs/msg/String,2026-08-31T20:50:55.181973-04:00,1788223855,181967662,1788223855181967662,127.229967,,,,29777,29776,1,0,0,29777,AxisTarget,1,False,True,False,False,0.1935,-90.180397,89.82,0.0672,-0.0103,-0.0852,523.33429,-1.767401,893.156494,2.586455,89.628868,2.779885,7835,False,True,44,532,False,
460,/kuka/axis_move/feedback_json,std_msgs/msg/String,2026-08-31T20:50:55.312126-04:00,1788223855,312103312,1788223855312103312,130.13565,,,,29778,29777,1,0,0,29778,AxisTarget,1,False,True,False,False,0.1935,-90.180397,89.82,0.0672,-0.0103,-0.0852,523.33429,-1.767401,893.156494,2.586455,89.628868,2.779885,7835,False,True,44,532,False,
461,/kuka/axis_move/feedback_json,std_msgs/msg/String,2026-08-31T20:50:55.436707-04:00,1788223855,436695550,1788223855436695550,124.592238,,,,29779,29778,1,0,0,29779,AxisTarget,1,False,True,False,False,0.1935,-90.180397,89.82,0.0672,-0.0103,-0.0852,523.33429,-1.767401,893.156494,2.586455,89.628868,2.779885,7835,False,True,44,532,False,
462,/kuka/axis_move/feedback_json,std_msgs/msg/String,2026-08-31T20:50:55.564711-04:00,1788223855,564693211,1788223855564693211,127.997661,,,,29780,29779,1,0,0,29780,AxisTarget,1,False,True,False,False,0.1935,-90.180397,89.82,0.0672,-0.0103,-0.0852,523.33429,-1.767401,893.156494,2.586455,89.628868,2.779885,7835,False,True,44,532,False,
463,/kuka/axis_move/feedback_json,std_msgs/msg/String,2026-08-31T20:50:55.688168-04:00,1788223855,688162688,1788223855688162688,123.469477,,,,29781,29780,1,0,0,29781,AxisTarget,1,False,True,False,False,0.1935,-90.180397,89.82,0.0672,-0.0103,-0.0852,523.33429,-1.767401,893.156494,2.586455,89.628868,2.779885,7835,False,True,44,532,False,
464,/kuka/axis_move/feedback_json,std_msgs/msg/String,2026-08-31T20:50:55.814039-04:00,1788223855,814033400,1788223855814033400,125.870712,,,,29782,29781,1,0,0,29782,AxisTarget,1,False,True,False,False,0.1935,-90.180397,89.82,0.0672,-0.0103,-0.0852,523.33429,-1.767401,893.156494,2.586455,89.628868,2.779885,7835,False,True,44,532,False,
465,/kuka/axis_move/feedback_json,std_msgs/msg/String,2026-08-31T20:50:55.939741-04:00,1788223855,939716860,1788223855939716860,125.68346,,,,29783,29782,1,0,0,29783,AxisTarget,1,False,True,False,False,0.1935,-90.180397,89.82,0.0672,-0.0103,-0.0852,523.33429,-1.767401,893.156494,2.586455,89.628868,2.779885,7835,False,True,44,532,False,
466,/kuka/axis_move/feedback_json,std_msgs/msg/String,2026-08-31T20:50:56.165676-04:00,1788223856,165668070,1788223856165668070,225.95121,,,,29784,29783,1,0,0,29784,AxisTarget,1,False,True,False,False,0.1935,-90.180397,89.82,0.0672,-0.0103,-0.0852,523.33429,-1.767401,893.156494,2.586455,89.628868,2.779885,7836,False,True,44,532,False,
467,/kuka/axis_move/feedback_json,std_msgs/msg/String,2026-08-31T20:50:56.288364-04:00,1788223856,288359087,1788223856288359087,122.691017,,,,29785,29784,1,0,0,29785,AxisTarget,1,False,True,False,False,0.1935,-90.180397,89.82,0.0672,-0.0103,-0.0852,523.33429,-1.767401,893.156494,2.586455,89.628868,2.779885,7836,False,True,44,532,False,
468,/kuka/axis_move/feedback_json,std_msgs/msg/String,2026-08-31T20:50:56.420727-04:00,1788223856,420710175,1788223856420710175,132.351088,,,,29786,29785,1,0,0,29786,AxisTarget,1,False,True,False,False,0.1935,-90.180397,89.82,0.0672,-0.0103,-0.0852,523.33429,-1.767401,893.156494,2.586455,89.628868,2.779885,7836,False,True,44,532,False,
469,/kuka/axis_move/feedback_json,std_msgs/msg/String,2026-08-31T20:50:56.548717-04:00,1788223856,548703931,1788223856548703931,127.993756,,,,29787,29786,1,0,0,29787,AxisTarget,1,False,True,False,False,0.1935,-90.180397,89.82,0.0672,-0.0103,-0.0852,523.33429,-1.767401,893.156494,2.586455,89.628868,2.779885,7836,False,True,44,532,False,
470,/kuka/axis_move/feedback_json,std_msgs/msg/String,2026-08-31T20:50:56.773989-04:00,1788223856,773981797,1788223856773981797,225.277866,,,,29788,29787,1,0,0,29788,AxisTarget,1,False,True,False,False,0.1935,-90.180397,89.82,0.0672,-0.0103,-0.0852,523.33429,-1.767401,893.156494,2.586455,89.628868,2.779885,7837,False,True,44,532,False,
471,/kuka/axis_move/feedback_json,std_msgs/msg/String,2026-08-31T20:50:56.903845-04:00,1788223856,903836942,1788223856903836942,129.855145,,,,29789,29788,1,0,0,29789,AxisTarget,1,False,True,False,False,0.1935,-90.180397,89.82,0.0672,-0.0103,-0.0852,523.33429,-1.767401,893.156494,2.586455,89.628868,2.779885,7837,False,True,44,532,False,
472,/kuka/axis_move/feedback_json,std_msgs/msg/String,2026-08-31T20:50:57.030635-04:00,1788223857,30618870,1788223857030618870,126.781928,,,,29790,29789,1,0,0,29790,AxisTarget,1,False,True,False,False,0.1935,-90.180397,89.82,0.0672,-0.0103,-0.0852,523.33429,-1.767401,893.156494,2.586455,89.628868,2.779885,7837,False,True,44,532,False,
473,/kuka/axis_move/feedback_json,std_msgs/msg/String,2026-08-31T20:50:57.157942-04:00,1788223857,157936007,1788223857157936007,127.317137,,,,29791,29790,1,0,0,29791,AxisTarget,1,False,True,False,False,0.1935,-90.180397,89.82,0.0672,-0.0103,-0.0852,523.33429,-1.767401,893.156494,2.586455,89.628868,2.779885,7837,False,True,44,532,False,
474,/kuka/axis_move/feedback_json,std_msgs/msg/String,2026-08-31T20:50:57.388176-04:00,1788223857,388166420,1788223857388166420,230.230413,,,,29792,29791,1,0,0,29792,AxisTarget,1,False,True,False,False,0.1935,-90.180397,89.82,0.0672,-0.0103,-0.0852,523.33429,-1.767401,893.156494,2.586455,89.628868,2.779885,7838,False,True,44,532,False,
475,/kuka/axis_move/feedback_json,std_msgs/msg/String,2026-08-31T20:50:57.512362-04:00,1788223857,512354273,1788223857512354273,124.187853,,,,29793,29792,1,0,0,29793,AxisTarget,1,False,True,False,False,0.1935,-90.180397,89.82,0.0672,-0.0103,-0.0852,523.33429,-1.767401,893.156494,2.586455,89.628868,2.779885,7838,False,True,44,532,False,
476,/kuka/axis_move/feedback_json,std_msgs/msg/String,2026-08-31T20:50:57.637823-04:00,1788223857,637814038,1788223857637814038,125.459765,,,,29794,29793,1,0,0,29794,AxisTarget,1,False,True,False,False,0.1935,-90.180397,89.82,0.0672,-0.0103,-0.0852,523.33429,-1.767401,893.156494,2.586455,89.628868,2.779885,7838,False,True,44,532,False,
477,/kuka/axis_move/feedback_json,std_msgs/msg/String,2026-08-31T20:50:57.760843-04:00,1788223857,760834406,1788223857760834406,123.020368,,,,29795,29794,1,0,0,29795,AxisTarget,1,False,True,False,False,0.1935,-90.180397,89.82,0.0672,-0.0103,-0.0852,523.33429,-1.767401,893.156494,2.586455,89.628868,2.779885,7838,False,True,44,532,False,
478,/kuka/axis_move/feedback_json,std_msgs/msg/String,2026-08-31T20:50:57.977182-04:00,1788223857,977171017,1788223857977171017,216.336611,,,,29796,29795,1,0,0,29796,AxisTarget,1,False,True,False,False,0.1935,-90.180397,89.82,0.0672,-0.0103,-0.0852,523.33429,-1.767401,893.156494,2.586455,89.628868,2.779885,7839,False,True,44,532,False,
479,/kuka/axis_move/feedback_json,std_msgs/msg/String,2026-08-31T20:50:58.104383-04:00,1788223858,104376897,1788223858104376897,127.20588,,,,29797,29796,1,0,0,29797,AxisTarget,1,False,True,False,False,0.1935,-90.180397,89.82,0.0672,-0.0103,-0.0852,523.33429,-1.767401,893.156494,2.586455,89.628868,2.779885,7839,False,True,44,532,False,
480,/kuka/axis_move/feedback_json,std_msgs/msg/String,2026-08-31T20:50:58.234336-04:00,1788223858,234325714,1788223858234325714,129.948817,,,,29798,29797,1,0,0,29798,AxisTarget,1,False,True,False,False,0.1935,-90.180397,89.82,0.0672,-0.0103,-0.0852,523.33429,-1.767401,893.156494,2.586455,89.628868,2.779885,7839,False,True,44,532,False,
